Date,Open,High,Low,Close,Volume
2021-09-20,4.372380704543068,4.380359303582883,4.260677654774883,4.268656253814697,55313553.0
2021-09-21,4.308550581565706,4.332486760205912,4.2606778438265955,4.292593002319336,53444737.0
2021-09-22,4.316529018006795,4.37238073348999,4.276635261626243,4.37238073348999,51763888.0
2021-09-23,4.380358943224007,4.420253076517159,4.21280457258526,4.228762149810791,144838058.0
2021-09-24,4.196847248044543,4.196847248044543,4.069186242095401,4.101101398468018,110507439.0
2021-09-27,4.140995502471924,4.14897410127468,4.085143789017942,4.140995502471924,57426382.0
2021-09-28,4.148974325131065,4.148974325131065,4.085144009430386,4.125038146972656,65235176.0
2021-09-29,4.1569529535032,4.2048256862328035,4.125037798350131,4.180889129638672,96418601.0
2021-09-30,4.196847560731473,4.276635457607627,4.133016862771846,4.25269889831543,142817527.0
2021-10-01,4.21280457258526,4.268655902645292,4.204825593743169,4.228762149810791,57970442.0
2021-10-04,4.244719950442327,4.260677528507729,4.212804794311523,4.212804794311523,75918221.0
2021-10-05,4.2207834564481574,4.22876243582992,4.188868299838464,4.2048258781433105,38405564.0
2021-10-06,4.196847311452894,4.204825910437256,4.140995596727637,4.164931774139404,60571243.0
2021-10-07,4.212804794311523,4.236740971180291,4.1968472162461214,4.212804794311523,82618566.0
2021-10-08,4.220783137393663,4.244719693270877,4.188867983196477,4.196846961975098,82177027.0
2021-10-11,4.21280482577803,4.276635138516403,4.204825846456396,4.244719982147217,65426338.0
2021-10-12,4.220783487556545,4.276635202264491,4.212804888574656,4.236741065979004,80628129.0
2021-10-13,4.2606773340532005,4.268655932492428,4.172910468469776,4.188868045806885,83160348.0
2021-10-14,4.180889066909003,4.212804602041874,4.156952891132668,4.188868045806885,50738067.0
2021-10-15,4.20482584690836,4.20482584690836,4.061207643231584,4.101101398468018,93688964.0
2021-10-18,4.1011011094814425,4.109080088241691,4.045249779994299,4.053228378295898,89035160.0
2021-10-19,4.077165221195001,4.180889289170998,4.077165221195001,4.172910690307617,96837740.0
2021-10-20,4.1729104392921075,4.23674074819423,4.156952862066577,4.228762149810791,80987360.0
2021-10-21,4.228762403962623,4.300571315563956,4.0771652209796505,4.244719982147217,152758302.0
2021-10-22,4.236741403954464,4.38035962121338,4.228762804336102,4.34844446182251,127324802.0
2021-10-25,4.31652836428148,4.4441893545579525,4.308549766397179,4.420252799987793,152444701.0
2021-10-26,4.4521684646606445,4.484083620786919,4.436210886597507,4.4521684646606445,91973826.0
2021-10-27,4.468125827722958,4.635680579552701,4.452168250427681,4.611744403839111,200007325.0
2021-10-28,4.611744469421671,4.7074899345549115,4.587807912909032,4.675574779510498,64075060.0
2021-11-01,4.707490314553601,4.779299228970771,4.675575156932927,4.747384071350098,118833867.0
2021-11-02,4.763341834102839,4.875045270547453,4.755363234618912,4.843130111694336,141654912.0
2021-11-03,4.835151060199578,4.962811693722884,4.707490426676273,4.946854114532471,150783476.0
2021-11-04,5.026641624445304,5.090471931473659,4.970789915566173,5.042599201202393,134145679.0
2021-11-05,5.0505781173706055,5.066535695132493,4.954832650799283,5.0505781173706055,122398297.0
2021-11-08,5.058557128640627,5.082493305206299,5.010684395050614,5.082493305206299,96170826.0
2021-11-09,5.082493658717351,5.138345375353111,5.018663342824306,5.026642322540283,120695825.0
2021-11-10,5.026642630788959,5.130366710246479,5.002706070631859,5.106430530548096,142729245.0
2021-11-11,5.082493658717351,5.106430217406589,5.0106847435670225,5.026642322540283,99050441.0
2021-11-12,5.050578530612854,5.106430247578622,5.042599931308428,5.058557510375977,72577034.0
2021-11-15,5.465475653819754,5.561221122741699,5.385687763051467,5.561221122741699,174071198.0
2021-11-16,6.1117590756311575,6.1117590756311575,5.561221974337626,5.609095096588135,393995693.0
2021-11-17,5.585157179541125,5.752711925364049,5.561220624227004,5.672924041748047,113367436.0
2021-11-18,5.680902992228107,6.111757970936164,5.609094082749206,5.784627437591553,408721430.0
2021-11-19,5.832500395402841,5.8644155520581185,5.720797347109369,5.768670082092285,112590112.0
2021-11-22,5.824521764810914,5.848457941942935,5.720797316015686,5.736754894256592,86075265.0
2021-11-23,5.720797153604184,5.768669886967811,5.441539352087021,5.505369663238525,291014756.0
2021-11-24,5.545263006933757,5.65696642363756,5.513347853720853,5.569199562072754,363469148.0
2021-11-25,5.585157746651683,5.593136726052779,5.449518140502468,5.4574971199035645,168362967.0
2021-11-26,5.401645050581212,5.401645050581212,5.186217566868114,5.273984432220459,159358876.0
2021-11-29,5.2819630935373665,5.329835825992727,5.186217628626645,5.266005516052246,127200083.0
2021-11-30,5.226112175566633,5.273984911805177,5.170260459725655,5.202175617218018,209301216.0
2021-12-01,5.258026952587125,5.417602728502002,5.242069374995637,5.369729995727539,162163561.0
2021-12-02,5.385687165413131,5.4654750473275255,5.377708186992376,5.433559894561768,109060822.0
2021-12-03,5.465475749858823,5.521327464607384,5.4255819940030054,5.489412307739258,136373993.0
2021-12-06,5.505369819534113,5.744733493147707,5.489412241293207,5.736754894256592,131559340.0
2021-12-07,5.800584501819689,5.8245210564994965,5.656966315116728,5.752711772918701,187657853.0
2021-12-08,5.792607010876943,5.952182804375466,5.7766490510683886,5.912288665771484,209192363.0
2021-12-09,5.936224682995323,6.039949129527746,5.880372970141248,5.920267105102539,167332237.0
2021-12-10,5.904309719844529,5.904309719844529,5.696860820011427,5.8005852699279785,159598791.0
2021-12-13,5.800585081735153,6.071864286420605,5.744733368870893,5.992076396942139,185683661.0
2021-12-14,6.0160128790103,6.406973747534563,6.0160128790103,6.311228275299072,237433520.0
2021-12-15,6.4229316755794565,6.510698167807409,6.247397930206181,6.279313087463379,170927211.0
2021-12-16,6.383037127746527,6.558570861816406,6.351121972544488,6.558570861816406,255865289.0
2021-12-17,6.646337720255136,6.973468269608322,5.9043097496032715,5.9043097496032715,449895318.0
2021-12-20,5.58515758785188,6.271334198030681,5.433560407669432,5.8484578132629395,234594065.0
2021-12-21,6.430910286112301,6.430910286112301,5.736754704452731,5.784627437591553,261765372.0
2021-12-22,5.784627565057172,6.095800527545613,5.736754830863464,6.055906772613525,168090630.0
2021-12-23,6.175588514161334,6.223461629560176,5.904309682833738,6.079843044281006,139365923.0
2021-12-24,6.095800622594394,6.1277157792211705,6.031970309340842,6.079843044281006,67609854.0
2021-12-27,6.079842670569746,6.2713339790186335,6.079842670569746,6.247397422790527,119223114.0
2021-12-28,6.21548218311651,6.21548218311651,5.87239408493042,5.87239408493042,90322870.0
2021-12-29,5.79260673220893,5.928245959928056,5.69686088025721,5.864415645599365,113406667.0
2021-12-30,5.880373384565072,6.000055417424962,5.8564372062683105,5.8564372062683105,97992400.0
2021-12-31,5.864415844070884,5.928246160559806,5.688882473726346,5.744733810424805,51493549.0
2022-01-03,5.744733366749895,5.880372969042543,5.728775788860094,5.8484578132629395,94514821.0
2022-01-04,5.848458005168229,5.936224876671363,5.720797377860893,5.8005852699279785,121714202.0
2022-01-05,5.800585489478043,5.864415805547666,5.752712752425826,5.8564372062683105,83950950.0
2022-01-06,5.8085642172813285,5.904309687232996,5.784627659564073,5.840479373931885,115505011.0
2022-01-07,5.864415546820929,6.079843044281006,5.864415546820929,6.079843044281006,151522796.0
2022-01-10,6.15963138970678,6.231440687637475,6.047928333282471,6.047928333282471,104575255.0
2022-01-11,6.0958003041029265,6.1755881915011335,5.9761182827762855,6.071864128112793,176004201.0
2022-01-12,6.127715715589082,6.143673293736761,6.0718643823015395,6.087821960449219,144694957.0
2022-01-13,6.087821254541713,6.127715005055733,6.023990949352377,6.0319695472717285,179560357.0
2022-01-14,6.039949130629219,6.047927729347731,5.952182261973572,5.992076396942139,136876364.0
2022-01-17,6.111758230963577,6.1995251023481615,6.047927917396127,6.183567523956299,361919287.0
2022-01-18,6.1755889152734,6.279313371276792,5.90431006632591,5.912288665771484,269355957.0
2022-01-19,5.960160622327653,6.287291526794434,5.928245467812648,6.287291526794434,229385818.0
2022-01-20,6.343143306705624,6.406973620261308,6.087822052482888,6.255376815795898,285889396.0
2022-01-21,6.23144031923616,6.335164770013064,6.167610005053046,6.319207191467285,137583877.0
2022-01-24,6.303249985568169,6.383037883014104,6.03994973376723,6.047928333282471,177742629.0
2022-01-25,6.119736767489098,6.191546055284812,6.023991304067246,6.143672943115234,84985361.0
2022-01-26,6.175588097589185,6.247397385384899,6.135694344726073,6.143672943115234,68170806.0
2022-01-27,6.063885433835203,6.20750401835334,6.031970277377544,6.191546440124512,97453965.0
2022-01-28,6.215482424824353,6.303249292595233,6.1596307125231275,6.167609691619873,141337844.0
2022-01-31,6.23941938844703,6.414952754974365,6.223461809671817,6.414952754974365,160333213.0
2022-02-01,6.454846379314176,6.486761534328991,6.359100533811073,6.383037090301514,112835063.0
2022-02-02,6.470803674704299,6.526655767517036,6.438888519204447,6.478782653808594,232297310.0
2022-02-03,6.4149523702297495,6.478782681502298,6.199524879455566,6.199524879455566,123197374.0
2022-02-04,6.2553771030402965,6.319207419527043,6.183567806763358,6.231440544128418,78419045.0
2022-02-07,6.215482679594256,6.27931299314994,6.016012759503404,6.255376815795898,151808762.0
2022-02-08,6.271334455829949,6.406973683239726,6.223461720192613,6.319207191467285,135203536.0
2022-02-09,6.359100568757331,6.486761569976807,6.343142991162229,6.486761569976807,115714281.0
2022-02-10,6.4947410293091155,6.526656186859539,6.38303759742394,6.414952754974365,105973396.0
2022-02-11,6.3750582082047424,6.478782653808594,6.255376565309629,6.478782653808594,112722372.0
2022-02-14,6.367080211639404,6.422931929274896,6.207504419050427,6.367080211639404,110933367.0
2022-02-15,6.383037155293353,6.494740579441223,6.327185443219418,6.4468674659729,91902431.0
2022-02-16,6.454846086230084,6.486761239795783,6.3351640701293945,6.3351640701293945,49886303.0
2022-02-17,6.367079864518345,6.430910558532709,6.255376815795898,6.255376815795898,92974315.0
2022-02-18,6.3112278311318795,6.343142986297607,6.263355098383288,6.343142986297607,60183916.0
2022-02-21,6.414952662741957,6.454846799335745,6.263355476327718,6.319207191467285,86841045.0
2022-02-22,6.199524974584651,6.327185599088645,6.159630839197816,6.2952704429626465,97664226.0
2022-02-23,6.319207065955145,6.327185664840221,6.191546440124512,6.191546440124512,47040489.0
2022-02-24,5.720797056348958,5.872394232985916,5.577178478240967,5.577178478240967,93053605.0
2022-02-25,5.728775660456902,5.784627372048697,5.545263328608046,5.720797061920166,155773568.0
2022-02-28,5.577179554934885,5.617073696657398,5.481434071351331,5.609095096588135,164353268.0
2022-03-01,5.656966235828696,5.8564361270163525,5.58515695325438,5.617072105407715,212341953.0
2022-03-02,5.617072773557947,5.704839642648791,5.6011151955831275,5.641009330749512,104159123.0
2022-03-03,5.6968607902526855,5.7447335252428635,5.648988055262508,5.6968607902526855,79912395.0
2022-03-04,5.664945539000012,5.680903117063614,5.6011152267456055,5.6011152267456055,75782608.0
2022-03-07,5.561221091031339,5.60909420567801,5.481433200718007,5.529305934906006,79921712.0
2022-03-08,5.4973906841152544,5.577178573054635,5.473454507662773,5.505369663238525,90462040.0
2022-03-09,5.553242554721305,5.696860758901474,5.545263575370847,5.664945602416992,87365885.0
2022-03-10,5.752712637820423,5.776648815640328,5.585157871246338,5.585157871246338,128621925.0
2022-03-11,5.672924741778279,5.720797477855303,5.617073026125741,5.6569671630859375,98955479.0
2022-03-14,5.664945412629071,5.736754702542727,5.648987834921443,5.712818145751953,107920596.0
2022-03-15,5.696860505392637,5.752712216984431,5.664945350328371,5.720797061920166,159193701.0
2022-03-16,5.752712344822555,5.816542656369538,5.712818209876357,5.77664852142334,134444830.0
2022-03-17,5.816542877657778,5.95218248508481,5.808564278640195,5.9043097496032715,134147613.0
2022-03-18,5.912288348620854,5.936224906590964,5.832500456151624,5.9043097496032715,68710246.0
2022-03-21,5.936224684077879,6.031970151452038,5.912288127005006,5.992076396942139,63614163.0
2022-03-22,5.99207630277183,6.079842789589487,5.976118344668261,6.06388521194458,102167007.0
2022-03-23,6.087822472234792,6.111758651239219,6.008034574788856,6.047928333282471,113663377.0
2022-03-24,6.063885306137587,6.087821863206095,5.912288125926814,5.920267105102539,106511448.0
2022-03-25,5.928245897235315,5.960161054062149,5.8005852699279785,5.8005852699279785,98154092.0
2022-03-28,5.808564281891085,5.840479438896639,5.760691165924072,5.760691165924072,69997174.0
2022-03-29,5.792606890198687,5.872394785285716,5.776648930722588,5.8564372062683105,128703834.0
2022-03-30,5.908351264332406,6.0319570165895575,5.900110697480398,6.023716449737549,161854829.0
2022-03-31,6.040196773664567,6.064918079582676,5.933071769572473,5.982514381408691,135836035.0
2022-04-01,6.040197190509712,6.081399238906047,5.957793486648896,6.023716449737549,297771016.0
2022-04-04,6.056677890109516,6.378052529447971,6.031956975585247,6.361571788787842,360112135.0
2022-04-05,6.402773950984963,6.501658396707606,6.295648938319503,6.328610420227051,259379157.0
2022-04-06,6.345091294178795,6.4192548264912315,6.279168328981903,6.336851119995117,173424661.0
2022-04-07,6.3862932268602615,6.6252641677856445,6.3862932268602615,6.6252641677856445,216168540.0
2022-04-08,6.691187104559664,7.004321575164795,6.691187104559664,7.004321575164795,257616417.0
2022-04-11,7.119687369326351,7.539946079254151,7.103206234967275,7.53994607925415,320239351.0
2022-04-12,7.515224323277176,7.622349327041944,7.2927345353531585,7.506983757019043,365032939.0
2022-04-13,7.622349668462912,7.638830801717402,7.358657823300575,7.40809965133667,240843754.0
2022-04-14,7.49050415346411,7.63883121737072,7.441061536873997,7.614109516143799,235041149.0
2022-04-15,7.622350104204142,7.787157516852026,7.564667706243315,7.745955467224121,125545467.0
2022-04-18,7.745954921941337,7.919002889505696,7.68827252804111,7.861320495605469,194080637.0
2022-04-19,7.902522511412413,7.951964338600962,7.647070451392667,7.7294745445251465,216521117.0
2022-04-20,7.762436883961516,7.844840986216706,7.680032781706325,7.803638935089111,138963874.0
2022-04-21,7.820117841351716,7.902521928404844,7.81187727547368,7.853079319000244,139721344.0
2022-04-22,7.828358689000453,7.877801300184669,7.506983680962153,7.531705379486084,165883544.0
2022-04-25,7.638829934517059,7.7871561876502495,7.5481852836352,7.7129926681518555,226878639.0
2022-04-26,7.745955404115057,7.762436538177434,7.399859447442403,7.441061496734619,181221973.0
2022-04-27,7.4740231135453294,7.564667780792764,7.375138664982098,7.53994607925415,168630857.0
2022-04-28,7.60586892454167,7.655311540972347,7.383379115262944,7.391619682312012,189639340.0
2022-04-29,7.424581145506134,7.490504110001288,7.251533167240424,7.350417613983154,170667131.0
2022-05-05,7.449301647586258,7.482263128005784,7.23505163192749,7.23505163192749,178224317.0
2022-05-06,7.169128684332831,7.276253692360119,7.127926637266384,7.185609817504883,184862814.0
2022-05-09,7.177369095582691,7.18560966199037,7.045523176514482,7.136167049407959,168754155.0
2022-05-10,7.169128684332831,7.210330731399278,7.127926637266384,7.185609817504883,35795733.0
2022-05-11,7.152648888707369,7.160888670065245,6.897196805883358,6.97960090637207,125765327.0
2022-05-12,6.93015790108554,6.954878815503242,6.6747066184206565,6.814793109893799,167848753.0
2022-05-13,6.855994584579479,6.872475718611509,6.765350704994489,6.798312187194824,90389123.0
2022-05-16,6.79831193658652,6.79831193658652,6.55110043626518,6.5675811767578125,110331230.0
2022-05-17,6.592302341732126,6.600542908266574,6.4110142002245025,6.468696594238281,170796240.0
2022-05-18,6.460456410117061,6.757109732101085,6.4192543633755825,6.68294620513916,192717592.0
2022-05-20,6.641745301714709,6.798312144722213,6.600543252755769,6.6252641677856445,207454392.0
2022-05-23,6.66646587936297,6.7323888400155045,6.575821611999814,6.724148273468018,151701326.0
2022-05-24,6.757110365983846,6.765350933277922,6.6252644327336245,6.641745567321777,106448920.0
2022-05-25,6.658225444568513,6.773591020925145,6.54286026114373,6.732388973236084,153301031.0
2022-05-26,6.748868942260742,6.798311553887201,6.682945984001231,6.748868942260742,111532105.0
2022-05-27,6.7488697986897686,6.781831282002324,6.617023865439547,6.641745567321777,160000957.0
2022-05-30,6.682946344928946,6.847754535342216,6.682946344928946,6.781830787658691,161825185.0
2022-05-31,6.798312190319635,6.905437203985895,6.78183105628003,6.888956069946289,185464171.0
2022-06-01,6.905437241811925,7.0537643055259664,6.897196674746983,6.971360206604004,188818733.0
2022-06-02,6.987839698405457,7.292734355529063,6.971359352159216,7.2762532234191895,317244687.0
2022-06-03,7.276254060193643,7.28449462719625,7.1196872164627045,7.218571662902832,161865543.0
2022-06-06,7.251533445330569,7.523465880767387,7.2432928779867245,7.498744964599609,459839593.0
2022-06-07,7.482263035342482,7.482263035342482,7.259773241731996,7.309215068817139,151526907.0
2022-06-08,7.342176808744502,7.3751382899226705,6.814793109893799,6.814793109893799,189772559.0
2022-06-09,6.798312321164699,6.921917685385834,6.740629922643335,6.8971967697143555,126506877.0
2022-06-10,6.798311912600455,7.19384968302809,6.790071345917289,7.0208024978637695,216877641.0
2022-06-13,6.987840175628662,7.160888145282205,6.971359828256923,6.987840175628662,121995833.0
2022-06-14,7.045523504883968,7.062003852603757,6.897196446087346,6.946639060974121,90851858.0
2022-06-15,6.946638737213326,7.160887962767331,6.880715777679222,7.136167049407959,131201730.0
2022-06-16,7.136167754264129,7.169129237286865,6.930158288906094,6.97960090637207,99752058.0
2022-06-17,6.971360442549907,7.498744964599609,6.971360442549907,7.498744964599609,224347353.0
2022-06-20,7.482263333962787,7.50698424849198,7.32569649412629,7.457542419433594,125580397.0
2022-06-21,7.490504150964502,7.663552130176556,7.482263583891611,7.523465633392334,149857458.0
2022-06-22,7.482263697633383,7.5976292808163945,7.424581298973748,7.490504264831543,141665666.0
2022-06-23,7.4822635037432175,7.531706119787213,7.235051995250683,7.2680134773254395,146854296.0
2022-06-24,7.309215194345393,7.333936108312521,7.160888138815257,7.22681188583374,101213314.0
2022-06-27,7.078485012054443,7.078485012054443,7.078485012054443,7.078485012054443,2192235.0
2022-06-28,7.045523852879734,7.1114468187423965,6.814793472360417,6.847754955291748,143778340.0
2022-06-29,6.839514092470343,6.905437055483633,6.608783721923828,6.608783721923828,145541973.0
2022-06-30,6.534619799136096,6.699427599601175,6.526379625225362,6.608783721923828,119266966.0
2022-07-01,6.608783485257922,6.790071234120553,6.575821611999814,6.724148273468018,71055459.0
2022-07-04,6.781830614538372,6.806552313987507,6.526379340473377,6.551100254058838,57735709.0
2022-07-05,6.5593409251227275,6.666465933519268,6.411014262449564,6.427495002746582,89695917.0
2022-07-06,6.493418446518368,6.534620103857054,6.378052862933554,6.518139362335205,95052100.0
2022-07-07,6.551100898814437,6.715908315377214,6.53462015715816,6.641745567321777,83903050.0
2022-07-08,6.649985102137551,6.691187151216206,6.617023620047371,6.666466236114502,19931491.0
2022-07-13,6.682946310129526,6.682946310129526,6.476937251981209,6.559340953826904,61904761.0
2022-07-14,6.551100845378903,6.600543462876321,6.443976221952822,6.518139362335205,64265076.0
2022-07-18,6.617023436961086,6.831273457551033,6.617023436961086,6.814793109893799,87714847.0
2022-07-19,6.790071550140698,7.03728305702514,6.7406297202820395,7.004321575164795,106346801.0
2022-07-20,7.037282733320637,7.062003647112841,6.9219171591842175,7.0537638664245605,109726652.0
2022-07-21,7.070244312286377,7.144407840561163,6.987840217344683,7.070244312286377,85802698.0
2022-07-22,7.10320594669309,7.177369476571621,7.078485032021483,7.119687080383301,59791572.0
2022-07-25,7.119687000358537,7.42458089742707,7.119687000358537,7.375138282775879,117580106.0
2022-07-26,7.416340535964963,7.449302018023592,7.127926978554171,7.177369594573975,120641742.0
2022-07-27,7.251532311118011,7.309214701775304,7.16088765624097,7.2762532234191895,90088966.0
2022-07-28,7.300974553759747,7.317455686813298,6.987840098515377,7.012561798095703,159099532.0
2022-07-29,7.0290422854318475,7.136167294824773,6.946638976112154,7.111446380615234,134148977.0
2022-08-01,7.119687589818855,7.325697060504847,7.1114470223841115,7.292735576629639,122757375.0
2022-08-02,7.2927354262579325,7.3504178253842305,7.2268124598668075,7.243292808532715,106381208.0
2022-08-03,7.268013286836488,7.342176816026853,7.177369409972544,7.3256964683532715,98269396.0
2022-08-04,7.391618972859794,7.515224323277176,7.375137840343529,7.506983757019043,141220028.0
2022-08-05,7.523465432313002,7.92724377772812,7.474022817060839,7.721234321594238,277626977.0
2022-08-08,7.7624364644543755,7.8036385133552795,7.564667572766502,7.64707088470459,172762080.0
2022-08-09,7.647070329729313,7.8778014724839,7.572906804262744,7.811877727508545,165134505.0
2022-08-10,7.820118981754454,8.116773109715696,7.795398066378928,8.075571060180664,226533294.0
2022-08-11,8.15797486549834,8.413426959334119,8.100292464187975,8.29806137084961,339964063.0
2022-08-12,8.306301343991255,8.561753419545767,8.149734500554677,8.240378379821777,244899840.0
2022-08-15,8.331021488577342,8.512310016208422,8.207416138657397,8.421666145324707,183479528.0
2022-08-16,8.504069875495711,8.776002287617002,8.133253021317921,8.7183198928833,273796452.0
2022-08-17,8.78424393224283,9.377551443255266,8.652397993320907,9.319869041442871,481702489.0
2022-08-18,9.295145696880189,9.558838314017029,8.8913673837772,9.097376823425293,381002519.0
2022-08-19,9.105617163740302,9.196261032025998,8.693598294664847,8.734800338745117,236474360.0
2022-08-22,8.652396753678515,8.97377177315464,8.512310267178437,8.866646766662598,318682682.0
2022-08-23,8.91608939956186,9.558839496604628,8.858407000800488,9.459954261779785,497489472.0
2022-08-24,9.517636511927872,9.624761517583735,9.089136489304423,9.122097969055176,331114633.0
2022-08-25,9.212742498294935,10.020299133771095,9.122097840856503,9.87197208404541,454491050.0
2022-08-26,9.896693782908795,10.547683588235131,9.797809345046224,9.87197208404541,700503627.0
2022-08-29,9.913174388416323,10.077981789156441,9.59180015343901,9.797809600830078,251885158.0
2022-08-31,9.81429026613162,10.053261201417664,9.600040245292078,9.657723426818848,304096832.0
2022-09-01,9.674204043839426,10.094463530449088,9.476435151033838,9.764848709106445,440172559.0
2022-09-02,9.970857570961815,10.737212181091309,9.814289950815585,10.737212181091309,434411274.0
2022-09-05,11.124510418606583,11.808461737029596,10.728972647604033,11.693096160888672,499673234.0
2022-09-06,11.948548626488455,12.854990560774446,11.783741216399289,12.830268859863281,512307492.0
2022-09-07,12.83026804890515,13.234046374568065,12.253441757120461,12.929152488708496,516399862.0
2022-09-08,13.267008375443066,13.374132593693153,12.393527995826817,12.484171867370605,932824945.0
2022-09-09,12.56657651588988,13.415336020162004,12.434730592936766,13.118681907653809,988525278.0
2022-09-12,13.563661062968015,14.428901672363281,13.1846044397542,14.428901672363281,700107192.0
2022-09-13,14.791478641112656,15.772082458481904,12.986835479736328,12.986835479736328,794925474.0
2022-09-14,12.81378808378995,12.87971104562371,11.693096160888672,11.693096160888672,238222865.0
2022-09-15,11.742539102699904,12.1298371036729,10.531203269958496,10.531203269958496,245851404.0
2022-09-16,9.904936285839012,10.349916736156304,9.657724749915227,10.045022010803223,619918664.0
2022-09-19,10.102703405085048,10.15214523196621,9.113858222961426,9.113858222961426,386559482.0
2022-09-20,9.394031273948489,9.789569854736328,9.023214394741212,9.789569854736328,286853919.0
2022-09-21,9.740126825621225,9.95437684841171,9.492916107177734,9.492916107177734,173237170.0
2022-09-22,9.558838942554722,9.880213186584852,9.369309836966968,9.575319290161133,223342103.0
2022-09-23,9.575318960912837,9.66596283429054,9.270425074972923,9.295145988464355,130620157.0
2022-09-26,9.229222842795844,9.361068759914353,8.841924871862481,9.352828979492188,167707342.0
2022-09-27,9.410512723339735,10.168627641518205,9.328108620373644,9.740127563476562,216355871.0
2022-09-28,9.674204801931943,9.929656897888087,9.410512924194336,9.410512924194336,194449965.0
2022-09-29,9.50115630992529,9.665963724824826,9.031454980995681,9.278666496276855,173041320.0
2022-09-30,9.295146121662635,9.50939613729502,9.13857928615508,9.303386688232422,140480281.0
2022-10-03,9.352830079712412,10.226309776306152,9.303387462044961,10.226309776306152,174172001.0
2022-10-04,10.588886638447931,10.81961701535151,10.176867715331104,10.20158863067627,313101245.0
2022-10-05,10.300472943827657,10.316954077752367,9.921415508060251,10.193347930908203,182098868.0
2022-10-06,10.333434512128777,10.638328419509216,10.259270980575534,10.630087852478027,198534900.0
2022-10-07,10.630087488211599,10.753693631852576,10.44055916817128,10.597126007080078,162789566.0
2022-10-10,10.621847107156793,10.745452457949956,10.490000404216788,10.539443016052246,131196257.0
2022-10-11,10.597125148551857,10.902019020783309,10.498240713168437,10.761933326721191,244322831.0
2022-10-12,10.76193400633747,10.811375834219612,10.564164337217838,10.65480899810791,166625154.0
2022-10-13,10.66304855608712,10.778414128508196,10.564164116524914,10.720731735229492,200445586.0
2022-10-14,11.042106667285191,11.231635777857836,10.96794392231021,11.124510765075684,208453747.0
2022-10-17,11.206915011680097,12.23696231842041,11.206915011680097,12.23696231842041,106202500.0
2022-10-18,13.11044127442001,13.14340275499089,12.187519032571723,12.434730529785156,332294636.0
2022-10-19,12.54185555426522,13.1022007246921,12.311124404108114,12.945633888244629,372716155.0
2022-10-20,12.92915311840105,13.308210549040398,12.780826844403885,12.978595733642578,332866859.0
2022-10-21,13.003316737691746,13.102201182990637,12.789067499142671,12.813788414001465,157792867.0
2022-10-24,12.945633467033925,13.159883476981486,12.583057192084228,12.7396240234375,156267237.0
2022-10-25,12.822029705675346,13.09396214208423,12.698423552667098,12.789068222045898,227496847.0
2022-10-26,12.920912619260578,13.135161844429186,12.871470006767105,13.003315925598145,225597222.0
2022-10-27,12.937394534762257,12.970356018466394,12.500654679216495,12.55009651184082,239917551.0
2022-10-28,12.54185557259729,12.624258881319257,12.072153490840954,12.096875190734863,121296498.0
2022-10-31,12.187519392504413,12.22048087404874,11.701336950327816,12.047432899475098,239419576.0
2022-11-01,12.16279980931367,12.533616713747813,11.940309195134908,11.989751815795898,211681497.0
2022-11-02,12.014471739818918,12.129837321246754,11.857904894754602,11.907346725463867,156588495.0
2022-11-03,11.882625265558497,12.00623062253087,11.651894899140343,11.693096160888672,132025474.0
2022-11-04,11.800221844025613,12.113356323545096,11.660135345665218,12.006231307983398,174753889.0
2022-11-07,12.171039046205609,12.624259221031572,12.162798479352556,12.55833625793457,192680049.0
2022-11-08,12.599538074187047,12.846749574177737,12.344086007495138,12.533615112304688,201986838.0
2022-11-09,12.558336307150165,12.673701885953887,12.24520183828039,12.311124801635742,154904351.0
2022-11-10,12.319365268691351,12.797307142076514,12.311124701872782,12.714903831481934,188682288.0
2022-11-11,13.019797214253392,13.093960740949633,12.269922952526807,12.344085693359375,149972527.0
2022-11-14,12.393529660712108,12.55009651184082,12.278164074815747,12.55009651184082,164014762.0
2022-11-15,12.690181611836254,13.34941278480418,12.467691817883477,13.341172218322754,344700239.0
2022-11-16,13.390614600473393,14.41242131060992,13.151643663653338,13.736710548400879,407931462.0
2022-11-17,13.827355404360969,13.917998497221552,12.945634388612685,13.07748031616211,210950481.0
2022-11-18,12.89619058719075,13.49773777279546,12.887950806874253,13.390613555908203,185619645.0
2022-11-21,13.514219724906903,13.646065648332149,13.151643435487474,13.621345520019531,183439934.0
2022-11-22,13.802633298891658,14.066325146259773,13.497738618042657,13.98392105102539,250613064.0
2022-11-23,14.016882760189386,14.651392225006425,13.852074576277031,14.527785301208496,265039721.0
2022-11-24,14.626671605257805,14.725556837247792,14.049844490725675,14.17345142364502,282858724.0
2022-11-25,14.008643339860502,14.231133934825817,13.843835142465279,13.860316276550293,150982096.0
2022-11-28,13.950960489200295,14.58546998531903,13.90975765532592,14.412421226501465,189918332.0
2022-11-29,14.494825761390242,14.626671690325402,14.132248670954828,14.519547462463379,160236590.0
2022-11-30,14.585470174194349,14.733795662880635,14.264094352722168,14.264094352722168,211305964.0
2022-12-01,14.544267648982641,14.585470484266503,14.124008159451984,14.362979888916016,180876231.0
2022-12-02,14.371219993777684,14.41242125600901,13.720229362776381,13.893278121948242,132822767.0
2022-12-05,13.967442024879492,14.025124422236917,13.407096041874594,13.415336608886719,203224738.0
2022-12-06,13.48125986547291,13.670788195677607,13.258769266505233,13.374134063720703,271898082.0
2022-12-07,13.39885521267258,13.547182272533453,12.838509240632577,12.978595733642578,221098224.0
2022-12-08,12.986835847924691,13.431815440273127,12.822028445969035,13.34941291809082,195190270.0
2022-12-09,13.390614600473393,13.761432248869776,13.275249808406702,13.736710548400879,167745783.0
2022-12-12,13.736710128054582,14.585469624118849,13.547181812108223,14.47010326385498,292277315.0
2022-12-13,14.297056038642035,14.651392541498673,14.124007284623216,14.387699127197266,254504148.0
2022-12-14,14.45362431840201,15.05517155816007,13.926239037486958,14.247614860534668,364856828.0
2022-12-15,14.676113867526068,15.376546363874278,14.577230204351903,15.24470043182373,323169448.0
2022-12-16,15.376545128418805,15.6567181044471,15.376545128418805,15.46718978881836,73080982.0
2022-12-19,15.631996205827773,16.89277458190918,15.631996205827773,16.89277458190918,314036668.0
2022-12-20,16.892775678634646,16.892775678634646,16.052256706678236,16.480756759643555,243242290.0
2022-12-21,16.66204515203239,17.63441008931829,16.282988486569753,16.439556121826172,276352314.0
2022-12-22,16.678525278147816,16.89277529982607,16.142901009815887,16.35715103149414,196870961.0
2022-12-23,16.365393076808658,16.59612268120915,16.076979499580492,16.25002670288086,158386819.0
2022-12-26,16.497237163343627,16.727966741859493,16.348910107596357,16.414833068847656,122519583.0
2022-12-27,16.480756036884998,16.645564225944796,16.118178963989862,16.175861358642578,138334048.0
2022-12-28,16.192344579468603,16.25826754924607,15.483673047292712,15.76384449005127,144809015.0
2022-12-29,15.796803838549419,16.34890919769946,15.796803838549419,16.258264541625977,126876655.0
2022-12-30,16.381872006816366,16.546680207925636,16.076978878009953,16.109939575195312,137204309.0
2023-01-02,16.233546298257043,16.695007054871674,16.208824596897742,16.497238159179688,146707509.0
2023-01-03,16.645562901529622,16.69500472562274,16.101698121323565,16.134658813476562,167143625.0
2023-01-04,16.17586162465622,16.546679270275217,15.928650908728493,16.19234275817871,200222323.0
2023-01-05,16.39011201761598,16.447794414527717,15.574314750448357,15.714401245117188,206043002.0
2023-01-06,14.915084748688118,15.747363129488006,14.437142879407007,15.409507751464844,196879074.0
2023-01-09,15.574314477866496,15.599036178279176,14.42066184464072,14.67611312866211,164022143.0
2023-01-10,14.750277303988794,15.038690867854793,14.016884115303737,14.033365249633789,183185741.0
2023-01-11,14.058084308271312,14.338257283625016,13.267008781433105,13.267008781433105,188456919.0
2023-01-12,13.60486435903376,13.81911437709658,12.583057668699263,13.720229148864746,217774043.0
2023-01-13,13.679027845397227,13.983920952367797,13.3988548666134,13.637825012207031,138549057.0
2023-01-16,13.868555452460711,14.264093200460557,13.860314886244803,14.231132507324219,208493022.0
2023-01-17,14.255853995203179,14.651393352691136,14.074566236328138,14.437143325805664,202278413.0
2023-01-18,14.461862950290413,14.774998198549659,14.091046878481173,14.305296897888184,239337946.0
2023-01-19,14.264095146491599,14.709076352495076,14.17345204920488,14.494826316833496,206900775.0
2023-01-20,14.552507479190457,15.475430510360926,14.511306217720227,15.417746543884277,286389616.0
2023-01-23,15.780322387581865,16.250023647337805,15.104611693074915,15.302380561828613,326720804.0
2023-01-24,15.335344191352617,15.582554906375789,14.84916175630997,15.08813190460205,246304599.0
2023-01-25,15.21997734430677,15.327103136673147,14.016882930961787,14.618430137634277,256574489.0
2023-01-26,14.618430307269824,14.618430307269824,14.025123660181217,14.049843788146973,322416904.0
2023-01-27,13.89327790533861,14.016883261832865,13.20932658956119,13.720229148864746,262508754.0
2023-01-30,13.769671815535391,14.313538246334762,13.744951685767791,14.033365249633789,269241577.0
2023-01-31,14.0333645846662,14.420661792705571,13.744951034466608,13.992161750793457,276185058.0
2023-02-01,14.18169030023465,14.255853830674745,12.813788414001465,12.813788414001465,296326837.0
2023-02-02,12.83026904309276,13.192846136330619,11.824943434259902,12.41001033782959,447082547.0
2023-02-03,12.459452181257971,13.629586775446986,12.426490698736009,13.604865074157715,314770649.0
2023-02-06,13.201085863398887,13.596623628092464,12.7808263990142,13.34941291809082,50998223.0
2023-02-07,13.291730215668986,13.291730215668986,12.014472139697554,12.113356590270996,118983174.0
2023-02-08,11.289318084716797,11.289318084716797,11.289318084716797,11.289318084716797,1161.0
2023-02-15,12.77258636355433,13.324691772460938,12.574817472984007,13.324691772460938,60931391.0
2023-02-16,14.338257283625016,14.346497850162166,13.135162074429726,13.267008781433105,249659918.0
2023-02-17,13.118682501245575,13.571902685438204,13.036278402739427,13.17636489868164,128084961.0
2023-02-20,13.234047296117708,13.473019024612789,13.019798054556434,13.17636489868164,149402175.0
2023-02-21,13.13516198818618,13.39061404811485,13.01979720087825,13.102200508117676,136853525.0
2023-02-22,13.093961229768231,13.423576828960647,13.03627804803793,13.234046936035156,154468616.0
2023-02-23,13.258770252942137,13.65430807716057,13.135164093476028,13.275251388549805,215424022.0
2023-02-24,13.27525086128279,13.407096797452272,13.12692379016024,13.151644706726074,124308416.0
2023-02-27,13.431815185960588,14.461862411010552,13.275249139396674,14.272334098815918,221535410.0
2023-02-28,14.354738963189966,14.72555661284215,14.066325410319093,14.420661926269531,220605409.0
2023-03-01,14.420661150266573,14.742035381519768,14.33001649151215,14.511305809020996,164320004.0
2023-03-02,14.536026044674145,14.890362544193579,14.511305916995246,14.618430137634277,138619655.0
2023-03-03,14.601949776503934,14.72555670834123,13.88503774483024,14.346498489379883,201500586.0
2023-03-06,14.544266516098869,15.56607317563612,14.420661163330077,15.450708389282227,281361558.0
2023-03-07,15.599036300363922,16.109938872405245,15.318863313737099,15.343585014343262,246126701.0
2023-03-08,15.31062330229485,16.727967848856274,15.236459769513338,16.42307472229004,332905012.0
2023-03-09,16.291229441511323,16.84333488996863,15.483672687567068,16.324190139770508,348397741.0
2023-03-10,16.192342653313045,16.760929182337392,16.027536034337686,16.08521842956543,253186178.0
2023-03-13,16.093459074258973,16.151141469766237,15.327103655714158,15.409507751464844,163246039.0
2023-03-14,15.425987563168778,15.796805214191254,15.244699806961915,15.285901069641113,146100209.0
2023-03-15,15.343583793558963,15.533112101277805,15.038689130584366,15.327102661132812,225524402.0
2023-03-16,15.44246793073577,15.673199076782591,15.302381444158655,15.557832717895508,118113991.0
2023-03-17,15.68144108911627,15.838007151346671,15.005728721618652,15.005728721618652,127543134.0
2023-03-20,14.981009086546653,15.277663229797888,14.807960312407586,14.956287384033203,130333216.0
2023-03-21,14.997489922490571,15.071653456824484,14.428903349839741,14.494826316833496,139677775.0
2023-03-22,14.57722883172817,14.783238277624786,14.445382912092525,14.77499771118164,109092283.0
2023-03-23,14.70083469860511,15.104613038064233,14.692594131874017,15.08813190460205,96769594.0
2023-03-24,15.137576359259281,15.203499325971887,14.816200521273762,14.832681655883789,77000819.0
2023-03-27,14.956286506707274,15.368305427397432,14.816200010803522,15.121094703674316,83545407.0
2023-03-28,15.121094240427249,15.178776636080332,14.651392936706543,14.651392936706543,90296917.0
2023-03-29,14.626672381724184,15.425988560142978,14.610191246896369,15.368306159973145,130594787.0
2023-03-30,15.42280255739627,15.668041889714138,15.08673538267627,15.168481826782227,126043080.0
2023-03-31,14.977738599975016,15.422801582856902,14.71433475527877,15.386470794677734,127234782.0
2023-04-03,15.27747590616858,15.53179836880535,14.94140873198682,15.459135055541992,108137441.0
2023-04-04,15.450052175998454,15.795202486502921,15.377388861553825,15.76795482635498,97667386.0
2023-04-05,15.767953600569355,15.858781437241717,15.313807487487793,15.313807487487793,76794780.0
2023-04-06,15.331973721644005,15.459135825510938,15.095819241098546,15.123066902160645,54862684.0
2023-04-07,15.141233422353785,15.47730235142755,15.123067159716252,15.28656005859375,53132052.0
2023-04-10,15.35013980553198,15.79520283281722,15.35013980553198,15.686208724975586,75144923.0
2023-04-11,15.713456597005091,16.258432340831366,15.649876411170885,16.2130184173584,128299318.0
2023-04-12,16.22209925304236,16.794322577008302,16.113103426728426,16.6126651763916,153241733.0
2023-04-13,16.658081450627986,16.776158691115782,16.2130184173584,16.2130184173584,104560616.0
2023-04-14,16.240266509711912,16.50367212365393,15.922365572099375,15.958696365356445,87584827.0
2023-04-17,16.013191826934285,16.34926072635637,16.013191826934285,16.240264892578125,84508902.0
2023-04-18,16.2493467343374,16.539999958120607,16.203932817782476,16.322010040283203,72120261.0
2023-04-19,16.385594697169818,17.302968438942774,16.04952576803396,16.785242080688477,150043262.0
2023-04-20,16.349259657810894,16.485503141806674,15.99502625293589,16.076772689819336,65554354.0
2023-04-24,16.167601200222535,16.322010950522152,16.02227458022642,16.05860710144043,82019300.0
2023-04-25,16.076775389653886,16.14035557736719,15.622629211781517,15.66804313659668,79061956.0
2023-04-26,15.549963674181798,15.84970003951843,15.241144178691941,15.313807487487793,92463897.0
2023-04-27,15.413720073840308,15.540882176916485,15.132149939225414,15.440969467163086,126344468.0
2023-04-28,15.477301565913518,15.513632356914545,14.505428219507518,14.57809066772461,90224420.0
2023-05-02,14.614422536953228,14.841495600942645,14.169359539425571,14.232939720153809,85726980.0
2023-05-03,14.278355139645392,14.450930294798942,13.760627941754667,14.096696853637695,80014182.0
2023-05-04,14.078529833099017,14.396432466138862,13.887788426518108,14.114861488342285,58501546.0
2023-05-05,14.096696304683395,14.278354583616943,13.715213485815443,13.842373847961426,51255066.0
2023-05-08,13.987702401842594,15.104901621153116,13.851458890390376,14.977741241455078,93315379.0
2023-05-09,14.895993536300724,15.786119584245002,14.850579613776462,15.177563667297363,185607539.0
2023-05-10,15.168482538722799,15.613545570616685,15.12306688296008,15.268393516540527,129060499.0
2023-05-11,15.268393492277925,16.79432487487793,15.268393492277925,16.79432487487793,169163877.0
2023-05-12,17.466461067048257,17.947856624987313,17.103144482014127,17.520959854125977,220433901.0
2023-05-15,15.777037620544434,15.777037620544434,15.777037620544434,15.777037620544434,14298113.0
2023-05-16,14.20569241570459,14.678003978956315,14.20569241570459,14.323770523071289,370159232.0
2023-05-17,14.432764606025978,14.678003070599262,14.005866992921355,14.151193618774414,198445636.0
2023-05-18,14.178442595155525,14.296520698967383,13.59713607326951,13.606218338012695,169696694.0
2023-05-22,13.806042146254153,13.842373801920019,13.061242771996396,13.115739822387695,105634934.0
2023-05-23,13.133905606583658,13.342812402525583,13.052159167749004,13.079407691955566,109768860.0
2023-05-24,13.10665793169003,13.270149953738676,12.670677185058594,12.670677185058594,97671946.0
2023-05-25,12.743340419191052,13.161154901765268,12.725175024060878,12.988579750061035,106923387.0
2023-05-26,13.070325372807474,14.287436221399547,12.843252317543921,13.179320335388184,153944978.0
2023-05-29,13.251984381896762,13.769710699545678,12.861418427900555,13.5244722366333,166918671.0
2023-05-30,14.114861488002767,14.868744850158691,14.042198177517976,14.868744850158691,249191432.0
2023-05-31,14.805163217988376,15.232061691047347,14.351017951965332,14.351017951965332,296285144.0
2023-06-01,14.532676010106847,15.104899365735612,14.523592879708932,14.841495513916016,150579046.0
2023-06-02,15.895113997505122,16.158519575315864,15.56812824089315,15.94052791595459,233504521.0
2023-06-05,16.55816870064198,16.639915148642768,15.858783193270849,16.503671646118164,292462724.0
2023-06-06,16.367427153088027,16.54000143737481,16.140354085145393,16.38559341430664,218038927.0
2023-06-07,16.576334656619153,17.112227258085085,16.294764525614543,16.703495025634766,307507749.0
2023-06-08,16.694412146093843,17.230304755631355,16.567251775162948,16.939651489257812,232563259.0
2023-06-09,17.039561368898678,17.11222467342241,16.64899545742243,16.767072677612305,145465679.0
2023-06-12,16.90332013011492,16.99414797348703,16.41284146024123,16.421924591064453,130389545.0
2023-06-13,16.421924541666634,16.757993451394743,16.113105024326227,16.376510620117188,192891246.0
2023-06-14,16.440090113348198,17.184889483055922,16.32201115038674,16.68532943725586,277300427.0
2023-06-15,16.93056671670933,17.466459274291992,16.812489488353975,17.466459274291992,245301528.0
2023-06-16,17.484628173024497,17.629954814050024,17.07589591237132,17.157642364501953,236543483.0
2023-06-19,17.248468389020122,17.348381083769464,16.62174629615308,16.812488555908203,221616790.0
2023-06-20,16.81249064309966,17.466460473954807,16.703494805075433,17.293886184692383,214513795.0
2023-06-21,17.457377090926357,17.61178684864615,17.19397322918674,17.53912353515625,171878858.0
2023-06-22,17.530040981451407,17.75711406013565,16.894237400593592,17.430130004882812,439656074.0
2023-06-23,17.65720263703991,18.293006201819097,17.65720263703991,17.97510528564453,255233189.0
2023-06-26,18.656324787911885,18.874314733356343,18.383836056783743,18.54732894897461,168986593.0
2023-06-27,18.420168885810252,18.565495518514744,18.274842253105763,18.347505569458008,46844272.0
2023-07-03,18.565494798878138,18.8561480530208,18.383835648823947,18.801651000976562,137561972.0
2023-07-04,19.074137012895033,19.419287301335377,18.910644132738565,19.164966583251953,194345235.0
2023-07-05,19.237630869304418,19.237630869304418,18.365669375030453,18.946977615356445,166031493.0
2023-07-06,19.074136854787557,19.201297212775223,18.56549369040694,18.58365821838379,160266708.0
2023-07-07,18.529162703106458,18.856148487771012,18.365669810774182,18.402002334594727,110111389.0
2023-07-10,18.674488352929316,18.69265461388568,18.438332157786622,18.619991302490234,104255266.0
2023-07-11,19.001474320830642,20.127756525553835,18.583658976577677,19.87343406677246,286280268.0
2023-07-12,19.87343442788311,21.381201214390277,19.800771114400963,20.981552124023438,288852811.0
2023-07-13,21.199541861415604,22.271327024334013,21.072381497147326,22.19866371154785,217836768.0
2023-07-14,22.434819888879748,22.90713055530467,21.85351165473903,22.489316940307617,164042058.0
2023-07-17,22.670975257874645,23.615600093167803,22.14416578663195,22.997961044311523,126449786.0
2023-07-18,23.161453531003417,23.70642925468951,21.308536416956713,21.363035202026367,165510629.0
2023-07-19,21.43569828894324,22.725473403930664,21.41753202744608,22.725473403930664,125852786.0
2023-07-20,23.125120788546266,23.23411662522293,22.30765807697645,22.4348201751709,226861507.0
2023-07-21,22.307657669631368,22.452984294259846,21.708184909931397,21.76268196105957,90736785.0
2023-07-24,21.83534750065112,22.707307268182916,21.58102503557265,22.52564811706543,126252650.0
2023-07-25,22.70730562795778,23.215948788943653,22.216826994827525,22.61647605895996,186966200.0
2023-07-26,22.525648660055303,22.816303655335652,21.78084924089402,22.707307815551758,107395637.0
2023-07-27,22.943462223051554,24.069744394368126,22.561979412409652,24.015247344970703,219030092.0
2023-07-28,24.978037107147784,26.358641755762424,24.74188091206133,25.940826416015625,174829574.0
2023-07-31,26.249645261454752,26.576631020637134,25.068866048187186,25.377685546875,196816660.0
2023-08-01,25.1960272317085,25.4503496896691,24.56022368545201,24.578388214111328,114947143.0
2023-08-02,24.578389519542377,25.94082798986515,24.160575886876508,25.468517303466797,202487390.0
2023-08-03,25.39585078314611,25.958992747172168,24.705550189401908,24.778213500976562,141295444.0
2023-08-04,24.92354164573243,25.81366769997249,24.705551697699974,25.70467185974121,131007707.0
2023-08-07,25.868163699488203,25.94082701253727,25.250524672356118,25.541179656982422,85319620.0
2023-08-08,25.559342666102037,26.249644965236147,25.26868943118871,25.5775089263916,140526936.0
2023-08-09,25.650173215446905,28.1207275390625,25.468515802898256,28.1207275390625,209195026.0
2023-08-10,28.52037790078127,30.536786185034256,27.248769026051544,27.848241806030273,355991785.0
2023-08-11,27.866407766793667,28.61120716827096,26.92178295252877,28.048065185546875,237474548.0
2023-08-14,28.338719831345607,29.301507430715798,27.28510092505176,27.43042755126953,160804218.0
2023-08-15,27.5212572850977,28.611208789082426,26.394974988276232,27.575756072998047,236386137.0
2023-08-16,27.59391845030966,27.830074648828994,26.994445689618278,27.0489444732666,130979033.0
2023-08-17,27.06710869865841,27.666581452630318,27.06710869865841,27.394094467163086,127804074.0
2023-08-18,27.521255030571318,27.73924669945463,25.395850984614164,26.03165626525879,121799926.0
2023-08-21,24.7055504044401,26.30414327299668,24.28773505992666,25.741003036499023,274594788.0
2023-08-22,26.140653580550726,26.213316896818153,24.63288846867905,24.978038787841797,141221085.0
2023-08-23,25.06886834816802,25.75917071842479,24.814545875200753,25.12336540222168,145323141.0
2023-08-24,25.25052442042024,27.630250930786133,25.23235989166174,27.630250930786133,403019400.0
2023-08-25,28.338719557369526,28.429547398554988,26.758289480778167,27.194271087646484,211337363.0
2023-08-28,27.593919530525422,28.04806568412639,26.994446746366556,27.067110061645508,172239520.0
2023-08-29,27.176105089173415,28.02990031752534,27.06710925329507,27.43042755126953,146569122.0
2023-08-31,27.612084184711513,27.757410806807627,26.14065170288086,26.14065170288086,114195329.0
2023-09-01,26.322310410511005,26.812789083561185,25.940827575615334,26.685626983642578,102033286.0
2023-09-04,27.13977172801939,28.011733190819967,26.812787695345413,27.448591232299805,132517471.0
2023-09-05,27.466757331408637,28.75653239097721,27.339596971252433,28.66570281982422,149713182.0
2023-09-06,28.829195707976833,29.428670184751073,28.120727131738168,28.520376205444336,126874355.0
2023-09-07,28.665704896554786,29.900981263465052,28.629374104919535,29.628494262695312,95659012.0
2023-09-08,29.791987190698823,30.300632133623363,29.283345712634485,29.337841033935547,97988515.0
2023-09-11,29.7193227429779,29.828316839935315,27.44859044558596,27.811908721923828,102977206.0
2023-09-12,27.830074659679127,27.902737972141864,26.849119075217146,26.90361785888672,139885024.0
2023-09-13,26.9399485030644,27.448591687550042,26.267812433315154,26.467636108398438,135099115.0
2023-09-14,26.394971570274585,26.48580113924975,25.577508914357978,26.158815383911133,121968127.0
2023-09-15,26.28597902499433,26.958115103195894,25.831832885742188,25.831832885742188,122175476.0
2023-09-18,25.83183315968568,26.322310094415823,25.6138432184245,25.92266273498535,92781296.0
2023-09-19,25.995325455800135,26.322309494018555,25.450349748862752,26.322309494018555,90146602.0
2023-09-20,26.39497359978693,27.41226173215428,26.140652866017643,26.885452270507812,132231768.0
2023-09-21,27.19427182106684,28.46588068868841,26.830955249236403,28.338720321655273,237909804.0
2023-09-22,28.338719214752004,28.774699083919266,27.975400924682617,27.975400924682617,110847853.0
2023-09-25,28.1025639260272,29.610327255777516,28.011734350578852,29.265178680419922,132338628.0
2023-09-26,29.319674155510075,29.501333307368505,28.574874751264637,28.774700164794922,108955425.0
2023-09-27,28.792864912410398,29.083518154155996,28.46587914923161,28.66570281982422,85927349.0
2023-09-28,28.683869233749057,29.51949817444596,28.556708872913656,29.1016845703125,134636143.0
2023-09-29,29.555833141300734,31.081764527289604,29.50133435435104,30.391460418701172,152427587.0
2023-10-02,30.4096246054449,31.97188840943644,30.118971357938573,31.317916870117188,130396219.0
2023-10-03,31.554076678797422,31.881059003073993,30.427792678977372,30.79111099243164,86596571.0
2023-10-04,30.79111000956722,31.245256154458417,30.35512666139477,30.373292922973633,94829167.0
2023-10-05,30.66394590402662,31.463244082041033,29.46500036943504,31.063596725463867,142533300.0
2023-10-06,30.772945541340068,31.118094136872283,30.53678759191243,30.5731201171875,97807776.0
2023-10-09,30.13713866403059,30.318797816236142,29.210680106156396,29.3015079498291,96530249.0
2023-10-10,29.682991669831893,30.300630690808863,29.465000000427064,30.100805282592773,71195544.0
2023-10-11,30.22796686885297,30.84560591481503,30.064473976400652,30.264299392700195,82944842.0
2023-10-12,30.59128406426101,31.190756826482158,29.337839756031325,29.90097999572754,109831125.0
2023-10-13,29.93731220556575,29.973644727711196,28.574873808851603,28.702035903930664,80078086.0
2023-10-16,29.24701200299502,29.301507322087108,28.157060577972462,28.738367080688477,69413122.0
2023-10-17,28.829197064753867,29.265178680419922,28.41138344309355,29.265178680419922,75348848.0
2023-10-18,28.702036992686974,29.247012718531234,28.12072874331906,28.429548263549805,73193188.0
2023-10-19,28.411384055341696,28.99269057884983,27.793745007899254,28.08439826965332,71152845.0
2023-10-20,27.793744536228445,28.084397793050012,26.939949294992537,27.176105499267578,55618251.0
2023-10-23,27.666582668029328,27.811911030083497,26.976282043529952,27.70291519165039,63744257.0
2023-10-24,27.90273746386058,29.610326141844197,27.721080052227848,28.756532669067383,136151710.0
2023-10-25,28.756533912572156,29.119852216408397,26.885452270507812,26.885452270507812,72076721.0
2023-10-26,27.26693407039332,28.029899707651026,26.376808071069327,27.975400924682617,163455750.0
2023-10-27,28.102564531620473,28.55671068621873,27.37592964480521,28.08439826965332,102420863.0
2023-10-30,28.011733190819967,28.411382266788145,27.357763393042024,27.448591232299805,74818809.0
2023-10-31,27.593918291561536,27.920904061850234,26.703792286253424,26.758289337158203,71662383.0
2023-11-01,26.976279648691513,27.194269573775436,25.63200584536245,26.9399471282959,76396792.0
2023-11-02,27.048945403708995,27.575754870087405,26.70379335845033,27.266935348510742,71274321.0
2023-11-03,27.33959742544515,27.412260737088705,26.794621721903482,27.248767852783203,69920777.0
2023-11-06,27.630251590292296,27.993568160584655,27.52125575298956,27.75741195678711,61670311.0
2023-11-07,27.702914932061113,27.79374450783257,27.230602523993575,27.466758728027344,43948310.0
2023-11-08,27.702915369658896,27.811911208792367,26.794623062456964,27.067110061645508,57965690.0
2023-11-09,26.849118808400263,27.19427083849079,26.540299300395056,26.667461395263672,89006270.0
2023-11-10,26.68562605450014,26.939948513052258,26.285978704185403,26.322309494018555,63145074.0
2023-11-13,26.26781319872225,26.340476512908936,25.377687166827855,25.43218421936035,51651875.0
2023-11-14,25.50484654774679,25.99532519887173,24.996203368099817,25.940826416015625,78797982.0
2023-11-15,26.03165655172761,26.467636429431998,25.686506248319144,25.97715950012207,69086402.0
2023-11-16,26.03165490308544,27.26693287744503,26.013488642890756,27.230600357055664,71393794.0
2023-11-17,27.139772962012238,27.593919108670228,26.958115542807082,27.32143211364746,62257814.0
2023-11-20,27.72108174208226,27.920905426788348,27.285101848670738,27.648418426513672,63548276.0
2023-11-21,27.866407655409933,28.33872006065452,27.57575440062251,28.102563858032227,74887016.0
2023-11-22,28.066231447151214,28.2842213891131,27.53942198763581,28.048065185546875,86465262.0
2023-11-23,28.13889499045295,29.428671855990924,28.048065414121112,28.574874877929688,158470522.0
2023-11-24,28.556711425861877,29.33784165395035,28.011735679742614,28.938194274902344,101221429.0
2023-11-27,29.882817547893623,31.19075719030713,29.71932465948442,31.1544246673584,138309694.0
2023-11-28,31.11809286484303,31.426912387336728,30.44595849903098,30.700279235839844,111758315.0
2023-11-29,30.736609281902414,30.936434681778376,30.300629426149317,30.80927085876465,97004716.0
2023-11-30,30.863770217488316,31.46324296347188,30.427790353578448,30.554950714111328,101146410.0
2023-12-01,31.499577784701124,32.117216836547044,31.2815861044013,31.663070678710938,103259731.0
2023-12-04,31.808394569417533,32.91651220779675,31.42691002798374,32.898345947265625,91585452.0
2023-12-05,32.80751773943644,33.24349763873092,32.58952952221932,33.20716857910156,90056364.0
2023-12-06,33.152671813964844,34.47877785495693,33.080006760554646,33.152671813964844,127874886.0
2023-12-07,33.02550699742022,33.13450109802855,31.499575729463782,32.58952713012695,89041192.0
2023-12-08,32.66219093903144,32.75302224979017,31.44507909374623,31.75389862060547,76565251.0
2023-12-11,31.772061524185943,32.189875114929066,31.28158289251714,31.699399948120117,89978519.0
2023-12-12,31.699402128171005,34.13362572883168,31.517742978223474,33.824806213378906,170723368.0
2023-12-13,33.715809575247526,35.060081778192874,33.33432846820069,33.40699005126953,161077643.0
2023-12-14,33.97013155029933,35.40523150417861,33.64314578578356,34.82392501831055,150445210.0
2023-12-15,34.860256952942926,36.277190622174125,34.75125939003291,35.514225006103516,111997233.0
2023-12-18,34.98742203101895,36.095539816061596,34.98742203101895,35.786720275878906,96768505.0
2023-12-19,35.76854965744088,35.877543756921376,34.42427754764829,35.31440353393555,99601214.0
2023-12-20,35.314407309549956,36.33169376480356,35.20540973355611,36.27719497680664,95516726.0
2023-12-21,36.277190622174125,36.985660921649625,35.44156342902341,35.514225006103516,129392092.0
2023-12-22,35.5687255859375,36.13186583000573,35.38706643676256,35.5687255859375,92069386.0
2023-12-25,35.441567263537706,35.441567263537706,33.67948138416666,34.55144119262695,51310128.0
2023-12-26,34.860262139236035,34.96925625350162,33.57048517179505,34.224456787109375,84349028.0
2023-12-27,34.15178745504618,34.22445249869172,32.5350283473928,32.58952713012695,117038330.0
2023-12-28,32.69852312792466,33.152669282479174,32.68035686595926,32.73485565185547,84474308.0
2023-12-29,32.77118624256399,33.47965309312023,32.75301998167024,33.170833587646484,86945109.0
2024-01-02,33.51598493576711,33.86113349117455,32.89834593733496,33.18899917602539,79522318.0
2024-01-03,33.18900001972888,33.388821960870814,32.026383570552156,32.09904861450195,72162968.0
2024-01-04,32.15354734679428,33.13450118455064,31.66306869548609,32.97100830078125,81318741.0
2024-01-05,33.04367520620495,33.49782136118082,32.57136278924683,33.40699005126953,71031470.0
2024-01-08,33.970132607195254,36.73133850097656,33.95196634583918,36.73133850097656,157542084.0
2024-01-09,36.949328845469914,37.98478145156037,35.80487867515733,36.186363220214844,154543709.0
2024-01-10,36.18636549724944,37.23998443034278,36.00470634364159,37.00382995605469,106339128.0
2024-01-11,37.22181957707163,37.74863079598436,36.80400593336447,37.34897994995117,140335176.0
2024-01-12,37.00382739797489,40.20101303506645,36.47701623541666,39.292720794677734,224445913.0
2024-01-15,39.220062255859375,39.51071551811416,38.65692199334826,39.220062255859375,131860495.0
2024-01-16,39.22006193291895,39.60154303716464,37.53063769443623,37.966617584228516,96953620.0
2024-01-17,37.912119013944384,38.402594182382536,37.8031214521938,38.14827346801758,79328967.0
2024-01-18,39.05656641725441,39.329053396960944,37.258148193359375,37.258148193359375,86320667.0
2024-01-19,37.4398068780096,37.63962881276455,36.56784370278294,37.16731643676758,90860380.0
2024-01-22,36.840334628644364,36.876663685075954,36.131864322899325,36.38618850708008,82754095.0
2024-01-23,36.84033767246051,37.09465841279377,34.33344893398035,34.66043472290039,134993560.0
2024-01-24,34.87842649767978,37.13099103702949,34.533274445684036,36.695011138916016,126878011.0
2024-01-25,36.894831287652956,37.60330161916633,36.15003189838663,36.64051055908203,112890666.0
2024-01-26,36.73133907568482,37.00382953542926,36.25902666761729,36.622344970703125,95380217.0
2024-01-29,36.73133981880916,36.822171128848325,35.85938003159439,36.02287292480469,70494073.0
2024-01-30,36.204532080022815,36.49518534242774,35.87754629360222,36.02287292480469,77863803.0
2024-01-31,36.09553471867479,36.49518205223666,35.6595513995129,35.913875579833984,85127823.0
2024-02-01,36.02287333338527,36.89483313049003,35.986540808957514,36.40435791015625,98906685.0
2024-02-02,36.3498576036555,36.76767122252439,35.459731581554784,35.65955352783203,115940161.0
2024-02-05,36.349857877755746,36.76767149977521,36.07737088360654,36.531517028808594,106046445.0
2024-02-06,36.71317386406029,37.3489791802148,36.47701938570244,37.27631759643555,108159145.0
2024-02-07,37.42164257306695,37.803123666964204,36.62234439770021,36.73133850097656,79274041.0
2024-02-08,36.78583583481927,37.11282159661747,36.60417669328027,36.676841735839844,50325890.0
2024-02-09,36.749503533495414,36.96749519761894,36.168197048979295,36.56784439086914,75056048.0
2024-02-12,37.14915665200113,37.42164365046717,36.64051171396707,37.385311126708984,89795098.0
2024-02-13,37.65779818981121,38.057449022116856,36.78583840727918,36.80400466918945,116086386.0
2024-02-14,36.876664315573244,37.31264764880591,36.331690346322404,37.23998260498047,73043847.0
2024-02-15,37.42164535420034,38.65692349933698,37.20365366658668,38.0211181640625,92683548.0
2024-02-16,38.16644303121253,38.25727087567167,37.54880398728188,37.67596435546875,67801461.0
2024-02-19,37.930283060687216,39.38355274823254,37.62146355525908,37.73046112060547,125687225.0
2024-02-20,37.93028428746017,39.58337943341301,37.89395522936304,39.147396087646484,134595715.0
2024-02-21,39.25639474657685,40.41900779461039,38.94757522258543,39.51071548461914,125634447.0
2024-02-22,39.78320202557188,40.291846960647206,37.98478368832503,38.457096099853516,134406613.0
2024-02-23,38.4570952796306,39.129233091471036,38.05744792371958,38.96574020385742,89110168.0
2024-02-26,39.00207154341086,39.074736593205664,37.71229809329554,37.83945846557617,75850862.0
2024-02-27,38.00294955992498,38.51159448977809,37.60330219959332,37.78495788574219,94955982.0
2024-02-28,37.78495671366919,37.83945549673939,36.604177466028275,36.74950408935547,65362068.0
2024-02-29,36.87666659449032,37.912122743832384,36.804005011034505,37.76679611206055,84001060.0
2024-03-01,37.76679983052596,37.85762768500356,36.45885655094099,36.604183197021484,56995283.0
2024-03-04,36.713173626505956,37.02199315150504,35.441566467285156,35.441566467285156,54636962.0
2024-03-05,35.53238915072295,36.440681331727134,35.20540341118389,35.76854705810547,62977964.0
2024-03-06,35.65955471676447,35.95021144486421,34.51510792586634,35.15091323852539,68429866.0
2024-03-07,35.350734321998765,37.27631647467542,35.3325715252457,37.203651428222656,68053257.0
2024-03-08,37.2763156370866,38.27543574934122,36.931163603911706,38.00294876098633,91797736.0
2024-03-11,40.3281781575924,40.3281781575924,38.76591434507063,38.874908447265625,111987258.0
2024-03-12,38.85674519661706,40.49167418051256,38.72958482339415,39.765037536621094,80572409.0
2024-03-13,39.89219629702617,39.910362558875036,37.53063769443623,37.966617584228516,90998988.0
2024-03-14,38.075610426936535,38.275435835782766,36.640510437101035,36.840335845947266,60599320.0
2024-03-15,36.87666438435207,37.094656051374976,36.077369689941406,36.077369689941406,48651930.0
2024-03-18,36.20453392395093,36.94933337990435,36.13186887221871,36.45885467529297,50299825.0
2024-03-19,36.45884936847215,38.63875209509471,36.42251684789448,38.438926696777344,68129871.0
2024-03-20,38.32993259382563,39.45621301267611,38.03927935897003,38.72957992553711,83857926.0
2024-03-21,39.0747340535357,41.872272456463925,38.820413325504056,40.90948486328125,197399494.0
2024-03-22,41.07297647773265,42.126595344622864,40.891317335539185,41.617950439453125,88011898.0
2024-03-25,41.6179478634946,44.12483624790785,40.98214263760082,41.78144073486328,131880682.0
2024-03-26,41.98759201676131,42.916436749598425,41.41891274868132,41.96863555908203,113101313.0
2024-03-27,42.177153246178385,42.802701891274,41.55160460108277,42.082374572753906,68362428.0
2024-03-28,42.34775752444987,44.88786500685489,42.29088815135437,44.338138580322266,82871023.0
2024-03-29,44.54665599943114,45.210117556580144,43.80737222706276,44.338138580322266,64583949.0
2024-04-01,44.75517448430097,46.21478560609716,43.409294880254855,45.30489730834961,82619229.0
2024-04-02,45.47549958048454,47.21945387321944,45.05846836841242,46.72659683227539,116052968.0
2024-04-03,46.72659689629406,47.219453937913364,45.721929971386025,46.66973114013672,65659675.0
2024-04-04,46.72659763863281,49.806951486009694,46.309566419364025,49.6647834777832,95493303.0
2024-04-05,51.1812628930252,52.83991493122509,49.42783218458654,52.74513626098633,83579094.0
2024-04-08,52.887305943903655,53.59815683996573,52.12906571121903,52.60296630859375,57245712.0
2024-04-15,53.69293717250176,56.20460807773112,53.5981548871354,55.35158920288086,76419250.0
2024-04-16,55.35159217844823,55.77809983101413,52.602967219830795,52.934696197509766,71099679.0
2024-04-17,53.550767393913816,55.58854140469082,53.1242561340332,53.1242561340332,83747735.0
2024-04-18,53.59815676830885,55.825491742337015,53.50337809519047,55.49375915527344,68368051.0
2024-04-19,55.16203105758759,59.284964868315726,54.02466888427734,59.23757553100586,75560278.0
2024-04-22,59.66408855982016,59.99581754635985,56.678513218663774,56.72590255737305,76153685.0
2024-04-24,57.105019265486675,57.95804174638762,56.915458312444855,57.152408599853516,81096038.0
2024-04-25,57.29458309610626,57.673701405656374,54.45117950439453,54.45117950439453,81800041.0
2024-04-26,54.78290752072054,56.82068150543214,54.68812884888145,55.96765899658203,82044128.0
2024-04-29,56.44155837877829,57.24719153446404,56.01504713348284,57.199798583984375,62512628.0
2024-04-30,57.15241226697821,58.14760281483504,56.34678268432617,56.34678268432617,73215496.0
2024-05-02,56.8680699941497,57.24719190700717,55.01985699622493,55.11463928222656,72988852.0
2024-05-03,55.49375694558604,56.96284801387143,54.830295413451665,56.91545867919922,79154559.0
2024-05-06,56.86807212987876,57.484144357515646,56.109831891261976,57.10502243041992,42522188.0
2024-05-07,57.105021838523115,59.19018518478743,56.67851057885491,58.384552001953125,90335355.0
2024-05-08,58.384549080707075,59.04801060526442,55.920267550150555,56.86806869506836,93629377.0
2024-05-09,57.34197257348333,57.578922873373756,56.29939270019531,56.29939270019531,73846599.0
2024-05-10,56.63111853855118,56.77329015684426,54.78290557861328,54.78290557861328,82417543.0
2024-05-13,55.114640135815925,55.209418807710925,52.93469452648528,53.076866149902344,97974456.0
2024-05-14,54.545955007820915,54.9250769109121,53.40859291412179,54.498565673828125,109276197.0
2024-05-15,54.30900443652987,55.63592747479284,53.0768636813282,54.21422576904297,84317874.0
2024-05-16,54.30900837914591,56.062442779541016,53.83510777615933,56.062442779541016,90178002.0
2024-05-17,56.251998337502926,59.75886341107801,55.92026937220273,59.616695404052734,109988406.0
2024-05-20,59.61669820464801,61.84402962618096,59.14279759448571,61.1331787109375,78966570.0
2024-05-21,61.227954570394665,67.05693325350128,61.08578294765565,63.834407806396484,237249387.0
2024-05-22,63.69223638377855,64.9243808098559,60.80144712436496,62.79182815551758,128164280.0
2024-05-23,62.791828626495814,65.30350321778548,62.64965700224372,63.076171875,88163245.0
2024-05-24,63.0761710273354,64.26092249493261,62.36532014677707,63.028778076171875,57836631.0
2024-05-27,63.218340707644956,64.45048522949219,61.986203416947426,64.45048522949219,48715024.0
2024-05-28,64.45047965717131,66.25130332911621,63.83440744951265,66.15652465820312,60706165.0
2024-05-29,66.15652563175448,66.15652563175448,62.55487823486328,62.55487823486328,59905929.0
2024-05-30,62.93399967881141,63.83440790564321,61.41751923991879,62.27053451538086,72102523.0
2024-05-31,62.36532264164112,65.20872627762203,60.46971660207915,62.93400192260742,125307179.0
2024-06-03,62.981385597320035,63.88180105813579,61.227954858356604,63.3131217956543,64050347.0
2024-06-04,63.31312201482218,63.881801279272246,60.18537521362305,60.18537521362305,57120992.0
2024-06-05,60.70667201741903,61.654473252781386,58.85845526977269,59.09540557861328,79136641.0
2024-06-06,59.37974778727092,59.664087429715636,57.626313363641565,57.958045959472656,58237476.0
2024-06-07,58.14760454815843,58.24238684137353,56.06244471547312,56.204612731933594,56386822.0
2024-06-10,55.920271416509046,57.19980160438573,55.16203117126454,56.34678268432617,61061868.0
2024-06-11,56.29939001193254,58.384549658943435,56.10982905795669,57.43674850463867,83153037.0
2024-06-12,57.48414448277914,59.616697192296634,57.05763321776072,58.9532356262207,56287276.0
2024-06-13,59.75886312605978,60.65927496189025,58.289772033691406,58.289772033691406,73408060.0
2024-06-14,59.42713625750159,59.80625457003485,57.53153384811126,57.91065216064453,77088933.0
2024-06-20,58.71628436547162,60.4697151184082,58.33716244374634,60.4697151184082,73779357.0
2024-06-21,60.422325567765675,63.12355749985948,60.04320364738515,62.55487823486328,78091355.0
2024-06-24,62.46010019093032,63.64485168457031,61.79663501580237,63.64485168457031,48584363.0
2024-06-25,63.78702295730018,64.49787384955323,61.796634674072266,61.796634674072266,72232460.0
2024-06-26,61.749251413793196,62.08098039716648,60.94362181670109,61.41752243041992,44844351.0
2024-06-27,61.749248838112415,63.8344085590394,61.749248838112415,63.36050796508789,67130054.0
2024-06-28,63.78702270815829,64.5926522700019,60.61188656581813,60.706668853759766,93609366.0
2024-07-01,61.322735418510554,61.4175213244671,57.67370220481406,58.716285705566406,60193096.0
2024-07-02,59.000624207971214,59.4271354675293,58.00543367938541,59.4271354675293,53669684.0
2024-07-03,59.7588636573437,62.839221106962526,59.42713469067645,62.79182815551758,83985701.0
2024-07-04,62.74443748549534,64.73482582016872,62.17575820322411,63.73963165283203,63807973.0
2024-07-05,63.92918592231079,64.54525812806027,62.50748416957313,63.26572799682617,40181508.0
2024-07-08,63.55007270649403,64.92438154006491,63.12355783213984,64.1661376953125,48655310.0
2024-07-09,64.30830870366415,64.35570165518786,61.13317619260372,61.22795486450195,52290314.0
2024-07-10,61.32273298338532,61.512297556621434,59.28496263135344,60.65927505493164,68851483.0
2024-07-11,61.60707884310464,63.83441024735624,61.22795691168643,63.21833801269531,72253346.0
2024-07-12,63.21833801269531,64.35570380694996,62.64965873114269,63.21833801269531,61965944.0
2024-07-16,63.64485230330238,65.58784043307143,63.265730375422045,64.73482513427734,68267334.0
2024-07-17,64.82960502692916,64.92438370289327,62.83922390708494,64.30831146240234,71919040.0
2024-07-18,64.73482343947161,65.540452995657,63.787022260159574,64.6400375366211,68522741.0
2024-07-19,64.45048029119319,66.0143536856652,64.02397265231406,65.16133117675781,64526495.0
2024-07-22,65.30351048315384,66.86738406161787,64.21353755082134,65.68263244628906,60858236.0
2024-07-23,65.68263244628906,66.91476978754102,63.21834330148515,65.68263244628906,79986526.0
2024-07-24,65.58784073546994,65.68262664123904,63.97658157348633,63.97658157348633,46627121.0
2024-07-25,63.929184780743974,64.59264992553032,61.65446780190198,62.12836837768555,57750429.0
2024-07-26,62.31792701685335,63.02877789537259,61.55968318730653,62.223148345947266,50467104.0
2024-07-29,61.32273438435987,63.21833677313327,61.133177037942225,61.27534866333008,48235005.0
2024-07-30,61.133173634806475,61.60707420561893,59.23757135155666,59.47452163696289,58543749.0
2024-07-31,59.42713595825866,60.23276553196297,58.242384458355474,58.66889572143555,66376579.0
2024-08-01,59.61669567790665,61.46490508674699,59.5693027264393,59.90103530883789,60901951.0
2024-08-02,58.763673867720875,59.09540283848623,56.583731850581636,57.05763244628906,51224390.0
2024-08-05,53.076867153472975,55.398980814552345,51.79733698082447,53.92988967895508,78640333.0
2024-08-06,55.54114680434939,55.87287938133407,52.74513626098633,52.74513626098633,66017767.0
2024-08-07,53.361205504689906,54.02466705124111,52.08167536286402,52.79252624511719,53241220.0
2024-08-08,52.697745894717734,53.692940058904014,52.41340625448223,52.934696197509766,54436167.0
2024-08-09,53.455988103795015,54.02466736668822,50.091291015690736,50.186073303222656,69362597.0
2024-08-12,50.612586470165,52.03428829668003,50.28085387463333,51.370826721191406,53996642.0
2024-08-13,51.418214447295185,52.83991622924805,50.707363556318754,52.83991622924805,42431039.0
2024-08-14,53.076868931823014,53.92989148588579,52.55557897792899,53.26642990112305,43279756.0
2024-08-15,54.02466903005746,55.54114952151341,53.313818121767234,55.30419921875,59873682.0
2024-08-16,55.493762545288206,55.87288449207086,53.8351103553701,53.88249969482422,38230994.0
2024-08-19,54.11944719737143,57.24719405697448,53.5507679223025,57.10502243041992,62201951.0
2024-08-20,56.82068187773396,57.673700776598665,56.06244165132936,56.773292541503906,53769284.0
2024-08-21,56.678511394078754,57.48414458850072,56.01504982678262,56.062442779541016,44932974.0
2024-08-22,56.44156265258789,58.100214808884786,55.54115075891177,56.44156265258789,77072601.0
2024-08-23,56.39417244900814,56.773294382290175,54.35639838487291,55.0672492980957,45431014.0
2024-08-26,55.588540794734314,56.536341977147,54.8302969563445,55.44636917114258,52432516.0
2024-08-27,55.49375904841634,56.29939223066975,54.688129481737526,56.01504898071289,50349618.0
2024-08-28,56.062444198964805,56.25200155249903,55.06725001503633,55.63593292236328,44035968.0
2024-08-29,55.493759534609424,56.29939272392118,54.54595833464829,55.25680923461914,59991782.0
2024-09-02,55.6359325015541,58.24238586425781,55.58854316352898,58.24238586425781,65892355.0
2024-09-03,58.242382794676374,58.76367271662833,57.10502066414285,57.76848220825195,39817678.0
2024-09-04,56.962850955949364,58.10021312469849,56.868072281709715,57.91065216064453,52460289.0
2024-09-05,58.431942609118245,58.66889289769444,56.63111896970941,57.43674850463867,73000159.0
2024-09-06,57.48414381405363,57.95804441065564,56.48894966872971,56.53634262084961,47969697.0
2024-09-09,56.109832147664854,56.44156112370851,54.83029834955076,55.019859313964844,41425629.0
2024-09-10,55.30419997816251,55.446371608002664,52.79252890372603,53.503379821777344,83896955.0
2024-09-11,53.219039572715445,54.40379108933356,52.41340637207031,52.41340637207031,75066706.0
2024-09-12,53.124258780669486,53.97728134292806,51.6551675817351,53.83510971069336,65586230.0
2024-09-13,53.74032824790877,54.16683950693475,52.60296609569768,53.645545959472656,60916326.0
2024-09-16,53.64554822414835,53.92989148588579,52.366018008628956,53.26642990112305,56443913.0
2024-09-17,53.50337611043691,55.30419614190554,53.31381515565746,54.83029556274414,63758565.0
2024-09-18,54.78290826016172,56.29939233907816,54.64074025048415,55.49375915527344,50251166.0
2024-09-19,56.299392636697725,58.621502680545184,56.20461034750367,58.14760208129883,69509928.0
2024-09-20,58.19499393796718,58.28977260980208,56.96284951066618,57.0102424621582,46349837.0
2024-09-23,57.531532188606384,58.47933336596209,57.531532188606384,58.05282211303711,51143695.0
2024-09-24,58.14760210532806,61.46490630142346,57.86326246877767,60.51710510253906,80820830.0
2024-09-25,60.422327273317734,61.322735532381934,59.80625503920305,60.56449890136719,67382533.0
2024-09-26,61.13317459114122,61.70185383878251,59.52191190205826,59.806251525878906,74452040.0
2024-09-27,60.04320423570627,60.51710483303805,58.85845274237683,60.232765197753906,50044983.0
2024-09-30,60.04320408854923,60.23276505013228,58.00543369436164,58.384552001953125,51038604.0
2024-10-01,58.43194415867604,58.763673125250044,54.64073944091797,54.64073944091797,77832577.0
2024-10-02,54.498570480955024,54.73552078739396,50.09129333496094,50.09129333496094,88773741.0
2024-10-03,50.23346236210942,50.89692390887483,47.95873809193502,48.85914993286133,90545860.0
2024-10-04,49.427833148379385,51.74994315467842,48.66958930938626,51.51299285888672,78835934.0
2024-10-07,51.702552810487404,53.0768652223965,51.32343451395785,52.74513626098633,71560335.0
2024-10-08,52.6977448741526,54.309007625049,52.03428693164344,53.1242561340332,72150471.0
2024-10-09,53.124253015071645,54.21422576904297,51.228650740738495,54.21422576904297,70533210.0
2024-10-10,54.119446386775785,54.54595764447656,52.50818725968889,52.83991622924805,53590589.0
2024-10-11,52.9346959315314,54.309008403934676,52.17645568952173,52.65035629272461,64292186.0
2024-10-14,52.79252827633987,53.69294015161933,50.75475422257977,51.08648681640625,62964899.0
2024-10-15,51.13387455496474,51.892114778383274,50.04390174809306,51.51299285888672,88715885.0
2024-10-16,51.370823188644025,51.89211309940443,50.28085041703862,51.6551628112793,73785505.0
2024-10-17,51.56038601929322,52.03428661279564,50.32824158372725,50.47041320800781,85709089.0
2024-10-18,50.56519124503864,50.75475220317236,47.314232925220026,47.532230377197266,84785647.0
2024-10-21,47.6743970687374,47.91134735597325,45.81670768454624,45.930442810058594,75933397.0
2024-10-22,46.00627026975393,47.95873839188329,45.702974180577044,47.29528045654297,99981947.0
2024-10-23,47.33318879108364,47.437447497533036,46.12000445910786,46.555992126464844,89298906.0
2024-10-24,46.80242564406374,47.86396200690547,46.74555626878526,47.08676528930664,52616959.0
2024-10-25,46.55599180611657,47.86395841476201,46.347478010227064,47.37110137939453,76473609.0
2024-10-28,47.43744839961923,47.72178803088634,47.219454561795295,47.35214614868164,16412608.0
2024-10-30,47.43745200829803,48.622203575016634,47.124679474783235,48.33786392211914,65076142.0
2024-10-31,48.38525150603287,48.811762777690745,47.67440059179466,47.958740234375,71978732.0
2024-11-01,48.19569112079552,49.23827464360602,46.82138222914153,47.31423568725586,88745294.0
2024-11-04,47.105720153425295,47.18154236898896,44.24336010829804,44.50874328613281,105181392.0
2024-11-05,44.83099278680276,44.982640823185854,43.71258716263709,43.97797393798828,70344070.0
2024-11-06,44.110667777464926,45.475500174826855,43.82632814662801,44.982643127441406,100567230.0
2024-11-07,45.0584712971357,45.968359609293046,44.96368900488509,45.87358093261719,80452926.0
2024-11-08,45.87358112903337,49.333053460561075,45.532372106619725,48.52742385864258,137637546.0
2024-11-11,48.71698419559513,50.51780434577936,48.43264093689392,49.80695343017578,110744989.0
2024-11-12,49.664784017122756,50.61258521122377,49.522612391777756,50.233463287353516,71434916.0
2024-11-13,49.806953009775015,52.50818863561339,49.09610210017145,51.08648681640625,108010778.0
2024-11-14,51.41821354702248,52.79252596862923,51.03909163224319,52.50818634033203,88119040.0
2024-11-15,52.55557557123292,53.36120511906804,51.844724694116806,51.98689270019531,69735464.0
2024-11-18,52.17645263671875,52.74513549663382,51.5129911079384,52.17645263671875,64130862.0
2024-11-19,52.36601586244465,52.46079453542285,50.47041347828375,50.75475311279297,81005803.0
2024-11-20,50.99170402049028,51.418215285140946,49.28566257746229,49.475223541259766,82952575.0
2024-11-21,49.85434163006797,54.16683997874737,49.75956295638091,53.92988967895508,140474464.0
2024-11-22,53.92988712617064,57.62630945861452,53.74032617219479,57.43674850463867,138626137.0
2024-11-25,58.05282613390279,59.09540605497561,56.25200232596813,56.48895263671875,94300103.0
2024-11-26,56.53634403439241,57.15241265603343,55.68332149295135,56.109832763671875,82554580.0
2024-11-27,57.01024425475562,57.34197323218301,55.635931776489194,56.34678268432617,87604097.0
2024-11-28,56.394171641055266,57.29458350801898,56.15722134004243,56.58373260498047,64810548.0
2024-11-29,56.67851169160918,58.38455314820166,56.29939337657457,57.673702239990234,94895196.0
2024-12-02,57.38936093670114,58.052822488253234,56.536342040912366,57.81587219238281,61113513.0
2024-12-03,58.28977158748563,61.085782128897286,57.05763079736913,60.09059524536133,98242262.0
2024-12-04,60.28015116111429,60.5644943960613,58.905842398217715,59.47452163696289,65767237.0
2024-12-05,59.61669530676773,60.46971419425105,59.284962726434316,60.13798522949219,65084604.0
2024-12-06,62.27053697305259,62.60227318343528,61.322735757443574,61.891422271728516,124670921.0
2024-12-09,62.08097855064958,63.02877974989614,61.13317735140302,62.8866081237793,80969112.0
2024-12-10,62.88661091648051,63.21833990471853,61.55968773237877,61.74925231933594,51082303.0
2024-12-11,61.84402909151345,62.17575806952924,58.95323611763044,60.56449890136719,151479905.0
2024-12-12,60.51710250519715,61.27534632422122,59.948423256503595,60.327545166015625,86612458.0
2024-12-13,60.04320423570627,60.56449778523093,59.52191430175624,60.232765197753906,60368464.0
2024-12-16,60.4223259961151,60.80144791918331,59.4271354675293,59.4271354675293,47291787.0
2024-12-17,59.52191414050905,60.09059702511137,58.38455198687902,59.4271354675293,71159634.0
2024-12-18,59.379745110102725,60.94361849640262,59.284962823177985,59.616695404052734,62942592.0
2024-12-19,59.095404529251496,59.28496549607288,57.67370270145323,57.958045959472656,48926859.0
2024-12-20,58.526722802418604,58.526722802418604,57.152410369773214,57.531532287597656,50837700.0
2024-12-23,57.86326489966268,58.38455485783401,55.778101451402584,56.204612731933594,55068189.0
2024-12-24,56.109831891261976,57.294583393967784,55.872881590720816,57.10502243041992,41096970.0
2024-12-25,59.52191598712312,61.70185807345957,59.14279766786772,61.65447235107422,71638781.0
2024-12-26,62.17575539491969,64.11875068866524,61.607076138334115,62.223148345947266,149601641.0
2024-12-27,62.22314889392385,62.839221106962526,61.5122980091444,62.79182815551758,61695043.0
2024-12-30,62.79182760253285,63.36050685911842,62.223148345947266,62.223148345947266,34533981.0
2024-12-31,62.270538202801255,63.45528974570957,61.464908599853516,61.464908599853516,59635167.0
2025-01-02,62.03358348151027,63.597456853134275,61.18056821621448,62.74443435668945,117926984.0
2025-01-03,62.88660597795509,63.644849803939174,62.03358348151027,62.74443435668945,95587993.0
2025-01-06,62.88660692543131,63.73962943472814,62.64965663013492,63.3131217956543,76614473.0
2025-01-07,63.26573106036683,63.55007431714285,61.3701286315918,61.3701286315918,84326346.0
2025-01-08,61.41752096638785,61.654471267598986,59.90103686929174,60.280155181884766,103420103.0
2025-01-09,60.70666755626555,62.55487693694288,60.04320240157825,62.46009826660156,92848476.0
2025-01-10,62.50748626438203,62.69705084312268,60.42232651627993,61.03839874267578,64530319.0
2025-01-13,60.991002683544515,62.36531869260175,59.00062171062083,59.52191162109375,139456381.0
2025-01-14,59.995815008115315,61.41752041826886,59.190185437417114,59.71147537231445,131704649.0
2025-01-15,59.80625302147776,60.94361877635186,59.332352431400835,59.90103530883789,82878907.0
2025-01-16,61.03839912356393,61.22795647233815,59.28496472280503,60.801448822021484,107524559.0
2025-01-17,60.94361911218254,62.8866072035153,60.70666881583836,62.55487823486328,89903240.0
2025-01-20,63.360508433637015,63.64485168457031,61.84402796800767,63.64485168457031,77100736.0
2025-01-21,63.502684033119245,65.35089358639941,63.40790535392662,64.9717788696289,120771667.0
2025-01-22,65.01915596385822,66.0617357588981,64.78220568175148,65.96695709228516,106457903.0
2025-01-23,66.2039104683541,66.2513034194498,64.07135782973114,64.5926513671875,102087833.0
2025-01-24,64.64003630965611,64.73482221070743,62.744433987013416,62.98138427734375,75476621.0
2025-01-27,61.98619896986709,63.170950451587984,61.55968409775806,62.55487823486328,77948259.0
2025-01-28,63.21833596659449,63.69223655774182,62.79182832702155,63.59745788574219,94405944.0
2025-01-29,63.88180134062053,64.07135868523619,62.46009956255545,62.55487823486328,76913164.0
2025-01-30,62.74443248342385,63.076168666855885,61.98619591122633,62.08097457885742,61541114.0
2025-01-31,62.50748851138292,63.40790402268297,61.464908599853516,61.464908599853516,109025124.0
2025-02-03,60.70666903116746,61.27534829818078,58.38455178006835,60.4697151184082,126671721.0
2025-02-04,60.896225699448294,63.26572864495212,60.28015348738747,62.27053451538086,106971884.0
2025-02-05,62.36532109992114,62.744435790427076,60.51710444353329,61.512298583984375,85561138.0
2025-02-06,62.17575774662869,62.36532232675994,60.137987320475844,61.085784912109375,125920258.0
2025-02-07,60.943619053655915,61.038397725872734,58.95323439693151,60.18537521362305,167653441.0
2025-02-10,60.232765034580986,60.46971533260497,59.4271354675293,59.4271354675293,91025885.0
2025-02-11,59.47452405465374,60.32754656302203,59.332352431400835,59.90103530883789,89657621.0
2025-02-12,59.99581285138095,60.42232409753729,59.2375726446444,59.56930160522461,110641971.0
2025-02-13,60.13798597283375,61.13317649498604,59.521913755724206,60.706668853759766,113560016.0
2025-02-14,60.991007982690185,61.93880921701684,60.37493934972273,61.464908599853516,104854218.0
2025-02-17,61.51230064529724,61.70185799690238,60.61188876287391,61.1331787109375,72150044.0
2025-02-18,61.18057218359528,62.223152088569854,60.65927861553324,61.70185852050781,76126788.0
2025-02-19,61.74924833128939,62.412706264916324,60.75405419969984,60.94361877441406,87123352.0
2025-02-20,61.22795338868394,62.69704807671809,61.13317471907022,62.17575454711914,87059681.0
2025-02-21,62.22315202751203,62.93400294809027,60.51710692566444,61.41752243041992,95491578.0
2025-02-24,62.22315202751203,62.50748805705362,60.94362181670109,61.41752243041992,62767270.0
2025-02-25,61.51229673712309,62.886605526817505,61.0857818763859,62.69704818725586,96236948.0
2025-02-26,62.74443710998166,64.1661389227258,61.9862004818744,63.97658157348633,73360666.0
2025-02-27,63.69223877884118,65.11394060186129,63.55007438145869,64.26092529296875,64519911.0
2025-02-28,64.02397575834367,65.11394138416821,63.45528923738365,63.787025451660156,76126762.0
2025-03-03,64.68743533304293,70.13729252227365,64.640042378068,69.18949127197266,189115602.0
2025-03-04,69.1894872972963,70.61118909107635,67.9573428502272,68.38385772705078,89272803.0
2025-03-05,69.37904228096718,70.61118668606962,67.43605423433522,69.28426361083984,152425896.0
2025-03-06,69.75816894490409,69.94773352922188,68.00473811907423,69.61599731445312,88047637.0
2025-03-07,69.52121529995495,70.70596677824713,69.04731470863808,69.90033721923828,81465821.0
2025-03-10,69.85294640531076,71.13248382594249,69.42643875253312,70.04251098632812,65581069.0
2025-03-11,70.18467790625667,70.2320636249703,67.67300341766952,68.14690399169922,73305987.0
2025-03-12,68.43124743818179,70.61119320821058,68.43124743818179,69.71078491210938,110555600.0
2025-03-13,69.94773705417414,71.51160337449582,69.66339377894299,70.89553833007812,65910258.0
2025-03-14,70.9429177169244,71.65376861034278,70.51641007333306,70.99031066894531,71228697.0
2025-03-17,71.17987060546875,72.2224505075327,70.08989774965892,71.17987060546875,68606367.0
2025-03-18,70.7533604941814,71.13248241756035,69.09470840665406,69.42643737792969,56440539.0
2025-03-19,64.45047973218568,65.35088795363158,62.507484436035156,62.507484436035156,108314114.0
2025-03-20,60.991006034474445,62.365322119038495,56.29939296688,56.58373260498047,368315029.0
2025-03-21,55.96766273400145,56.25200238408098,50.94431686401367,50.94431686401367,216452516.0
2025-03-24,52.2238460397008,53.36120823256379,47.95874052814566,51.13387680053711,320436194.0
2025-03-25,53.076866149902344,54.6407395451918,51.13387445145834,53.076866149902344,327099500.0
2025-03-26,52.80750090382516,53.72799936524827,51.01495418649993,52.27458190917969,174001338.0
2025-03-27,52.90439378252617,53.19508022995671,50.6758210950263,51.16029357910156,137011552.0
2025-03-28,51.111845208126965,51.45097445613375,49.51308459042277,50.62737274169922,128162225.0
2025-04-02,50.385138487589785,51.79010943466315,49.803772983533364,51.208740234375,119712929.0
2025-04-03,51.59631869367922,52.41992042438144,50.724266758391984,50.91805648803711,83226815.0
2025-04-04,50.91805548230955,51.20873822291988,49.80377102726469,50.62737274169922,109948487.0
2025-04-07,48.93172226191493,51.11184850130718,48.19532569183999,50.482032775878906,158254026.0
2025-04-08,51.547874043716256,51.547874043716256,49.99755984689538,50.336692810058594,105625239.0
2025-04-09,49.60998117685295,50.094453642063954,48.1953224655324,48.23407745361328,120588860.0
2025-04-10,50.38513831057102,50.627374552448764,47.865882873535156,47.865882873535156,119834868.0
2025-04-11,47.88525709790505,48.38910890959307,46.60625007447838,48.33097457885742,149545571.0
2025-04-14,48.834826300126984,49.51308479899774,48.44724684685947,48.54413986206055,85256100.0
2025-04-15,48.6410374277708,49.4161926516882,48.44724769773353,48.786376953125,117217121.0
2025-04-16,48.73793114693697,49.56153658740475,48.17594498758609,48.980167388916016,130823493.0
2025-04-17,49.31929908786719,50.385137046905236,49.22240237580725,49.70687484741211,192376661.0
2025-04-18,49.852218207171376,49.94911122327138,47.94339548090179,48.00153350830078,101035688.0
2025-04-21,48.02091208235792,50.19134665661352,47.05196715193591,48.23407745361328,150006455.0
2025-04-22,48.544140978344856,49.07706366290028,48.311596258022206,48.8348274230957,94162055.0
2025-04-24,49.17395579257858,51.88700089016418,49.077062776898664,51.83855438232422,137574079.0
2025-04-25,51.93544821431679,52.032344927751346,49.900665283203125,49.900665283203125,105000684.0
2025-04-28,50.28824672395489,50.385139744971724,47.78836686241694,47.827125549316406,135445485.0
2025-04-29,47.84650417263871,48.1953249570202,47.22637997650797,47.420166015625,90830204.0
2025-04-30,47.57519714532182,47.74960753780828,46.39308678053023,46.993831634521484,117050993.0
2025-05-02,47.30389330646075,48.21470025082817,47.12948291554737,47.96277618408203,76343374.0
2025-05-05,48.68948648114685,49.07706596147957,47.07135009765625,47.07135009765625,64057251.0
2025-05-06,47.07134923357259,48.54414236084456,47.07134923357259,47.730228424072266,109155346.0
2025-05-07,47.730228441999536,48.156566601945784,47.400786998510064,47.943397521972656,84243888.0
2025-05-08,48.38911204658972,48.83482955643732,47.924018889395214,48.35035705566406,45378543.0
2025-05-09,48.35035392117984,48.737929678933355,47.18761925545607,48.33097457885742,142020138.0
2025-05-12,49.75532345652881,50.72426844065776,49.27085096446434,50.288246154785156,117215443.0
2025-05-13,49.99755705685052,51.16029171552342,49.561534794050814,50.62737274169922,166915762.0
2025-05-14,50.38513876403365,51.16029400577243,50.04600950084535,50.191349029541016,180394564.0
2025-05-15,50.33669239305754,50.62737514748093,49.02861445380462,49.125511169433594,97368465.0
2025-05-16,49.22240459660083,50.53048254669018,48.73793210313777,50.336692810058594,162478877.0
2025-05-20,50.28824448698002,51.64476520203259,49.949111536043134,50.91805648803711,180165844.0
2025-05-21,50.82116332455023,51.5963185446603,50.43358386637937,50.86960983276367,102916902.0
2025-05-22,51.20873924411408,52.807499893700424,51.111846227388945,51.9838981628418,149130710.0
2025-05-23,51.88700316085885,52.516818879035384,49.949113192600954,50.288246154785156,150177253.0
2025-05-26,50.82116530352166,50.86961181362161,49.07706506630099,50.336692810058594,113854673.0
2025-05-27,50.33669325600838,50.7727192432344,49.222405032678765,49.36774826049805,84875574.0
2025-05-28,49.41619335617868,50.38513832394689,49.319300337894546,50.0460090637207,85748391.0
2025-05-29,50.53048156754275,51.59631955401564,50.385138343827485,51.16029357910156,86026847.0
2025-05-30,51.06340200264113,51.25719174098957,49.27085154320792,49.36774826049805,96666805.0
2025-06-02,49.464641128101114,51.06340184422603,49.31930159696454,50.43358612060547,89954105.0
2025-06-03,51.45097471382129,54.45470623845617,51.2571886832649,53.92178726196289,154539428.0
2025-06-04,53.82489238983914,54.60004762724929,53.58265614713398,54.454708099365234,77849769.0
2025-06-05,54.11557528677966,54.64849797914374,54.01868226793078,54.50315475463867,27098461.0
2025-06-10,55.27831067620204,58.378935368637435,54.98762791983692,57.991355895996094,131249675.0
2025-06-11,57.99135644882966,58.81496191198603,57.65222717920939,58.13669967651367,95399025.0
2025-06-12,57.167752018905944,58.378933205747174,57.11930551067863,57.361541748046875,86668958.0
2025-06-13,55.22986307865432,57.652225494384766,54.35781113049867,57.652225494384766,122185155.0
2025-06-16,58.08825287620915,58.6211718813386,57.264647417162,58.0398063659668,82820940.0
2025-06-17,58.18514521328814,58.42738145788653,56.780174255371094,56.780174255371094,82694480.0
2025-06-18,56.58638736948635,57.55533233337323,55.42365267357576,56.53793716430664,75596185.0
2025-06-19,57.36154242424113,57.5553321556665,54.745390290577795,55.375205993652344,109589773.0
2025-06-20,56.15036137151773,56.78017338002507,55.32675593484117,55.42365264892578,61392803.0
2025-06-23,54.60004583956442,56.29569948298234,54.55159933185595,56.10191345214844,65149202.0
2025-06-24,59.105644371109506,59.541670355716505,57.31309761867513,59.154090881347656,121576604.0
2025-06-25,59.34788032703377,59.541670063266366,58.23359211587022,59.05719757080078,76102839.0
2025-06-26,58.76651426165006,59.78390574700907,58.621171036785164,58.9118537902832,67990726.0
2025-06-27,58.96030056985206,60.89819053035641,58.18514532489667,60.074588775634766,105749680.0
2025-06-30,60.94664240807075,66.08204650878906,60.70440615636336,66.08204650878906,181852024.0
2025-07-01,66.13049642712421,67.43857070213502,65.54913090405982,65.98515319824219,121101939.0
2025-07-02,66.17894644639794,67.87460019612666,65.93671019643669,67.00254821777344,108603506.0
2025-07-03,68.5044034506413,69.90937803167871,66.1789415374788,66.66341400146484,108444178.0
2025-07-04,66.66341686709075,67.53546142578125,65.7913649159368,67.53546142578125,75862399.0
2025-07-07,66.13049204151379,67.24478019909421,65.74291258768626,65.83980560302734,84094277.0
2025-07-08,66.37273126927211,66.66341772086749,64.28949807940809,65.59757232666016,119840078.0
2025-07-09,65.5006773284154,67.24478120037757,65.11309786881678,67.14788818359375,87400206.0
2025-07-10,68.26216858998156,68.79509126805746,67.77769611626285,68.16527557373047,76512950.0
2025-07-11,68.64974601315936,69.32801189174455,66.85719939201108,67.58390808105469,85433702.0
2025-07-14,67.43856660393035,67.535459619809,64.77396800871968,64.82241821289062,89913681.0
2025-07-16,64.62862736438638,65.21000026775486,62.06092907518427,63.41744613647461,100313981.0
2025-07-17,64.09570886168896,65.93670571475565,63.80502242450779,65.74291229248047,94074629.0
2025-07-18,65.88825760281034,66.08204363877441,65.0646558612679,65.20999908447266,55596842.0
2025-07-21,65.50067483509508,67.0025424116966,65.45223202477884,66.46961975097656,81161207.0
2025-07-22,66.46962399384414,66.7603104441488,65.50067901611328,65.50067901611328,71079028.0
2025-07-23,65.69446859105396,65.93670482126808,64.72552367019749,65.45223236083984,65856876.0
2025-07-24,65.88826046440865,67.58391422636035,65.30689493880368,66.08204650878906,133795924.0
2025-07-25,66.03360311594032,66.22738915862455,65.40378738852108,65.88825988769531,47837585.0
2025-07-28,66.37273340805557,66.51807663853677,64.91931588817114,65.06465911865234,43729270.0
2025-07-29,65.06465911865234,65.9851539242603,65.01620891100401,65.06465911865234,42197495.0
2025-07-30,64.82241909294892,65.64602082779389,64.62862566609735,65.11309814453125,87762619.0
2025-07-31,65.4037857055664,66.08204422997207,65.11309925655628,65.4037857055664,65151987.0
2025-08-01,65.35533619738652,65.452236609733,64.09571215398128,64.48329162597656,67032652.0
2025-08-04,64.96776499245547,66.90565498605636,64.77397155761719,64.77397155761719,119780173.0
2025-08-05,65.01620751594051,65.16155074330305,64.33794897820012,64.67707824707031,64184213.0
2025-08-06,64.7255243695054,65.20999683516797,63.99881567101153,64.62862396240234,62955664.0
2025-08-07,64.9193130629252,67.34167549064628,64.9193130629252,66.42118072509766,103053560.0
2025-08-08,66.42118230179913,66.76031157123762,65.54913032862613,65.79136657714844,44365359.0
2025-08-11,66.37272940275871,66.66341584617948,65.8882569253663,66.1304931640625,40565358.0
2025-08-12,66.1304931640625,66.51807262446908,65.93670713009088,66.1304931640625,47787595.0
2025-08-13,66.22738647460938,66.8572021765039,65.93670742236347,66.22738647460938,45283465.0
2025-08-14,66.13049573576852,66.51807521124744,64.62862804046159,64.67707824707031,51928070.0
2025-08-15,64.58018285373197,65.45223479340567,64.3863894268804,65.11309814453125,41335094.0
2025-08-18,65.20999623623439,65.45223246684081,64.0472578938457,64.4348373413086,34848810.0
2025-08-19,64.62862491867953,65.306890816121,63.369000924796715,63.805023193359375,57276455.0
2025-08-20,63.805023931252386,65.69447103262262,63.61123789686417,65.11309814453125,69912998.0
2025-08-21,65.50067746495972,66.27583638577289,65.01620498756732,66.1304931640625,85706056.0
2025-08-22,66.7603066717566,67.72925159473576,65.98514777638803,67.68080139160156,98409817.0
2025-08-25,68.60130924153535,68.84354549254012,66.95409829922471,67.09944152832031,71331928.0
2025-08-26,66.90565586217237,68.31062316894531,66.37273314996814,68.31062316894531,68803350.0
2025-08-27,68.0199315894439,68.11683199707034,66.8572006225586,66.8572006225586,75024312.0
2025-08-28,66.95409534170741,68.4075127835352,66.90565252912451,67.3416748046875,68689946.0
2025-08-29,67.39012456226807,68.11683327835668,65.79136390838049,66.1304931640625,74843072.0
2025-09-01,66.3242785348304,67.5839099204404,66.17894270703663,67.05098724365234,61462013.0
2025-09-02,67.24478157521098,68.01993310626574,60.946639347132184,63.998817443847656,195347696.0
2025-09-03,64.09571162863053,64.09571162863053,58.9118537902832,58.9118537902832,238502747.0
2025-09-04,59.20253542529831,60.413716622184374,58.52427691202745,59.687007904052734,225698329.0
2025-09-05,60.21992974385972,62.642292103689456,59.15408808779567,60.51061248779297,222024322.0
2025-09-08,59.44477151850769,60.413716473634025,58.62116978514298,59.6385612487793,85842924.0
2025-09-09,60.07458765885891,61.38266187938977,59.29943242831352,60.8497428894043,113444254.0
2025-09-10,61.3342153691393,62.15782080476343,60.60750664747596,61.915584564208984,97477938.0
2025-09-11,61.964032677893016,63.46589666898133,59.008751205835665,59.10564422607422,279575856.0
2025-09-12,59.202536814915106,60.31682502069781,58.42738156995972,60.074588775634766,116877780.0
2025-09-15,59.88079916871132,64.38639111880401,59.250987147936264,63.41744613647461,225592296.0
2025-09-16,63.611235928302726,64.82241708690535,62.98142024733673,64.53173065185547,139190101.0
2025-09-17,64.4832941577843,65.64602522695891,64.09571467057148,65.2584457397461,107131487.0
2025-09-18,65.35533489499008,65.59757113610192,62.496950206855686,63.02987289428711,103300265.0
2025-09-19,63.22366047466623,65.11310024450991,62.787638186998805,64.58018493652344,168004241.0
2025-09-22,66.42118147535919,66.6149675147804,65.59757232666016,65.59757232666016,104159330.0
2025-09-23,64.43483945095177,65.11309796187119,63.80502375226184,63.95036697387695,77666838.0
2025-09-24,64.09571259215149,65.01620737602737,61.77024313674598,63.514347076416016,134901660.0
2025-09-25,63.90191601271013,63.99881642094866,62.545399006929806,62.64229202270508,81998160.0
2025-09-26,62.4485002897356,62.78763694282742,59.49322257001585,59.88079833984375,165377284.0
2025-09-29,59.15408762821474,60.46216551009903,59.008748105493105,59.29943084716797,91622028.0
2025-09-30,59.63856139915976,60.99508581824981,59.44477166839951,60.75284957885742,121790011.0
2025-10-01,60.60750776055225,62.739187455826695,59.977695741283014,62.25471496582031,144114140.0
2025-10-02,62.15781963172351,62.545399087788915,60.07458652377729,60.51061248779297,85094072.0
2025-10-03,61.04353272147173,61.140425739362335,57.40998910709841,57.60377883911133,127994750.0
2025-10-06,57.94290852180079,58.42738100726105,56.24725482268988,56.63483428955078,95526811.0
2025-10-07,56.828622355666496,57.50688085842581,56.48948940805521,57.264644622802734,80150817.0
2025-10-08,57.313095226945606,58.233589971752856,56.24725356502575,56.29570007324219,87488015.0
2025-10-09,57.07086027695415,57.26464631419105,55.2298633533498,55.568992614746094,82498198.0
2025-10-10,55.71433639526367,56.489491640647074,55.084520679259285,55.71433639526367,60948273.0
2025-10-13,54.890733216507584,55.42365220287304,54.01868127792289,54.21247100830078,80296118.0
2025-10-14,54.260916736638436,54.40625995638994,51.547871639052836,51.83855438232422,98138435.0
2025-10-15,52.080790913447785,52.85594613198301,51.49942542360428,51.935447692871094,114118711.0
2025-10-16,52.032346364895695,54.3578121080795,51.8870031388453,53.58265686035156,123768038.0
2025-10-17,53.24352604679023,53.67955201603465,51.40252915275009,53.146629333496094,103779268.0
2025-10-20,53.631101041412734,56.63483257824306,52.565263084098774,56.150360107421875,171472391.0
2025-10-21,56.15036266859313,56.537938445189496,55.22986419280011,55.81122970581055,147773980.0
2025-10-22,56.24725297527387,56.82862215647041,55.859677217374454,56.10191345214844,107375413.0
2025-10-23,56.19880860259526,57.5553330473575,55.76278262419084,56.731727600097656,149438380.0
2025-10-24,57.7491171141705,61.96402983321962,56.48948942773793,58.33048629760742,417538800.0
2025-10-27,58.23359243932274,58.766515140980374,56.63483542304526,56.97396469116211,136831864.0
2025-10-28,57.02241035362335,57.40998982247878,56.48949135612096,56.731727600097656,49490310.0
2025-10-30,57.16775301123867,57.7491185125213,56.537937304656076,57.652225494384766,110517855.0
2025-10-31,57.70067257051491,58.9118537902832,57.11930706351883,58.9118537902832,140413207.0
2025-11-03,59.34788076392343,61.140427520749206,58.8634082678914,59.202537536621094,141234115.0
2025-11-04,58.960300999484595,60.365271970334355,58.814961469126764,59.10564422607422,121773694.0
2025-11-05,59.05719461306698,60.02613954947093,58.76651187139212,59.29943084716797,103469653.0
2025-11-06,59.68700706771188,60.84974173967648,59.59011405181135,60.51061248779297,110806492.0
2025-11-07,60.55906140910779,60.55906140910779,57.942909216987985,59.008750915527344,125949127.0
2025-11-10,59.29943411342689,59.638563381355134,57.555333871079704,58.0398063659668,106712931.0
2025-11-11,57.8944614422762,58.42738043178722,55.036073066967695,56.4894905090332,140154959.0
2025-11-12,56.87707207771026,57.458437597566395,56.15036332977418,57.07086181640625,97514970.0
2025-11-13,57.26464715702518,57.50688340336832,56.489491907973495,56.877071380615234,76597097.0
2025-11-14,56.634833731732435,57.26464573888847,56.0050180283447,56.4894905090332,73427462.0
2025-11-17,56.828623610458074,57.45843561924552,56.29570092333493,56.53793716430664,108194045.0
2025-11-18,56.295702601852774,57.3615443116466,56.00501984326603,57.02241134643555,106742003.0
2025-11-19,57.313094893995455,59.687007048894884,56.92551543805224,59.44477081298828,126977080.0
2025-11-20,59.73545922120019,60.36527123756917,58.62117102082406,59.97769546508789,115990105.0
2025-11-21,59.63856209761442,60.07458807287355,58.81496035252739,59.88079833984375,96592433.0
2025-11-24,59.54166907067354,61.14042605141872,59.39632584686411,60.94664001464844,122292540.0
2025-11-25,61.140427741124924,61.86713648779233,60.31682597339459,61.431114196777344,148040826.0
2025-11-26,61.479557184871204,61.91558314713615,61.09197773036201,61.52800369262695,79768119.0
2025-11-27,62.012477022058825,62.73918573716108,61.47955803689684,61.770240783691406,112590595.0
2025-11-28,61.5764506573276,62.88452855382937,61.52800414921234,62.73918533325195,98579659.0
2025-12-01,62.690736409078156,64.72552675378667,61.964031380046386,64.1926040649414,156666165.0
2025-12-02,64.28949649581944,64.48328992293064,63.369001742547105,63.998817443847656,139090446.0
2025-12-03,64.24105190384282,66.03359854830171,63.61123621998883,64.62862396240234,288126298.0
2025-12-04,64.82242121791573,65.01620725865652,61.96403276220752,62.40005874633789,154221145.0
2025-12-05,62.351605932450674,65.06465474414681,62.20626271174137,64.9193115234375,174274956.0
2025-12-08,65.59757452604718,67.6323649705111,65.5006815030879,66.17894744873047,129704282.0
2025-12-09,66.2273860429891,67.34167421716141,65.74291356660663,67.14788818359375,111936685.0
2025-12-10,67.29322558043914,67.39012599194403,65.59757187359259,66.51807403564453,123335569.0
2025-12-11,66.66341459223212,67.72925254395417,66.08204171632626,66.8572006225586,181861925.0
2025-12-12,67.19633564990198,68.1168378542624,66.3242836535209,67.39012908935547,79782866.0
2025-12-15,67.58390856460787,68.79508972167969,67.24477931912037,68.79508972167969,80518973.0
2025-12-16,68.74664063923505,69.18267029836768,68.01993193314394,69.08577728271484,71275588.0
2025-12-17,68.94043948345457,69.03733250672563,67.58391498026825,68.50440979003906,78876952.0
2025-12-18,68.6497508637528,69.37645960414355,67.72925608290997,68.94043731689453,79132589.0
2025-12-19,69.0373287769486,69.71558729566658,68.64974931233971,69.57025146484375,85809859.0
2025-12-22,69.76404114682042,71.07211543983054,69.32801884663832,70.63609313964844,66552845.0
2025-12-23,70.29695666527405,71.36279459517728,69.42490476173032,69.71558380126953,78667504.0
2025-12-24,69.81248465763356,70.20005671285475,67.63235858093046,67.68080139160156,60517161.0
2025-12-25,67.97148752703721,68.50440279685802,67.43856486475336,67.58390808105469,29010795.0
2025-12-26,67.58391403032985,67.92304330324377,66.56651881912434,67.09944152832031,48721582.0
2025-12-29,67.14789283438648,68.21373087775723,66.46962688499505,67.39012908935547,65331759.0
2025-12-30,67.53545787813322,67.77769410781443,66.85719939201108,67.58390808105469,41656445.0
2025-12-31,67.7292553849502,68.74664317553477,67.5354619540316,67.63236236572266,74571658.0
2026-01-02,67.92303873246479,71.21745300292969,67.92303873246479,71.21745300292969,87346615.0
2026-01-05,71.60503132380977,71.94416056853584,70.39385016945731,70.92676544189453,96172422.0
2026-01-06,71.07211286972166,72.71932377271123,70.49074735968092,72.08950805664062,107913405.0
2026-01-07,72.18640166533953,72.38018770611339,69.90938242016047,70.05472564697266,93336994.0
2026-01-08,70.10316961598645,70.78143555479758,69.47335388439886,70.44229888916016,80616052.0
2026-01-09,70.9267676775797,71.9926130409769,70.68453143907368,71.50814056396484,96406766.0
2026-01-12,71.79881848772627,72.86465644193053,70.9267665642998,71.21745300292969,81393710.0
2026-01-13,71.2659065886182,72.76776687957147,70.63609087000907,72.1864013671875,83494226.0
2026-01-14,72.5739791293155,72.76776516472219,71.41124073948517,71.7019271850586,63952882.0
2026-01-15,71.65348024135182,72.23485315896042,70.34540596165989,71.55658721923828,73254946.0
2026-01-16,71.75038046430853,73.25224078421654,71.45969400628054,72.57398223876953,146855379.0
2026-01-19,72.91311198253115,75.23858148438703,72.81621896005043,74.89945220947266,131731832.0
2026-01-20,75.19012651387405,76.69199414080998,74.41497499066783,75.77149200439453,96843898.0
2026-01-21,75.96528378088534,77.418701171875,75.48081131722213,77.418701171875,102660384.0
2026-01-22,77.80628109527972,77.95161692129354,74.41497382897796,75.38391876220703,146538041.0
2026-01-23,75.86839087701681,77.2733580666988,75.67459745579173,76.40130615234375,112988522.0
2026-01-26,75.77149326160325,77.27336091345833,74.75410548442761,77.17646789550781,93416787.0
2026-01-27,77.37025363770908,78.48454182106879,76.35286586439548,77.07957458496094,110809029.0
2026-01-28,77.3218133057895,83.42616231890112,77.07957705782958,82.21498107910156,172690992.0
2026-01-29,83.0870282033856,88.70691178520629,82.45721251693726,86.23609924316406,190801344.0
2026-01-30,86.23610116339447,90.06343078613281,85.17026318930586,90.06343078613281,154140709.0
2026-02-02,88.31933511565964,90.45101108354281,85.8969727010363,88.12554168701172,193525093.0
2026-02-03,88.12553903365958,88.17398923747864,84.1528662717823,85.21870422363281,268386545.0
2026-02-04,85.60628356138287,85.9938630140232,82.9901351928711,82.9901351928711,131179438.0
2026-02-05,82.94168451100141,83.2323709469218,81.43982430531439,81.7789535522461,121806464.0
2026-02-06,81.77895539522007,82.74790034684005,80.32553796779008,81.24603271484375,97424846.0
2026-02-09,82.16653265466121,83.66839285398757,82.11808245139196,82.79634094238281,126338000.0
2026-02-10,82.94168547691424,82.99013568095293,80.71311654793617,80.95535278320312,100678699.0
2026-02-11,80.56777449677213,82.16653515121382,80.08330201921183,81.34292602539062,99579681.0
2026-02-12,81.58516392670538,88.36777875076518,81.43982809444633,88.3193359375,229968914.0
2026-02-13,88.2708888108101,88.85225433751584,85.7031830593574,85.94541931152344,118646606.0
2026-02-16,86.42988698196586,87.44728214114738,85.46094202749332,86.72057342529297,87548193.0
2026-02-17,86.47833518032189,88.1739888113086,86.13920593261719,86.13920593261719,93633091.0
2026-02-18,86.42989034277068,89.43362573240574,86.18765409473325,87.68952178955078,137839259.0
2026-02-19,88.17398992078057,88.2224401249751,83.76528746775624,84.29821014404297,103799361.0
2026-02-20,84.29821088752182,85.60628509521484,82.89324366304845,85.60628509521484,93436385.0
2026-02-23,86.96280870654527,88.27088290219008,85.99386376273976,87.54417419433594,134597261.0
2026-02-24,87.10815609677216,89.23983211820958,86.23610412710646,88.70691680908203,98805414.0
2026-02-25,88.85224683408671,89.96653497844339,86.96280718373728,88.17398834228516,111915545.0
2026-02-26,88.3677766694855,90.20877355686297,86.96280944600609,88.85224914550781,78520727.0
2026-02-27,89.48206347824747,90.5963516345988,86.38144263597376,87.35038757324219,114684024.0
2026-03-02,82.45721793865287,84.00752845860235,79.5503829415737,80.1801986694336,98769212.0
2026-03-03,79.21125215283814,81.39137835887955,75.626158682111,76.44976043701172,106917553.0
2026-03-04,76.4982054140896,77.75783688130178,75.28702415425623,76.01373291015625,122155687.0
2026-03-05,76.83734217300385,78.6783317761884,76.83734217300385,77.12802124023438,52412668.0
2026-03-06,76.54665634715114,77.75783761846682,70.82987926804836,71.75038146972656,118526833.0
2026-03-09,68.9888769722023,71.60503275330956,67.14788749480414,71.31434631347656,168363803.0
2026-03-10,74.46342170918712,75.77149597959962,73.10689723182968,74.70565795898438,95851404.0
2026-03-11,74.56031258905395,75.28702131757285,72.96155930028314,75.14168548583984,96519339.0
2026-03-12,74.07584154396855,76.25596777192338,72.81621749218394,73.3975830078125,145752390.0
2026-03-13,72.96155752992117,73.01000034183558,69.47334980369862,70.29695892333984,124021617.0
2026-03-16,70.53919930360726,71.16900764273112,69.57025429884597,70.44229888916016,81045986.0
2026-03-17,71.02366730470531,74.12428816644722,70.92676689639949,73.44602966308594,105162072.0
2026-03-18,73.88205139511093,74.80254612763852,72.62242002089754,73.34912872314453,91425442.0
2026-03-19,72.28329125630223,73.15534318333799,71.07211007777015,71.31434631347656,38275313.0
2026-03-23,69.08577571186363,71.21745157760958,65.88825452078164,70.82987213134766,265710458.0
2026-03-24,69.7155898860133,70.68453488730586,68.11683654785156,68.11683654785156,103386429.0
2026-03-25,69.47334791283566,70.20005660394258,68.69819641113281,68.69819641113281,107675770.0
2026-03-26,68.5999984741211,69.9000015258789,66.75,67.25,90829385.0
2026-03-27,67.75,68.30000305175781,66.0999984741211,66.9000015258789,78516965.0
2026-03-30,66.75,66.8499984741211,65.05000305175781,65.5999984741211,92947863.0
2026-03-31,65.9000015258789,67.69999694824219,65.6500015258789,66.0,120022442.0
2026-04-01,69.0,69.0,67.5999984741211,68.25,119338472.0
2026-04-02,66.6500015258789,69.4000015258789,66.44999694824219,69.25,95329896.0
2026-04-03,69.30000305175781,70.25,68.25,68.75,77195433.0
2026-04-06,69.0,71.4000015258789,68.94999694824219,70.30000305175781,96991162.0
2026-04-07,70.0,70.69999694824219,68.5,69.25,87632891.0
2026-04-08,75.0,76.1500015258789,73.75,75.75,159266547.0
2026-04-09,75.3499984741211,76.05000305175781,74.4000015258789,75.30000305175781,121611302.0
2026-04-10,76.0,78.5,75.8499984741211,78.4000015258789,121958318.0
2026-04-13,76.5999984741211,77.69999694824219,75.30000305175781,77.4000015258789,128526158.0
2026-04-14,78.94999694824219,81.0999984741211,77.1500015258789,78.44999694824219,163378836.0
2026-04-15,78.8499984741211,79.25,78.0999984741211,78.9000015258789,72630584.0
2026-04-16,79.5999984741211,80.5,77.5,78.0999984741211,84412322.0
2026-04-17,78.19999694824219,83.8499984741211,77.4000015258789,83.55000305175781,171211565.0
2026-04-20,81.6500015258789,83.0,81.30000305175781,81.8499984741211,121572943.0
2026-04-21,82.19999694824219,82.6500015258789,80.75,80.75,64597825.0
2026-04-22,81.69999694824219,82.0999984741211,78.69999694824219,79.25,97886805.0
2026-04-24,78.69999694824219,79.1500015258789,77.5999984741211,77.9000015258789,92696662.0
2026-04-27,78.0,79.3499984741211,77.19999694824219,77.69999694824219,85905779.0
2026-04-28,77.80000305175781,78.44999694824219,75.94999694824219,75.94999694824219,83163069.0
2026-04-29,76.3499984741211,76.9000015258789,73.6500015258789,73.69999694824219,112160625.0
2026-04-30,73.0999984741211,74.05000305175781,72.8499984741211,73.19999694824219,119107754.0
2026-05-04,73.3499984741211,73.5999984741211,70.4000015258789,70.6500015258789,153716653.0
2026-05-05,70.75,71.5,70.19999694824219,70.69999694824219,113971461.0
2026-05-06,72.5,75.44999694824219,72.1500015258789,74.3499984741211,263674524.0
2026-05-07,74.75,76.44999694824219,74.5,75.19999694824219,156929000.0
2026-05-08,74.6500015258789,76.1500015258789,73.9000015258789,75.25,131973117.0
2026-05-11,74.9000015258789,76.0999984741211,74.19999694824219,75.8499984741211,142376341.0
2026-05-12,75.75,76.19999694824219,72.75,72.75,122754063.0
2026-05-13,73.5,73.69999694824219,71.05000305175781,71.55000305175781,104825683.0
2026-05-14,72.0999984741211,73.44999694824219,71.30000305175781,72.3499984741211,130258986.0
2026-05-15,71.3499984741211,71.44999694824219,69.75,70.25,105928792.0
2026-05-18,69.80000305175781,71.1500015258789,69.0,70.0999984741211,104054753.0
2026-05-20,69.25,69.80000305175781,68.75,69.0999984741211,183781142.0
2026-05-21,69.0999984741211,69.5,62.20000076293945,62.20000076293945,97702960.0
2026-05-22,60.849998474121094,64.44999694824219,60.650001525878906,63.599998474121094,406472082.0
2026-05-25,64.19999694824219,66.05000305175781,63.70000076293945,65.4000015258789,125346119.0
2026-05-26,65.0999984741211,65.5999984741211,64.0,64.0,72536655.0
2026-05-27,64.0,64.0,64.0,64.0,0.0
2026-05-28,64.0,64.0,64.0,64.0,0.0
2026-05-29,64.0,64.0,64.0,64.0,0.0
2026-06-01,64.55000305175781,66.1500015258789,63.400001525878906,63.70000076293945,205912090.0
2026-06-02,64.5,66.55000305175781,64.5,65.94999694824219,230426736.0
2026-06-03,65.69999694824219,66.5,64.8499984741211,64.8499984741211,169675801.0
2026-06-04,65.5999984741211,67.25,64.6500015258789,67.1500015258789,177397473.0
2026-06-05,67.44999694824219,67.55000305175781,64.4000015258789,64.5,152389168.0
2026-06-08,63.650001525878906,67.4000015258789,63.45000076293945,66.9000015258789,170008643.0
2026-06-09,66.94999694824219,68.25,66.69999694824219,67.1500015258789,122734065.0
2026-06-10,67.0,67.44999694824219,65.5999984741211,66.0999984741211,99313495.0
2026-06-11,66.3499984741211,67.5,64.8499984741211,66.80000305175781,137050859.0
2026-06-12,69.0,72.5999984741211,68.4000015258789,72.5999984741211,247723163.0
2026-06-15,77.80000305175781,78.1500015258789,75.5,76.75,175534688.0
2026-06-16,76.9000015258789,77.6500015258789,76.05000305175781,77.0999984741211,116731723.0
2026-06-17,77.4000015258789,78.5,76.6500015258789,78.0,112738906.0
2026-06-18,78.30000305175781,81.5,78.0999984741211,81.0999984741211,139070596.0
2026-06-19,79.9000015258789,83.0,79.80000305175781,81.8499984741211,136887074.0
2026-06-22,82.5,82.9000015258789,81.55000305175781,82.0,71939721.0
2026-06-23,81.69999694824219,81.8499984741211,79.69999694824219,80.5,84757120.0
2026-06-24,80.55000305175781,81.6500015258789,79.69999694824219,80.94999694824219,77633485.0
2026-06-25,82.4000015258789,83.0,77.0999984741211,77.19999694824219,114519923.0
2026-06-26,77.25,77.9000015258789,76.44999694824219,77.25,66354920.0
2026-06-29,77.55000305175781,78.6500015258789,76.30000305175781,77.19999694824219,83449915.0
2026-06-30,77.4000015258789,78.05000305175781,76.5999984741211,77.0,108359556.0
2026-07-01,76.69999694824219,78.25,75.6500015258789,77.8499984741211,138758867.0
2026-07-02,78.0999984741211,78.8499984741211,77.0999984741211,77.94999694824219,95377409.0
2026-07-03,78.69999694824219,78.69999694824219,73.44999694824219,73.75,192059490.0
2026-07-06,74.25,74.75,73.05000305175781,73.5,104545434.0
2026-07-07,73.30000305175781,75.1500015258789,73.19999694824219,73.5999984741211,101711621.0
2026-07-08,73.05000305175781,73.55000305175781,70.6500015258789,70.6500015258789,145917996.0
2026-07-09,71.19999694824219,71.5,70.05000305175781,70.19999694824219,84840566.0
2026-07-10,70.19999694824219,71.0999984741211,68.5999984741211,68.75,147110522.0
2026-07-13,67.75,68.0,66.9000015258789,67.6500015258789,155690527.0
2026-07-14,67.5999984741211,69.55000305175781,67.44999694824219,69.0999984741211,114435800.0
2026-07-16,69.30000305175781,69.75,67.1500015258789,68.5999984741211,165218737.0
2026-07-17,68.30000305175781,68.4000015258789,66.5,66.5,152675856.0
2026-07-20,66.5999984741211,67.75,66.1500015258789,66.8499984741211,106779859.0
2026-07-21,67.05000305175781,67.5,66.25,66.69999694824219,94739634.0
2026-07-22,66.80000305175781,67.1500015258789,65.94999694824219,66.55000305175781,115581013.0
2026-07-23,66.6500015258789,67.1500015258789,66.1500015258789,67.05000305175781,124594164.0
2026-07-24,67.05000305175781,68.30000305175781,66.80000305175781,67.5999984741211,130918130.0
2026-07-27,69.05000305175781,69.6500015258789,66.25,66.44999694824219,172388887.0
2026-07-28,66.80000305175781,67.30000305175781,65.80000305175781,65.80000305175781,124096174.0
2026-07-29,66.0,66.3499984741211,62.900001525878906,63.29999923706055,194948481.0
2026-07-30,63.29999923706055,63.54999923706055,61.29999923706055,61.599998474121094,168767186.0
2026-07-31,62.0,63.849998474121094,61.349998474121094,63.400001525878906,181079262.0
2026-08-03,64.19999694824219,66.5999984741211,63.900001525878906,66.0,221170129.0
2026-08-04,66.0,68.30000305175781,65.3499984741211,68.0999984741211,235067903.0
2026-08-05,67.5,68.05000305175781,66.5,67.55000305175781,127280890.0
2026-08-06,67.80000305175781,68.8499984741211,66.6500015258789,67.0999984741211,129735618.0
2026-08-07,67.25,67.94999694824219,66.55000305175781,67.4000015258789,118586545.0
2026-08-10,67.9000015258789,67.9000015258789,66.44999694824219,66.80000305175781,93235544.0
2026-08-11,66.44999694824219,67.0,64.4000015258789,66.1500015258789,168547581.0
2026-08-12,66.0,69.19999694824219,65.8499984741211,68.80000305175781,230729455.0
2026-08-13,69.0,70.05000305175781,68.19999694824219,69.05000305175781,145657147.0
2026-08-14,69.0,69.6500015258789,68.55000305175781,68.80000305175781,128800446.0
2026-08-17,68.94999694824219,69.19999694824219,68.0,68.0,83855483.0
2026-08-18,67.5999984741211,68.80000305175781,67.19999694824219,67.6500015258789,88354193.0
2026-08-19,67.6500015258789,70.44999694824219,67.30000305175781,70.30000305175781,150170756.0
2026-08-20,70.6500015258789,71.75,68.8499984741211,69.19999694824219,133413019.0
2026-08-21,69.4000015258789,71.5,69.30000305175781,69.69999694824219,166762304.0
2026-08-24,72.5999984741211,73.3499984741211,71.3499984741211,72.0999984741211,182768779.0
2026-08-25,72.1500015258789,72.9000015258789,71.44999694824219,72.0,147641236.0
2026-08-26,72.5,74.8499984741211,72.4000015258789,73.1500015258789,206790108.0
2026-08-27,73.5,74.30000305175781,72.44999694824219,72.8499984741211,134916666.0
2026-08-28,73.1500015258789,73.4000015258789,72.5,73.19999694824219,135778198.0
2026-08-31,73.4000015258789,73.4000015258789,71.25,71.8499984741211,166818966.0
2026-09-01,71.8499984741211,73.5999984741211,71.3499984741211,71.94999694824219,170045935.0
2026-09-02,71.30000305175781,71.69999694824219,68.55000305175781,71.5,154689884.0
2026-09-03,72.25,73.3499984741211,71.3499984741211,71.55000305175781,162759332.0
2026-09-04,72.0,72.75,71.1500015258789,71.8499984741211,153672641.0
2026-09-07,71.94999694824219,73.25,71.6500015258789,73.05000305175781,136106016.0
2026-09-08,73.4000015258789,74.94999694824219,72.19999694824219,74.94999694824219,322399528.0
2026-09-09,75.05000305175781,76.30000305175781,72.6500015258789,72.94999694824219,372553606.0
2026-09-10,73.25,73.4000015258789,70.5999984741211,72.0999984741211,222813703.0
2026-09-11,72.1500015258789,73.5999984741211,71.9000015258789,72.69999694824219,198445068.0
2026-09-14,72.0,73.44999694824219,71.75,72.55000305175781,121396176.0
2026-09-15,72.5999984741211,73.0,69.5,69.55000305175781,151461390.0
2026-09-16,69.80000305175781,69.94999694824219,62.79999923706055,65.19999694824219,308313185.0
