Date,Open,High,Low,Close,Volume
2021-09-20,29.878274759466056,30.117996329331067,29.464204788208008,29.464204788208008,2872836.0
2021-09-21,29.594962843210627,29.8564787805973,29.35523796081543,29.35523796081543,4204520.0
2021-09-22,29.442412664361285,29.68213422553312,29.28985865001348,29.660343170166016,2213666.0
2021-09-23,29.594967825827645,29.703933095197144,28.766831113548214,28.854001998901367,6768964.0
2021-09-24,28.636067031347164,28.636067031347164,28.004069896890325,28.28738021850586,7581160.0
2021-09-27,28.418142723750798,28.6796620471085,27.80793817418821,28.00407600402832,7068558.0
2021-09-28,27.829730769039347,27.9604904301174,27.415664051219384,27.45924949645996,5184624.0
2021-09-29,27.829727718975512,28.069452629559958,27.72076245513821,27.960487365722656,4144504.0
2021-09-30,28.113034566529215,28.134828946723,27.459243064982022,27.851518630981445,8978858.0
2021-10-01,27.764347749807495,27.764347749807495,27.481037417213166,27.546417236328125,4650756.0
2021-10-04,27.50282960175945,27.56820941960435,27.154141119501602,27.175933837890625,4228250.0
2021-10-05,27.132350648455553,27.263108632298056,27.001592664613046,27.066970825195312,3884314.0
2021-10-06,27.02338446793669,27.30669480888139,26.652903249173242,26.67469596862793,7181808.0
2021-10-07,26.979800607946967,26.979800607946967,26.718282971152348,26.783662796020508,4572626.0
2021-10-08,26.8054533026151,27.372072308183583,26.587522787959692,26.958003997802734,10741030.0
2021-10-11,27.110555020486032,27.50282892993973,27.001589768524816,27.393863677978516,5918142.0
2021-10-12,27.328487460320165,27.41566000059988,27.08876422155939,27.154142379760742,4351692.0
2021-10-13,27.110559898119995,27.372075884806804,26.82724952697754,26.82724952697754,6176976.0
2021-10-14,26.8708406446758,26.936218819768563,26.282427092770885,26.347806930541992,13102578.0
2021-10-15,26.522146577085117,26.740077121392073,26.151665316834535,26.41318130493164,14351224.0
2021-10-18,26.456768035888672,26.71828402027398,26.391388208453307,26.456768035888672,13190398.0
2021-10-19,26.587524713855696,26.914420509517857,26.54393927283861,26.71828269958496,8147614.0
2021-10-20,26.89262811079709,26.89262811079709,26.500352486237464,26.5439395904541,7218220.0
2021-10-21,26.565730946571183,26.979799270629883,26.217042444139935,26.979799270629883,12539666.0
2021-10-22,26.936211860400416,27.328487460320165,26.870833702199068,27.154142379760742,10452782.0
2021-10-25,26.979800607946967,27.06697149086716,26.718282971152348,26.783662796020508,18009414.0
2021-10-26,26.892626390937583,27.219522169605355,26.870833671561982,27.088764190673828,21700026.0
2021-10-27,27.241314550755003,27.74255540356005,27.175934730762034,27.502830505371094,30146464.0
2021-10-28,27.50283084684401,27.524625228897523,27.088764190673828,27.088764190673828,9635900.0
2021-11-01,26.54393686104072,28.02586499846484,26.456764324249093,27.895105361938477,27633162.0
2021-11-02,28.004073424967856,28.200209574066466,27.4810398144562,27.916902542114258,15221974.0
2021-11-03,27.938694806626255,28.13483428955078,27.306697565256066,28.13483428955078,12504426.0
2021-11-04,28.330966620616508,28.919378339204325,28.26558680180548,28.745033264160156,10485654.0
2021-11-05,28.810415558826783,28.832209942088625,28.24379817293498,28.570693969726562,7940162.0
2021-11-08,28.76683536106452,29.289867401123047,28.570699177381723,29.289867401123047,10951180.0
2021-11-09,29.18089616699791,29.20269054978938,28.570693353107956,28.61427879333496,18637080.0
2021-11-10,28.63606694477931,29.37703265486887,28.63606694477931,28.941171646118164,18998702.0
2021-11-11,28.91938182559429,29.115521305673063,28.766831113548214,28.854001998901367,8679792.0
2021-11-12,28.875793669715762,29.24627488569001,28.875793669715762,29.11551856994629,9542782.0
2021-11-15,29.18090211566447,29.507797972040205,29.071936830205892,29.289867401123047,16861886.0
2021-11-16,29.42062106377565,29.72572247059095,28.72324404437215,28.91938018798828,15621632.0
2021-11-17,28.941852748452586,29.413728713989258,28.874440916602147,29.413728713989258,10370910.0
2021-11-18,29.43619944172658,30.26760286235434,29.076671970191725,30.087839126586914,18993412.0
2021-11-19,30.222661029087025,30.379953002976386,29.885605329877876,29.997957229614258,8570610.0
2021-11-22,30.02042747317727,30.604655265237113,30.02042747317727,30.37995147705078,13401762.0
2021-11-23,30.379955970778656,30.582191467285156,29.840668170844424,30.582191467285156,16342554.0
2021-11-24,30.76195487797478,31.233834321948066,30.694546467728788,31.009130477905273,15321164.0
2021-11-25,31.00912221681999,31.1888859299054,30.672066540550205,30.986650466918945,7240054.0
2021-11-26,30.986657682350227,31.18889319242845,30.76195384584672,31.05406951904297,10948258.0
2021-11-29,31.12148457368216,31.346188433419936,30.82936887028129,31.21136474609375,8548954.0
2021-11-30,31.211358781608126,31.570886259966446,30.964186640356406,31.18889045715332,16615884.0
2021-12-01,31.346183823704543,31.952883470034585,31.323712069551902,31.52594757080078,11710754.0
2021-12-02,31.525950760332396,31.728182853333127,31.323715238623024,31.50347900390625,6823982.0
2021-12-03,31.57089294093288,31.77312504736278,31.3461890765846,31.41360092163086,9937946.0
2021-12-06,31.50347965592136,32.94158637924247,31.30124755873511,32.8067626953125,17253390.0
2021-12-07,34.716742641692754,35.12121023199785,33.95275097122302,34.851566314697266,31432172.0
2021-12-08,35.27850032155668,35.43579231240796,34.22239303588867,34.22239303588867,20050314.0
2021-12-09,34.26733596470154,34.581919972566205,33.52581259906793,33.63816452026367,25796200.0
2021-12-10,33.63816636888036,34.694273800418,33.36852242893375,34.62686538696289,30517396.0
2021-12-13,34.784149543662664,35.593081180808156,34.424622085792706,35.16614532470703,21388596.0
2021-12-14,35.32344097833909,36.22225628785769,35.32344097833909,36.064964294433594,17364302.0
2021-12-15,36.76154690016877,37.79518243115869,36.514371322808,37.48059844970703,17011784.0
2021-12-16,37.77271454016765,38.46929434387618,36.896367561123114,38.22212219238281,25341068.0
2021-12-17,38.87375598895125,39.72763108369867,34.40215190274574,34.71673583984375,29631576.0
2021-12-20,33.705572886591206,35.50320344054274,31.32371103112216,32.20005798339844,26887242.0
2021-12-21,33.70557058945471,33.99768622030491,28.98679070693105,29.391258239746094,41947066.0
2021-12-22,28.98679559399264,30.31254688921122,28.69467991389287,29.63843536376953,35098876.0
2021-12-23,30.110311686992645,30.290075427581996,27.45880594224718,28.762088775634766,30011914.0
2021-12-24,29.07667085701975,29.391258239746094,28.559853136593826,29.391258239746094,20232640.0
2021-12-27,29.481143331792293,29.8856109324087,28.604799721047172,28.717151641845703,21586506.0
2021-12-28,28.986794565872206,29.32385031663816,27.908215477679466,28.132919311523438,18237872.0
2021-12-29,28.155390144769086,28.96432186290324,27.90821456414826,28.627267837524414,16941398.0
2021-12-30,28.851967668149918,29.00926307722025,27.661038510546938,27.70598030090332,17465376.0
2021-12-31,27.84080262225513,28.04303639572679,27.548686981201172,27.548686981201172,13631008.0
2022-01-03,27.818337371115902,29.03173679204779,27.773395572413847,28.964324951171875,26399264.0
2022-01-04,29.211495137134147,30.424894332885742,29.211495137134147,30.424894332885742,36482818.0
2022-01-05,30.784425811022217,31.32371365082681,30.51478189111992,31.143953323364258,24701394.0
2022-01-06,30.784418432640134,31.278766072094285,30.60465471955472,30.986650466918945,15151610.0
2022-01-07,31.278769300491906,32.71687572489986,31.211357472538598,32.671932220458984,24950392.0
2022-01-10,32.73934661285917,33.16628593753328,32.06523513793945,32.06523513793945,17355000.0
2022-01-11,32.35734856486142,32.40228864101545,31.368653174640535,31.863000869750977,17696172.0
2022-01-12,32.24499686129135,32.492172424742655,31.885469392399997,32.334877014160156,15690526.0
2022-01-13,32.17758994594619,32.28994186854287,31.638302088965577,31.660770416259766,13587138.0
2022-01-14,31.683236607453154,31.90794041317977,31.256300748055768,31.570884704589844,12085604.0
2022-01-17,31.683242502390435,32.44723421252492,31.683242502390435,32.222530364990234,12325088.0
2022-01-18,32.22253154938116,32.379826991403974,30.62713623046875,30.62713623046875,11169322.0
2022-01-19,30.627137412625306,31.72818497703119,30.22266977084252,31.593364715576172,21849622.0
2022-01-20,31.88546625318122,32.13264179229736,30.717007237384678,31.45853042602539,17052572.0
2022-01-21,31.525941768822413,31.593353590165687,30.806890341478706,31.34617805480957,12738890.0
2022-01-24,31.436062001780495,31.52594558401825,30.020430725793695,30.087839126586914,15808646.0
2022-01-25,30.51478264110416,30.761954811794332,29.75078751577717,30.64960289001465,14052546.0
2022-01-26,30.784425735473633,31.054069654714194,30.49231006100117,30.784425735473633,11240728.0
2022-01-27,30.132782183864094,32.312408447265625,30.132782183864094,32.312408447265625,18253618.0
2022-01-28,32.40229531359171,32.55958732687585,31.615831818462254,31.72818374633789,11660954.0
2022-01-31,31.99782144761878,32.11017335358473,31.59335732910782,31.615825653076172,8402014.0
2022-02-01,31.795594426157777,32.44723421252492,31.795594426157777,32.222530364990234,10790668.0
2022-02-02,32.3573491450861,32.40228922204599,31.570885797809698,31.70570945739746,7253834.0
2022-02-03,31.77312504736278,32.245004533977706,31.166425299364207,31.41360092163086,10217610.0
2022-02-04,31.59336049768933,31.68324065999318,30.8068970770512,30.851837158203125,10003908.0
2022-02-07,30.851835362312492,31.818062480022487,30.44736779807247,31.77311897277832,11048064.0
2022-02-08,31.750655110045226,32.26747465761215,31.188895477626552,31.975358963012695,13205684.0
2022-02-09,32.28993612967204,32.58205176224758,32.06523232441516,32.46969985961914,12268688.0
2022-02-10,32.5371116869378,32.716875416884896,32.222524302353385,32.46969985961914,10615672.0
2022-02-11,32.312408604259055,33.36851582684173,32.065233041465895,33.23369216918945,19315694.0
2022-02-14,32.85169751332547,33.59322079863565,31.97535399440954,32.91910934448242,25267600.0
2022-02-15,33.03145802890902,34.24485715644704,33.03145802890902,33.84039306640625,17295578.0
2022-02-16,34.154977009484156,34.1999170829656,33.63815759267803,33.84039306640625,11095254.0
2022-02-17,33.88533861278096,34.04263060972448,33.346047357778126,33.57075119018555,12405096.0
2022-02-18,33.705569729946625,34.042625427246094,33.413454106545515,34.042625427246094,8477916.0
2022-02-21,34.334749690058764,34.82909748474567,34.08757407836095,34.62686538696289,13260238.0
2022-02-22,33.81792368636575,34.17745115684024,33.34604430995649,33.9527473449707,15052508.0
2022-02-23,34.1549817365048,34.44709739762446,33.86286607538514,33.885337829589844,12178294.0
2022-02-24,31.458539415445777,32.28994298568367,30.51478391872414,31.975358963012695,17299406.0
2022-02-25,32.26746793217735,33.30110338316421,32.08770420152938,32.829227447509766,14125736.0
2022-02-28,32.35734832298912,33.05393149864778,32.04276436355437,32.8516960144043,14274414.0
2022-03-01,33.03146681322306,33.728050137910586,32.851703042783505,33.008995056152344,14810298.0
2022-03-02,33.12134185928308,33.683101412043705,33.12134185928308,33.6606330871582,10126756.0
2022-03-03,34.15498144415033,34.53697726140246,34.15498144415033,34.2448616027832,12975336.0
2022-03-04,34.110042445188384,34.2223943613921,33.54828286416983,33.57075119018555,12422050.0
2022-03-07,33.18875856382512,34.199925907244555,33.143818478748216,33.90781021118164,16001050.0
2022-03-08,33.61569283198675,34.7841520098455,33.36851725858801,34.37968444824219,13068044.0
2022-03-09,34.514508215533525,35.2335597557096,34.514508215533525,34.73921203613281,12364310.0
2022-03-10,34.963918070746985,35.008858151970934,33.95275081402021,34.132511138916016,12568272.0
2022-03-11,33.997685353347734,34.469561272342276,33.72804148124973,34.042625427246094,13113486.0
2022-03-14,34.267329980733926,34.82908948861481,34.22238990584505,34.806617736816406,10970018.0
2022-03-15,34.49203718208602,34.761681086692924,34.2448616027832,34.2448616027832,9014592.0
2022-03-16,34.37968357685981,34.58191563818163,33.93027594840412,34.33474349975586,6979796.0
2022-03-17,34.49203103152824,35.32343435110693,34.3796791389174,35.211082458496094,12361578.0
2022-03-18,35.3234401757974,36.19978713989258,35.25602834337343,36.19978713989258,14124734.0
2022-03-21,36.17731510394124,36.67166282334662,35.79531929479654,36.55931091308594,12641784.0
2022-03-22,36.559309439427686,37.750240325927734,36.51436936287653,37.750240325927734,9209896.0
2022-03-23,37.682829366090175,37.90753318273795,37.098601500030846,37.79518127441406,9689064.0
2022-03-24,37.79518267480882,37.84012275406188,37.210954787102565,37.50306701660156,5804240.0
2022-03-25,37.12106896808733,38.06482429049391,37.05365713890656,37.750240325927734,9040766.0
2022-03-28,37.750242937183586,38.01988684385038,37.255895203509745,37.323307037353516,5810292.0
2022-03-29,37.52553651446388,37.840120479030055,37.300832703000026,37.750240325927734,6824456.0
2022-03-30,37.75024396319722,38.6490592956543,37.68283212752126,38.6490592956543,7304768.0
2022-03-31,38.559177883583764,38.559177883583764,37.81765457260941,38.0423583984375,9753804.0
2022-04-01,38.04235596657236,38.222119701485056,37.750240325927734,37.750240325927734,8762466.0
2022-04-04,37.75023798111382,37.88506163110094,36.626718993580674,36.739070892333984,17139416.0
2022-04-05,36.828956604003906,37.36824785672111,36.62672452717768,36.828956604003906,19069092.0
2022-04-06,36.78401355450385,36.873897137056126,36.042490284811045,36.312137603759766,11850490.0
2022-04-07,36.4919014776675,37.00872098454863,36.46943315136475,36.8514289855957,13102886.0
2022-04-08,36.96377811129537,37.45812582582638,36.94130635798153,37.4356575012207,12847462.0
2022-04-11,37.435655432623605,37.817651216893644,37.27836002553479,37.525535583496094,16078182.0
2022-04-12,37.52553651446388,38.24458802540661,37.233420873819256,37.750240325927734,21844668.0
2022-04-13,37.817653189998616,38.62658487618029,37.59294937238568,38.33447265625,16655102.0
2022-04-14,38.64905295814853,38.78387660739264,38.17717361450195,38.17717361450195,8055450.0
2022-04-15,38.177178636709385,38.289530549623436,37.79518281854329,38.0423583984375,4905422.0
2022-04-18,38.0648193359375,38.31199486785834,37.77270716202256,38.0648193359375,5153446.0
2022-04-19,38.24458763464123,39.05352271912901,38.109767406365286,38.44682312011719,19132534.0
2022-04-20,38.58164376954337,39.188343375177816,38.22211972817499,39.008583068847656,12267904.0
2022-04-21,39.34563928627524,40.491626682879264,39.12093547179899,40.31186294555664,15025150.0
2022-04-22,40.177041239287306,40.46915687312515,38.6490546711961,38.783878326416016,11194532.0
2022-04-25,38.46929186373299,39.3231670336335,37.503064788022094,39.008583068847656,9451688.0
2022-04-26,39.00858194056777,39.50292962609338,37.07612784504008,37.16600799560547,13532098.0
2022-04-27,37.21095003351451,38.17717361450195,37.00871455964833,38.17717361450195,9835110.0
2022-04-28,38.13223548396959,38.40187936748935,37.458124060816175,37.72776794433594,7362692.0
2022-04-29,37.840120174674944,38.10976748922919,37.3907125553619,37.54800796508789,9875268.0
2022-05-05,37.84012318398789,38.671530088802776,37.772714778696574,38.244590759277344,12940656.0
2022-05-06,38.042358598034404,38.042358598034404,36.9413077884749,37.323307037353516,14959882.0
2022-05-09,37.32330164410682,37.592945511809866,36.60424675862164,37.07612609863281,13397282.0
2022-05-10,37.39071279735218,37.637888361057264,37.255892567910536,37.57047653198242,2818212.0
2022-05-11,38.15470839332714,38.69399617672143,37.07612939783045,37.413185119628906,12359776.0
2022-05-12,37.076127536391056,37.435654993075595,36.469427953355336,36.963775634765625,11834806.0
2022-05-13,37.14354163495414,37.27836186792603,36.40201835313023,36.71660232543945,8341298.0
2022-05-16,36.71659977068752,36.85142342298649,36.02002004369728,36.76154327392578,6391606.0
2022-05-17,36.85142654262229,38.222121218434815,36.85142654262229,37.81765365600586,19865550.0
2022-05-18,37.525540491429766,37.750244326707794,36.53684498768984,36.8514289855957,19374580.0
2022-05-20,36.60424912238597,36.78401285536573,36.109901428222656,36.109901428222656,15649480.0
2022-05-23,36.334604992389934,36.64919238016133,35.008853899426775,36.087432861328125,17142650.0
2022-05-24,36.08743074707529,36.13237082020745,35.098731994628906,35.098731994628906,19099858.0
2022-05-25,35.09873540186853,36.28966631337414,35.09873540186853,35.795318603515625,11982518.0
2022-05-26,35.97508082338154,37.07612810470473,35.90766899563139,36.80648422241211,12971720.0
2022-05-27,36.8289510398535,36.98624644107442,36.357075122314285,36.739070892333984,10374572.0
2022-05-30,37.076127971717696,37.70529931394905,36.82895241375639,37.525535583496094,13879408.0
2022-05-31,37.52553368770715,37.66035733591257,37.053654347695975,37.07612609863281,16172348.0
2022-06-01,37.18848463495778,38.78388323247257,37.18848463495778,38.109771728515625,15326960.0
2022-06-02,38.64905912225896,39.9972821148959,37.930007545260935,39.547874450683594,11221438.0
2022-06-03,39.54787594284472,40.199515709055916,39.32317210226037,39.61528778076172,9255014.0
2022-06-06,39.99728623850394,40.19951833676569,39.615290370282445,39.7501106262207,6414808.0
2022-06-07,39.77257579161004,39.99727960964173,38.693996779316265,39.075992584228516,10769950.0
2022-06-08,39.1209370984799,39.57034474611915,37.660362243652344,37.660362243652344,10326274.0
2022-06-09,37.795179664609826,38.28952735443763,36.446956822147826,36.98624801635742,17136878.0
2022-06-10,36.85142423477641,37.25589177187531,36.17731281584757,36.6267204284668,10641312.0
2022-06-13,36.58178506900376,37.525540491429766,36.44696139635358,36.8514289855957,10185018.0
2022-06-14,37.09860873566868,38.19965628050561,37.09860873566868,37.59295654296875,12898842.0
2022-06-15,38.07343890104283,38.599695084187815,37.66158957549026,38.25648498535156,9314742.0
2022-06-16,38.37088776830749,38.37088776830749,36.883644029293144,37.364139556884766,18250072.0
2022-06-17,37.50142866209895,38.16497039794922,37.15821850292912,38.16497039794922,10487400.0
2022-06-20,38.37088969495117,38.62257850610122,37.31838078312773,37.867515563964844,8512678.0
2022-06-21,38.23360884843793,38.43953352436433,37.8446345851998,38.119205474853516,6599038.0
2022-06-22,38.00480438027801,38.897149351221564,37.93616165374833,38.66834259033203,10584414.0
2022-06-23,38.759859935517355,39.12595211203853,38.48529254878334,38.8285026550293,8426720.0
2022-06-24,39.03443434495119,39.05731292598246,38.462417449458435,38.622581481933594,7054314.0
2022-06-27,37.890403747558594,37.890403747558594,37.890403747558594,37.890403747558594,50056.0
2022-06-28,37.98192201188715,38.82850632232302,37.821757978774535,38.46241760253906,16993830.0
2022-06-29,38.30224831187558,38.48529440898377,37.11245391764323,37.1582145690918,9271078.0
2022-06-30,37.29550016226029,37.47854626009245,36.42603381604297,36.998050689697266,14600706.0
2022-07-01,37.02093235819091,37.936159346075414,36.9522896358368,37.79887390136719,6330528.0
2022-07-04,37.890397634547135,38.50817513581734,37.57006610296399,37.867515563964844,5463196.0
2022-07-05,37.981920410645444,38.14208443700586,36.677722636976426,36.998050689697266,7412196.0
2022-07-06,37.27261654589787,38.3480110168457,37.066691876443144,38.3480110168457,7803254.0
2022-07-07,38.43953552387705,38.988670349121094,37.95903993330296,38.988670349121094,6385836.0
2022-07-08,38.98866396778399,39.423398833653,38.7369786687884,39.0801887512207,2473954.0
2022-07-13,39.08019188651269,39.08019188651269,37.890397536889616,38.3480110168457,6604610.0
2022-07-14,38.1420847818457,39.0115511359238,36.83788699638553,37.52430725097656,10034022.0
2022-07-18,37.9819218607189,38.6683421353102,37.9819218607189,38.622581481933594,5833826.0
2022-07-19,38.53105052454092,39.0801887512207,38.279365225545334,39.0801887512207,5751412.0
2022-07-20,39.354765332423945,39.354765332423945,38.4395382316699,39.057315826416016,6187458.0
2022-07-21,39.12595764940559,39.12595764940559,38.325133954827116,38.64546203613281,7391354.0
2022-07-22,38.87426666772009,39.171716150465066,38.57682067628917,38.782745361328125,6996968.0
2022-07-25,38.897148906320766,39.812375939410664,38.897148906320766,39.46916580200195,9364866.0
2022-07-26,39.60644648208879,41.09369023169111,39.53780376461365,40.3843879699707,13705132.0
2022-07-27,40.65896613096996,41.59707537217702,39.94966717246313,41.34538650512695,10339078.0
2022-07-28,41.78011179800062,41.8716330967686,40.84200277471692,41.3224983215332,13183468.0
2022-07-29,41.41402119546898,42.42076948546312,40.91064705047192,42.146202087402344,9559654.0
2022-08-01,42.14620839076337,43.839380666110074,42.14620839076337,43.54193115234375,10322940.0
2022-08-02,43.51903996881987,43.74784670208529,42.64957368414854,42.76397705078125,7324962.0
2022-08-03,42.832623159538606,43.31311873395619,42.46653445212355,43.038551330566406,6600424.0
2022-08-04,43.61056900024414,44.36562850043674,43.473283550401476,43.61056900024414,6344616.0
2022-08-05,43.656336664688794,44.068189589050064,43.13008034418909,43.724979400634766,6043984.0
2022-08-08,43.885132891731814,45.39525526241227,43.862250821487095,45.14356994628906,8216198.0
2022-08-09,45.14357605324767,45.624068171563394,44.70884109898387,44.846126556396484,6142930.0
2022-08-10,45.30373564044249,47.31723570050271,45.16645019652166,47.13418960571289,11237028.0
2022-08-11,48.049419591583174,51.29847488475122,47.68332737912167,50.74934005737305,24948184.0
2022-08-12,50.749341133962204,51.20695466358979,49.33073989037952,49.83411407470703,13087478.0
2022-08-15,50.01715957370763,50.29172698986667,48.690079655739154,49.101932525634766,9919720.0
2022-08-16,49.28497305569457,50.79509901760852,47.591804484966545,50.61205291748047,16084880.0
2022-08-17,51.71032669283186,52.350986305873114,50.01715810030014,51.66456604003906,15657878.0
2022-08-18,50.337485910576085,50.65781396984506,47.5918048609083,48.96464538574219,27798388.0
2022-08-19,48.96464231011179,49.92562991886992,47.68332317089177,48.6900749206543,17106872.0
2022-08-22,48.69008082830915,50.79510239130771,48.140942491452435,50.5662956237793,14896998.0
2022-08-23,50.74934264401352,51.80185169868597,50.291729100769594,50.65781784057617,11548038.0
2022-08-24,50.932383253014784,51.481518049012024,49.51377862927979,50.840858459472656,14759806.0
2022-08-25,51.481520679863834,52.076419648690106,50.79510040413231,51.06966781616211,12012694.0
2022-08-26,51.252713182275826,51.93913344810988,50.520532263648974,51.66456604003906,12543580.0
2022-08-29,51.48152451807432,51.52728517493864,50.42901195362352,51.3900032043457,10511350.0
2022-08-31,51.38999560264903,51.38999560264903,50.06291580200195,50.06291580200195,13321646.0
2022-09-01,49.879873057488496,50.79510008606627,49.51378084953177,50.01715850830078,15396802.0
2022-09-02,50.20020449868283,52.122183482804815,49.65106964111328,49.65106964111328,23566334.0
2022-09-05,49.742588525667266,52.213702246743715,49.605306563632745,52.1221809387207,17307064.0
2022-09-06,52.991646385809354,53.54078120678927,51.161192327457584,51.7103271484375,17990954.0
2022-09-07,51.756091292912544,52.808603843989125,51.02391031844436,52.03065872192383,14061048.0
2022-09-08,52.39674210548401,55.142422914505005,52.39674210548401,54.91361618041992,18124764.0
2022-09-09,55.371231994911724,56.92711855088275,54.68481176356984,55.46275329589844,13601596.0
2022-09-12,55.73732372093431,56.377979805175315,55.188185445609975,55.4169921875,9421808.0
2022-09-13,56.74407811405534,57.01864553569923,53.266215960166406,53.586544036865234,12943172.0
2022-09-14,53.58653970097153,55.09666563479404,52.21369921251975,54.86785888671875,8669292.0
2022-09-15,54.913623516376205,55.55428315566343,53.5407829284668,53.5407829284668,8441220.0
2022-09-16,53.81534527101219,55.46275312282927,53.58653852794554,55.09666442871094,9726020.0
2022-09-19,55.14242791177679,55.554280768716765,52.945881668972945,52.99164581298828,6715824.0
2022-09-20,53.35773330995597,54.45600640632961,52.21369956192384,53.22045135498047,8673232.0
2022-09-21,54.04415618101643,54.63905515538342,52.900122377475384,53.128929138183594,10111146.0
2022-09-22,53.35773349985613,54.86785944915866,53.31197284803477,53.9068717956543,8528072.0
2022-09-23,53.906875881295385,56.42375032667937,53.815351079401985,54.95938491821289,14061544.0
2022-09-26,56.37798523948859,57.20169098621575,54.4560098188774,54.54753112792969,14671840.0
2022-09-27,54.91362649886335,56.42375262410783,54.82210518455765,55.828853607177734,11906206.0
2022-09-28,55.78308465791087,57.476253160078514,54.95937898634542,55.09666442871094,13038386.0
2022-09-29,55.600042866353,55.691564174134115,51.664567279425405,53.44926071166992,9600838.0
2022-09-30,53.449262387107304,53.49502304243229,51.756090209569194,52.945884704589844,9456752.0
2022-10-03,53.311967497047554,56.60678297587613,53.08316076959242,56.42374038696289,11997722.0
2022-10-04,56.97288161669701,56.97288161669701,55.60004109581275,56.65255355834961,10657572.0
2022-10-05,56.789833526415656,57.88810660291556,55.96613133752612,56.835594177246094,13109864.0
2022-10-06,57.29320931221357,58.89485657643551,56.88135995160767,58.62029266357422,14616624.0
2022-10-07,58.84909797041068,59.21518317856888,57.201686603187774,57.84234619140625,19861652.0
2022-10-10,58.2999629058623,58.2999629058623,56.51526948695869,57.11016845703125,8402546.0
2022-10-11,57.201683538554114,57.56777570972634,56.01188921921493,56.24069595336914,9743692.0
2022-10-12,56.28646486949638,56.97288517278292,54.73057815045071,54.95938491821289,12962404.0
2022-10-13,56.24069902075969,56.97287991172389,55.14242593865646,56.51526641845703,12646864.0
2022-10-14,57.613542936746406,58.62029477676651,57.06440461728615,58.16267776489258,13933136.0
2022-10-17,58.57453719429348,63.333715548278235,58.48301587645319,63.150672912597656,20587164.0
2022-10-18,63.42524510262195,64.47775075253607,62.18968284815042,62.92186737060547,14892980.0
2022-10-19,63.562520390750386,66.21668042274086,63.19643513058239,64.66079711914062,13983054.0
2022-10-20,64.70655215214047,65.89635015634818,63.69980375461087,64.15741729736328,11790376.0
2022-10-21,64.06589776697292,65.75906652571719,63.42524158235469,64.98112487792969,8851180.0
2022-10-24,65.11842130083433,66.49126219832502,64.38623669578733,65.25570678710938,8597136.0
2022-10-25,65.57600552838744,66.03361895568585,62.693039539882115,64.06587982177734,12993832.0
2022-10-26,64.38622587075123,64.38622587075123,62.326964870731715,62.60153579711914,12998336.0
2022-10-27,62.921862072414825,63.104904696301354,60.954122443806334,61.777828216552734,14274480.0
2022-10-28,61.777824539096684,61.777824539096684,60.404983993783425,60.77107620239258,4896222.0
2022-10-31,60.99988144707089,61.50325211162467,60.45074663909045,61.32020950317383,15181990.0
2022-11-01,61.7778302298675,64.20318347986212,61.73206608109017,63.33371353149414,12823202.0
2022-11-02,63.837077426106774,64.93534693285987,63.01337180472834,64.43197631835938,9679578.0
2022-11-03,64.5235116790275,64.66079714295543,62.510014816846926,64.02013397216797,11640430.0
2022-11-04,64.47774531073381,66.12515685590465,63.74556783270229,65.8505859375,11877766.0
2022-11-07,66.35395036651174,67.63526942528705,66.07937950297878,67.31494140625,10860846.0
2022-11-08,67.72680022676113,68.87083401437533,66.85733734122556,67.49799346923828,11926468.0
2022-11-09,63.5167631439747,63.928612552455654,61.7778302298675,63.33371353149414,34700856.0
2022-11-10,64.43199179206061,65.8505896637486,63.28795787168535,65.16416931152344,19138336.0
2022-11-11,65.80482132708738,65.85057848655842,61.64053577069754,62.18967056274414,24475628.0
2022-11-14,62.32695708253972,62.78457058091759,61.64053683497293,61.91510772705078,15709262.0
2022-11-15,62.326957814909306,62.60152871021349,60.725310551766704,61.32020950317383,21162278.0
2022-11-16,61.36596993179036,62.28119688389683,59.169423850209306,59.30670928955078,22481878.0
2022-11-17,59.58126920283983,59.58126920283983,56.789827883774365,57.65929412841797,13336212.0
2022-11-18,57.43049640391078,59.81008529663086,57.43049640391078,59.81008529663086,12769420.0
2022-11-21,60.31346529050447,60.816835989268675,57.338977313942536,58.666053771972656,21764098.0
2022-11-22,58.208431952167054,60.40497800336018,58.07115000603855,60.26769256591797,21092760.0
2022-11-23,60.63378744858962,60.90835833574753,59.0321402329665,59.48975372314453,18315300.0
2022-11-24,60.038894658904916,61.04564304379651,59.306717189269406,60.67955780029297,25331896.0
2022-11-25,60.86259489599861,61.1829229462941,60.31346009797381,60.542266845703125,17638236.0
2022-11-28,60.679557481385736,61.77782717138115,60.40498656757268,60.99988555908203,19106976.0
2022-11-29,61.77781837481923,62.28119598425761,60.54226340384833,61.27444076538086,19436858.0
2022-11-30,61.777814134789224,61.86933542587093,60.67954467655485,61.549007415771484,32907406.0
2022-12-01,61.96086523286689,62.18967198333188,59.71856187136119,59.94736862182617,28104914.0
2022-12-02,59.443991254532435,59.443991254532435,56.240700224421566,56.286460876464844,36853922.0
2022-12-05,55.828850093972505,57.338976124187575,53.86111053839701,55.18819046020508,41244694.0
2022-12-06,55.23394967025792,58.483008408414065,55.00514291356039,58.0711555480957,27979634.0
2022-12-07,58.025394956232105,58.025394956232105,54.1356800882707,54.73057556152344,29999096.0
2022-12-08,54.730575746953065,55.920370188803645,54.18144092496481,55.737327575683594,20883944.0
2022-12-09,56.01189347289122,56.515267627995186,55.37123387034346,56.286460876464844,17538118.0
2022-12-12,56.33222472418516,57.933872075757606,56.33222472418516,57.24745178222656,18712282.0
2022-12-13,57.43049627003534,61.41173246354404,57.43049627003534,60.81683349609375,40401280.0
2022-12-14,61.32595676313878,61.74250760678323,58.36379663589295,59.10433578491211,22856400.0
2022-12-15,59.7060280885214,60.631702942607006,58.5489345209144,59.474609375,15450054.0
2022-12-16,59.93744777780547,60.72427000411971,59.42832377483454,59.520896911621094,4690798.0
2022-12-19,61.048246578272824,61.464804450723946,60.21514495804624,60.677982330322266,19555004.0
2022-12-20,60.86311559750333,63.223589065383514,60.63169690701853,62.66817855834961,26311142.0
2022-12-21,63.084742975528364,64.79724005009896,62.20534762315952,64.24183654785156,31188774.0
2022-12-22,64.56583161722605,64.93610303179997,63.501303948703466,63.91786193847656,16833674.0
2022-12-23,64.3806900233125,64.42696952940194,62.529340283603595,63.36244201660156,13682960.0
2022-12-26,63.82527052610081,64.10297577315791,62.668177100592544,62.807029724121094,14553948.0
2022-12-27,63.13102522563677,64.19555277092213,62.89960650111121,63.45501708984375,15512864.0
2022-12-28,63.54756719032761,63.686419802601016,61.418512635034695,62.25162124633789,18547016.0
2022-12-29,62.34420966286419,63.917861395859205,62.06651140104607,63.17731857299805,10799550.0
2022-12-30,63.7327133770111,64.75095432138323,63.22359643599443,63.36244201660156,19365892.0
2023-01-02,63.825274744261876,64.88980217855081,63.778995241585655,64.47325134277344,13880730.0
2023-01-03,64.98235805850543,66.1394513790795,63.77898524251068,64.79722595214844,27983002.0
2023-01-04,65.0286538626517,65.63034388737162,62.85331952313027,63.22359085083008,20367576.0
2023-01-05,63.64014157777503,63.68642814203959,60.53913245518017,60.86311721801758,13968738.0
2023-01-06,59.706026915373144,60.909407026974996,57.39183982563,59.89115905761719,20854578.0
2023-01-09,60.353991973777696,61.55737199561975,58.78034769506547,60.53913116455078,20519082.0
2023-01-10,60.44656665127617,61.60366013952925,59.3820392296157,60.168861389160156,14604386.0
2023-01-11,60.86311777779536,61.557373874120024,57.57697296142578,57.57697296142578,15435492.0
2023-01-12,59.47459823366196,59.891149015032816,56.09588423671408,58.3175048828125,21636928.0
2023-01-13,58.31751767884438,58.780355120739976,56.83643927724627,56.97528839111328,19071816.0
2023-01-16,57.299276304558255,59.335758209228516,57.160423660526455,59.335758209228516,13078106.0
2023-01-17,59.33575003540848,61.60365740927449,58.9654822542791,60.95568084716797,12292964.0
2023-01-18,61.41851920188489,62.5756126573173,60.63169706465845,62.20534133911133,16950432.0
2023-01-19,62.20534456287393,63.269872009507985,61.60366158473753,62.62190246582031,12482684.0
2023-01-20,62.76075510013577,63.269872009507985,61.973925859794285,62.62190246582031,11634672.0
2023-01-23,62.760760916267074,65.30636688604822,62.714474346426364,63.45501708984375,20583394.0
2023-01-24,63.408728585029806,64.01041866290295,62.34420107222943,63.36244201660156,18227930.0
2023-01-25,63.77900390824204,64.84353148718507,61.18711128667111,63.13102722167969,21059502.0
2023-01-26,62.94588018374363,63.964120950719035,61.55736812086694,61.97391891479492,14850234.0
2023-01-27,61.55736916074146,62.20533864276156,59.70601971229811,61.788787841796875,12228688.0
2023-01-30,62.06650434564098,62.06650434564098,59.335759176305,59.38204574584961,14404546.0
2023-01-31,59.28947415936974,59.33575366227466,57.62325668334961,57.62325668334961,13440790.0
2023-02-01,57.85467316435709,58.132374889312196,55.123931884765625,55.123931884765625,15499612.0
2023-02-02,56.234745712465305,57.160420539007944,53.08744988975264,56.281028747558594,20164400.0
2023-02-03,57.854674932524915,58.872915798869705,56.836434066180125,58.78034973144531,22191590.0
2023-02-06,58.086097093871594,60.030012874983626,57.391840953307394,59.474609375,4812720.0
2023-02-07,59.243184407552086,59.47460309664409,55.07764800389608,55.54048538208008,11532878.0
2023-02-08,54.290836334228516,54.290836334228516,54.290836334228516,54.290836334228516,200.0
2023-02-15,59.70601992173628,61.09453201293945,58.31750783053311,61.09453201293945,10597092.0
2023-02-16,64.79723163933095,64.79723163933095,61.46480399606148,62.06649398803711,17793886.0
2023-02-17,61.973925859794285,63.917848615534005,60.86311890994732,62.62190246582031,12013854.0
2023-02-20,62.62190884660392,63.96413463629501,61.92765266662459,62.29792404174805,7004348.0
2023-02-21,62.297910234877754,63.5012831094058,62.066491559506495,62.1590576171875,7151964.0
2023-02-22,62.297911983583944,63.08473408946487,61.09453201293945,61.09453201293945,8195864.0
2023-02-23,61.32595523041798,62.02021132736611,60.955683899578,61.835079193115234,7857624.0
2023-02-24,61.83507987316522,62.251630710979946,61.04825063810003,61.187103271484375,5662434.0
2023-02-27,61.557366558670104,62.66817335584649,60.122567971841335,62.57560729980469,12056620.0
2023-02-28,62.714475933374956,63.73271693458553,62.4830572029935,63.084747314453125,11504704.0
2023-03-01,63.54758310810296,64.75095623711363,63.26987781399489,64.42697143554688,10257296.0
2023-03-02,64.42696807694932,65.81548035042813,63.13102187590136,65.6303482055664,14472294.0
2023-03-03,65.44521047377408,65.6766291912377,62.205348429283504,63.36244201660156,14179804.0
2023-03-06,63.64013263157436,65.07493117402107,63.0384426924084,64.79722595214844,14726298.0
2023-03-07,65.30637720885555,66.1857656761197,64.10299682617188,64.10299682617188,10876218.0
2023-03-08,64.05667967149508,64.56580352783203,62.992159528432474,64.56580352783203,7324730.0
2023-03-09,64.5658211263933,65.58406205427012,64.38068898035704,64.70467376708984,9028382.0
2023-03-10,64.88980414358475,66.13946375109809,64.3344006582831,65.53778076171875,15019094.0
2023-03-13,66.3246076209866,68.03710476379807,65.7229175269342,66.78744506835938,23494128.0
2023-03-14,66.97258278520714,67.57427292923676,63.779006958007805,63.77900695800781,21775456.0
2023-03-15,63.779006124564454,64.84353374049985,62.020222288976335,63.50130081176758,16881472.0
2023-03-16,63.82527873129263,67.20399338060203,63.59386001644046,67.1114273071289,18022250.0
2023-03-17,68.1759649136133,69.42562474658386,66.27832834560411,67.25028991699219,22054422.0
2023-03-20,67.01885098907866,68.96276648422001,66.13945576966253,66.46344757080078,16852412.0
2023-03-21,66.60229896280092,67.34284162693272,64.79723592969472,64.93608856201172,14235064.0
2023-03-22,65.16750864111536,66.13946296323051,64.19554725666183,65.02865600585938,11834068.0
2023-03-23,65.26007177362057,65.95432785631867,64.56581569092248,65.30635833740234,7943804.0
2023-03-24,65.86176691781287,66.50973648716754,65.30636342088907,65.6303482055664,11847892.0
2023-03-27,66.23203212700467,66.37087769160404,64.75094685612366,65.26007080078125,8237848.0
2023-03-28,65.26007665083692,67.89824854978602,64.79723922778135,66.09318542480469,17133072.0
2023-03-29,66.23203766192606,68.22223291910663,65.58406103618059,67.99081420898438,14482686.0
2023-03-30,68.1296601787314,68.87020280357089,67.06513280390134,68.03709411621094,9929388.0
2023-03-31,67.80567280127464,69.28675093122403,66.9725641461976,68.82391357421875,12211692.0
2023-04-03,68.68506095464964,70.11985958630108,66.41716073025877,68.82391357421875,16622350.0
2023-04-04,68.82391504615455,71.83235793103043,68.49993030178932,71.73979187011719,16105908.0
2023-04-05,71.97122098379074,73.03574849441104,70.90669347317046,70.9529800415039,9968560.0
2023-04-06,70.81412064914886,72.43405151367188,70.582701954217,72.43405151367188,11438640.0
2023-04-07,72.38776668824026,72.71175851879646,71.04554105033536,71.60094451904297,5772428.0
2023-04-10,71.73981107956268,74.05399853374213,71.73981107956268,73.91514587402344,8267708.0
2023-04-11,73.91513199076918,75.3499307678024,72.94317767997683,74.00769805908203,11067818.0
2023-04-12,74.14656042353936,75.67392546933318,74.05399434307836,74.6093978881836,8532524.0
2023-04-13,74.93337580841674,75.62763194152376,73.96142145947005,75.11851501464844,11647900.0
2023-04-14,75.25736935522521,77.201285159407,75.16479621884709,76.64588165283203,14069478.0
2023-04-17,76.22932060877864,76.22932060877864,74.56311015719272,75.02594757080078,10581850.0
2023-04-18,74.97965240478516,75.90532712583189,74.60938110389893,74.97965240478516,8590284.0
2023-04-19,74.97966237555931,75.90533721970202,74.51682495348795,75.11851501464844,6785068.0
2023-04-20,74.97966460700292,74.97966460700292,72.80433007099589,73.35973358154297,5137270.0
2023-04-24,73.35973025590945,73.9151337412783,71.97121801131811,72.20263671875,8645922.0
2023-04-25,72.2489264892129,72.48034520690759,69.98101881840182,70.49014282226562,9056384.0
2023-04-26,69.88846232936929,71.83237841215532,68.36109717063036,71.09184265136719,10836150.0
2023-04-27,71.09182423946442,73.35972457163336,70.81411898712874,73.26715850830078,12293200.0
2023-04-28,73.12830522033272,73.7299952200562,71.04553703367768,72.29519653320312,12133946.0
2023-05-02,72.34148737036074,73.2208756095329,70.76783596560756,71.13810729980469,8234516.0
2023-05-03,71.23067802538104,72.66547689083623,67.85197041854437,72.38777160644531,9283220.0
2023-05-04,72.43403913473365,74.10025627842266,70.86039510306716,72.15633392333984,8876308.0
2023-05-05,72.15634238213349,73.12830367361664,71.18438815298805,72.66546630859375,10575496.0
2023-05-08,73.12830431105955,75.76647590221883,72.52661431881745,75.07221984863281,9004306.0
2023-05-09,72.66546875184396,76.9235712407583,72.20263137125897,76.5995864868164,21537128.0
2023-05-10,76.59958868136552,76.87729394260785,72.94317609492443,73.40601348876953,13357382.0
2023-05-11,73.31344298597568,80.71884155273438,73.17459741271969,80.71884155273438,19535782.0
2023-05-12,82.24620544025181,88.03167300164175,80.90397979094467,82.06107330322266,20191742.0
2023-05-15,73.86885070800781,74.56310679713444,73.86885070800781,73.86885070800781,25759752.0
2023-05-16,66.50974214343086,72.48034966455808,66.50974214343086,70.30500793457031,56565292.0
2023-05-17,70.53641066891062,71.23066670723587,67.43540177685868,67.89823913574219,22367492.0
2023-05-18,68.91648866357833,69.28676001016835,65.49149459788244,65.58406066894531,15380076.0
2023-05-22,66.00062104555778,66.50973798657445,62.76075900106721,63.36244201660156,13337464.0
2023-05-23,63.362434794543745,64.10297743095568,62.02020921117734,62.20534133911133,12227852.0
2023-05-24,62.34419027888126,63.177298929985945,61.74250030517578,61.74250030517578,11588796.0
2023-05-25,61.88136547788736,62.57562165092799,61.37224852172763,61.55738067626953,11050450.0
2023-05-26,61.78878391365136,62.57560596675101,61.18709396869143,62.25162124633789,22335234.0
2023-05-29,62.9458972485133,65.12123199095726,62.06650886188897,63.50130081176758,24758764.0
2023-05-30,64.38068741818233,65.86176573755066,64.38068741818233,65.07494354248047,23263688.0
2023-05-31,65.35263686462682,66.00061343622177,64.75094685612366,65.26007080078125,18955204.0
2023-06-01,65.63034780076654,67.29655828126096,65.39892908994743,66.55602264404297,14490464.0
2023-06-02,67.94453490660925,69.14790796542385,66.97257349626715,67.5279769897461,17221944.0
2023-06-05,68.45365214009212,72.3414907365638,68.17595392327611,71.32324981689453,21495858.0
2023-06-06,71.32324961375242,73.35973144729067,70.30500163464471,71.78608703613281,16094284.0
2023-06-07,72.75804441802293,75.11851819547441,72.75804441802293,74.37797546386719,21520122.0
2023-06-08,74.51681754073923,75.39620573026,73.08201885011282,74.65567016601562,14654236.0
2023-06-09,75.02595106164074,76.32189023017054,73.91513697989389,75.72020721435547,14953738.0
2023-06-12,78.26580504786074,78.63606930797457,76.18303680419922,76.18303680419922,16234798.0
2023-06-13,76.3681677965239,77.94181206557771,75.16478778206775,76.5995864868164,16550628.0
2023-06-14,77.11495008367434,77.53659638883522,73.78860381414832,75.52204895019531,14874742.0
2023-06-15,75.56889606562797,78.8015365600586,75.00669865121326,78.8015365600586,9837116.0
2023-06-16,78.70784808973583,84.37669000807145,78.19249622489482,82.87748718261719,23809156.0
2023-06-19,82.92433398306056,84.142434403885,81.09719050055227,81.94048309326172,13818938.0
2023-06-20,80.58182994428887,81.4251295943816,77.16178573202411,77.77083587646484,13185666.0
2023-06-21,78.23934933601699,78.37990049510891,74.21025423526946,74.44450378417969,13863212.0
2023-06-22,75.1003906022631,78.19247969130875,73.60119524253848,77.91138458251953,18162088.0
2023-06-23,79.17633901323592,79.92594034859212,76.97439492012823,78.70783996582031,12923628.0
2023-06-26,79.03579214527502,81.0971923546668,78.47359468770583,80.58184051513672,10923778.0
2023-06-27,80.34758841327209,80.5349851769021,79.59798706129543,79.87908935546875,3139960.0
2023-07-03,80.67552650816856,83.81446838378906,80.48812976733917,83.81446838378906,11507432.0
2023-07-04,84.04873148273276,85.36053032696135,82.64323425292969,82.64323425292969,11560444.0
2023-07-05,84.42351226201797,84.79831286464575,81.33142337497421,84.61091613769531,18732310.0
2023-07-06,85.12628425443643,87.09397902652645,84.00188928430752,85.82903289794922,15992160.0
2023-07-07,85.92271759569914,87.00026677379222,84.1424270348028,84.89202117919922,13928926.0
2023-07-10,85.78218379482725,87.28137941037413,85.73533102767043,86.85972595214844,13138056.0
2023-07-11,88.64002138037772,88.87427091211694,86.25068044587464,87.00027465820312,11704498.0
2023-07-12,87.04712077491197,87.79671492998241,85.4542197915226,87.37506866455078,9897514.0
2023-07-13,87.60932408208433,88.07782314134681,85.73532784503439,86.20382690429688,13324988.0
2023-07-14,87.14082598763295,87.60932505208258,86.0632767096531,86.57862854003906,9246086.0
2023-07-17,87.60931875232978,91.59156051379932,87.28137086054258,91.16991424560547,16350058.0
2023-07-18,91.26360252856192,95.76118843721395,91.26360252856192,93.41869354248047,18135526.0
2023-07-19,93.3718589702058,94.44940817889298,90.84195989562792,93.6529541015625,10545824.0
2023-07-20,94.40254909568215,95.57379660307274,92.1537524517467,94.44940185546875,11486806.0
2023-07-21,95.10530090332031,95.19899927742041,93.13760645230751,95.10530090332031,7865496.0
2023-07-24,95.94861001364929,96.27655792964937,91.825816808814,92.90336608886719,9587274.0
2023-07-25,93.18444970315664,93.69980147073672,89.67070714800401,90.98250579833984,9164538.0
2023-07-26,91.16992256751843,95.94861168773097,90.51401957534586,95.33956146240234,10030394.0
2023-07-27,95.57379913330078,95.76119587995345,94.0746037138965,95.57379913330078,8335236.0
2023-07-28,95.99544847224216,102.50758928422702,95.94860285843754,101.75798797607422,17372682.0
2023-07-31,101.75798224949372,103.63197826568597,101.14893211448575,101.24263763427734,9207618.0
2023-08-01,101.38318483931094,102.64813790943342,100.11823891791616,100.63359069824219,6678660.0
2023-08-02,100.25879017480877,104.56897972454098,100.07139342649647,103.16348266601562,11362690.0
2023-08-03,104.28788524905086,111.26851782354197,104.28788524905086,106.95832824707031,19805156.0
2023-08-04,106.95832251406621,110.51891060433411,105.69337665109305,108.12957000732422,10886750.0
2023-08-07,109.16027719664746,110.61262709180224,105.69338713229668,106.67723083496094,12638162.0
2023-08-08,107.66106748056947,108.92601330207394,105.74021879510656,108.31696319580078,11237182.0
2023-08-09,108.78547366131663,119.1393051147461,108.78547366131663,119.1393051147461,26447668.0
2023-08-10,119.13930027897999,129.02462515104443,119.13930027897999,124.94869232177734,30223826.0
2023-08-11,125.04238641833119,130.00847892317606,122.65303854079252,127.75968933105469,14464676.0
2023-08-14,129.39943722969758,130.24272976096617,124.15224239804328,127.66598510742188,14836596.0
2023-08-15,127.6659973758177,128.13449644875647,118.76451498998087,121.48180389404297,15694318.0
2023-08-16,121.48179396399246,122.79359983946688,116.84365638051622,119.93575286865234,19216184.0
2023-08-17,119.93574412128713,121.20069714154828,117.82749861915512,118.2959976196289,12340316.0
2023-08-18,118.3897063871697,118.3897063871697,109.25397507561509,110.09727478027344,26314586.0
2023-08-21,110.09727447893685,119.93575432599079,109.11342363474024,118.15545654296875,23547634.0
2023-08-22,119.46725792143924,120.1700064974477,114.220069983655,117.59326171875,18445600.0
2023-08-23,118.061767578125,118.76451619466145,113.84527587890625,113.84527587890625,15028986.0
2023-08-24,114.78226039030723,117.54640176062352,112.48661804199219,112.48661804199219,19754004.0
2023-08-25,112.67401707868167,121.06014688325871,112.67401707868167,120.40425109863281,19068786.0
2023-08-28,122.27824804186821,124.62074321508408,119.56095221119222,119.93575286865234,16217080.0
2023-08-29,120.21683846684459,121.80973210409972,118.38968819604692,120.45108795166016,10376440.0
2023-08-31,120.54479735944503,120.77904687961298,118.15545654296875,118.15545654296875,12104702.0
2023-09-01,118.905052783339,122.27824429979468,118.43655376303327,121.43495178222656,10962112.0
2023-09-04,123.68372902483426,125.65143043284733,122.13768813100545,122.93412780761719,12934652.0
2023-09-05,123.21524600146975,123.77745056152344,121.7628961358776,123.77745056152344,8644036.0
2023-09-06,124.01169905197604,124.1990958046239,120.59164755196554,121.24754333496094,9650450.0
2023-09-07,123.2152623326787,128.8372514885424,123.2152623326787,127.90025329589844,20091740.0
2023-09-08,127.99395374415649,128.69670236069294,125.79200236002603,126.4947509765625,9242734.0
2023-09-11,127.71285143805046,128.8840991322779,126.21364867045648,126.4947509765625,9735058.0
2023-09-12,126.49475436113678,127.80654609478776,125.51090341216977,126.72900390625,13326376.0
2023-09-13,127.15064682583842,129.07149590386285,126.35420697223809,126.4947509765625,14070830.0
2023-09-14,126.54160856992218,128.3218994140625,123.91801077530138,128.3218994140625,15218568.0
2023-09-15,129.07149590386285,134.08444175413914,126.4947509765625,126.4947509765625,18864578.0
2023-09-18,126.49473731197527,127.15063309039809,125.04238746853183,125.5577392578125,11844270.0
2023-09-19,125.65144536718459,132.67893080612208,125.65144536718459,129.3525848388672,12678452.0
2023-09-20,129.3994509772294,130.19589083082974,126.4947509765625,126.4947509765625,7947906.0
2023-09-21,126.49474139093293,129.91477867992757,126.16678634241843,129.16519165039062,8595370.0
2023-09-22,130.24276064205682,130.43015743816508,127.10381069177183,128.08766174316406,6978740.0
2023-09-25,128.8372349932536,130.89862789365446,126.77584209285273,130.10218811035156,9040814.0
2023-09-26,130.28958076281376,132.86632538154183,128.1813351656726,129.02462768554688,9589474.0
2023-09-27,129.11834867112339,129.6337005160749,126.35420697223809,126.4947509765625,9063858.0
2023-09-28,126.77585328266852,127.52545466646552,126.1199574333926,126.4947509765625,8128630.0
2023-09-29,127.6191597346467,130.1959049412097,126.7758670223914,128.69671630859375,11868048.0
2023-10-02,128.88409273213614,136.56747436523438,128.55613767505523,136.56747436523438,16552496.0
2023-10-03,137.27022103307954,137.92611684064053,131.36713017011797,133.28797912597656,13632952.0
2023-10-04,133.4285380809007,136.56748777270414,132.02304077963785,135.81788635253906,31266082.0
2023-10-05,136.80171516469642,138.39460898862984,133.7564715052083,137.87925720214844,22518472.0
2023-10-06,137.6918583928322,146.92129475717252,136.89541864150294,145.2346954345703,20565774.0
2023-10-09,143.17330775915173,149.54489748590527,140.50285754433145,146.64019775390625,18718732.0
2023-10-10,147.57721281051636,152.87124678918045,146.1717155456543,149.91970825195312,18260804.0
2023-10-11,149.96654089256947,151.37203796879325,149.45118910512963,150.20079040527344,14195580.0
2023-10-12,150.85670642852784,154.7920959106501,146.6870674022619,149.91970825195312,16183906.0
2023-10-13,150.48191287688095,152.3559092300304,149.0764156120189,149.91970825195312,8695576.0
2023-10-16,150.52871595537087,152.16846237883877,148.79527831474874,149.7791290283203,10569508.0
2023-10-17,150.10708774866077,151.37204086040845,144.95359837072797,146.64019775390625,11730694.0
2023-10-18,146.59333362732545,146.59333362732545,139.61270141601562,139.61270141601562,13981964.0
2023-10-19,140.54972657225497,141.11193119752699,137.5513352648717,137.69187927246094,9960324.0
2023-10-20,137.27024157750168,139.8938394978603,131.08604750076057,133.4285430908203,12375580.0
2023-10-23,134.27183331626614,139.23792620660817,133.61593749243755,136.0521240234375,10594704.0
2023-10-24,136.38006964288374,142.65795374628323,135.63046834006238,141.25245666503906,9262830.0
2023-10-25,141.25248073779747,141.76783261490624,132.25729216585995,132.77264404296875,8988254.0
2023-10-26,134.22497391115328,136.23951404842907,129.91477705785115,130.10218811035156,22925822.0
2023-10-27,130.57069204399116,131.8356309110771,127.66599219076008,129.8210906982422,11320462.0
2023-10-30,129.7742458228242,131.7887861581306,128.9309531935,130.61753845214844,7516584.0
2023-10-31,131.17971644682044,132.91316841884947,127.33801903189605,127.43172454833984,11722984.0
2023-11-01,127.9939569114306,130.0084972763697,125.88571100965163,129.25889587402344,10705096.0
2023-11-02,129.96163641830782,136.09897696539528,129.96163641830782,135.63047790527344,9907452.0
2023-11-03,135.63048470770562,135.7710287138084,131.41399295513446,133.99073791503906,9161646.0
2023-11-06,135.51336327778924,137.85585875363694,134.57636508745017,136.33323669433594,5785512.0
2023-11-07,136.56746112807392,139.7298294389298,135.6304631100425,138.79283142089844,7521308.0
2023-11-08,142.18945832742563,146.288824918414,140.08121265206017,143.59495544433594,14727358.0
2023-11-09,143.59495202856127,144.64907484116898,140.0812093198689,143.36070251464844,7770214.0
2023-11-10,143.24355418103806,143.59492839407415,136.9188183463888,137.62156677246094,7121260.0
2023-11-13,137.62159179633773,137.73871655531332,132.58522716038664,133.05372619628906,6825808.0
2023-11-14,133.87358950571732,135.86471025952062,132.4680925030326,134.45921325683594,7160516.0
2023-11-15,135.74757729595228,137.38732369987233,134.5763298645808,135.98182678222656,5701722.0
2023-11-16,136.68459115099552,141.95520520566114,136.33321688068446,141.25245666503906,7358778.0
2023-11-17,141.25244207451811,144.6490596700082,140.19831937246948,144.41481018066406,7140766.0
2023-11-20,145.23467089763506,146.64016771277346,142.54080200195312,142.54080200195312,6401790.0
2023-11-21,144.29770425977654,148.0456965782123,142.30658334060755,146.75732421875,9812656.0
2023-11-22,146.7573137791746,146.87443853079407,144.531943498405,145.0004425048828,5647388.0
2023-11-23,145.0004425048828,148.16281079860804,143.5949454854494,145.0004425048828,7493910.0
2023-11-24,145.00045957158528,150.27107401481737,144.53196050996465,148.2799530029297,7900278.0
2023-11-27,148.6312937981997,152.0279112293642,147.81142062515997,150.15391540527344,6566318.0
2023-11-28,150.1539406107117,150.9738139213786,146.52307309204392,147.69432067871094,5648912.0
2023-11-29,148.0457033988757,149.21695105234784,144.53196043845935,146.1717071533203,5025544.0
2023-11-30,146.05455486495774,148.3970497304743,144.18055897254447,144.2976837158203,8026226.0
2023-12-01,146.75730131807967,147.57717450980078,141.48668794272965,143.12643432617188,5829028.0
2023-12-04,143.1264497213108,145.7031943153115,140.9010793901284,144.18057250976562,5777226.0
2023-12-05,144.18056412052047,145.11756210018265,141.95519391882274,144.64906311035156,3997030.0
2023-12-06,144.76620161647614,148.51419389133636,143.7120787891717,146.64019775390625,13588926.0
2023-12-07,146.99156753799463,151.55943298339844,145.93744474290145,151.55943298339844,10598078.0
2023-12-08,151.5594516330295,151.5594516330295,147.81145901150174,150.7395782470703,11623850.0
2023-12-11,150.73957134744396,153.19919139274026,147.1087036615304,148.16282653808594,10700526.0
2023-12-12,148.27994253554783,148.98269107837032,144.64907506429824,145.4689483642578,6566652.0
2023-12-13,145.23471756486703,145.70321665378594,140.78397622013722,141.48672485351562,7268442.0
2023-12-14,143.00933190031424,147.81144705831005,141.2524605010475,146.75732421875,7739186.0
2023-12-15,146.7572979741089,152.4964101853869,146.28879901808622,150.15391540527344,9544548.0
2023-12-18,150.15394414745785,152.02794033026544,147.81144891894837,148.98269653320312,4696460.0
2023-12-19,148.98268551088375,149.0998102636439,143.0093231201172,143.0093231201172,8804522.0
2023-12-20,144.42879306642632,145.96652796393946,142.8910581689132,143.8373565673828,6357374.0
2023-12-21,143.36421325732937,147.38598161603332,142.536202124655,146.32139587402344,5655378.0
2023-12-22,147.38596507921358,148.33226341038028,144.66535737710933,146.43966674804688,5767998.0
2023-12-25,146.79452204149823,147.14938389977743,141.35330688121707,142.4178924560547,3846430.0
2023-12-26,142.8910441583076,144.90192805788644,139.6972873766236,143.71905517578125,6605702.0
2023-12-27,143.7190902934355,146.43969858705609,141.47163126827067,144.78367614746094,5334808.0
2023-12-28,144.7836387076029,149.0419810225324,144.7836387076029,145.4933624267578,5462790.0
2023-12-29,145.4933786748948,148.56884846802265,141.70818508335282,142.29962158203125,6389998.0
2024-01-02,144.07391446135765,144.90192546400914,140.64358316465865,142.4178924560547,8118422.0
2024-01-03,142.53617416394889,142.65446144541275,137.09495921661141,138.27783203125,7608890.0
2024-01-04,138.39614754668938,144.07393821527148,137.80471101871206,143.1276397705078,7067966.0
2024-01-05,143.2459051195832,145.3750762939453,141.82645767000847,145.3750762939453,7221038.0
2024-01-08,146.55794092256073,151.2894321549275,146.55794092256073,150.9345703125,7816886.0
2024-01-09,151.40773241881848,152.5906053283405,148.80541201787003,151.17115783691406,8031230.0
2024-01-10,149.51515666425274,151.76261550651606,147.50427243696456,150.57974243164062,8706352.0
2024-01-11,151.76258450324354,156.02092670286692,151.1711480866292,155.3112030029297,8633094.0
2024-01-12,155.3112174190692,159.80613460256092,153.77348259313783,158.50497436523438,14574282.0
2024-01-15,159.21469713489978,162.05359218039575,158.62326066708812,160.16099548339844,5648504.0
2024-01-16,160.27928377977057,160.6341456626778,157.32210142221024,158.50497436523438,4254068.0
2024-01-17,158.26839262153183,158.26839262153183,155.19292310870685,157.6769561767578,4973768.0
2024-01-18,158.50496487849662,159.68783775072419,157.08551743182352,157.9135284423828,4351112.0
2024-01-19,158.50497436523438,159.56956001395608,155.66607930197642,158.50497436523438,5306574.0
2024-01-22,158.5049566553229,164.18274614745386,156.37578559577378,163.4730224609375,5530974.0
2024-01-23,167.02166080210677,170.80685424804688,166.54851162136427,170.80685424804688,8536750.0
2024-01-24,170.80683841873886,175.6566170719025,169.1508164396098,174.00059509277344,6471734.0
2024-01-25,175.06518152534102,175.77490523422753,170.8068392720219,172.34457397460938,5090674.0
2024-01-26,172.3445767976399,176.01148268695138,171.27999121687205,175.1834716796875,5880242.0
2024-01-29,176.48466963409095,177.66754275496288,173.29091220773677,176.0115203857422,5936458.0
2024-01-30,176.6029356776057,176.72122297544738,174.35547701861407,175.06520080566406,4805428.0
2024-01-31,175.18346794508886,183.9367269781318,174.473744239707,180.2698211669922,8815212.0
2024-02-01,180.62468477748934,182.51728134359269,176.95777893066406,176.95777893066406,7769200.0
2024-02-02,178.37723787285725,178.96867433795293,173.17259698001527,174.2371826171875,6814322.0
2024-02-05,174.7103253031886,178.3772312506489,174.23717614867758,178.02236938476562,4756872.0
2024-02-06,178.8503852551963,180.03325817355076,176.48463941848735,179.0869598388672,6014742.0
2024-02-07,181.68927034592247,181.68927034592247,175.30175693532362,176.95777893066406,5831008.0
2024-02-08,176.95778334534285,185.47446810527913,176.3663469036806,182.7538604736328,8303930.0
2024-02-09,183.93674674881964,187.9585148449353,181.80757540381722,187.60365295410156,6110450.0
2024-02-12,189.2596773551878,191.15227412873966,183.81846163122614,185.829345703125,5249252.0
2024-02-13,187.84019622802734,188.0767707824707,179.79666137695312,179.79666137695312,4293198.0
2024-02-14,181.21611944083466,182.63556685159838,177.904075482386,180.2698211669922,8128430.0
2024-02-15,181.45270121269252,190.44253517107884,180.38811561235727,188.90480041503906,10030452.0
2024-02-16,188.90476494153137,189.259626741672,184.5281360731302,184.64642333984375,5920866.0
2024-02-19,185.35619406088804,187.72193999657264,183.46359731234037,184.52818298339844,6419652.0
2024-02-20,185.11957904029586,188.19504808505476,184.17328087267774,187.13046264648438,5725244.0
2024-02-21,187.95850347183446,191.62540945523713,186.8939178637498,190.32424926757812,8785652.0
2024-02-22,190.91570559810276,191.27056750441895,185.71106430546553,186.77565002441406,7001924.0
2024-02-23,187.24879806132256,187.60365996541856,184.8830520340159,186.89393615722656,4147300.0
2024-02-26,187.36708536268787,190.20598059545588,184.76476473265055,186.89393615722656,6322478.0
2024-02-27,187.3670863560268,187.48537365801923,181.21614665241984,182.16244506835938,7911232.0
2024-02-28,182.1624343080577,182.1624343080577,177.90409168786934,180.15155029296875,7571844.0
2024-02-29,181.8075530180529,186.7756188780127,179.79666921759298,183.7001495361328,10137432.0
2024-03-01,183.81843969390147,184.88302525197426,178.85037375622846,180.2698211669922,4498696.0
2024-03-04,180.50640220744359,183.93673357311584,174.7103250723422,176.48463439941406,8423926.0
2024-03-05,176.36638232200377,179.56013974835795,172.10803908686484,176.0115203857422,9578766.0
2024-03-06,175.53832433942662,179.7966664393049,173.17257872838314,176.1297607421875,7660022.0
2024-03-07,176.1297926667449,182.5173069743367,176.1297926667449,182.16244506835938,8920860.0
2024-03-08,183.46358905335651,185.5927602996237,182.87215259606006,183.81845092773438,8226712.0
2024-03-11,188.78652210198987,189.14138398564023,184.52817949818558,184.88304138183594,6719874.0
2024-03-12,185.2378817471591,188.668212890625,183.81843437744905,188.668212890625,7341788.0
2024-03-13,188.31336302525787,188.31336302525787,182.5172858969679,182.7538604736328,6816678.0
2024-03-14,183.5818588139159,184.52815705522474,181.33440049080738,184.0550079345703,5101802.0
2024-03-15,184.05502609595598,184.8830371388041,179.0869598388672,179.0869598388672,7698228.0
2024-03-18,179.32354853161095,181.21614534988655,178.25896282133095,179.20526123046875,4614914.0
2024-03-19,178.3772147944797,184.40986595795349,176.83948018418246,182.87213134765625,5435220.0
2024-03-20,182.87214985766443,183.34529901641648,180.2698294845282,180.97955322265625,5387032.0
2024-03-21,183.58186658223468,184.05501572291055,178.85037517547607,181.68927001953125,8561268.0
2024-03-22,182.2807235511852,185.71105514299853,175.30177307128906,175.30177307128906,10495658.0
2024-03-25,175.89320034927198,176.95778595999386,168.44110107421875,168.44110107421875,11798780.0
2024-03-26,168.6776738022313,169.860546690045,162.17187291925603,163.94618225097656,9578674.0
2024-03-27,164.89248194442115,167.96795147853518,161.93529970008075,165.36563110351562,7846618.0
2024-03-28,166.54849473239688,166.90335658196872,163.70959993582193,166.31192016601562,8971890.0
2024-03-29,168.4411083443343,171.398290723975,167.25823539247804,170.80685424804688,6973820.0
2024-04-01,172.69944394867997,174.47375330431709,167.02165401064116,171.51657104492188,6617748.0
2024-04-02,172.22629961794252,174.59204549181536,169.74226645037604,172.58116149902344,6824202.0
2024-04-03,171.5165635338524,176.72120408246587,170.21540339669906,175.4200439453125,8580840.0
2024-04-04,175.42003211975097,180.97953414916992,174.82859573364257,179.79666137695312,8552350.0
2024-04-05,180.506406600387,192.3351357354058,178.613809938784,191.6254119873047,12070274.0
2024-04-08,191.1522602960884,192.92656964289617,189.14137636970628,190.32424926757812,6399782.0
2024-04-09,190.32424926757812,190.32424926757812,190.32424926757812,190.32424926757812,0.0
2024-04-15,188.31337896841185,192.69000900725055,185.829345703125,185.829345703125,8098318.0
2024-04-16,184.52815853819556,186.8939041604801,182.39898747813945,185.47445678710938,5956024.0
2024-04-17,185.94762569700495,187.84022239621112,181.21613394898958,183.46359252929688,7817808.0
2024-04-18,183.2270032622067,183.46357783065372,174.00059509277344,174.00059509277344,8451312.0
2024-04-19,174.0006082054744,179.32353639666837,172.22629880840975,175.77491760253906,9698326.0
2024-04-22,180.38812920853897,180.38812920853897,173.88232782724742,175.06520080566406,5538410.0
2024-04-24,177.6675152985946,178.02237718001658,173.17259813391644,174.118896484375,4732546.0
2024-04-25,173.64575563733968,178.6138222155197,173.5274683378592,176.36636352539062,7541090.0
2024-04-26,176.95776746189765,184.52815323566867,176.95776746189765,182.87213134765625,7500142.0
2024-04-29,184.29160358519957,184.40989087889994,180.26983559938648,183.46359252929688,7524116.0
2024-04-30,183.46358073034952,186.89391202704851,181.45269686676735,183.1087188720703,9812712.0
2024-05-02,184.05504562330688,191.03399658203125,183.93675831892173,191.03399658203125,8532358.0
2024-05-03,191.03396489421647,197.42147827148438,189.85109204657425,197.42147827148438,8313682.0
2024-05-06,197.42147712022245,199.55064823356216,194.58258230243612,197.53976440429688,5628890.0
2024-05-07,197.53975752145408,201.08837592004306,195.17401192239473,198.24948120117188,7144344.0
2024-05-08,199.0775181361607,200.8518275669643,195.64718656994046,198.72265625,6404728.0
2024-05-09,198.72264835133274,201.08839416503906,198.13121189790613,201.08839416503906,5644446.0
2024-05-10,200.85180549105172,202.50782744445263,199.4323581024224,200.9700927734375,11621618.0
2024-05-13,201.79811327222367,205.58330648717745,200.378665816616,201.56153869628906,7012184.0
2024-05-14,202.27124798513677,218.35831800032892,202.15296070561328,215.63771057128906,15253148.0
2024-05-15,214.33656437040074,222.4983871858299,213.8634152216802,222.02523803710938,9546292.0
2024-05-16,221.90694701690754,221.90694701690754,216.34744461296583,220.8423614501953,6310784.0
2024-05-17,220.8423462070804,230.89676475426938,220.01433526790012,230.30532836914062,6960668.0
2024-05-20,230.3053565693244,230.54193115234375,225.45557761742802,230.54193115234375,4211224.0
2024-05-21,231.25165490140176,235.50999739574982,227.11159969856337,230.54193115234375,7553170.0
2024-05-22,231.4882246115773,232.5528102127547,227.34816949588736,229.4773406982422,5727742.0
2024-05-23,229.477358287579,233.73570101868873,227.11161232585138,229.24078369140625,8011690.0
2024-05-24,228.05792947860962,228.4127914020722,220.84240370153742,221.197265625,5199742.0
2024-05-27,221.19720690905174,228.05786894152502,218.003450445659,225.69212341308594,5188626.0
2024-05-28,225.69214722376506,230.42363877981884,223.6812633124422,227.93960571289062,6346202.0
2024-05-29,227.93958166510305,229.12245442932257,223.3263778846469,225.69212341308594,4394258.0
2024-05-30,225.57387711864953,225.69216441656178,221.1972470958965,224.62757873535156,3880878.0
2024-05-31,225.69214010238647,235.15512291590372,225.10070367654163,227.11158752441406,10501436.0
2024-06-03,228.88591077139347,235.98314831469247,227.93961243228694,235.03684997558594,7694620.0
2024-06-04,235.03684140802397,235.1551286961005,224.74584734536768,232.7893829345703,12280668.0
2024-06-05,232.78937348865327,242.72550528390067,231.48821337260895,238.4671630859375,8044370.0
2024-06-06,238.94032847035777,242.25237262737264,235.6282843133429,236.8111572265625,3616290.0
2024-06-07,235.15516781637854,239.17693628003894,232.9077089690389,233.4991455078125,4423802.0
2024-06-10,233.49910382871275,234.918551268401,228.64932507644465,229.9504852294922,3590458.0
2024-06-11,230.54193984541516,240.59636000286014,230.54193984541516,235.8648681640625,5754232.0
2024-06-12,236.57459270746705,236.57459270746705,231.1333770751953,231.1333770751953,5961352.0
2024-06-13,243.43523443243802,254.08109016563503,242.72551071689156,248.87644958496094,12210268.0
2024-06-14,249.11300728161555,261.88803329605736,249.11300728161555,261.6514587402344,10790406.0
2024-06-20,263.30749624250643,271.3510316173899,263.30749624250643,269.45843505859375,6498718.0
2024-06-21,271.1144363456487,275.8459273813494,266.85609441351806,271.58758544921875,7558602.0
2024-06-24,273.0070648873948,276.0825344225214,263.0709325431395,265.2001037597656,5979814.0
2024-06-25,265.2000882736327,271.3510269847071,260.7051715232321,269.93157958984375,9342752.0
2024-06-26,269.6950565777899,270.6413550219225,262.59781824679544,264.72698974609375,6444192.0
2024-06-27,264.49041513506063,268.03903430055783,262.83439285782856,264.72698974609375,9180028.0
2024-06-28,265.9098385312142,266.38298771009534,257.15657872191264,257.8663024902344,13200208.0
2024-07-01,259.2857388382784,263.3075066852225,258.3394405213504,262.1246337890625,7577434.0
2024-07-02,262.1246314775417,266.1463992890202,259.522311128938,262.3612060546875,9190236.0
2024-07-03,262.5977708296342,262.8343453979492,253.60793723366479,260.2320251464844,7166726.0
2024-07-04,260.7051952162759,261.4149189782077,257.156576406617,258.1028747558594,6571646.0
2024-07-05,258.8126221254482,261.8880920410156,256.44687603655007,261.8880920410156,5286260.0
2024-07-08,262.5977622555534,267.09267890677455,262.5977622555534,264.2537841796875,7245558.0
2024-07-09,264.9635287398466,266.85612537370264,261.8880592098305,262.1246337890625,7055336.0
2024-07-10,263.54403956292083,265.9097849809004,256.9199523925781,256.9199523925781,9294008.0
2024-07-11,259.52233027408,269.9316124363949,258.1028827064916,269.6950378417969,10452184.0
2024-07-12,269.93160348692743,273.716796875,268.27558137964564,273.716796875,6026574.0
2024-07-16,273.7167647676932,281.05057609681893,273.24361564968507,277.02880859375,8257088.0
2024-07-17,277.74096034517225,283.91298168617607,276.31664772801753,282.96343994140625,7434962.0
2024-07-18,283.4382978095383,294.1206457169329,283.4382978095383,289.6103210449219,10118480.0
2024-07-19,290.3224218382498,295.3075165713677,287.7111817399499,291.7467346191406,5807260.0
2024-07-22,292.45888203823114,295.30750751262946,287.9485583704337,292.22149658203125,4246102.0
2024-07-23,292.6962872761052,294.59537105405235,288.66073424796747,291.984130859375,5159756.0
2024-07-24,293.8832359344507,299.58048768116055,293.64585044500444,296.4944763183594,8157992.0
2024-07-25,297.9187548141106,297.9187548141106,289.13549271998943,291.0345764160156,6068566.0
2024-07-26,291.27198164959344,293.40845095264666,289.84766878089124,290.7972106933594,3385040.0
2024-07-29,291.03461111129224,293.40846601432077,282.7261189506926,284.3878173828125,5972022.0
2024-07-30,285.0999328960354,293.4084238630306,283.43823470263635,292.22149658203125,7349812.0
2024-07-31,292.22149860677865,297.6813641372059,289.847644028332,296.9692077636719,9030014.0
2024-08-01,297.68140979841644,299.58049375247333,290.5598449707031,290.5598449707031,8032492.0
2024-08-02,290.5598480847417,291.03461907834424,278.2158022510762,279.16534423828125,5468814.0
2024-08-05,261.12400208888033,275.1297440191021,261.12400208888033,264.6847839355469,8739200.0
2024-08-06,269.19508618380115,272.0437114344234,264.4473774327641,268.24554443359375,6840950.0
2024-08-07,269.43247299467794,273.468025453629,263.9726079031558,264.9221496582031,5345774.0
2024-08-08,264.92215438549067,265.39692527148617,258.9875183105469,258.9875183105469,5674596.0
2024-08-09,261.36138597054224,274.4175859963187,261.36138597054224,268.0081787109375,8373222.0
2024-08-12,271.5689787326389,278.69054286024306,266.1091129014757,267.05865478515625,6770856.0
2024-08-13,268.008155789321,271.33155187528246,263.0230616603788,270.8567810058594,4162712.0
2024-08-14,271.8063605671198,273.46805884132925,265.63433840577034,269.6698913574219,5879440.0
2024-08-15,270.61939746349844,272.51848095447036,264.44737611783967,271.5689392089844,4998780.0
2024-08-16,272.0437311954636,276.3166693817798,263.9726257324219,263.9726257324219,5549378.0
2024-08-19,266.82129214884617,274.65501335962193,263.4978952715474,272.2811584472656,4358414.0
2024-08-20,271.5689367111043,273.2306347504205,266.34645715896767,266.82122802734375,3708904.0
2024-08-21,266.821251189966,269.66987664751014,263.9726257324219,263.9726257324219,3186828.0
2024-08-22,266.82122802734375,268.957696935036,263.2604465145233,266.82122802734375,4224140.0
2024-08-23,266.5838635902265,267.77079085465317,259.22491455078125,259.22491455078125,5265168.0
2024-08-26,260.174468909291,262.07355262395737,254.95198869395853,256.138916015625,5573854.0
2024-08-27,254.9519957945235,264.9221855741976,252.10337014318804,263.0231018066406,6692650.0
2024-08-28,263.49786195005504,268.7203420968129,262.3109346439737,262.78570556640625,4134890.0
2024-08-29,263.49784511990015,264.21000145806204,256.37628173828125,256.37628173828125,8607348.0
2024-09-02,258.27539236111113,267.53342572699654,258.03800689019096,267.05865478515625,6258050.0
2024-09-03,267.05869435202516,268.2456218824786,262.3109842302114,266.58392333984375,4820950.0
2024-09-04,265.15955484843573,268.2455657822134,262.07354391465805,264.6847839355469,7577618.0
2024-09-05,265.15958388515804,265.87174033247715,258.2754048944064,259.9371032714844,6831566.0
2024-09-06,260.1744887539241,264.21004195539916,259.2249468241652,259.9371032714844,4192804.0
2024-09-09,258.2754262334777,265.1596057930097,258.2754262334777,260.4118957519531,6106898.0
2024-09-10,261.3614105497088,268.0082039151873,260.88663959503174,265.8717346191406,7034364.0
2024-09-11,265.63434195963544,271.33159326171875,264.68480007595485,267.05865478515625,7996190.0
2024-09-12,268.2455657822134,269.9072639773245,255.66413659065827,264.6847839355469,7297434.0
2024-09-13,264.92217141038,269.6698805754405,260.64923316182546,269.4324951171875,4860818.0
2024-09-16,269.43250588967766,272.28113150260816,267.533422147724,269.6698913574219,4712302.0
2024-09-17,271.094199106384,289.37287978168314,271.094199106384,283.6756286621094,11008198.0
2024-09-18,284.1503910712359,293.1710384068307,283.91300561503607,292.22149658203125,7708216.0
2024-09-19,294.12057277313306,295.78227092439374,287.94855106845074,289.37286376953125,7849022.0
2024-09-20,289.6102514434279,291.7467205114532,270.6194152832031,270.6194152832031,9558328.0
2024-09-23,273.2306734264406,277.7409973144531,268.9577350062183,277.7409973144531,7560516.0
2024-09-24,277.50360641019495,281.77654474670777,274.4175953893801,275.6045227050781,6331430.0
2024-09-25,275.3671648500223,276.07932131084135,264.2100469638576,266.109130859375,9428844.0
2024-09-26,268.00819863095364,268.95774052158595,255.66415405273438,255.66415405273438,9999248.0
2024-09-27,254.7145931136656,254.95197856857115,236.4359130859375,236.4359130859375,20728460.0
2024-09-30,236.19853567896922,240.47147401286014,233.11252466004802,235.60507202148438,15438446.0
2024-10-01,236.5546137071075,237.86023375265603,225.5161896856519,229.55174255371094,10877332.0
2024-10-02,230.74857078192062,232.9028624178514,222.84950145017436,223.0888671875,15196998.0
2024-10-03,224.52506643564914,231.34699009600735,224.16601782194607,228.5942840576172,16827248.0
2024-10-04,230.9879489351459,234.8178009382157,228.35492568303545,230.2698516845703,10517204.0
2024-10-07,231.22729445998735,231.22729445998735,220.57551950815562,221.41329956054688,12698550.0
2024-10-08,225.7218820597541,235.29651120332798,224.28568768821802,231.46665954589844,14973312.0
2024-10-09,232.06510105722958,235.53590452843105,225.12349411482663,232.18478393554688,10235730.0
2024-10-10,229.91078683979487,231.70602983958503,222.25108337402344,222.25108337402344,8638142.0
2024-10-11,222.61013571284872,229.43205922662958,221.4133070262205,223.0888671875,11198284.0
2024-10-14,223.2085526645088,226.0809415459824,219.85743230278965,224.166015625,11427956.0
2024-10-15,225.00378150471005,229.43204741730275,222.37075852965492,223.9266357421875,13600228.0
2024-10-16,226.20062367390778,226.32030654357652,221.53299175682713,225.9612579345703,10567842.0
2024-10-17,225.96123887933612,228.2352132112786,224.0463131261214,225.1234588623047,11389990.0
2024-10-18,225.36285306057547,227.63682767988027,220.33617232316485,220.69522094726562,9409688.0
2024-10-21,220.8148840766774,221.772346988663,213.39454650878906,213.39454650878906,10398686.0
2024-10-22,214.35201484605622,221.17393826661748,213.87328337794665,220.45584106445312,9706214.0
2024-10-23,220.45583031739903,220.69519603978492,215.07010156371663,216.14724731445312,7735148.0
2024-10-24,217.8228153264861,229.43205328619445,217.8228153264861,227.63681030273438,17862026.0
2024-10-25,227.63681848998573,229.1926957982769,222.84950369524364,227.5171356201172,9145142.0
2024-10-28,228.11552483262616,228.35489054598673,225.60218484234017,226.32028198242188,2494602.0
2024-10-30,226.79903624359164,233.86032549866917,223.80696452533846,232.90286254882812,15506222.0
2024-10-31,231.7060325761572,233.86032420134876,223.32823181152344,223.32823181152344,10984964.0
2024-11-01,224.1660152476321,227.27776986399004,222.25108932987337,222.61013793945312,8321060.0
2024-11-04,221.77234815442884,222.6101282068201,216.7456678400813,221.41329956054688,10742174.0
2024-11-05,222.49045092541238,224.2856939398724,217.34408761729364,220.2164764404297,6706346.0
2024-11-06,220.9345774539231,236.37366764436518,220.4558459751497,235.77525329589844,19842706.0
2024-11-07,236.13428836008003,237.21143412553403,231.94538816109232,233.74063110351562,8310092.0
2024-11-08,233.62097452428443,237.8098751945457,232.54382863764584,236.25399780273438,9746636.0
2024-11-11,237.33111857396764,238.64763007387367,232.18475543797138,235.05714416503906,9439942.0
2024-11-12,232.30446804556877,232.42415092452063,225.00381242950505,225.4825439453125,13158130.0
2024-11-13,225.36284469976658,228.83364793730945,224.7644303484661,225.72189331054688,12555860.0
2024-11-14,227.87618422972284,229.07301292840836,225.24316109261468,227.5171356201172,7496302.0
2024-11-15,228.59427914598982,228.9533277519783,223.0888671875,223.0888671875,11719238.0
2024-11-18,223.8069707923379,225.12348238523398,218.89997303699786,220.0968017578125,9684236.0
2024-11-19,221.05424672111135,222.13139248206966,217.94249230056514,219.01963806152344,10333664.0
2024-11-20,219.97711592321997,221.05426175744685,212.31741221316227,212.55677795410156,7687128.0
2024-11-21,214.23233375026754,219.61806281102847,213.03550507009845,218.42123413085938,9059810.0
2024-11-22,219.01965221235986,224.8841128453684,217.34409203150028,224.166015625,11898968.0
2024-11-25,225.24315450681297,231.70602929074914,225.0037887740746,228.9533233642578,12244986.0
2024-11-26,228.1155522114739,229.55174666401203,226.43999201684608,227.0384063720703,5402856.0
2024-11-27,228.35490903241185,230.50920062705725,227.51712896782755,228.9533233642578,7778034.0
2024-11-28,229.55174332292972,233.50127800992485,229.07301184571818,232.6634979248047,9169602.0
2024-11-29,232.0650808622366,232.78317806964944,226.08093746712996,226.67935180664062,11739470.0
2024-12-02,225.24314997023714,234.33904763109686,224.04632133065033,233.26190185546875,8626392.0
2024-12-03,233.86032160724778,241.52002507851893,233.74063874050916,240.3231964111328,10506228.0
2024-12-04,240.32318651476123,245.82859815802766,239.12635789665984,242.47747802734375,8637928.0
2024-12-05,243.4349614421449,245.82861888012076,241.04130400416904,244.6317901611328,5328004.0
2024-12-06,246.30734141822,248.9403645043234,243.67431833211657,246.5467071533203,8463570.0
2024-12-09,248.940355424192,251.812744140625,246.30733243412843,251.812744140625,6752712.0
2024-12-10,251.5733784142556,253.96703567794972,249.89781832966966,251.812744140625,7720850.0
2024-12-11,255.1638683333273,264.02040034864916,254.68513687303962,257.5575256347656,10055984.0
2024-12-12,258.99369367912635,261.3873507371589,255.88193950368395,256.60003662109375,6542430.0
2024-12-13,256.36070169257755,256.36070169257755,250.85528979815246,253.2489471435547,7013192.0
2024-12-16,253.2489365843537,253.48830230891357,244.3924047756381,245.5892333984375,7524086.0
2024-12-17,246.30734884175638,250.1372007187905,242.7168627070369,248.22227478027344,9267282.0
2024-12-18,248.4634781636195,249.18715819710576,244.3626246405306,244.60385131835938,6141518.0
2024-12-19,243.63896480119558,245.32755168595637,241.70915121861188,242.1916046142578,4475796.0
2024-12-20,242.19160425187118,243.63896443664333,238.69381713867188,238.69381713867188,5470144.0
2024-12-23,239.05565327879367,240.6236267866768,234.59295944866483,236.88461303710938,5523354.0
2024-12-24,237.3670609964434,238.69380778046823,233.9898873643802,235.79908752441406,4258416.0
2024-12-25,242.67406414352985,248.9459584454501,242.67406414352985,246.53369140625,6430896.0
2024-12-26,247.73980275452365,253.2880164481498,247.4985760721921,249.9108428955078,5888194.0
2024-12-27,249.9108693206904,253.52926993826796,249.1871891971749,251.84068298339844,5768744.0
2024-12-30,252.8055877685547,258.5950287098193,249.1871871802643,252.8055877685547,7624784.0
2024-12-31,252.80556809236782,261.0072754541431,249.91084784703537,254.9766082763672,10475360.0
2025-01-02,255.70025542810586,261.97214848577636,253.77044217959184,256.1827087402344,9978764.0
2025-01-03,256.66516205236286,259.3186552690696,253.28798886746335,256.1827087402344,7841504.0
2025-01-06,256.6652054076119,258.8362456789169,255.2178452267419,257.3888854980469,6299950.0
2025-01-07,256.66521197614003,257.8713454910655,253.0468114313636,254.25294494628906,7450866.0
2025-01-08,254.49417971493153,258.5950337956461,252.32313931925913,257.630126953125,11067282.0
2025-01-09,258.8362246625403,261.00726475756625,252.5643310546875,252.5643310546875,9020570.0
2025-01-10,253.77049561713895,256.66521609946375,251.84068196225576,252.32313537597656,9284158.0
2025-01-13,252.0819076508966,252.8055877685547,247.01614682729007,252.8055877685547,8050282.0
2025-01-14,254.73539517597087,256.4239820758116,248.22227427658524,248.4635009765625,8622240.0
2025-01-15,248.9459415491616,250.15207498689978,242.91527436047068,247.25735473632812,10488922.0
2025-01-16,249.4284034910656,251.35821705772764,241.70914922441756,243.15650939941406,11923762.0
2025-01-17,244.12141121675083,247.2573581987842,241.46791761656874,245.5687713623047,9932844.0
2025-01-20,248.46351059209144,252.3231379410948,246.53369691758977,251.11700439453125,10859294.0
2025-01-21,250.39330805982405,255.2178419338091,249.1871745913278,251.5994415283203,8584858.0
2025-01-22,251.5994415283203,253.04680169051582,247.98104112283153,251.5994415283203,9144256.0
2025-01-23,252.8055815761529,254.25294177601637,247.73982087663074,248.4635009765625,11930286.0
2025-01-24,248.94595538781311,250.152088892599,246.53368837824127,247.98104858398438,8422250.0
2025-01-27,246.77492376038865,246.77492376038865,242.43284299041113,243.8802032470703,8670494.0
2025-01-28,244.36262496145147,252.56433201840048,242.432811536287,252.08187866210938,13546590.0
2025-01-29,252.08188572610504,267.7616202449537,252.08188572610504,263.6607666015625,32254496.0
2025-01-30,263.90198748144087,268.7265210734234,263.4195341222426,266.55548095703125,13388328.0
2025-01-31,267.27914806019174,269.2089614035866,263.9019747092507,265.3493347167969,11831888.0
2025-02-03,263.90203329396803,268.00288755904796,256.424004928234,259.3187255859375,10336152.0
2025-02-04,261.4897413854877,261.9721947828779,255.94152731550042,256.4239807128906,6450356.0
2025-02-05,257.1476830172252,264.3844846030758,256.66522957816846,260.28363037109375,17348884.0
2025-02-06,262.4546615058113,266.31428888089675,261.24852795109706,264.6257019042969,8681196.0
2025-02-07,264.62571864412604,271.13884025159314,262.45467810830365,270.8976135253906,13371394.0
2025-02-10,271.1388209981338,271.62127441627996,264.6256998531608,265.5906066894531,11918216.0
2025-02-11,265.59057923447386,272.103699706164,261.48972560415046,271.6212463378906,11401048.0
2025-02-12,271.6212671664798,274.9984410033632,267.0379598164238,268.9677734375,13746086.0
2025-02-13,270.89756547139575,280.305406124454,268.9677520041017,279.58172607421875,16610618.0
2025-02-14,277.41065938059035,277.8931127012522,269.69140625,269.69140625,12417638.0
2025-02-17,270.1738951094314,271.62125526180336,267.2791748046875,267.2791748046875,7329076.0
2025-02-18,267.27916506503493,274.27473887991397,265.5905782821331,272.10369873046875,10495272.0
2025-02-19,272.34490328952,273.7922632715723,266.3142366976351,267.7615966796875,10350422.0
2025-02-20,260.5248156396028,262.21340240763726,250.15206835024824,258.112548828125,32578744.0
2025-02-21,258.11255618929863,261.0072764456272,245.3275417238474,247.01612854003906,14323674.0
2025-02-24,250.39331508447407,253.28803549007492,247.25736797840648,248.22227478027344,8966112.0
2025-02-25,249.18717628380705,250.39330976049538,243.15650890036545,243.39773559570312,9441972.0
2025-02-26,243.63895685532515,248.945944034352,243.1565034754136,246.0512237548828,10709496.0
2025-02-27,246.05123198931636,251.84067274200615,244.6038718011439,249.42840576171875,11778162.0
2025-02-28,249.42840144945228,250.63453491874364,243.88018749071205,244.1214141845703,14079226.0
2025-03-03,247.01614533777354,254.73539987957895,246.7749186333421,253.52926635742188,14519380.0
2025-03-04,254.25293216032566,256.42397237801345,251.11698517922107,253.0467987060547,10344634.0
2025-03-05,255.7002898185484,265.1081306703629,255.21783644153228,261.73095703125,14682790.0
2025-03-06,264.62569680424997,269.2090042238313,260.5248427972561,267.0379638671875,12226992.0
2025-03-07,266.3142827328956,271.8624969564976,265.3493759113996,267.5204162597656,11330280.0
2025-03-10,254.73539311835106,261.4897406631558,247.73981887551756,249.42840576171875,24615494.0
2025-03-11,250.39331305800195,253.04680674166093,245.81000578622735,249.1871795654297,18499954.0
2025-03-12,250.63453724297025,253.0468042039228,247.49859019373193,250.393310546875,20516434.0
2025-03-13,251.35820845401648,257.8713290185639,251.35820845401648,254.73538208007812,23901682.0
2025-03-14,257.14765245057606,258.59501259570123,253.0467987060547,253.0467987060547,19269440.0
2025-03-17,254.01171456160301,254.49416796058043,248.70472717285156,248.70472717285156,13705626.0
2025-03-18,248.94594806173572,249.42840144945228,244.1214141845703,244.1214141845703,13830782.0
2025-03-19,226.75309684745045,235.79909805147108,219.7575225830078,219.7575225830078,32807602.0
2025-03-20,220.72242246085696,231.09517018306116,214.93298187171973,219.3956756591797,62773436.0
2025-03-21,219.63690973638177,221.2048832820012,197.56466674804688,197.56466674804688,36833758.0
2025-03-24,200.21815590236497,206.61066328960916,192.4989016989003,199.73570251464844,49168914.0
2025-03-25,204.56021947719316,219.6368865966797,202.3891794119871,219.6368865966797,44579592.0
2025-03-26,219.63691006666136,229.52720475390257,218.55138991806172,223.0140838623047,33418112.0
2025-03-27,226.6324693466046,230.97454965340492,221.3254823049598,222.77284240722656,18210404.0
2025-03-28,222.77284584524068,223.73775259497643,218.79260550258073,221.08425903320312,15543756.0
2025-04-02,218.91323885040967,221.20489259044152,214.4505447250845,215.17422485351562,12351994.0
2025-04-03,215.65665107339115,218.91321124060678,213.24438428286103,213.48561096191406,9825498.0
2025-04-04,213.7268579799107,215.65667159598215,209.74661739676338,211.0733642578125,12955612.0
2025-04-07,206.97249593998188,222.8934571661343,202.63041560557667,218.31015014648438,26154582.0
2025-04-08,221.8079526687051,226.994326765907,219.03384559345756,225.54696655273438,14007886.0
2025-04-09,224.34083325633412,225.1851267148257,220.2399793150893,221.80795288085938,12826458.0
2025-04-10,229.6478283426036,233.26622899926227,221.92857360839844,221.92857360839844,16293656.0
2025-04-11,223.375932838291,228.07985367019884,220.2399856170191,222.41102600097656,13485358.0
2025-04-14,224.3408345562194,226.02942148298663,223.49654109283577,224.8232879638672,8162242.0
2025-04-15,225.5469701207917,228.20046388691867,223.01408970767054,223.85838317871094,8661912.0
2025-04-16,223.61714823449466,227.83861543417498,218.5513875948783,220.481201171875,13172944.0
2025-04-17,220.48119182534697,226.27063231091407,218.7926050170566,221.3254852294922,15825566.0
2025-04-18,222.0491763849221,222.41101643334946,216.0185089111328,216.0185089111328,7698946.0
2025-04-21,216.38035200096502,217.5864855126761,213.24440487051626,214.57115173339844,9054984.0
2025-04-22,215.65666786130092,217.94832149069953,215.05360111672235,216.50096130371094,8899188.0
2025-04-24,217.1040287419261,224.2202163506892,216.2597352968186,223.4965362548828,15183508.0
2025-04-25,224.70265149482134,226.27062490836545,223.7377447787942,224.94387817382812,8389098.0
2025-04-28,225.78819580078124,227.95923614501953,223.49654210408528,224.34083557128906,8855592.0
2025-04-29,224.340836590734,225.90881017980902,222.65224964865322,223.85838317871094,7525694.0
2025-04-30,224.82328793003396,227.47678167169747,216.9834200569373,217.58648681640625,11520940.0
2025-05-02,218.79261645053296,227.11493758343636,218.06893635201962,226.7530975341797,10249656.0
2025-05-05,227.83861367108955,229.64781388552382,226.27064015191317,228.6829071044922,12409146.0
2025-05-06,228.20046997070312,229.52721688913743,227.5974031895966,228.20046997070312,7469220.0
2025-05-07,229.16535980847416,237.12584072813695,229.16535980847416,236.40216064453125,13604802.0
2025-05-08,239.29688047512104,240.50301394525775,233.26621312443754,236.6433868408203,5498548.0
2025-05-09,229.88902826931707,231.81884172803117,224.5820412578533,230.97454833984375,19580284.0
2025-05-12,235.91971490754554,242.19160916889132,235.67848820518608,240.02056884765625,13156794.0
2025-05-13,240.0205560549341,244.12140977647567,238.5731959179194,238.81442260742188,11042362.0
2025-05-14,239.41750310338875,242.6740635990016,236.2815559594653,239.53811645507812,11621156.0
2025-05-15,239.6587155262228,242.4328224497775,237.84951535868717,239.05564880371094,7263074.0
2025-05-16,239.53810366734803,240.98546381035314,235.55786327408393,238.33197021484375,8858366.0
2025-05-20,236.76398091612504,237.6082742764984,226.39123391725252,227.1149139404297,15061896.0
2025-05-21,225.78819426999598,228.92414141263484,225.06451416015625,225.06451416015625,8924658.0
2025-05-22,226.75310613225915,232.30132043123996,225.7881992976538,229.88905334472656,12877358.0
2025-05-23,230.61273347068058,232.90438720286832,228.9241465101212,229.88905334472656,11357706.0
2025-05-26,231.81885205645895,233.98989229424055,229.64781181867733,233.38682556152344,7436058.0
2025-05-27,233.5074429176573,235.3166431468747,230.6127225509095,231.45701599121094,6942118.0
2025-05-28,230.37150319417316,232.66315689086915,230.2508898417155,231.57763671875,7934102.0
2025-05-29,232.6631538438501,233.74867400175296,231.6982470368253,233.02499389648438,10093662.0
2025-05-30,233.025001077091,233.025001077091,227.95924018411074,229.6478271484375,11630486.0
2025-06-02,231.4570173412684,236.643391361943,230.00965714945224,234.47235107421875,10374782.0
2025-06-03,236.76400936622275,241.46793008210796,236.04032925608655,239.53811645507812,9436280.0
2025-06-04,240.0205659912583,248.70472717285156,234.95480530199558,248.70472717285156,12823206.0
2025-06-05,247.98104112283153,251.5994415283203,245.568774185839,251.5994415283203,3977454.0
2025-06-10,253.28802539690886,257.14765245057606,249.6696250340959,253.0467987060547,8049998.0
2025-06-11,250.8757639390655,252.56435081173228,247.25736349763667,250.393310546875,9384214.0
2025-06-12,248.46351072649102,250.39332440203657,241.70916286208154,243.8802032470703,10617212.0
2025-06-13,239.77932936543166,239.77932936543166,229.40658171682645,238.81442260742188,13497906.0
2025-06-16,237.849529531427,241.9503834888654,234.95480909088226,239.53811645507812,9455592.0
2025-06-17,239.5381099480995,245.08632397509476,239.2968832512736,242.67405700683594,8132354.0
2025-06-18,242.1877449011877,242.4309052876347,232.46132944330867,234.1634521484375,9760850.0
2025-06-19,235.62240061474148,237.9324241501801,231.0023535438642,231.24551391601562,8506606.0
2025-06-20,236.35188136560586,236.35188136560586,227.23336742403154,228.2060089111328,9625172.0
2025-06-23,225.65282428075398,226.74704595021885,219.57381500594917,222.1269989013672,10176706.0
2025-06-24,232.46130876599645,240.12086025776307,231.73182767154248,237.8108367919922,14510866.0
2025-06-25,238.05401191831513,239.14823362784773,229.54339862195042,231.73184204101562,10112320.0
2025-06-26,231.85341687533946,232.33973762389812,227.35494995117188,227.35494995117188,7919964.0
2025-06-27,228.32759699538883,230.2728800368831,224.4370309124003,227.71969604492188,10011540.0
2025-06-30,229.05707508798437,245.59198072066266,228.57075433408207,240.60719299316406,22105308.0
2025-07-01,240.85034733433878,243.16037085748488,238.4187436257639,241.215087890625,12787354.0
2025-07-02,241.45824444293976,249.72569692134857,241.21508407592773,248.9962158203125,14320842.0
2025-07-03,252.64361851884814,253.85942034040178,244.1330057679726,246.80776977539062,9605166.0
2025-07-04,246.56460571289062,248.26672823753583,244.13300210625462,246.56460571289062,5703424.0
2025-07-07,243.16038145078673,245.105664502393,241.33667858990583,242.91722106933594,6241676.0
2025-07-08,244.8624954848993,245.10565585777408,235.25766075634567,237.32452392578125,8591406.0
2025-07-09,237.81085099845097,240.97193592992323,235.86556796369882,239.75613403320312,7441708.0
2025-07-10,241.7014154957865,246.32146267327136,241.7014154957865,242.67405700683594,8085670.0
2025-07-11,244.133010471823,246.32145379278558,238.90506253841247,241.093505859375,9176802.0
2025-07-14,241.0935145513806,245.10566078445953,239.99929285144998,242.67405700683594,8650470.0
2025-07-16,242.30931963127497,242.55248001223964,234.89292801185312,236.8382110595703,11203544.0
2025-07-17,238.9050643674789,244.3761727117723,236.23030028804655,241.215087890625,12900262.0
2025-07-18,241.21508751674963,241.9445686281914,238.0540027005019,238.1755828857422,7824920.0
2025-07-21,239.26980626038792,243.8898533324889,238.90506570206415,242.30931091308594,10479024.0
2025-07-22,242.55246798197427,247.29409517560686,241.9445670597137,245.10565185546875,14670984.0
2025-07-23,246.07828869769497,246.80776979067232,242.79562377929688,242.79562377929688,7221960.0
2025-07-24,244.3761885201333,250.69835857140043,243.16038658719734,247.2941131591797,14851194.0
2025-07-25,248.2667425793911,250.21202557707485,246.07829920699686,248.50990295410156,8211880.0
2025-07-28,249.72570381534908,252.15730755259688,246.80777933065173,250.45518493652344,7113104.0
2025-07-29,251.67098630097203,254.10259003334858,250.2120240615461,251.42782592773438,8098342.0
2025-07-30,251.9141383244441,255.31838343693659,251.67097795926608,252.88677978515625,7321416.0
2025-07-31,254.1025979691918,258.47948482416353,252.64363568420123,257.9931640625,9305594.0
2025-08-01,259.2089473839962,259.2089473839962,253.61625902580494,256.77734375,7257084.0
2025-08-04,257.0205078125,258.965790747694,256.5341870787015,257.0205078125,7438228.0
2025-08-05,257.50682530566314,258.7226271248589,255.80470275878906,255.80470275878906,5521764.0
2025-08-06,255.80471596021331,260.18160273519794,255.80471596021331,259.6952819824219,7606522.0
2025-08-07,260.91108117180124,261.39740191955855,257.0205151897427,257.5068359375,7047054.0
2025-08-08,257.9931714119826,259.9384545140522,256.7773694731891,258.4794921875,4634232.0
2025-08-11,259.20892997656614,263.5858162238252,259.20892997656614,261.6405334472656,6151834.0
2025-08-12,261.8837512207031,262.8563928222656,259.93846801757815,261.3974304199219,4822534.0
2025-08-13,261.1542544119699,261.1542544119699,252.88680129278274,255.3184051513672,8940370.0
2025-08-14,254.34570186061822,260.1815497044565,253.37306055331183,258.23626708984375,8301716.0
2025-08-15,252.88680184183795,259.69529266065666,249.96887720520138,254.34576416015625,8328170.0
2025-08-18,254.3457562686833,257.5068411936287,254.10259588984133,254.8320770263672,10650560.0
2025-08-19,255.8047147200009,257.02051659604655,247.53726196289062,247.53726196289062,7671612.0
2025-08-20,248.26672688980548,251.91413227995935,247.05092509308753,249.48252868652344,7415534.0
2025-08-21,250.9415022448015,259.93843594931474,250.9415022448015,257.263671875,13359860.0
2025-08-22,257.99314275557583,258.4794634770755,253.85941662282863,254.58889770507812,6865608.0
2025-08-25,257.0204929739435,259.45209650255225,255.80469120963915,256.0478515625,6893512.0
2025-08-26,256.53418156638077,261.39738879986663,255.31837975800929,260.66790771484375,10379038.0
2025-08-27,261.15424901331295,262.12689053663996,257.75000368166826,257.9931640625,6690456.0
2025-08-28,259.208945544798,265.04479422498105,258.9657851831237,260.66790771484375,9629256.0
2025-08-29,260.66789366524176,261.1542143623784,254.10256425389704,257.7499694824219,11188428.0
2025-09-01,257.74999631137865,257.74999631137865,252.88678883380547,257.5068359375,7623074.0
2025-09-02,258.4794826938079,260.4247657244292,245.59198261594165,247.78042602539062,13062004.0
2025-09-03,248.26673889160156,249.9688614892913,243.88985221182799,248.26673889160156,9609198.0
2025-09-04,248.2667488719142,254.3457583937534,247.2941073484199,250.94151306152344,9168440.0
2025-09-05,251.9141471788721,254.10259054239512,248.5099019467252,250.45518493652344,7525590.0
2025-09-08,248.02358858394427,248.50990934587358,236.59505067860567,236.8382110595703,11459096.0
2025-09-09,237.20294609167888,243.40353566147675,235.01450271410317,236.4734649658203,16174566.0
2025-09-10,237.93242337153507,241.57982894187032,236.47346114340098,240.24244689941406,9081080.0
2025-09-11,240.24244044017206,245.1056477365318,236.47345478549326,237.8108367919922,11351536.0
2025-09-12,237.8108483649325,239.99929175479383,235.3792445984199,237.56768798828125,7021840.0
2025-09-15,238.29716045135993,256.04786730130814,237.0813586123224,255.07522583007812,17848780.0
2025-09-16,255.56156553722562,259.93845248267763,253.61628245035806,255.3184051513672,14180248.0
2025-09-17,255.31838588253885,258.7487672667572,252.37805898178024,253.6031951904297,9528350.0
2025-09-18,255.3183867068407,256.78855016196644,250.17281461390053,251.15292358398438,9732664.0
2025-09-19,252.13303094161185,260.95401161595396,251.8880037006579,260.708984375,14871218.0
2025-09-22,266.83466378525173,267.5697455036684,263.64930967211285,265.6095275878906,7999398.0
2025-09-23,264.384404263975,269.03992204063445,262.6692135041531,263.6493225097656,11018792.0
2025-09-24,263.89432399781754,265.3644873627079,258.5037249932196,262.9142150878906,8474202.0
2025-09-25,265.8545564350329,265.8545564350329,259.9739026521382,260.708984375,6891654.0
2025-09-26,261.6890819244965,263.89432699689394,257.2785917797016,257.7686462402344,9549558.0
2025-09-29,257.76867801274096,267.07971391053957,257.2786234918042,262.1791687011719,13064988.0
2025-09-30,263.4042856212905,266.58963977298987,260.708985954468,265.1194763183594,11179840.0
2025-10-01,264.3843716121455,282.51638597664856,263.6492899487197,278.10589599609375,17164380.0
2025-10-02,277.86090087890625,280.0661461239769,276.1457101327402,277.86090087890625,7397642.0
2025-10-03,278.8410212898424,282.27140292258207,274.1855033596956,276.1457214355469,11243360.0
2025-10-06,276.39072456937333,281.78132380742846,272.7153159979721,275.16558837890625,7406052.0
2025-10-07,275.41062838438324,280.55620062288153,274.9205738854787,277.86090087890625,6632182.0
2025-10-08,271.9802214258866,275.90065705004355,267.07967689569045,272.47027587890625,24840034.0
2025-10-09,275.4106437451486,276.145725534504,265.3645259572918,266.3446350097656,12402044.0
2025-10-10,267.5697696910185,271.0001513537239,264.87446981317856,266.58966064453125,7287854.0
2025-10-13,263.64932709299165,271.24517201853325,263.404299837329,267.56976318359375,9596264.0
2025-10-14,268.0597919222409,270.02000977907625,264.87443790488334,266.83465576171875,7705118.0
2025-10-15,267.8147888183594,273.20538841031174,266.0995980391018,267.8147888183594,9029110.0
2025-10-16,267.8147499572358,267.8147499572358,258.50371564948193,264.3843688964844,14291992.0
2025-10-17,263.1592731512023,263.6493276635881,254.093264672064,258.25872802734375,10901138.0
2025-10-20,259.2388319845093,263.89434976116877,255.56342321346239,263.6493225097656,12124196.0
2025-10-21,263.8943649175513,264.8744739794549,255.80846515684635,256.78857421875,9810776.0
2025-10-22,258.2587229788968,267.0797040294094,257.2786139732843,263.6493225097656,11780546.0
2025-10-23,263.89435115723546,271.0001414855176,263.4042966518367,268.059814453125,9035246.0
2025-10-24,271.0001284950658,287.6619808799342,268.5498560855263,283.986572265625,19523540.0
2025-10-27,283.9865870791974,285.9468051090797,274.43052418352124,277.1258239746094,11063522.0
2025-10-28,277.8609041139852,281.2912856462566,276.1457133478495,277.370849609375,5113650.0
2025-10-30,278.3509457236842,279.8211091694079,258.9937936883224,260.708984375,26426174.0
2025-10-31,260.70899230164366,265.8545645181235,257.52363807239425,264.1393737792969,19232432.0
2025-11-03,264.87443451383217,268.30481571937673,262.17913499519005,262.669189453125,13740828.0
2025-11-04,262.6692314040493,263.8943677445533,258.0137133101342,260.95404052734375,11674648.0
2025-11-05,260.9540196923966,262.9142376806963,256.2985019701849,259.4838562011719,11157436.0
2025-11-06,262.17914626258994,271.7352086030021,261.68909178359445,270.2650451660156,21248458.0
2025-11-07,272.96033033192583,275.65562982353373,268.79486748125913,272.47027587890625,10664424.0
2025-11-10,274.43052634214746,277.86090792142426,264.6294361156422,267.56976318359375,10587432.0
2025-11-11,272.4703096406954,283.25150894302504,265.6095464483038,271.9802551269531,30985702.0
2025-11-12,273.2053704741589,281.29126933124166,270.2650436170379,275.16558837890625,14742910.0
2025-11-13,275.4106171954683,277.37083511145033,268.30482725003367,270.2650451660156,9087362.0
2025-11-14,269.284928082763,269.77498254697184,261.4440566554214,266.83465576171875,9365332.0
2025-11-17,268.0597755714699,268.7948572229456,260.9539862738715,264.62939453125,12431504.0
2025-11-18,263.1592789818259,271.2451786153457,261.689115412095,266.58966064453125,9931116.0
2025-11-19,267.32471512324133,274.92055945763224,266.099578940275,270.7550964355469,10951264.0
2025-11-20,272.9603448004909,274.6755354769751,268.0598000105359,270.2650451660156,6358390.0
2025-11-21,268.79486242698056,270.5100529802977,264.13934521083416,268.5498352050781,9641820.0
2025-11-24,267.8147956919447,268.3048502128815,260.95403239882995,262.1791687011719,13001164.0
2025-11-25,263.89432399781754,266.5896235001165,261.4440517230003,262.9142150878906,9043250.0
2025-11-26,263.40427293689976,268.3048175496793,261.93410955306587,267.0796813964844,7646358.0
2025-11-27,269.28496216718713,269.5299894303056,264.87447143105487,266.3446350097656,6389730.0
2025-11-28,267.07967633863626,269.03989414662624,263.15924072265625,263.15924072265625,8040716.0
2025-12-01,262.9142184756218,267.0796813964844,261.4440550917879,267.0796813964844,10533228.0
2025-12-02,267.07969741890713,272.2252695710145,264.6294249655226,269.2849426269531,10994036.0
2025-12-03,270.0200278882827,273.94046386488213,256.5435292187223,259.4838562011719,31605666.0
2025-12-04,259.9738833049388,261.44404664125324,257.52361107774806,258.9937744140625,14379018.0
2025-12-05,259.2388159749112,260.2189249199959,250.90788994169097,252.13302612304688,20198426.0
2025-12-08,253.6032085689888,261.1990534633257,251.39796327708456,258.5037536621094,17498852.0
2025-12-09,258.5037279310335,260.4639457731646,256.54351008890245,257.7686462402344,8442486.0
2025-12-10,259.23881774100755,264.6294169756977,258.50373602718616,261.19903564453125,15501538.0
2025-12-11,262.66916345258915,272.22522443640537,260.21889140545676,271.4901428222656,22994640.0
2025-12-12,271.98024866182885,273.6954394191557,269.2849489003152,272.9603576660156,9167330.0
2025-12-15,273.9404741734552,282.27140093722755,272.71533788466513,281.0462646484375,13001474.0
2025-12-16,281.0462567564248,281.5363112581797,276.8807934915083,277.6158752441406,12666932.0
2025-12-17,277.86308403395566,278.6047114824449,270.44680954906363,272.67169189453125,12048420.0
2025-12-18,273.6605189299781,274.8965646342688,267.9747086902405,269.21075439453125,12115434.0
2025-12-19,269.45796231356536,272.9188902698864,268.96354403409094,271.9300537109375,10829840.0
2025-12-22,273.16609884191445,273.66051712036136,266.24424294365775,266.9858703613281,7268796.0
2025-12-23,267.480286841299,270.94121476715685,263.7721497778799,264.760986328125,10832950.0
2025-12-24,268.9635682036911,279.59356216762376,268.7163590417392,272.9189147949219,26676182.0
2025-12-25,272.91889630617015,274.15494203219447,270.94122314453125,270.94122314453125,4467326.0
2025-12-26,271.4356396911116,272.4244762655783,267.4802933932447,268.7163391113281,6080310.0
2025-12-29,268.71633375635685,269.21075203373744,261.54726873433816,262.04168701171875,9187112.0
2025-12-30,262.78331794809543,267.23308250413095,260.31122652807574,266.491455078125,11306014.0
2025-12-31,266.9858962714061,270.6940337196201,264.51380463926347,265.25543212890625,11517730.0
2026-01-02,265.2553975085966,268.9635344728361,264.760979246698,268.4691162109375,6487932.0
2026-01-05,268.7163395799811,278.6047053418939,268.46913043593327,273.6605224609375,17091928.0
2026-01-06,274.89653950352823,286.2681589434224,272.42444832094253,283.5488586425781,20283444.0
2026-01-07,285.7737465229717,291.9539746052159,284.0432826599433,290.2235107421875,14300116.0
2026-01-08,290.2235263102763,293.1900359488822,284.29050703306456,292.69561767578125,11507298.0
2026-01-09,295.66213562668014,298.8758544921875,292.4484167611727,298.8758544921875,11064284.0
2026-01-12,302.5839938408724,312.4723596526656,298.62864751615507,306.044921875,16722608.0
2026-01-13,306.04491114875947,323.8439689861671,305.55049287549815,317.91094970703125,24976112.0
2026-01-14,320.63026952398275,324.0911976452902,306.53934788723103,307.2809753417969,20549430.0
2026-01-15,308.02259375860064,310.9891034898231,304.06724745030397,308.76422119140625,16927476.0
2026-01-16,309.25861836216734,320.13581996723155,307.5281544704526,319.88861083984375,19027372.0
2026-01-19,323.3495557112394,323.84397399214345,307.03375244140625,307.03375244140625,16874790.0
2026-01-20,307.03373081244314,309.25861291977964,303.3255939668822,305.55047607421875,16375824.0
2026-01-21,306.5393336119706,308.76421587205755,301.8423599517872,302.0895690917969,11516096.0
2026-01-22,307.5281558295789,316.18047532639184,305.0560645447752,309.5058288574219,25338884.0
2026-01-23,310.9890914589238,316.1804832877293,308.7642092465785,310.74188232421875,13941170.0
2026-01-26,309.01145031101896,314.6972609967417,307.5281953495261,312.966796875,13844058.0
2026-01-27,313.95562719726564,315.1916729736328,309.0114440917969,309.0114440917969,11884592.0
2026-01-28,309.505826701549,318.1581461380939,309.505826701549,314.9444274902344,14208370.0
2026-01-29,319.1470206253617,335.9572432454427,316.67492906358507,333.73236083984375,27239368.0
2026-01-30,334.72116920746953,334.72116920746953,324.33838552451994,328.2937316894531,16458762.0
2026-02-02,322.6079321444975,336.4516441752192,315.4388669857309,329.0353698730469,24157040.0
2026-02-03,333.48511121703837,345.35114927368613,331.26022908141687,337.93487548828125,24217158.0
2026-02-04,341.14864041862404,342.6318953769659,336.45166638387485,340.4070129394531,12439578.0
2026-02-05,338.6765239120675,345.10396159215054,334.4739685058594,334.4739685058594,16242180.0
2026-02-06,334.4739643057828,339.41814707453045,333.2379186135958,337.68768310546875,10275110.0
2026-02-09,341.1486391587691,350.29537803476506,340.407011682337,348.07049560546875,12583698.0
2026-02-10,348.0704662893701,349.0593028413285,342.8790743915883,345.3511657714844,11474832.0
2026-02-11,343.12630018873676,351.5314112884609,338.67653548888285,345.1039733886719,13809828.0
2026-02-12,347.57606959869753,350.2953702854583,341.1486316118084,346.8344421386719,19109962.0
2026-02-13,347.0816332921544,353.0146526646698,345.35116930850404,349.8009338378906,17119542.0
2026-02-16,352.02580593684536,358.2060342714107,349.55371460301916,354.00347900390625,14119540.0
2026-02-17,354.00349969822963,354.00349969822963,345.598388671875,345.598388671875,11716404.0
2026-02-18,346.5872072909741,355.4867361515126,341.6430245906749,348.56488037109375,19178724.0
2026-02-19,351.03698642012,351.03698642012,338.18211086107334,341.14862060546875,13680448.0
2026-02-20,341.39581715990926,344.60953593114664,332.4962882549442,338.1820983886719,11256302.0
2026-02-23,344.11510256032295,347.32882119055586,339.9125474284799,340.6541748046875,10350802.0
2026-02-24,339.9125885739005,344.36235336977705,338.67654279726816,341.3958435058594,9660366.0
2026-02-25,342.8790580118845,343.62068539042497,335.46278422647964,337.93487548828125,7824460.0
2026-02-26,338.6765208789783,338.6765208789783,327.30490046990315,334.9683837890625,10716394.0
2026-02-27,337.19329664823266,337.6877149717638,322.85516526582984,330.02423095703125,17585190.0
2026-03-02,311.48352394641284,337.68769342126984,310.494687362456,333.4851379394531,13281000.0
2026-03-03,334.47396250048604,340.1597726538572,322.60792391953754,322.8551330566406,11488690.0
2026-03-04,322.3607408177952,327.5521331162413,315.68609357693595,326.0688781738281,12220942.0
2026-03-05,328.2937272892442,330.5186094771984,318.8997802734375,318.8997802734375,8187774.0
2026-03-06,318.8997911831031,319.88862774491116,305.05607931779014,307.03375244140625,11017558.0
2026-03-09,300.853514718301,316.427690089914,300.35909645253554,316.18048095703125,11671384.0
2026-03-10,323.3495375359196,325.3272105483717,318.6525641313458,322.60791015625,9140998.0
2026-03-11,328.7881649887931,344.8567595183206,328.7881649887931,343.3735046386719,20977320.0
2026-03-12,342.3846566921065,356.4755775812401,340.1597744464538,350.29534912109375,17486448.0
2026-03-13,350.2953689121964,353.50908789304225,344.609558407623,349.5537414550781,8759726.0
2026-03-16,349.5537217504633,349.80093088890067,334.9683825826575,337.68768310546875,8827652.0
2026-03-17,339.6653717395871,342.13746323696404,336.9460710924725,340.1597900390625,6002502.0
2026-03-18,340.159798900463,343.1263087745949,330.0242234971788,333.73236083984375,8860042.0
2026-03-19,332.00187639004923,342.137451171875,327.7993209927068,342.137451171875,5221776.0
2026-03-23,338.676523197593,342.6318694539153,322.855138172304,342.137451171875,14796400.0
2026-03-24,340.6541879189374,340.9013970538568,332.7434956015165,335.95721435546875,8170950.0
2026-03-25,338.9237241055103,350.0481351811835,338.9237241055103,348.56488037109375,14077254.0
2026-03-26,348.56488458823304,348.56488458823304,332.7434997558594,332.7434997558594,10619588.0
2026-03-27,335.95721066878144,338.6765111230541,331.5074462890625,331.5074462890625,7222734.0
2026-03-30,330.7658449789974,337.1932829232829,327.5521260068547,334.72119140625,5661412.0
2026-03-31,336.6988465517192,341.14861104359215,332.99070947515844,337.68768310546875,8328070.0
2026-04-01,343.1262660587128,346.09277556354317,340.40696567928495,340.6541748046875,8782760.0
2026-04-02,337.6876975942692,351.2842007916958,336.6988609980927,347.8232727050781,11682626.0
2026-04-03,349.553728470754,350.04814675713413,339.4181535999613,341.6430358886719,8435422.0
2026-04-06,341.6430358886719,344.1151273205725,338.67652617039107,341.6430358886719,9360274.0
2026-04-07,341.64303715745524,344.8567560308611,337.93489999583306,338.9237365722656,8748508.0
2026-04-08,351.03698352412033,365.62232298040425,351.03698352412033,359.19488525390625,15830450.0
2026-04-09,358.94765421824786,368.8360193482271,357.95881770524994,365.3750915527344,9522176.0
2026-04-10,367.8472079544982,371.5553451314588,363.15023419701464,371.3081359863281,9531852.0
2026-04-13,365.6223162374189,367.8471984863281,360.9253426008327,367.8471984863281,10411160.0
2026-04-14,370.0720872676119,377.488361561552,367.5999958362985,371.80255126953125,11313430.0
2026-04-15,373.53301225842074,378.7244042223035,370.81371170591075,372.2969665527344,6987262.0
2026-04-16,375.0162884505121,378.2300074682159,367.84722294948057,368.8360595703125,6890688.0
2026-04-17,369.8248697916667,380.94928098192406,367.1055692784927,378.22998046875,11981354.0
2026-04-20,373.533003267157,377.98276770051825,370.8137027801029,373.78021240234375,6853456.0
2026-04-21,375.0162532362827,378.22997195221654,372.04974365234375,372.04974365234375,5825344.0
2026-04-22,374.76905848751846,380.94928702458174,372.0497579312106,377.24114990234375,8719812.0
2026-04-23,377.24114990234375,377.24114990234375,377.24114990234375,377.24114990234375,0.0
2026-04-24,376.25229178980777,376.49950091713356,369.3304362246865,375.75787353515625,7459866.0
2026-04-27,376.4995080282522,377.73555368822673,371.55532538835394,372.04974365234375,6016610.0
2026-04-28,371.80255645333904,372.04976559991707,360.43093571075025,360.92535400390625,6961636.0
2026-04-29,362.161408834969,365.37512782121786,356.72280747362475,359.4421081542969,5912010.0
2026-04-30,357.4644070790575,367.59998155363655,356.22836141142585,366.61114501953125,10873618.0
2026-05-01,366.61114501953125,366.61114501953125,366.61114501953125,366.61114501953125,0.0
2026-05-04,367.84721010809074,368.5888375478248,358.7004716847041,360.92535400390625,8468556.0
2026-05-05,361.4197520877782,371.3081173979773,360.1837064240033,369.3304443359375,7269616.0
2026-05-06,373.7801991949924,388.11832852919184,373.285780942089,386.1406555175781,15160486.0
2026-05-07,386.63509532383506,390.5904415675572,384.90463134220664,387.6239318847656,6647390.0
2026-05-08,388.61278091623814,396.77068280570114,384.1630162492583,390.5904541015625,7895122.0
2026-05-11,391.0848733447612,391.5792916422894,381.4437165429624,382.9269714355469,8914592.0
2026-05-12,398.00669358726043,401.22041223113274,383.4213551266093,386.1406555175781,14140928.0
2026-05-13,388.85998206707535,402.7036940796349,388.85998206707535,401.9620666503906,15626826.0
2026-05-14,406.9062350729237,420.2555283256199,404.68135286414105,409.3783264160156,8115738.0
2026-05-15,408.38949647088026,408.38949647088026,393.5569481729064,400.72601318359375,6634672.0
2026-05-18,398.2539218392342,398.5011309775577,383.6685826781449,388.11834716796875,8402236.0
2026-05-20,386.63510603877404,394.79300789253335,381.19650480293456,388.3655700683594,10839321.0
2026-05-21,388.3655607266572,395.28741667850085,370.81371170591075,372.2969665527344,8847731.0
2026-05-22,368.34162915458654,391.08487068627915,367.8472108604193,388.3655700683594,12459095.0
2026-05-25,388.6127716970916,393.06253625850866,371.5553408783261,374.5218505859375,10897046.0
2026-05-26,375.7579159161361,376.49954338176,367.60001379427257,368.8360595703125,6394478.0
2026-05-27,368.8360595703125,368.8360595703125,368.8360595703125,368.8360595703125,0.0
2026-05-28,368.8360595703125,368.8360595703125,368.8360595703125,368.8360595703125,0.0
2026-05-29,368.8360595703125,368.8360595703125,368.8360595703125,368.8360595703125,0.0
2026-06-01,369.577682340988,375.01628368647414,365.6223359079072,367.1055908203125,10572396.0
2026-06-02,369.82489506601894,377.7355880086076,366.1167577491805,376.4995422363281,11495125.0
2026-06-03,375.2634797584354,380.94929005780557,370.0720877459669,376.7467346191406,10514304.0
2026-06-04,378.2300074682159,381.19651733071174,365.8695497078167,368.8360595703125,9543504.0
2026-06-05,369.5776464261307,375.5106654991923,366.8583460176441,373.03857421875,8120554.0
2026-06-08,368.0943916578653,376.252292883325,366.1167186335114,373.03857421875,7769593.0
2026-06-09,375.0162693682245,383.4213802176112,369.82487737301506,379.4660339355469,9422573.0
2026-06-10,378.2299924993327,383.1741754078207,375.51069189966427,376.2523193359375,11935037.0
2026-06-11,377.7355742084839,381.1965022444255,369.3304632640543,376.2523193359375,12160034.0
2026-06-12,380.70205608167146,385.64623862818667,371.55531837061835,375.75787353515625,12078529.0
2026-06-15,385.64627710332724,394.5458065749425,380.702094063541,389.60162353515625,14450466.0
2026-06-16,389.84881971290076,393.3097477255708,380.9492905374636,381.69091796875,10742628.0
2026-06-17,392.62478617749184,394.86125647850287,377.7149841707516,380.199951171875,11927623.0
2026-06-18,380.69693337874423,389.3943176269531,376.22399290823677,389.3943176269531,10773997.0
2026-06-19,385.91536848512413,386.9093552680865,379.95144778735016,380.9454345703125,10485576.0
2026-06-22,383.92738171177365,384.6728717733499,375.4784943472427,376.7209777832031,7455805.0
2026-06-23,374.7330315887033,380.69695251584443,371.5025744198351,380.4484558105469,7361006.0
2026-06-24,380.69694943351544,382.18792965322893,370.75708130209205,371.7510681152344,6703810.0
2026-06-25,373.9875249951562,380.69693574257764,367.27811424773483,373.2420349121094,9885840.0
2026-06-26,372.248046875,375.72700058411215,366.2841262308077,372.248046875,7644194.0
2026-06-29,372.24805781526385,374.7330248233764,365.78714359417114,368.76910400390625,7486796.0
2026-06-30,369.26609794935246,371.2540715587702,362.059693615213,363.0536804199219,13876620.0
2026-07-01,362.80519043303644,366.53264101967727,358.8292431406196,362.3081970214844,11455538.0
2026-07-02,362.55668505688647,363.30217515638657,351.12583686455145,355.35028076171875,13209936.0
2026-07-03,357.3382383715205,361.8111787683824,352.36830459722955,354.853271484375,10601694.0
2026-07-06,361.81119638119105,369.0176007047175,359.823222774701,368.76910400390625,13197769.0
2026-07-07,367.7750985369176,374.73300580653495,364.7931382785101,371.9995422363281,12619740.0
2026-07-08,372.2480560526083,374.7330230489542,362.80518146649405,373.49053955078125,12352951.0
2026-07-09,374.73301717679794,374.9815138725385,360.56870551958474,362.80517578125,9660307.0
2026-07-10,364.7931435809039,372.74503771890727,363.0536667382157,370.26007080078125,12114097.0
2026-07-13,369.76307204252254,375.2299991829362,367.27810516051636,371.9995422363281,9633122.0
2026-07-14,371.99956247555417,382.18792724609375,371.25407237039275,382.18792724609375,13051019.0
2026-07-16,385.66685787164823,395.85522202934,383.43038769069153,393.86724853515625,12996064.0
2026-07-17,390.139808061827,394.1157551503552,381.44242380567164,383.67889404296875,10914531.0
2026-07-20,382.68492431640624,398.8372100830078,381.6909375,397.5947265625,12564572.0
2026-07-21,399.58269145470535,405.7951089213519,387.654849918744,390.6368103027344,11356312.0
2026-07-22,392.12779124190166,397.3462219238281,389.64282425050817,397.3462219238281,10418869.0
2026-07-23,396.600712306063,399.3341758620571,386.41234814281194,388.1518249511719,9683297.0
2026-07-24,387.6548414963942,390.88529850886414,377.9634704589844,377.9634704589844,9471182.0
2026-07-27,383.67889822345893,384.9213817021618,376.7209907427226,380.9454345703125,8412127.0
2026-07-28,382.6849267296063,389.8913311939949,380.9454497899262,387.1578674316406,9304325.0
2026-07-29,386.4123736501203,390.63681760642385,381.19394288056884,384.1759033203125,8271235.0
2026-07-30,384.17588359942323,390.88529424443254,378.4604597166375,380.6969299316406,10230556.0
2026-07-31,381.9394299973287,387.9033508300781,376.9694959700375,387.9033508300781,10260904.0
2026-08-03,390.63679226595997,392.62476576349667,374.2360109112823,376.7209777832031,12448487.0
2026-08-04,377.21797220720845,383.4303894042969,375.2299987041402,383.4303894042969,8850984.0
2026-08-05,383.1819035671676,384.42438704176925,377.71497627892,379.9514465332031,7635337.0
2026-08-06,379.9514465332031,383.4304002620879,375.2300093297166,379.9514465332031,8164971.0
2026-08-07,380.94542252546154,388.6488198498512,379.70293908604384,383.4303894042969,9082908.0
2026-08-10,384.67288626954394,388.6488334144488,381.1939325177522,381.9394226074219,6758927.0
2026-08-11,380.94542692575016,380.94542692575016,372.74503613087103,374.98150634765625,8316193.0
2026-08-12,373.49052715301514,383.92738819122314,368.0235999425252,381.69091796875,13019609.0
2026-08-13,378.9574601577414,379.7029502432976,370.7570692166231,374.23602294921875,12428736.0
2026-08-14,374.7330218029467,376.22400199579664,371.9995581160552,372.4965515136719,8746367.0
2026-08-17,373.4905246514925,380.945425343139,371.00555775427694,379.70294189453125,9447817.0
2026-08-18,391.1337885350357,407.0375766330295,390.6367951569734,402.56463623046875,22807179.0
2026-08-19,402.5646357175683,414.74097346458115,399.83117214170824,413.9954833984375,13254079.0
2026-08-20,415.48647187690085,417.2259487328448,401.0736636419366,408.528564453125,9081013.0
2026-08-21,408.52855624671747,415.9834569081539,406.7890794257156,413.9954833984375,8340700.0
2026-08-24,414.49249441541275,414.98948781399235,404.0556330452405,409.77105712890625,8642282.0
2026-08-25,410.26803433538197,414.9894714355469,407.2860740615936,414.9894714355469,8502633.0
2026-08-26,416.48047546277274,420.2079260188238,411.0135479805645,415.7349853515625,10861972.0
2026-08-27,415.4864676760763,417.9714345880145,410.26803716100596,411.26202392578125,8392363.0
2026-08-28,412.25600529749903,414.98946886487244,408.77705166629653,413.0014953613281,7640798.0
2026-08-31,413.2500101599828,414.49249365414994,399.0856983264777,403.0616455078125,16366862.0
2026-09-01,403.06164132169033,409.5225554242575,396.8492239153758,405.79510498046875,10795363.0
2026-09-02,404.5526189903846,408.03157271634615,397.8432082331731,403.80712890625,7502972.0
2026-09-03,403.8071219376692,410.2680358886719,400.07967158132146,410.2680358886719,8507455.0
2026-09-04,411.01352976548407,415.2379735417919,409.0255562236921,413.25,7977273.0
2026-09-07,413.4985071209629,418.9654344987641,410.0195533350894,415.4864807128906,7019477.0
2026-09-08,414.2439851704166,417.971435546875,409.2740513351386,417.971435546875,8551640.0
2026-09-09,418.21994098864104,425.9233385944924,414.4924905341968,424.9293518066406,10390619.0
2026-09-10,426.42031988099563,428.6567900901617,419.9594059434048,427.414306640625,8866030.0
2026-09-11,427.4143050963197,434.86920576660435,425.6748282732533,432.1357421875,7576616.0
2026-09-14,427.662825925604,432.1357665802588,425.4263555982766,427.16583251953125,6112869.0
2026-09-15,426.4203247143716,428.90529164161154,413.25,413.25,8206511.0
2026-09-16,413.25,419.25,390.0,405.5,17630049.0
