Date,Open,High,Low,Close,Volume
2021-09-20,7.794649360298974,8.035081336136486,7.763625751724769,7.864451885223389,2077144.0
2021-09-21,8.104883586422783,8.120395786429281,7.7868937886601035,7.802404403686523,2766256.0
2021-09-22,7.841183634913439,7.895474746658279,7.763625017062236,7.848938941955566,1695966.0
2021-09-23,7.879964704342083,8.089373088044194,7.825672790707695,8.050593376159668,2449722.0
2021-09-24,8.027325280942463,8.29102476656874,8.019569973122916,8.174686431884766,3565199.0
2021-09-27,8.174685982110425,8.244489296076233,8.050592346434584,8.12039566040039,2286042.0
2021-09-28,8.120396007843107,8.159175716426692,7.934255150120029,7.973034858703613,3977437.0
2021-09-29,7.996301964373376,8.00405727170769,7.887718944302746,7.903231143951416,2227906.0
2021-09-30,7.9032314089529025,8.058348655700684,7.794649177731446,8.058348655700684,4191386.0
2021-10-01,7.988546473271867,8.00405867564142,7.794650283573732,7.8256731033325195,3976342.0
2021-10-04,7.810160578037995,7.949765610319595,7.771380874077574,7.7791361808776855,4163500.0
2021-10-05,7.786892655929628,7.918741581865043,7.763624359304637,7.810160160064697,4043160.0
2021-10-06,7.794648379457841,7.817915884838107,7.717089764026963,7.7791361808776855,2472511.0
2021-10-07,7.786894974879115,7.856697508071625,7.77913808120418,7.8256731033325195,2806152.0
2021-10-08,7.833429997007455,7.879965019135795,7.80240559226835,7.8256731033325195,3096685.0
2021-10-11,7.8334277779688986,7.887718093412598,7.810160273495904,7.872206687927246,2514599.0
2021-10-12,7.856696028274695,8.058348281176707,7.82567162937899,7.980789661407471,6480061.0
2021-10-13,7.988544940948486,8.019569339736643,7.9187424211451525,7.988544940948486,2920717.0
2021-10-14,7.996302924777153,8.042837944332256,7.926499602954381,7.949767112731934,8357943.0
2021-10-15,7.988546473271867,7.996303366946803,7.810162485943286,7.8256731033325195,3014756.0
2021-10-18,7.8411846131766545,7.903231832194599,7.833429305166978,7.887719631195068,2732800.0
2021-10-19,7.9032306631429785,7.918742069357962,7.825671254598147,7.856695652008057,1942023.0
2021-10-20,7.864451646955123,7.89547525458941,7.794649124145508,7.794649124145508,2150676.0
2021-10-21,7.794649203778264,8.14366340637207,7.794649203778264,8.14366340637207,6813850.0
2021-10-22,8.112638553549557,8.353070487665175,8.050591347168131,8.283267974853516,5406670.0
2021-10-25,8.275512831100421,8.477165878870066,8.275512831100421,8.376338958740234,5061985.0
2021-10-26,8.453897583258946,8.500432592829963,8.384094276412474,8.469408988952637,2967131.0
2021-10-27,8.469410316592485,8.477166416900127,8.360828082245783,8.407363891601562,3225391.0
2021-10-28,8.407362373586501,8.546967398976852,8.399605482189358,8.531455993652344,2775608.0
2021-11-01,8.531457128342304,8.562479943117378,8.345316277241709,8.384095191955566,3058896.0
2021-11-02,8.39960765838623,8.492678491916143,8.35307263786634,8.39960765838623,3994042.0
2021-11-03,8.399606285303712,8.438385991057727,8.298780159829272,8.430630683898926,3129754.0
2021-11-04,8.46165478568978,8.570237819833363,8.453899477350333,8.562480926513672,2987365.0
2021-11-05,8.57799246488345,8.717598306570101,8.570237157143678,8.663307189941406,5431833.0
2021-11-08,8.647792950975921,8.702084054806814,8.609013251458194,8.655549049377441,4375194.0
2021-11-09,8.686572650493648,8.77964345384227,8.655549049377441,8.655549049377441,5434596.0
2021-11-10,8.671061393761871,9.027831656542613,8.671061393761871,8.996808052062988,7235433.0
2021-11-11,9.03558937813827,9.423382522537501,8.91925103857345,9.400115013122559,8482966.0
2021-11-12,9.400115296401232,9.625035881673988,9.268265544083103,9.50094223022461,5983739.0
2021-11-15,9.578499232320727,10.377353777322558,9.376846967267474,10.206725120544434,7557864.0
2021-11-16,10.206725719069379,10.299795756862359,9.54747697640209,9.578499794006348,7808528.0
2021-11-17,9.617278170142301,9.880977630615234,9.617278170142301,9.880977630615234,5205357.0
2021-11-18,9.950779520163207,10.377352289692908,9.950779520163207,10.167943954467773,8404265.0
2021-11-19,10.18345805281667,10.369598918026545,9.873223541630242,9.896491050720215,5246188.0
2021-11-22,9.904245336557585,10.237747322413849,9.904245336557585,10.152433395385742,4422285.0
2021-11-23,10.31530551649672,11.152939620814033,10.31530551649672,11.059868812561035,15649071.0
2021-11-24,11.300300934269568,12.07588705370413,11.106404008165963,11.246009826660156,15836173.0
2021-11-25,11.339081336865405,11.897503852844238,11.339081336865405,11.897503852844238,9534499.0
2021-11-26,11.944039317104247,11.998330430124858,11.42439569355126,11.951794624328613,8131111.0
2021-11-29,12.052621366324884,12.331833045404942,11.672584348257649,11.913016319274902,8061781.0
2021-11-30,11.94403950808368,12.254273991739092,11.711363645342121,12.037110328674316,9217296.0
2021-12-01,12.238762274230282,12.642068386855318,12.037110802897868,12.59553337097168,9093874.0
2021-12-02,12.742894600717035,12.905767949847272,12.293054261805457,12.432660102844238,6662371.0
2021-12-03,12.486950315391638,13.433167585940918,12.455927499873019,13.301316261291504,9820684.0
2021-12-06,13.40990008147349,13.71237768404243,12.541242226969597,12.603288650512695,14581600.0
2021-12-07,12.820454091085647,12.882500515521452,12.680848249247477,12.874744415283203,7341065.0
2021-12-08,12.921279565109943,12.967815374529732,12.735138704901003,12.882500648498535,6232446.0
2021-12-09,12.882500995725517,12.913524605344877,12.67309182891736,12.82820987701416,7774812.0
2021-12-10,13.037617899924308,13.231514067961488,12.758407005855933,12.882500648498535,13212655.0
2021-12-13,12.898010157071976,13.099663188218795,12.866987345347807,12.975568771362305,8804387.0
2021-12-14,13.11517405162212,13.161709059773585,12.913521821305824,13.091906547546387,7327318.0
2021-12-15,13.898518978771564,14.317335695121768,13.239270297018459,13.495214462280273,17254074.0
2021-12-16,13.727888929569982,14.146705627441406,13.57277169276501,14.146705627441406,13508583.0
2021-12-17,14.968829648025805,15.248041331378335,12.781674367561216,13.898519515991211,15299441.0
2021-12-20,13.898517405908427,14.5267432018289,13.262536303426176,13.960564613342285,14125223.0
2021-12-21,13.945052908690265,13.945052908690265,12.564508438110352,12.564508438110352,6694612.0
2021-12-22,11.80443292471246,12.114667388690354,11.308056831359863,11.308056831359863,9512365.0
2021-12-23,11.478686454980455,11.633802886377437,10.540225427737797,11.246009826660156,6255544.0
2021-12-24,11.401129243246416,11.509711479348102,11.176209463100125,11.447664260864258,7488958.0
2021-12-27,11.478688102337703,11.78892259463465,10.904753340600298,11.052114486694336,10600244.0
2021-12-28,11.191720652981047,11.253767870253549,10.703100600062749,10.819438934326172,4743595.0
2021-12-29,10.873728843971389,11.897503852844238,10.834949139359397,11.897503852844238,9990313.0
2021-12-30,12.393879129926349,12.618799672680497,11.82770051582968,11.905259132385254,15692981.0
2021-12-31,12.021598712814292,12.25427458685552,11.424396431036078,11.680339813232422,6669935.0
2022-01-03,11.866480094679806,12.176715370825239,11.486443089948933,12.037110328674316,5378647.0
2022-01-04,12.060377837799106,12.300809007930892,12.013842031250675,12.130180358886719,5082894.0
2022-01-05,12.303020162505314,12.491572174117318,12.185174854214505,12.468003273010254,3256222.0
2022-01-06,12.42872108799806,12.55442215187189,12.130180358886719,12.130180358886719,4596745.0
2022-01-07,12.12232505140527,12.240170362928989,11.823784291266623,11.902347564697266,4613101.0
2022-01-10,11.957340251058607,12.177317706762102,11.902345887132734,11.988765716552734,4235185.0
2022-01-11,12.090899240389161,12.122324709425985,11.768789587583813,11.973053932189941,3490250.0
2022-01-12,12.012335884650438,12.130181192020444,11.705938567141713,11.823783874511719,4958251.0
2022-01-13,11.83949600566413,11.91020270243307,11.658799775995591,11.666655540466309,4111221.0
2022-01-14,11.666657279874883,11.988767753860904,11.658801514232932,11.863066673278809,5320781.0
2022-01-17,11.918058659638707,12.153749258190848,11.894489760334578,12.130180358886719,4389450.0
2022-01-18,12.138035407986548,12.350156291975294,11.533098220825195,11.533098220825195,4587659.0
2022-01-19,11.430965672410462,11.611661900876506,11.226701347933693,11.580236434936523,4750903.0
2022-01-20,11.611662379333467,11.776645480249922,11.234558378025982,11.31312084197998,3991369.0
2022-01-21,11.320978203141285,12.043759935185495,11.320978203141285,11.815927505493164,7502955.0
2022-01-24,11.753077149923692,12.436577683685474,11.713795113288123,11.729507446289062,9489447.0
2022-01-25,12.21660223083074,12.21660223083074,11.540956591801097,11.878779411315918,6075850.0
2022-01-26,11.957340500279031,12.028047999803384,11.643086641543329,11.666655540466309,4663810.0
2022-01-27,11.47024853183762,11.760932707901292,11.313121190818306,11.705938339233398,3328033.0
2022-01-28,11.745220603850209,11.988766983727533,11.627376099235684,11.823783874511719,4948503.0
2022-01-31,11.870921152666764,12.303019523620605,11.870921152666764,12.303019523620605,5062514.0
2022-02-01,12.303018867368147,12.483714292004182,12.130180009859235,12.138035774230957,3381394.0
2022-02-02,12.224457029018199,12.232312794305443,11.92591627370456,11.941629409790039,2414862.0
2022-02-03,11.980910198597291,12.004479901848313,11.753076958636623,11.768789291381836,1813701.0
2022-02-04,11.760932213042807,11.99662201052159,11.658800047744212,11.910202980041504,2830543.0
2022-02-07,11.933772922088632,12.098756035563893,11.745220907081979,12.090899467468262,2763314.0
2022-02-08,12.083042169809294,12.303019641160931,12.035904369592645,12.177318572998047,3498949.0
2022-02-09,12.200887256419117,12.263738190762055,11.988766356455999,12.122323989868164,3953345.0
2022-02-10,12.130180521342435,12.216600355118587,11.996622085571289,11.996622085571289,2693686.0
2022-02-11,11.980909564831702,12.075185964582358,11.839496169338855,12.035903930664062,1942551.0
2022-02-14,11.75307780148597,11.831640273601463,11.210990642947083,11.430967330932617,4922847.0
2022-02-15,11.438821826410543,11.713793640009056,11.368115132666086,11.533098220825195,2893268.0
2022-02-16,11.59594876652881,11.690224361593348,11.564523300588828,11.580236434936523,1795620.0
2022-02-17,11.59594874612208,11.729506374065409,11.415253320729434,11.517385482788086,1879492.0
2022-02-18,11.517387009839267,11.658801223692247,11.485962342543504,11.627376556396484,1586517.0
2022-02-21,11.635231202296906,11.705937901042217,11.08528833895957,11.226701736450195,3517087.0
2022-02-22,10.95173071471201,10.95173071471201,10.566770922684544,10.888879776000977,4526289.0
2022-02-23,10.84959803267428,10.959586768883861,10.606051660032417,10.661046028137207,4486308.0
2022-02-24,9.616152507952034,10.056107428716102,9.600440979003906,9.600440979003906,7369280.0
2022-02-25,9.741854993263503,10.52748848635751,9.490452050701892,10.040395736694336,5489511.0
2022-02-28,9.741855548624988,9.977546171918213,9.443314788175012,9.624011039733887,5114780.0
2022-03-01,9.639722618937473,9.81256310594102,9.482596873879599,9.616153717041016,2614083.0
2022-03-02,9.624010394485893,9.741854895476033,9.459027290344238,9.459027290344238,2512069.0
2022-03-03,9.427602388441509,10.221092556499713,9.427602388441509,10.056109428405762,7333584.0
2022-03-04,10.056107870532097,10.22109097306717,9.781136032973643,10.04825210571289,5347767.0
2022-03-07,10.048250959249685,10.354648229392673,9.953974567376706,10.33107852935791,4911055.0
2022-03-08,10.213236458340347,10.527489566725524,10.173954418414427,10.221092224121094,3789881.0
2022-03-09,10.283940853490927,10.983154424286225,10.1660963657338,10.920304298400879,7925573.0
2022-03-10,10.99886812270434,11.572380710286032,10.99886812270434,11.336690902709961,9353600.0
2022-03-11,11.375972112109652,11.643087387354349,11.124569169568277,11.242414474487305,6452842.0
2022-03-14,11.320977927876411,11.4702478900484,11.187419494794057,11.203132629394531,3812155.0
2022-03-15,11.195277214050293,11.234559251838048,11.030294100301626,11.195277214050293,3285842.0
2022-03-16,11.203133981528671,11.28955302123973,11.132427275559026,11.187420845031738,2477346.0
2022-03-17,11.203133169520715,11.258127537762928,11.124569098241444,11.15599536895752,2926313.0
2022-03-18,11.210989033161729,11.973052770261457,11.210989033161729,11.949483871459961,11850036.0
2022-03-21,11.918058744695328,12.263738077637393,11.863065181096834,11.910202980041504,4942037.0
2022-03-22,11.9651987161358,12.106612129158398,11.89449120686898,11.957342147827148,4134801.0
2022-03-23,12.012336537207355,12.318733871360777,11.918060125638792,12.051618576049805,8415211.0
2022-03-24,12.098755296739563,12.389439468216464,12.059473261415707,12.145893096923828,4445116.0
2022-03-25,12.208742821396864,12.216600191505474,12.051617093621147,12.130180358886719,3087304.0
2022-03-28,12.21660021037569,12.515140137192743,12.177318176304516,12.193031311035156,4014038.0
2022-03-29,12.255881617925242,12.88438855281369,12.161605216452028,12.460145950317383,11747512.0
2022-03-30,12.507284372582848,12.522996704558063,12.130180377623446,12.193031311035156,4309396.0
2022-03-31,12.295162506890742,12.632986068725586,12.177318011780235,12.632986068725586,5331460.0
2022-04-01,12.570135296131706,12.61727309477579,12.35801359672248,12.499427795410156,4523694.0
2022-04-04,12.570135296131706,12.727261826782268,12.460145761369802,12.499427795410156,7371787.0
2022-04-05,12.538710098880225,13.002233965864107,12.538710098880225,12.805826187133789,9861201.0
2022-04-06,12.750831277214768,12.750831277214768,12.41300849923496,12.452290534973145,6511885.0
2022-04-07,12.483716636317688,12.75083274400294,12.460147733265721,12.648699760437012,4651839.0
2022-04-08,12.711549567258968,12.939383614317542,12.664411765369431,12.750831604003906,4540581.0
2022-04-11,12.829394531115168,13.080797472384921,12.735118929861173,12.790112495422363,7401244.0
2022-04-12,12.80582563080167,12.91581436743497,12.538709554152609,12.790112495422363,6807358.0
2022-04-13,12.879270509359747,12.944113749809096,12.563165613032416,12.652323722839355,5887519.0
2022-04-14,12.709060212806294,12.709060212806294,12.5469541874382,12.579376220703125,3938668.0
2022-04-15,12.587480499150935,12.822533607290449,12.579375819284637,12.67663860321045,4262697.0
2022-04-18,12.6847431106267,12.725269822172345,12.603691343917948,12.619900703430176,2673481.0
2022-04-19,12.676638649090576,12.854954029663697,12.62800725695166,12.733375549316406,8384684.0
2022-04-20,12.806323787766765,12.830639486020218,12.619902054171368,12.668534278869629,6956911.0
2022-04-21,12.749585613813872,13.252113031083525,12.733375425988331,13.025164604187012,11250084.0
2022-04-22,13.00895572408439,13.00895572408439,12.611798189333005,12.644219398498535,6325936.0
2022-04-25,12.619902475799233,12.660429193036546,12.47400828140423,12.595586776733398,5499112.0
2022-04-26,12.700954532314833,12.806322826232233,12.433481043418157,12.522638320922852,6424224.0
2022-04-27,12.538849288178607,12.82253379237584,12.38484960200942,12.757691383361816,5293395.0
2022-04-28,12.757691520812815,12.838744118857955,12.636112209649454,12.782007217407227,3328899.0
2022-04-29,12.822535062727642,12.86306095123291,12.733376948548129,12.86306095123291,2446404.0
2022-05-05,12.927903734320454,13.000850832619264,12.81442908998109,12.879271507263184,5335481.0
2022-05-06,12.846851297946408,13.000851005803566,12.790113560925223,12.96032428741455,4574368.0
2022-05-09,13.017059655295759,13.479059522973422,13.017059655295759,13.268322944641113,7577790.0
2022-05-10,12.879269366333288,12.887374874194014,12.563164498060049,12.741479873657227,3063865.0
2022-05-11,12.64421862114052,12.798219148161097,12.603692733318669,12.725271224975586,3930448.0
2022-05-12,12.70095591027386,12.725271609339693,12.546955378601732,12.595586776733398,4179296.0
2022-05-13,12.619901740392661,12.757692074055162,12.563165664672852,12.563165664672852,3070388.0
2022-05-16,12.563164632372303,12.644217227272323,12.538848936721424,12.619900703430176,2431889.0
2022-05-17,12.619902870480828,12.676640607664067,12.522640071175644,12.644219398498535,2468525.0
2022-05-18,12.644219398498535,12.798219934986959,12.571271470828236,12.644219398498535,3872044.0
2022-05-20,12.733376610279683,12.790112687041562,12.546954877895438,12.555060386657715,3516737.0
2022-05-23,12.619902112499712,12.65232414790931,12.360534111136534,12.40916633605957,2622900.0
2022-05-24,12.409166441482746,12.457797838627574,12.360534216146549,12.401060104370117,3588210.0
2022-05-25,12.409166198084852,12.61990197218187,12.409166198084852,12.555060386657715,5760389.0
2022-05-26,12.644217227272323,12.652322735219707,12.55505912442492,12.619900703430176,3511940.0
2022-05-27,12.619902149057323,12.676639882997119,12.579377089252013,12.636113166809082,1907734.0
2022-05-30,12.65232434334622,12.903587667929553,12.59558660869437,12.86306095123291,2682696.0
2022-05-31,12.871165417394936,12.911691302616816,12.684743695162103,12.74958610534668,2312471.0
2022-06-01,12.798218318155962,13.13863972910064,12.725270399701357,13.041376113891602,6208979.0
2022-06-02,13.098112880527816,13.162955289997926,12.854954259110553,12.87116527557373,3332963.0
2022-06-03,12.936007735372836,13.3007456922691,12.936007735372836,13.252114295959473,6713926.0
2022-06-06,14.155269797467612,14.155269797467612,13.477902087072936,13.5734281539917,6932121.0
2022-06-07,13.616849989897204,13.90342903137207,13.434481433668536,13.90342903137207,6568683.0
2022-06-08,13.981588015007214,14.658955799227222,13.530008387938713,13.816587448120117,11400098.0
2022-06-09,13.894744483755689,14.554745045499999,13.54737620293832,14.511322975158691,10627715.0
2022-06-10,14.50263855981344,15.718428231900107,14.216059553847423,15.553427696228027,16350176.0
2022-06-13,15.562113530578737,15.79658773588775,14.667638778686523,14.667638778686523,10750009.0
2022-06-14,14.780534985179871,16.126587707518382,14.719745742496313,15.874746322631836,20854588.0
2022-06-15,15.900799096333735,16.79527394423855,15.753167357483091,16.300273895263672,33569752.0
2022-06-16,16.19606269574046,16.19606269574046,15.336325500578948,15.71843147277832,21229118.0
2022-06-17,15.831324842446262,16.5781679235793,15.831324842446262,16.143957138061523,52773982.0
2022-06-20,16.326324460147827,16.812641720228044,15.89211368560791,15.89211368560791,6361714.0
2022-06-21,15.961586992576166,16.16132520332676,15.588167126037927,15.614218711853027,5783892.0
2022-06-22,15.63158618493057,16.352375926091515,15.63158618493057,16.152639389038086,7726448.0
2022-06-23,16.143956612798917,16.63027221296882,15.987640470077213,16.274219512939453,6150989.0
2022-06-24,16.413167239433548,16.50000972716887,16.03974570163955,16.09185218811035,2652260.0
2022-06-27,15.640271186828613,15.640271186828613,15.640271186828613,15.640271186828613,32315.0
2022-06-28,16.413167154257483,16.456589226091147,15.76185098419661,15.805273056030273,2428882.0
2022-06-29,15.848692922484627,16.05711389091851,15.553429469774304,15.614218711853027,2215674.0
2022-06-30,15.596850094857201,15.857377551213302,14.971587181091309,14.971587181091309,6208340.0
2022-07-01,14.928165373355839,15.388427687446233,14.632901944204555,14.954216957092285,3636243.0
2022-07-04,15.015008661919104,15.457902173191755,15.015008661919104,15.136587142944336,2388318.0
2022-07-05,15.093166111925024,15.431851649536025,14.771851059575777,14.988956451416016,3262828.0
2022-07-06,15.197380495743014,15.588170942472471,15.093169157820817,15.414485931396484,3727284.0
2022-07-07,15.336321526935857,15.874743514456249,15.310268289087624,15.605531692504883,2752213.0
2022-07-08,15.640273534614895,16.057115513607595,15.553431041562385,15.657642364501953,1296245.0
2022-07-13,15.848694743922774,16.98632661517881,15.735800660856691,16.916852951049805,6803461.0
2022-07-14,16.942904076201685,17.837378839273324,15.9094820022583,15.9094820022583,6240949.0
2022-07-18,16.248167573675275,16.248167573675275,15.952905749318072,16.117904663085938,2379681.0
2022-07-19,16.282902232535616,17.663692474365234,16.12658610608208,17.663692474365234,5295835.0
2022-07-20,17.66369697784903,18.16738148240474,17.385802307250415,17.472644805908203,4123959.0
2022-07-21,17.490009542183405,17.767904174039653,16.725799304578732,16.73448371887207,2981372.0
2022-07-22,16.83869198746289,17.133955423529542,16.37842966259269,16.48263931274414,2596905.0
2022-07-25,16.52606240163788,16.838693027789677,16.430535502778444,16.456588745117188,1563678.0
2022-07-26,16.543429467451837,16.647640779756284,16.26553484315014,16.28290367126465,2377613.0
2022-07-27,16.38711645523711,17.021063830905717,16.317642792922502,16.58685302734375,4348556.0
2022-07-28,16.69974534557821,16.760534586642162,16.22211417460496,16.291587829589844,4012906.0
2022-07-29,16.36974500738434,16.64763961219627,16.23948211842656,16.25684928894043,5392407.0
2022-08-01,16.274218104167872,16.673692840585467,16.256849277283955,16.491323471069336,2375188.0
2022-08-02,16.52606126880328,16.60421933407928,16.196060180664062,16.196060180664062,1710843.0
2022-08-03,16.2481678935643,16.62158945928625,16.239485134885808,16.39579963684082,1849880.0
2022-08-04,16.51737875894397,16.56948358967231,16.378431439413266,16.4305362701416,2112273.0
2022-08-05,16.473958261182997,16.526064753275172,16.23080125695097,16.26553726196289,1396074.0
2022-08-08,16.3350081011744,16.51737747916755,16.300272102174443,16.46527099609375,2249238.0
2022-08-09,16.5000087273879,17.281587756882388,16.439219486571368,16.986324310302734,5771301.0
2022-08-10,16.986323427038975,17.055797078128567,16.71711323611462,16.83869171142578,2376338.0
2022-08-11,16.934220109387073,17.11658783857834,16.786588380639675,17.029747009277344,2985563.0
2022-08-12,17.03843280958707,17.82001193155724,16.925537072099296,17.68106460571289,3386033.0
2022-08-15,17.854745113548187,18.54948328937518,17.5768505057704,17.646324157714844,3103715.0
2022-08-16,17.715797957150127,17.767902782446626,16.830007645196986,17.35106086730957,3094034.0
2022-08-17,17.06448233268026,17.559482328140238,16.74316730169654,17.455272674560547,5181966.0
2022-08-18,17.47264036054653,17.594218833905895,16.968955984137406,17.31632423400879,2750517.0
2022-08-19,17.628957696296474,17.837380336480965,17.22948455810547,17.22948455810547,5126555.0
2022-08-22,17.229483566881868,17.36843088142264,16.99500935245083,17.029747009277344,4016560.0
2022-08-23,17.038431050091727,17.142640705522258,16.951588566311212,16.97764015197754,2765131.0
2022-08-24,16.99500916905689,17.029746825508546,16.413166674552613,16.456588745117188,2337579.0
2022-08-25,16.482640197223986,16.803956891262036,16.343692885310944,16.517377853393555,3187860.0
2022-08-26,16.543429064321874,16.725798442315025,16.378430170402567,16.46527099609375,1971457.0
2022-08-29,16.46527101434512,16.46527101434512,16.230798465783412,16.239482879638672,1303032.0
2022-08-31,16.256850198800514,16.430535164719988,16.057113647460938,16.057113647460938,2130541.0
2022-09-01,16.074482475329404,16.491324405877023,16.03974481959247,16.057113647460938,2610227.0
2022-09-02,16.10053619821295,16.456588898242316,16.065798541438063,16.274219512939453,2019520.0
2022-09-05,16.41316540647421,16.595534775990338,16.352376168762998,16.491323471069336,3358390.0
2022-09-06,16.59553488877638,16.92553431990104,15.78790265339293,16.777902603149414,4767040.0
2022-09-07,16.96027543408695,17.021064684613325,16.326326370239258,16.326326370239258,4186193.0
2022-09-08,16.47395926206605,16.74317118508312,16.33501192081083,16.352380752563477,3667610.0
2022-09-09,16.45658898689875,16.673694373763468,16.34369325815481,16.56079864501953,3057213.0
2022-09-12,16.769221824357206,17.325012814209334,16.708432573056864,16.960275650024414,6704734.0
2022-09-14,16.06579828898112,16.586851537738113,16.06579828898112,16.28290367126465,3839114.0
2022-09-15,16.29159036553112,16.65632752507222,16.230801115004745,16.326326370239258,3224129.0
2022-09-16,16.500007996648122,16.777902603149414,16.18737573614291,16.777902603149414,6501429.0
2022-09-19,16.977641756719862,17.255538062361044,16.569484197669407,16.58685302734375,6345583.0
2022-09-20,16.63027257574843,16.908167210479057,16.282904282335153,16.439220428466797,4631133.0
2022-09-21,16.439219429161916,16.63895597868516,16.239482879638672,16.239482879638672,3117802.0
2022-09-22,16.239485475999047,16.265537065347363,15.987642403079704,16.03974723815918,3518599.0
2022-09-23,16.065797721943728,16.11790254806562,15.544744491577148,15.544744491577148,4896147.0
2022-09-26,15.544746560067196,15.857378871164643,15.475272897199183,15.683693885803223,3128399.0
2022-09-27,15.683693773174344,15.848694342444501,15.310272216796875,15.310272216796875,2843579.0
2022-09-28,15.336325488401288,15.336325488401288,14.563430786132812,14.563430786132812,5357080.0
2022-09-29,14.59816634455545,14.763166909091279,13.668955515886823,13.851324081420898,6321929.0
2022-09-30,13.877377557533194,15.023693869526074,13.877377557533194,14.685009956359863,6262913.0
2022-10-03,14.676324188230272,15.22343070440158,14.632903772323269,15.188693046569824,4624213.0
2022-10-04,15.284221570130232,15.31895757526308,14.902115575371687,15.110536575317383,3877909.0
2022-10-05,15.11921769304299,15.127902106527761,14.780533849049442,14.867376327514648,4047059.0
2022-10-06,14.902112788965667,15.5794821544214,14.876059547700331,15.43185043334961,7442889.0
2022-10-07,15.45790145980484,15.510007940453129,15.110533204062062,15.127902030944824,3446593.0
2022-10-10,15.28421870458514,15.70106062632538,15.197376223460283,15.544744491577148,5513216.0
2022-10-11,15.631587634684918,15.761850533697434,15.336324180185814,15.353693008422852,4627007.0
2022-10-12,15.36237906813478,15.423168317093426,14.841325759887695,14.841325759887695,5215364.0
2022-10-13,14.858691981111486,15.1105333477768,14.737111848158303,14.83263874053955,2880416.0
2022-10-14,14.988956707678827,15.188693274054852,14.936851876533499,14.98027229309082,3747312.0
2022-10-17,15.006325747711964,15.318956395359496,15.006325747711964,15.206062316894531,7643474.0
2022-10-18,15.24079771960587,15.735799400302396,15.214746132883674,15.371062278747559,9280300.0
2022-10-19,15.431851974686586,15.787904692296026,15.414483145441558,15.701062202453613,7175454.0
2022-10-20,15.727114761616466,15.996324977663004,15.570798617982138,15.579483032226562,10842313.0
2022-10-21,15.579484219692592,15.70106271561592,15.336325571463158,15.683693885803223,7652967.0
2022-10-24,15.779221074933647,16.59553787048515,15.770536659872345,16.39579963684082,13132214.0
2022-10-25,16.387113984348293,16.39579674149349,15.813954286196761,15.848691940307617,6688690.0
2022-10-26,15.926851745302637,16.326324872915297,15.926851745302637,16.143957138061523,6580689.0
2022-10-27,16.19606124497909,16.222114487244003,15.74448165068303,15.813955307006836,4912270.0
2022-10-28,15.822641279280658,16.031062268777006,15.657642364501953,15.657642364501953,1908936.0
2022-10-31,15.692377013021254,16.274219512939453,15.692377013021254,16.274219512939453,7960863.0
2022-11-01,16.335006584285786,16.456586710452,16.083165231679015,16.170007705688477,4831910.0
2022-11-02,16.2568505332854,16.586851644045655,16.100536048400816,16.456588745117188,9009384.0
2022-11-03,16.586853208931345,16.925537109375,16.42185263798425,16.925537109375,10926572.0
2022-11-04,17.15132818096508,17.351064769844424,16.569485589077026,16.604223251342773,16212913.0
2022-11-07,16.638956430508337,16.890799470001824,16.604220430526635,16.803956985473633,10513140.0
2022-11-08,16.847377552566932,16.90816679537401,16.55211409631886,16.6215877532959,10459898.0
2022-11-09,16.803958954227326,18.254223149698547,16.803958954227326,17.611591339111328,35457940.0
2022-11-10,17.87211670669663,19.105275461853385,17.78527421422983,18.54948616027832,21037209.0
2022-11-11,19.105277904774972,19.348436583497254,18.56685570774098,19.053173065185547,21003940.0
2022-11-14,19.070538561813883,19.522118215519555,18.948960061348068,19.157381057739258,13531129.0
2022-11-15,19.278961214587916,19.765276872834033,18.740539064956874,19.157381057739258,15790865.0
2022-11-16,19.22685219029622,19.331063502954645,18.375799486385777,19.001062393188477,11621512.0
2022-11-17,19.001063010238067,19.05316949645072,18.25422159473277,18.288957595825195,7971474.0
2022-11-18,18.341060638427734,18.740533686092654,18.167375696427634,18.341060638427734,8079610.0
2022-11-21,18.51474597476439,18.51474597476439,18.028430402234434,18.39316749572754,7298141.0
2022-11-22,18.445274320076646,19.608959379858874,18.445274320076646,19.313695907592773,14773375.0
2022-11-23,19.487378172201336,20.095272204926648,19.278957219005584,19.80000877380371,15490505.0
2022-11-24,19.9215888483799,21.380537172952796,19.9215888483799,21.08527374267578,26004987.0
2022-11-25,21.10264288732648,21.258959030494957,20.581591285275074,20.6163272857666,18420034.0
2022-11-28,20.755272167108565,21.120009239611633,20.460008743825963,20.63369369506836,16783019.0
2022-11-29,20.8421160752674,22.61369673672876,20.651063940875172,21.866853713989258,40461937.0
2022-11-30,21.98843366497179,22.68317190777432,21.884224005200153,22.2836971282959,21737467.0
2022-12-01,22.717905837140353,22.735274664312566,22.005800486904914,22.231590270996094,37124691.0
2022-12-02,22.613698196319415,22.92632883128688,22.05790727209887,22.631065368652344,72985339.0
2022-12-05,22.978431815075034,23.273695253989533,22.526853899425685,23.152116775512695,162615990.0
2022-12-06,23.34316775586153,24.246326855391498,22.856852209551327,23.013168334960938,145935556.0
2022-12-07,22.943699509865635,22.943699509865635,20.720540602886643,20.790014266967773,116919519.0
2022-12-08,20.546857243053925,21.137384262740618,19.4179096981585,19.99106788635254,73153009.0
2022-12-09,20.025799242649814,21.12001052684983,19.817378282285414,20.82474708557129,95300365.0
2022-12-12,21.189486549901705,21.50211885360091,20.9463295638092,21.276329040527344,68919497.0
2022-12-13,21.450012614648056,21.762643241455812,21.172116331599586,21.25895881652832,125658607.0
2022-12-14,21.311064633942607,21.588959251905962,20.234220504760742,20.234220504760742,101917557.0
2022-12-15,20.824748048727283,22.248960494995117,20.807379220464625,22.248960494995117,205365605.0
2022-12-16,22.908962548231774,24.298437528608588,22.752648041569596,23.707910537719727,83859531.0
2022-12-19,23.70790639546216,23.82948653235623,22.70053758338311,23.082643508911133,101356549.0
2022-12-20,23.2389601594527,23.846854231859336,23.03053919265191,23.065275192260742,74697501.0
2022-12-21,23.186854044434092,24.055275519410912,22.943695435142878,23.221590042114258,116881079.0
2022-12-22,23.343172871136524,25.02791131051498,23.343172871136524,24.2463321685791,168423911.0
2022-12-23,24.40264523354261,26.660541534423828,24.211591437568114,26.660541534423828,182729577.0
2022-12-26,27.32054400040764,29.31791310993284,26.88633318039061,28.050018310546875,236815650.0
2022-12-27,28.171591128353963,28.275804089331253,26.382643374472885,26.538959503173828,119938129.0
2022-12-28,26.747384585564664,28.362649289681787,26.677910923902786,27.685279846191406,198355154.0
2022-12-29,27.963174463917948,30.29054447389749,27.963174463917948,29.647911071777344,148927014.0
2022-12-30,29.87370054094055,30.01264784664313,28.623171476852246,28.77948760986328,119020789.0
2023-01-02,29.31791290851718,30.047387213644882,29.300547391069575,29.387388229370117,72475314.0
2023-01-03,29.456856549515436,30.915804977113297,28.518963024782646,30.42949104309082,180374135.0
2023-01-04,30.828964732304613,31.593176616623342,29.943174362182617,29.943174362182617,133455004.0
2023-01-05,30.255802794417196,30.551066213525043,28.744748046567665,29.24843406677246,83988119.0
2023-01-09,30.655280182577233,30.724755496999503,29.09212204849476,29.752120971679688,152523472.0
2023-01-10,29.578440340544777,29.96054464486929,27.16422774097927,28.22370147705078,98221927.0
2023-01-11,28.501591821374024,28.727383254293958,25.9136962890625,25.9136962890625,95097642.0
2023-01-12,26.782122307006375,28.275808520792136,25.444752246419842,27.980545043945312,131069488.0
2023-01-13,27.598438068052992,28.466857980951456,27.129489625577474,27.251068115234375,79548682.0
2023-01-16,27.45949088587007,28.13686030957164,27.112120931326064,27.9458065032959,84227593.0
2023-01-17,28.050015451054204,29.265806948267148,27.997912278133715,28.48422622680664,87343546.0
2023-01-18,28.65791316370631,29.543703604480008,27.911070048185415,28.258440017700195,106252403.0
2023-01-19,28.050013778112465,28.536331010546075,27.21632993345353,27.494224548339844,67620058.0
2023-01-20,27.737382052292727,28.015274999653023,26.13948642438919,26.538959503173828,75885478.0
2023-01-23,26.83422680144422,26.868964460110156,25.583699247976863,25.79212188720703,68779232.0
2023-01-24,25.8615953670134,26.608436802889923,25.496858235489437,26.087385177612305,78743327.0
2023-01-25,26.208962885561412,26.45211986171743,24.524224599247823,25.35791015625,72086098.0
2023-01-26,25.305803353599025,26.278436215203495,25.097382381051492,25.82685661315918,52777682.0
2023-01-27,25.65317496472807,26.087385766516565,24.750015701944275,25.080015182495117,46544843.0
2023-01-30,25.184226547159927,25.392647533611868,24.767384574256038,24.85422706604004,33886991.0
2023-01-31,24.645806311004478,26.83422932095105,24.576332643532343,25.774755477905273,78957645.0
2023-02-01,25.79212378911375,25.896333460030505,24.350543975830078,24.350543975830078,57256222.0
2023-02-02,24.298437528608588,24.697912351543994,21.918962390790366,23.707910537719727,74733892.0
2023-02-03,23.70790601488309,24.90632859867936,23.55159153804155,24.715274810791016,43536446.0
2023-02-06,24.228962245952236,24.663173044827307,23.030541169865458,24.628437042236328,9728707.0
2023-02-07,24.29843462222423,24.506855595893676,22.179487228393555,22.179487228393555,26313434.0
2023-02-08,20.303695678710938,20.303695678710938,20.303695678710938,20.303695678710938,250.0
2023-02-15,22.874223512515798,24.385276794433594,22.544222399504847,24.385276794433594,48268367.0
2023-02-16,25.201593407608033,25.531592862942645,23.117382049560547,23.117382049560547,60585526.0
2023-02-17,22.90896213337081,23.82949026432543,22.613700299656166,23.377910614013672,44024537.0
2023-02-20,23.499485778050566,24.24632881245295,22.61369708986976,23.482118606567383,45969597.0
2023-02-21,23.325804645611125,25.757384456758405,23.152119663508,24.628437042236328,108185409.0
2023-02-22,24.75001381906467,26.48685689408675,24.628435333855567,26.07001495361328,104317005.0
2023-02-23,26.226332524745395,27.35527992248535,25.878962565702892,27.35527992248535,70988158.0
2023-02-24,27.164227801167787,27.268437463893473,26.34791104669719,26.486858367919922,48881541.0
2023-02-27,26.504227228014624,27.390017644127486,26.31317341882397,27.007911682128906,47011437.0
2023-02-28,27.18159268933459,28.501593786382998,26.99054055280755,28.414752960205078,62644577.0
2023-03-01,28.57107180925054,28.918438459696347,28.206333016602134,28.275808334350586,50349749.0
2023-03-02,28.397386119096943,28.81422807689051,27.841596842038857,27.9458065032959,48836162.0
2023-03-03,28.05001737343822,28.71001965296319,26.660544120910192,28.258440017700195,60894916.0
2023-03-06,28.623173271756997,28.98791204257652,28.171593671714643,28.605804443359375,53927341.0
2023-03-07,28.744751243854168,29.213699663909924,28.44948779190409,28.623172760009766,49180923.0
2023-03-08,28.744753110655484,30.290545783144314,28.51896495639016,28.866334915161133,81088703.0
2023-03-09,29.09212153227041,29.404753816092477,28.848964561637814,28.90106773376465,37547353.0
2023-03-10,28.83159637451172,29.16159749396988,28.50159525505356,28.83159637451172,42155050.0
2023-03-13,28.97054418910165,29.005281847065895,27.98054412647842,28.171594619750977,44949773.0
2023-03-14,28.188963848868816,28.414755316076075,27.164227770118153,27.35527992248535,30158999.0
2023-03-15,27.268437721328205,27.35528021200795,25.80948917833321,25.844226837158203,49731307.0
2023-03-16,26.174221547677284,26.52159144713917,25.54895871013428,25.93106460571289,25725572.0
2023-03-17,26.27843451603682,27.42475061911864,26.035275902262704,26.052644729614258,35086053.0
2023-03-20,26.08738533050405,26.400015976226324,24.802120119840534,25.271068572998047,31170298.0
2023-03-21,25.392647968812646,25.444752802222958,24.66317367553711,24.66317367553711,20104931.0
2023-03-22,24.819489038115595,24.99317401910376,24.506856734890004,24.802120208740234,12402001.0
2023-03-23,24.871594216596527,25.809489482965873,24.750015722039517,25.6010684967041,23295938.0
2023-03-24,25.705275226595734,26.174221947826595,25.392642974853516,25.392642974853516,25243843.0
2023-03-27,25.618436380839476,25.878962189955953,25.16685676574707,25.16685676574707,15992304.0
2023-03-28,25.288438795415487,25.39264846426943,24.05528000475832,24.2463321685791,27264989.0
2023-03-29,24.142118166761453,24.836856393089295,23.39527676816602,24.385276794433594,25010962.0
2023-03-30,24.715275538350948,25.53159222678353,24.489487401916758,25.045276641845703,31878854.0
2023-03-31,25.08001272808994,25.878960591448653,24.975803073433315,25.44474983215332,47013640.0
2023-04-03,25.41001483703944,26.400014877319336,25.41001483703944,26.400014877319336,47290596.0
2023-04-04,26.556331500884514,27.598438045732156,26.486857841653517,27.372648239135742,40890386.0
2023-04-05,27.459489405308485,27.476856576993118,26.660541534423828,26.660541534423828,28427005.0
2023-04-06,26.83422509084659,27.18159337344868,26.521594464696022,26.764751434326172,31209958.0
2023-04-07,26.938435941043732,26.938435941043732,26.31317138671875,26.31317138671875,18942699.0
2023-04-10,26.55632904474131,27.251065572796445,26.40001291183327,27.21632957458496,24213435.0
2023-04-11,27.26843598001849,27.911067719799018,27.146857494660257,27.80685806274414,27259812.0
2023-04-12,28.020597151295245,28.301682922125345,27.388157936562585,27.634105682373047,27422713.0
2023-04-13,27.72194480511088,27.967894225641015,27.230047639443967,27.247615814208984,27425818.0
2023-04-14,27.37059134346398,27.880056714732813,26.948965175943588,27.054370880126953,35054933.0
2023-04-17,27.159778904976857,27.194913582074904,25.824627667381094,25.947603225708008,23971425.0
2023-04-18,26.5273403769174,26.86112735790877,25.420570373535156,25.420570373535156,23425133.0
2023-04-19,25.82463096002052,26.58004588096914,25.33273369017649,26.404367446899414,36228644.0
2023-04-20,26.334091965883292,26.685447099356676,26.123278885799262,26.650312423706055,11182917.0
2023-04-24,26.843557720054253,27.563836173035632,26.843557720054253,27.142210006713867,28170679.0
2023-04-25,27.194912172381954,27.70437920473932,25.789491653442383,25.789491653442383,60523384.0
2023-04-26,25.912465711706908,26.105710615567833,25.29759297381412,25.807058334350586,37983179.0
2023-04-27,25.912465228975158,25.982736254105795,25.33272885279905,25.402999877929688,27734849.0
2023-04-28,25.402998262778347,25.49083745745508,23.962441501495807,24.01514434814453,27046602.0
2023-05-02,24.067850473634262,24.507044831457492,23.242164611816406,23.242164611816406,24574574.0
2023-05-03,23.207029451503697,23.365139685093066,22.047556639039623,22.644861221313477,23776358.0
2023-05-04,22.398913078308105,23.47054674793253,21.959718704223633,21.959718704223633,28504674.0
2023-05-05,21.889446258544922,22.13539569529926,21.274573504355814,21.889446258544922,35387818.0
2023-05-08,22.012420286955997,22.679995898003625,21.67863331912892,22.644861221313477,20957213.0
2023-05-09,22.644859986554444,23.06648613620705,21.924579886656172,22.117826461791992,22138861.0
2023-05-10,21.871879801526955,22.100261080305813,21.028627395629883,21.028627395629883,24772410.0
2023-05-11,20.870515244904283,22.978647742538428,20.817812393196625,22.43404769897461,61191400.0
2023-05-12,22.34620907905486,22.469182961379897,21.18673625886597,21.344844818115234,43712810.0
2023-05-15,20.2907780306987,22.082689994951497,20.150235981557046,20.800243377685547,38151347.0
2023-05-16,20.87051578958046,21.836743698202362,20.8529476134216,21.344844818115234,48876613.0
2023-05-17,21.415116041858678,22.188099045934166,21.274573982098314,21.819175720214844,48848643.0
2023-05-18,21.97728473207506,22.398910887869956,20.817811965942383,20.817811965942383,39829874.0
2023-05-22,20.975922257331266,21.20430352950794,20.290780116194806,20.343482971191406,34250312.0
2023-05-23,20.501591659819475,21.01105702060824,20.37861778233739,20.642133712768555,43329055.0
2023-05-24,20.729973304792832,21.1867358231691,20.69483695319768,21.134031295776367,42414545.0
2023-05-25,21.134031053715397,21.450251512876097,20.448888959391805,20.466455459594727,39969577.0
2023-05-26,20.536728566374144,21.151601371368336,20.431322852908266,20.94078826904297,31691474.0
2023-05-29,21.555659018677595,22.609724429797943,21.30970958505279,22.43404769897461,44596607.0
2023-05-30,22.66242907673668,23.59352235789245,22.53945518787948,23.189462661743164,56505490.0
2023-05-31,23.31243632902097,23.59352043804718,22.557021529467953,22.715131759643555,50853814.0
2023-06-01,22.96107770319897,23.417840181974658,22.715129964929996,22.82053565979004,34684034.0
2023-06-02,23.944878213872162,25.08678295151634,23.540818506060745,23.980012893676758,114636645.0
2023-06-05,24.419204968841832,24.82326463838959,24.050281651164955,24.612451553344727,69254835.0
2023-06-06,24.61245098925342,25.01650897414713,24.384069733507378,24.77056121826172,65403750.0
2023-06-07,25.666517101455685,26.790855235804887,25.596246072770953,25.842195510864258,93447947.0
2023-06-08,25.648949706810424,26.140846890457993,25.28002640022639,25.8948974609375,60362486.0
2023-06-09,26.263822492804913,26.720585031036467,25.824628131134617,26.544906616210938,67053719.0
2023-06-12,26.79085418026078,27.282751361673444,26.12327859636117,26.26382064819336,88735975.0
2023-06-13,26.298957241277623,26.386796443330816,25.350297544968683,25.52597427368164,47479370.0
2023-06-14,25.525973447727136,25.94760126886099,24.2610950105057,24.542179107666016,56068575.0
2023-06-15,24.77055976540344,25.016507506863373,24.59488137116635,24.981372833251953,36615631.0
2023-06-16,25.034076883465904,25.315160987427838,24.542179701532522,24.577314376831055,32251480.0
2023-06-19,24.594880877800705,24.665151899007263,23.277297973632812,23.277297973632812,29093698.0
2023-06-20,23.242164019176716,23.99757883149667,22.961079905400027,23.207029342651367,30569740.0
2023-06-21,23.36513893217023,23.78676509122633,23.25973155470949,23.452978134155273,35670454.0
2023-06-22,23.593520754627033,24.9462384663149,22.75026674084011,24.893535614013672,75023931.0
2023-06-23,25.29759438259241,25.807059771500104,24.594884079062325,25.20975685119629,75863890.0
2023-06-26,25.22732194737438,26.053007764586386,25.209755447309515,25.807058334350586,51416944.0
2023-06-27,25.75435597181199,25.91246620314839,25.52597471270313,25.736787796020508,17407083.0
2023-07-03,26.263819749481303,26.73815041472906,25.93003280664994,26.3165225982666,69312202.0
2023-07-04,26.808424707392504,27.265187253613924,26.088146209716797,26.088146209716797,97265843.0
2023-07-05,26.123279441939616,26.720584019257146,25.91246635736757,26.492202758789062,50451884.0
2023-07-06,26.790855047447828,27.177346540193312,26.42193173059838,26.492202758789062,40533682.0
2023-07-07,26.492203743735445,27.704381119333753,26.457069066030577,27.66924476623535,69944689.0
2023-07-10,28.10843479236799,28.512492738319512,27.827350712507233,28.21384048461914,56103902.0
2023-07-11,28.653037523637394,28.8111477525567,27.65167497433969,28.055734634399414,48510361.0
2023-07-12,28.090870511223518,28.108438687497646,27.440863067622356,27.458431243896484,39407598.0
2023-07-13,27.511130828341578,28.301681912805776,27.28274959009562,27.300317764282227,56918251.0
2023-07-14,27.63410687354831,28.196275088654186,27.335456265818387,27.9678955078125,49285049.0
2023-07-17,28.6881729654511,30.111161629838332,28.67060479048499,29.320613861083984,73401314.0
2023-07-18,29.496293791125026,29.56656314385042,27.897624969482422,27.897624969482422,51213673.0
2023-07-19,27.897625911585045,28.56520153895496,27.493566229711416,28.231412887573242,71575461.0
2023-07-20,28.582765444719985,28.951687043134797,27.93275641554929,28.75844383239746,65617322.0
2023-07-21,28.740878701273527,29.162504865864015,28.37195371301504,29.109800338745117,59032906.0
2023-07-24,29.496292249208636,29.548993423301,28.03816556002721,28.108436584472656,55127224.0
2023-07-25,28.196274184461608,28.319251409510922,27.265184364595576,27.546268463134766,44702912.0
2023-07-26,27.528702643028147,28.055736210570096,27.194913990914387,27.950328826904297,39806206.0
2023-07-27,28.108438027879416,28.617905075512457,28.09086985201756,28.3719539642334,38545198.0
2023-07-28,28.653036085537508,29.039529226069607,28.56519856311841,28.934120178222656,63879552.0
2023-07-31,29.338180356733144,29.63683261248863,29.021959927017154,29.531423568725586,72666476.0
2023-08-01,29.61926455813888,31.077389494883597,29.584128210075978,30.181432723999023,102553274.0
2023-08-02,30.198999794714407,30.40981117381671,29.671964645385742,29.671964645385742,68488124.0
2023-08-03,29.865211978428437,30.076026713798715,28.688171137011853,28.75844383239746,49955145.0
2023-08-04,28.898988631481686,29.777377302945727,28.582768173628732,29.461156845092773,42759357.0
2023-08-07,29.51385723168247,29.79494133097188,28.96925720815758,29.144935607910156,44867282.0
2023-08-08,29.26790879483128,29.654398584576686,28.776009957238923,28.934120178222656,46477504.0
2023-08-09,29.05709926589427,29.443589080448568,28.688174276321927,29.215206146240234,58925986.0
2023-08-10,29.496295114558347,30.058463364732457,28.038168283730542,28.14357566833496,64469657.0
2023-08-11,28.213842034528675,29.12736701965332,28.178709035705978,29.12736701965332,61886500.0
2023-08-14,29.689538220223277,31.25307242848859,29.689538220223277,30.023326873779297,97622343.0
2023-08-15,30.339547933427266,30.831443484128293,29.303048950468487,29.865217208862305,63377615.0
2023-08-16,29.953054202538535,30.761173572496936,29.60170072277203,30.40981674194336,65890064.0
2023-08-17,30.515220214154315,30.726031593256618,29.601695302613795,29.671964645385742,80160616.0
2023-08-18,29.812511203033225,30.05846231700173,27.669243986254294,28.284116744995117,67624988.0
2023-08-21,28.10843542850379,29.25033994762943,27.82735134228168,28.98682403564453,71824454.0
2023-08-22,29.127365963997747,29.215203484051106,28.196272837813755,28.336814880371094,53214596.0
2023-08-23,28.49492934684304,29.285480548372856,28.301686103747944,28.354387283325195,74839270.0
2023-08-24,28.54763074126178,29.021961410074642,27.071937561035156,27.071937561035156,66479324.0
2023-08-25,27.247618741501846,27.6165420742349,26.650314138467987,27.493566513061523,54068366.0
2023-08-28,27.880055300516155,28.248978597231215,27.75708142674226,27.915191650390625,43919782.0
2023-08-29,28.038168015217465,28.371954991713384,27.598973655126585,27.757083892822266,39100250.0
2023-08-31,27.93276086950561,29.390886023393644,27.792218807111116,28.81114959716797,81071864.0
2023-09-01,29.10980208246807,29.496295269584408,28.67060771586285,29.285480499267578,55957994.0
2023-09-04,29.67196902637441,30.585494072794518,29.408453088195866,29.77737808227539,81566240.0
2023-09-05,29.74223922096138,29.95305061340332,29.215204038283197,29.95305061340332,45474449.0
2023-09-06,30.269273078541467,30.37468213260332,29.390884399414062,29.390884399414062,53392087.0
2023-09-07,29.496294917907413,30.304410934448242,29.408454035161412,30.304410934448242,53954249.0
2023-09-08,30.515223148465658,30.884144772763023,29.84764589861312,30.07602882385254,52847237.0
2023-09-11,30.30441307830237,32.18416454181603,29.830082330279122,30.49765968322754,166740727.0
2023-09-12,30.708467835662752,33.53688049316406,30.6206303068704,33.53688049316406,163050481.0
2023-09-13,32.922008318010555,34.29229590645406,32.254434375407,32.44767761230469,210477905.0
2023-09-14,32.535518687516344,33.67742334263772,32.0611879789809,32.9220085144043,144727919.0
2023-09-15,32.90443993573765,34.0990491052405,31.973350057168112,32.23686599731445,120843995.0
2023-09-18,32.236868380316714,32.97471507774149,30.901717053986765,30.936853408813477,75152575.0
2023-09-19,30.989554326786276,31.200369103166913,30.234139458370844,30.35711669921875,66641784.0
2023-09-20,30.550361486357847,30.884150169612,29.144940742320415,29.303050994873047,58977379.0
2023-09-21,29.232772021706978,30.72603333668792,29.162502674947866,30.69089698791504,62558101.0
2023-09-22,30.849008073644345,31.534153490825524,30.09359330772907,30.444950103759766,53328777.0
2023-09-25,30.866575514221232,31.288201648955706,30.638195947785057,31.05982208251953,52190672.0
2023-09-26,31.147659694201373,31.217932392253854,30.216569900512695,30.216569900512695,53041093.0
2023-09-27,30.32197637547876,30.954417271045607,30.058460452588157,30.269271850585938,52667004.0
2023-09-28,30.83143925453855,31.09495852144868,30.111160853433972,30.216569900512695,47581076.0
2023-09-29,30.39224840425822,30.69090070340978,30.216573340699576,30.585494995117188,40361164.0
2023-10-02,30.77873843539247,31.05982252925833,30.690897561817692,30.796306610107422,46480371.0
2023-10-03,30.86657954928678,32.30713653564453,30.813878369797216,32.30713653564453,102215352.0
2023-10-04,32.149022948529854,32.23686382317908,30.98955020945414,31.094959259033203,62268524.0
2023-10-05,31.270638501867573,31.832810122680417,30.357116738469504,31.780105590820312,59938074.0
2023-10-06,31.44631576538086,31.832808949874444,31.30577370305239,31.44631576538086,33894596.0
2023-10-09,30.72603316701477,30.72603316701477,29.33818090601637,29.373313903808594,40679519.0
2023-10-10,29.865216797286557,30.09359639256655,29.65440202790057,29.84764862060547,31253919.0
2023-10-11,29.953051317468148,30.251703589436456,28.670604705810547,28.670604705810547,42315246.0
2023-10-12,29.07466371419948,29.26791029436648,27.686811354308578,28.248979568481445,44083138.0
2023-10-13,28.196272310779523,28.670602952089503,27.80978253866762,28.21384048461914,33004483.0
2023-10-16,28.459795669862896,28.951691205129165,27.669244487060638,28.40709114074707,44767046.0
2023-10-17,28.477358253139386,29.10979914958277,28.090868455749966,29.03952980041504,32330469.0
2023-10-18,28.24897863336355,28.617903605943866,28.073300234553244,28.108436584472656,32944071.0
2023-10-19,28.19627530086208,28.670605992472602,28.055734921421326,28.44222640991211,29976245.0
2023-10-20,27.932760877010708,28.213845001875217,27.1597795336333,27.493566513061523,25329255.0
2023-10-23,28.108438157240318,28.28411656588046,27.31788866914663,28.00303077697754,25856613.0
2023-10-24,28.126007672967916,28.740880457104456,28.073303142629207,28.61790657043457,28241037.0
2023-10-25,28.82871442170019,29.09223033920065,26.2989559173584,26.2989559173584,29404743.0
2023-10-26,26.703014713101872,27.1949118896161,26.211117536587643,26.808422088623047,34939611.0
2023-10-27,26.8435552202086,27.58140178025537,26.738149526140948,27.38815689086914,30626751.0
2023-10-30,27.31789075722386,27.757085137001113,27.159780512441074,27.353025436401367,20430470.0
2023-10-31,27.528700591951896,27.634106292370724,26.615175586223902,26.720582962036133,15965621.0
2023-11-01,27.05437087880522,27.247617462121053,25.859763404222477,26.386796951293945,18729765.0
2023-11-02,26.615177785163155,27.511134689713938,26.52734025268815,27.493566513061523,21229450.0
2023-11-03,27.493566141926497,27.528702494757027,26.650313778716008,27.00166893005371,24243444.0
2023-11-06,27.405729146117743,27.7746524810791,27.265187082836608,27.7746524810791,18499660.0
2023-11-07,27.774651367184585,28.47735998001477,27.739515015076663,28.284116744995117,22731535.0
2023-11-08,28.617907095894296,28.705744630617847,28.003032625074358,28.47736167907715,18188472.0
2023-11-09,28.10843699751163,28.371952924205942,27.65167449420765,28.126005172729492,21357516.0
2023-11-10,28.143574627753612,29.742241786622237,28.090870099703334,29.23277473449707,41693273.0
2023-11-13,29.338186703049214,30.181439130843046,28.93412531612579,29.092235565185547,33889098.0
2023-11-14,29.09223129672671,29.51385744876196,28.600335794745646,29.35574722290039,25531828.0
2023-11-15,29.513856959881153,29.707103532908004,28.863851242805513,28.951688766479492,19879969.0
2023-11-16,28.98682944015224,29.355751115558117,28.916556730101263,29.07466697692871,21446075.0
2023-11-17,29.10979947190986,29.53142562394511,29.10979947190986,29.35574722290039,18569097.0
2023-11-20,29.531425221976843,29.83007749445171,29.513857047032822,29.60169792175293,19918641.0
2023-11-21,29.777376014809835,30.199002156779077,29.390882871581326,29.68953514099121,31449811.0
2023-11-22,29.707106768460577,31.11252740503626,29.601701058414175,30.70846939086914,59200657.0
2023-11-23,30.79631287063406,30.831445876419387,29.865219526181413,29.882787704467773,28531797.0
2023-11-24,29.917917585720804,30.409813068125295,29.75980736615174,30.234134674072266,21510877.0
2023-11-27,30.357115151736682,30.51522538826555,30.093595856997226,30.392248153686523,19562928.0
2023-11-28,30.44495160470643,31.51658686972397,30.25170502228375,31.358476638793945,52751254.0
2023-11-29,31.358481221789496,31.63956537323693,30.6733356706974,31.02469253540039,28167885.0
2023-11-30,31.094956652698258,31.48144641639956,30.796304405497015,30.88414192199707,27039410.0
2023-12-01,31.182797388429947,31.499017841734283,30.62062918290527,30.655765533447266,20850205.0
2023-12-04,30.690895793609617,30.93684687466219,30.497652584451934,30.62062644958496,22292479.0
2023-12-05,30.603066866546033,30.673336230296176,29.707109860916383,29.72467803955078,23898415.0
2023-12-06,29.83007959255847,29.95305347502927,28.49492835998535,28.49492835998535,23668430.0
2023-12-07,28.494923577430956,28.916549682617188,28.055730974406874,28.916549682617188,23416603.0
2023-12-08,28.96925926208496,29.28547973390235,28.723311495465662,28.96925926208496,18419012.0
2023-12-11,29.03952855835616,29.79493994583644,28.898986515245106,28.98682403564453,31026181.0
2023-12-12,28.969259036637304,30.199004561737556,28.89898968277308,30.093595504760742,28302045.0
2023-12-13,29.882780740227552,30.761169345110947,29.68953417490149,29.830076217651367,33607064.0
2023-12-14,30.12872902794709,30.86657560356479,29.84764493731051,30.216569900512695,37193961.0
2023-12-15,30.339547443392583,31.76253624331667,30.321979266753143,31.44631576538086,42983436.0
2023-12-18,31.270638501867573,32.60578981857208,31.23550549808137,31.780105590820312,39408933.0
2023-12-19,31.867937915698157,32.00847996022435,30.761169733902694,31.903074264526367,33247533.0
2023-12-20,32.5003813159003,33.290932472007235,32.27200173235103,32.67605972290039,50633518.0
2023-12-21,32.65849502952953,32.67606320718154,31.481453933142873,32.377410888671875,31655062.0
2023-12-22,32.43010503654293,32.623351598011375,31.323336890829427,31.376041412353516,24714800.0
2023-12-25,31.18279903029807,31.20036720649409,29.707105737702697,29.812511444091797,16174358.0
2023-12-26,30.128729839018703,30.497654812152422,29.548993467625795,29.988187789916992,18867379.0
2023-12-27,29.777376320406397,30.181434291758645,29.40845134815544,29.60169792175293,25681902.0
2023-12-28,29.9530545779034,30.32197958968665,29.83008069090469,30.040895462036133,17351810.0
2023-12-29,30.09359680728962,30.39224911340973,29.83008085501591,29.865217208862305,15936124.0
2024-01-02,30.111160833128107,30.146297182130652,29.79494039367853,29.95305061340332,21211911.0
2024-01-03,30.13134389959068,30.50575882542798,29.275543212890625,29.275543212890625,22776235.0
2024-01-04,29.25771893300171,29.685619354248047,28.90113354830463,29.685619354248047,19859462.0
2024-01-05,29.685619068356687,29.828252540731814,29.275548260359468,29.667789459228516,13633972.0
2024-01-08,29.810419906166203,30.291809101820263,29.810419906166203,30.1491756439209,21147386.0
2024-01-09,30.291805563372993,30.737535492323126,29.75693100889263,30.024368286132812,22086679.0
2024-01-10,30.04219714847113,31.71814259206191,29.95304912449591,31.52202033996582,30866587.0
2024-01-11,31.59334156830843,32.163878831943286,31.04063731362317,31.432878494262695,23764702.0
2024-01-12,31.111954471108554,31.557684458369994,30.57707644600487,31.183269500732422,23906364.0
2024-01-15,31.2902437674557,31.50419565777733,30.808857965369405,31.04063606262207,18467923.0
2024-01-16,31.379388817510403,31.664655710343713,31.094121924677093,31.23675537109375,18468476.0
2024-01-17,31.022804260253906,31.218926529119408,30.791026179398973,31.022804260253906,15841315.0
2024-01-18,31.218927399194524,31.361560853076547,30.951490098246953,31.0762939453125,19299131.0
2024-01-19,31.183264352431106,31.236753166305544,30.577071397784927,30.64838981628418,13700514.0
2024-01-22,30.630563158603223,30.969318877767375,30.273977833098883,30.59490394592285,16662110.0
2024-01-23,30.82668855896014,31.183270520035105,30.345299340826397,30.380958557128906,20165762.0
2024-01-24,30.434437405729692,31.361556425395396,30.1670001425394,31.325897216796875,23526083.0
2024-01-25,31.450705439274458,31.93209462064697,31.254586565887337,31.504194259643555,23527795.0
2024-01-26,31.557686121706332,32.591779610631676,31.397223045782564,32.46697235107422,26483292.0
2024-01-29,32.538287795902086,33.037506586319715,32.395654341589875,32.80572509765625,27602648.0
2024-01-30,32.94835531174945,32.94835531174945,32.146043485388184,32.27084732055664,18192385.0
2024-01-31,32.2886816277737,33.62587160042275,32.19953358920712,33.215797424316406,42689950.0
2024-02-01,33.269284051861014,35.44444503958712,33.269284051861014,34.46384048461914,45828498.0
2024-02-02,34.51733448609582,35.373135324432845,34.12508988470367,34.838260650634766,28782960.0
2024-02-05,34.695618858569034,35.23049685719447,34.28554810674437,34.48167037963867,25636172.0
2024-02-06,34.677791595458984,35.19483657098789,34.570813958605015,34.677791595458984,31073674.0
2024-02-07,34.83825301388081,35.676224059316255,34.62430115087096,35.12351989746094,48476259.0
2024-02-08,35.21266452333617,35.78319829049643,35.016542265631266,35.12351989746094,24848290.0
2024-02-09,35.2661581958395,36.03281092563278,34.873913626412744,35.212669372558594,38454746.0
2024-02-12,35.604903435868,36.17544056838899,35.21266234536852,35.81885528564453,40520807.0
2024-02-13,35.89018038901763,36.032813862073795,34.838260650634766,34.838260650634766,25145201.0
2024-02-14,34.873907958991154,35.81885661282217,34.57081147762268,35.64056396484375,26204113.0
2024-02-15,35.6762253642721,36.2467591523012,35.64056615235788,35.801029205322266,29204771.0
2024-02-16,35.943663521672875,36.9420976748722,35.85451889038086,35.85451889038086,38473222.0
2024-02-19,36.086296704221155,36.56768587118344,35.444444481604776,35.551422119140625,33219588.0
2024-02-20,35.69405335514706,36.10412407165692,35.4444422836915,35.961490631103516,20547721.0
2024-02-21,36.10412242824951,36.371559692032605,34.92739574708443,35.266151428222656,21491457.0
2024-02-22,35.35530307351894,35.65839960619762,35.14135117959576,35.51576614379883,14147933.0
2024-02-23,35.587075432211606,36.67465753291237,35.480101202836764,36.51419448852539,32742929.0
2024-02-26,36.83512541726692,36.94209966069769,35.51576507945449,35.71188735961914,21772568.0
2024-02-27,35.640564271273135,35.71188269133744,33.94679260253906,33.94679260253906,24364116.0
2024-02-28,33.85764534745104,34.19640104916163,33.16230773925781,33.16230773925781,28304464.0
2024-02-29,33.41191860367724,34.01811164328509,33.23362593308967,33.69718551635742,20497298.0
2024-03-01,33.82198973376395,34.08943044288162,33.073163229664196,33.14448165893555,14935887.0
2024-03-04,33.35842956570847,34.26771911921619,33.037506841514414,33.108821868896484,28225984.0
2024-03-05,33.21579908267772,33.91114021561341,33.10882483170689,33.6080436706543,24187949.0
2024-03-06,33.590215008892436,34.32121197899035,33.447581536694074,33.98245620727539,25071154.0
2024-03-07,35.19484218897572,35.301816442255834,34.08943363689741,34.2320671081543,42844663.0
2024-03-08,34.41034843624128,34.51732606542336,33.92896270751953,33.92896270751953,31346209.0
2024-03-11,34.32120201624652,34.42817623918031,33.10881615416614,33.25144958496094,24065515.0
2024-03-12,33.287113556822085,33.48323582747711,32.28867939836417,32.44914245605469,19706151.0
2024-03-13,32.50262585244255,32.680918505521426,32.039066314697266,32.039066314697266,16426054.0
2024-03-14,32.110384275154495,32.57394380624408,32.05689545980396,32.27084732055664,16048639.0
2024-03-15,32.30650653079033,32.80572187146415,32.19952890008926,32.27084732055664,20440316.0
2024-03-18,32.30650900484642,33.03750586737004,32.30650900484642,32.44914245605469,16160130.0
2024-03-19,32.413484303172844,32.59177697317667,32.128217391426645,32.253021240234375,15759172.0
2024-03-20,32.28868353927795,32.41348740000964,31.611172008662805,31.62900161743164,18982518.0
2024-03-21,31.896435407067578,31.967753834226368,31.415049626344842,31.504194259643555,23082844.0
2024-03-22,31.611171220704296,32.28868273443139,31.53985618805675,31.842952728271484,29250546.0
2024-03-25,31.62899727252028,32.05689762224071,30.969318841944908,31.022804260253906,28935873.0
2024-03-26,31.04063227944956,31.07629149026541,30.042198181152344,30.042198181152344,22748506.0
2024-03-27,30.327465614704433,31.0762920521286,30.22049138097229,30.791025161743164,18830490.0
2024-03-28,30.826682920877516,31.29023904542732,30.57707185306291,30.701875686645508,20098261.0
2024-03-29,30.862341204027533,31.129778497521592,30.612733516853034,31.022804260253906,16555088.0
2024-04-01,31.129778840679336,31.147608447195445,30.202663106389885,30.47010040283203,18454792.0
2024-04-02,30.61273386780568,31.058463828955645,30.131344693607783,30.32746696472168,20158751.0
2024-04-03,30.23831721612899,30.345294849201988,29.792587280273438,29.792587280273438,13586294.0
2024-04-04,29.863902829867552,31.32589633474824,29.863902829867552,31.12977409362793,18160351.0
2024-04-05,31.522021624997397,32.6274299621582,31.040632477855013,32.6274299621582,22607847.0
2024-04-08,32.69875143088018,33.233626043774464,32.43131412443304,32.84138488769531,15952807.0
2024-04-15,32.520462497411195,32.87704788075779,31.735976694438815,31.825124740600586,17278368.0
2024-04-16,31.557688240175946,31.93209984203228,31.432880972240167,31.46854019165039,16050361.0
2024-04-17,31.77163024874314,31.93209330257717,31.05846300984171,31.11195182800293,14627333.0
2024-04-18,31.111951263589177,31.4507035705159,30.594902899359585,30.791025161743164,15852694.0
2024-04-19,30.684048484454326,31.825119482237795,30.345296166961287,31.735971450805664,16262130.0
2024-04-22,32.092561403538404,32.41348756167781,31.914268715610934,32.21736526489258,20990054.0
2024-04-24,32.484795196364864,32.55611361554946,31.896431840689548,32.23518753051758,14898593.0
2024-04-25,33.10882084011618,33.23362468464418,32.73440930653217,33.019676208496094,27523916.0
2024-04-26,33.1444794737153,34.96305849243693,33.090990655288316,34.677791595458984,30939435.0
2024-04-29,34.83826052245956,35.12352746752236,34.24989362253602,34.85608673095703,19976446.0
2024-04-30,34.85608641949679,34.85608641949679,33.6080443961616,34.2320671081543,24526646.0
2024-05-02,34.428180405648774,34.69561769567289,34.17857272171289,34.41035079956055,16424957.0
2024-05-03,34.410349191821126,34.5529826332131,33.71501159011645,34.00027847290039,14034139.0
2024-05-06,34.00027874483256,34.731275562894076,33.839815696902036,34.58864212036133,14645943.0
2024-05-07,34.55298233441869,34.80259340518326,33.928963159130895,34.26771545410156,17969272.0
2024-05-08,34.41035116772065,35.19483684074771,34.41035116772065,34.98088836669922,28735385.0
2024-05-09,34.98089103186801,35.19483952221709,34.58864646514481,34.90957260131836,14344537.0
2024-05-10,34.9987149976587,35.711885654886466,34.83825534049715,35.31964111328125,18864208.0
2024-05-13,35.33746974384733,35.33746974384733,34.321206006208975,34.37469482421875,25144767.0
2024-05-14,34.36548194637602,34.549747971808756,33.22303891494086,33.35202407836914,28960917.0
2024-05-15,33.481007269074745,33.60999242490314,33.20461000450221,33.37044906616211,15089955.0
2024-05-16,33.53629070882419,33.9785270690918,33.29674381706538,33.9785270690918,10629710.0
2024-05-17,34.10750939031411,34.918277740478516,34.03380157912557,34.918277740478516,11968866.0
2024-05-20,34.89985078768138,35.249952347081255,34.67873086869768,34.918277740478516,16423019.0
2024-05-21,35.01040803679795,35.673764261108715,34.86299593301575,35.45264434814453,27409408.0
2024-05-22,35.65533935631674,36.83463625429527,35.47107333736209,36.5582389831543,22556891.0
2024-05-23,36.55824107430976,38.41932129450088,36.41082895363037,37.62697982788086,30161773.0
2024-05-24,37.25844964814132,37.71911298782222,36.39240383479088,36.52138900756836,14211712.0
2024-05-27,36.5950903922756,37.42428214910682,36.24498533161437,37.074180603027344,15484667.0
2024-05-28,37.22159304932547,37.42428249509225,36.39239777024664,36.963619232177734,11439964.0
2024-05-29,39.04582075973739,39.11952505726221,37.27687192957677,37.40585708618164,31624773.0
2024-05-30,37.16631143615984,37.94022584268967,36.908341138843795,37.53484344482422,19172102.0
2024-05-31,37.534843376854035,38.32718121925874,37.09260356142493,38.30875778198242,27751654.0
2024-06-03,38.43775008713764,38.93526382160957,37.921805882794416,38.76942825317383,22478131.0
2024-06-04,38.73256844542964,38.824699693264684,37.49799074569827,37.6638298034668,18387711.0
2024-06-05,37.70068389530266,38.36404019150506,37.129462370562905,38.01393508911133,17517678.0
2024-06-06,38.06921331242215,38.49302268801859,37.82966995239258,37.82966995239258,12495575.0
2024-06-07,37.99551001977273,38.52987761300839,37.44271195845286,37.608551025390625,14955386.0
2024-06-10,37.22159491153392,37.62697733793067,36.88991678330842,36.98204803466797,8715101.0
2024-06-11,36.94519554968278,37.25844673677168,36.65037131649112,36.72407913208008,12131807.0
2024-06-12,36.68722629679282,37.166316568380424,36.5582411303235,36.88991928100586,10412836.0
2024-06-13,37.25844737252289,38.95368849959236,37.20317002447005,38.78784942626953,23801393.0
2024-06-14,38.8247058458496,39.11953010314097,38.4746007223477,38.69572067260742,15865984.0
2024-06-20,39.064247477993696,39.3774986484009,38.19819826385394,38.95368576049805,19428531.0
2024-06-21,39.027394793157875,39.58018933960304,38.345611572265625,38.345611572265625,18232050.0
2024-06-24,38.34561025896215,39.24850986167614,38.2719059620987,38.99053955078125,19256876.0
2024-06-25,38.95368819289294,39.451205408944254,38.43774753735716,38.4745979309082,15801805.0
2024-06-26,38.437745250340605,38.60358431249041,38.01393236119004,38.179771423339844,12178387.0
2024-06-27,38.36403862840719,38.419319489032425,37.571697199022275,37.99551010131836,17645624.0
2024-06-28,38.23504985751883,38.4745932017765,37.77438660622342,37.92179870605469,23361835.0
2024-07-01,38.14292206918171,38.47459668791846,36.22656108315419,36.48453140258789,18415158.0
2024-07-02,36.42925381023256,37.313726483375866,36.20813388465574,37.2952995300293,13626296.0
2024-07-03,37.25844681781806,37.51642065835849,36.79778351313127,37.424285888671875,12926674.0
2024-07-04,37.42428615118795,38.60358660937427,37.42428615118795,38.4745979309082,18743612.0
2024-07-05,38.69571479268129,38.91683470934119,38.06921246249037,38.32718276977539,26735556.0
2024-07-08,38.529876618735976,38.86155474405246,37.40585708618164,37.40585708618164,21357222.0
2024-07-09,37.534843977122044,37.81124123024919,36.94519205198059,37.03732681274414,17757714.0
2024-07-10,37.03732639960705,37.77438690458505,36.853060394717126,37.497989654541016,17027986.0
2024-07-11,37.75596021889832,38.34560862703901,37.59012116478604,38.16134262084961,15369267.0
2024-07-12,38.2350509851406,39.06424626775951,38.124492785652016,38.82469940185547,20659651.0
2024-07-16,39.50648659997962,40.280401104307145,39.34064752658214,39.911869049072266,25644643.0
2024-07-17,40.003997129384935,40.18826314237217,39.61704166523542,39.801307678222656,16268864.0
2024-07-18,39.93029238550852,40.15141230153187,39.43277521039237,39.52490997314453,15575905.0
2024-07-19,39.506486665145545,40.42781329017032,39.156381563553126,40.298828125,20976571.0
2024-07-22,40.427811219916634,40.99903271409751,40.261972154738,40.667354583740234,14442052.0
2024-07-23,40.75948792828751,40.796338319033396,39.70917271393809,40.188262939453125,14161429.0
2024-07-24,40.096132427704845,43.302348443931194,40.096132427704845,41.938785552978516,53496543.0
2024-07-25,41.9572128213875,43.2286409568851,41.79137375769965,42.989097595214844,22298055.0
2024-07-26,43.2102181888822,43.320776394862484,41.82822831309171,42.1414794921875,14925820.0
2024-07-29,42.1414763952333,43.173361109241256,41.92035648494072,43.08122634887695,19160653.0
2024-07-30,43.2839173344188,43.56031457375133,42.2520326674393,43.09965133666992,18653228.0
2024-07-31,43.37605669915735,43.63402701466539,42.67584653623275,42.95224380493164,16580110.0
2024-08-01,43.22864201995116,44.00255649799903,43.19179162734471,43.891998291015625,13035896.0
2024-08-02,43.025951061165486,43.541891685508006,42.25203661006981,42.71269989013672,15334485.0
2024-08-05,41.23857399476239,43.283920018924015,39.6538947508347,41.459693908691406,34701865.0
2024-08-06,42.04934603511752,42.98909960168332,41.29385849398108,42.233612060546875,21495902.0
2024-08-07,42.362596002311925,43.21021828901021,42.17832998219647,42.8416862487793,11167508.0
2024-08-08,42.65742024791816,42.95224447440316,41.84665186779342,42.1046257019043,17552538.0
2024-08-09,42.381023827557755,42.52843594376598,40.79634094238281,40.79634094238281,10568241.0
2024-08-12,40.79633469561867,41.128012784945895,40.2251132721004,40.53836441040039,13795841.0
2024-08-13,40.53836641676054,41.27542692142166,40.31724650807135,41.25699996948242,9524832.0
2024-08-14,41.44126859918212,41.64396156877064,40.92532445594859,41.12801742553711,7072087.0
2024-08-15,41.18329418069727,41.58867656489362,40.5199379933018,41.551822662353516,10006089.0
2024-08-16,41.79137202229403,42.17832747844255,41.312281804266,41.459693908691406,9388264.0
2024-08-19,41.920358798378395,44.039409199555855,41.920358798378395,43.76301193237305,26874108.0
2024-08-20,43.578750320008936,44.02098669510904,43.081233080052954,43.265499114990234,13842149.0
2024-08-21,43.191790240175784,43.70773086591614,42.620565240846226,42.675846099853516,8927854.0
2024-08-22,42.896968186184985,45.237135102284206,42.896968186184985,44.86860656738281,21360287.0
2024-08-23,44.88703180621735,45.47668025119525,43.339202880859375,43.339202880859375,19613331.0
2024-08-26,44.13154228118915,44.13154228118915,42.04934235105454,42.196754455566406,14433605.0
2024-08-27,42.178324878995326,43.52346420288086,41.846646785834004,43.52346420288086,12924129.0
2024-08-28,43.50504012038421,45.826783411028764,43.22863934813605,45.21870803833008,27227874.0
2024-08-29,45.145001335534914,45.73464977023737,44.70276500950808,44.96073532104492,12621501.0
2024-09-02,45.16342964742718,47.264053137908725,45.052871441239205,46.75732421875,17834756.0
2024-09-03,47.17192507319609,47.2640563321489,46.11239802232761,46.71126174926758,12076156.0
2024-09-04,46.11239490591981,46.75732421875,45.273987853615154,46.75732421875,11778219.0
2024-09-05,46.98765432645323,47.67864924301872,46.52699104874291,47.63258361816406,10662359.0
2024-09-06,47.63258014663357,47.63258014663357,46.38878727871596,46.43485641479492,6163727.0
2024-09-09,46.11239262179939,46.57305589177656,44.94230749430753,45.14500045776367,8791240.0
2024-09-10,45.329265794220404,45.49510485011123,44.057834203918006,44.518497467041016,9491266.0
2024-09-11,44.389514731889115,44.96073622517121,43.24706823074295,43.30234909057617,11701309.0
2024-09-12,43.83671898231329,44.26052835226141,43.00752368060449,43.910423278808594,9270310.0
2024-09-13,43.910424318245745,45.97419738769531,43.652454002532785,45.97419738769531,9327028.0
2024-09-16,45.734651127244724,45.734651127244724,44.242103043295536,44.3158073425293,10649021.0
2024-09-17,44.48164637516349,45.05287138805471,44.33423426222621,44.739620208740234,8125065.0
2024-09-18,44.68433671814039,44.887029679466174,44.11311525345531,44.13154220581055,8631646.0
2024-09-19,44.51849983838291,45.27398734898023,44.334233820402154,45.20028305053711,10920471.0
2024-09-20,45.23713123047023,45.329265992246405,44.02098049167915,44.13154220581055,10295398.0
2024-09-23,44.35266128747839,44.53692730759385,42.620566321724354,42.8416862487793,17888175.0
2024-09-24,42.970671174872415,43.74458564348427,42.62056609001463,42.9153938293457,18229308.0
2024-09-25,42.97066811360673,43.37605402969319,42.25203455629962,42.34416580200195,12398174.0
2024-09-26,42.491580534988465,42.98909772758394,41.47812271118164,41.47812271118164,15887395.0
2024-09-27,41.55182364736856,42.03091384800227,41.42283850000211,41.7545166015625,9175431.0
2024-09-30,41.31228224831386,42.12305058865911,41.22015100002588,41.73609161376953,8624985.0
2024-10-01,42.381019478652526,43.468185042097545,41.699236314536506,42.41787338256836,26213517.0
2024-10-02,41.95721012736561,43.13650693601849,41.95721012736561,42.41787338256836,12252716.0
2024-10-03,42.694271483449846,42.86011053979369,41.25700083333049,41.49654769897461,14412915.0
2024-10-04,41.68081328784283,41.97563749291096,40.51993990512803,41.957210540771484,8942635.0
2024-10-07,41.95721315525823,42.69427371385714,41.60710807195551,41.82822799682617,7282214.0
2024-10-08,41.69923963910238,42.76797833579708,40.92532516807643,42.1414794921875,9343048.0
2024-10-09,41.994064143876564,42.381019592285156,41.275427073917896,42.381019592285156,8844915.0
2024-10-10,42.38102111600768,42.786403530998285,40.925323486328125,40.925323486328125,11622452.0
2024-10-11,40.98060271955721,42.233607334771975,40.90689842638196,41.25699996948242,11879419.0
2024-10-14,41.29385445802188,41.55182475966033,39.24850845336914,39.24850845336914,12926367.0
2024-10-15,39.432773750987046,40.72263226512498,39.26693469875269,40.556793212890625,11290405.0
2024-10-16,40.261972029588904,41.75452009697528,40.16983726334162,41.44126892089844,11732949.0
2024-10-17,41.40441707101088,43.65245627496018,41.40441707101088,43.2470703125,19606930.0
2024-10-18,43.320778378649536,44.29738586751276,43.17336625906473,43.984134674072266,19818003.0
2024-10-21,44.03940684932058,44.8133212648804,42.196753813662134,42.30731201171875,18341961.0
2024-10-22,42.417874945644584,44.42636709350696,42.19675502858316,44.334232330322266,18730289.0
2024-10-23,44.40793901196154,44.5737780668963,42.933814469717205,43.431331634521484,10950514.0
2024-10-24,43.873572071006045,44.48164749145508,43.67088260724443,44.48164749145508,12195903.0
2024-10-25,44.555353550492654,44.6843387081418,43.74458518366404,44.11311721801758,7587216.0
2024-10-28,44.02097823361771,44.31580242701483,43.9104200397392,44.14996337890625,2560589.0
2024-10-30,44.18681804081777,44.684335193690416,44.002552038133636,44.42636489868164,15590998.0
2024-10-31,44.46322270235262,44.85018172397773,43.339206576240834,43.376060485839844,10298444.0
2024-11-01,43.431331988702965,45.12657294163045,43.431331988702965,44.90545654296875,13631622.0
2024-11-04,44.83175105528044,45.126575278484545,43.76301236752007,44.03940963745117,12810676.0
2024-11-05,44.22367577244627,44.86860508037751,43.744585529828264,44.00255584716797,12502339.0
2024-11-06,44.66591078164506,48.277512690030186,44.573779532355296,47.8629150390625,40260104.0
2024-11-07,48.139310669837315,48.78423993675149,46.71125526675849,47.77077865600586,19303956.0
2024-11-08,48.09324826943825,50.120167452169746,47.86291662400472,49.42917251586914,20398159.0
2024-11-11,49.5213074297918,49.70557346267956,47.67865413007861,47.95505142211914,16198019.0
2024-11-12,47.95504805931837,50.765093441412844,47.95504805931837,50.6729621887207,24807747.0
2024-11-13,50.534759074182766,51.36395436209415,49.70556730085321,50.25836181640625,29278563.0
2024-11-14,50.67295704901142,51.73248392041432,50.16622818143764,50.58082580566406,14947354.0
2024-11-15,50.81116373876684,51.04149539032139,49.521305084228516,49.521305084228516,9889110.0
2024-11-18,49.06063952678102,49.19883991719627,47.862915696649225,48.64604187011719,12407933.0
2024-11-19,48.922442415200486,49.613437384424124,46.480928966026276,47.125858306884766,15828235.0
2024-11-20,48.4157090949187,48.50784385789775,45.05286932427488,45.10814666748047,17003923.0
2024-11-21,44.979164928915786,46.29666226560095,44.81332585754408,46.112396240234375,16001704.0
2024-11-22,46.15846073426295,47.31011897129129,45.69779743945162,47.26405334472656,14061199.0
2024-11-25,47.49438235765265,48.36964327216049,47.35618548562414,47.81684875488281,9312733.0
2024-11-26,47.816847509312055,47.816847509312055,46.29665735452482,46.5269889831543,9218932.0
2024-11-27,46.941589135383545,47.72471530889517,46.04790124370078,47.17192077636719,13537749.0
2024-11-28,47.264050935305875,48.18537747796128,47.21798531108947,47.586517333984375,10514581.0
2024-11-29,47.67864859787513,48.59997514082924,46.98765369065955,48.323577880859375,12633529.0
2024-12-02,50.672961932656236,50.765093184882815,48.46177673339844,48.46177673339844,15294588.0
2024-12-03,48.59997052798479,49.84375983708639,48.59997052798479,49.24489974975586,12535463.0
2024-12-04,49.47523289667146,49.75163013897164,48.78423803363018,49.1067008972168,7639835.0
2024-12-05,49.24490934518451,49.52130663277659,48.876377285340276,49.38310623168945,6265449.0
2024-12-06,49.65950416130268,49.75163541364329,49.106706103513,49.42917251586914,7466198.0
2024-12-09,50.25836278994257,52.699879562522824,50.21229716518447,51.7785530090332,27502155.0
2024-12-10,51.456086498470846,52.101015787475184,49.19883925882849,49.3370361328125,13017613.0
2024-12-11,49.47523992204467,49.93590322948534,48.73817933305602,49.06064224243164,12719707.0
2024-12-12,49.24490399007589,50.02803013885655,48.36964307906221,48.78424072265625,8332927.0
2024-12-13,48.692109732799295,49.521305084228516,47.862917895952165,49.521305084228516,8705235.0
2024-12-16,49.65949889639879,49.981961759985396,48.92243489748947,49.1067008972168,6384187.0
2024-12-17,49.15276712895367,50.85722325437286,48.830304261362244,50.350494384765625,16561700.0
2024-12-18,50.67296220740058,50.8572282274348,49.383103581743036,49.9359016418457,11126895.0
2024-12-19,49.38310197028331,49.5673679843046,47.95504651213663,48.36964416503906,10158394.0
2024-12-20,48.36964710185775,48.599978754723736,46.8033911594526,46.849456787109375,9243259.0
2024-12-23,47.07978439331055,47.448316412052414,46.43485863238499,47.07978439331055,8125187.0
2024-12-24,47.264050402681484,47.35618516465785,46.48092425608227,47.07978439331055,6304009.0
2024-12-25,47.54044907246502,48.00111235229349,47.35618657219916,47.402252197265625,5613868.0
2024-12-26,47.632587011181656,48.047184693570415,46.9876576735305,47.3561897277832,9350896.0
2024-12-27,47.49438474751447,48.646042978611234,47.356187868532054,48.2314453125,9471881.0
2024-12-30,48.46177485667299,48.507843995584196,46.2045276332978,46.388790130615234,11038353.0
2024-12-31,45.14500606662471,45.734654563120934,44.16839854768892,44.77647399902344,20157072.0
2025-01-02,45.218711928979346,46.11239635517436,44.813325969245994,45.91891860961914,15290149.0
2025-01-03,45.91891587185206,46.757322900519476,45.51353345087044,46.665191650390625,13549888.0
2025-01-06,46.80339283341202,47.21799052631563,46.15846347940443,46.204532623291016,8707666.0
2025-01-07,46.20452903089102,46.57305755125497,45.863635668462365,45.97419738769531,10479045.0
2025-01-08,45.863631686431916,45.90048558964312,44.7764661437729,44.85017395019531,11024378.0
2025-01-09,44.997589754191885,45.771504212453934,44.73961943963185,45.62409210205078,10439881.0
2025-01-10,45.67936832239957,45.88205775700583,44.75804184730073,45.03443908691406,13577543.0
2025-01-13,44.887031678494445,45.052870742495344,43.87357034131319,44.11311721801758,8840245.0
2025-01-14,44.33423416324784,45.36612246608708,44.14996814384212,45.0897216796875,13889096.0
2025-01-15,45.18185644668136,46.4809267873478,44.70276620205928,45.0897216796875,29343837.0
2025-01-16,45.53195466047572,46.57305460596384,45.14499921137743,46.5269889831543,26507190.0
2025-01-17,46.57305394328279,46.895520327524764,46.011044215090536,46.48092269897461,12217034.0
2025-01-20,46.71125944607652,47.44832002510346,46.38879302647706,47.31011962890625,15843707.0
2025-01-21,47.079783697277236,47.3101153269402,46.158457178625376,46.29665756225586,12951823.0
2025-01-22,46.3427231852721,46.57305481493506,45.91891383019187,46.29665756225586,9676290.0
2025-01-23,46.48092848255296,47.17192344458919,46.342728084312874,46.61912536621094,10549377.0
2025-01-24,46.80338896439784,47.4943838905885,46.80338896439784,46.94158935546875,15082801.0
2025-01-27,46.388790347019935,46.52699073523457,45.80835715151497,46.1584587097168,12495947.0
2025-01-28,46.29666210861266,46.34272773615257,44.831752659518045,44.86860656738281,20419821.0
2025-01-29,45.07129595800176,45.23713502854078,44.371089282623096,44.48164749145508,15392110.0
2025-01-30,44.61062937759086,45.660944585387576,44.444793833814366,45.14500045776367,16239029.0
2025-01-31,45.181857755069146,45.36612377981089,44.334235447089966,44.86860656738281,10191538.0
2025-02-03,44.62905111095255,44.62905111095255,43.08122242367499,43.11807632446289,12083584.0
2025-02-04,43.283926406091204,44.26053393863568,42.8601169826517,43.9657096862793,12030206.0
2025-02-05,44.020985121445584,44.629060554793526,42.896969026215864,43.56032180786133,14858216.0
2025-02-06,43.96570359363793,44.592205921721934,43.8367184404292,44.40793991088867,13121875.0
2025-02-07,44.51850026460718,45.49510770904793,44.22367603884808,45.476680755615234,13615530.0
2025-02-10,45.93733861076113,46.15845499661917,44.850173088977975,45.03443908691406,13919978.0
2025-02-11,45.034440372929815,46.57305394328279,44.905455225065694,46.48092269897461,19406819.0
2025-02-12,46.57305688774162,48.55391039683679,46.57305688774162,47.402252197265625,27816329.0
2025-02-13,49.337039806025565,49.70557185991775,47.31012053878286,48.0932502746582,36279205.0
2025-02-14,48.139314059845056,49.29097229094183,47.955048039953176,48.2314453125,19722436.0
2025-02-17,48.231445103089506,48.32357986992642,47.31011852221229,47.72471618652344,11034829.0
2025-02-18,47.72471772251345,49.93590299361717,47.49438606988107,49.29097366333008,21180467.0
2025-02-19,49.29096903663366,49.79769792194438,47.44831598853521,47.54044723510742,14628887.0
2025-02-20,47.72471756908063,48.50784729426227,47.49438591718875,48.047183990478516,10895120.0
2025-02-21,47.862916522553704,48.277514186371675,45.47668054033692,45.8636360168457,11947901.0
2025-02-24,46.434860791472204,46.98765533070655,45.42139945009994,45.93734359741211,8466709.0
2025-02-25,46.01104329633903,46.15845539303759,44.03940518502773,44.14996337890625,12329088.0
2025-02-26,44.11312119775632,45.36612601010193,43.85514734460252,44.77647399902344,15928890.0
2025-02-27,44.68433956039328,45.67937396337667,44.57378135381136,45.40297317504883,15446782.0
2025-02-28,45.1634314599097,45.38454788115942,44.35266304796908,44.75804901123047,17224452.0
2025-03-03,44.79489472199846,45.34769274649514,43.910422100301915,44.518497467041016,25081241.0
2025-03-04,44.592203309219805,44.92387789178982,44.205244357682346,44.536922454833984,19209457.0
2025-03-05,45.43982385527947,46.80338668823242,45.43982385527947,46.80338668823242,24944496.0
2025-03-06,49.70557134098479,49.70557134098479,48.00111500275589,49.29097366333008,32856374.0
2025-03-07,49.29097188791318,50.626896127978625,48.59997695490505,50.39656448364258,22446870.0
2025-03-10,50.442629147518204,50.81116117725978,49.29097094780318,49.613433837890625,21285362.0
2025-03-11,49.93590514450829,51.54822678238257,49.79770474114331,50.903297424316406,20629311.0
2025-03-12,52.515618633855226,52.792015923748544,50.30443328554422,50.62689971923828,33968919.0
2025-03-13,50.67296044192928,52.46954792415042,50.53476005307308,51.7785530090332,27271193.0
2025-03-14,52.05495360001274,53.759406427100664,51.317893013017475,52.976280212402344,33745450.0
2025-03-17,53.43694194552952,54.17400251082732,52.83807825927268,53.851539611816406,25796309.0
2025-03-18,53.529072931318275,56.70765033755948,53.43694167908369,56.293052673339844,39498956.0
2025-03-19,52.42348231978217,58.68850218303198,52.42348231978217,53.9897346496582,62860994.0
2025-03-20,55.14139091607485,56.66158108266189,54.91105928565752,56.06271743774414,47394866.0
2025-03-21,55.74025749109963,56.569452810023144,52.2392172276329,54.772865295410156,81567616.0
2025-03-24,55.740257266502994,57.628976024682984,52.976277567337554,55.003196716308594,45907794.0
2025-03-25,55.8784596715305,57.39864645212011,54.127937726459,56.84585189819336,37424859.0
2025-03-26,56.7537179625651,60.39296230190084,56.29305465600343,59.10310363769531,35758368.0
2025-03-27,59.79409789401825,61.91314486177133,57.26044973773921,58.08964157104492,33511576.0
2025-03-28,57.951442060831546,58.872768621324376,56.845849485323775,58.64243698120117,17232393.0
2025-04-02,58.55030166682758,60.070488368622556,55.924522399902344,55.924522399902344,24987352.0
2025-04-03,55.97059003814028,58.596369399528875,55.97059003814028,57.76717758178711,20647183.0
2025-04-04,57.76717471366485,57.85930596175675,54.864994709205995,54.91106033325195,19061676.0
2025-04-07,53.11447837904853,55.970589351654056,52.97627798716227,55.27959442138672,24805404.0
2025-04-08,56.10878884975061,56.47731736460684,54.40433260682663,54.72679901123047,16069833.0
2025-04-09,54.63466340083891,57.12224577458394,54.542532152196515,56.38518524169922,26386541.0
2025-04-10,58.36603323076519,58.41210236811061,56.61551496367309,57.721107482910156,16897828.0
2025-04-11,57.58290825440276,59.93229372284783,57.26044537401082,59.51769256591797,20486676.0
2025-04-14,59.97835648076877,60.254757255045305,58.78063267903718,58.826698303222656,10549309.0
2025-04-15,58.82670438373316,59.84016227889515,58.64244186794531,58.96490478515625,11112873.0
2025-04-16,58.91735218380999,59.86839901929375,57.348123454079484,58.86980056762695,11870446.0
2025-04-17,58.77469093384175,60.914549840660186,56.87259735263033,57.776092529296875,18683991.0
2025-04-18,58.29916811621714,58.29916811621714,56.63483621616552,56.96770477294922,7180986.0
2025-04-21,57.06280540683795,57.871193698919306,56.11175865005732,56.92014694213867,9519789.0
2025-04-22,58.15651016329195,58.58447829805679,57.30056663785142,58.39427185058594,10007398.0
2025-04-24,58.869794728171485,62.38866476805047,58.869794728171485,61.58027648925781,23877485.0
2025-04-25,61.29495951786473,61.580276442355796,58.013851165771484,58.013851165771484,15424695.0
2025-04-28,58.441822673815295,61.627831417334676,57.918747694418194,61.05719757080078,18809838.0
2025-04-29,60.8669950242924,61.39007366514691,60.20126154062308,60.53413009643555,9138796.0
2025-04-30,60.96209999639996,62.24601175823227,59.39287491282221,60.86699676513672,14589279.0
2025-05-02,60.86699440614503,61.91314442131842,58.964900830953,59.63063430786133,12388035.0
2025-05-05,60.48657584086737,61.770487586921995,60.20126252262808,60.629234313964844,8930735.0
2025-05-06,60.24881487805851,61.627837127065504,60.20126326242689,60.86699676513672,12742309.0
2025-05-07,60.629234306215565,61.15231295553569,58.53693059280209,58.91735076904297,11306436.0
2025-05-08,59.440427531435894,59.820847718819394,58.299170597241165,59.25021743774414,4850465.0
2025-05-09,61.485174314979844,65.95509117224191,60.96209569606344,64.71873474121094,24818564.0
2025-05-12,67.52431605814812,71.18584442138672,66.14530123819803,71.18584442138672,33645545.0
2025-05-13,71.37606668874682,71.7564796117266,65.62223052978516,65.62223052978516,35915273.0
2025-05-14,65.62223524205825,67.61943225476459,64.19566491070916,64.67118835449219,35011030.0
2025-05-15,64.52852589927637,64.67118437481489,61.43762370489185,62.95929718017578,25142070.0
2025-05-16,62.95929089604658,63.434814263104066,61.43761757264478,61.86559295654297,16837196.0
2025-05-20,62.95929662765761,63.24461357623073,60.81944490904912,61.0096549987793,18799417.0
2025-05-21,60.67678693424496,62.76909068258907,60.58168370257484,61.39007568359375,17056032.0
2025-05-22,61.81803997193455,61.86559521273891,59.29776458343502,59.535526275634766,19628402.0
2025-05-23,59.297764243245716,61.199857769931455,58.82224086157428,59.15510940551758,19995688.0
2025-05-26,60.72433153953877,61.437616578584034,60.248808180175246,60.43901824951172,16486732.0
2025-05-27,60.39147207836795,60.53413055020777,58.48937846960045,58.536930084228516,10346987.0
2025-05-28,58.48937388993397,58.91734564398797,57.538327160016344,58.299163818359375,11474564.0
2025-05-29,58.72713622108835,59.25021120272964,57.77608948066587,58.013851165771484,9170190.0
2025-05-30,57.918751903110014,59.060005167285944,57.348121643066406,57.348121643066406,14304126.0
2025-06-02,56.492177832277676,58.82223944394844,55.63623431471528,58.013851165771484,14726356.0
2025-06-03,58.15651177410717,60.29636701902265,58.15651177410717,59.39287185668945,8781046.0
2025-06-04,59.25021025604364,60.296363830566406,59.06000018540719,60.296363830566406,8556317.0
2025-06-05,60.15370865473672,60.53412881677893,59.630633652895334,59.91594696044922,2864632.0
2025-06-10,60.153707352013434,60.86699241942861,59.72573558597323,60.486572265625,8892298.0
2025-06-11,60.263552147937716,61.88842266131779,60.167973030842845,61.45831298828125,11563272.0
2025-06-12,60.215760917410954,61.123777089038256,58.92542464191023,59.929019927978516,13362937.0
2025-06-13,57.34834443661312,59.785648345947266,56.53591101553825,59.785648345947266,12466527.0
2025-06-16,59.068796632648514,60.64587763230738,58.304152735826825,59.54669952392578,9874371.0
2025-06-17,59.690070428976824,61.31494094986542,59.64228087020855,60.9326171875,9694538.0
2025-06-18,60.93261764710208,60.980407206230815,59.021006113075345,59.49890899658203,8683677.0
2025-06-19,59.54669610994375,60.02459897382148,58.11298751831055,58.11298751831055,6780320.0
2025-06-20,59.21216800196299,59.21216800196299,57.68287658691406,57.68287658691406,7031624.0
2025-06-23,57.68287772277052,58.5908939486313,57.252768035987266,57.73067092895508,6971055.0
2025-06-24,60.21576115216712,60.598084903640554,59.49890685273655,60.120182037353516,10363787.0
2025-06-25,60.1201839741483,61.219362060462736,59.73786021035815,60.215763092041016,10229477.0
2025-06-26,60.550292461880986,61.79284284674688,60.45471334586494,60.88482666015625,10077603.0
2025-06-27,60.88482474026843,60.98040385327056,58.877630552238585,60.0723876953125,11526475.0
2025-06-30,60.072387488796174,63.51328659057617,59.97680837612262,63.51328659057617,20869602.0
2025-07-01,63.89561154498887,65.90280211806652,63.752239227150675,65.37711334228516,14459728.0
2025-07-02,65.23374102459456,65.85501620708212,63.36992276935089,63.75223922729492,16470270.0
2025-07-03,64.23014043239753,65.32931845113411,64.1823545224987,64.7558364868164,10508082.0
2025-07-04,64.66026004759854,65.56827258761699,63.800033419454216,64.70804595947266,8047452.0
2025-07-07,63.56107850508256,64.08677455246321,62.4619005010622,63.08317565917969,7887372.0
2025-07-08,63.178760199282245,63.51329076171892,61.21936273802779,61.697265625,9327073.0
2025-07-09,61.697263219905004,61.888421450354386,60.74145383711046,61.2193603515625,12917396.0
2025-07-10,61.69726494297036,62.50969838339824,61.69726494297036,62.031795501708984,10401425.0
2025-07-11,62.60527291416116,63.08317576083415,61.31493668658785,62.17516326904297,11544539.0
2025-07-14,62.366323227039146,62.74864697346478,60.40692223035406,61.36272430419922,11982358.0
2025-07-16,61.31494117835546,61.31494117835546,59.355536446568,60.215763092041016,10517238.0
2025-07-17,60.502502402939214,61.55389090095844,60.12018229593093,61.2193603515625,10436841.0
2025-07-18,61.075990239623046,62.7486503392641,60.50250458922317,62.60527801513672,11058431.0
2025-07-21,62.65306932118477,65.1381627925834,62.414117885623,64.32572937011719,21294221.0
2025-07-22,64.42130449842938,65.61606160228668,63.99118756570956,65.0425796508789,17693165.0
2025-07-23,65.3293270124073,66.90640809011835,65.28154109624623,65.52049255371094,15048819.0
2025-07-24,65.56827728543831,66.61966222084673,64.56468555754742,65.28153991699219,13413471.0
2025-07-25,65.4726884783126,66.3807009490806,64.89920653402658,66.09396362304688,9698792.0
2025-07-28,66.4284987886682,66.52407790402101,64.89921106636568,66.14175415039062,10257799.0
2025-07-29,66.33292019066435,66.76302985921618,63.6088752746582,63.6088752746582,16707380.0
2025-07-30,63.13097621489287,66.0461795391662,62.84423155706028,65.8072280883789,16223940.0
2025-07-31,65.95059638079493,66.85860892132402,65.56827262449143,66.52407836914062,7490095.0
2025-08-01,66.38070741073221,67.38430638008934,65.56827396955796,65.85501861572266,14857467.0
2025-08-04,65.85501580967295,67.71883405366921,65.85501580967295,66.81082153320312,12716686.0
2025-08-05,67.00197658952393,68.19673368738356,66.42849464099504,66.47628784179688,9658505.0
2025-08-06,66.76302980530292,67.04977444558534,65.61606582861154,66.52407836914062,7643864.0
2025-08-07,66.85860810031562,70.06056313934647,66.81082218900144,69.39149475097656,17090824.0
2025-08-08,69.43928527832031,69.82160901519421,68.57905869340871,69.43928527832031,6275591.0
2025-08-11,70.39509553109045,70.72962608792734,69.1047592163086,69.1047592163086,6786273.0
2025-08-12,69.20034012028754,69.5348706857614,67.86221056617264,68.29232025146484,6044785.0
2025-08-13,68.62685617753988,70.15614392824706,68.00558097787844,70.01277160644531,9131792.0
2025-08-14,69.96498158703446,70.01277479388396,67.81441853875816,68.5312728881836,9295374.0
2025-08-15,68.53126714930393,71.01636785298281,68.43568803582835,70.06056213378906,13688505.0
2025-08-18,72.59344346452906,72.64123666869875,69.20033744283579,70.15614318847656,17074415.0
2025-08-19,70.44288448665141,71.39869028588532,68.5312728881836,68.5312728881836,14946748.0
2025-08-20,68.72243339021793,70.29951430189438,67.9577858899448,69.91719055175781,13613853.0
2025-08-21,70.2995198215641,71.49427707691211,69.82161691942491,70.72962951660156,10872596.0
2025-08-22,70.6818277157582,71.30310287144628,69.39149149530984,69.96497344970703,10902545.0
2025-08-25,70.25172853151656,71.44648581946753,69.6304532833381,70.82521057128906,14781777.0
2025-08-26,70.82520504036296,70.96857736216471,69.72602696284181,70.01277160644531,9200301.0
2025-08-27,70.06056648118829,70.34730383940769,68.6746437270267,68.8180160522461,8649729.0
2025-08-28,68.96138341277768,69.43928626762407,68.0055777030849,68.77021789550781,7590752.0
2025-08-29,68.77021930134812,70.44287932750396,68.005579093294,69.91719055175781,13912459.0
2025-09-01,70.10835221122707,70.2039313303833,68.62685763375718,69.72602844238281,7639617.0
2025-09-02,69.6782396206292,69.9171910546559,64.5168871872087,65.75943756103516,17012980.0
2025-09-03,65.75943904114636,66.09396959786953,63.417710559645734,65.47269439697266,15822449.0
2025-09-04,65.52049189925802,66.38071130376282,64.75584432612074,66.04618072509766,11186273.0
2025-09-05,66.38070558488224,68.00557971475664,65.95059591968496,66.14175415039062,11734003.0
2025-09-08,64.75583842662428,66.04617470804679,64.27793556000712,64.8514175415039,9730437.0
2025-09-09,64.89921279266271,65.85501855605327,63.704455588424516,63.84782791137695,12081628.0
2025-09-10,64.13456176128257,64.27793407640233,62.65306728429532,63.51328659057617,11323309.0
2025-09-11,63.178756520607735,66.09396687828361,63.178756520607735,63.89561080932617,14670354.0
2025-09-12,64.13456370072156,65.85501694974776,63.75223994624695,65.2337417602539,11622125.0
2025-09-15,65.23373723426951,71.73321873273984,65.23373723426951,71.54205322265625,34426448.0
2025-09-16,71.68543381269478,72.73681871683709,70.58625570245624,71.01637268066406,24572909.0
2025-09-17,70.87299528776488,73.02355814839837,70.5862506561262,71.8765869140625,21407388.0
2025-09-18,72.16333032907886,74.21831404192685,71.35089694275814,71.63763427734375,20764704.0
2025-09-19,71.63763450393489,72.83239163236756,71.11194574275581,72.545654296875,14941858.0
2025-09-22,74.0749493024207,74.21832163048221,71.92438625815689,72.16333770751953,14771155.0
2025-09-23,71.87658570227447,72.73681229046883,71.11194551782742,71.63763427734375,11483918.0
2025-09-24,71.63763282043345,73.11913454176184,70.15613839132371,71.92437744140625,16354517.0
2025-09-25,72.1633397536192,72.736821789906,69.48708052798781,70.44288635253906,11133111.0
2025-09-26,70.39509458934248,70.77741834584955,68.3401107788086,68.3401107788086,12212551.0
2025-09-29,68.29231772746363,68.86580700961697,67.38430518441939,67.43209838867188,7961639.0
2025-09-30,67.76662968553407,68.00558112498078,66.76303072297014,67.28872680664062,11235861.0
2025-10-01,67.28872962237936,69.34371354605709,66.6674543953764,68.14895629882812,14024406.0
2025-10-02,68.24453843403099,68.72244135402809,67.43210492847987,67.57546997070312,8941465.0
2025-10-03,67.95778792020376,68.57906312120907,66.71524481041233,67.28872680664062,11969005.0
2025-10-06,67.71883599321285,68.14895295645185,64.8036328282825,65.09037017822266,14527451.0
2025-10-07,65.18594696578442,66.7152419463671,64.75583731013236,66.42849731445312,14718726.0
2025-10-08,67.23466777253527,67.86348268827786,65.59008172894697,67.18629455566406,14479849.0
2025-10-09,67.9118526582651,67.96022587808082,65.78356383928109,66.12215423583984,9519706.0
2025-10-10,66.12215581690377,68.68578153337751,65.92867769444877,67.71837615966797,15150082.0
2025-10-13,66.02541747642205,67.81511596117792,66.02541747642205,67.33141326904297,9703641.0
2025-10-14,67.33141160628125,67.86348750677693,66.26726718600706,67.23467254638672,10516468.0
2025-10-15,67.2346712621898,71.68473435879567,66.12215364285909,71.24940490722656,21554931.0
2025-10-16,71.24941167643945,71.78148023660572,67.86349265809544,68.39556121826172,16806324.0
2025-10-17,68.44392346321268,68.87925288631045,66.65422517388683,68.20207214355469,13061474.0
2025-10-20,68.44392516743163,70.18525766461411,66.94444399592913,69.79829406738281,16627956.0
2025-10-21,70.13688709545723,70.42711164951834,68.87925720214844,68.87925720214844,12787428.0
2025-10-22,69.0727401250921,72.70051001211671,68.78251558184343,72.1684341430664,24092709.0
2025-10-23,72.16843247234793,72.99072548489387,71.49125172806694,72.07169342041016,14400269.0
2025-10-24,72.41029328526159,74.7804409623954,71.58800016491618,73.03910827636719,32004879.0
2025-10-27,73.03910160064697,74.2483582496643,72.55539894104004,73.5228042602539,15085904.0
2025-10-28,73.42606950578093,74.15162353769435,73.23258400217365,73.32933044433594,4548399.0
2025-10-30,73.66791888451563,75.74784186332484,72.99073071103139,74.73206329345703,15201284.0
2025-10-31,74.73205948296466,75.7478380010392,74.29673004991368,75.16738891601562,15002835.0
2025-11-03,75.16739035063074,76.03805661406659,73.232579712203,73.5228042602539,16739952.0
2025-11-04,73.52280711905412,74.00650979746895,72.652140821764,73.47443389892578,10587802.0
2025-11-05,73.52280664976846,74.15162160383751,72.8456258565969,73.23258209228516,9925136.0
2025-11-06,73.47443851801086,75.36088351085328,73.32933360993788,75.02229309082031,10983491.0
2025-11-07,75.02229519060747,75.45762468844599,74.0065165213605,75.36088562011719,9311000.0
2025-11-10,75.55435444286597,75.65109349926934,72.7005116850237,73.76465606689453,13741006.0
2025-11-11,73.76465855812539,74.63532485659424,70.28200074496716,71.10429382324219,14777970.0
2025-11-12,71.39451693523105,72.21680999683159,70.1852602620782,71.87821960449219,11235619.0
2025-11-13,71.87822633516046,72.21681675920543,70.91082090605046,71.39452362060547,10403012.0
2025-11-14,70.9591824693835,72.21681240366338,70.71733112669254,71.58799743652344,7789962.0
2025-11-17,71.92659217818536,73.0391098978054,71.15267226332796,71.39452362060547,11348196.0
2025-11-18,71.29776789403715,72.55539774049238,70.9591775140582,72.1684341430664,13660300.0
2025-11-19,72.5553972939272,74.15161751053692,71.92658237456982,73.42606353759766,15876221.0
2025-11-20,73.7646603750833,74.34510212812081,72.84562821450034,73.57118225097656,9494967.0
2025-11-21,73.28095293045044,73.61954331603192,72.31354761123657,73.5228042602539,7712544.0
2025-11-24,73.86140162517621,76.81199107987352,73.37769891986305,75.6511001586914,27196252.0
2025-11-25,75.74784065476268,78.74679571600979,74.10324715744095,74.8771743774414,30977440.0
2025-11-26,75.21577198049287,75.55436240393999,74.2967397767482,74.63533020019531,9808770.0
2025-11-27,75.07065736467374,77.68265636617389,74.92554507891526,76.66687774658203,19267673.0
2025-11-28,76.8119888305664,77.44080380520326,76.18317385592955,76.8119888305664,7112766.0
2025-12-01,76.8119900323405,77.19895366745727,76.23154827002406,76.66687774658203,10817031.0
2025-12-02,76.57013036166266,77.68264792395063,75.79620317553626,77.0538330078125,13210467.0
2025-12-03,77.10220430203093,78.3114610030083,76.08643310164022,77.58590698242188,11093114.0
2025-12-04,77.73102071305141,78.65006025137271,77.24731802363515,77.44080352783203,8007813.0
2025-12-05,77.44079827672589,78.11797904370347,76.3282806903626,77.15057373046875,9940665.0
2025-12-08,77.39242906285727,78.98864938842215,77.39242906285727,78.45657348632812,7237607.0
2025-12-09,78.4565775034767,79.18213156309095,77.29569396038093,78.89191436767578,7779022.0
2025-12-10,78.89191299474153,79.0370178995651,77.73102209113087,78.1663589477539,6072237.0
2025-12-11,78.45657474717582,78.98865065782064,77.44080352783203,77.44080352783203,6680666.0
2025-12-12,77.68265653656505,78.45657642777869,77.44080518667626,77.53754425048828,5222631.0
2025-12-15,77.73101828046717,79.56908991887019,77.68265244146953,78.6016845703125,10648931.0
2025-12-16,78.9886472364109,79.37561084732597,77.58590506943341,78.11798095703125,7952796.0
2025-12-17,78.26309997243503,78.31146581501575,76.32828913198283,77.63428497314453,11031005.0
2025-12-18,77.6342817415857,77.87613308657507,75.651097760386,75.94132232666016,10596009.0
2025-12-19,76.13479231278927,76.18316552890376,75.1190212008338,75.699462890625,8264597.0
2025-12-22,75.6994666985156,76.9570965735892,75.6994666985156,76.13479614257812,7051554.0
2025-12-23,76.13479663559886,76.4250211873312,74.92553997124234,75.50598907470703,6130206.0
2025-12-24,75.45761585584599,76.13479663559886,74.68368863837105,75.50598907470703,6609930.0
2025-12-25,75.9413158841076,76.42501853305095,75.60272550599058,75.79620361328125,2698762.0
2025-12-26,75.79620716115737,76.8603515625,75.07065315378053,76.8603515625,6192261.0
2025-12-29,78.35983654144007,78.84353923614032,75.40924715148161,75.55435943603516,10186931.0
2025-12-30,75.55435869853372,76.42502501663888,74.82880466356562,75.94132232666016,6735167.0
2025-12-31,76.32828807858779,77.82776203081366,76.08643672686902,76.27991485595703,9868545.0
2026-01-02,76.27990958473583,77.48916625976562,76.08643146901787,77.48916625976562,6869770.0
2026-01-05,77.58590980558985,78.35983707466363,77.15058032968426,78.1663589477539,7712909.0
2026-01-06,78.31145763404682,80.05279016082893,78.11797952250075,79.76256561279297,10441324.0
2026-01-07,79.90768516201882,80.00442422659948,78.55331611573698,78.65006256103516,6267271.0
2026-01-08,78.65005586910496,80.39138102554902,77.39242599440905,80.0044174194336,10070033.0
2026-01-09,80.24626949338682,80.2946427123678,78.31145882561893,78.74679565429688,8379723.0
2026-01-12,79.2304971197591,79.27886295728968,77.34405231886194,77.39242553710938,13386144.0
2026-01-13,77.39243024546576,78.79516509137791,77.19895212213902,78.31146240234375,13368322.0
2026-01-14,78.19742588136164,78.9305267489994,77.80643726045729,78.34404754638672,9056946.0
2026-01-15,78.34404495105622,79.12601470947266,77.07333383958432,79.12601470947266,14067272.0
2026-01-16,79.17489624023438,82.49828843811217,78.88165290079391,82.1072998046875,16497379.0
2026-01-19,82.49828847322146,83.0847676948641,80.68997443253672,80.7877197265625,11946821.0
2026-01-20,80.73884338695778,80.88546505680607,78.24630482948854,78.73503875732422,13392554.0
2026-01-21,78.88165028078322,79.37038419195905,78.34404745298241,78.63728332519531,10186473.0
2026-01-22,78.9305243107425,80.34784962806425,78.39291404142048,80.29898071289062,17406867.0
2026-01-23,80.6410929992366,82.5960285870969,80.54334771134108,82.20503997802734,15171439.0
2026-01-26,82.10729733179069,82.205042622831,80.4944739284187,82.15617370605469,15418428.0
2026-01-27,82.2050400647471,83.32912952045008,81.17870335453021,82.49828338623047,13157730.0
2026-01-28,82.69377429753281,90.02478278946812,82.69377429753281,88.94956970214844,29890434.0
2026-01-29,88.94957485494416,93.73916883863104,88.50971730294235,91.93085479736328,26233920.0
2026-01-30,91.93085225118526,95.98733777337148,90.56239579982099,95.64522552490234,22978226.0
2026-02-02,93.25043230578103,93.73916621990202,90.70901744384946,92.27296447753906,16571543.0
2026-02-03,92.27296199778809,94.81437679142147,91.39323948451451,94.0812759399414,13868375.0
2026-02-04,94.71663162305428,95.69409942626953,93.98353077064286,95.69409942626953,9942511.0
2026-02-05,95.49860122679542,95.64522288852288,93.34817504641744,93.93465423583984,8723866.0
2026-02-06,93.93465935648419,93.93465935648419,91.19775383748735,92.37071228027344,9157190.0
2026-02-09,92.8594437233893,95.35198966948589,92.71282205759167,95.05874633789062,7930403.0
2026-02-10,95.10762003139145,95.20536532000536,92.51732886694172,93.20155334472656,9521449.0
2026-02-11,92.81056983194625,94.52113857787724,92.02860002258483,93.8369140625,9586833.0
2026-02-12,93.836914127028,99.99496459960938,93.54367078738588,99.99496459960938,15695078.0
2026-02-13,100.19045508395767,101.7544021596243,97.74678544776359,98.8219985961914,11718439.0
2026-02-16,99.21298729791094,101.85214752382574,99.11524200389334,100.5814437866211,10491849.0
2026-02-17,100.58143851847504,101.55890632243012,97.74678039550781,97.74678039550781,12827401.0
2026-02-18,97.9422735087164,99.8972091672336,95.84072364180058,97.25804901123047,16479094.0
2026-02-19,97.55129234300313,98.919741337975,96.18283589054356,97.25804901123047,11109938.0
2026-02-20,97.30692793009803,99.70172119140625,96.81819400268918,99.70172119140625,10926907.0
2026-02-23,100.09270476819653,102.340876246208,98.91973892718019,100.67918395996094,11565319.0
2026-02-24,100.67918395996094,101.07017257363304,98.7242483490879,100.67918395996094,9386127.0
2026-02-25,101.07017258328781,101.65665177510823,98.4310050338646,99.5062255859375,10453610.0
2026-02-26,98.91973893662954,100.09270477775792,97.84452584204418,99.5062255859375,6998276.0
2026-02-27,99.79946641635735,102.04764546387813,97.74678541415761,99.40847778320312,15482182.0
2026-03-02,93.83690906729541,97.55128970087085,93.64141848973354,95.54747772216797,13402738.0
2026-03-03,94.81437658216723,96.67156689331541,90.9045053829026,91.00225067138672,9416086.0
2026-03-04,91.00225331633273,92.12634281029004,89.7315496141317,90.95338439941406,10089316.0
2026-03-05,92.85944354534374,93.59254441543855,90.46465035269574,91.0999984741211,13116101.0
2026-03-06,91.09999840494167,92.17521897958773,87.58111572265625,87.58111572265625,10943829.0
2026-03-09,85.52843726388535,90.02478790283203,85.23519392455687,90.02478790283203,11398132.0
2026-03-10,92.71282446816925,92.85944613777912,90.02478786944407,91.34436798095703,14996873.0
2026-03-11,90.95338158519229,90.95338158519229,87.53224429225634,88.65632629394531,16010724.0
2026-03-12,87.9721019875366,90.95338176010922,87.92322561454853,89.24281311035156,13490240.0
2026-03-13,88.85182705934567,92.370709748753,88.6074601023384,91.53986358642578,15988940.0
2026-03-16,91.93085219086561,93.05493422688555,91.24662023688856,92.1263427734375,9366983.0
2026-03-17,92.61507924397787,94.96100358703795,92.61507924397787,93.8369140625,9395838.0
2026-03-18,94.3256453698694,96.18283573393433,92.76169833709969,94.03240203857422,11031894.0
2026-03-19,93.10380788880241,93.88578511128341,90.85562896728516,90.85562896728516,5176467.0
2026-03-23,90.31802889668958,95.3031133334007,89.24281577622055,95.20536804199219,18298962.0
2026-03-24,94.32564268083742,95.49860105760413,91.4909845699158,91.58872985839844,8812229.0
2026-03-25,92.46845494429284,93.00606523214717,91.05112957811355,91.83309936523438,9686176.0
2026-03-26,91.68648513266196,92.02859738052885,89.43830614812921,89.7804183959961,7177504.0
2026-03-27,90.75788620513165,91.00225316177308,89.4871825050888,90.36689758300781,7408487.0
2026-03-30,89.8781661998342,92.61507917425864,89.73155198771224,91.34436798095703,9727612.0
2026-03-31,91.34436798095703,93.2993036891208,90.70901984179413,91.34436798095703,10151945.0
2026-04-01,93.59254195885167,93.78803253608403,91.3932394062938,92.61507415771484,7799787.0
2026-04-02,91.34436801566632,92.95719146701185,90.51352183087859,92.22409057617188,8199579.0
2026-04-03,92.2240880830511,92.27296445744763,91.29549662941851,91.53986358642578,4563897.0
2026-04-06,91.88197835286459,94.3745243656449,91.88197835286459,93.8369140625,9352490.0
2026-04-07,93.83691137213683,93.98353303765333,90.46465035269574,91.0999984741211,7709319.0
2026-04-08,95.5,96.4000015258789,94.5,95.05000305175781,15693011.0
2026-04-09,94.9000015258789,95.5,94.05000305175781,94.75,8671514.0
2026-04-10,95.55000305175781,102.30000305175781,95.30000305175781,102.19999694824219,21125954.0
2026-04-13,100.30000305175781,101.69999694824219,98.75,100.30000305175781,12965590.0
2026-04-14,101.80000305175781,108.0,101.5,104.5999984741211,18500698.0
2026-04-15,104.69999694824219,105.5,103.0,104.19999694824219,8136383.0
2026-04-16,104.5999984741211,106.9000015258789,102.5999984741211,103.80000305175781,8805276.0
2026-04-17,103.80000305175781,108.5999984741211,103.4000015258789,108.0,11140402.0
2026-04-20,106.0,108.19999694824219,104.9000015258789,107.5,9321027.0
2026-04-21,107.80000305175781,108.0999984741211,104.5999984741211,105.5,7453994.0
2026-04-22,105.5999984741211,107.4000015258789,105.30000305175781,106.80000305175781,8676997.0
2026-04-24,106.69999694824219,108.19999694824219,105.5999984741211,106.5,6701436.0
2026-04-27,106.80000305175781,108.19999694824219,106.0999984741211,106.30000305175781,10102021.0
2026-04-28,106.4000015258789,106.4000015258789,102.5999984741211,103.69999694824219,8391477.0
2026-04-29,104.0,106.69999694824219,104.0,104.9000015258789,8403818.0
2026-04-30,105.0,105.30000305175781,103.5,104.5999984741211,6050980.0
2026-05-04,105.19999694824219,105.80000305175781,102.0,103.4000015258789,6790251.0
2026-05-05,103.5999984741211,106.80000305175781,102.5999984741211,106.0999984741211,10329276.0
2026-05-06,107.0,110.80000305175781,106.5999984741211,110.5,14525679.0
2026-05-07,111.0,113.5,110.5,111.4000015258789,9725586.0
2026-05-08,111.4000015258789,114.30000305175781,110.80000305175781,111.30000305175781,10962316.0
2026-05-11,108.19999694824219,109.0,104.9000015258789,105.19999694824219,19801946.0
2026-05-12,104.5,104.5,100.69999694824219,101.0999984741211,16034594.0
2026-05-13,101.4000015258789,104.5,101.4000015258789,102.0,13789979.0
2026-05-14,102.4000015258789,104.69999694824219,102.0999984741211,103.69999694824219,9658545.0
2026-05-15,104.0,104.0,99.0,101.69999694824219,7007681.0
2026-05-18,101.69999694824219,101.69999694824219,98.19999694824219,98.19999694824219,8404353.0
2026-05-20,98.0,99.6500015258789,96.1500015258789,98.80000305175781,8997053.0
2026-05-21,98.80000305175781,98.9000015258789,92.5,95.25,7889941.0
2026-05-22,93.0,99.30000305175781,92.5,98.94999694824219,17571530.0
2026-05-25,100.19999694824219,100.4000015258789,97.9000015258789,99.0,7548521.0
2026-05-26,99.05000305175781,100.5,97.30000305175781,100.5,3045198.0
2026-05-27,100.5,100.5,100.5,100.5,0.0
2026-05-28,100.5,100.5,100.5,100.5,0.0
2026-05-29,100.5,100.5,100.5,100.5,0.0
2026-06-01,100.5,101.80000305175781,97.6500015258789,98.5,14084145.0
2026-06-02,98.5,99.75,98.5,99.19999694824219,10634352.0
2026-06-03,99.19999694824219,99.19999694824219,95.5,95.9000015258789,10293825.0
2026-06-04,96.19999694824219,97.25,93.75,94.94999694824219,14312062.0
2026-06-05,95.1500015258789,95.1500015258789,92.5,93.3499984741211,10013303.0
2026-06-08,93.0,95.55000305175781,91.55000305175781,94.94999694824219,10206512.0
2026-06-09,95.0999984741211,97.80000305175781,95.0999984741211,96.1500015258789,10988389.0
2026-06-10,96.0,96.19999694824219,92.80000305175781,93.80000305175781,8544227.0
2026-06-11,93.8499984741211,94.30000305175781,90.94999694824219,92.80000305175781,9885053.0
2026-06-12,94.4000015258789,95.30000305175781,92.75,93.0,15143162.0
2026-06-15,95.5,96.69999694824219,94.30000305175781,96.0999984741211,16760607.0
2026-06-16,96.1500015258789,96.5,93.44999694824219,94.1500015258789,16961393.0
2026-06-17,94.4000015258789,94.69999694824219,92.44999694824219,92.6500015258789,10668385.0
2026-06-18,93.0,94.6500015258789,92.4000015258789,94.30000305175781,14608542.0
2026-06-19,93.4000015258789,94.69999694824219,92.9000015258789,94.4000015258789,9401333.0
2026-06-22,94.5,94.69999694824219,91.9000015258789,92.69999694824219,12961712.0
2026-06-23,92.1500015258789,92.44999694824219,89.9000015258789,90.1500015258789,12447939.0
2026-06-24,90.44999694824219,90.44999694824219,89.0999984741211,89.30000305175781,8378511.0
2026-06-25,90.05000305175781,90.6500015258789,88.6500015258789,89.69999694824219,12747582.0
2026-06-26,89.5,91.25,89.1500015258789,90.8499984741211,9580496.0
2026-06-29,91.0,91.4000015258789,89.55000305175781,91.4000015258789,8957725.0
2026-06-30,92.30000305175781,92.55000305175781,90.0,90.5,17202901.0
2026-07-01,90.5,94.1500015258789,89.94999694824219,93.55000305175781,18535023.0
2026-07-02,93.5,93.8499984741211,91.8499984741211,92.05000305175781,11655202.0
2026-07-03,92.5,95.3499984741211,91.69999694824219,93.69999694824219,20136788.0
2026-07-06,94.30000305175781,94.44999694824219,91.0,91.05000305175781,11429260.0
2026-07-07,91.05000305175781,92.19999694824219,90.0999984741211,91.05000305175781,10339602.0
2026-07-08,91.0,91.0,88.75,89.5999984741211,14867916.0
2026-07-09,90.0,90.44999694824219,88.0,88.5,8271723.0
2026-07-10,88.8499984741211,90.6500015258789,88.25,90.30000305175781,11330554.0
2026-07-13,90.0,90.75,89.0,89.80000305175781,7229553.0
2026-07-14,89.9000015258789,90.3499984741211,88.44999694824219,89.69999694824219,9800886.0
2026-07-16,90.25,92.1500015258789,90.0999984741211,92.1500015258789,8122500.0
2026-07-17,92.1500015258789,92.19999694824219,90.05000305175781,90.69999694824219,7033451.0
2026-07-20,90.80000305175781,90.80000305175781,89.0999984741211,89.69999694824219,11243857.0
2026-07-21,90.1500015258789,91.9000015258789,89.94999694824219,91.19999694824219,9955572.0
2026-07-22,91.5999984741211,92.1500015258789,90.5999984741211,91.05000305175781,10173888.0
2026-07-23,91.05000305175781,91.44999694824219,89.25,89.94999694824219,11629601.0
2026-07-24,90.3499984741211,90.3499984741211,88.25,88.80000305175781,8348093.0
2026-07-27,89.5999984741211,90.55000305175781,88.0999984741211,88.6500015258789,8553069.0
2026-07-28,88.5,90.0,87.8499984741211,88.75,9039053.0
2026-07-29,88.80000305175781,89.94999694824219,87.0999984741211,87.55000305175781,8194693.0
2026-07-30,87.75,88.19999694824219,85.25,85.25,9960052.0
2026-07-31,85.44999694824219,87.69999694824219,84.75,87.5999984741211,15331035.0
2026-08-03,88.0,88.75,86.4000015258789,87.05000305175781,7939854.0
2026-08-04,87.05000305175781,87.19999694824219,85.55000305175781,85.8499984741211,12221440.0
2026-08-05,85.80000305175781,87.44999694824219,85.1500015258789,87.0999984741211,15550329.0
2026-08-06,87.55000305175781,88.05000305175781,85.75,85.8499984741211,16261778.0
2026-08-07,86.30000305175781,87.69999694824219,86.0,86.3499984741211,9755483.0
2026-08-10,86.69999694824219,87.44999694824219,85.55000305175781,86.19999694824219,9741184.0
2026-08-11,86.19999694824219,86.55000305175781,84.5999984741211,85.9000015258789,8451687.0
2026-08-12,86.1500015258789,87.05000305175781,85.0999984741211,86.6500015258789,13021209.0
2026-08-13,86.5999984741211,87.1500015258789,85.5,85.8499984741211,12278486.0
2026-08-14,86.05000305175781,87.69999694824219,85.8499984741211,87.6500015258789,14925184.0
2026-08-17,86.4000015258789,87.0,79.8499984741211,80.1500015258789,52418759.0
2026-08-18,80.0,81.75,78.5,81.0,33998045.0
2026-08-19,80.94999694824219,83.5999984741211,80.69999694824219,83.0999984741211,23161767.0
2026-08-20,83.1500015258789,84.1500015258789,82.1500015258789,82.8499984741211,13559963.0
2026-08-21,83.19999694824219,84.19999694824219,83.05000305175781,83.25,12252832.0
2026-08-24,84.0,84.5999984741211,82.75,82.94999694824219,10793790.0
2026-08-25,83.0999984741211,84.05000305175781,82.44999694824219,83.94999694824219,16256176.0
2026-08-26,84.0,89.25,83.94999694824219,87.75,35516469.0
2026-08-27,88.0,88.44999694824219,87.0,87.44999694824219,13396394.0
2026-08-28,87.1500015258789,90.3499984741211,86.75,89.0,18743353.0
2026-08-31,89.55000305175781,89.80000305175781,86.80000305175781,87.4000015258789,18611522.0
2026-09-01,87.6500015258789,89.30000305175781,87.44999694824219,88.9000015258789,13972508.0
2026-09-02,88.80000305175781,89.0,85.30000305175781,86.80000305175781,14774428.0
2026-09-03,87.0,87.8499984741211,86.25,86.9000015258789,9982330.0
2026-09-04,86.9000015258789,88.19999694824219,86.69999694824219,87.25,9449641.0
2026-09-07,87.6500015258789,89.25,87.5,89.0,9486050.0
2026-09-08,89.05000305175781,89.6500015258789,87.8499984741211,89.6500015258789,15164832.0
2026-09-09,90.8499984741211,91.3499984741211,88.9000015258789,90.3499984741211,19775049.0
2026-09-10,90.55000305175781,90.8499984741211,88.8499984741211,89.75,10033241.0
2026-09-11,89.75,91.6500015258789,89.30000305175781,91.25,11059783.0
2026-09-14,90.4000015258789,91.05000305175781,88.80000305175781,89.30000305175781,12522450.0
2026-09-15,89.30000305175781,89.5999984741211,85.80000305175781,85.80000305175781,12539133.0
2026-09-16,85.94999694824219,86.75,79.25,81.94999694824219,19409897.0
