Date,Open,High,Low,Close,Volume
2021-09-20,7.13252443421696,7.179114816283597,6.9673415274003165,6.984282970428467,62842314.0
2021-09-21,7.018165748620099,7.056285000273448,6.789451046550887,6.802156925201416,76995536.0
2021-09-22,6.886866579261831,7.170642782741562,6.886866579261831,7.157936096191406,104563662.0
2021-09-23,7.179113864898682,7.204526429998695,7.035107982913807,7.179113864898682,128127004.0
2021-09-24,7.136758986677398,7.187584116418172,7.056284922095156,7.140994548797607,51344150.0
2021-09-27,7.221467436268707,7.268057809357805,7.060520123184923,7.132523059844971,54391212.0
2021-09-28,7.132523597014643,7.18334872798432,7.022401402779157,7.0351080894470215,45515556.0
2021-09-29,7.090168760743623,7.1240524505690646,6.975811004638672,6.975811004638672,44777734.0
2021-09-30,6.984282255958637,7.1071111387144095,6.954634127804044,7.05204963684082,67902912.0
2021-10-01,7.026637433603694,7.1071115054984855,6.975811491393578,7.060521125793457,52830238.0
2021-10-04,7.060520759809279,7.08169776338606,6.916514873504639,6.916514873504639,51148108.0
2021-10-05,6.933456994155665,6.941927310718863,6.836040679095447,6.84027624130249,56961688.0
2021-10-06,6.971575438317277,7.085933194354779,6.814863675911119,6.84027624130249,170405424.0
2021-10-07,6.929220927739758,7.187583740762366,6.924985365840918,7.183348178863525,101496004.0
2021-10-08,7.19181973240073,7.259587111129879,7.115581229367717,7.229938983917236,92849262.0
2021-10-11,7.2426460886801385,7.543363748177663,7.2426460886801385,7.437477111816406,99733272.0
2021-10-12,7.390887242460588,7.496773874542539,7.357003552508399,7.467124938964844,71656260.0
2021-10-13,7.4883029258047005,7.547599182649694,7.331590351191761,7.361238479614258,68401746.0
2021-10-14,7.357003197675663,7.492537950947495,7.335825387570156,7.43324089050293,71052368.0
2021-10-15,7.467125425790988,7.560306185122681,7.412064728973032,7.551835060119629,99540500.0
2021-10-18,7.594189828903249,7.742431284108489,7.534893569961529,7.708547592163086,71199762.0
2021-10-19,7.7339600969673885,7.767843788640318,7.649250463859597,7.670428276062012,51838724.0
2021-10-20,7.691605447149436,7.7551372694320335,7.666192879806586,7.725489139556885,52208016.0
2021-10-21,7.725488740312891,7.98808794878802,7.58995397768737,7.983852386474609,118102068.0
2021-10-22,7.966909797120693,8.216802307987901,7.937261670043377,8.195625305175781,105852436.0
2021-10-25,8.153270250422352,8.331159815472873,8.144799126407838,8.314217567443848,81934280.0
2021-10-26,8.407399231833097,8.513285869997617,8.38622141948963,8.470931053161621,87054170.0
2021-10-27,8.487872886580318,8.52175657681643,8.199861115647924,8.373515129089355,142828114.0
2021-10-28,8.365043645250212,8.462459149513222,8.326924394390623,8.339631080627441,37720958.0
2021-11-01,8.343866348266602,8.377750035851559,8.199860474067828,8.343866348266602,62625352.0
2021-11-02,8.3226894162933,8.34386722817399,8.085503578186035,8.085503578186035,74695940.0
2021-11-03,8.072796538616515,8.14479948016552,7.814433707759052,8.026206970214844,109825522.0
2021-11-04,8.077032624562761,8.14056444584904,7.996558553412973,8.005029678344727,65886274.0
2021-11-05,7.992323075508144,8.00502895390498,7.8694941986663,7.962674140930176,61234260.0
2021-11-08,7.966910556353458,8.276100158691406,7.962674993817218,8.276100158691406,88923634.0
2021-11-09,8.32268869145836,8.449753128123504,8.229508750851268,8.314217567443848,126574868.0
2021-11-10,8.267628245728211,8.29304081067293,8.115151240358154,8.195625305175781,99582108.0
2021-11-11,8.237980183442767,8.36080825485068,8.19138980746862,8.233744621276855,118566382.0
2021-11-12,8.276099129756473,8.365043508406565,8.221037631481877,8.28880500793457,59132912.0
2021-11-15,8.356573054642741,8.674232960187355,8.33116048839743,8.538698196411133,97769460.0
2021-11-16,8.597994075319058,8.614936323971143,8.229509053495862,8.259157180786133,78231640.0
2021-11-17,8.259156268112235,8.564109439493173,8.259156268112235,8.53022575378418,86409628.0
2021-11-18,8.53869810008881,9.004599451202074,8.42010477919697,8.902948379516602,145615972.0
2021-11-19,8.970715517006921,9.157076213961087,8.84365107496281,8.99612808227539,118053078.0
2021-11-22,9.106251706860325,9.19096134820408,8.987658370549267,9.131664276123047,64696220.0
2021-11-23,9.18248860603578,9.851692069723216,9.18248860603578,9.775453567504883,188535288.0
2021-11-24,10.080407383410561,10.266768088217324,9.58909345897985,9.741570472717285,154750152.0
2021-11-25,9.750041360002259,9.826279865014321,9.504384403769446,9.809337615966797,78708036.0
2021-11-26,9.69921564492013,9.741570460667129,9.351907609926407,9.521326065063477,72012182.0
2021-11-29,9.614506122766189,9.783924565594711,9.555209061888062,9.673802375793457,62907108.0
2021-11-30,9.648390652809612,9.885576493455542,9.54673957824707,9.54673957824707,99366192.0
2021-12-01,9.6738021478618,9.902516838328673,9.589092524518016,9.716156959533691,109508084.0
2021-12-02,9.766982920420045,10.03805325353298,9.750041479016623,9.910988807678223,119619440.0
2021-12-03,10.038053135702318,10.249826401790123,9.995698320914578,10.08040714263916,95356742.0
2021-12-06,10.173588507592937,10.266768459440032,9.919460411458834,10.021111488342285,75492702.0
2021-12-07,10.156645134569994,10.876674526032778,10.029581504476965,10.775023460388184,163293506.0
2021-12-08,10.808907973124734,11.012210119915883,10.664902083851606,10.724198341369629,110745788.0
2021-12-09,10.791965387431224,11.444227431213225,10.791965387431224,11.181628227233887,159136474.0
2021-12-10,11.207041268027213,11.34257684193018,10.910559169251114,11.317163467407227,96567080.0
2021-12-13,11.537407775060698,12.164256467026851,11.528936650286608,12.14731502532959,106857478.0
2021-12-14,12.664040690117329,12.765691757202148,12.418383742699634,12.765691757202148,105529598.0
2021-12-15,12.985936282784404,13.26547692230807,12.587802326430655,13.11299991607666,129498496.0
2021-12-16,13.20618117888377,14.27351864810672,13.028291600679946,14.231163024902344,177231362.0
2021-12-17,14.824128256790114,15.357796163125785,12.816517841241216,13.087587356567383,181792788.0
2021-12-20,12.79110643159777,14.104100120953364,11.859303676715461,13.29089069366455,173965610.0
2021-12-21,12.706396076936207,12.875814529725174,11.969425201416016,11.969425201416016,128529384.0
2021-12-22,11.223982535614525,11.918598554778017,10.775023460388184,10.775023460388184,231826464.0
2021-12-23,10.952913163895275,11.291750053605137,9.978755692240403,11.17315673828125,196466658.0
2021-12-24,11.190099498733577,12.088018509328377,10.902087725375793,12.02025032043457,183310764.0
2021-12-27,12.071076149766984,12.443796742094868,11.918599139889219,12.16425609588623,133832110.0
2021-12-28,12.316732593056088,12.392971094821394,11.689883946309354,11.783063888549805,97216724.0
2021-12-29,11.783064181939245,12.40991284429404,11.647529423359925,12.401442527770996,142583656.0
2021-12-30,12.664041017789996,12.79957577740995,11.927070156468334,12.01177978515625,159649094.0
2021-12-31,12.020250566554948,12.240494963379438,11.842360985712231,11.927070617675781,103505274.0
2022-01-03,12.071076166680616,12.384500503540039,11.969425095903308,12.384500503540039,94109450.0
2022-01-04,12.520035161368122,12.86734318562363,12.435326340344108,12.799575805664062,149017428.0
2022-01-05,12.799575955155635,13.129942542205187,12.562390122526955,13.070646286010742,172086494.0
2022-01-06,12.918168903674982,13.121471040078115,12.791105270385742,12.791105270385742,179010232.0
2022-01-07,12.918169155283154,13.20618092472266,12.816518085101722,12.968995094299316,245508184.0
2022-01-10,13.053703780445845,13.180768222745948,12.918169021606445,12.918169021606445,135195022.0
2022-01-11,13.062174709899363,13.578901980076678,12.926639953082649,13.451837539672852,333376636.0
2022-01-12,13.621256824974308,13.756791590142065,13.358658419424511,13.37559986114502,162013986.0
2022-01-13,13.307831307003779,13.570430497286532,13.223121682305896,13.39254093170166,145795422.0
2022-01-14,13.409482826975513,13.443366516434322,13.163825876436418,13.333244323730469,103910286.0
2022-01-17,13.333244416529524,13.333244416529524,12.943581581115723,12.943581581115723,92766612.0
2022-01-18,12.892756160957687,12.977464979366479,12.2489652633667,12.2489652633667,117793866.0
2022-01-19,12.155784637375689,12.55391775800119,11.901656580734402,12.426854133605957,133616144.0
2022-01-20,12.638628573141329,12.697924829079172,11.994837650941426,12.138843536376953,119711638.0
2022-01-21,12.071076511160676,12.274378658517056,11.833890672578233,12.172727584838867,95641868.0
2022-01-24,12.04566417031804,12.06260561232292,11.35951840032516,11.418814659118652,104323334.0
2022-01-25,11.520466208414048,11.66447209660804,11.156215925587954,11.554349899291992,79901780.0
2022-01-26,11.554348584177069,11.901656578108167,11.520464897155762,11.520464897155762,91073098.0
2022-01-27,11.342576501412989,11.774593353271484,11.190099490256518,11.774593353271484,85383632.0
2022-01-28,11.876245366557924,12.00330900538749,11.545878774609777,11.554349899291992,81744534.0
2022-01-31,11.706826104317287,11.791535735437606,11.554349899291992,11.554349899291992,49132830.0
2022-02-01,11.630587123286078,11.884715198426273,11.622116806800413,11.689884185791016,77995224.0
2022-02-02,11.783063861523752,11.842360114827049,11.47811066301284,11.562819480895996,56048228.0
2022-02-03,11.528935902121361,11.732238844251684,11.34257601629063,11.393401145935059,59660342.0
2022-02-04,11.520465830585163,11.562819836905353,11.2324540636429,11.30022144317627,44970376.0
2022-02-07,11.300221929879546,12.181198709608113,11.113861224210737,12.172727584838867,103731008.0
2022-02-08,12.155785068657181,12.189668756888143,11.783063690265763,12.045662879943848,99164078.0
2022-02-09,12.164256359682646,12.621686591384963,12.113431227188453,12.536977767944336,131544298.0
2022-02-10,12.664040903012676,12.73180828220846,12.39297138622954,12.477680206298828,124194272.0
2022-02-11,12.265907419997317,12.426855557716722,11.986366768011944,12.316733360290527,150953876.0
2022-02-14,12.062604661307823,12.088018034087963,11.732238893674735,11.833889961242676,124754426.0
2022-02-15,11.876245365868321,12.248965965504073,11.867774241186599,12.096488952636719,105649760.0
2022-02-16,12.155785538900874,12.172726979746304,11.927070028605945,11.935541152954102,75555054.0
2022-02-17,11.969425447645285,12.223553535981992,11.800006991371122,11.876245498657227,138752170.0
2022-02-18,11.994837172021894,12.054133425592205,11.816947603460092,12.003308296203613,58886590.0
2022-02-21,12.121902582756432,12.26590766613325,11.944012999936914,12.223553657531738,89933130.0
2022-02-22,11.96095347799007,12.206610424198013,11.850831287227768,12.02872085571289,93215772.0
2022-02-23,12.31673258041939,13.15535448327563,12.282848891653003,12.884284973144531,285021440.0
2022-02-24,12.30826223559984,12.664041394099572,11.664472108274962,12.316733360290527,300353424.0
2022-02-25,12.655571093176869,13.307833195499958,12.553920013824756,13.197710990905762,213118994.0
2022-02-28,13.002878664429463,13.434895506753177,12.918169036134131,13.163825988769531,174420692.0
2022-03-01,13.367129319907948,14.087157993257593,13.324774501981272,14.053275108337402,206495350.0
2022-03-02,14.07868788526139,14.790244595353364,13.86691461248232,14.60388469696045,224032772.0
2022-03-03,14.790243549669238,15.620395948204042,14.688593290715088,14.968133926391602,196972540.0
2022-03-04,14.824127870447496,15.027430001643713,14.400581359863281,14.400581359863281,157549346.0
2022-03-07,14.298929651564679,14.883424295318195,14.24810452210403,14.646239280700684,171116800.0
2022-03-08,14.60388492258201,15.103669983318154,14.57000203857885,14.586942672729492,150331324.0
2022-03-09,14.82412947505891,14.874954609434011,14.315873284202226,14.341286659240723,111046540.0
2022-03-10,14.358227949685237,14.790243986554177,14.315872327451766,14.663180351257324,141660106.0
2022-03-11,14.714007090591513,14.798715103612603,14.32434344474702,14.392110824584961,111934076.0
2022-03-14,14.510703729465153,14.637768983851254,14.383640090780878,14.570001602172852,85067972.0
2022-03-15,14.586942109155778,14.781774743528524,14.476820720772757,14.493762969970703,96479796.0
2022-03-16,14.603885164443609,14.722477683971547,14.45140814464946,14.51917552947998,87947638.0
2022-03-17,14.69706544629824,15.188379374259881,14.688594321507297,15.146023750305176,180171724.0
2022-03-18,15.366268172064602,15.450977804406126,15.146023774257383,15.31544303894043,130882146.0
2022-03-21,15.459449874476688,15.459449874476688,15.213792087235738,15.3662691116333,107329910.0
2022-03-22,15.8345459597715,16.529722343033935,15.68971816045362,16.317306518554688,224087728.0
2022-03-23,16.404202555107307,16.404202555107307,16.02764993177904,16.17247772216797,88936718.0
2022-03-24,16.1821346282959,16.413859482350595,16.07592671292629,16.1821346282959,123454160.0
2022-03-25,16.25937567910079,16.269031111214414,16.027650833129883,16.027650833129883,59266252.0
2022-03-28,16.04696127708582,16.056614867361244,15.776614709740812,15.786270141601562,79183816.0
2022-03-29,15.805581155128818,16.182133793340395,15.689717813286993,15.699373245239258,110443672.0
2022-03-30,15.718683785460737,15.921442327526997,15.689717490200426,15.747648239135742,75659004.0
2022-03-31,15.75730477918789,15.87316812679314,15.525579925562825,15.660752296447754,68518502.0
2022-04-01,15.74764808410347,16.143511574170663,15.737992652445088,16.085580825805664,129319378.0
2022-04-04,16.14351299265751,16.655239866004045,15.950409867278296,16.597309112548828,131413140.0
2022-04-05,16.655238781316626,16.91592991726554,16.5490308722444,16.703514099121094,107318508.0
2022-04-06,16.68420573030038,16.80972266645841,16.211100599265656,16.230409622192383,89693616.0
2022-04-07,16.27868665351094,16.51041150105028,16.27868665351094,16.442825317382812,71579298.0
2022-04-08,16.481446074370176,16.520067805124466,16.32696283452397,16.42351531982422,53373668.0
2022-04-11,16.4331689832074,16.771101724581413,16.307650213355625,16.5876522064209,131694438.0
2022-04-12,16.597308180415112,16.94489452321082,16.48144483842631,16.61661720275879,115758912.0
2022-04-13,16.722825975070382,17.089725042299055,16.626273492032023,16.973861694335938,173181814.0
2022-04-14,17.15731006475004,17.340757744341882,16.838688181434613,16.915929794311523,92800250.0
2022-04-15,16.915931649046943,17.070414891738974,16.771103839221354,17.04144859313965,57786774.0
2022-04-18,17.080071091880118,17.10903555019507,16.925587842248355,16.983518600463867,48124636.0
2022-04-19,17.070411689753655,17.321447372436523,16.96420378973028,17.321447372436523,103428992.0
2022-04-20,17.39868955891012,17.543517346394374,17.186273751786995,17.224895477294922,90104970.0
2022-04-21,17.23455189473944,17.707657009768635,17.195930167021785,17.620759963989258,101086074.0
2022-04-22,17.56283079521892,17.60145068482827,16.761448288780787,16.877309799194336,83500466.0
2022-04-25,16.751793502702377,16.867655017588877,16.336619084257002,16.655241012573242,83644792.0
2022-04-26,16.780754914861642,17.06075690125617,15.950408070267521,15.969718933105469,117371374.0
2022-04-27,16.00833961657295,16.62627252556186,15.940753434850455,16.5779972076416,140044034.0
2022-04-28,16.53937673947263,16.645584656887088,15.969720946611334,16.00834083557129,97434102.0
2022-04-29,16.220753648136267,16.297995262019377,15.98902880648693,16.201444625854492,86140892.0
2022-05-05,16.346271807268792,16.471788734516455,16.143511427456076,16.17247772216797,90671814.0
2022-05-06,16.056615264726208,16.133856879938435,15.718684349163578,15.902132034301758,92508074.0
2022-05-09,15.96006520669166,16.27868711121505,15.882823588673427,16.1821346282959,130219454.0
2022-05-10,16.346273545205104,16.558687537587044,16.33661811260791,16.510412216186523,36101812.0
2022-05-11,16.790411777910144,16.82903350687911,16.27868676016912,16.4814453125,95109782.0
2022-05-12,16.297995698899108,16.32696199547624,15.486959652178683,15.544890403747559,145645438.0
2022-05-13,15.757303237915039,15.805580395355678,15.525578406955729,15.757303237915039,69094544.0
2022-05-16,15.747648977620285,15.747648977620285,15.293854713439941,15.293854713439941,84153486.0
2022-05-17,15.351785519166787,15.573854935936058,15.274543902830285,15.313164710998535,86969840.0
2022-05-18,15.284199184001272,15.506268598575605,15.206957568428226,15.40006160736084,68612206.0
2022-05-20,15.332474812301271,15.429026367519672,14.955921260809342,14.975232124328613,80234708.0
2022-05-23,15.284198856000984,15.361440469916417,14.772472933613068,15.17799186706543,96531474.0
2022-05-24,15.274543708090023,15.46764866726202,15.062129726269127,15.255233764648438,76580140.0
2022-05-25,15.3131638040248,15.660751056952037,15.226267681387474,15.58350944519043,84345310.0
2022-05-26,15.583510160797285,15.776615119861479,15.45799322651532,15.65109634399414,81855784.0
2022-05-27,15.680062085729745,16.24006423730633,15.680062085729745,15.873167037963867,124871318.0
2022-05-30,16.104892807272968,16.867653545390112,15.940754140855038,16.771102905273438,155688988.0
2022-05-31,16.76144793895725,16.76144793895725,16.40420429920282,16.510412216186523,96648162.0
2022-06-01,16.51041134956434,16.819377810115306,16.48144505329317,16.529722213745117,80852744.0
2022-06-02,16.55868836360845,16.800068665823108,16.346274360630353,16.742137908935547,90104064.0
2022-06-03,16.848345553657484,17.099379443229903,16.616618846753592,16.66489601135254,92559956.0
2022-06-06,16.732481130778197,17.128344647261006,16.645584081639495,16.89661979675293,92607676.0
2022-06-07,16.925587015457378,17.08007025754285,16.57799879997231,16.751792907714844,90024288.0
2022-06-08,16.83868743240576,17.26351536353866,16.317305187490064,16.47178840637207,145444268.0
2022-06-09,16.471788986830497,16.597307757586123,16.153167106460113,16.37523651123047,86767474.0
2022-06-10,16.172477758215916,16.52006592919232,16.008339104319866,16.046960830688477,80655560.0
2022-06-13,16.03730588784106,16.03730588784106,15.033163070678711,15.033163070678711,180526496.0
2022-06-14,15.091095387575132,15.226268677396476,14.646955630496668,14.685576438903809,155875786.0
2022-06-15,14.704886021751749,14.869024683651176,14.415230426204694,14.463505744934082,214838878.0
2022-06-16,14.550402407379963,14.791782677818476,14.057987355487814,14.09660816192627,193388408.0
2022-06-17,14.135229269535289,14.21247088405794,13.777986572169858,13.92281436920166,243426878.0
2022-06-20,13.951780017002525,13.990400825018321,13.21798374390969,13.47867488861084,342425018.0
2022-06-21,13.594537279997423,13.951779983483444,13.411088672561297,13.855228424072266,275365754.0
2022-06-22,13.77798639144981,13.77798639144981,13.449709073638079,13.613847732543945,140076358.0
2022-06-23,13.613848044467256,13.652468852106896,13.314536094665527,13.314536094665527,116821526.0
2022-06-24,13.372468274062028,13.594537696220247,13.121432554480174,13.44970989227295,149998840.0
2022-06-27,13.102120399475098,13.102120399475098,13.102120399475098,13.102120399475098,282088.0
2022-06-28,13.565571274178536,13.60419208030774,13.121431543296353,13.304880142211914,113067254.0
2022-06-29,13.256604497692962,13.324191602038631,12.793154803399364,12.81246566772461,119949710.0
2022-06-30,12.81246482010046,13.256603620686272,12.686946972668224,13.102120399475098,131196056.0
2022-07-01,13.082811268603264,13.256604442848003,12.937982549141177,13.06350040435791,94292358.0
2022-07-04,13.05384632996888,13.073156274067893,12.532464027404785,12.532464027404785,99474378.0
2022-07-05,12.696602923863194,12.812466273709214,12.358671069322629,12.5903959274292,132642514.0
2022-07-06,12.657981707242818,12.947638230960356,12.416601424276987,12.870396614074707,152920992.0
2022-07-07,12.937981992854036,12.937981992854036,12.542118500771894,12.657980918884277,94878884.0
2022-07-08,12.657981943981499,12.889707719765056,12.609706623119617,12.802810668945312,49685438.0
2022-07-13,12.81246560056427,12.822120111883594,12.455221978761356,12.542119026184082,71489258.0
2022-07-14,12.503498650859909,12.706258128259485,12.387636223887682,12.532464027404785,76500330.0
2022-07-18,12.69660134307457,13.237293532130495,12.69660134307457,13.189017295837402,122747846.0
2022-07-19,13.189018464677014,13.411088802988553,13.034535231482572,13.372467994689941,74804974.0
2022-07-20,13.420742831704707,13.68143396893741,13.420742831704707,13.633157730102539,86479588.0
2022-07-21,13.633157889467281,13.652468753544031,13.401433045302356,13.420742988586426,76209628.0
2022-07-22,13.51729559918945,13.758675877746406,13.488330223584569,13.584881782531738,92037344.0
2022-07-25,13.613848155058335,13.835917570592061,13.613848155058335,13.729710578918457,68008074.0
2022-07-26,13.7779867071339,13.893849130052821,13.304880662557444,13.314536094665527,90638238.0
2022-07-27,13.382121614242942,13.430397851596737,13.102120542542092,13.140741348266602,65676926.0
2022-07-28,13.275915537859678,13.43039877133703,13.082811496012987,13.121432304382324,71241144.0
2022-07-29,13.12143214209785,13.420743173060199,12.995914286251717,13.333847045898438,82421302.0
2022-08-01,13.372468121610117,13.594537541236647,13.372468121610117,13.536606788635254,85153998.0
2022-08-02,13.546261171637338,13.652469085053045,13.353157130144286,13.372467994689941,105576734.0
2022-08-03,13.449708563403066,13.50763931094117,13.275914479203486,13.353156089782715,73666318.0
2022-08-04,13.459363883228628,13.565571794754133,13.343501460394819,13.440053939819336,94145514.0
2022-08-05,13.497984700755648,13.51729556497181,13.169708296215045,13.314536094665527,103284936.0
2022-08-08,13.40143324038237,13.893849231995276,13.372467864638287,13.855228424072266,156504290.0
2022-08-09,13.874538378545436,13.98074537021904,13.67177890659205,13.729710578918457,94662272.0
2022-08-10,13.642813584386479,13.74902057647705,13.324191687322072,13.74902057647705,127648172.0
2022-08-11,13.903504561299274,13.980746181689277,13.710400510324261,13.816608428955078,104444854.0
2022-08-12,13.84557301386468,13.864882957460482,13.546261061391855,13.604192733764648,86624820.0
2022-08-15,13.662123353385963,13.671778785486952,13.42074307561736,13.440053939819336,56673278.0
2022-08-16,13.45936374143811,13.565571651844746,12.909017008577095,13.401432991027832,107550792.0
2022-08-17,13.44970908061535,13.671778489372214,13.382121978164971,13.488329887390137,106419084.0
2022-08-18,13.517295602163818,14.473161284469443,13.401433178926109,14.231781005859375,437380584.0
2022-08-19,14.280057666883495,14.714541997036774,14.202816049113698,14.347643852233887,201451310.0
2022-08-22,14.434540421796523,14.58902365219229,14.125573961004992,14.212471008300781,139200226.0
2022-08-23,14.231781005859375,14.473161284469443,14.164194822502218,14.231781005859375,151947522.0
2022-08-24,14.328333461360405,14.357298836922617,13.787641233040544,13.835917472839355,141588036.0
2022-08-25,13.710398952156229,14.357298139997871,13.710398952156229,14.038676261901855,168737034.0
2022-08-26,14.077297346515016,14.531092514315278,13.874537881820658,14.241436004638672,240135398.0
2022-08-29,14.241435955872316,14.309022136941449,13.961434878995345,14.09660816192627,109474802.0
2022-08-31,14.11591879047445,14.154539598789032,13.89384937286377,13.89384937286377,103873636.0
2022-09-01,13.893848728714302,13.893848728714302,13.469018936157227,13.469018936157227,120971212.0
2022-09-02,13.517295685601805,13.72005515771754,13.41108869384316,13.604192733764648,122471536.0
2022-09-05,13.691089085366276,14.955921173095703,13.6138474733275,14.955921173095703,521529878.0
2022-09-06,15.477303946941264,16.172478478259915,14.955921667263256,15.342130661010742,600736970.0
2022-09-07,15.361439653331049,15.37109508475538,14.772472148336108,14.840058326721191,214473692.0
2022-09-08,14.965576461564547,15.622131078402958,14.859369476225892,14.9173002243042,205487812.0
2022-09-09,15.139371417230018,16.06627080607983,15.052474369327175,15.67040729522705,519357516.0
2022-09-12,15.960065959392168,16.41386025645272,15.709030228597335,16.124204635620117,434199908.0
2022-09-13,16.336617765453887,16.52006729773139,14.724197387695312,14.724197387695312,500096450.0
2022-09-14,14.724195769331939,15.158680050497965,14.106261976051684,15.052473068237305,209588402.0
2022-09-15,14.984887516207532,15.28419853361844,14.579368591308594,14.579368591308594,208783464.0
2022-09-16,14.598678487218207,14.99454197911509,14.598678487218207,14.955921173095703,91380346.0
2022-09-19,15.00419771712007,15.100750194535925,14.260746955871582,14.260746955871582,79667498.0
2022-09-20,14.415231002016435,14.791783659585953,14.241436901111907,14.743508338928223,95651268.0
2022-09-21,14.656610352924993,14.704885670501245,14.376609275336497,14.492471694946289,80684850.0
2022-09-22,14.492471867839583,15.255233496631526,14.424884764999737,14.926956176757812,129969396.0
2022-09-23,15.00419781483808,15.09109486091975,14.550402641296387,14.550402641296387,89492986.0
2022-09-26,14.531092603526243,14.589023353341624,14.231780660171225,14.260746955871582,91772790.0
2022-09-27,14.309021806523202,14.598678308519316,14.241435627014742,14.270401000976562,87169698.0
2022-09-28,14.270402380694751,14.337989487530432,13.864883422851562,13.864883422851562,86602302.0
2022-09-29,13.90350307284117,14.231780384750897,13.304880118508642,13.932469367980957,111045690.0
2022-09-30,13.961433987874841,14.144882576550316,13.806950771981263,13.990399360656738,62534052.0
2022-10-03,14.009710960944433,15.129715255957159,14.009710960944433,15.081439018249512,128211088.0
2022-10-04,15.1200598242571,15.332474717695163,14.81109337619639,15.081439018249512,170763908.0
2022-10-05,15.16833729287056,15.226268966979404,14.569714290778538,14.762818336486816,154918540.0
2022-10-06,14.849714434708659,14.897990673237198,14.579368788058577,14.637299537658691,110544462.0
2022-10-07,14.656610693692839,14.90764548162098,14.540748271389232,14.58902359008789,130403322.0
2022-10-10,14.627644528548474,14.936611911584993,14.589023720767996,14.753162384033203,136396754.0
2022-10-11,14.801438491374176,14.820749355487786,14.58902359008789,14.58902359008789,111679008.0
2022-10-12,14.598678549431039,14.637299355615012,14.193159624103012,14.202815055847168,106226348.0
2022-10-13,14.22212514740428,14.482816282469201,14.019366603410665,14.115918159484863,102866664.0
2022-10-14,14.33798877527028,14.434540333279205,14.164194681744462,14.193160057067871,93090670.0
2022-10-17,14.251092483387142,14.772473870789465,14.14488456692101,14.656611442565918,200255256.0
2022-10-18,14.743508422293065,14.772473799010028,14.444196460242047,14.5117826461792,148551426.0
2022-10-19,14.54074741241034,14.6566098278695,14.318677092185814,14.357297897338867,110207584.0
2022-10-20,14.386264887116136,14.492472803812587,14.193160839658129,14.4055757522583,141758292.0
2022-10-21,14.42488469421027,14.434540126110388,14.212470717163654,14.260746955871582,109932570.0
2022-10-24,14.337989722458053,15.158682163317076,14.337989722458053,14.714542388916016,243853270.0
2022-10-25,14.772473115996446,14.95592172111232,14.540748271389232,14.58902359008789,159102702.0
2022-10-26,14.646954870118963,14.955921321336492,14.521437019113678,14.869024276733398,159505210.0
2022-10-27,14.926956679163638,14.926956679163638,14.463506058804258,14.540748596191406,157495034.0
2022-10-28,14.502126900227038,14.502126900227038,14.289712007197757,14.309021949768066,54589028.0
2022-10-31,14.347643364753251,14.444195844081353,14.154539326889735,14.33798885345459,94185016.0
2022-11-01,14.366953707171088,14.675920156531976,14.289712094830865,14.328332901000977,158095788.0
2022-11-02,14.386264840716665,14.859370906453806,14.386264840716665,14.782129287719727,189662360.0
2022-11-03,14.714542055977045,14.714542055977045,14.434540960241792,14.617990493774414,129565052.0
2022-11-04,15.689717758218066,16.075925827026367,15.303509689409767,16.075925827026367,394646510.0
2022-11-07,16.41385789345994,17.67868995666504,16.39454703042835,17.67868995666504,280909714.0
2022-11-08,18.451108290245717,18.875936236330098,17.051101998072053,17.253862380981445,691346746.0
2022-11-09,17.23455411176247,17.717314720822564,16.52972406451527,16.655241012573242,301597860.0
2022-11-10,16.82903293358474,18.43179779948945,16.577997228594384,18.122831344604492,534466548.0
2022-11-11,18.43179783020655,18.518694875985926,17.456621304359917,17.620759963989258,358890870.0
2022-11-14,17.81386546526299,18.315935049879606,17.75593287191133,18.02627944946289,228973990.0
2022-11-15,18.17110720534583,18.61524787869817,17.59179416434014,18.151796340942383,470536362.0
2022-11-16,18.209727964105614,18.45110823153401,17.813864472849865,17.881450653076172,321005282.0
2022-11-17,17.997311714676115,18.40283062780696,17.263515498459093,17.89110565185547,369727406.0
2022-11-18,17.939382598762442,18.3062798194402,17.582138968830975,17.813865661621094,253007722.0
2022-11-21,17.891106782483675,18.2000732421875,17.717312688503934,18.2000732421875,209079316.0
2022-11-22,18.402832334728757,19.97663281754374,18.37386787926624,19.64835548400879,478257862.0
2022-11-23,19.658009823562953,20.063528751764053,19.146282987008963,20.005596160888672,302272100.0
2022-11-24,20.179391299659315,20.826290532056905,19.870424831932482,20.0249080657959,363314252.0
2022-11-25,20.0345623359136,20.430425829922896,19.938009859953578,20.2180118560791,258659936.0
2022-11-28,20.362841133452445,20.64284130840158,20.160080734998886,20.22766876220703,236441250.0
2022-11-29,20.32421835766598,20.38215094943441,19.86076867303059,20.208356857299805,160599082.0
2022-11-30,20.275944434901245,20.990429874950365,20.20835824810525,20.594566345214844,295583150.0
2022-12-01,20.903532981593287,21.27043205782185,20.35318620883593,20.50766944885254,270248314.0
2022-12-02,20.517323441767015,20.546289737832,19.8897350930418,19.995941162109375,274498180.0
2022-12-05,19.98628796015736,21.193189362544025,19.53249185424532,20.488357543945312,614536102.0
2022-12-06,20.681463290415262,21.096637683257697,20.39180767947589,20.555946350097656,348413348.0
2022-12-07,20.584910322867078,20.59456575521639,19.561458434450397,19.64835548400879,228348056.0
2022-12-08,19.67731847008111,19.71594019659431,18.94352408218314,19.387662887573242,199948090.0
2022-12-09,19.44559377443511,19.725595768896813,19.40697388923177,19.551801681518555,206423162.0
2022-12-12,19.851112935058282,20.237320999634257,19.851112935058282,20.005596160888672,237670754.0
2022-12-13,20.053871723346628,21.16422051119575,19.938008392405727,20.8359432220459,458295134.0
2022-12-14,20.826289190647724,20.845600054033206,19.793181940133433,19.802837371826172,258611102.0
2022-12-15,20.227669214926337,20.46904950703006,19.47456204059194,19.841459274291992,178526390.0
2022-12-16,19.889734122182798,20.37249465018925,19.81249251136518,19.97663116455078,65014016.0
2022-12-19,19.744907467745605,20.17939086298999,19.696630307217095,20.034563064575195,244312130.0
2022-12-20,20.05387373690671,20.662151221062864,20.005596576840123,20.246976852416992,277435154.0
2022-12-21,20.333873748779297,20.575254022573493,20.17939052087784,20.333873748779297,278252910.0
2022-12-22,20.401459103255064,20.44008082945651,19.889734122182798,19.97663116455078,159372286.0
2022-12-23,20.005597072467665,20.160080305337267,19.83180481667841,19.860769271850586,118745466.0
2022-12-26,20.09249425041297,20.266288348905665,19.94766644886419,20.0249080657959,117330000.0
2022-12-27,20.082839333590755,20.13111649640315,19.629045052667013,19.638700485229492,110360582.0
2022-12-28,19.658010199597815,19.899390474773288,19.358697332438776,19.580768585205078,171253612.0
2022-12-29,19.60973170736075,20.15042481296152,19.60973170736075,19.986286163330078,149154324.0
2022-12-30,20.13111508281433,20.275942877910914,19.918699264526367,19.918699264526367,177085824.0
2023-01-02,20.034561555019742,20.893874690241024,20.005595260885173,20.652494430541992,486499972.0
2023-01-03,20.70077403037526,20.84560183496907,20.26628877500838,20.391807556152344,538394274.0
2023-01-04,20.48835649296438,20.893875417028017,20.45939203940753,20.720081329345703,635931870.0
2023-01-05,21.077326268739373,21.241464935082973,20.044218950641277,20.150426864624023,866647706.0
2023-01-06,19.40697355989951,20.469047087954905,18.634555611502282,20.102148056030273,642554238.0
2023-01-09,20.382152120732997,20.440082874245185,19.011112010374912,19.223526000976562,394460080.0
2023-01-10,19.223525397642867,19.464905678217573,18.26765970755727,18.277315139770508,364246360.0
2023-01-11,18.393176241398734,18.711798131134312,17.726968007505924,17.78489875793457,337705588.0
2023-01-12,18.296626209134228,19.213870180640768,17.582138950035105,19.107664108276367,414801698.0
2023-01-13,19.020765127853405,19.764214925265836,18.798693890178562,19.484214782714844,306922616.0
2023-01-16,19.561457104263567,19.860768120397314,19.387663016964847,19.802837371826172,258175824.0
2023-01-17,19.889735176915345,20.18904620450763,19.64835490011197,19.74490737915039,585856016.0
2023-01-18,19.851112875804198,20.034562396524695,19.532490993281915,19.590423583984375,437946594.0
2023-01-19,19.580767254540618,19.831802944653536,19.35869601686577,19.484214782714844,329551582.0
2023-01-20,19.55180210020484,19.94766560033895,19.522835804493077,19.793182373046875,360177906.0
2023-01-23,19.88007904106465,19.89938990450577,18.933868831473337,19.175249099731445,286757786.0
2023-01-24,19.19455839312339,19.262146416123446,18.673177963934513,18.87593650817871,232154028.0
2023-01-25,18.933870785062076,19.11731848192488,18.113177419988652,18.673179626464844,259813290.0
2023-01-26,18.65386699201048,18.914558125885332,18.528350061766286,18.837316513061523,137544994.0
2023-01-27,18.77938587277785,18.933869099321615,18.14214210288849,18.87593650817871,165079042.0
2023-01-30,19.17524998780574,19.358697674236602,18.837317228276454,18.904903411865234,148818666.0
2023-01-31,18.837315762347856,18.885591077844353,18.39317512512207,18.39317512512207,159853092.0
2023-02-01,18.451106844171463,18.47041586450904,17.53386116027832,17.53386116027832,154226026.0
2023-02-02,17.572485457500054,18.28697087900655,17.157311073287467,18.1035213470459,269831934.0
2023-02-03,18.055243511615597,18.962831929443404,17.900760298300856,18.953176498413086,168271286.0
2023-02-06,18.595936220161402,19.532491004708657,18.335245086603763,19.339387893676758,69726500.0
2023-02-07,19.310422954284945,19.435939893190206,17.97800458073688,18.14214324951172,134687304.0
2023-02-08,17.205585479736328,17.205585479736328,17.205585479736328,17.205585479736328,102.0
2023-02-15,19.31042237709557,19.94766616821289,19.31042237709557,19.94766616821289,62867492.0
2023-02-16,21.62767118847719,21.675948346010475,20.189045042519947,21.48284339904785,384571254.0
2023-02-17,21.00008397996143,21.946294218457368,20.806979022821896,21.791810989379883,333189642.0
2023-02-20,21.89802006765598,23.964234747935272,21.753192262871202,23.809751510620117,477892718.0
2023-02-21,23.89664810068475,25.8518280315146,23.838717348205794,24.07044219970703,495619624.0
2023-02-22,23.66492417520987,23.68423504065364,21.849743338375976,21.965606689453125,361012706.0
2023-02-23,21.965604698696083,21.994570994236508,21.338016361336116,21.42491340637207,202404600.0
2023-02-24,21.48284535274782,22.206986207334822,21.3380175501475,21.357328414916992,249785074.0
2023-02-27,21.357327088693168,21.3766361106782,20.691117028198782,21.260774612426758,191187300.0
2023-02-28,21.33801676892085,21.82077732097071,21.260775154256287,21.28973960876465,253337850.0
2023-03-01,21.405602453188013,21.955949175058,21.270430091068455,21.926982879638672,305506860.0
2023-03-02,21.92698160573981,22.062155801591423,21.06766848232873,21.07732391357422,222702640.0
2023-03-03,21.029051060950888,21.318706665886694,20.15042697218213,21.231809616088867,264958290.0
2023-03-06,21.04836037840523,21.666295168005593,20.67180771840682,21.4345703125,441908636.0
2023-03-07,21.56008515624526,21.917328758081794,21.395946502685547,21.395946502685547,319857418.0
2023-03-08,21.376635688356913,21.395946551545748,20.72973650421315,20.76835823059082,219233036.0
2023-03-09,20.942151264706443,21.318703870057295,20.749046325683594,20.749046325683594,370330718.0
2023-03-10,19.918698840212173,20.015251315414883,19.65800955122574,19.677318572998047,349036218.0
2023-03-13,19.77387047064577,19.841456648838022,19.262145497712865,19.271799087524414,216813312.0
2023-03-14,19.27179955694263,19.658009455880265,19.136627197265625,19.136627197265625,266809828.0
2023-03-15,19.175249452314,19.3490435433091,18.566970133831138,18.624902725219727,179517850.0
2023-03-16,18.924213399752777,19.28145516548701,18.76007474367385,19.175249099731445,187140418.0
2023-03-17,19.271801468141156,19.3490449288572,18.34490203857422,18.34490203857422,195672856.0
2023-03-20,18.325589905083806,18.325589905083806,17.833173926611856,17.871795654296875,239213448.0
2023-03-21,17.958692700002825,18.142142223335984,17.79455404051218,17.871795654296875,179649746.0
2023-03-22,17.958692809314186,18.01662355960899,17.70765710258958,17.910415649414062,210472882.0
2023-03-23,17.910415649414062,18.402831630883256,17.83317403515921,17.910415649414062,299823754.0
2023-03-24,17.949037377334164,18.10352060584387,17.900762059019385,17.910415649414062,251514240.0
2023-03-27,18.016625056024175,18.267660783599176,17.95869430091779,18.045591354370117,220716018.0
2023-03-28,18.074554387214388,18.08420981923571,17.282827377319336,17.282827377319336,159692880.0
2023-03-29,17.234550166816568,17.755930547634293,17.147653129749422,17.53386116027832,314856654.0
2023-03-30,17.57248404520873,17.755931720840362,17.321448348381715,17.340757369995117,147855370.0
2023-03-31,17.36006830662,17.48558707635704,17.070412723755776,17.089723587036133,125670990.0
2023-04-03,17.031793160273207,17.14765651308499,16.587654297929998,17.04144859313965,167457638.0
2023-04-04,17.041445507004312,17.36006736755371,16.95454846852855,17.36006736755371,163699062.0
2023-04-05,17.389036034128235,17.56283013479883,17.070414130093955,17.09937858581543,152066486.0
2023-04-06,17.089724474376126,17.195930544762,16.790411602745387,16.819377899169922,126.0
2023-04-07,16.81937746605634,17.03179144294363,16.809722034163467,16.82903289794922,110519476.0
2023-04-10,16.92558390709416,17.321447372436523,16.92558390709416,17.321447372436523,143499452.0
2023-04-11,17.350412401292317,17.66903427037831,17.311792517371256,17.47593116760254,186215008.0
2023-04-12,17.52420702729347,17.717311977653324,17.45662084714311,17.50489616394043,169170842.0
2023-04-13,17.524208068847656,17.833174534518662,17.48558818143148,17.524208068847656,174914066.0
2023-04-14,17.543516906041447,17.67868925875581,17.23455047607422,17.23455047607422,107437780.0
2023-04-17,17.26351774320042,17.282828608618857,16.935242239014475,16.96420669555664,91816894.0
2023-04-18,16.983517770843054,17.099379281614404,16.684206719500636,16.751792907714844,106577236.0
2023-04-19,16.780756170603873,16.85799778615059,16.62627293951044,16.819377899169922,90207410.0
2023-04-20,16.780756913025474,16.780756913025474,16.61661824252863,16.635929107666016,29007748.0
2023-04-24,16.664893350767194,16.761445822964756,16.404202228309348,16.47178840637207,121277732.0
2023-04-25,16.59730822156692,17.099377793868975,16.433169560933933,16.491100311279297,309901362.0
2023-04-26,16.462133194481975,16.510410352017047,15.824889447701077,15.882822036743164,172834108.0
2023-04-27,15.83454528333137,16.075925552411377,15.7090283537073,15.747648239135742,146553460.0
2023-04-28,16.17247801772027,16.326961242503014,15.853856136407702,15.99868392944336,289206366.0
2023-05-02,16.027651053288295,16.11454810191919,15.506268761502941,15.564201354980469,148475146.0
2023-05-03,15.477303043670904,15.525578359378352,14.801437574255136,15.110404014587402,169112438.0
2023-05-04,15.042818597749829,15.235922632736521,14.869024505865468,14.926956176757812,149029342.0
2023-05-05,14.926956355236197,14.965577162695316,14.405574994141745,14.463505744934082,119015074.0
2023-05-08,14.589024320091804,14.926957092647942,14.511782701357726,14.782129287719727,146956916.0
2023-05-09,14.782127819208215,14.830403135526618,14.463505022592404,14.52143669128418,101916532.0
2023-05-10,14.511781505318941,14.560057743247068,14.202815055847168,14.202815055847168,94004886.0
2023-05-11,14.202815213463532,15.235922480944215,14.202815213463532,15.013853073120117,312567148.0
2023-05-12,15.033162934140874,15.110404546945256,14.531092450912391,14.869024276733398,142841544.0
2023-05-15,13.382122336088432,15.342130864511898,13.382122336088432,14.627644538879395,210861818.0
2023-05-16,14.62764450204742,15.776615142822266,14.62764450204742,15.776615142822266,224991836.0
2023-05-17,15.737992894947176,15.9600641433412,15.535234351752784,15.766959190368652,120553466.0
2023-05-18,15.75730383061021,15.921442488911788,14.975232266507549,15.013853073120117,120682312.0
2023-05-22,15.052473068237305,15.303508758081716,14.859369045584916,15.052473068237305,119582040.0
2023-05-23,15.023508796990544,15.149025730326626,14.897990942861783,14.965577125549316,71739908.0
2023-05-24,14.955921173095703,15.081439022856873,14.782128006404783,14.955921173095703,75968626.0
2023-05-25,14.9559217804968,15.052474259862853,14.811093982240402,14.984888076782227,46641780.0
2023-05-26,15.013853160398316,15.515923649280323,14.975232353561239,15.42902660369873,113968152.0
2023-05-29,15.882823163277438,16.423514474923515,15.583510290086146,16.191789627075195,211378632.0
2023-05-30,16.297994926795052,16.606963217557844,16.191788860881104,16.500755310058594,140215194.0
2023-05-31,16.51041109712974,16.732480507057264,15.950408935546875,15.950408935546875,156794414.0
2023-06-01,16.104891689122425,16.423513567507857,15.98902835080714,16.085580825805664,84649520.0
2023-06-02,16.42351412894548,16.59730822156692,16.191789285978682,16.491100311279297,132634390.0
2023-06-05,16.86765317529957,17.03179183811616,16.635928329250042,16.944894790649414,158820938.0
2023-06-06,16.944894790649414,17.40834632433385,16.819377856300434,16.944894790649414,199650448.0
2023-06-07,17.379378837012208,17.881450223173022,17.311792658410802,17.64006996154785,251761072.0
2023-06-08,17.620759963989258,17.794554055548012,17.340757962792303,17.620759963989258,181248424.0
2023-06-09,17.75593345176156,18.05524633576352,17.543519460624918,17.92972755432129,228885050.0
2023-06-12,18.026279533126626,18.933869909075597,18.026279533126626,18.315935134887695,273610078.0
2023-06-13,18.344901963304245,18.480074335831773,17.84283052022278,18.055246353149414,231868494.0
2023-06-14,18.113176545023883,18.315935097525955,17.514552636597262,17.524208068847656,179755862.0
2023-06-15,17.52420716477231,17.736622980151626,17.39869023516342,17.669034957885742,135854732.0
2023-06-16,17.765588326917616,17.958693288499976,17.611105094285886,17.775243759155273,167143890.0
2023-06-19,17.79455315205511,17.80420858349428,17.17662027263005,17.26351547241211,118925120.0
2023-06-20,17.147655511866365,17.24420799330775,16.800067315311544,16.89661979675293,101286026.0
2023-06-21,16.896618623106775,17.10903259425513,16.462133407592773,16.462133407592773,92973180.0
2023-06-22,16.4621321095024,17.26351445591484,16.375235073251698,17.11868667602539,157781890.0
2023-06-23,17.369724015954045,17.553173536879726,17.20558535861745,17.418001174926758,127436140.0
2023-06-26,17.475932300201322,17.833174076360883,17.46627686819899,17.78489875793457,126526482.0
2023-06-27,17.775244085748668,17.823519406238546,17.640071715108665,17.72696876525879,34898988.0
2023-07-03,17.949038330080008,18.68283462524414,17.949038330080008,18.68283462524414,220534000.0
2023-07-04,18.875936270877816,18.914557997820882,18.422142028808594,18.422142028808594,130778594.0
2023-07-05,18.489729658564205,18.711799081136316,18.142143296759944,18.68283462524414,177671586.0
2023-07-06,18.731108943616874,18.962833786279422,18.518694964905873,18.538005828857422,183039792.0
2023-07-07,18.509039623857788,19.00145560752926,18.460764305327103,18.827661514282227,233745038.0
2023-07-10,19.117315935702976,19.28145458685615,18.962832715980607,19.02076530456543,183112356.0
2023-07-11,19.242835579013356,19.27180003303953,18.83731664837899,19.001455307006836,178101056.0
2023-07-12,19.001455143093732,19.001455143093732,18.673177828669875,18.7117977142334,145478478.0
2023-07-13,18.71179918781374,18.991801206937417,18.518696061618353,18.721454620361328,199399692.0
2023-07-14,18.779386934837824,18.875937575699066,18.605592834750908,18.64421272277832,132635424.0
2023-07-17,18.682834299106084,18.92421458244961,18.644212569810122,18.731109619140625,217928622.0
2023-07-18,18.82766299385556,18.846973859419524,18.045591354370117,18.045591354370117,195993146.0
2023-07-19,18.026279577582695,18.209729107996008,17.77524386269748,18.190418243408203,150299600.0
2023-07-20,18.277315292467907,18.383523206115417,17.958693393110792,18.190418243408203,178839328.0
2023-07-21,18.190417390086257,18.229037275864776,17.85248464199394,17.95869255065918,128619694.0
2023-07-24,17.958692924009544,18.779386231699657,17.8138651265549,18.325590133666992,512579414.0
2023-07-25,18.383521606484727,18.42214149071444,17.89110565185547,17.89110565185547,286067720.0
2023-07-26,17.891106782483675,18.26765942504954,17.8428296221641,18.2000732421875,232552136.0
2023-07-27,18.24834938270147,18.547660423820282,18.24834938270147,18.3062801361084,223337830.0
2023-07-28,18.44145388901692,18.692489602959103,18.431798456759292,18.566970825195312,266385318.0
2023-07-31,18.71179778832725,20.27594275392779,18.71179778832725,20.131114959716797,628702852.0
2023-08-01,20.06352847380888,20.372494921189315,19.63869868786814,19.677318572998047,394950052.0
2023-08-02,19.677318426483467,20.430425517554713,19.59042322519186,19.76421546936035,332750284.0
2023-08-03,19.81249314070684,20.131115025648675,19.42628507435088,19.50352668762207,231566774.0
2023-08-04,19.609733558041132,20.044218801477765,19.484216621929104,19.860769271850586,257993238.0
2023-08-07,19.986287765518334,20.034563084509507,19.63869957570868,19.783527374267578,146624566.0
2023-08-08,19.802838238498197,20.06352938085544,19.64835500782399,19.783527374267578,229924856.0
2023-08-09,19.55180236207371,20.304909486398387,19.339388382098452,20.1214599609375,475408682.0
2023-08-10,20.179390924793708,20.343529587922617,19.2138698102908,19.281455993652344,352258506.0
2023-08-11,19.281456544845657,19.88008046324771,18.97249007402605,19.8124942779541,312027516.0
2023-08-14,20.015251739885564,20.922842079502157,19.889734808569866,20.546289443969727,576945724.0
2023-08-15,20.57525499425745,20.61387672384943,19.82214968306813,20.06352996826172,238497434.0
2023-08-16,20.10214952991696,20.47870217939842,20.02490791357242,20.111804962158203,229137742.0
2023-08-17,20.121460876685205,20.92284335606245,20.05387469096195,20.642841339111328,399502098.0
2023-08-18,20.778015521232433,21.000084943017164,19.947666745672457,20.22766876220703,369998006.0
2023-08-21,20.218011735940106,21.849741019468638,20.11180382885666,21.724224090576172,575468600.0
2023-08-22,21.714570332936624,21.93663975433554,21.202843463048072,21.521467208862305,356269914.0
2023-08-23,21.704914397038422,22.293882871212364,21.463534116355383,21.53112030029297,399379664.0
2023-08-24,21.772500401643974,21.946294496957947,20.526979121202793,20.575254440307617,367830012.0
2023-08-25,20.671805291794286,21.30904903002655,20.42076960073533,21.154565811157227,323822324.0
2023-08-28,21.29939595569137,21.54077624208456,21.13525728728058,21.144912719726562,290040230.0
2023-08-29,21.19318680432727,21.39594533149238,20.739390753192676,20.8359432220459,191278924.0
2023-08-31,20.980772200912178,21.28008505558329,20.76835823059082,20.76835823059082,208440872.0
2023-09-01,20.88421971400256,21.386291107098884,20.84559982923337,21.270429611206055,273432628.0
2023-09-04,21.482844566218738,21.685603114118706,21.231808858162566,21.28973960876465,251713444.0
2023-09-05,21.289741513393654,22.206987380981445,21.058016648669327,22.206987380981445,372328484.0
2023-09-06,22.515951304834328,22.88285034674841,22.13939867270937,22.429054260253906,377459082.0
2023-09-07,22.496639952443967,23.404230264127904,22.448364636097224,23.317333221435547,407870824.0
2023-09-08,23.35595543154387,23.36561086333026,22.89250391372357,22.93112564086914,191831340.0
2023-09-11,23.143540870040137,23.240093351552925,22.2938830842155,22.361469268798828,221971830.0
2023-09-12,22.390434247574056,22.52560660878294,21.820776665929046,22.013879776000977,203871278.0
2023-09-13,22.091122208135623,22.17801925544755,21.154567393489216,21.202842712402344,214259882.0
2023-09-14,21.30905036395356,21.33801665989928,20.584909539578597,21.25111961364746,188162460.0
2023-09-15,21.38629241437973,21.820777654499828,21.241464614868164,21.241464614868164,249385124.0
2023-09-18,21.144912876674336,21.193190039262575,20.391807556152344,20.391807556152344,156187474.0
2023-09-19,20.42077211870149,20.633187952027487,20.19870269439291,20.43042755126953,181818062.0
2023-09-20,20.440081577926943,20.488356895861216,19.793182373046875,19.793182373046875,186054898.0
2023-09-21,19.686975320980935,20.18904675233612,19.44559503762772,20.150426864624023,262624856.0
2023-09-22,20.19870062274009,21.029049322573474,20.131114443281145,20.893875122070312,302578680.0
2023-09-25,20.97111832313674,22.728368330230346,20.87456768320936,22.361469268798828,448705028.0
2023-09-26,22.400090964298503,22.438710851894204,21.56974220275879,21.56974220275879,230739888.0
2023-09-27,21.627673437961935,21.811122972498406,21.154568294439837,21.4345703125,177823136.0
2023-09-28,21.444222820424777,21.80146643894488,21.444222820424777,21.540775299072266,142360074.0
2023-09-29,21.60836180803452,21.791811336077135,21.424914121577288,21.49250030517578,162790718.0
2023-10-02,21.502155694029934,21.820777588627692,21.502155694029934,21.618017196655273,216463108.0
2023-10-03,21.68560283622179,21.96560483678351,21.550430472687353,21.589052200317383,294420992.0
2023-10-04,21.598707038459978,21.733879398278425,21.04835848437355,21.058013916015625,240684260.0
2023-10-05,21.26077353790044,21.550429110475076,20.797323885146945,21.366979598999023,252586470.0
2023-10-06,21.193187643818536,21.840086816698967,21.17387678096593,21.69525718688965,262779636.0
2023-10-09,21.386291083023696,21.57939603140806,20.874566100500093,20.893875122070312,189343148.0
2023-10-10,21.231810155730546,21.782156924047808,21.20284385786657,21.762847900390625,233491160.0
2023-10-11,21.801466013443626,22.004226398804597,21.299394607543945,21.299394607543945,173800718.0
2023-10-12,21.492498281559527,21.791809284279392,20.565597138034654,20.951807022094727,252064602.0
2023-10-13,20.85525587142379,20.864911303295095,20.411115213270293,20.4207706451416,133631766.0
2023-10-16,20.66215050521215,20.71042766360615,19.677318572998047,19.677318572998047,182825734.0
2023-10-17,19.8221491694125,20.353185046443375,19.61938877747964,20.32421875,170688120.0
2023-10-18,20.0152510236244,20.17938967660054,19.52283506469599,19.60007667541504,128871520.0
2023-10-19,19.638698297807355,19.8704231287402,19.04007443670857,19.059385299682617,160059956.0
2023-10-20,18.96283409571642,18.98214495998309,18.248348692118196,18.364212036132812,127023858.0
2023-10-23,18.624904304466313,18.78904113589551,18.248349794852928,18.673179626464844,138537892.0
2023-10-24,18.760076419768083,20.20835815871155,18.71179925685202,20.179391860961914,283058740.0
2023-10-25,20.092492381109192,20.362838936011205,18.39317512512207,18.39317512512207,241080482.0
2023-10-26,18.53800390328064,19.126970459943067,18.277312791769234,18.9145565032959,198216692.0
2023-10-27,18.731109490404226,18.789040242364603,18.161451878301847,18.566970825195312,138414852.0
2023-10-30,18.557314851223627,18.9145584679859,18.441453350685023,18.538005828857422,167561992.0
2023-10-31,18.731109404280215,18.79869558818747,18.200073523650016,18.277315139770508,126559782.0
2023-11-01,18.364211037450385,18.470417101970593,17.524206903385313,17.968347549438477,164244438.0
2023-11-02,18.0552467871521,18.267660783599176,17.920072569789866,18.045591354370117,142291222.0
2023-11-03,18.055246353149414,18.21938502332661,17.765588901409128,18.055246353149414,148828192.0
2023-11-06,18.190418629294545,18.489729670413357,18.190418629294545,18.3062801361084,115618682.0
2023-11-07,18.286970138549805,18.44145336712926,18.19041766029131,18.286970138549805,109573428.0
2023-11-08,18.39317756724543,18.547660807247766,18.064900221844102,18.132488250732422,111388376.0
2023-11-09,17.98765756953586,18.22903784838494,17.92007138611178,18.113176345825195,114760074.0
2023-11-10,18.122832565681197,18.663523898160463,18.122832565681197,18.47041893005371,161272826.0
2023-11-13,18.528350138178578,18.740764113923735,17.95869255065918,17.95869255065918,127653100.0
2023-11-14,18.035933967304437,18.422142028808594,17.84282901575971,18.422142028808594,127147646.0
2023-11-15,18.499384793507488,18.83731755896925,18.364212423956953,18.480073928833008,160820534.0
2023-11-16,18.48007349550147,18.624903135578613,18.422142744421837,18.489728927612305,90356922.0
2023-11-17,18.499384793507488,18.67317889240699,18.431798608732223,18.480073928833008,130258346.0
2023-11-20,18.615247623205978,19.233180542952116,18.59593675906757,19.11731719970703,193782582.0
2023-11-21,19.242837181162624,19.909047303012837,19.19456001779059,19.841459274291992,217071572.0
2023-11-22,19.82214870917444,19.87042402720714,19.522835844298598,19.667665481567383,84616866.0
2023-11-23,19.667665821892438,19.696630276579118,18.99180030822754,18.99180030822754,112429494.0
2023-11-24,18.99180037604842,19.609733299375897,18.933869624882814,19.53249168395996,144518588.0
2023-11-27,19.600078828638168,20.05387495285277,19.600078828638168,19.928356170654297,125438764.0
2023-11-28,19.899390892748553,20.25663267622411,19.658010612503023,19.8221492767334,142423900.0
2023-11-29,19.851114012632966,20.16008048106532,19.783527827861565,19.899391174316406,175538680.0
2023-11-30,19.928353687298145,20.0924923378522,19.735250584142644,19.77387046813965,127065124.0
2023-12-01,20.02490645516244,20.17938967660054,19.484215180129098,19.60007667541504,119219186.0
2023-12-04,19.658010657553422,19.69663054485681,19.310422463895968,19.320077896118164,106430006.0
2023-12-05,19.36835365038696,19.58076948087237,19.300767464899945,19.310422897338867,147464274.0
2023-12-06,19.358697987516713,19.426286013784647,18.731109619140625,18.731109619140625,159026836.0
2023-12-07,18.789039053336534,19.26214599609375,18.653866693454635,19.26214599609375,100901528.0
2023-12-08,19.262146882010573,19.320077632969305,18.94352498935949,18.99180030822754,86046734.0
2023-12-11,19.001457132493577,19.03042158930239,18.58628273010254,18.58628273010254,106207704.0
2023-12-12,18.58628114715095,18.702144489274897,18.48972866897855,18.538005828857422,114449164.0
2023-12-13,18.46076493177509,18.538006548996513,18.22903823852539,18.22903823852539,102802542.0
2023-12-14,18.393174280273087,18.972487247547825,18.383520690885398,18.9145565032959,135926964.0
2023-12-15,18.92421484570267,20.22766876220703,18.846973227621657,20.22766876220703,253935792.0
2023-12-18,20.227669023877976,20.700774170942587,20.09249480929847,20.179391860961914,208294590.0
2023-12-19,20.198701041332047,21.019394326595492,20.150425724028146,20.884220123291016,328693046.0
2023-12-20,20.855256981032863,20.855256981032863,20.179391446764384,20.314565658569336,139698278.0
2023-12-21,20.33387456487212,20.816635131835938,20.33387456487212,20.816635131835938,150275996.0
2023-12-22,20.855256803166412,21.02905090144382,20.218013003872848,20.275943756103516,132863036.0
2023-12-25,20.131115874291797,20.160080329498687,19.406975028753138,19.60973358154297,70267560.0
2023-12-26,19.715940949996032,19.92835492917972,19.300766582040563,19.580768585205078,103430716.0
2023-12-27,19.58076953043888,20.015252941777586,19.397319996805855,19.85111427307129,146259336.0
2023-12-28,19.909046561191044,20.285599213534944,19.851113967303203,20.0249080657959,102530590.0
2023-12-29,20.015251782081066,20.22766760079667,19.76421607733511,19.793182373046875,85032972.0
2024-01-02,19.938012811615916,20.546292211105186,19.938012811615916,20.40146255493164,174869698.0
2024-01-03,20.36284054397411,20.36284054397411,19.841458255831544,19.94766616821289,91655718.0
2024-01-04,19.9476669723802,20.43042755126953,19.754562004190287,20.43042755126953,135478264.0
2024-01-05,20.430426641407767,20.71042864865481,20.304909706783995,20.575254440307617,111756182.0
2024-01-08,20.67180632218495,20.980772775324095,20.67180632218495,20.922842025756836,136151256.0
2024-01-09,20.990428398023596,21.15456705794425,20.63318662392799,20.71042823791504,136930602.0
2024-01-10,20.72973771774451,22.01388072961213,20.61387621499945,21.7435359954834,359701714.0
2024-01-11,21.666292805558765,21.898017635797572,21.154565987790622,21.193187713623047,267907790.0
2024-01-12,21.0966373990821,21.386293006119754,20.980774051315773,21.144912719726562,171596746.0
2024-01-15,21.24146331644021,21.627671372058433,21.231807884851595,21.270429611206055,146333548.0
2024-01-16,21.280085437631456,21.589051887858687,21.11594678075008,21.38629150390625,166401716.0
2024-01-17,21.280085309607053,21.289738899731432,20.942152566109588,20.97111701965332,122858160.0
2024-01-18,21.04835989902789,21.280086590841346,20.526979446411133,20.526979446411133,167444494.0
2024-01-19,20.604221372262685,20.739393743193915,20.275944035785045,20.353185653686523,110793980.0
2024-01-22,20.324220117818044,20.633188442584768,20.27594479541554,20.295255661010742,129824864.0
2024-01-23,20.517324167368447,20.70077369909707,20.314565612498985,20.440082550048828,153498680.0
2024-01-24,20.526980643348708,20.633188563157457,20.0055983187445,20.459394454956055,235912360.0
2024-01-25,20.613875585844788,20.845600425847834,20.478701381320683,20.67180633544922,171059490.0
2024-01-26,20.662151746483286,20.96146278016592,20.59456556225676,20.903532028198242,191940196.0
2024-01-29,21.029049206649848,21.289738491470825,21.01939377512533,21.106290817260742,177045334.0
2024-01-30,21.2800856381898,21.357327251474587,20.91318659389807,20.922842025756836,155385472.0
2024-01-31,20.93249804244363,21.154567456643566,20.797325675815035,20.826290130615234,166307930.0
2024-02-01,20.874565985428063,21.222152312384452,20.864910553903545,21.106290817260742,212889606.0
2024-02-02,21.19318782849177,21.299393891936088,20.90353040793436,20.980772018432617,239157502.0
2024-02-05,21.038705217490307,21.26077462391331,20.961461763167197,21.00973892211914,176130514.0
2024-02-06,21.07732537308553,21.502155169378508,20.864911395731706,21.338016510009766,303763708.0
2024-02-07,21.48284528030356,21.975261280752456,21.48284528030356,21.7338809967041,321790932.0
2024-02-08,21.801466553312952,22.07181312662706,21.569741708294593,21.955949783325195,279540794.0
2024-02-09,22.18767620170471,22.54491984743155,22.18767620170471,22.380781173706055,242384076.0
2024-02-12,22.67043591168862,22.68009134407311,22.197330774361244,22.40009117126465,197502782.0
2024-02-13,22.458022341768437,22.931127487896894,22.226297484986258,22.264917373657227,413752274.0
2024-02-14,22.29388260962395,22.515952023266166,21.84974194075414,22.496641159057617,272179478.0
2024-02-15,22.689745125079607,22.863539212180672,22.515951037978542,22.72836685180664,293333436.0
2024-02-16,22.844229086162084,24.35527012380134,22.75733203980677,23.713197708129883,670126990.0
2024-02-19,23.983544784258754,24.080097264640777,23.07595441520438,23.326990127563477,345804584.0
2024-02-20,23.452508818370024,23.954578399658203,23.32699004185894,23.954578399658203,329760648.0
2024-02-21,24.5725138465191,24.62078916707527,23.11457669838047,23.481473922729492,651323414.0
2024-02-22,23.568369683216055,23.57802511511598,23.075953705831843,23.259403228759766,307524748.0
2024-02-23,22.86353860110525,22.892503053791103,22.4483642578125,22.4483642578125,307203412.0
2024-02-26,22.48698723306986,22.50629625540498,22.004226684570312,22.004226684570312,260505144.0
2024-02-27,22.00422486843176,22.77664094564484,21.955947712615195,22.670433044433594,537585346.0
2024-02-28,22.72836508489081,23.578022749394464,22.25525817719071,22.641468048095703,972826256.0
2024-02-29,22.718713418867434,22.940782842329178,21.955950823169978,21.975261688232422,509331824.0
2024-03-01,22.062158968886145,22.419400768329595,21.994572782050113,22.178020477294922,370724344.0
2024-03-04,22.255260358336496,22.660779289261846,21.984915632109814,22.21664047241211,438864056.0
2024-03-05,22.303537861328362,22.438710226524147,21.917329788208008,21.917329788208008,242060306.0
2024-03-06,21.898018781635095,22.11043276007248,21.260775004737596,21.376636505126953,265443154.0
2024-03-07,21.49249994633371,22.0428466796875,21.46353365030996,22.0428466796875,245728436.0
2024-03-08,22.0428471348343,22.26491655084568,21.869053038273954,22.158710479736328,258663076.0
2024-03-11,22.467677648755437,22.57388372319608,22.033192393726384,22.100778579711914,251909314.0
2024-03-12,22.28422770286002,22.303538567523816,21.77250083878193,21.859397888183594,295771686.0
2024-03-13,21.84974341107083,21.89802057484088,21.46353530883789,21.46353530883789,240473720.0
2024-03-14,21.521466754078034,21.743536170784257,21.328361792498907,21.405603408813477,177433518.0
2024-03-15,21.589053549503728,21.869053725978443,21.309051531443565,21.4345703125,145841218.0
2024-03-18,21.47318771307436,21.579395616803716,21.28008460998535,21.28008460998535,167190204.0
2024-03-19,21.280084400494808,21.48284293298001,21.241462675306074,21.366979598999023,149797622.0
2024-03-20,21.376636083161287,21.56974103544553,21.135255813598633,21.135255813598633,163962130.0
2024-03-21,21.28973773210781,21.511808966080388,21.144909947576267,21.164220809936523,255461090.0
2024-03-22,21.23180935865742,21.35732813643702,20.845601276230564,20.903532028198242,156785984.0
2024-03-25,20.85525466105031,21.357326039707676,20.739391326904297,20.739391326904297,202412378.0
2024-03-26,20.75870354630098,20.835945160251708,20.044218156860396,20.333873748779297,246038548.0
2024-03-27,20.372496391709518,20.488357897047607,20.18904685974121,20.18904685974121,131759980.0
2024-03-28,20.275942998712583,20.52697870444879,20.266287566770576,20.333873748779297,126430314.0
2024-03-29,20.42077211870149,20.507669170228404,20.31456604362395,20.43042755126953,134363690.0
2024-04-01,20.430427171743595,20.49801335687891,19.928355737044917,19.938011169433594,142733786.0
2024-04-02,20.169737655786808,20.198703955299155,18.779388427734375,18.779388427734375,209911148.0
2024-04-03,18.76973137419398,18.97248992851979,18.451109473406703,18.480073928833008,143711818.0
2024-04-04,18.509038003484587,19.320075806578217,18.499382572306665,19.030418395996094,184097694.0
2024-04-05,19.06904085625478,20.111803523085303,19.06904085625478,19.97663116455078,218817008.0
2024-04-08,20.082838191361308,20.324218466938177,19.889735075851025,20.246976852416992,164648494.0
2024-04-09,20.246976852416992,20.246976852416992,20.246976852416992,20.246976852416992,0.0
2024-04-15,20.246977199413966,20.34352967961652,19.938010736034098,19.94766616821289,133819962.0
2024-04-16,19.84015647409518,20.133361886468766,19.742423200780017,19.801063537597656,128332462.0
2024-04-17,20.0258544505955,20.182229935816775,19.537180593243313,19.605594635009766,121225148.0
2024-04-18,19.72287757999477,19.928119709446218,19.546954689526174,19.76197052001953,124755440.0
2024-04-19,19.54695427619962,20.24087025821615,19.53718057536438,20.143136978149414,170913596.0
2024-04-22,20.27019086895762,20.58294183152648,20.27019086895762,20.319059371948242,150513424.0
2024-04-24,20.47543403625422,20.622035811091052,20.29951116079294,20.37769889831543,108882036.0
2024-04-25,20.387474834021823,20.57316956591008,20.22132564055034,20.328832626342773,139652856.0
2024-04-26,20.397246272733685,21.012974471920664,20.38747257253799,20.915239334106445,262320532.0
2024-04-29,21.042296026888838,21.443008422851562,20.91523978574393,21.443008422851562,188386342.0
2024-04-30,21.37459574164373,21.394141279555807,20.98365515711644,21.04229736328125,137678860.0
2024-05-02,21.169350838505007,21.941456409204566,21.14980343729021,21.80462646484375,264264702.0
2024-05-03,21.71666543548767,21.882814620679774,21.35504782686785,21.589611053466797,190218882.0
2024-05-06,21.677571721007844,21.687345421451028,21.34527336251063,21.482101440429688,145052904.0
2024-05-07,21.540744117994656,22.400809270386226,21.511423016018668,22.215112686157227,342279970.0
2024-05-08,22.224886104738676,22.449675624606517,22.03918952286653,22.09783172607422,170226826.0
2024-05-09,22.33239624919952,22.537638379970584,21.863269781028905,22.234661102294922,233046066.0
2024-05-10,22.52786304016932,23.290194893601033,22.47899640234306,22.889482498168945,410894484.0
2024-05-13,23.006765324877527,23.358609222716353,22.635372161865234,22.635372161865234,268129136.0
2024-05-14,22.64514517533251,23.12404530119843,22.430129362946598,22.73310661315918,233547608.0
2024-05-15,22.781973058288134,22.781973058288134,21.882813151297363,21.95122718811035,237682706.0
2024-05-16,22.029416720729873,22.322620267343535,21.824172746786157,22.283525466918945,185021572.0
2024-05-17,22.322622348878287,22.90903136092963,22.303074946843243,22.89925765991211,293333360.0
2024-05-20,22.899257590371793,23.730003532909823,22.899257590371793,23.436798095703125,325440340.0
2024-05-21,23.48566513623047,24.07207224579366,23.084952741429014,23.42702293395996,632573160.0
2024-05-22,23.534532747383448,24.00365920009447,23.368383562363775,23.612720489501953,320168958.0
2024-05-23,23.661586438309627,24.14048844196129,23.65181460195513,23.7104549407959,279972428.0
2024-05-24,23.69090817447267,24.18935572832932,23.602946731783685,24.15026092529297,284185376.0
2024-05-27,24.238222086337505,24.34573092929543,23.993885162627883,24.03297996520996,290808934.0
2024-05-28,24.07207318336307,24.506994478499863,23.915697699503276,24.15026092529297,305348742.0
2024-05-29,24.189355660121635,24.218676762316225,23.739776611328125,23.739776611328125,193523540.0
2024-05-30,23.739776080969374,24.052527040820074,23.60294613792762,23.91569709777832,214938820.0
2024-05-31,23.984112670673372,24.26754252507655,23.260873755812327,23.42702293395996,276176252.0
2024-06-03,23.524758751299146,24.35550466596932,23.32929033052797,24.238222122192383,325692702.0
2024-06-04,24.277315412366864,24.824629566228648,23.97433816735407,24.023204803466797,324092816.0
2024-06-05,24.052527206546557,24.189355286388317,23.39770418079377,23.78864288330078,300175008.0
2024-06-06,23.857056271293168,24.27731606405754,23.67135969362322,23.72022819519043,210765226.0
2024-06-07,23.798416091768903,23.905923067646025,23.290194856947583,23.42702293395996,140512222.0
2024-06-10,23.36838405053003,23.39770515349054,22.64514695478972,22.694013595581055,119415122.0
2024-06-11,22.70378656969412,23.06540603805826,22.51809184931788,22.586505889892578,143249070.0
2024-06-12,22.596278278960803,23.456343382773035,22.527862378214525,23.35860824584961,199171476.0
2024-06-13,23.544306391371965,24.414145253359926,23.544306391371965,24.15026092529297,241817894.0
2024-06-14,24.247994595818827,25.435472135845092,24.228449059630737,25.21556854248047,370220710.0
2024-06-20,25.606508909817848,26.461688094689627,25.02009995307723,26.31508445739746,272302428.0
2024-06-21,26.290651862014236,26.339520363836016,25.484341155453585,25.6798095703125,191389428.0
2024-06-24,25.60650891988067,26.144049376354243,25.411038646176088,26.046314239501953,250171890.0
2024-06-25,26.021881811959403,26.14405027117048,25.435472834917682,25.655376434326172,170814710.0
2024-06-26,25.72867983433658,25.948581583096473,25.04453567511531,25.435474395751953,233238526.0
2024-06-27,25.533208136288625,26.217352257846287,25.1667027563419,25.89971351623535,311196978.0
2024-06-28,26.070747740212564,26.608290064592403,25.850846010933633,26.021881103515625,339721510.0
2024-07-01,26.217352826808522,26.55942303086811,25.044534839869698,25.28887176513672,330725628.0
2024-07-02,25.288871421797182,25.63094348535536,24.824630897264136,25.068967819213867,246142528.0
2024-07-03,25.240003737658167,27.048095393883294,25.215568555161045,26.82819366455078,442655566.0
2024-07-04,26.828195387961753,27.17026559518326,26.6082917803602,26.852628707885742,429737096.0
2024-07-05,26.950363667285206,27.41460233509239,26.75489338094538,26.87706184387207,345199634.0
2024-07-08,27.0236627693229,27.46346996756474,26.657157392168948,26.730459213256836,302058536.0
2024-07-09,26.828194677884888,26.999229776968757,26.461689296297077,26.681591033935547,259297716.0
2024-07-10,26.7304600611886,27.26800055240892,26.559423094605553,26.87706184387207,291696116.0
2024-07-11,27.096964939099216,27.268000038314874,26.92592797574079,26.950363159179688,253957852.0
2024-07-12,26.999229431152344,27.219133030116975,26.901494291152204,26.999229431152344,221257976.0
2024-07-16,27.09696455771626,27.8055419921875,27.023662736716815,27.8055419921875,314193688.0
2024-07-17,27.756674180012567,27.9521444647742,27.41460211375111,27.707807540893555,307333854.0
2024-07-18,27.854410240312273,28.147613812974207,27.170266085243952,27.316869735717773,281409608.0
2024-07-19,28.098747069129274,28.440819145408113,26.80376058898183,28.123180389404297,752945908.0
2024-07-22,28.123179661804265,29.442599428090837,28.025444519089927,29.0272274017334,644116678.0
2024-07-23,29.002792041028016,29.149395686276627,28.416384916604716,28.514118194580078,330994508.0
2024-07-24,28.489683528064237,28.75845375807431,28.123178160557043,28.172046661376953,226930494.0
2024-07-25,28.172048255908994,28.367516677824018,27.390168975820483,27.683374404907227,230929516.0
2024-07-26,27.683373877303158,27.854408976236982,27.46347027571484,27.487903594970703,168393228.0
2024-07-29,27.243567020596483,27.341302163005658,26.901494954235773,27.170265197753906,171064074.0
2024-07-30,27.243567910480863,27.536771483142797,27.072532803785208,27.316869735717773,202263280.0
2024-07-31,27.268000680177625,27.585639430932495,27.145832216678496,27.390169143676758,189991842.0
2024-08-01,27.634505692839937,28.269781321521002,27.56120573422835,27.976577758789062,234768878.0
2024-08-02,27.561205793641573,27.73224089491344,26.803759837356136,26.9014949798584,217092502.0
2024-08-05,25.166703341568308,25.777545655684044,24.384825925157287,24.482559204101562,314075736.0
2024-08-06,24.971231681060193,25.117835319693633,24.140487670898438,24.140487670898438,207837616.0
2024-08-07,24.29686536203008,24.873500676553608,24.267544258800065,24.62916374206543,267855428.0
2024-08-08,24.555859480878173,25.533207121908152,24.53142616268096,25.508773803710938,192319324.0
2024-08-09,25.655377354991366,25.826412458367514,24.67802964622979,24.726896286010742,156741222.0
2024-08-12,24.922366888180022,25.142270498257236,24.042754312014,24.101394653320312,202171674.0
2024-08-13,24.140487670898438,24.335956082171855,23.7886419208065,24.140487670898438,238349172.0
2024-08-14,24.267543761719633,24.53142809295592,24.062301635742188,24.062301635742188,200145184.0
2024-08-15,24.130715021787836,24.482558923062523,23.993885077379495,24.365278244018555,225260074.0
2024-08-16,24.653597200117645,24.751332347286315,23.759323120117188,23.759323120117188,270930868.0
2024-08-19,23.876604119183856,24.081846237182617,23.573626860362598,24.081846237182617,221615682.0
2024-08-20,24.03298021087658,24.365278579649868,23.945018768310547,23.945018768310547,186746618.0
2024-08-21,23.984113448948357,24.228450373909237,23.82773610196202,23.90592384338379,187097716.0
2024-08-22,24.091619169973058,24.40437011932469,24.003657732450073,24.140487670898438,186190842.0
2024-08-23,24.19912744882838,24.26754148440074,23.54430446469733,23.573625564575195,171555590.0
2024-08-26,23.70068191382713,23.730003016152143,22.821069349647672,22.869935989379883,168927882.0
2024-08-27,22.86993582193539,23.172913087170997,22.82106918256096,23.16314125061035,170228774.0
2024-08-28,23.163139550022215,23.456343093028,23.11427105009281,23.2413272857666,109731808.0
2024-08-29,23.290195380136495,23.984113209450395,23.260874278342573,23.622493743896484,244786000.0
2024-09-02,23.73977748042401,24.14048990437247,23.720230078245333,24.09162139892578,155635408.0
2024-09-03,24.14048786188287,24.20890189957695,23.632266633094392,23.681133270263672,124206972.0
2024-09-04,23.43679724630667,23.583399027525452,23.094725180700994,23.29019546508789,125007752.0
2024-09-05,23.446570012548882,23.749547263545832,23.30974193741659,23.47589111328125,135860298.0
2024-09-06,23.41725079326342,23.466119298410348,23.084954278978625,23.10449981689453,86437764.0
2024-09-09,23.01653769345894,23.10449913598826,22.791748168836367,22.830842971801758,122400656.0
2024-09-10,22.87970838815606,23.12404530119843,22.73310661315918,22.73310661315918,187504656.0
2024-09-11,22.713560338965863,23.534532556627276,21.990323264196107,23.16314125061035,190499684.0
2024-09-12,23.20223435915878,23.260874699665994,22.33239549575433,22.869935989379883,175720614.0
2024-09-13,22.899255999663378,23.212006952977504,22.723333122388503,23.18268585205078,151730004.0
2024-09-16,23.192459311433886,23.524757661913874,23.163140074954462,23.270647048950195,212788186.0
2024-09-17,23.358608415744428,23.710454165570773,23.358608415744428,23.60294532775879,161798832.0
2024-09-18,23.583397400391824,23.837508006905345,23.319514958061674,23.573625564575195,141466452.0
2024-09-19,23.847283658332465,24.160034626052056,23.749548514884392,24.15026092529297,159774010.0
2024-09-20,24.13071482132559,24.72689564048911,24.11116742026639,24.287090301513672,190839036.0
2024-09-23,24.433690642278584,24.555859095489975,24.023204564922597,24.11116600036621,136735208.0
2024-09-24,24.555861196408355,25.068968370967426,24.433692732744632,24.995668411254883,213345976.0
2024-09-25,25.068967496289044,25.386606236389156,24.922365717836204,25.117835998535156,204642258.0
2024-09-26,25.264438472772586,25.582075357477688,24.775764621709836,25.02010154724121,205775270.0
2024-09-27,25.11783746558598,25.70424461364746,25.044535640006863,25.70424461364746,223989992.0
2024-09-30,25.82641185456604,26.412820838941762,25.801978535246796,26.14405059814453,206545742.0
2024-10-01,25.899712659923217,26.021881115866254,25.11783528754488,25.753110885620117,173120122.0
2024-10-02,25.63094404947768,25.704244009190223,24.995668411254883,24.995668411254883,161714434.0
2024-10-03,25.04453330039978,25.435471983967727,24.296862951567164,24.433691024780273,163118342.0
2024-10-04,24.580294206224362,24.580294206224362,24.08184665706731,24.506994247436523,197002200.0
2024-10-07,24.726896549648753,24.87350019884033,24.218677152422643,24.26754379272461,146430780.0
2024-10-08,24.091620737405297,24.120941839868195,23.231555570731352,23.28042221069336,232656698.0
2024-10-09,23.290193921553346,23.34883425732597,23.045857014334302,23.2413272857666,147752986.0
2024-10-10,23.329290065025194,23.60294622381901,23.12404608178706,23.212007522583008,208530690.0
2024-10-11,23.788643163322536,24.26754331254872,23.534532537666085,23.90592384338379,304171280.0
2024-10-14,23.95479153020095,23.993884467507687,23.32928962015125,23.593172073364258,254364844.0
2024-10-15,23.51498643175922,23.769097071415096,23.251103955012223,23.671361923217773,218792780.0
2024-10-16,23.583398894554477,24.1600341796875,23.505211154069123,24.1600341796875,204976050.0
2024-10-17,24.023206062505494,24.208902644922897,23.808190242540928,23.954792022705078,199415508.0
2024-10-18,24.02320482189892,24.27731543099396,23.48566436767578,23.48566436767578,194496812.0
2024-10-21,23.495440724482265,23.690909155328423,23.15336864032287,23.221782684326172,125114878.0
2024-10-22,23.27064932600199,23.51498626266686,22.781975452672256,23.221782684326172,193603010.0
2024-10-23,23.387931166041238,23.554080352496726,22.234660561719945,22.576732635498047,220041376.0
2024-10-24,22.694012904127323,22.967670930992256,22.694012904127323,22.791748046875,92095476.0
2024-10-25,22.791748080450628,23.192460488577886,22.645146298184546,23.16314125061035,93373928.0
2024-10-28,23.270647376385767,23.427022853618706,23.15336670053243,23.387929916381836,42635956.0
2024-10-30,23.38793036251864,23.5638532437972,23.31951632294204,23.378156661987305,145297340.0
2024-10-31,23.368382634754596,23.583398451009714,22.96767023928571,23.260873794555664,182262144.0
2024-11-01,23.309742257704418,23.642040613999686,23.309742257704418,23.42702293395996,160003700.0
2024-11-04,23.319515622849437,23.387929660372127,22.83084179580996,22.9383487701416,97754528.0
2024-11-05,23.036086361342566,23.3977058520811,22.928577511420286,23.33906364440918,111208424.0
2024-11-06,23.212007675396478,23.9547921447063,22.90903041296181,23.827735900878906,247302346.0
2024-11-07,23.847283338576037,24.24799574361166,23.759321897066485,24.199129104614258,143820804.0
2024-11-08,24.14048745774477,25.068966597416377,24.091618957250883,24.97123146057129,155703152.0
2024-11-11,24.971233921712113,25.337739322896592,24.775765492899442,24.897933959960938,127493624.0
2024-11-12,24.92236571450153,24.99566753578952,24.555860336347095,24.580293655395508,120643456.0
2024-11-13,24.458126068115234,24.824631459338168,24.189355820713644,24.458126068115234,184381314.0
2024-11-14,24.53142614098243,25.117835097910262,24.482557640488544,24.97123146057129,124743842.0
2024-11-15,24.99566753578952,25.093400811983166,24.506993698250273,24.580293655395508,86981482.0
2024-11-18,24.65359478832325,24.946798337003074,24.40437009421697,24.678028106689453,169584464.0
2024-11-19,24.922367677979803,24.995669505042788,24.14049022197485,24.208904266357422,161734990.0
2024-11-20,24.27731727681224,24.384826121487897,23.37815730862872,23.446571350097656,138632806.0
2024-11-21,23.602945822091304,24.404370612020358,23.53453178355727,24.335956573486328,188362382.0
2024-11-22,24.32618372081936,24.60472766692471,24.19912933970612,24.482559204101562,216333010.0
2024-11-25,24.65359600333744,25.02010138932122,24.458125718488972,24.77576446533203,174952674.0
2024-11-26,24.775764633362797,24.775764633362797,24.32618372081936,24.482559204101562,112239100.0
2024-11-27,24.726894768861396,24.86372470730976,24.06229993356053,24.140487670898438,106717777.0
2024-11-28,24.120939687909733,24.726894171606585,24.06229935235838,24.648706436157227,136396331.0
2024-11-29,24.64870789632927,25.352399421202325,24.492332416166985,25.19602394104004,197071533.0
2024-12-02,25.098288518847262,25.684697494960492,25.02010077964168,25.45013427734375,156157890.0
2024-12-03,25.469679690501067,25.762885109206906,25.254663874764308,25.411039352416992,141492381.0
2024-12-04,25.508773803710938,25.762884414075856,25.43058606699425,25.508773803710938,146054480.0
2024-12-05,25.60650942567544,25.704242700315532,25.235116271129296,25.33285140991211,104054737.0
2024-12-06,25.508774286892628,25.60650942567544,25.33285140991211,25.33285140991211,131239481.0
2024-12-09,25.958354173678043,27.228907291573705,25.880166432895447,26.38838768005371,516943996.0
2024-12-10,26.290652299129206,26.486122581380798,25.430587158336305,25.567415237426758,248485583.0
2024-12-11,25.62605627051232,25.684698475261747,25.196024620540086,25.469680786132812,177046026.0
2024-12-12,25.606508543901317,26.036540157108966,25.606508543901317,25.72378921508789,167697507.0
2024-12-13,25.48922661834807,25.95835304260254,25.391491480592713,25.95835304260254,147167381.0
2024-12-16,26.056089784627368,26.114730125233976,25.450135248692487,25.469680786132812,96680918.0
2024-12-17,25.489227497354676,25.801978457643003,25.27421167819214,25.567415237426758,138114217.0
2024-12-18,25.606510042501732,25.606510042501732,24.981006257709822,25.19602394104004,112695782.0
2024-12-19,24.98100691398589,25.117836860829627,24.668255945445036,24.726896286010742,126600991.0
2024-12-20,24.765990605245346,24.863725747040412,24.472787044002924,24.53142738342285,135020019.0
2024-12-23,24.629163098628513,24.82463152262672,24.27731732563179,24.39459800720215,100428642.0
2024-12-24,24.39459874614499,24.531428697645588,24.003660022163732,24.296865463256836,115614813.0
2024-12-25,24.707350142197917,24.707350142197917,24.472786921549105,24.492332458496094,92731054.0
2024-12-26,24.609614303404673,24.805082716333988,24.023205336331287,24.21867561340332,170870702.0
2024-12-27,24.25776895737334,24.55097437790133,24.218676019788592,24.375051498413086,129319532.0
2024-12-30,24.414144516527,24.472786719311674,24.042753219604492,24.042753219604492,93895290.0
2024-12-31,24.023207207253726,24.35550558566988,23.8472843170166,23.8472843170166,129517619.0
2025-01-02,23.945018768310547,24.042753911622007,23.749548481687622,23.945018768310547,120042510.0
2025-01-03,24.06230090218789,24.375051864129304,24.023206099873825,24.1600341796875,192518694.0
2025-01-06,24.296864943198468,24.335957882688394,24.08184725150393,24.101394653320312,157062603.0
2025-01-07,24.081846737166455,24.12094153996424,23.53453254699707,23.53453254699707,194578399.0
2025-01-08,23.593173683506635,23.671361427598857,23.10449981689453,23.10449981689453,179953540.0
2025-01-09,23.202234589299565,23.378157476708978,23.08495390712184,23.319517135620117,143878931.0
2025-01-10,23.35860795731185,23.593171164545012,23.163139550022215,23.2413272857666,168118400.0
2025-01-13,23.202234577851495,23.22178197958575,22.51809229443812,22.576732635498047,155856367.0
2025-01-14,22.6940125843967,22.850388064932723,22.224886142788627,22.30307388305664,138026772.0
2025-01-15,22.361715239034556,22.459450384849394,22.088059067724444,22.322622299194336,131907730.0
2025-01-16,22.57673333174661,22.635373674614957,22.244434948587813,22.4789981842041,140909239.0
2025-01-17,22.49854477145629,22.654920256201926,22.45944996819847,22.53763771057129,171252235.0
2025-01-20,22.61582587249599,22.713561018310823,22.263981957362578,22.322622299194336,174810791.0
2025-01-21,22.263981435850617,22.4985446618261,22.127151489257812,22.127151489257812,156252861.0
2025-01-22,22.166245318350285,22.303073394788115,22.048962778444483,22.10760498046875,153562668.0
2025-01-23,22.205337442611512,22.38126031395825,22.127149706917702,22.166244506835938,209526706.0
2025-01-24,22.205339924901825,22.772201538085938,22.127152180467565,22.772201538085938,223507422.0
2025-01-27,22.59627914428711,22.79174756147675,22.400808862954708,22.59627914428711,203826237.0
2025-01-28,22.69401262378584,22.830842567599433,22.518091605984555,22.674467086791992,159958146.0
2025-01-29,22.772199623146914,22.811294424147956,22.400808334350586,22.400808334350586,147655993.0
2025-01-30,22.478996072209956,22.654918948429216,22.381260933850065,22.400808334350586,196800223.0
2025-01-31,22.439901966429844,22.518091570854356,21.873040383351537,21.931682586669922,144801922.0
2025-02-03,21.618933535509587,21.658026477032813,20.993429693851546,21.188899993896484,207918792.0
2025-02-04,21.306178682661496,21.75575958490686,21.227990942811356,21.521196365356445,221157641.0
2025-02-05,21.48210074228146,21.57983587939424,21.110709458224136,21.208444595336914,174105453.0
2025-02-06,21.306178012752206,22.088057250812483,21.286632476511294,21.99032211303711,189513165.0
2025-02-07,22.029417369084715,22.928575435601406,21.951227765934316,22.889482498168945,286916962.0
2025-02-10,22.674467171983395,22.909030394075845,22.18579332658843,22.3421688079834,227219906.0
2025-02-11,22.342169196529333,22.869935989379883,22.06851116725765,22.869935989379883,222178920.0
2025-02-12,22.869935989379883,23.241329162258797,22.674467566308234,22.869935989379883,276503829.0
2025-02-13,22.850388386866484,23.104499012353322,22.654919965513933,22.791748046875,184322025.0
2025-02-14,22.811294555664062,23.182685846601608,22.674466479656978,22.811294555664062,224378431.0
2025-02-17,22.81129596868068,23.299969829425095,22.791748566856622,22.987218856811523,162200035.0
2025-02-18,22.948123442236188,23.22178146805913,22.674467280556033,23.124046325683594,200108994.0
2025-02-19,23.182685371114914,23.260873107821403,22.244432530637045,22.283525466918945,230298182.0
2025-02-20,22.28352688325948,22.811295537680262,22.28352688325948,22.459449768066406,131089198.0
2025-02-21,22.47899559937666,22.752653608199566,21.501647964621153,21.87303924560547,212580528.0
2025-02-24,22.107606591625064,22.12715212958153,21.48210277344658,21.618932723999023,111915772.0
2025-02-25,21.579836294819827,21.67757143381407,21.36482048034668,21.36482048034668,118321907.0
2025-02-26,21.384366989135742,21.579837276011865,21.227991505291968,21.384366989135742,127865316.0
2025-02-27,21.40391374359819,22.107605263764952,21.40391374359819,21.85349464416504,224927754.0
2025-02-28,21.73621198012119,22.244433216453647,21.56028910107205,21.81439971923828,310004171.0
2025-03-03,21.95122731226988,22.36171339961228,21.873039574878124,21.99032211303711,214053868.0
2025-03-04,21.99032189362672,22.146697366849985,21.42346033715672,21.540742874145508,152738154.0
2025-03-05,21.75576011372973,23.241329071135212,21.75576011372973,23.202234268188477,407354374.0
2025-03-06,23.41724963591499,24.120941162109375,23.163140878281208,24.120941162109375,343131107.0
2025-03-07,24.04275370142121,24.335957264649366,23.788643076690164,24.238222122192383,182981993.0
2025-03-10,24.238223160054275,24.45324085549509,23.730003752973424,23.88637924194336,155259603.0
2025-03-11,23.94501767794057,24.7464424611435,23.84728253907961,24.257768630981445,275981567.0
2025-03-12,24.453239159236816,24.883270792002513,24.296863681114246,24.70734977722168,213764815.0
2025-03-13,24.8246317516194,25.117837186535592,24.590068522172153,24.844179153442383,235974553.0
2025-03-14,24.922365392672603,25.274211147683065,24.76598991581078,25.000553131103516,226676697.0
2025-03-17,25.117835670821243,25.156928607965337,24.805082852954875,25.000553131103516,150167338.0
2025-03-18,24.746442716537327,25.196023614280495,24.707349779075123,25.0787410736084,223500658.0
2025-03-19,23.260874918911423,24.238222635910102,22.576732635498047,22.576732635498047,273883906.0
2025-03-20,22.59627974643784,23.671360729986766,22.498544603167172,22.830842971801758,232009741.0
2025-03-21,22.478998238821198,22.635373729612,20.563397544562413,20.622037887573242,261013345.0
2025-03-24,21.071614657721952,21.403913005419778,19.85970380429451,21.208444595336914,247449097.0
2025-03-25,21.599383946339362,22.459449078364944,21.443008467789255,22.185792922973633,198988970.0
2025-03-26,21.794852843317393,22.166246011175037,21.599384422888498,22.009870529174805,160004441.0
2025-03-27,22.16624560239793,22.51809136248131,21.75575950368157,21.85349464416504,152557370.0
2025-03-28,21.75575990488873,22.068510868889195,21.48210187931693,22.009870529174805,125170756.0
2025-04-02,21.990324414247844,22.322622798972354,21.912136668674012,22.146699905395508,138021765.0
2025-04-03,22.381261708248356,22.576731991731467,21.93168266603709,21.970775604248047,142842179.0
2025-04-04,21.892587538060475,21.931682339832726,21.11071014404297,21.11071014404297,153292074.0
2025-04-07,20.074722284871424,21.247538384891094,19.64468878279283,20.8175048828125,203039028.0
2025-04-08,21.208445284330846,21.364820763134347,20.97388020198284,21.11071014404297,121711337.0
2025-04-09,20.700224287977722,21.071615588439116,20.40701886368873,20.485206604003906,131817746.0
2025-04-10,21.286633186963133,21.345273525928423,20.8175048828125,20.8175048828125,128718223.0
2025-04-11,20.73931726497506,20.95433494935229,20.641583987504802,20.856599807739258,127459411.0
2025-04-14,21.01297360211901,21.54074220598395,20.993426202536764,21.306177139282227,107799101.0
2025-04-15,21.325724538864474,21.38436487346859,21.091161336305376,21.306177139282227,74559163.0
2025-04-16,21.130258360093865,21.227991640009353,20.89569326869679,21.05207061767578,94258738.0
2025-04-17,20.954334134889212,21.2084447475491,20.60248838441511,20.915239334106445,134327980.0
2025-04-18,20.95433627153942,20.9738818097811,20.582943082804093,20.622037887573242,71405925.0
2025-04-21,20.641583948777033,20.778412028292898,20.367925925602528,20.485206604003906,116120883.0
2025-04-22,20.56339604709067,20.837052203974885,20.348378364804205,20.778411865234375,129040825.0
2025-04-24,21.071616218377585,21.501649735038345,20.89569333137351,21.462554931640625,160253175.0
2025-04-25,21.462553807200926,22.205338255557066,21.364820532112606,22.10760498046875,221879856.0
2025-04-28,22.146697720271955,22.733106686288586,22.029417045554258,22.400808334350586,205926242.0
2025-04-29,22.2639817585064,22.791748558564066,22.127151809930616,22.244434356689453,159590760.0
2025-04-30,22.185792388587853,22.615824012171167,21.95122731226988,21.99032211303711,186168628.0
2025-05-02,22.185793830395564,22.90903091430664,22.127151625433687,22.90903091430664,149919144.0
2025-05-05,23.065406020801834,24.433692423700503,22.654919913517954,23.495439529418945,265995585.0
2025-05-06,23.358608934359896,23.49543887574292,23.10449831652599,23.260873794555664,123424533.0
2025-05-07,23.299969483278023,23.39770462680351,22.127151489257812,22.127151489257812,169854053.0
2025-05-08,22.24443278707444,22.8503872874996,21.482100947290874,22.73310661315918,115849085.0
2025-05-09,22.73310840186419,23.59317358322289,22.654920658104306,23.436798095703125,166791515.0
2025-05-12,24.296863633494482,24.296863633494482,23.651814321467437,23.96456527709961,176421682.0
2025-05-13,23.88637686778515,24.472785825208412,23.84728206735701,24.433691024780273,193269240.0
2025-05-14,24.433693027627474,24.609615915689247,24.101394653320312,24.101394653320312,218502860.0
2025-05-15,24.179581501244648,24.27731664256529,23.671360257691543,24.120941162109375,133520897.0
2025-05-16,24.238222122192383,24.531427549563332,24.062301102741163,24.238222122192383,151216362.0
2025-05-20,24.27731806102205,24.511881295410806,24.14048997366433,24.296865463256836,151023808.0
2025-05-21,24.335955816694877,24.335955816694877,23.690906524658203,23.690906524658203,114559898.0
2025-05-22,23.8472849260417,23.88637973115631,23.065407465178524,23.33906364440918,160285343.0
2025-05-23,23.358609264062192,23.495439207376542,22.948123162404677,23.006765365600586,123159873.0
2025-05-26,23.16314174494237,23.45634531573188,22.850388908185955,22.987218856811523,106425803.0
2025-05-27,23.0067650408645,23.358608934359896,22.948122838496314,23.260873794555664,167525604.0
2025-05-28,23.28042233213232,23.45634521954174,23.124046846466804,23.319517135620117,128167666.0
2025-05-29,23.47589249882703,23.573627642893868,23.241329271552317,23.28042221069336,188768524.0
2025-05-30,23.260874823363785,23.339062565836798,22.752655429360615,22.90903091430664,123409268.0
2025-06-02,22.75265339196307,23.045856933946105,22.4008076502693,22.49854278564453,135684819.0
2025-06-03,22.596278942925917,22.987217637964203,22.596278942925917,22.889482498168945,133313549.0
2025-06-04,22.928576239989738,23.280422009939144,22.889483301185805,23.202234268188477,145590979.0
2025-06-05,23.124046043706866,23.14359344477217,22.90903022441684,23.006765365600586,39607363.0
2025-06-10,23.163141557635907,23.710455755283856,23.104499352637937,23.65181541442871,156133115.0
2025-06-11,23.74954857217363,23.80819077686962,23.534532747383448,23.612720489501953,132007162.0
2025-06-12,23.86683013998777,24.49233205131918,23.63226692323849,24.335956573486328,384158094.0
2025-06-13,23.456344710822094,24.31640986332941,23.339062167045157,24.238222122192383,251915170.0
2025-06-16,24.3945975468266,25.528322586848926,24.160034323969743,25.313304901123047,340107518.0
2025-06-17,25.215570575879457,26.095185020270595,25.215570575879457,25.99744987487793,314994492.0
2025-06-18,26.016996954960604,26.388388265887286,25.762886325740105,25.88016700744629,327680157.0
2025-06-19,25.977901299739074,26.09518384174205,24.726895596326003,24.824630737304688,197391079.0
2025-06-20,25.078741909612596,25.76288604736328,24.609615459571284,25.76288604736328,310134810.0
2025-06-23,25.45013394928003,25.89971297788116,25.33285140991211,25.33285140991211,122650103.0
2025-06-24,26.056088663770005,26.056088663770005,25.411039352416992,25.411039352416992,206796293.0
2025-06-25,25.411038817502956,25.723789766224776,25.21556854248047,25.21556854248047,127888042.0
2025-06-26,25.313304908329723,25.528322594116815,24.844178462482446,24.941913604736328,116477941.0
2025-06-27,24.941913398424603,25.391492439273765,24.74644311553371,25.235116958618164,146871095.0
2025-06-30,25.274211990851924,26.19291748202823,25.2546645895564,26.056089401245117,230956196.0
2025-07-01,26.173372067577745,26.564310774607083,26.056089523397542,26.095184326171875,260445570.0
2025-07-02,26.22343982171877,27.723050079339604,26.164245224691246,27.05217170715332,408758207.0
2025-07-03,27.525732286581576,27.58492688369444,26.874586073053155,26.933780670166016,170294527.0
2025-07-04,26.973244918485086,27.34814654156376,26.83512356499752,27.111366271972656,162134487.0
2025-07-07,26.67726961958052,26.914049885334148,26.40102503532015,26.65753746032715,130320234.0
2025-07-08,26.89431844325264,26.89431844325264,26.401025739337726,26.460220336914062,156281204.0
2025-07-09,26.44048750869857,26.8548534447821,26.42075723118014,26.539146423339844,153153612.0
2025-07-10,26.83512303117347,27.229756805974965,26.83512303117347,26.894317626953125,221304897.0
2025-07-11,27.150829441805428,27.269218630708327,26.75619567585871,26.795658111572266,160587271.0
2025-07-14,26.79565884870225,26.874585604062812,26.38129291261872,26.539146423339844,73943664.0
2025-07-16,26.53914648614103,26.914049986312573,25.868268123107555,26.420757293701172,149176760.0
2025-07-17,26.69699986591614,26.795658780305587,26.558878514828283,26.716732025146484,118918094.0
2025-07-18,26.835123812529336,26.87458625027737,26.499684623740542,26.5194149017334,118876106.0
2025-07-21,26.716731957851884,26.992976541094066,26.696999798671243,26.894317626953125,121146299.0
2025-07-22,27.052170589975272,27.091633025776495,26.598340346806676,26.677268981933594,132516096.0
2025-07-23,26.716731417734817,27.052170589975272,26.657536823151865,26.677268981933594,134155782.0
2025-07-24,26.81539030002975,27.032438401100443,26.696999229233406,26.73646354675293,116386190.0
2025-07-25,26.775927326113518,26.854854083350844,26.51941489465163,26.578611373901367,63864359.0
2025-07-28,26.618073247559185,26.657537566222697,26.361560821533203,26.361560821533203,47975337.0
2025-07-29,26.361560954508075,26.440487710470943,26.02612177122531,26.06558609008789,63830307.0
2025-07-30,26.144512141864315,26.4404869983126,26.085317546927108,26.262903213500977,111325879.0
2025-07-31,26.341830543963734,26.47995189576146,26.065585958605997,26.361560821533203,120676446.0
2025-08-01,26.440488137414302,26.775927326113518,26.36156138017698,26.578611373901367,154595985.0
2025-08-04,26.677270154145933,27.091634216196198,26.598341515550857,26.87458610534668,150253095.0
2025-08-05,26.953512927386107,27.111366441433514,26.7364648160115,26.756196975708008,95981309.0
2025-08-06,26.87458600238155,27.111366271972656,26.756196808467152,27.111366271972656,126233389.0
2025-08-07,26.973244381913425,27.052171136873724,26.637805202891585,26.894317626953125,182648447.0
2025-08-08,26.93377945921306,27.07190268861608,26.795658111572266,26.795658111572266,117527082.0
2025-08-11,26.89431816195472,27.446805457667296,26.89431816195472,27.111366271972656,244487435.0
2025-08-12,27.210023909360938,27.30868282082807,27.03243824507254,27.150829315185547,152661574.0
2025-08-13,27.21002441629035,27.5849260287353,26.99297631242877,27.486268997192383,185743824.0
2025-08-14,27.348145862457795,27.545463689765096,27.052171003259105,27.249488830566406,117412491.0
2025-08-15,27.24948943649769,27.46653754595229,27.170562680172175,27.288951873779297,76057998.0
2025-08-18,27.427073404385176,28.433390965368993,27.30868421001197,28.39392852783203,274671161.0
2025-08-19,28.512316229741614,29.163462409997248,28.019023554895696,28.96614646911621,302846354.0
2025-08-20,28.808292967376268,29.262121325046458,28.808292967376268,28.906949996948242,210967112.0
2025-08-21,28.985877921301995,29.459440338495565,28.985877921301995,29.163463592529297,160970081.0
2025-08-22,29.222659498136878,29.73568246058649,28.74909709022317,29.0056095123291,282620614.0
2025-08-25,29.202928510207954,29.518635540302796,29.005610675517513,29.262123107910156,187416068.0
2025-08-26,29.242390310733725,29.97246327235627,29.025342202714796,29.2818546295166,326760874.0
2025-08-27,29.36078078148184,29.696219957188408,29.183195114135742,29.183195114135742,169070592.0
2025-08-28,29.301586725934698,29.656756185405797,29.26212240723664,29.400243759155273,174066726.0
2025-08-29,29.43970807197815,29.735682935105377,29.222659964469003,29.459440231323242,182500594.0
2025-09-01,29.55809790482738,29.637026543917543,28.966148165749793,29.439708709716797,184925526.0
2025-09-02,29.498901901725336,29.61729297295722,27.841438195052387,28.137414932250977,287684079.0
2025-09-03,28.15714772920361,28.51231718742393,27.782244229941476,28.11768341064453,253696935.0
2025-09-04,28.15714850739135,28.571512573139913,27.723050400055573,27.801977157592773,132684187.0
2025-09-05,27.959829066811164,27.979561225502746,26.973243713378906,26.973243713378906,147734113.0
2025-09-08,26.38129243833855,26.637804859089403,25.907731914688792,26.144512176513672,141520880.0
2025-09-09,26.28263362204745,26.499683607506167,25.7498785014244,25.907732009887695,149781617.0
2025-09-10,26.105048052279173,26.124780211351492,25.61175536604476,25.67095184326172,198038474.0
2025-09-11,25.710415055417105,26.243172075871293,25.138195597389817,25.35524559020996,220351565.0
2025-09-12,25.414440187450765,25.532829381932373,25.079001000149013,25.35524559020996,104849104.0
2025-09-15,25.335512713413284,27.1310977935791,25.098732449389885,27.1310977935791,199743909.0
2025-09-16,27.131097757829572,27.446804776111446,27.012706685092738,27.249488830566406,137882769.0
2025-09-17,27.30868282082807,27.466536326470596,27.071902562364283,27.150829315185547,173725300.0
2025-09-18,27.229757451975267,27.742782312269377,26.77592718886515,26.87458610534668,172328398.0
2025-09-19,26.93377943888017,28.551780700683594,26.9140491619194,28.551780700683594,261479680.0
2025-09-22,29.10426898998294,29.479170610014094,28.63070845465024,29.222660064697266,201174729.0
2025-09-23,28.729366591778152,31.866706464699956,28.709634432899854,31.235292434692383,516898397.0
2025-09-24,31.17609921146843,31.314220566168924,30.426294076964286,31.018245697021484,352104111.0
2025-09-25,31.29448858761424,32.26134372140266,30.7222691239904,32.00482940673828,248168374.0
2025-09-26,31.84697552476042,31.84697552476042,29.91326904296875,29.91326904296875,330616491.0
2025-09-29,29.637024807988613,29.89353534295774,28.88721971641135,28.96614646911621,313053776.0
2025-09-30,29.262121934435037,29.301586252495454,28.630707899566435,29.0056095123291,236875956.0
2025-10-01,29.02534273109466,29.69622110851791,28.867489216614167,29.498903274536133,276018927.0
2025-10-02,29.538367700124308,29.69622121517173,28.94641607781531,29.262123107910156,192804756.0
2025-10-03,29.281854124327822,29.360780878769585,28.78856143862624,28.946414947509766,103389668.0
2025-10-06,28.946415720657473,29.262122746856935,28.453123021780232,28.630708694458008,192954178.0
2025-10-07,28.650439582908113,28.88721984205253,28.512316353752198,28.61097526550293,130620733.0
2025-10-08,27.920364561467387,27.959828878584872,27.26921838312661,27.44680404663086,247779576.0
2025-10-09,27.72304855924865,27.90063422235627,27.328414797766268,27.6243896484375,156040874.0
2025-10-10,27.683584942040472,27.821708173372617,27.387610083887207,27.486268997192383,107859166.0
2025-10-13,27.131097189786274,27.66385418330431,26.933779366610214,27.032438278198242,160367970.0
2025-10-14,26.97324423915599,27.012706675546145,25.61175537109375,25.61175537109375,139073977.0
2025-10-15,25.651219071172196,27.42707194647154,25.493365565890574,27.328414916992188,284679859.0
2025-10-16,26.83512306758808,27.466537108127284,26.756196312520675,26.77592658996582,197354422.0
2025-10-17,26.63780619358014,26.697000791561305,26.045854568481445,26.045854568481445,154992077.0
2025-10-20,26.144513165758,27.05217181131141,26.144513165758,26.815391540527344,171041058.0
2025-10-21,26.578611199122285,27.26921984996691,26.322098769347203,26.992977142333984,229141465.0
2025-10-22,27.05217130600069,27.427072923965383,26.440487539912496,26.479951858520508,167725648.0
2025-10-23,26.53914645467024,26.815391039639472,26.420757262370774,26.479951858520508,157272818.0
2025-10-24,26.598341515550857,27.525732319657546,26.519414758718092,26.87458610534668,318410045.0
2025-10-27,26.81539070943372,27.466536904349407,26.775926391311675,27.308683395385742,235290776.0
2025-10-28,27.32841494999016,27.52573089094933,27.131097127268774,27.210023880004883,71032627.0
2025-10-30,27.28895194460656,27.387610860710097,27.012707355869118,27.111366271972656,158017673.0
2025-10-31,27.091634112399486,27.584926811154865,27.032439515442288,27.111366271972656,239474383.0
2025-11-03,27.21002526257293,28.630708765771477,27.21002526257293,28.453123092651367,274379678.0
2025-11-04,28.47285385580781,29.084535720151916,28.17687712120324,28.78856086730957,236155760.0
2025-11-05,27.7033180671749,27.7033180671749,26.69700050354004,26.69700050354004,501228727.0
2025-11-06,26.854854265540006,26.894318585307566,26.16424560546875,26.16424560546875,312814982.0
2025-11-07,26.262904056396543,26.42075756913683,25.690684602272437,25.769611358642578,227331165.0
2025-11-10,25.947194851566792,26.085318084952142,24.842220275057688,24.90141487121582,225737239.0
2025-11-11,24.921146687282327,25.000073441660202,23.658316735474095,24.151609420776367,256988813.0
2025-11-12,24.32919579622565,24.467317149963876,23.95429417246663,24.01348876953125,174599636.0
2025-11-13,24.191074475051447,24.408122585755443,23.678049615101298,23.954294204711914,156446633.0
2025-11-14,23.954293060257953,24.072682248890334,23.55965741345075,23.579389572143555,147781193.0
2025-11-17,23.697781246720297,23.97402394841356,23.559658014111392,23.678049087524414,184435146.0
2025-11-18,23.599123041079103,23.855635473040678,23.480731964111328,23.480731964111328,194563272.0
2025-11-19,23.61885442493658,24.033220358067478,23.61885442493658,23.855634689331055,253690506.0
2025-11-20,24.013487466633826,24.21080528849313,23.855633961851268,24.112146377563477,173535418.0
2025-11-21,24.033220389213046,24.033220389213046,23.638584732948566,23.79644012451172,170259301.0
2025-11-24,23.717513437051732,23.737243714511244,23.55965804503972,23.618854522705078,151606992.0
2025-11-25,23.697781283359564,23.934561548789425,23.500463454620213,23.55965805053711,272111278.0
2025-11-26,23.61885449169904,23.776708001741554,23.559658014111392,23.678049087524414,157423979.0
2025-11-27,23.83590263441975,23.895097230336642,23.55965805053711,23.55965805053711,198607266.0
2025-11-28,23.559658714299285,23.73724438881549,23.421537359347717,23.539928436279297,164537339.0
2025-12-01,23.53992837107664,24.03322107369426,23.53992837107664,23.65831756591797,367880505.0
2025-12-02,23.678049758355993,23.756976515613353,23.539928403596196,23.599123001098633,170709478.0
2025-12-03,23.65831632515255,23.954293060257953,23.55965741345075,23.579389572143555,265920019.0
2025-12-04,23.618853948919803,23.717512860869686,23.461000442504883,23.461000442504883,103687695.0
2025-12-05,23.480731964111328,23.5596587215024,23.401805206720255,23.480731964111328,153971699.0
2025-12-08,23.579390737329145,23.895097764965925,23.559658577661267,23.83590316772461,267977087.0
2025-12-09,23.934561413265055,24.092414922657813,23.57939007625021,23.91482925415039,218983986.0
2025-12-10,23.95429296732106,24.13187674958065,23.658316233363976,23.81616973876953,179907030.0
2025-12-11,23.875366123811336,24.23053556874189,23.855633965270137,24.052949905395508,195476902.0
2025-12-12,24.171340913491097,24.704097902177168,24.11214631978005,24.23053550720215,234071746.0
2025-12-15,24.270001619274716,24.68436756942437,24.250269459324173,24.526514053344727,174068418.0
2025-12-16,24.605439020894536,24.66463361467634,24.171340942382812,24.171340942382812,174872133.0
2025-12-17,24.191074301225353,24.506781326076204,24.1713421417316,24.36865997314453,157758933.0
2025-12-18,24.447586125294983,24.565975315807687,24.230536139751266,24.270000457763672,105975074.0
2025-12-19,24.32919441789537,24.32919441789537,23.934560656884692,24.23053550720215,117114569.0
2025-12-22,24.309463636616673,24.34892795583463,23.895097693639695,24.01348876953125,78705192.0
2025-12-23,23.99375607626834,24.03322039460856,23.717513374935912,23.73724365234375,106149012.0
2025-12-24,23.756976410815415,23.97402452187512,23.67804965390622,23.83590316772461,102757774.0
2025-12-25,23.95429430946088,24.033221066585863,23.717514038085938,23.717514038085938,48630852.0
2025-12-26,23.776707425365704,23.776707425365704,23.461000412933792,23.52019500732422,121984034.0
2025-12-29,23.539927872796376,23.59912246896404,23.26368328774347,23.322877883911133,103245348.0
2025-12-30,23.362342098108684,23.67804911860816,23.145292110193584,23.618854522705078,113878069.0
2025-12-31,23.65831699621323,23.816170506708684,23.441268889722547,23.500463485717773,77805887.0
2026-01-02,23.55965854569443,23.95429421146726,23.55965854569443,23.895097732543945,110878618.0
2026-01-05,23.934561942462555,24.34892788422082,23.934561942462555,24.19107437133789,150581436.0
2026-01-06,24.23053657016304,24.861952497241695,24.23053657016304,24.78302574157715,198827688.0
2026-01-07,24.822487149084992,24.8816817429379,24.092414219025105,24.112146377563477,218789466.0
2026-01-08,24.092414730097087,24.546243095533445,23.934561221965986,24.388389587402344,183520666.0
2026-01-09,24.487048530910634,24.54624312609293,24.131877196292347,24.329195022583008,96529139.0
2026-01-12,24.40812231520936,24.704099061174833,24.38839015579254,24.54624366760254,151453996.0
2026-01-13,24.546242936344903,25.000073180600307,24.52651265927816,24.80275535583496,195916120.0
2026-01-14,24.901414112032963,25.53282813650219,24.84221951767953,25.217121124267578,240477285.0
2026-01-15,25.138195037841797,25.394707462525357,24.861952335692017,25.138195037841797,210813757.0
2026-01-16,25.256586507673344,25.828805961940592,25.157927591745413,25.71041488647461,222811342.0
2026-01-19,25.848538541780734,26.381293685634585,25.809074222062943,26.223440170288086,189646972.0
2026-01-20,26.223438602431862,26.401024267019704,25.256585408300534,25.335512161254883,221941594.0
2026-01-21,25.374974505325582,25.73014583322019,25.31577991126389,25.57229232788086,149684757.0
2026-01-22,25.78934199050586,26.46022036974451,25.61175631579418,26.401025772094727,209664977.0
2026-01-23,26.440488072705918,26.83512373968907,26.381293475363375,26.69700050354004,181200435.0
2026-01-26,26.519414619433626,27.308684065378184,26.38129326614231,27.22975730895996,178992473.0
2026-01-27,27.328415652183676,27.4468048434487,26.795658646204267,27.071903228759766,122597957.0
2026-01-28,27.052171504213035,27.68358555246935,27.052171504213035,27.525732040405273,132392155.0
2026-01-29,27.82170917990442,28.33473216047937,27.683585943575263,28.097951889038086,209410501.0
2026-01-30,28.0979520279167,28.1768787854539,27.30868445254468,27.801977157592773,169332607.0
2026-02-02,26.97324491198113,27.387610854106224,26.479952213344696,27.170562744140625,284227561.0
2026-02-03,27.34814542414332,28.610975358793432,27.269218670837823,28.374195098876953,250373272.0
2026-02-04,28.571511011395977,28.76882883533458,28.35446291047329,28.43338966369629,133079689.0
2026-02-05,28.374195128658307,28.828023490200668,28.01902379752969,28.315000534057617,155639092.0
2026-02-06,28.255805189524413,28.88722112368565,28.019024919874813,28.630708694458008,161120858.0
2026-02-09,29.025341447442525,29.637025200324324,28.828023622187175,29.59756088256836,251919500.0
2026-02-10,29.577829700292135,29.814609969359232,28.610976464494247,28.80829429626465,196848486.0
2026-02-11,28.53204842094886,29.124000007792556,28.472853826793155,28.847755432128906,152772632.0
2026-02-12,29.005610571344018,29.617294351277664,28.966148133605056,29.498903274536133,173453189.0
2026-02-13,29.61729320300817,30.011926973909354,29.104268359955505,29.183195114135742,185709859.0
2026-02-16,29.479170409410354,30.031659578634486,29.479170409410354,29.69622039794922,207574268.0
2026-02-17,29.637025560019815,29.656755837375016,28.70963478088379,28.70963478088379,263114789.0
2026-02-18,29.064804011793445,30.446025031156235,28.768829154365562,29.242389678955078,495856161.0
2026-02-19,29.47916939109029,29.637024778103047,28.729366182031338,29.025341033935547,217677735.0
2026-02-20,29.02534141802999,29.656755447387695,29.005609259172,29.656755447387695,169052117.0
2026-02-23,30.189512539820228,31.511537079218947,29.715952016329947,31.057706832885742,349198772.0
2026-02-24,30.880122222973696,31.629929233471312,30.78146518852515,31.551000595092773,190181712.0
2026-02-25,31.61019732429879,31.61019732429879,30.446026243664935,30.959049224853516,199106624.0
2026-02-26,30.801194255571318,31.74831717949721,30.801194255571318,31.47207260131836,214828751.0
2026-02-27,31.610196175801097,32.28107452885989,31.393146189951338,32.22187805175781,252100732.0
2026-03-02,30.603879718997632,31.84697567352042,30.603879718997632,31.07744026184082,185985341.0
2026-03-03,30.820927531099358,31.156366716126566,28.74909782409668,28.74909782409668,187133383.0
2026-03-04,28.808293793354302,29.064804335710654,28.097951116791258,28.472854614257812,144122173.0
2026-03-05,28.65043961655954,29.04507338226376,28.413657475374784,28.492584228515625,108937521.0
2026-03-06,28.35446380991357,28.67017083282019,27.6046586896292,27.82170867919922,109263025.0
2026-03-09,27.52573187176774,28.078219160607176,26.914049986707504,27.94009780883789,151155752.0
2026-03-10,28.532049644998136,29.222660172903932,28.433390729331265,28.92668342590332,131984853.0
2026-03-11,28.926683567727217,29.045074643460378,28.11768384246459,28.57151222229004,81216012.0
2026-03-12,28.4136588450588,28.906951546408866,28.15714829630761,28.275537490844727,95133133.0
2026-03-13,28.117682807783783,28.23607387916036,27.46653661961819,28.019023895263672,66533841.0
2026-03-16,28.295268570075013,28.315000728998506,27.60465806185076,27.782243728637695,52233245.0
2026-03-17,27.920364885353713,28.45312188204664,27.78224353736469,28.315000534057617,120584302.0
2026-03-18,28.512316637392534,29.02534147819012,27.762511535095037,27.900634765625,104510534.0
2026-03-19,27.624390955885897,27.84143906453343,27.525732040405273,27.525732040405273,29771814.0
2026-03-23,26.953512900685567,28.275537490844727,26.697000470172057,28.275537490844727,126258975.0
2026-03-24,28.117683716701475,28.216342632410782,27.249489398336628,27.4073429107666,75143534.0
2026-03-25,27.72304922941221,27.86117057882937,27.05217087779357,27.54546356201172,107733120.0
2026-03-26,27.42707289158676,27.742781794791295,26.539146423339844,26.539146423339844,94609432.0
2026-03-27,26.677269883501424,27.56519635930244,26.42075745595672,27.525732040405273,105281080.0
2026-03-30,27.52573089094933,27.841437901893773,27.012706057283495,27.210023880004883,118012674.0
2026-03-31,27.288951016534046,28.137415031701742,27.269218857631948,27.84143829345703,136529182.0
2026-04-01,28.35446420853275,28.670171235877717,28.058489340837426,28.39392852783203,109457408.0
2026-04-02,27.723049764100328,28.13741570210584,27.565196252647016,27.82170867919922,141971705.0
2026-04-03,27.90063565729296,29.45944050663974,27.644123228696362,28.80829429626465,202951613.0
2026-04-06,28.92668250550229,29.933000026112808,28.847755751832576,29.656755447387695,201392393.0
2026-04-07,29.597562006356153,29.794879839103455,28.453123092651367,28.453123092651367,159194464.0
2026-04-08,29.51863428984231,29.775146711368645,29.183195114135742,29.183195114135742,241675687.0
2026-04-09,29.281854461912264,30.30790228148427,29.281854461912264,29.69622039794922,438646544.0
2026-04-10,29.87380558698647,30.899853390039922,29.755414514983794,30.8801212310791,298404378.0
2026-04-13,30.288171877163222,31.78778210432938,30.288171877163222,31.57073211669922,249550166.0
2026-04-14,31.768050152187154,32.00482853703189,30.781464767110066,31.037975311279297,230803021.0
2026-04-15,31.29448766844819,31.37341442381044,30.781464699474693,31.215560913085938,122720480.0
2026-04-16,31.412877741533702,31.708852594271583,30.4262923900578,30.48548698425293,124045465.0
2026-04-17,30.544683030521234,31.985096808906462,30.505220593102536,31.610197067260742,214957950.0
2026-04-20,31.27475554384446,33.24792619312772,31.27475554384446,32.85329055786133,235690620.0
2026-04-21,33.07034420877836,34.01746532244378,33.03087988816111,33.267662048339844,173341343.0
2026-04-22,33.54390260398737,33.58336692206147,31.610196180650448,32.162681579589844,158118559.0
2026-04-24,32.083755320563796,32.61651230096918,31.768048316662316,32.557315826416016,121435169.0
2026-04-27,32.77436934851622,33.682026142043995,32.675708546920966,33.149269104003906,139796883.0
2026-04-28,32.95195403937865,33.38605026280158,32.32053621868441,32.5375862121582,113229703.0
2026-04-29,32.79410149150713,33.85961180349955,32.79410149150713,33.267662048339844,266432560.0
2026-04-30,33.18873033426066,35.45787587031251,33.18873033426066,34.64887619018555,223929844.0
2026-05-04,34.88566059910963,35.596003296587995,33.938539511488244,35.3394889831543,221760604.0
2026-05-05,35.47761101025207,37.450781861948286,35.41841829335701,36.72071075439453,235340867.0
2026-05-06,37.29292685126634,38.121658726340016,36.444462816842744,37.174537658691406,306892394.0
2026-05-07,37.490245606827834,38.49656317737091,37.450781287153674,37.96380615234375,156241673.0
2026-05-08,37.90460973000005,40.74597677090556,37.786220534323675,40.706512451171875,270521370.0
2026-05-11,41.23926708310516,43.133512921591354,40.0356355092949,40.3118782043457,335272807.0
2026-05-12,40.35134283590152,40.84463551720337,39.46341450414839,39.54234313964844,229566550.0
2026-05-13,39.95670700073242,40.35134264935932,38.91092516633827,39.95670700073242,183857127.0
2026-05-14,40.331612116331705,40.548658344653546,38.7728053812973,39.206905364990234,134596775.0
2026-05-15,38.95039106707816,39.32529457215954,38.516294846763934,39.0885124206543,152182700.0
2026-05-18,38.91092723586083,39.127977230502125,37.707295594228746,38.02300262451172,135047714.0
2026-05-20,37.94407265643932,38.674147490605584,37.43104780931361,38.12165832519531,85624045.0
2026-05-21,38.12165704534983,38.20058567926911,34.55021915803936,34.708072662353516,123679155.0
2026-05-22,35.517072348080276,38.1611213684082,35.004047518096186,38.1611213684082,210744663.0
2026-05-25,38.59521852755301,40.15402521488621,38.378172305873015,38.95038986206055,187516071.0
2026-05-26,39.20690429315478,39.34502564290853,38.654415130615234,38.654415130615234,41626869.0
2026-05-27,38.654415130615234,38.654415130615234,38.654415130615234,38.654415130615234,0.0
2026-05-28,38.654415130615234,38.654415130615234,38.654415130615234,38.654415130615234,0.0
2026-05-29,38.654415130615234,38.654415130615234,38.654415130615234,38.654415130615234,0.0
2026-06-01,38.65441730471357,39.64100273104414,38.65441730471357,39.463417053222656,235926121.0
2026-06-02,39.91724375208411,40.568389955288005,39.77912240042337,40.45000076293945,200428550.0
2026-06-03,40.540000915527344,40.86000061035156,40.18000030517578,40.29999923706055,114552214.0
2026-06-04,40.58000183105469,41.220001220703125,38.779998779296875,40.099998474121094,177175503.0
2026-06-05,40.08000183105469,40.540000915527344,38.880001068115234,39.15999984741211,158975734.0
2026-06-08,38.779998779296875,39.400001525878906,38.7400016784668,39.02000045776367,114926641.0
2026-06-09,39.13999938964844,39.2599983215332,38.52000045776367,38.63999938964844,127525690.0
2026-06-10,38.599998474121094,39.040000915527344,37.86000061035156,38.63999938964844,90962532.0
2026-06-11,38.7400016784668,39.2400016784668,38.0,38.400001525878906,92772951.0
2026-06-12,38.900001525878906,40.099998474121094,38.63999938964844,39.36000061035156,130986348.0
2026-06-15,40.70000076293945,40.84000015258789,39.65999984741211,40.20000076293945,183653620.0
2026-06-16,40.380001068115234,40.720001220703125,39.81999969482422,40.29999923706055,113674765.0
2026-06-17,40.439998626708984,40.5,39.2400016784668,39.400001525878906,122867591.0
2026-06-18,39.619998931884766,40.31999969482422,39.400001525878906,40.0,135802635.0
2026-06-19,39.7400016784668,40.279998779296875,39.619998931884766,40.02000045776367,118894985.0
2026-06-22,40.119998931884766,40.7400016784668,40.119998931884766,40.34000015258789,125535430.0
2026-06-23,40.20000076293945,40.31999969482422,39.63999938964844,39.81999969482422,96694124.0
2026-06-24,39.91999816894531,40.099998474121094,39.720001220703125,39.939998626708984,90038798.0
2026-06-25,40.2400016784668,40.560001373291016,40.060001373291016,40.31999969482422,117385698.0
2026-06-26,40.31999969482422,42.18000030517578,40.31999969482422,42.119998931884766,237055734.0
2026-06-29,42.65999984741211,42.68000030517578,40.79999923706055,41.20000076293945,143586724.0
2026-06-30,41.400001525878906,42.599998474121094,40.400001525878906,40.47999954223633,178176580.0
2026-07-01,40.439998626708984,41.040000915527344,39.65999984741211,40.439998626708984,125100590.0
2026-07-02,40.380001068115234,41.060001373291016,39.880001068115234,40.79999923706055,179551527.0
2026-07-03,40.900001525878906,41.36000061035156,40.099998474121094,40.099998474121094,99353915.0
2026-07-06,40.29999923706055,41.52000045776367,40.20000076293945,41.52000045776367,171886417.0
2026-07-07,41.31999969482422,41.599998474121094,40.5,41.2599983215332,167373440.0
2026-07-08,41.13999938964844,41.13999938964844,39.439998626708984,39.939998626708984,156421400.0
2026-07-09,40.2599983215332,40.540000915527344,39.040000915527344,40.060001373291016,106074945.0
2026-07-10,40.0,40.97999954223633,39.900001525878906,40.400001525878906,95320113.0
2026-07-13,40.099998474121094,41.279998779296875,39.720001220703125,40.86000061035156,150698808.0
2026-07-14,40.86000061035156,42.279998779296875,40.720001220703125,41.880001068115234,115286852.0
2026-07-16,42.31999969482422,44.220001220703125,42.119998931884766,44.060001373291016,130424595.0
2026-07-17,43.91999816894531,44.0,42.13999938964844,42.34000015258789,96997009.0
2026-07-20,42.47999954223633,43.939998626708984,42.119998931884766,43.599998474121094,119618959.0
2026-07-21,43.939998626708984,44.2599983215332,42.220001220703125,42.29999923706055,112009830.0
2026-07-22,42.5,43.0,41.52000045776367,42.2400016784668,96834674.0
2026-07-23,42.2400016784668,45.099998474121094,42.119998931884766,44.20000076293945,183663773.0
2026-07-24,44.040000915527344,44.70000076293945,42.84000015258789,43.279998779296875,142858235.0
2026-07-27,43.79999923706055,44.2599983215332,43.08000183105469,43.2599983215332,73460054.0
2026-07-28,43.2599983215332,44.08000183105469,42.959999084472656,43.86000061035156,96030225.0
2026-07-29,43.91999816894531,44.31999969482422,42.900001525878906,43.15999984741211,109799981.0
2026-07-30,43.2400016784668,43.29999923706055,42.119998931884766,42.400001525878906,98597063.0
2026-07-31,42.560001373291016,42.91999816894531,41.7599983215332,42.540000915527344,94060059.0
2026-08-03,42.779998779296875,43.13999938964844,40.540000915527344,40.70000076293945,116693975.0
2026-08-04,40.720001220703125,42.02000045776367,40.70000076293945,41.7400016784668,152313271.0
2026-08-05,41.7400016784668,42.08000183105469,41.58000183105469,41.97999954223633,89840213.0
2026-08-06,42.18000030517578,42.2599983215332,41.29999923706055,41.560001373291016,110421778.0
2026-08-07,41.099998474121094,41.099998474121094,38.31999969482422,38.68000030517578,309272609.0
2026-08-10,38.70000076293945,38.720001220703125,36.779998779296875,36.880001068115234,243728804.0
2026-08-11,36.880001068115234,37.31999969482422,36.5,36.86000061035156,213353282.0
2026-08-12,36.880001068115234,37.34000015258789,36.2400016784668,37.18000030517578,191078945.0
2026-08-13,37.20000076293945,38.560001373291016,37.20000076293945,38.2400016784668,279815731.0
2026-08-14,38.380001068115234,39.02000045776367,37.18000030517578,37.380001068115234,187307320.0
2026-08-17,37.63999938964844,38.13999938964844,37.400001525878906,37.939998626708984,186293895.0
2026-08-18,37.779998779296875,38.20000076293945,37.36000061035156,37.70000076293945,138616878.0
2026-08-19,37.68000030517578,38.040000915527344,37.31999969482422,37.7599983215332,163846198.0
2026-08-20,38.0,38.459999084472656,37.220001220703125,38.099998474121094,247798021.0
2026-08-21,38.29999923706055,39.02000045776367,37.959999084472656,38.13999938964844,220803958.0
2026-08-24,38.560001373291016,38.779998779296875,38.15999984741211,38.18000030517578,171429991.0
2026-08-25,38.2400016784668,38.560001373291016,37.880001068115234,38.2400016784668,143056787.0
2026-08-26,38.380001068115234,39.31999969482422,38.2599983215332,38.70000076293945,244589914.0
2026-08-27,38.880001068115234,39.099998474121094,38.459999084472656,38.599998474121094,145433991.0
2026-08-28,38.68000030517578,39.52000045776367,38.58000183105469,39.15999984741211,196956485.0
2026-08-31,39.29999923706055,40.099998474121094,38.65999984741211,38.779998779296875,160253563.0
2026-09-01,38.81999969482422,39.099998474121094,37.68000030517578,37.779998779296875,121583478.0
2026-09-02,37.5,38.060001373291016,37.15999984741211,37.599998474121094,158433129.0
2026-09-03,37.70000076293945,37.81999969482422,36.31999969482422,36.58000183105469,127468912.0
2026-09-04,36.540000915527344,37.2599983215332,36.459999084472656,37.20000076293945,83901860.0
2026-09-07,37.2400016784668,38.560001373291016,37.15999984741211,38.31999969482422,114617483.0
2026-09-08,38.7400016784668,40.36000061035156,38.02000045776367,39.91999816894531,182717501.0
2026-09-09,39.720001220703125,40.279998779296875,38.900001525878906,39.08000183105469,173346058.0
2026-09-10,39.2599983215332,39.58000183105469,38.34000015258789,38.97999954223633,112131497.0
2026-09-11,39.0,40.0,38.86000061035156,39.400001525878906,121720014.0
2026-09-14,39.099998474121094,39.540000915527344,38.65999984741211,38.86000061035156,93223239.0
2026-09-15,38.900001525878906,39.29999923706055,38.2599983215332,38.2599983215332,129246491.0
2026-09-16,38.34000015258789,38.459999084472656,34.439998626708984,34.779998779296875,227522412.0
