Date,Open,High,Low,Close,Volume
2021-09-20,0.7727281197596338,0.7771860777488829,0.7638113672712533,0.7652973532676697,253583450.0
2021-09-21,0.7697553112569188,0.7742141057560502,0.7638113672712533,0.7652973532676697,207735920.0
2021-09-22,0.7712412488697805,0.7816439867019653,0.7667832911601999,0.7816439867019653,249543432.0
2021-09-23,0.7801580850852692,0.7905599875314216,0.7623254158105158,0.7682693600654602,462013179.0
2021-09-24,0.7652972973667358,0.7667832832546086,0.743007509048642,0.7504374384880066,350110624.0
2021-09-27,0.7563813436156921,0.7623252868652344,0.7474654287413788,0.7623252868652344,302768391.0
2021-09-28,0.7623253184498114,0.7623253184498114,0.7504374314581893,0.7548953890800476,296398137.0
2021-09-29,0.7593533327243299,0.7667832619573295,0.7548953751845302,0.7638112902641296,326009685.0
2021-09-30,0.7652973040505573,0.7757000418663427,0.7578673745463025,0.7712412476539612,399063419.0
2021-10-01,0.768269282976551,0.7727280772302796,0.7638113252326586,0.7667832970619202,197451857.0
2021-10-04,0.766783339264086,0.7712412972533351,0.762325381274837,0.7652973532676697,283096973.0
2021-10-05,0.7652973532676697,0.7697553112569188,0.7608393952784206,0.7652973532676697,165434163.0
2021-10-06,0.76381127267762,0.7682692301147767,0.7578673294280777,0.7623252868652344,276320650.0
2021-10-07,0.7682692494035583,0.7742140293121338,0.7667832635538644,0.7742140293121338,200322554.0
2021-10-08,0.7742140559654918,0.7771860277671937,0.7682692758522592,0.7712412476539612,177642431.0
2021-10-11,0.7727280783595173,0.780158007943529,0.7712412559328774,0.7771860361099243,182322264.0
2021-10-12,0.7742140642763197,0.784615965693936,0.7727280783595173,0.7771860361099243,241136442.0
2021-10-13,0.7801579995688956,0.7831299713705975,0.7682692758522592,0.7712412476539612,302434136.0
2021-10-14,0.7697553365222378,0.7771861032580986,0.7667833644318575,0.7727281451225281,279596567.0
2021-10-15,0.775700013546727,0.7771859993933269,0.7563813610311302,0.7638112902641296,401466664.0
2021-10-18,0.7623253712304072,0.7638113572072442,0.7534094553693856,0.7593533992767334,269474800.0
2021-10-19,0.7638113263488657,0.7771860361099243,0.7638113263488657,0.7771860361099243,251099056.0
2021-10-20,0.7742140192834044,0.7935318350791931,0.7697552252822796,0.7935318350791931,283394751.0
2021-10-21,0.7905598634183025,0.7994757784009743,0.7712412111127248,0.7935318350791931,449652836.0
2021-10-22,0.7920458874390068,0.8113637041662471,0.7875879297327205,0.8069057464599609,334106749.0
2021-10-25,0.8039337746557701,0.8113637041662471,0.796503845145293,0.8069057464599609,442022980.0
2021-10-26,0.8113637740255016,0.8202804775091802,0.8098777879954613,0.812849760055542,359546954.0
2021-10-27,0.8158224535563435,0.8395982281175307,0.8128496944328221,0.8336542844772339,526638661.0
2021-10-28,0.8321683232778413,0.8410842384758368,0.8217663730070538,0.8366262316703796,340135571.0
2021-11-01,0.8425701940033375,0.8574308403027869,0.8366262504049048,0.8544588685035706,474355390.0
2021-11-02,0.855944858162299,0.8693186813422143,0.8544588231351331,0.8648607730865479,518374101.0
2021-11-03,0.8633748036467904,0.8856646418571472,0.8425702132731028,0.8856646418571472,830905117.0
2021-11-04,0.8990394239879828,0.9213291655759219,0.8916086572132669,0.9183571934700012,861334276.0
2021-11-05,0.9183570050969797,0.9317309260368347,0.9049831825700355,0.9317309260368347,470561733.0
2021-11-08,0.9406476844936279,0.9436196561689704,0.9168711237875535,0.9272729754447937,819767298.0
2021-11-09,0.9257870633351386,0.9421336460793744,0.9198431198270149,0.924301028251648,677064490.0
2021-11-10,0.9243009480896017,0.937675656332744,0.9183570050969797,0.9317309260368347,470229574.0
2021-11-11,0.930245049672865,0.9361897809822479,0.9183571616609423,0.9198431968688965,414558809.0
2021-11-12,0.9317310013664283,0.9465916473527403,0.9317310013664283,0.9451056122779846,504940091.0
2021-11-15,1.0119758875480298,1.038724422454834,0.9986020629527952,1.038724422454834,742794206.0
2021-11-16,1.056556287222667,1.0818188861477793,1.0134619544173917,1.0149478912353516,1221459125.0
2021-11-17,1.0119757777729321,1.0342664015343024,1.0104898411626173,1.028322458267212,500521303.0
2021-11-18,1.0283225452272249,1.1055953888406183,1.0253505733423551,1.071416974067688,1197563077.0
2021-11-19,1.0758748691169657,1.0803328760944968,1.0550702788819257,1.061015009880066,398065755.0
2021-11-22,1.0669590832724976,1.0773610352092318,1.0461544905084879,1.0565563440322876,322599127.0
2021-11-23,1.0535842972572258,1.062501098968501,1.0090039299791673,1.029808521270752,861262511.0
2021-11-24,1.035752387376348,1.0699308992964833,1.029808443826728,1.0535842180252075,839131011.0
2021-11-25,1.0580430917645736,1.0610150637628828,1.029808521270752,1.029808521270752,420957668.0
2021-11-26,1.010489884671193,1.0149477931069968,0.9792841319688875,0.9956300258636475,456729025.0
2021-11-29,1.0000878597715495,1.0000878597715495,0.9703673570679131,0.9852280020713806,425334663.0
2021-11-30,0.982256104016694,0.9867141108667169,0.9688813945761874,0.9763121604919434,587664795.0
2021-12-01,0.9837421933081423,1.0134619125694404,0.9837421933081423,1.0104899406433105,470450380.0
2021-12-02,1.0134618682912697,1.0283225145760577,1.0134618682912697,1.023864507675171,368658675.0
2021-12-03,1.0387243383281033,1.0461543168226413,1.0253505148160205,1.041696310043335,321284331.0
2021-12-06,1.0431824310974247,1.084790825843811,1.0416963959108554,1.084790825843811,414441651.0
2021-12-07,1.0922205640146472,1.1070813075928765,1.069930826428091,1.0981653928756714,791852298.0
2021-12-08,1.1055952612434339,1.142745742026606,1.1041093246789535,1.1382869482040405,794300165.0
2021-12-09,1.1442320604148604,1.203672293278171,1.1442320604148604,1.1576058864593506,920854701.0
2021-12-10,1.159091928611762,1.165035774789713,1.1174834307591073,1.1323432922363281,646882548.0
2021-12-13,1.1368010393142984,1.1962420462054193,1.1293710610722805,1.176923394203186,760292389.0
2021-12-14,1.1843541985901087,1.2645991078253922,1.1843541985901087,1.251224398612976,968898187.0
2021-12-15,1.2928328407896292,1.2987767844470752,1.2319066802038916,1.2452805042266846,756789160.0
2021-12-16,1.2556824037452432,1.3225533962249756,1.2556824037452432,1.3225533962249756,1058441474.0
2021-12-17,1.34335804705042,1.4057702433215984,1.1902981996536255,1.1902981996536255,1322389809.0
2021-12-20,1.1070814262536022,1.2081300451526076,1.0714169762588381,1.129371166229248,1032594293.0
2021-12-21,1.2333926123721908,1.2363645841899753,1.08181880203877,1.115997314453125,1009079693.0
2021-12-22,1.1070814032177307,1.169493598932367,1.092220658355895,1.142745852470398,692273648.0
2021-12-23,1.163549633636045,1.1724655489575617,1.1055953475363638,1.1501758098602295,525438591.0
2021-12-24,1.1531478237175827,1.163549676099169,1.1427458729230724,1.1546337604522705,339332226.0
2021-12-27,1.153147745318602,1.185840221104625,1.153147745318602,1.1843541860580444,478057865.0
2021-12-28,1.1769234974928704,1.1769234974928704,1.0981655047070742,1.1085673570632935,537009690.0
2021-12-29,1.096678682259699,1.1263991883136037,1.075874879134337,1.1085673570632935,480778748.0
2021-12-30,1.1130254164169406,1.1323431853066392,1.0966787338256836,1.0966787338256836,504393241.0
2021-12-31,1.1026233809260007,1.1085673245015135,1.061014988594046,1.0684449672698975,351138936.0
2022-01-03,1.0699309585438532,1.1011375004172392,1.065473049841242,1.0951926708221436,227045123.0
2022-01-04,1.099651387654434,1.1174832180325935,1.0699308830541525,1.087762713432312,315235876.0
2022-01-05,1.0862768299034797,1.110053392207281,1.0803328861533763,1.1085673570632935,214377452.0
2022-01-06,1.0966785705797064,1.117483158889826,1.0951925355870489,1.0981653928756714,328300428.0
2022-01-07,1.1041094176759656,1.15166175365448,1.1011374458837688,1.15166175365448,505826062.0
2022-01-10,1.1724657478493046,1.1828684873322353,1.1576058864593506,1.1576058864593506,259392288.0
2022-01-11,1.1665218032933231,1.1798965150542444,1.13382932093193,1.1576058864593506,380254912.0
2022-01-12,1.1709796689749195,1.1784096486001696,1.153147934382772,1.1650357246398926,313197873.0
2022-01-13,1.1665216262537874,1.1858402796387555,1.1650355911338548,1.173951506614685,375163493.0
2022-01-14,1.1754375950587896,1.1962421860945767,1.1531478545519922,1.1828683614730835,326000419.0
2022-01-17,1.205158041764613,1.2259627301738278,1.2007001332511618,1.22447669506073,396798376.0
2022-01-18,1.2215046996467214,1.254196388961105,1.160577654838562,1.160577654838562,554798862.0
2022-01-19,1.175437482898661,1.240822434425354,1.1709794761749281,1.240822434425354,604608873.0
2022-01-20,1.254196509441895,1.269057156952062,1.193270246084385,1.2170460224151611,795853173.0
2022-01-21,1.2125880134705285,1.231906666654586,1.200700126286387,1.2229907512664795,423952330.0
2022-01-24,1.2185320501213854,1.2423086136088417,1.16652170320893,1.1694936752319336,492746605.0
2022-01-25,1.1843542761968873,1.209616086608048,1.15611980498882,1.202186107635498,281940380.0
2022-01-26,1.206644227418653,1.2170460808563888,1.1932703033839256,1.200700283050537,181114194.0
2022-01-27,1.1754374433681725,1.2125879246058644,1.1694935002117044,1.2111018896102905,241792679.0
2022-01-28,1.2140741505019401,1.2289348976506436,1.202186261356124,1.2051582336425781,205068597.0
2022-01-31,1.214073902018373,1.240822434425354,1.21258796538574,1.240822434425354,295829793.0
2022-02-01,1.2452804763106538,1.2631130941866056,1.2408224694610455,1.2437944412231445,274969811.0
2022-02-02,1.2631130642804669,1.2898608095060642,1.2571683335936619,1.286888837814331,404227636.0
2022-02-03,1.2720289662055337,1.298776711154615,1.2333925473090854,1.2393364906311035,329267791.0
2022-02-04,1.2393366324790898,1.2467665132755394,1.2125880971651803,1.2200188636779785,241489057.0
2022-02-07,1.2155600957536448,1.2348787506936512,1.1590918391929812,1.2333927154541016,556210128.0
2022-02-08,1.23339263503262,1.2675711480749174,1.230420663160233,1.2631131410598755,397678136.0
2022-02-09,1.2854029503426203,1.2898608588442797,1.266085084400973,1.2809449434280396,376900480.0
2022-02-10,1.282431082909647,1.3121515906859946,1.2779730756322454,1.2898609638214111,548811033.0
2022-02-11,1.2779729211160347,1.3121514320373535,1.2616271260387217,1.3121514320373535,425259426.0
2022-02-14,1.2928328805626694,1.300262859569516,1.2527104231307342,1.275001049041748,627905839.0
2022-02-15,1.2809450603047738,1.3076936947103985,1.2750011161516064,1.3002629280090332,319424369.0
2022-02-16,1.301749816194008,1.3032357531007588,1.2854031324386597,1.2854031324386597,177916798.0
2022-02-17,1.2883748654138947,1.3032355110899356,1.2660850286483765,1.2660850286483765,300379584.0
2022-02-18,1.2839168728980814,1.2839168728980814,1.2601403119354044,1.2764869928359985,209518984.0
2022-02-21,1.2854029575602124,1.2928328379090044,1.2571683887404177,1.270543098449707,271754554.0
2022-02-22,1.2467665210076742,1.2839170077625244,1.2333926961259527,1.267571210861206,329552108.0
2022-02-23,1.269057179346279,1.275001123533862,1.2467665521329323,1.2556824684143066,254872685.0
2022-02-24,1.1590916772163913,1.1858402093773992,1.1308571100234985,1.1308571100234985,312597858.0
2022-02-25,1.1442318048596347,1.1873261313627466,1.1249131528574017,1.176923394203186,374136475.0
2022-02-28,1.2437945247862765,1.2437945247862765,1.1694936511352536,1.1828683614730835,537716314.0
2022-03-01,1.1917843044118233,1.2423086162121901,1.1888123323825917,1.1962422132492065,430319867.0
2022-03-02,1.1992142890696702,1.2229909530777356,1.1917844075600037,1.2051582336425781,252211217.0
2022-03-03,1.2170460653939008,1.2244768322695745,1.2036722399420208,1.2096161842346191,268725404.0
2022-03-04,1.199214200331271,1.2081301165308806,1.185840375238321,1.1873263120651245,249629831.0
2022-03-07,1.1694936403685503,1.1798963786488417,1.1590917878045877,1.166521668434143,359735128.0
2022-03-08,1.1516615806151784,1.1798961449085779,1.1501756441488051,1.1680073738098145,206562861.0
2022-03-09,1.1754377016321143,1.2155601632636372,1.1754377016321143,1.2125881910324097,285959826.0
2022-03-10,1.2155600304209184,1.2215047615371846,1.1917842551694373,1.202186107635498,195327983.0
2022-03-11,1.2066442689922736,1.2200189807912816,1.1992142890696702,1.2051582336425781,161582480.0
2022-03-14,1.2051579935353403,1.2333925611413605,1.2051579935353403,1.2304205894470215,155860218.0
2022-03-15,1.2244765968599707,1.2690569577871986,1.2244765968599707,1.2616270780563354,285161065.0
2022-03-16,1.2675710212061915,1.2690569577871986,1.249738306040402,1.2616270780563354,165784572.0
2022-03-17,1.2645991680115714,1.297290858396079,1.2631131328785414,1.292832851409912,244501368.0
2022-03-18,1.2898608374895162,1.2943188443302907,1.2794589855492418,1.288374900817871,121097885.0
2022-03-21,1.2913468566714823,1.3121514460121035,1.2913468566714823,1.3032355308532715,166322667.0
2022-03-22,1.3032355835102662,1.3448439765693423,1.298776789240888,1.343358039855957,186887071.0
2022-03-23,1.3448439929167173,1.3582179155643634,1.3329553181100544,1.3403851985931396,222400272.0
2022-03-24,1.3418721704341718,1.3478161148475605,1.2943190405201122,1.2958049774169922,258561216.0
2022-03-25,1.3002628523810047,1.3136374640446913,1.2735151052474976,1.2735151052474976,229046982.0
2022-03-28,1.2794591059878113,1.2854030500597486,1.264599245807968,1.2690571546554565,190695438.0
2022-03-29,1.2751065720898582,1.3120662686033109,1.2751065720898582,1.304365634918213,241752157.0
2022-03-30,1.3089862863443988,1.3813649569325037,1.3089862863443988,1.3782850503921509,341128623.0
2022-03-31,1.3829048315509975,1.4060049970314554,1.3490259622717347,1.3598055839538574,267989947.0
2022-04-01,1.365965485572815,1.3813650189661326,1.3551858631910136,1.365965485572815,243408051.0
2022-04-04,1.3721252363105554,1.4229445610791216,1.3721252363105554,1.4198646545410156,366572551.0
2022-04-05,1.424484522269573,1.462984222478015,1.4029251756111627,1.4183247089385986,377123114.0
2022-04-06,1.4183248322034976,1.4306444599361303,1.3952255811983365,1.4075452089309692,264670225.0
2022-04-07,1.4167847908657087,1.490704181809175,1.4167847908657087,1.4799245595932007,401584856.0
2022-04-08,1.4937842351145683,1.563083823909129,1.4937842351145683,1.5584630966186523,476199575.0
2022-04-11,1.567703597549351,1.647782802581787,1.567703597549351,1.647782802581787,667584494.0
2022-04-12,1.6323825286755873,1.6755020398440734,1.5985027379225547,1.6462429761886597,656497030.0
2022-04-13,1.6631823067834868,1.6708821242998944,1.5969626319004977,1.6123629808425903,479348038.0
2022-04-14,1.6200628419444891,1.655482635792529,1.6200628419444891,1.6447029113769531,336976363.0
2022-04-15,1.6447028346593602,1.6770419044105813,1.6277624817536012,1.660102367401123,248136761.0
2022-04-18,1.6631823453598944,1.7063018547845115,1.6477828119569367,1.6970621347427368,372128721.0
2022-04-19,1.7093817662838293,1.7170815840005347,1.6354623739485834,1.6585625410079956,513665069.0
2022-04-20,1.666262298332539,1.6878224615919994,1.6508627645017522,1.673962116241455,331506907.0
2022-04-21,1.6785819094888446,1.7016820769059802,1.6785819094888446,1.6909023523330688,246432662.0
2022-04-22,1.6862825364694791,1.7016820700926634,1.61082313892966,1.6139030456542969,322792217.0
2022-04-25,1.6400822291820287,1.661642494497572,1.6154429749738721,1.6493228673934937,411189306.0
2022-04-26,1.6554826374374403,1.6816617933520643,1.6108231234689792,1.6169829368591309,391017971.0
2022-04-27,1.6200628815482334,1.660102485419576,1.6077432544790076,1.6431621313095093,363445414.0
2022-04-28,1.6524026805818153,1.6785818357017412,1.6293025141801167,1.6370022296905518,231835675.0
2022-04-29,1.6400822141531632,1.6447029411647343,1.596962703787653,1.6216027736663818,263239571.0
2022-05-05,1.6447029925475858,1.6678023448712411,1.5969627536790318,1.601583480834961,314557101.0
2022-05-06,1.5938828257599877,1.6339224300991737,1.5877230121534005,1.6293026208877563,391067092.0
2022-05-09,1.626222782212781,1.6708822996213784,1.623142875280459,1.6662623882293701,314301590.0
2022-05-10,1.6785818692124692,1.6785818692124692,1.6400821690342646,1.647782802581787,88647344.0
2022-05-11,1.6385423910523007,1.6462430251842575,1.5784833396744782,1.606203317642212,319487229.0
2022-05-12,1.5784832115264336,1.5985026557239954,1.543063418198667,1.5707834959030151,491624928.0
2022-05-13,1.5877230793787218,1.5877230793787218,1.5461434688838558,1.5584630966186523,197133958.0
2022-05-16,1.5569229609619624,1.5569229609619624,1.4922441091449552,1.4953240156173706,320819218.0
2022-05-17,1.498404010066993,1.503023819053346,1.4706839323043823,1.4706839323043823,369488191.0
2022-05-18,1.4706839731634302,1.5569230956300257,1.466064164048728,1.5307438373565674,467283439.0
2022-05-20,1.5276638566958416,1.5754032757273075,1.516884234625121,1.5353636741638184,384999082.0
2022-05-23,1.5446034956511538,1.5661636590957642,1.5230441481029091,1.5661636590957642,266630924.0
2022-05-24,1.567703618661855,1.5707835253664009,1.5415235447833522,1.5476833581924438,249507005.0
2022-05-25,1.5553831184317535,1.5815631930587961,1.529203961688122,1.5661636590957642,321567670.0
2022-05-26,1.5615439214358047,1.573863549170601,1.5476834733442306,1.5584630966186523,260408923.0
2022-05-27,1.5584631009347236,1.5892630882404666,1.5476834776304482,1.5646238327026367,337284690.0
2022-05-30,1.5738635545963964,1.6447030461084962,1.5738635545963964,1.6246827840805054,299894082.0
2022-05-31,1.6262227248228693,1.6755020498973416,1.620062911175607,1.667802333831787,347254709.0
2022-06-01,1.6678022625605917,1.6847416983731565,1.6447029113769531,1.6447029113769531,368143641.0
2022-06-02,1.6508626351331184,1.6662621677571323,1.6400820954064956,1.652402639389038,359056764.0
2022-06-03,1.6570225381450157,1.6601024448370314,1.6262226553285204,1.6447029113769531,199252115.0
2022-06-06,1.6508626588536888,1.715541512700186,1.6508626588536888,1.7093816995620728,401160159.0
2022-06-07,1.6986020490297749,1.7247813054205017,1.6801217940295705,1.7186214923858643,270409392.0
2022-06-08,1.7217015090591092,1.729402143191066,1.592342971703673,1.606203317642212,389382871.0
2022-06-09,1.6062031551295841,1.6323824120972734,1.5707834644970338,1.6046632528305054,313697719.0
2022-06-10,1.5908028997754433,1.727862065448404,1.5892629973858872,1.673962116241455,627958276.0
2022-06-13,1.6708822172381126,1.7632811544318763,1.6678023104576463,1.7232414484024048,577215284.0
2022-06-14,1.7350135755910456,1.7418577220937737,1.6391941987212924,1.6426162719726562,284613532.0
2022-06-15,1.6460384650847233,1.6528827136488133,1.581018256706434,1.632349967956543,391207432.0
2022-06-16,1.6426163086124723,1.6494605572549097,1.5536412802348774,1.6118172407150269,423519585.0
2022-06-17,1.6083951463743043,1.676837529917461,1.6083951463743043,1.669993281364441,289765535.0
2022-06-20,1.673415407199564,1.6905259781259343,1.6357720899693204,1.6563048362731934,198281400.0
2022-06-21,1.6734153881761105,1.704214456288271,1.6699933148245576,1.6768375635147095,231978370.0
2022-06-22,1.6631489992141724,1.6939480660870692,1.6426162539698939,1.6631489992141724,264729727.0
2022-06-23,1.6631490011374621,1.6734153227779525,1.604973042525294,1.6255056858062744,271309472.0
2022-06-24,1.628927844702342,1.6357719910694506,1.5912845297480385,1.6083950996398926,245588087.0
2022-06-27,1.5604853801907368,1.5981286931438796,1.5536411322004346,1.5775959491729736,240070980.0
2022-06-28,1.5741739104960788,1.5912844798514103,1.5262642755063351,1.557063341140747,257725932.0
2022-06-29,1.5365307911580466,1.5673298606898394,1.485198974609375,1.485198974609375,207031125.0
2022-06-30,1.4817768487841914,1.5262644147565503,1.4749326000202094,1.4988874197006226,272066207.0
2022-07-01,1.478354722285544,1.5673297490467692,1.478354722285544,1.5399527549743652,282818437.0
2022-07-04,1.5502192688096639,1.5775961624855666,1.502309628386547,1.5057317018508911,171096520.0
2022-07-05,1.5057317018508911,1.54679709335827,1.492043204019415,1.5057317018508911,259517332.0
2022-07-06,1.5194201469421387,1.5331086442984767,1.5023095762402392,1.5194201469421387,143591815.0
2022-07-07,1.5228422177839502,1.5604855344584663,1.519420144444015,1.5467970371246338,204919765.0
2022-07-08,1.5399526870137379,1.5536411834458441,1.533108540784724,1.536530613899231,40577787.0
2022-07-13,1.5365307513412858,1.5467970735901642,1.502309609186992,1.5262644290924072,204932875.0
2022-07-14,1.526264343588544,1.5433749137071284,1.5125758466988595,1.5331085920333862,127448207.0
2022-07-18,1.5536411490735298,1.6152392796681894,1.5536411490735298,1.6049729585647583,194981905.0
2022-07-19,1.598128856558531,1.6871038855564144,1.594706681219932,1.6768375635147095,247807090.0
2022-07-20,1.6939481689304428,1.7042144911823522,1.6597270267660453,1.6734154224395752,282742975.0
2022-07-21,1.676837597848244,1.7042144911823522,1.6597270267660453,1.6734154224395752,303087520.0
2022-07-22,1.690525940845813,1.7042144380798645,1.6734153702967713,1.6871038675308228,196763987.0
2022-07-25,1.6905259336359344,1.7829232385781961,1.6871038603355388,1.779500961303711,351988347.0
2022-07-26,1.7897674215490955,1.810300065742805,1.748701929187583,1.7589683532714844,299335202.0
2022-07-27,1.779501049672067,1.789767474057164,1.7452799070205425,1.7555463314056396,229295707.0
2022-07-28,1.779501049672067,1.8034559719125938,1.7452799070205425,1.7555463314056396,401118325.0
2022-07-29,1.7589682501512913,1.7897673166232952,1.7487018266692627,1.7863452434539795,226432657.0
2022-08-02,1.8650541305541992,1.8753203510768242,1.844521281560746,1.8650541305541992,184134240.0
2022-08-03,1.885586666315214,1.9369183778762817,1.8616319491763518,1.9369183778762817,289881530.0
2022-08-04,1.9642952491613743,2.0772250891060495,1.9540288259031031,2.0669586658477783,377454492.0
2022-08-05,2.0943356892804514,2.272285736532093,2.073803046436745,2.1969993114471436,649219837.0
2022-08-08,2.200421626005795,2.220954271102189,2.138823486742511,2.176466703414917,431313590.0
2022-08-09,2.118290720418748,2.145667510989163,2.0224714434870688,2.0395820140838623,1159029600.0
2022-08-10,2.029315453857579,2.0772250891060495,2.0224713076681162,2.0669586658477783,638480385.0
2022-08-11,2.0874915288818423,2.1354011645094038,2.084069455760033,2.104602098464966,819542770.0
2022-08-12,2.1114463697955763,2.131979217691001,2.0395820140838623,2.0395820140838623,606197217.0
2022-08-15,2.053270526899798,2.087491668352446,2.03958202952392,2.056692600250244,407674360.0
2022-08-16,2.0703808087654143,2.1148681640625,1.9779836173501184,2.1148681640625,752560255.0
2022-08-17,2.1422453687103347,2.323617696762085,2.1217127254499024,2.323617696762085,1149585915.0
2022-08-18,2.3373064390360403,2.457080441935884,2.2346428040049258,2.395482301712036,1269728807.0
2022-08-19,2.3954821147342504,2.4365476063361777,2.3338839793184047,2.3920600414276123,566380727.0
2022-08-22,2.388638035951246,2.583698667657843,2.361261040772535,2.5528995990753174,678493715.0
2022-08-23,2.570010238905925,2.8061363697052,2.556321740949925,2.8061363697052,678924795.0
2022-08-24,2.8916890259453574,2.9395986600943926,2.5768542289733887,2.5768542289733887,1643114462.0
2022-08-25,2.590543004963282,2.7548045672328474,2.5152563706005253,2.6829400062561035,41707362.0
2022-08-26,2.710317022804184,2.8095583756308042,2.5768545278976323,2.645296812057495,2322618415.0
2022-08-29,2.655563178079066,2.7445381047423383,2.58369861810672,2.7240054607391357,1041987812.0
2022-08-31,2.7240053934271793,2.7821814546351247,2.669251405472857,2.7103168964385986,1032265442.0
2022-09-01,2.713738933708656,2.8472016245970657,2.679517793678013,2.751382350921631,1422451715.0
2022-09-02,2.792447687623733,3.0251517295837402,2.754804473707387,3.0251517295837402,1272362927.0
2022-09-05,3.0799055600519005,3.326298102763616,3.0148853510527736,3.2989211082458496,1217962162.0
2022-09-06,3.3878963588160276,3.627444355448484,3.237323087592423,3.603489637374878,1542757872.0
2022-09-07,3.627444260651934,3.7506405331655404,3.4426502598297097,3.5213589668273926,1101031400.0
2022-09-08,3.603489798702526,3.870415210723877,3.4631829454998653,3.870415210723877,1139569982.0
2022-09-09,3.9080575249630276,4.257113456726074,3.8088163885664854,4.257113456726074,827023750.0
2022-09-12,4.5582604838344185,4.61643634318014,4.27080264856138,4.29475736618042,2330664130.0
2022-09-13,4.308445687960446,4.325556666884244,3.866992712020874,3.866992712020874,2256117877.0
2022-09-14,3.6342888186850257,3.6685099601985947,3.4802932739257812,3.4802932739257812,326758697.0
2022-09-15,3.3536750755040563,3.5795347688737658,3.1346595287323,3.1346595287323,898740677.0
2022-09-16,2.939598979875017,3.1483481082347526,2.8232468528743713,2.997774839401245,1840906440.0
2022-09-19,2.9601313774050686,3.0011966625914095,2.7000503540039062,2.7000503540039062,818063995.0
2022-09-20,2.7513824292416116,2.8643122761469932,2.6144976612484356,2.83693528175354,1457573292.0
2022-09-21,2.8198246149765223,2.867734251542286,2.7000504215750705,2.7137389183044434,760091877.0
2022-09-22,2.7171611923413126,2.860890101873248,2.7068947688125737,2.7890255451202393,704512512.0
2022-09-23,2.7856036892150735,2.806136333900035,2.6760959109384483,2.679517984390259,377777787.0
2022-09-26,2.6795177479259964,2.6795177479259964,2.4981456272708313,2.6247639656066895,802573912.0
2022-09-27,2.6316082935436262,2.8061362799453247,2.6213418694114927,2.6829400062561035,917699570.0
2022-09-28,2.6692513775426976,2.7548044318326053,2.600809097290039,2.600809097290039,548963312.0
2022-09-29,2.6247641233357872,2.6829399823008537,2.4947235000615433,2.573432207107544,501234240.0
2022-09-30,2.573432207107544,2.617919772650778,2.535788992249319,2.573432207107544,430370565.0
2022-10-03,2.5871207609021356,2.8300912380218506,2.5802766140420186,2.8300912380218506,501776775.0
2022-10-04,2.925910288839643,2.9875084216545913,2.8095581695340375,2.8266687393188477,793851670.0
2022-10-05,2.854045612241657,2.867734108287234,2.73084935180554,2.7821812629699707,516937010.0
2022-10-06,2.8232467492094475,2.874578460073926,2.8095582521841025,2.8574678897857666,539133175.0
2022-10-07,2.8574678897857666,2.8780007373108276,2.8129805294210044,2.8574678897857666,432085115.0
2022-10-10,2.87457848009582,2.8882669772165075,2.812980549013859,2.819824695587158,351183815.0
2022-10-11,2.826668857862473,2.860890202841334,2.8027141407487686,2.83693528175354,636328622.0
2022-10-12,2.840357287548699,2.891689201809873,2.8061361473573063,2.823246717453003,683763945.0
2022-10-13,2.830091222888363,2.8711565117776696,2.775337232403825,2.8129806518554688,546690490.0
2022-10-14,2.8814226888004026,2.936176470613719,2.8814226888004026,2.92248797416687,764971307.0
2022-10-17,2.9498650705126943,3.2133681774139404,2.9498650705126943,3.2133681774139404,796201870.0
2022-10-18,3.405006617516414,3.432383610494437,3.1825690085116567,3.2407450675964355,885147492.0
2022-10-19,3.257855936630502,3.497403933294809,3.206524019085481,3.45633864402771,1156578537.0
2022-10-20,3.446071968487603,3.5316248182019003,3.3742076155224097,3.384474039077759,1080759722.0
2022-10-21,3.3810517625731693,3.428961399217391,3.3570970462381,3.363941192626953,484660867.0
2022-10-24,3.3913184861134527,3.4289617025300845,3.302343351343466,3.3057656288146973,481343727.0
2022-10-25,3.319453849075899,3.4529161321173856,3.319453849075899,3.381051778793335,749215167.0
2022-10-26,3.3981622994122436,3.4221172194880114,3.3091873773535894,3.3297200202941895,404584150.0
2022-10-27,3.3536748205256974,3.3707853896937614,3.196257421000251,3.2099459171295166,509688005.0
2022-10-28,3.1962576491424257,3.213368219531806,3.049106458230029,3.0970160961151123,334242587.0
2022-10-31,3.114126880725914,3.18941330909729,3.00461910748908,3.18941330909729,644361047.0
2022-11-01,3.2031015670778467,3.295498762969836,3.097015875056592,3.2099459171295166,723096457.0
2022-11-02,3.1996796182475773,3.1996796182475773,3.069639205932617,3.069639205932617,760126280.0
2022-11-03,3.073061511258067,3.114127004342272,2.946443162549389,2.9772422313690186,748967837.0
2022-11-04,3.028574019110833,3.0833280112342667,2.9703979534732103,3.0627951622009277,829895987.0
2022-11-07,3.0970159582947883,3.206523726298071,3.0970159582947883,3.1654584407806396,815648322.0
2022-11-08,3.1654585643180595,3.2099461286765463,3.0901719326324737,3.100438356399536,913320897.0
2022-11-09,3.117548772160538,3.1859910499507507,3.0662170638178785,3.1107044219970703,670617375.0
2022-11-10,3.1175488531122153,3.244167192696384,3.10728242958747,3.216790199279785,729207065.0
2022-11-11,3.3126097269294092,3.319454077796778,3.1141270193353883,3.1415038108825684,677146590.0
2022-11-14,3.148347820219938,3.1859910319976192,3.1243929007439037,3.1688804626464844,623566327.0
2022-11-15,3.199679608380254,3.3297200202941895,3.1107044823475185,3.3297200202941895,1329563547.0
2022-11-16,3.3502527785462983,3.579534747841908,3.2886548476043744,3.394740343093872,1759341495.0
2022-11-17,3.4050067975312768,3.4221173680536174,3.2099461711921364,3.2270567417144775,768074655.0
2022-11-18,3.2373228907186595,3.34340858881227,3.2099461008671515,3.2681219577789307,729773180.0
2022-11-21,3.2989211222478114,3.336564540863037,3.2099461956485613,3.336564540863037,708270180.0
2022-11-22,3.3878962583541763,3.4905596824380765,3.3262981223141996,3.4631826877593994,937661657.0
2022-11-23,3.466605208596782,3.6821984959076,3.4289617872757048,3.647977352142334,1085805097.0
2022-11-24,3.6787763718513604,3.757485078657097,3.5795348170273678,3.6103336811065674,964545390.0
2022-11-25,3.582956999551209,3.5932230153405422,3.4905595938618235,3.5076701641082764,874298792.0
2022-11-28,3.517936484546745,3.6342886035750213,3.5042481919307886,3.5350470542907715,1068864370.0
2022-11-29,3.5590017873169932,3.589801057772031,3.4837153616738403,3.5316247940063477,722950607.0
2022-11-30,3.5350471729448225,3.617178155241777,3.517936602626479,3.545313596725464,885870625.0
2022-12-01,3.600067738442195,3.7301081599965937,3.5898013142237595,3.7164194583892822,1004086617.0
2022-12-02,3.7095750454732372,3.7129973226166344,3.5487353628005045,3.572690486907959,642005412.0
2022-12-05,3.600067783906852,3.6103338003067424,3.473449230194092,3.473449230194092,799702090.0
2022-12-06,3.4768712681408056,3.56926826501294,3.466604844499864,3.4939818382263184,635858422.0
2022-12-07,3.5076701018715304,3.5658463660357858,3.3365644024429355,3.384474039077759,704786587.0
2022-12-08,3.398162345922988,3.459760683536049,3.292076852632825,3.435805559158325,679472322.0
2022-12-09,3.446072088347319,3.627444217639666,3.4221173711837665,3.617178201675415,602039360.0
2022-12-12,3.6308665877885846,3.9012138539720875,3.5624243038861567,3.866992712020874,941250782.0
2022-12-13,3.825927138144052,3.9285905563467614,3.7711731519233425,3.836193561553955,734607637.0
2022-12-14,3.8704145974841904,4.044942566942275,3.716419066348842,3.822504758834839,1091606560.0
2022-12-15,3.9183242838676646,4.19209381756844,3.8806808658974115,4.157872676849365,1201633760.0
2022-12-16,4.209204333508954,4.294757184200566,4.1886714861637,4.1955156326293945,274772775.0
2022-12-19,4.298179483380601,4.67803430557251,4.298179483380601,4.67803430557251,1377398337.0
2022-12-20,4.667768166654948,4.667768166654948,4.29133519077094,4.435064315795898,1235991760.0
2022-12-21,4.482973690998079,4.619858667236841,4.35635554691894,4.366621971130371,980823402.0
2022-12-22,4.411109481596872,4.530883477335517,4.352933214450981,4.4042649269104,697283707.0
2022-12-23,4.4076866268136135,4.527460606860968,4.325556060817538,4.452174186706543,659001542.0
2022-12-26,4.513772920370636,4.565104632987617,4.428220066009001,4.441908359527588,487037645.0
2022-12-27,4.448752012000212,4.541149410803348,4.4008425820600365,4.4453301429748535,722436147.0
2022-12-28,4.435063700804979,4.445330123732904,4.216048174152425,4.2981791496276855,606620862.0
2022-12-29,4.305023629209218,4.469285184940838,4.305023629209218,4.421375751495361,436067355.0
2022-12-30,4.452174252905892,4.520616528236334,4.3700432777404785,4.3700432777404785,636704395.0
2023-01-02,4.400842733058262,4.52403899705736,4.390576309733644,4.469285011291504,566205427.0
2023-01-03,4.482973570801491,4.496662272032444,4.315290142320714,4.335822582244873,552312495.0
2023-01-04,4.376887969523516,4.459018539328269,4.216048291071298,4.287912845611572,682222452.0
2023-01-05,4.315290071996028,4.346088935354438,4.092852250164605,4.120229244232178,440933942.0
2023-01-06,3.8841030167318045,4.219470674401262,3.760906750973561,4.130495548248291,643931235.0
2023-01-09,4.205781944291487,4.212626090574904,3.9080577054552887,3.966233968734741,485028680.0
2023-01-10,3.997033208963263,4.031254351564631,3.7985505002856863,3.825927495956421,422890582.0
2023-01-11,3.843037770424268,3.9114800503405838,3.576112389212836,3.586378812789917,472518750.0
2023-01-12,3.6787764468526096,3.7437964536557127,3.442650321621366,3.7164194583892822,451790735.0
2023-01-13,3.668509856331691,3.788283848238008,3.6137558682809625,3.6958868503570557,388466952.0
2023-01-16,3.7677511869348015,3.887525592708563,3.7506406158168635,3.880681037902832,460087835.0
2023-01-17,3.901214105461628,3.9970333906916,3.856726536467546,3.9046363830566406,505256412.0
2023-01-18,3.9251687062541656,4.010721972012091,3.812238852355694,3.8943698406219482,563408647.0
2023-01-19,3.8943694619992164,4.07231971530112,3.8806807613115963,3.9765000343322754,538746097.0
2023-01-20,4.003876969988697,4.253691776438655,3.976499976956636,4.205781936645508,619923485.0
2023-01-23,4.270802659996206,4.414531374043456,4.1133852444527195,4.1852498054504395,540602847.0
2023-01-24,4.192093334373282,4.2228921942911954,4.044942364652753,4.116806507110596,549968365.0
2023-01-25,4.14076233275893,4.17156119790981,3.8704150615363924,3.973078489303589,496720165.0
2023-01-26,3.969656474921866,3.983345177633518,3.825927748112986,3.843038320541382,522788940.0
2023-01-27,3.822505038773204,3.825927316051696,3.5761124972707887,3.7266857624053955,476312135.0
2023-01-30,3.7061528501495844,3.805394402069238,3.6582434167733187,3.678776264190674,404967047.0
2023-01-31,3.6616658421616664,3.825927404302839,3.6137559988985553,3.72326397895813,516669272.0
2023-02-01,3.7403741916072253,3.767750776051884,3.411850690841675,3.411850690841675,469943270.0
2023-02-02,3.4118508650982884,3.5213588402625238,3.1928355266920736,3.3434085845947266,656411500.0
2023-02-03,3.3536750890318,3.637710641552097,3.333142241206938,3.617178201675415,554757262.0
2023-02-06,3.555580004535094,3.617178138994079,3.3810518209185805,3.528203010559082,85674897.0
2023-02-07,3.5521576158622246,3.5590017621544563,3.1928354480902956,3.2578556537628174,193023115.0
2023-02-08,3.0935940742492676,3.0935940742492676,3.0935940742492676,3.0935940742492676,7.0
2023-02-15,3.552157757874043,3.5829570293426514,3.4426501889758483,3.5829570293426514,69180942.0
2023-02-16,3.908057675873757,3.908057675873757,3.682197994593462,3.7814395427703857,308058215.0
2023-02-17,3.7129973500850033,3.8498819096629386,3.706152795747573,3.736952066421509,215661937.0
2023-02-20,3.754063143333504,3.860148854511939,3.723264276448524,3.7711737155914307,180465100.0
2023-02-21,3.7609070664433717,3.822505204489426,3.6377107903512633,3.661665916442871,240178790.0
2023-02-22,3.6616656402432772,3.7882837762632344,3.6411327931273205,3.736952066421509,214892492.0
2023-02-23,3.7472189960199773,3.890947721396919,3.7129978515041238,3.7711737155914307,327930765.0
2023-02-24,3.7745954676141706,3.8053943302104436,3.678776194722861,3.6993086338043213,165565905.0
2023-02-27,3.7301079093849325,3.9901887350198955,3.6479769291037076,3.9765000343322754,446189620.0
2023-02-28,3.98676670690244,4.055208990771431,3.853304416537184,3.8875255584716797,403246372.0
2023-03-01,3.928590098228196,4.051786348884619,3.894368962817869,3.983344078063965,339155807.0
2023-03-02,4.017565589862792,4.140761852060945,3.9936108744209706,4.099696159362793,428679032.0
2023-03-03,4.068897212883975,4.0791636358442895,3.890946969433574,4.0346760749816895,500043760.0
2023-03-06,4.0757419111817,4.435064315795898,4.05863133991189,4.435064315795898,679737917.0
2023-03-07,4.57194877974691,4.715677901433007,4.435064212768295,4.441908359527588,967036082.0
2023-03-08,4.445330705750655,4.88336181640625,4.428220134613242,4.88336181640625,1036218242.0
2023-03-09,4.883361596122784,5.157130721971939,4.708833615214677,4.859406471252441,1383266910.0
2023-03-10,4.790964509075043,5.181086192126103,4.790964509075043,4.982603073120117,1187379442.0
2023-03-13,5.030512778595443,5.071578067481047,4.780697951999891,4.849140644073486,802439480.0
2023-03-14,4.876517291399661,5.071578129916998,4.821763708194185,4.917582988739014,990832257.0
2023-03-15,4.941538016074544,5.0407795802564825,4.8012311599320405,5.003136157989502,1137338815.0
2023-03-16,5.047623380890748,5.160553231986767,4.962070525204097,5.030512809753418,824162450.0
2023-03-17,5.09895547257604,5.174241909575885,5.037357330322266,5.037357330322266,1098672110.0
2023-03-20,4.965492599400272,5.0476235890148065,4.773854031581237,4.790964603424072,881198375.0
2023-03-21,4.811497121497669,4.883361681468305,4.664346132192384,4.6677680015563965,759482312.0
2023-03-22,4.705411657954962,4.756743372542505,4.613014653287027,4.688301086425781,514458897.0
2023-03-23,4.688300950020235,4.849140644073486,4.650657530571986,4.849140644073486,461016630.0
2023-03-24,4.8525624555541205,4.886783597208101,4.739632606506348,4.739632606506348,514037462.0
2023-03-27,4.777276085682803,4.7978085261649195,4.660923957824707,4.660923957824707,348482170.0
2023-03-28,4.6609238035210545,4.712255514949256,4.438486387332181,4.448752403259277,512668887.0
2023-03-29,4.448752537890669,4.640391096201399,4.407687249094995,4.6232805252075195,558887710.0
2023-03-30,4.578793350065361,4.767009630302662,4.551416354986661,4.626702785491943,659320130.0
2023-03-31,4.578792931219285,4.599325369688958,4.387153983198599,4.438486099243164,533449442.0
2023-04-03,4.483822833227986,4.502244437702153,4.3180283929604855,4.491191387176514,539350252.0
2023-04-04,4.502244181691308,4.579615091765549,4.458032421308459,4.575930595397949,353902345.0
2023-04-05,4.5832993408980185,4.645933146536604,4.458032608032227,4.458032608032227,387638275.0
2023-04-06,4.476454567900522,4.520666333647953,0.36843247009278096,4.410136699676514,243656635.0
2023-04-07,4.413820598309924,4.43592669999029,4.2185514974857075,4.351187229156494,236244245.0
2023-04-10,4.380661636384767,4.4764541526223525,4.376977139911905,4.443295001983643,225428142.0
2023-04-11,4.461716235665212,4.505928432847719,4.4248730308168875,4.47645378112793,333400767.0
2023-04-12,4.483822936697291,4.598037062755024,4.46171683513589,4.524350643157959,584788475.0
2023-04-13,4.539087589608602,4.601720956192528,4.4654011726379395,4.4654011726379395,504281252.0
2023-04-14,4.487507273411414,4.55014063999534,4.4543481222512025,4.4654011726379395,286709942.0
2023-04-17,4.476454106106448,4.528034420956436,4.4138203019527324,4.424873352050781,271314292.0
2023-04-18,4.439610898583405,4.494875709867969,4.4138203019527324,4.424873352050781,282920780.0
2023-04-19,4.432242166170895,4.660670417601677,4.347502696047124,4.528034687042236,516337080.0
2023-04-20,4.421189637138735,4.454348350794562,4.358555828135509,4.3696088790893555,182213075.0
2023-04-24,4.399083433668059,4.4543482479556635,4.314343963919258,4.32539701461792,276700715.0
2023-04-25,4.336450252450888,4.362240412390239,4.178023917609547,4.211183071136475,294846892.0
2023-04-26,4.196446256126905,4.259079631565632,4.104337782686042,4.130128383636475,303237750.0
2023-04-27,4.13381203008057,4.211182946820319,4.093284323368185,4.1632866859436035,285746252.0
2023-04-28,4.178023819917333,4.185392813332603,3.920121348142751,3.9901232719421387,248016347.0
2023-05-02,3.9974924055769163,4.067494331831752,3.9311745369532303,3.9459116458892822,217066967.0
2023-05-03,3.9717016920204515,4.019597953495116,3.8390663977895105,3.905383825302124,244640180.0
2023-05-04,3.883278244003538,3.990123380976083,3.868540695975989,3.9238059520721436,291463120.0
2023-05-05,3.9311745064830563,4.063810242702381,3.8943312952227687,3.9238059520721436,253440932.0
2023-05-08,3.9606489450067057,4.3143439292907715,3.916436742566924,4.3143439292907715,467003772.0
2023-05-09,4.3106593456349955,4.701197970467475,4.266447583293735,4.4654011726379395,1163623837.0
2023-05-10,4.476454829257345,4.837518409152475,4.458033222519897,4.723304271697998,1114550377.0
2023-05-11,4.745409684523235,5.194897174835205,4.745409684523235,5.194897174835205,1073644465.0
2023-05-12,5.427010282049233,5.493328148999209,5.147001266479492,5.147001266479492,1484549980.0
2023-05-15,4.634880065917969,4.634880065917969,4.634880065917969,4.634880065917969,27934875.0
2023-05-16,4.174339294433594,4.266447309741217,4.174339294433594,4.174339294433594,1327055185.0
2023-05-17,4.2222358948784535,4.262763161398485,4.056441014585914,4.119074821472168,971622867.0
2023-05-18,4.1227589580268305,4.1817082694497065,3.9643330678828446,3.9717016220092773,642681317.0
2023-05-22,4.008545299308999,4.0195979109737054,3.7653794977769923,3.7874855995178223,525456647.0
2023-05-23,3.805907032552849,3.9274897082208833,3.7801168744913114,3.8206441402435303,506723912.0
2023-05-24,3.8427503581609574,3.9643330375363726,3.758010888341383,3.761695384979248,493318627.0
2023-05-25,3.7764324599541177,3.857487871629689,3.7469578047271557,3.83906626701355,424859900.0
2023-05-26,3.853803475489643,3.949595997673078,3.7948541634989583,3.8832781314849854,478996340.0
2023-05-29,3.9201214552638257,4.045388637072238,3.761695559003444,3.9238059520721436,757880570.0
2023-05-30,4.0674939668767385,4.306975259643122,4.056440916563568,4.273816108703613,1263402445.0
2023-05-31,4.251711007577453,4.3217129367763025,4.108022212982178,4.108022212982178,791729185.0
2023-06-01,4.152233723908137,4.277500904203995,4.152233723908137,4.200129985809326,472825572.0
2023-06-02,4.491190968857386,4.568561876124672,4.410136004561823,4.51698112487793,920950067.0
2023-06-05,4.734356686751545,4.734356686751545,4.531719039896911,4.65330171585083,633402042.0
2023-06-06,4.6311957157056165,4.73067273223344,4.54277218902055,4.697513580322266,624193490.0
2023-06-07,4.7896216139813585,5.018049863622311,4.679091985783105,4.892782688140869,846149360.0
2023-06-08,4.8854144224248035,5.1027896342336305,4.878045867951189,5.006997108459473,648658667.0
2023-06-09,5.047524220598749,5.084367427820182,4.907519945316168,4.955416202545166,453523795.0
2023-06-12,4.977522473664049,5.025418736765755,4.826465129852295,4.826465129852295,327868312.0
2023-06-13,4.83751759950648,4.955416214258283,4.7233034811678,4.782252788543701,505787847.0
2023-06-14,4.81909624846349,5.051208993721046,4.774884485216874,4.878045558929443,798713392.0
2023-06-15,4.955416983319802,5.0843682289123535,4.907520718544277,5.0843682289123535,624905995.0
2023-06-16,5.088052378573168,5.128579646612309,4.944363594055176,4.944363594055176,526183667.0
2023-06-19,4.944363564615669,4.959100673050207,4.745409965515137,4.745409965515137,492284632.0
2023-06-20,4.745409840279052,4.933310383491943,4.726988235619188,4.885414123535156,513901867.0
2023-06-21,4.940679261925156,4.973838416013596,4.7712003122439555,4.826465129852295,414534337.0
2023-06-22,4.837517853083388,4.929626315388577,4.71225111735036,4.878045558929443,729288507.0
2023-06-23,4.951731888578735,5.143316924553345,4.944363334704102,5.029102802276611,628851842.0
2023-06-26,5.228056760911812,5.25016242409504,5.165422950545027,5.176476001739502,372389665.0
2023-06-27,5.154370362358548,5.235425339482798,5.11752715101064,5.1801605224609375,241478930.0
2023-07-03,5.250162124633789,5.312795931428037,5.224371966121526,5.250162124633789,493189687.0
2023-07-04,5.283321425489854,5.397535552533235,5.279636928795922,5.301743030548096,807089755.0
2023-07-05,5.320164485402156,5.3275330393762745,5.0991047917387275,5.250162124633789,490445185.0
2023-07-06,5.272267910025433,5.30911111689532,5.128579139709473,5.128579139709473,488031160.0
2023-07-07,5.1322641268998845,5.213319101924148,5.0954209165065185,5.1248955726623535,253881952.0
2023-07-10,5.217003196079729,5.224371749748672,5.1396322845416424,5.154369831085205,279426702.0
2023-07-11,5.26858353062598,5.4159568005830865,5.15805390756241,5.349638938903809,980379930.0
2023-07-12,5.342270949551973,5.544908613241338,5.30174324113181,5.3864827156066895,1279766400.0
2023-07-13,5.415957005919277,5.522802136582629,5.390166847401127,5.43806266784668,1033698385.0
2023-07-14,5.50069622985838,5.548592487378108,5.309111199779468,5.33858585357666,548527585.0
2023-07-17,5.382797661102406,5.460168573086738,5.283321087983749,5.3570075035095215,502291197.0
2023-07-18,5.37174537835976,5.445432243618391,5.0843682289123535,5.0843682289123535,491969297.0
2023-07-19,5.084367730463941,5.25753116607666,5.04752452104944,5.25753116607666,368322967.0
2023-07-20,5.2870055514033645,5.3901670681115,5.180160416365041,5.323849201202393,522854765.0
2023-07-21,5.2980582095603985,5.360692014289176,5.169106982045804,5.183844089508057,275358587.0
2023-07-24,5.202266026585328,5.23542517930739,5.065946236609859,5.121211051940918,251964560.0
2023-07-25,5.158054237415216,5.312796070964356,5.147001186560891,5.294374465942383,480968637.0
2023-07-26,5.268584008838581,5.294374607925556,5.110158113559848,5.161738872528076,455105680.0
2023-07-27,5.2170035491678135,5.305427516796708,5.172791784956219,5.294374465942383,625181255.0
2023-07-28,5.471221631091127,5.640700562725356,5.445431473461313,5.544908046722412,870839630.0
2023-07-31,5.574382771191728,5.644384691242939,5.519117958770555,5.567014217376709,731486960.0
2023-08-01,5.548592769701653,5.7659679682114655,5.4749059118564976,5.637016296386719,940767747.0
2023-08-02,5.637016265545104,5.865444513442184,5.574382897885391,5.802811145782471,771960955.0
2023-08-03,5.828601407671835,5.861760120783831,5.648069416268449,5.659122467041016,534520440.0
2023-08-04,5.681228716279183,5.9243940827743335,5.651754059854662,5.917025089263916,696972185.0
2023-08-07,5.961237406676233,5.972290457945982,5.850707772390188,5.957552909851074,444255360.0
2023-08-08,6.060714058730629,6.152822088351543,5.8801820571502,5.979659080505371,751179920.0
2023-08-09,6.00176459566342,6.572835243601599,5.979658932624526,6.495464324951172,1128832702.0
2023-08-10,6.532307681303059,6.93389895298183,6.292826365674425,6.362828731536865,1728232820.0
2023-08-11,6.359143792824484,6.469673859622327,6.1601906388409,6.3738813400268555,955551822.0
2023-08-14,6.403356190707579,6.554413528710604,6.241245801766773,6.267035961151123,722683612.0
2023-08-15,6.285456971927285,6.48809504874223,6.112293987629585,6.407039642333984,703389055.0
2023-08-16,6.3554599885289695,6.403356250234134,6.255982968369892,6.281773567199707,496560875.0
2023-08-17,6.289142240657036,6.414409422813753,6.27440469258851,6.340722560882568,523104037.0
2023-08-18,6.355459557472481,6.3886182691393865,6.038607791564707,6.119662761688232,462424972.0
2023-08-21,5.883866107105861,6.300194896416844,5.824916796943704,6.182296276092529,583688477.0
2023-08-22,6.211770990642785,6.2338770919666535,5.939130977539772,6.009133338928223,393609082.0
2023-08-23,6.0201859162367715,6.3444066841878675,5.94649949784944,6.185980796813965,650187587.0
2023-08-24,6.292826078201842,6.7938943500999995,6.255982868127565,6.631783962249756,2111845680.0
2023-08-25,6.668626883639951,7.000216199159689,6.451252129294129,6.882318019866943,969140967.0
2023-08-28,7.258119309791881,7.567602094378662,7.2212761002360395,7.523390769958496,1348277765.0
2023-08-29,7.457072213856179,8.260255560505064,7.398122904875505,8.16446304321289,1735011450.0
2023-08-31,8.282360645401011,8.606581400211873,7.759186744689941,7.759186744689941,906512365.0
2023-09-01,7.818136327376507,8.112881999335823,7.744449909386679,7.869716644287109,782515790.0
2023-09-04,7.980246300620077,8.444471789756907,7.796030254968031,8.238149642944336,954444117.0
2023-09-05,8.230780823510834,8.798166958826142,8.179200505321646,8.687637329101562,953692570.0
2023-09-06,8.849747250674715,9.240285450221439,8.643425100120652,9.048701286315918,830368820.0
2023-09-07,9.107649719264442,9.321340863142774,8.798166932639052,9.048701286315918,792970915.0
2023-09-08,9.063439454958264,9.210812311394738,8.938172702669565,9.100282669067383,551120232.0
2023-09-11,9.137125066338484,9.144494059866142,8.38552286297477,8.400259971618652,624187797.0
2023-09-12,8.42973448898565,8.54026411384889,8.149725051905124,8.186568260192871,615568742.0
2023-09-13,8.20130661935483,8.34131046585318,7.891822952928724,7.93603515625,529256617.0
2023-09-14,7.899191514886991,8.13498787009627,7.633920066269449,7.965508937835693,715245040.0
2023-09-15,7.99498400941024,8.267623571826764,7.862348285463688,7.950771808624268,576453312.0
2023-09-18,7.928665440903105,8.223411972186108,7.840241920723871,8.03919506072998,543863460.0
2023-09-19,8.090776438716924,8.22341216124071,7.972877823493256,8.112881660461426,398669260.0
2023-09-20,8.179200443137233,8.488683228330855,8.105514023881065,8.289730072021484,614430752.0
2023-09-21,8.304467728074444,8.569739206262392,8.142357770698018,8.525527000427246,756404007.0
2023-09-22,8.540264735111847,9.31397304384944,8.466578313176022,9.173968315124512,920042630.0
2023-09-25,9.225547930684234,9.409763971464043,9.15186151437231,9.269760131835938,579824837.0
2023-09-26,9.299233923316981,9.748721393705319,9.100280784021498,9.115017890930176,656598557.0
2023-09-27,9.137124695406438,9.57924320724317,9.115018594132323,9.395027160644531,601625852.0
2023-09-28,9.468714500665023,9.645562449655262,9.299235545620348,9.365553855895996,467349275.0
2023-09-29,9.476082774613152,9.770828455457147,9.431870571121987,9.483450889587402,518156930.0
2023-10-02,9.54240045582893,9.71924839609676,9.453976924900736,9.557138442993164,380101587.0
2023-10-03,9.601349972159946,9.66029928682835,9.188705647892576,9.255023956298828,317425545.0
2023-10-04,9.269760728151576,9.439239672253708,9.078175682051528,9.122387886047363,385044212.0
2023-10-05,9.218180195768966,9.512925873156346,8.886590430296755,9.431870460510254,412625412.0
2023-10-06,9.358184369964073,9.512926207393878,9.129756110598441,9.173968315124512,315867295.0
2023-10-09,8.916066102001196,9.232917901376977,8.88659100530841,8.893959999084473,330207382.0
2023-10-10,9.085543796208576,9.210810524191368,8.989751282429497,9.144493103027344,248326887.0
2023-10-11,9.682404554526522,9.689773547628798,9.2623912727473,9.336077690124512,444615442.0
2023-10-12,9.45397559370959,9.505555906287185,8.901326626799783,9.070805549621582,348798482.0
2023-10-13,8.997119561350033,9.041331761875673,8.71711100764748,8.842378616333008,204692360.0
2023-10-16,8.98975275968283,8.98975275968283,8.606582641601562,8.606582641601562,219067187.0
2023-10-17,8.621319221524095,8.798167160177544,8.56973890215446,8.776061058044434,197668517.0
2023-10-18,8.621319285644208,8.680268598967121,8.2897303864157,8.407629013061523,232339717.0
2023-10-19,8.414996336594932,8.70237388260534,8.32657281413456,8.466577529907227,241684975.0
2023-10-20,8.3413100383728,8.414996454524326,7.928665756559707,7.958140850067139,215111110.0
2023-10-23,8.105514613922821,8.201307141611347,7.9212985523723765,8.14235782623291,285373370.0
2023-10-24,8.1718310076138,8.90869603871011,8.164462893133766,8.842378616333008,431170190.0
2023-10-25,8.871853957019555,8.879222950846161,8.14235782623291,8.14235782623291,288933407.0
2023-10-26,8.245518645076032,8.38552338188522,7.906560733234303,8.216044425964355,697168727.0
2023-10-27,8.2970998461387,8.378154387901557,8.002353262964487,8.216044425964355,385601487.0
2023-10-30,8.13498799086359,8.171831199362346,7.958140941434103,7.994984149932861,296194652.0
2023-10-31,8.068670844309844,8.112882168981393,7.7002378682451385,7.729712963104248,282526707.0
2023-11-01,7.803399056193874,7.825505156810586,7.320752413570717,7.611814022064209,327061660.0
2023-11-02,7.626551199641537,7.751818811481713,7.545496667851791,7.633920192718506,291749372.0
2023-11-03,7.648657030302738,7.751818537679621,7.5676016229645695,7.722343444824219,263040702.0
2023-11-06,7.854979234120891,8.149724894738734,7.854979234120891,8.105513572692871,256546875.0
2023-11-07,8.039195380786996,8.164462990973686,7.862348333387881,7.958140850067139,333501105.0
2023-11-08,7.994984135531687,8.039195458603732,7.611814065105698,7.6412882804870605,432672845.0
2023-11-09,7.574971227729896,7.685500858441319,7.36864907471962,7.3907551765441895,503722977.0
2023-11-10,7.405492257697616,7.493915786258989,7.3391743916737315,7.398123264312744,315780715.0
2023-11-13,7.405492517172939,7.560234356385786,7.2949628829956055,7.2949628829956055,500811002.0
2023-11-14,7.3244372833154054,7.412861251082488,7.180748500396037,7.398123264312744,439711530.0
2023-11-15,7.434966570816885,7.523390978936197,7.331805932559593,7.412861347198486,309994155.0
2023-11-16,7.420228453271568,7.656025671644337,7.420228453271568,7.589707374572754,312724215.0
2023-11-17,7.5602340426669,7.61181436079366,7.530758947729171,7.567602157592773,222252252.0
2023-11-20,7.648656916038601,7.759186536169608,7.619182702034868,7.67076301574707,296031440.0
2023-11-21,7.729713276746788,7.847611904144287,7.61181464934929,7.847611904144287,294161405.0
2023-11-22,7.847611739503,7.906560173553578,7.781293433578959,7.810767650604248,280835635.0
2023-11-23,7.803399064409976,8.053933407644196,7.759186863130003,7.788661956787109,723380500.0
2023-11-24,7.803399128931948,7.928665862379133,7.670763402406713,7.832873344421387,425303742.0
2023-11-27,8.098144983509206,8.356047449406377,7.980246362020225,8.282361030578613,817746702.0
2023-11-28,8.245517574451364,8.319203991074362,8.11288184884769,8.16446304321289,456072487.0
2023-11-29,8.179199916587065,8.208674131027514,8.024458094746324,8.083407402038574,336486840.0
2023-11-30,8.083407904107316,8.282361059965918,7.899191856384277,7.899191856384277,428759415.0
2023-12-01,8.142356850823486,8.252886474512913,8.046564334610375,8.127619743347168,421436975.0
2023-12-04,8.15709353988233,8.37815277592197,8.04656392186251,8.356046676635742,445754717.0
2023-12-05,8.356047406621867,8.407628602266318,8.252886772155762,8.252886772155762,331764582.0
2023-12-06,8.252886077264995,8.55500071883853,8.252886077264995,8.348678588867188,682257977.0
2023-12-07,8.341309357832563,8.36341545655673,8.061300823619474,8.267622947692871,341270587.0
2023-12-08,8.311835969246994,8.378153393583469,8.157094141246708,8.201306343078613,333259895.0
2023-12-11,8.201306016623077,8.267623438319767,8.068670294818348,8.083407402038574,336625277.0
2023-12-12,8.090777808598043,8.363417414251673,8.068671704699316,8.26025676727295,616857052.0
2023-12-13,8.238150577048117,8.496053070203915,8.208675479354843,8.223413467407227,553054167.0
2023-12-14,8.385522113628955,8.857115696970713,8.333941798778968,8.849746704101562,601545072.0
2023-12-15,8.849747046456748,9.29186643224814,8.790797736457138,8.982382774353027,649904377.0
2023-12-18,9.151862013111854,9.446607694421997,8.975014955690337,9.08554458618164,721619977.0
2023-12-19,9.085544731085111,9.137125050454745,8.71711174515995,8.776061058044434,474981700.0
2023-12-20,8.783430295849874,8.886590937458315,8.709743872297713,8.871853828430176,402124800.0
2023-12-21,8.90132701895155,9.070805949239817,8.827640603905465,8.849746704101562,472069520.0
2023-12-22,8.87185259512181,9.033962528718783,8.709742661524837,8.761322975158691,402620385.0
2023-12-25,8.717111624142632,8.717111624142632,8.201306680784196,8.333942413330078,225354187.0
2023-12-26,8.407629485424723,8.407629485424723,8.068671573582993,8.216044425964355,331725907.0
2023-12-27,8.201305435475252,8.363415360233256,7.950771116838985,8.230779647827148,356752955.0
2023-12-28,8.252886951832476,8.496052313695369,8.252886951832476,8.326573371887207,266284635.0
2023-12-29,8.363417260022755,8.672900952074777,8.348680150499204,8.606582641601562,308932912.0
2024-01-02,8.776060744513318,8.81290395394844,8.525526393307645,8.636056900024414,272335322.0
2024-01-03,8.599212671732783,8.650792983148309,8.267622947692871,8.267622947692871,306412422.0
2024-01-04,8.282360566147581,8.459208488464355,8.179199936937977,8.459208488464355,436700690.0
2024-01-05,8.459208719891219,8.56236935192309,8.38552230317949,8.540264129638672,379446272.0
2024-01-08,8.65816192763061,9.350815654843075,8.65816192763061,9.321340560913086,754291582.0
2024-01-09,9.42450190816047,9.564505747056284,9.10764926558286,9.262391090393066,783092900.0
2024-01-10,9.255023493599227,9.512925963769781,9.173968080181057,9.468713760375977,504477867.0
2024-01-11,9.527663120432349,9.571875324050449,9.336078075969148,9.476082801818848,603619352.0
2024-01-12,9.395026647785944,9.896095321275428,9.151861303867445,9.564505577087402,969731015.0
2024-01-15,9.483451383980967,9.564506801803233,9.277129220951851,9.28449821472168,463123247.0
2024-01-16,9.380290741672141,9.498189371520626,9.247655002695462,9.28449821472168,443465350.0
2024-01-17,9.225547495138047,9.630823644131555,9.19607328136933,9.461344718933105,538803345.0
2024-01-18,9.630823783730174,9.881357239629738,9.512925170123706,9.52766227722168,557769772.0
2024-01-19,9.58661212950971,9.630824331730677,9.306603565070178,9.372920989990234,401104015.0
2024-01-22,9.321340332962533,9.36555253357063,9.19607360245474,9.218179702758789,256910035.0
2024-01-23,9.35081627268485,9.380290490150925,8.746586908927382,8.79816722869873,411233250.0
2024-01-24,8.8202732680747,9.328710103822766,8.812904274555036,9.16659927368164,482165175.0
2024-01-25,9.218180381543279,9.343447121275139,9.078175654915908,9.129755973815918,309068207.0
2024-01-26,9.159230618737984,9.365552762602379,9.129755524807996,9.321340560913086,378290415.0
2024-01-29,9.365553543584573,9.38765964627262,9.18133748520327,9.247654914855957,240750350.0
2024-01-30,9.35818408889362,9.535032023274882,9.20344225611144,9.439239501953125,441803595.0
2024-01-31,9.439240427747915,9.520295848757286,9.255024360373437,9.446608543395996,396496130.0
2024-02-01,9.4392387562225,9.608717683877543,9.424501649124528,9.52766227722168,326239752.0
2024-02-02,9.564506169663499,9.682404791719797,9.38029012170766,9.417133331298828,310597367.0
2024-02-05,9.601348691122885,9.689773090533407,9.4392387562225,9.52766227722168,349213030.0
2024-02-06,9.542399638790027,9.623455047607422,9.446607122481659,9.623455047607422,290812280.0
2024-02-07,9.652929831754982,9.792934557202729,9.439239564507654,9.483450889587402,351994927.0
2024-02-08,9.483450847754368,9.593981355994716,9.44660763781139,9.45397663116455,289236597.0
2024-02-09,9.48345100619091,9.571875414260463,9.358184265974282,9.51292610168457,347111112.0
2024-02-12,9.571874920342301,10.072942733764648,9.542399826369584,10.072942733764648,557042542.0
2024-02-13,10.08031255250048,10.242422508188385,9.91820171840112,10.00662612915039,695921227.0
2024-02-14,9.955044583766353,10.286634355718073,9.689773995980971,10.249791145324707,772230552.0
2024-02-15,10.205578804016113,10.448744165019109,10.176104587463016,10.205578804016113,750794332.0
2024-02-16,10.212946958221886,10.323476578831546,10.102417337612225,10.257158279418945,576357685.0
2024-02-19,10.286634865360718,10.62559276913764,10.03610049522646,10.08768081665039,664155527.0
2024-02-20,10.13189211735496,10.52979930080965,10.021362490575,10.470849990844727,609227777.0
2024-02-21,10.485587327457617,10.691909477629705,10.382426691577276,10.551905632019043,574467995.0
2024-02-22,10.581380096289964,10.699278721553139,10.367688947801886,10.647698402404785,690729757.0
2024-02-23,10.500324525050162,10.647698243637363,10.367688793209673,10.588748931884766,560479987.0
2024-02-26,10.596116929423257,10.684541335277963,10.33084546868195,10.559273719787598,557389807.0
2024-02-27,10.527957287882797,10.620064871131598,10.28847599029541,10.28847599029541,219423744.0
2024-02-28,10.29768796545819,10.362163367542339,10.030574456009113,10.095049858093262,249553180.0
2024-02-29,10.095049255898651,10.297687351175718,10.039784001400752,10.224000930786133,271880255.0
2024-03-01,10.24242261558283,10.28847685026239,9.837147282907923,9.864779472351074,183737491.0
2024-03-04,9.92004327968856,10.012150857173339,9.505556106567383,9.505556106567383,215421371.0
2024-03-05,9.523978639250997,9.58845403464962,9.302919387817383,9.302919387817383,267111382.0
2024-03-06,9.19238912694631,9.35818400911462,9.026595123189402,9.045016288757324,239883590.0
2024-03-07,9.100282324956243,9.570033945893309,9.100282324956243,9.55161190032959,285088881.0
2024-03-08,9.560821682686624,10.067416450613837,9.505556431577084,10.00294017791748,384571153.0
2024-03-11,10.389794098968961,10.408216141785353,9.910832405090332,9.910832405090332,405220478.0
2024-03-12,9.91083354817239,10.380585153233735,9.846357269289893,10.196368217468262,400808295.0
2024-03-13,10.196367650405028,10.297687135123523,9.680562718499864,9.763460159301758,404178240.0
2024-03-14,9.800303351509923,9.85556772633985,9.54240000759893,9.570033073425293,232842281.0
2024-03-15,9.579243299203945,9.671351762593204,9.40423827285804,9.431870460510254,175028748.0
2024-03-18,9.459503272966746,9.689773546854996,9.41344904250682,9.51476764678955,197664201.0
2024-03-19,9.51476776626962,9.956887154460816,9.477924557121302,9.9200439453125,288751470.0
2024-03-20,9.91083275697817,10.150314051626033,9.800303131389475,9.883199691772461,349626231.0
2024-03-21,10.039783589648934,10.491113994039441,9.97530819405517,10.27005386352539,607049540.0
2024-03-22,10.270054103263563,10.49111423893791,10.076627033555635,10.150314331054688,415249294.0
2024-03-25,10.168734946373464,10.951654204828897,10.104259552763494,10.50953483581543,778743938.0
2024-03-26,10.537167785647481,10.666119460625662,10.196367871503098,10.242422103881836,400829762.0
2024-03-27,10.306896854389034,10.408216334936732,9.89241054585321,9.984519004821777,351575716.0
2024-03-28,10.058205810526326,10.454270969668245,10.058205810526326,10.343740463256836,439909309.0
2024-03-29,10.352950975710337,10.638486492800658,10.352950975710337,10.491113662719727,370147456.0
2024-04-01,11.132866968172802,11.170669537284526,10.471321558075452,10.877699851989746,619625651.0
2024-04-02,10.877700556326932,11.227374568573056,10.73594023701565,10.802095413208008,636129235.0
2024-04-03,10.839897702878554,11.123417432843858,10.622532246100883,11.000558853149414,511914011.0
2024-04-04,11.047812157603548,11.870019701985074,10.981657879821942,11.813315391540527,779304289.0
2024-04-05,11.88892041193927,12.474860740995478,11.728259252214327,12.059032440185547,801959479.0
2024-04-08,12.11573600769043,12.342552348755868,12.077933434393598,12.11573600769043,409378459.0
2024-04-15,12.011778831481934,12.399255422612896,11.983427127597437,12.011778831481934,418491314.0
2024-04-16,12.05903244391268,12.191340998114518,11.491992950439453,11.491992950439453,357774015.0
2024-04-17,11.633752652984967,11.822765506950995,11.548696643379158,11.586499214172363,398043896.0
2024-04-18,11.671555268524214,11.77551211328298,11.491992380604797,11.59595012664795,294173782.0
2024-04-19,11.473092377692856,12.219693883820394,11.435289804013655,12.153538703918457,509899877.0
2024-04-22,12.314198810541136,12.342551414330583,11.699906815653083,11.832216262817383,333826829.0
2024-04-24,11.964525263942136,12.352001850964161,11.945624428647708,12.266945838928223,491299573.0
2024-04-25,12.295298529018073,12.342551969508275,11.945624511445635,12.002327919006348,358834175.0
2024-04-26,12.068483059992854,12.786731928407933,12.068483059992854,12.559916496276855,547311613.0
2024-04-29,12.616620599287591,12.871787730954457,12.607169731115087,12.786731719970703,318678888.0
2024-04-30,12.777281392373181,13.2025605340017,12.739477920750373,12.956843376159668,449501940.0
2024-05-02,13.004097567435963,13.117505285018412,12.673324381857173,12.890689849853516,282121012.0
2024-05-03,12.966294280788427,13.136405397151,12.928491710342925,12.975744247436523,330070680.0
2024-05-06,12.975744747992406,13.098603332000806,12.786731888473483,12.833985328674316,393421770.0
2024-05-07,12.871787862059055,13.306517888293842,12.63552156304633,13.108054161071777,581950785.0
2024-05-08,13.155307558164502,13.174208393355897,12.805633544921875,12.805633544921875,313394787.0
2024-05-09,12.890689964765551,13.013548551896179,12.84343652336386,12.937942504882812,290870950.0
2024-05-10,12.96629457333153,13.174208264830513,12.767830848693848,12.767830848693848,360654903.0
2024-05-13,12.78673226863882,12.900139987721925,12.588268534922278,12.654423713684082,355402639.0
2024-05-14,12.852887020992204,12.966294736312886,12.65442329385991,12.82453441619873,483829256.0
2024-05-15,12.81508425390679,13.174208229640083,12.673323935953173,13.041899681091309,351883301.0
2024-05-16,13.041900336623483,13.523883819580078,12.985196026334998,13.523883819580078,550362976.0
2024-05-17,13.523883446454228,14.090922027272223,13.438827434010426,13.98696517944336,507481907.0
2024-05-20,13.986965139899207,14.41224429963145,13.949162567951548,14.26103401184082,437252438.0
2024-05-21,14.298836905694527,15.603027019176203,14.298836905694527,15.215550422668457,82371662.0
2024-05-22,15.215550298373659,15.31950624611533,14.610708237250998,14.894227981567383,501849406.0
2024-05-23,14.903678550345095,15.083240540740542,14.487849360032895,14.525651931762695,376349225.0
2024-05-24,14.56345470786904,14.771369305942914,14.525652135608738,14.591806411743164,261181931.0
2024-05-27,14.648510521395108,14.988733667107061,14.525651937900246,14.809171676635742,283888634.0
2024-05-28,14.884777359193963,15.083241093367926,14.733567066734645,14.969833374023438,290498363.0
2024-05-29,15.017085807352155,15.083240080539788,14.667411804199219,14.667411804199219,274152555.0
2024-05-30,14.846973964409415,15.177746235537276,14.846973964409415,15.007635116577148,411146543.0
2024-05-31,15.035986627485705,15.64082775612457,14.9887331889897,15.225000381469727,575636193.0
2024-06-03,15.347859253018793,15.603027299965271,14.828073191719424,15.593576431274414,506052277.0
2024-06-04,15.593575850941363,15.744786139229834,15.035987236914318,15.130494117736816,395952719.0
2024-06-05,15.225001131546522,15.508519973921677,14.969833091867578,15.158846855163574,409161993.0
2024-06-06,15.253351048712327,15.470717404654211,15.13994423937361,15.196647644042969,224376486.0
2024-06-07,15.243901275033249,15.262803012136029,14.516201520980388,14.65796184539795,229837673.0
2024-06-10,14.657961130880054,14.714664536855464,14.213780244745521,14.45004653930664,234604187.0
2024-06-11,14.402792794388427,15.102140795135004,14.374441092002584,14.922578811645508,343114669.0
2024-06-12,14.913128782621897,15.272253671086101,14.82807276939558,15.158846855163574,248045803.0
2024-06-13,15.357309501648729,15.688082682198003,15.357309501648729,15.414012908935547,222790874.0
2024-06-14,15.68808230813122,15.848743460420414,15.21554971934756,15.291154861450195,289035991.0
2024-06-20,15.57467340960798,15.792037963867188,15.357308855348773,15.792037963867188,315373205.0
2024-06-21,15.782588987492662,16.018855278906813,15.716432911738949,15.81093978881836,360604114.0
2024-06-24,15.858195173205853,16.04720713724595,15.603027129054409,15.829842567443848,315462175.0
2024-06-25,15.848742735039627,15.914897006030522,15.366759300231934,15.366759300231934,328794176.0
2024-06-26,15.376210768918995,15.442365042495773,14.969832456868776,14.988733291625977,290946916.0
2024-06-27,15.092690854352595,15.508519128099113,15.00763484576517,15.499068260192871,293086115.0
2024-06-28,15.565222729874073,15.716433013149313,14.88477645513549,14.979283332824707,377521599.0
2024-07-01,15.11159293536134,15.177747213593024,14.28938628667041,14.440596580505371,277270388.0
2024-07-02,14.459497818806424,14.865875244140625,14.298836661830899,14.865875244140625,283744946.0
2024-07-03,14.979284149943878,15.565223578956209,14.903679004182,15.51797103881836,342174379.0
2024-07-04,15.499069301735675,15.678632198883456,15.262802995908702,15.51797103881836,314493353.0
2024-07-05,15.404561762651117,15.57467378401072,15.092691225632498,15.310056686401367,282175990.0
2024-07-08,15.35731058183938,15.574675160535023,15.33840884389134,15.442366600036621,311758828.0
2024-07-09,15.470717585831402,15.499068387213729,15.017085836742233,15.234451293945312,282430235.0
2024-07-10,15.262803009400802,15.262803009400802,14.856425575892588,14.941481590270996,212709220.0
2024-07-11,15.092691141351821,15.584124565124512,15.092691141351821,15.584124565124512,348354732.0
2024-07-12,15.489618665090546,16.20786846186578,15.451816992928107,16.160615921020508,454524471.0
2024-07-16,16.25512255264504,16.7654568356042,16.160615669854423,16.652050018310547,341786644.0
2024-07-17,16.642598518023586,16.689851056340768,16.292923605742576,16.47248649597168,230729389.0
2024-07-18,16.633147261160264,16.793808411280626,16.283472357050517,16.368528366088867,280820304.0
2024-07-19,16.330727482291767,16.727654942705524,16.255122337573376,16.604795455932617,297066889.0
2024-07-22,16.06610912323501,16.17006687673681,15.867646287533999,15.905447959899902,343098791.0
2024-07-23,15.943250431146124,15.971601232993535,15.262802345707708,15.310056686401367,329160057.0
2024-07-24,15.31950623824614,15.385662317317202,15.026536526921088,15.1871976852417,286905602.0
2024-07-25,15.149395595964114,15.225000738818514,14.743017277158414,14.771368980407715,207259054.0
2024-07-26,14.809172092676524,14.960382383907634,14.610708360114586,14.648510932922363,272273718.0
2024-07-29,14.450046324544479,14.76191775662725,14.38389205146158,14.393342018127441,230935346.0
2024-07-30,14.478398953561806,14.610708409478262,13.939712063909868,14.090922355651855,261630927.0
2024-07-31,13.996415719186794,14.261033717356137,13.977513982961074,14.17597770690918,308008197.0
2024-08-01,14.364991306941752,14.752467906798838,14.355540438339279,14.68631362915039,310595238.0
2024-08-02,14.364990088221708,14.506750401378625,14.00586522335562,14.043667793273926,198954105.0
2024-08-05,12.654423376870703,13.62784028238863,12.654423376870703,13.136405944824219,458205833.0
2024-08-06,13.514432570713458,13.552235142747275,12.843436241149902,12.843436241149902,365200809.0
2024-08-07,12.975744997915074,13.183659598032685,12.805633871713779,12.909590721130371,273000230.0
2024-08-08,13.032449182366301,13.183659471441928,12.815084617141192,12.871788024902344,318553653.0
2024-08-09,12.956844041911525,13.060800890362675,12.257496004074161,12.29529857635498,398023410.0
2024-08-12,12.408706497786671,12.541015953593206,12.285847910527266,12.36145305633545,319176530.0
2024-08-13,12.361451873360563,12.569366455078125,12.162988159285696,12.569366455078125,351755771.0
2024-08-14,12.626069963236455,12.663872532836873,12.304748572275072,12.323649406433105,319849204.0
2024-08-15,12.389803575004303,12.626069858365605,12.314198436431434,12.569366455078125,307102998.0
2024-08-16,12.607170068160604,12.644972640576858,12.304749488830566,12.304749488830566,284654259.0
2024-08-19,12.333100828120092,12.777281716839546,12.323649959974393,12.767830848693848,394593710.0
2024-08-20,12.701675840719997,12.900139567978952,12.597718993597459,12.815084457397461,316109080.0
2024-08-21,12.786732099160993,12.93794238926763,12.57881840090658,12.607170104980469,327642181.0
2024-08-22,12.739479108630054,12.862337699006892,12.616621419537669,12.748929977416992,347465144.0
2024-08-23,12.739478912084182,12.8339857959266,12.33310147464445,12.399255752563477,254857951.0
2024-08-26,12.531564200764011,12.720577051946893,12.219692770991164,12.389803886413574,379901395.0
2024-08-27,12.427606964165157,12.56936728430476,12.333100985356493,12.531564712524414,375915025.0
2024-08-28,12.522113467789795,12.597718609077475,12.370903185214438,12.418156623840332,248378394.0
2024-08-29,12.427606840376434,12.607169730507797,12.323649994337075,12.493762016296387,294500656.0
2024-09-02,12.550465104603532,13.060800256259997,12.51266253415803,12.975744247436523,375981740.0
2024-09-03,12.994645819871781,13.05135012546907,12.79618210220782,12.91904067993164,401215976.0
2024-09-04,12.824533885185993,13.013547637511895,12.815083918597193,12.947392463684082,364251209.0
2024-09-05,13.051350837978099,13.070251673352802,12.815084537445642,12.843436241149902,361772306.0
2024-09-06,12.84343631876285,12.966294903936292,12.550465707767039,12.588268280029297,314044892.0
2024-09-09,12.54101552946527,12.597718936261524,12.210242351777655,12.238594055175781,328142906.0
2024-09-10,12.29529861927119,12.333101191683957,11.964525434696158,12.02122974395752,304282957.0
2024-09-11,12.021228933382142,12.219692650488135,11.794412612915039,11.794412612915039,381836279.0
2024-09-12,11.973975728600555,12.134636878967285,11.652653427867094,12.134636878967285,403461305.0
2024-09-13,12.134637867721082,12.191341277597658,11.888920688164056,12.153538703918457,361362428.0
2024-09-16,12.153538207547465,12.172439944257311,11.955074478516146,12.002327919006348,235629539.0
2024-09-17,12.040130285255911,12.304749186962308,12.040130285255911,12.229143142700195,259344975.0
2024-09-18,12.238594469076045,12.43705820214363,12.219693633266214,12.36145305633545,293803735.0
2024-09-19,12.541014960921112,12.777281248191356,12.522113225322999,12.635520935058594,375394034.0
2024-09-20,12.635521060997975,12.824533912441208,12.569366788313936,12.673323631286621,353486633.0
2024-09-23,12.786731808446078,12.900139523447654,12.692225829920298,12.805633544921875,290469004.0
2024-09-24,12.85288683499093,13.495530545841403,12.786731659381264,13.325419425964355,551690888.0
2024-09-25,13.344320377646909,13.533333235432536,13.259264366322276,13.372672080993652,367002134.0
2024-09-26,13.467178255206203,13.750697977677941,13.297066241466291,13.44827651977539,490865537.0
2024-09-27,13.495530672080564,13.51443240851282,13.183659231223563,13.363222122192383,228425363.0
2024-09-30,13.31596843256839,13.429376145181017,13.117504710175197,13.287616729736328,334498278.0
2024-10-01,13.353771023410289,13.410474429159212,12.56936700070323,12.73002815246582,493007485.0
2024-10-02,12.701675822412952,12.748929262413055,11.96452522277832,11.96452522277832,394937215.0
2024-10-03,12.002328088110685,12.115735806114358,11.406936892628085,11.482542037963867,505474325.0
2024-10-04,11.595950373603207,12.021229531035324,11.302979766630093,11.96452522277832,470185706.0
2024-10-07,11.983427170385909,12.087384019189862,11.662104854266248,11.737709999084473,313106068.0
2024-10-08,11.737709341862676,11.96452476361742,11.595949928587052,11.822765350341797,441884373.0
2024-10-09,11.81331485636555,11.936173439025879,11.558146822851542,11.936173439025879,333903799.0
2024-10-10,11.945625060465089,12.144088798617776,11.851118175141158,11.870019912719727,341234540.0
2024-10-11,11.879469545209554,12.162989291901297,11.737710122505897,11.7755126953125,450631819.0
2024-10-14,11.803864061327022,11.917271776496852,11.548696927516007,11.681005477905273,427191420.0
2024-10-15,11.709358497054392,11.870019657885205,11.558147303525528,11.803864479064941,543710536.0
2024-10-16,11.737709341862676,11.87001878852846,11.63375249887951,11.822765350341797,350393385.0
2024-10-17,11.784963234353182,11.870019246111166,11.633752947354278,11.671555519104004,397491036.0
2024-10-18,11.718808091570672,11.803864103573565,11.104516073547751,11.113966941833496,553331797.0
2024-10-21,11.123417193290816,11.180120597292092,10.660334587097168,10.660334587097168,351611125.0
2024-10-22,10.698137257057953,11.161219867588821,10.641433852525594,10.972206115722656,486937266.0
2024-10-23,10.962756067529838,11.06671290925469,10.726489780740698,10.943854331970215,499969846.0
2024-10-24,11.066713288758201,11.255726144414334,10.981657278391843,11.057262420654297,250541824.0
2024-10-25,11.02891113161316,11.227374862822822,10.943855118054103,11.180121421813965,314393754.0
2024-10-28,11.180121297716536,11.23682560655464,11.142318725585938,11.142318725585938,78170171.0
2024-10-30,11.180121179076778,11.454190049436395,11.142318607347326,11.388035774230957,249974211.0
2024-10-31,11.37858494484351,11.463640956846403,11.104516073547751,11.113966941833496,183321387.0
2024-11-01,11.180120845023907,11.444738839223493,11.123417439766184,11.29352855682373,390497401.0
2024-11-04,11.255727047565813,11.29352962173029,10.66978669737417,10.745391845703125,308262538.0
2024-11-05,10.868249196232162,10.877700064015393,10.367364920417604,10.386265754699707,395586986.0
2024-11-06,10.414618617563953,10.62253230626973,10.291760037173605,10.452421188354492,552137108.0
2024-11-07,10.499674465849518,10.726490807862136,10.442971056309696,10.679237365722656,408022563.0
2024-11-08,10.698137869415133,11.30297992718218,10.660335297134969,11.151769638061523,582552115.0
2024-11-11,11.255726366207773,11.482541797464517,11.189572090745656,11.397486686706543,564660718.0
2024-11-12,11.35023254911889,11.586498834148253,11.293528244146728,11.473091125488281,469097460.0
2024-11-13,11.454189856495537,12.096834466355533,11.302979572124807,11.898370742797852,673414029.0
2024-11-14,12.011778618350005,12.05903205817533,11.794413155667272,11.955074310302734,418630183.0
2024-11-15,11.973976303120455,12.229143441585531,11.926722862283391,12.02122974395752,465181695.0
2024-11-18,12.087383847851335,12.370903587542994,11.936173560358291,12.266945838928223,424527088.0
2024-11-19,12.34255193258244,12.389804471646862,11.87946929870518,11.983427047729492,405896206.0
2024-11-20,12.059031511126445,12.229142624982492,11.766060918527343,11.78496265411377,371173370.0
2024-11-21,11.88891988810591,12.531564498690356,11.870019053180457,12.474860191345215,650967989.0
2024-11-22,12.455958771042269,12.95684304036661,12.370902764664025,12.852886199951172,788398184.0
2024-11-25,13.022997934387604,13.10805394483456,12.739478199992542,12.758379936218262,470807450.0
2024-11-26,12.7867320119762,12.890689761679006,12.692226031946142,12.871788024902344,293699854.0
2024-11-27,13.004096926117631,13.089152935430896,12.711126327514648,12.711126327514648,483411668.0
2024-11-28,12.72057745338291,12.900139442352174,12.701675717025937,12.777281761169434,344359574.0
2024-11-29,12.80563284450453,12.956843122902695,12.720576837584474,12.881237983703613,485044764.0
2024-12-02,12.767831299081887,12.96629503072042,12.654423581186217,12.909590721130371,335424127.0
2024-12-03,12.975744709162267,13.438827340203352,12.833985290268394,13.108054161071777,681747910.0
2024-12-04,13.14585682140338,13.212011097161499,12.994646533222298,13.12695598602295,309773815.0
2024-12-05,13.174208685080657,13.268715566983564,13.098603540072101,13.183659553527832,288518344.0
2024-12-06,13.637291073332753,13.675093645139787,13.391573905944824,13.391573905944824,669124511.0
2024-12-09,13.45772850942455,13.618389668842934,13.325419955516063,13.49553108215332,501442040.0
2024-12-10,13.46717891550887,13.523883223297197,13.060800596664963,13.07025146484375,386338471.0
2024-12-11,13.08915277792851,13.155307050471954,12.720577042434241,12.947392463684082,401097689.0
2024-12-12,13.041898892197882,13.287616040760083,12.890688616554783,13.098602294921875,408195482.0
2024-12-13,12.824534291376327,12.890689467299469,12.654423170693216,12.786731719970703,983975529.0
2024-12-16,12.805632821903263,12.871787093264613,12.597718238830566,12.597718238830566,415449954.0
2024-12-17,12.616620182079853,12.777281330562095,12.522113306048757,12.663872718811035,443124400.0
2024-12-18,12.682774999645801,12.767831011472683,12.531564712524414,12.531564712524414,383607829.0
2024-12-19,12.399254887876223,12.644972047703368,12.380354053196493,12.418156623840332,345489603.0
2024-12-20,12.503211723881241,12.52211345983334,12.30474890409047,12.427606582641602,473628664.0
2024-12-23,12.503211762807018,12.569366937560945,12.125186055431927,12.144087791442871,372259088.0
2024-12-24,12.162988260310236,12.333100274154297,12.13463655843101,12.323649406433105,319606271.0
2024-12-25,12.777281348388884,12.97574416601922,12.663872736479597,12.947392463684082,492200272.0
2024-12-26,13.013548346874057,13.20256120821859,12.80563374875286,12.871788024902344,666161520.0
2024-12-27,12.88123901697756,12.994646734873232,12.83398557586659,12.909590721130371,315929593.0
2024-12-30,12.909591061812016,12.985196209071002,12.72057819366455,12.72057819366455,250399584.0
2024-12-31,12.720577489373278,12.956843786797535,12.663873181426322,12.796182632446289,353222316.0
2025-01-02,12.852887594195137,13.29706760702256,12.805634152049715,13.278166770935059,683285505.0
2025-01-03,13.334869303922979,13.429376182001477,13.155307317115096,13.306517601013184,585770162.0
2025-01-06,13.344320385760128,13.486080705148837,13.297066945963891,13.363222122192383,533162357.0
2025-01-07,13.334869051447704,13.372671621706493,13.19310963829834,13.230912208557129,479306504.0
2025-01-08,13.20256050618413,13.40102422536386,13.155307068039551,13.230912208557129,456565996.0
2025-01-09,13.287617056360256,13.769599621490475,13.193110176217795,13.68454360961914,773764969.0
2025-01-10,13.68454323321601,13.760149276021023,13.297066657601667,13.571135520935059,710474498.0
2025-01-13,13.51443240851282,13.693994398197237,13.249814407452055,13.363222122192383,612106218.0
2025-01-14,13.419925565151406,13.580586720121723,13.24981444322385,13.382122993469238,651075669.0
2025-01-15,13.419925645519921,13.542784229543837,13.315968798092488,13.41047477722168,493726716.0
2025-01-16,13.55223458957658,13.599488028011178,13.060800271911758,13.25926399230957,700723255.0
2025-01-17,13.268715645780693,13.51443281915992,13.240363941555222,13.49553108215332,565125744.0
2025-01-20,13.599488383111964,13.675093526067723,13.363222086054119,13.637290954589844,487299835.0
2025-01-21,13.637291526524907,13.920810373857314,13.637291526524907,13.816853523254395,666535450.0
2025-01-22,13.873557542502907,14.024767831584505,13.807402365066395,14.0153169631958,429797730.0
2025-01-23,14.062570364899551,14.081471200340186,13.712896347045898,13.712896347045898,495536670.0
2025-01-24,13.741248006614303,13.807402282370182,13.571135981774143,13.703445434570312,345539728.0
2025-01-27,13.590037390257942,13.637290829492928,13.457727940656861,13.599488258361816,360359578.0
2025-01-28,13.703444460141991,13.986964180953521,13.646740155465945,13.977513313293457,474813996.0
2025-01-29,13.977513846220196,14.128724129409113,13.845204397787702,13.854655265808105,340459196.0
2025-01-30,13.901909252564602,13.958613561637616,13.684543785949863,13.722347259521484,294235499.0
2025-01-31,13.731797006850396,13.807402150214733,13.372672125227595,13.382122993469238,295074523.0
2025-02-03,13.202561289962912,13.240363862465875,12.626070932687195,12.900139808654785,595773161.0
2025-02-04,12.947393092844607,13.28761714253645,12.890689685418907,13.12695598602295,475904340.0
2025-02-05,13.126955475532302,13.35377089898336,12.739478000531276,12.98519515991211,492717706.0
2025-02-06,13.07970172151295,13.16475772857666,12.890688873196014,13.16475772857666,411773222.0
2025-02-07,13.136405739526472,13.183659179136013,12.862336871332403,13.07025146484375,400747366.0
2025-02-10,13.0513502896119,13.089152860057402,12.928491710342925,12.975744247436523,241915707.0
2025-02-11,12.975744425091413,13.13640557700555,12.919041019289002,13.013547897338867,361589930.0
2025-02-12,13.022997311423312,13.13640501949952,12.815083630592436,12.852886199951172,421868024.0
2025-02-13,13.070251386339724,13.476629702742795,12.994646243932323,13.334869384765625,655470947.0
2025-02-14,13.35377121786355,13.731796932642345,13.212010898858205,13.637290954589844,433422041.0
2025-02-17,13.656191700870695,13.769599414566763,13.457727976581479,13.618389129638672,290103910.0
2025-02-18,13.618388533515304,13.675092838523392,13.240362837742554,13.44827651977539,499354665.0
2025-02-19,13.438826937683016,13.797951809579962,13.391573499038929,13.552234649658203,631488556.0
2025-02-20,13.580585963979178,14.015315964761333,13.571135096263744,14.005865097045898,497356555.0
2025-02-21,13.968063311946013,13.996415916684665,13.315968724791874,13.665642738342285,389010927.0
2025-02-24,13.816853535764682,13.826304404360169,13.486081246482568,13.523883819580078,250635053.0
2025-02-25,13.552235146394352,13.864106591078372,13.514432574350362,13.703445434570312,398524423.0
2025-02-26,13.703445679264883,14.355540283988892,13.552235388388848,14.346090316772461,422463163.0
2025-02-27,14.261034581897468,14.572906038253183,14.251583713211671,14.440596580505371,476822863.0
2025-02-28,14.364991108428061,14.620159149462015,14.317737667353134,14.336639404296875,382535832.0
2025-03-03,14.535103409351585,15.536872954113704,14.52565254070184,14.998185157775879,814536585.0
2025-03-04,14.998184159646769,15.1777461456199,14.856424744472422,14.988733291625977,391056606.0
2025-03-05,15.215550041340018,15.319505987325579,14.828072553258709,15.111592292785645,540324072.0
2025-03-06,15.234451983233928,15.291155391132905,14.884777062291088,15.177746772766113,442846214.0
2025-03-07,15.168295538607737,15.40456183548679,15.13049386844286,15.347858428955078,472710217.0
2025-03-10,15.357308972595826,15.404561509945543,15.215549557977923,15.234451293945312,316712850.0
2025-03-11,15.26280181497783,15.281703550598028,14.875325247607382,14.88477611541748,349058057.0
2025-03-12,14.960381925848521,15.328956774118167,14.941481090665556,15.083240509033203,775561272.0
2025-03-13,15.139944283782137,15.234451160220765,15.054888275244247,15.206098556518555,378377753.0
2025-03-14,15.243900884506274,15.470718118791183,15.196648345528727,15.414012908935547,539052758.0
2025-03-17,15.451816382172638,15.688082682198003,15.30060609436191,15.414012908935547,396125142.0
2025-03-18,15.376211857341326,15.432915266911127,15.262803235632836,15.319506645202637,251443021.0
2025-03-19,14.213779926251364,14.506750521507566,13.788500785827637,13.788500785827637,469255873.0
2025-03-20,13.7034447982577,13.892457649700932,12.474859911950135,12.673323631286621,961197551.0
2025-03-21,12.58826814239253,12.65442331909147,11.406936645507812,11.406936645507812,623563500.0
2025-03-24,11.435289097992328,11.89837082229271,10.953305637377126,11.633752822875977,177489553.0
2025-03-25,11.936173051089604,12.522113340767625,11.737709331901534,12.380353927612305,799067624.0
2025-03-26,12.125185668325065,12.38035368862008,11.81331424437628,12.040129661560059,647098314.0
2025-03-27,12.200791992177546,12.238594565379099,11.728259376515926,11.813315391540527,584052750.0
2025-03-28,11.844071354836945,11.882432681779806,11.470047731189421,11.757758140563965,407717436.0
2025-04-02,11.681035706942733,11.939974440038197,11.51799983570973,11.796119689941406,322189494.0
2025-04-03,11.834480952893674,11.987926262719494,11.623493194580078,11.623493194580078,297319353.0
2025-04-04,11.623492654858552,11.671444540604085,11.402915260877704,11.527589797973633,342152155.0
2025-04-07,11.000121151611404,11.60431273164999,10.990530591307735,11.498818397521973,558505321.0
2025-04-08,11.719396617706765,11.757757944008336,11.460456979216543,11.47963809967041,349567222.0
2025-04-09,11.36455380804678,11.431685898575711,10.913807550451912,10.942578315734863,430712774.0
2025-04-10,11.412505542199327,11.412505542199327,10.904217720031738,10.904217720031738,279846091.0
2025-04-11,10.904217653552566,11.0672535244134,10.702820455113073,11.057662963867188,444116564.0
2025-04-14,11.172747014719457,11.201518696533505,10.904217720031738,10.904217720031738,314654567.0
2025-04-15,10.894626488233108,11.076843470071294,10.769951951871755,10.789133071899414,335350420.0
2025-04-16,10.779542889226565,10.84667589706724,10.578145694916898,10.693229675292969,325412482.0
2025-04-17,10.693229680657343,10.84667590250859,10.568556054475353,10.606917381286621,550507752.0
2025-04-18,10.654867981378388,10.683639661435684,10.213712281167425,10.223302841186523,359691473.0
2025-04-21,10.252074249396689,10.54937522638518,9.916412859139061,10.165761947631836,766330827.0
2025-04-22,10.252073927110192,10.28084560806687,10.079448414400982,10.19453239440918,309518423.0
2025-04-24,10.242484560316152,10.511013854314413,10.14658078372796,10.491832733154297,470337716.0
2025-04-25,10.520604584631341,10.53978479149471,10.261664932429271,10.271255493164062,284205298.0
2025-04-28,10.309616172840462,10.357568058891184,9.887641587727654,9.916412353515625,410861928.0
2025-04-29,9.906821947358878,9.983544600390017,9.753376641296603,9.782147407531738,342825506.0
2025-04-30,9.782147034206245,9.887641364052605,9.65747249913718,9.878050804138184,513164349.0
2025-05-02,9.926003456115723,10.041087440163247,9.9068223348047,9.926003456115723,307983568.0
2025-05-05,10.002725626797224,10.069857718916026,9.762967109680176,9.762967109680176,257027334.0
2025-05-06,9.762967332029465,10.021906060817944,9.753376771620882,9.801328659057617,363833773.0
2025-05-07,9.84928051281952,9.87805127934072,9.67665408447996,9.715015411376953,417955323.0
2025-05-08,9.782147538240451,9.83968998608577,9.7437862112123,9.801328659057617,169523675.0
2025-05-09,9.87805134629748,10.012315534043957,9.7054249167878,9.887641906738281,498320085.0
2025-05-12,10.184941900940231,10.386339095928012,10.07944848055851,10.367158889770508,676918578.0
2025-05-13,10.3383876490434,10.511014084845772,10.223303663377225,10.44388198852539,578874789.0
2025-05-14,10.41510966945541,10.606917215112965,10.367158697647183,10.501422882080078,551068425.0
2025-05-15,10.520604584631341,10.58773668056245,10.223303604096323,10.271255493164062,378385080.0
2025-05-16,10.280845613152078,10.568556020617967,10.213712605492795,10.520604133605957,514050607.0
2025-05-20,10.53019358779442,10.779542664036637,10.463061495962345,10.654868125915527,539693881.0
2025-05-21,10.616506671402684,10.722001002554448,10.48224248936392,10.5493745803833,343436576.0
2025-05-22,10.616507339936703,10.78913377297834,10.568556365963984,10.664459228515625,582176950.0
2025-05-23,10.674049116995114,10.789133093573831,10.453470809264632,10.5493745803833,415944161.0
2025-05-26,10.65486841252512,10.65486841252512,10.405520244181742,10.53978443145752,257653068.0
2025-05-27,10.539784305323229,10.63568807903493,10.395929559361846,10.434290885925293,326682715.0
2025-05-28,10.434290977629647,10.49183251067745,10.367158884205152,10.453471183776855,273046639.0
2025-05-29,10.53019377932342,10.587736226659068,10.482242806917583,10.520604133605957,372536662.0
2025-05-30,10.530193482455257,10.530193482455257,10.309616088867188,10.309616088867188,282757723.0
2025-06-02,10.309616216327766,10.491832286561733,10.280845450418436,10.415109634399414,340962292.0
2025-06-03,10.549375209114276,11.00971114286465,10.549375209114276,10.904217720031738,661248317.0
2025-06-04,10.885037227970045,11.019301414489746,10.865856107263703,11.019301414489746,337510343.0
2025-06-05,10.98094018504339,11.009710951751819,10.913808091188328,10.952169418334961,109007722.0
2025-06-10,11.096024504460024,11.479638702217148,11.057663176144933,11.422096252441406,488579626.0
2025-06-11,11.431686721945015,11.517999938616729,11.37414427262847,11.402915954589844,322420802.0
2025-06-12,11.278241190049295,11.402915732299546,11.028892105548794,11.038482666015625,345792630.0
2025-06-13,10.511013793188758,10.885037422180176,10.376748689667332,10.885037422180176,468753109.0
2025-06-16,10.904217653552566,11.182337507149368,10.769952549724174,11.057662963867188,403326143.0
2025-06-17,11.048073517087266,11.163157501897814,10.923398971557617,10.923398971557617,264512779.0
2025-06-18,10.913807903391923,11.143975862311171,10.865856016632204,11.000121116638184,297655570.0
2025-06-19,11.076843604836547,11.20151814271474,10.798723763294781,10.808314323425293,353356992.0
2025-06-20,10.932987755771833,11.038482086152882,10.827494339996923,10.942578315734863,320141217.0
2025-06-23,10.856265740607318,11.00012140465303,10.779543085625416,10.885037422180176,304803149.0
2025-06-24,11.316602260938463,11.39332491372263,11.086434302585966,11.239879608154297,549963595.0
2025-06-25,11.24946953505382,11.24946953505382,11.124795907117118,11.211108207702637,281551923.0
2025-06-26,11.182336938659564,11.287831270092372,11.17274637860092,11.201518058776855,284319528.0
2025-06-27,11.191927724528385,11.776938180816828,11.057662624816833,11.652263641357422,507492409.0
2025-06-30,11.815299591813567,12.803105354309082,11.70980617210315,12.803105354309082,157088300.0
2025-07-01,12.86064738461061,13.311393676460629,12.803105849671752,13.13876724243164,760794971.0
2025-07-02,13.167537347935736,13.570331730683078,13.062043929447112,13.349754333496094,718111942.0
2025-07-03,13.589513043311198,13.771729116842641,13.148357328091409,13.301802635192871,588946425.0
2025-07-04,13.320984131866703,13.570332305641312,13.177128466444145,13.531970977783203,360963195.0
2025-07-07,13.311393385175547,13.522381142748927,13.215489609567777,13.253850936889648,425817649.0
2025-07-08,13.378525225838336,13.493609205623311,13.186718592863375,13.45524787902832,476135348.0
2025-07-09,13.45524828665138,13.867633245995261,13.33057374278913,13.771729469299316,572288727.0
2025-07-10,13.953946423501952,14.433463476442869,13.953946423501952,14.337559700012207,542948926.0
2025-07-11,14.48141462733907,14.567726924204653,14.116981575906285,14.375920295715332,466182819.0
2025-07-14,14.327968399062128,14.337558959130849,13.915584376774751,13.963536262512207,344820690.0
2025-07-16,13.752549206077749,13.925175637576928,13.25385103268287,13.51279067993164,505063847.0
2025-07-17,13.714187625388911,14.09780089430078,13.541561197075481,14.04025936126709,541830209.0
2025-07-18,14.030668446417826,14.097800538129814,13.867632582597723,13.98271656036377,274120444.0
2025-07-21,14.09780127093217,14.414282454890996,14.088210710301611,14.270427703857422,385167285.0
2025-07-22,14.280017427930819,14.280017427930819,13.934764582306045,13.963536262512207,382580082.0
2025-07-23,13.982717036979897,14.021078364209501,13.742958513143334,13.819681167602539,334599210.0
2025-07-24,13.886813448589228,14.280018201244904,13.781320025938895,14.097801208496094,697360679.0
2025-07-25,14.116981883377756,14.145752649626251,13.944355456674444,14.021078109741211,230499268.0
2025-07-28,14.069029702582393,14.097800468229714,13.685416445264282,13.723777770996094,262585278.0
2025-07-29,13.733367416474435,13.905993839570659,13.695006090742623,13.723777770996094,289951771.0
2025-07-30,13.685417011844853,13.963536863566269,13.67582645136331,13.905994415283203,328482501.0
2025-07-31,13.982716941153866,14.232066023740543,13.953946174580382,14.212884902954102,346922557.0
2025-08-01,14.17452373843223,14.327969048057588,14.030668989310003,14.318379402160645,302890298.0
2025-08-04,14.423872570167275,14.85543772454911,14.423872570167275,14.519776344299316,493349679.0
2025-08-05,14.53895702484206,14.692402336776087,14.491005136211127,14.682812690734863,341117060.0
2025-08-06,14.606088476558535,14.615679036783362,14.356740312956127,14.414281845092773,380756875.0
2025-08-07,14.462233896898857,14.701992417622785,14.452643336564417,14.519776344299316,358728442.0
2025-08-08,14.50059534633129,14.548547233803069,14.299198150634766,14.299198150634766,220927890.0
2025-08-11,14.385511140897846,14.433463027622071,14.260836601257324,14.260836601257324,190471462.0
2025-08-12,14.260836756642986,14.356740531136404,14.126571655273438,14.126571655273438,198320187.0
2025-08-13,14.136162215644015,14.318379204260273,14.126571655273438,14.126571655273438,207728796.0
2025-08-14,14.097800692913735,14.193704466074806,13.838861968748708,13.848451614379883,235816123.0
2025-08-15,13.867633217986496,14.011487968133668,13.829271890306837,13.925175666809082,189420626.0
2025-08-18,13.944355294792446,13.982716620880487,13.714187338264196,13.82927131652832,199008364.0
2025-08-19,13.858042174617223,13.982716713884148,13.78131952193083,13.848451614379883,212034806.0
2025-08-20,13.819681135833257,14.145752873838385,13.762139602424224,14.059439659118652,413655989.0
2025-08-21,14.270427757470605,14.577318381951843,14.184114540683707,14.529366493225098,504985278.0
2025-08-22,14.548546826644936,14.682811924887114,14.433462848697136,14.634860038757324,372042974.0
2025-08-25,14.82666747164595,14.82666747164595,14.519776847164714,14.529366493225098,271581190.0
2025-08-26,14.500595696858554,14.72117401871837,14.414282480244113,14.682812690734863,363300023.0
2025-08-27,14.70199270225925,14.711583262779365,14.404692642985188,14.491004943847656,265058275.0
2025-08-28,14.510185783964877,14.663631090891203,14.452643336564417,14.519776344299316,247641482.0
2025-08-29,14.519776310213631,14.625269729826288,14.3855112096652,14.433463096618652,297118594.0
2025-09-01,14.433462801395812,14.586908104823342,14.078620308568112,14.222475051879883,510044649.0
2025-09-02,14.280017500919932,14.519776016226544,12.822285288844787,13.244260787963867,226722539.0
2025-09-03,13.282621949682397,13.292211595075479,12.438671876479903,12.572936058044434,617831325.0
2025-09-04,12.630478772030868,13.0908146865092,12.515394793411284,13.023682594299316,646451850.0
2025-09-05,13.090814813253603,13.666235626528865,12.812694966912,13.129176139831543,821682441.0
2025-09-08,12.841466453393307,13.09081461507195,12.6880202347984,12.851056098937988,350494859.0
2025-09-09,12.918188989984573,13.109995618257031,12.716791801646956,13.071634292602539,568244565.0
2025-09-10,13.186718559138995,13.397706312174947,12.985321366378807,13.368934631347656,411551319.0
2025-09-11,13.34975429826294,14.116981735499945,13.205899553921196,13.26344108581543,14051393.0
2025-09-12,13.292212517179347,13.426477622664224,12.985321892763865,13.378525733947754,433713503.0
2025-09-15,13.378525178113764,14.423872467355993,13.23467043254725,14.260836601257324,1040833495.0
2025-09-16,14.270427514251173,14.37592093596706,14.049849195710078,14.318379402160645,684089109.0
2025-09-17,14.337559640774735,14.43346341680916,14.222475658297142,14.404692649841309,556245305.0
2025-09-18,14.47182487709889,14.47182487709889,13.848452156367294,13.85804271697998,462231120.0
2025-09-19,13.95394614496158,14.510185842101224,13.877223491191021,14.452643394470215,673416448.0
2025-09-22,14.79789651094745,14.87461916606553,14.57731819152832,14.57731819152832,477290543.0
2025-09-23,14.26083650920795,14.39510160824791,14.155343090780514,14.241656303405762,405331543.0
2025-09-24,14.270427548131611,14.433463418647177,13.647054833040862,14.078620910644531,711692132.0
2025-09-25,14.164933868284152,14.174523514029277,13.925175347138701,13.953946113586426,251443211.0
2025-09-26,13.925174980286855,13.992307071765042,13.41688627033267,13.570331573486328,448152925.0
2025-09-29,13.33057377787658,13.762139859538056,13.33057377787658,13.531970977783203,364026276.0
2025-09-30,13.599103253782253,13.723777791246139,13.359344738953123,13.570331573486328,389920277.0
2025-10-01,13.570332331380026,14.09780127638412,13.45524834758742,13.944355964660645,497866652.0
2025-10-02,13.953946569332988,13.982717336720388,13.263441749791948,13.378525733947754,448541854.0
2025-10-03,13.474429290244563,13.484019850751702,12.64006973285344,12.688020706176758,427694136.0
2025-10-06,12.73597217163248,12.755153292010489,12.2756362578342,12.371539115905762,324988705.0
2025-10-07,12.400311248201612,12.467443342757866,12.227684816935598,12.361949920654297,385366577.0
2025-10-08,12.361949728814297,12.4770337096703,12.026287432029651,12.083829879760742,496580204.0
2025-10-09,12.218094131196018,12.266046018790338,11.604312896728516,11.604312896728516,544357246.0
2025-10-10,11.642674537167395,11.786529289215057,11.56595188079448,11.66185474395752,394816882.0
2025-10-13,11.5179997405279,11.728986583645495,11.460457292200983,11.537179946899414,322043272.0
2025-10-14,11.546770744441403,11.604313193949658,11.06725368542871,11.16315746307373,422221471.0
2025-10-15,11.268650909040446,11.441277343299733,11.134385802993643,11.335783004760742,442672691.0
2025-10-16,11.259059969862284,11.441276958701017,11.048073129089047,11.10561466217041,595863681.0
2025-10-17,11.057662999133894,11.134385654535901,10.654868600970262,10.817904472351074,495125730.0
2025-10-20,10.856265248489596,11.364553957961562,10.760362391412619,11.28783130645752,645052968.0
2025-10-21,11.287831502175116,11.652263645835061,11.230289055246292,11.565951347351074,559323053.0
2025-10-22,11.6139023194179,11.80570986610987,11.54677022683941,11.565951347351074,526221544.0
2025-10-23,11.57554099300074,11.80570986610987,11.460457013749258,11.565951347351074,694818996.0
2025-10-24,11.748167939583068,12.716792617780714,11.748167939583068,12.640069961547852,402642488.0
2025-10-27,12.515395001794015,12.553756328639263,11.939974184509119,11.997516632080078,752135244.0
2025-10-28,12.007107573601553,12.083830229727566,11.872842468077929,11.901613235473633,256195727.0
2025-10-30,11.9975162770449,12.14137101980603,11.863251179756668,11.939973831176758,505077180.0
2025-10-31,11.939973993236064,12.22768439726952,11.776938128103978,12.131780624389648,630031855.0
2025-11-03,12.237275596387539,12.649659646246796,12.218094474967653,12.400311470031738,669072881.0
2025-11-04,12.342768799577543,12.640069774023878,12.266046144482914,12.361949920654297,588921650.0
2025-11-05,12.381129874703541,12.64006951632341,12.266045894407881,12.563346862792969,621656492.0
2025-11-06,12.611298180858627,12.783924613335365,12.52498587922646,12.707201957702637,491290993.0
2025-11-07,12.688020190711741,12.716791871064277,12.227684280345,12.3523588180542,559488667.0
2025-11-10,12.438672247918149,12.448261893597591,12.0358778619842,12.064648628234863,447027211.0
2025-11-11,12.083829512115544,12.208503134961774,11.479637945049152,11.700215339660645,769415374.0
2025-11-12,11.81529925790314,12.035877566017227,11.709805841174058,11.853660583496094,397216643.0
2025-11-13,11.901613235473633,12.007107573601553,11.776938690617312,11.901613235473633,370133617.0
2025-11-14,11.863251876397923,11.987926420928321,11.719397125189264,11.815299987792969,313198963.0
2025-11-17,11.920793875941664,11.959155202457232,11.661854236006947,11.738576889038086,535763609.0
2025-11-18,11.700215283732504,11.930383237341529,11.642673752633321,11.767348289489746,563617911.0
2025-11-19,11.815299893284958,12.352359395073455,11.767348919669757,12.122191429138184,681328192.0
2025-11-20,12.198914108797188,12.352359419726957,12.122191453332304,12.294816970825195,414998908.0
2025-11-21,12.160552117176865,12.198913442815025,11.959154928924985,12.179732322692871,494298048.0
2025-11-24,12.122191176627144,12.419491231115751,12.103010055895659,12.323588371276855,537488137.0
2025-11-25,12.371539719806067,12.630479369912015,12.28522741771029,12.553756713867188,727451567.0
2025-11-26,12.563346862792969,12.649659162060084,12.457852528233982,12.563346862792969,460314714.0
2025-11-27,12.659250100392947,13.033273733476372,12.640069893740726,12.7935152053833,581065662.0
2025-11-28,12.764744274454168,13.100405660717472,12.716792386529072,13.014092445373535,481361635.0
2025-12-01,13.004502614151843,13.503199863490043,12.841466746293579,13.388115882873535,789531706.0
2025-12-02,13.426477307735588,13.608693383056709,13.15794801767061,13.32098388671875,713533769.0
2025-12-03,13.378524875249125,13.656644714426127,13.292211664020721,13.311392784118652,203713779.0
2025-12-04,13.359345339725174,13.378525546178842,13.052453805010739,13.1004056930542,673482964.0
2025-12-05,13.090815035205035,13.52238110978166,13.042864062124242,13.493609428405762,633308470.0
2025-12-08,13.60869284313819,13.858041917037385,13.522380546424912,13.63746452331543,633049897.0
2025-12-09,13.656644856719922,13.810090160677603,13.599103325038868,13.742958068847656,501117578.0
2025-12-10,13.762139540115284,13.781319746296061,13.330573468470567,13.4744291305542,502647365.0
2025-12-11,13.522381082919031,13.560742410071171,13.225080111535307,13.32098388671875,797116136.0
2025-12-12,13.426477399906702,13.531970821647741,13.27303209024476,13.340164184570312,453630446.0
2025-12-15,13.359345149651,13.531970663702708,13.282622495715534,13.4744291305542,483303194.0
2025-12-16,13.474428646526496,13.493608852018284,13.253850338431,13.311392784118652,431670827.0
2025-12-17,13.292211978353887,13.436067638671831,13.14835723264211,13.368934631347656,497439061.0
2025-12-18,13.397706254844026,13.493609113372772,13.292211921474394,13.436067581176758,531559528.0
2025-12-19,13.436068123155271,13.503200218293955,13.340164346151836,13.445658683776855,539304558.0
2025-12-22,13.45524759917752,13.627874022567676,13.416886273380392,13.48401927947998,658992579.0
2025-12-23,13.464838634887728,13.608693383056709,13.27303199912703,13.32098388671875,626616948.0
2025-12-24,13.340163608993286,13.52238059230952,13.157947540283203,13.157947540283203,563830564.0
2025-12-25,13.234670381136194,13.301802473525631,13.100405281751158,13.10999584197998,262750827.0
2025-12-26,13.119586557310638,13.177128090151518,12.90859880281301,12.975730895996094,415274970.0
2025-12-29,12.985321776928485,13.109996320636668,12.8606472332203,12.94696044921875,470038560.0
2025-12-30,12.98532126809279,13.148357133122072,12.831875963266679,13.023682594299316,458332350.0
2025-12-31,13.062044394687224,13.522381240482972,13.062044394687224,13.51279067993164,524373199.0
2026-01-02,13.570332398182217,13.800501281506675,13.4936097419428,13.790910720825195,598690454.0
2026-01-05,13.905994290281091,13.953946177651572,13.723778215800678,13.800500869750977,602360524.0
2026-01-06,13.829271606062472,14.145752781566308,13.752548952280097,14.04025936126709,758276839.0
2026-01-07,14.097800599144612,14.116981719491712,13.742958104178687,13.82927131652832,571554572.0
2026-01-08,13.848451745249816,13.982716846022909,13.73336776513267,13.867632865905762,607844431.0
2026-01-09,13.925174900443656,14.0786202027175,13.771728683563666,13.877223014831543,614424957.0
2026-01-12,13.915585166049896,14.03066914958353,13.781320061290891,13.85804271697998,588739040.0
2026-01-13,13.877223680736128,14.088210524183888,13.838862353326881,13.992307662963867,702449366.0
2026-01-14,14.030668800892748,14.069030127783934,13.886813139096164,14.04025936126709,571036187.0
2026-01-15,14.011487448797027,14.069029895486798,13.579922299745306,13.675826072692871,714805464.0
2026-01-16,13.714187910679913,13.781320005484469,13.531970918201552,13.599103927612305,801164277.0
2026-01-19,13.65664536217832,14.021078429869254,13.64705480167446,13.992307662963867,728568347.0
2026-01-20,13.982717036979897,14.011487803750553,13.733367952684386,13.819681167602539,788531854.0
2026-01-21,13.877223336675849,14.28001772178948,13.838862010217701,14.260836601257324,829649274.0
2026-01-22,14.337559090180019,14.35674021049278,13.829271291771839,14.069029808044434,850429338.0
2026-01-23,14.126571906754949,14.596499312610938,14.116982260819833,14.57731819152832,679421586.0
2026-01-26,14.452643679870427,14.79789654326192,14.366330464022553,14.663631439208984,813616554.0
2026-01-27,14.682812595863075,14.730763569577976,14.270427636750318,14.423872947692871,809348954.0
2026-01-28,14.443054095892629,14.989703245800024,14.385511646878388,14.836257934570312,959125440.0
2026-01-29,14.903389226873031,16.11177144502565,14.874618461218628,15.593894004821777,1041114608.0
2026-01-30,15.603484886219878,16.150134017941053,15.402086778673354,15.977507591247559,869144348.0
2026-02-02,15.536353776930145,16.437844550176838,15.334955656634639,16.150135040283203,838341497.0
2026-02-03,16.303579020824404,16.811867731166537,16.06382050581228,16.744733810424805,892534808.0
2026-02-04,16.773504963843177,16.81186720306196,16.3227596282959,16.3227596282959,528153752.0
2026-02-05,16.322760966097224,16.49538739830561,15.824062790653532,15.900785446166992,574182747.0
2026-02-06,15.967917509206867,16.217266596430843,15.603485353548683,15.814472198486328,501262947.0
2026-02-09,16.169315961746054,16.533748125043903,15.948736722400385,16.284399032592773,829457559.0
2026-02-10,16.284399263293917,16.437844579405024,16.111772825365808,16.236448287963867,666799472.0
2026-02-11,16.150134238631065,16.63924184454213,15.967917249163252,16.428253173828125,701248725.0
2026-02-12,16.495386198444653,17.435239117423507,16.428252279192794,17.40646743774414,136947935.0
2026-02-13,17.37769815473571,17.464009538167737,17.042035864364617,17.176300048828125,666228164.0
2026-02-16,17.300975697371218,17.339336109416607,16.840637948340145,17.042036056518555,729693058.0
2026-02-17,16.994083832128442,17.147529143946254,16.81186866760254,16.81186866760254,630019287.0
2026-02-18,16.859819228937678,17.291385301120222,16.68719280006466,16.82145881652832,950056726.0
2026-02-19,16.946132597077234,16.946132597077234,15.699389000461032,15.79529094696045,887535461.0
2026-02-20,15.83365278426575,16.130952835083008,15.584303705472708,16.130952835083008,647636743.0
2026-02-23,16.389893233377585,16.754325393595824,16.207676238662255,16.591289520263672,828970777.0
2026-02-24,16.485795974731445,16.802277140809153,16.3994827631455,16.485795974731445,595157028.0
2026-02-25,16.533747521214845,16.67760226912574,16.04463991494791,16.25562858581543,727630322.0
2026-02-26,16.255627615052976,16.610469183428403,16.083001196183957,16.495386123657227,627755791.0
2026-02-27,16.572109495823323,16.811868014881583,15.900784910775263,16.217266082763672,694302306.0
2026-03-02,15.248641751945796,15.565122930278566,14.951341694533161,15.123968124389648,481721909.0
2026-03-03,15.05683457522169,15.210279878649219,14.203294846254519,14.222475051879883,460743393.0
2026-03-04,14.222475371490205,14.577317872291996,14.069030064614422,14.193704605102539,616805359.0
2026-03-05,14.35674050104525,14.625269788615343,14.280017847453795,14.36633014678955,350463694.0
2026-03-06,14.29919761908744,14.423872156037039,13.503199426306752,13.63746452331543,475556085.0
2026-03-09,13.215489577348706,13.560742437010006,12.764744211067187,13.493609428405762,774852479.0
2026-03-10,14.011487804188418,14.299198215722523,13.723778307260499,14.145752906799316,649833663.0
2026-03-11,14.116981790734556,14.145752556794243,13.714187407474295,14.001897811889648,437914046.0
2026-03-12,13.829271505140687,14.366330077698015,13.74295829161386,13.781319618225098,617062045.0
2026-03-13,13.704597185464756,13.771729279462816,13.186718810578993,13.493609428405762,508833601.0
2026-03-16,13.54156153839928,13.60869363349942,13.349754899108735,13.531970977783203,358887825.0
2026-03-17,13.579922239652971,13.896403408530855,13.551151473738479,13.82927131652832,529144775.0
2026-03-18,13.896403988552079,13.94435587681513,13.5032001510862,13.599103927612305,525676908.0
2026-03-19,13.426477622664224,13.6182842629239,13.378525733947754,13.378525733947754,192390037.0
2026-03-23,13.023682629132896,13.378525126143892,12.381129727500344,13.10999584197998,367945013.0
2026-03-24,12.97573050708295,13.177127695202028,12.726382347902403,12.745562553405762,575420217.0
2026-03-25,12.985321329628821,13.100405308793775,12.803105257935853,12.870237350463867,502525119.0
2026-03-26,12.822286041449347,12.95655114715996,12.5825275120701,12.640069961547852,493014931.0
2026-03-27,12.697611496419395,12.793515274013576,12.419491638923716,12.640069961547852,477451695.0
2026-03-30,12.611297859844196,12.697611073885502,12.390720459166344,12.409900665283203,403609931.0
2026-03-31,12.467442992796537,12.726382632427116,12.457852432527366,12.630478858947754,483355175.0
2026-04-01,13.300000190734863,13.3100004196167,12.920000076293945,13.029999732971191,567524261.0
2026-04-02,12.75,13.199999809265137,12.720000267028809,13.180000305175781,483658588.0
2026-04-03,13.15999984741211,13.34000015258789,13.0600004196167,13.149999618530273,360144382.0
2026-04-06,13.1899995803833,13.529999732971191,13.15999984741211,13.319999694824219,583704556.0
2026-04-07,13.260000228881836,13.40999984741211,13.039999961853027,13.100000381469727,497131880.0
2026-04-08,14.0,14.390000343322754,13.890000343322754,14.09000015258789,933351335.0
2026-04-09,13.989999771118164,14.369999885559082,13.9399995803833,14.369999885559082,565672354.0
2026-04-10,14.5,14.760000228881836,14.399999618530273,14.710000038146973,680240645.0
2026-04-13,14.350000381469727,14.609999656677246,14.239999771118164,14.609999656677246,510098120.0
2026-04-14,14.800000190734863,15.119999885559082,14.279999732971191,14.550000190734863,912874850.0
2026-04-15,14.600000381469727,14.6899995803833,14.510000228881836,14.550000190734863,517611134.0
2026-04-16,14.649999618530273,14.760000228881836,14.319999694824219,14.4399995803833,452103664.0
2026-04-17,14.449999809265137,15.109999656677246,14.359999656677246,15.109999656677246,988687515.0
2026-04-20,14.800000190734863,15.1899995803833,14.770000457763672,14.979999542236328,527537176.0
2026-04-21,15.069999694824219,15.140000343322754,14.800000190734863,14.800000190734863,570681939.0
2026-04-22,14.930000305175781,15.020000457763672,14.680000305175781,14.789999961853027,465327157.0
2026-04-24,14.720000267028809,14.75,14.350000381469727,14.449999809265137,495303855.0
2026-04-27,14.460000038146973,14.619999885559082,14.270000457763672,14.3100004196167,492314251.0
2026-04-28,14.279999732971191,14.369999885559082,13.970000267028809,13.979999542236328,342092346.0
2026-04-29,14.039999961853027,14.180000305175781,13.899999618530273,14.020000457763672,401053249.0
2026-04-30,13.930000305175781,14.380000114440918,13.899999618530273,14.34000015258789,419305547.0
2026-05-04,14.34000015258789,14.40999984741211,13.899999618530273,14.079999923706055,423931644.0
2026-05-05,14.09000015258789,14.210000038146973,13.869999885559082,14.010000228881836,486344287.0
2026-05-06,14.239999771118164,14.770000457763672,14.140000343322754,14.489999771118164,95650902.0
2026-05-07,14.550000190734863,14.920000076293945,14.550000190734863,14.59000015258789,660026062.0
2026-05-08,14.510000228881836,14.699999809265137,14.369999885559082,14.550000190734863,546706307.0
2026-05-11,14.510000228881836,14.800000190734863,14.479999542236328,14.75,426833131.0
2026-05-12,14.699999809265137,14.729999542236328,14.260000228881836,14.270000457763672,400763145.0
2026-05-13,14.359999656677246,14.399999618530273,13.989999771118164,14.109999656677246,367364825.0
2026-05-14,14.1899995803833,14.300000190734863,14.079999923706055,14.220000267028809,435548929.0
2026-05-15,14.050000190734863,14.0600004196167,13.670000076293945,13.869999885559082,447939653.0
2026-05-18,13.800000190734863,13.979999542236328,13.579999923706055,13.720000267028809,500280291.0
2026-05-20,13.710000038146973,13.819999694824219,13.5600004196167,13.699999809265137,406734399.0
2026-05-21,13.6899995803833,13.720000267028809,12.699999809265137,12.699999809265137,446688172.0
2026-05-22,12.449999809265137,13.369999885559082,12.25,13.199999809265137,805251454.0
2026-05-25,13.270000457763672,13.319999694824219,13.0600004196167,13.270000457763672,486394333.0
2026-05-26,13.25,13.3100004196167,13.140000343322754,13.140000343322754,172707500.0
2026-05-27,13.140000343322754,13.140000343322754,13.140000343322754,13.140000343322754,0.0
2026-05-28,13.140000343322754,13.140000343322754,13.140000343322754,13.140000343322754,0.0
2026-05-29,13.140000343322754,13.140000343322754,13.140000343322754,13.140000343322754,0.0
2026-06-01,13.25,13.529999732971191,13.079999923706055,13.100000381469727,549712623.0
2026-06-02,13.210000038146973,13.680000305175781,13.199999809265137,13.630000114440918,596493304.0
2026-06-03,13.569999694824219,13.670000076293945,13.380000114440918,13.390000343322754,405449844.0
2026-06-04,13.479999542236328,13.720000267028809,13.369999885559082,13.720000267028809,513716946.0
2026-06-05,13.789999961853027,13.819999694824219,13.170000076293945,13.1899995803833,514740095.0
2026-06-08,13.050000190734863,13.890000343322754,13.029999732971191,13.829999923706055,494969030.0
2026-06-09,13.84000015258789,14.050000190734863,13.779999732971191,13.829999923706055,428599884.0
2026-06-10,13.8100004196167,13.930000305175781,13.489999771118164,13.729999542236328,284070145.0
2026-06-11,13.770000457763672,13.9399995803833,13.489999771118164,13.739999771118164,501055080.0
2026-06-12,14.069999694824219,14.609999656677246,14.020000457763672,14.3100004196167,763022920.0
2026-06-15,15.1899995803833,15.239999771118164,14.8100004196167,14.890000343322754,619943405.0
2026-06-16,14.859999656677246,15.0600004196167,14.779999732971191,15.010000228881836,437086042.0
2026-06-17,15.0600004196167,15.109999656677246,14.850000381469727,14.9399995803833,404845243.0
2026-06-18,15.0,15.479999542236328,14.970000267028809,15.470000267028809,618618703.0
2026-06-19,15.300000190734863,15.5,15.180000305175781,15.359999656677246,585714007.0
2026-06-22,15.420000076293945,15.539999961853027,15.319999694824219,15.420000076293945,315234838.0
2026-06-23,15.3100004196167,15.479999542236328,15.0,15.180000305175781,463590336.0
2026-06-24,15.199999809265137,15.220000267028809,14.869999885559082,15.100000381469727,409983453.0
2026-06-25,15.300000190734863,15.380000114440918,14.539999961853027,14.579999923706055,507269793.0
2026-06-26,14.579999923706055,14.779999732971191,14.5600004196167,14.739999771118164,250477565.0
2026-06-29,14.760000228881836,14.899999618530273,14.569999694824219,14.6899995803833,323425591.0
2026-06-30,14.6899995803833,14.890000343322754,14.630000114440918,14.8100004196167,422611203.0
2026-07-01,14.779999732971191,14.979999542236328,14.640000343322754,14.930000305175781,522144502.0
2026-07-02,14.9399995803833,15.109999656677246,14.6899995803833,14.819999694824219,529288042.0
2026-07-03,14.90999984741211,14.930000305175781,14.210000038146973,14.210000038146973,486069237.0
2026-07-06,14.260000228881836,14.430000305175781,14.149999618530273,14.34000015258789,338527505.0
2026-07-07,14.300000190734863,14.710000038146973,14.300000190734863,14.449999809265137,405806307.0
2026-07-08,14.380000114440918,14.479999542236328,13.859999656677246,14.079999923706055,565573464.0
2026-07-09,14.289999961853027,14.3100004196167,13.819999694824219,13.899999618530273,355592118.0
2026-07-10,13.899999618530273,14.109999656677246,13.699999809265137,13.779999732971191,451553568.0
2026-07-13,13.649999618530273,13.819999694824219,13.5,13.699999809265137,459074226.0
2026-07-14,13.6899995803833,13.970000267028809,13.630000114440918,13.890000343322754,433360987.0
2026-07-16,13.899999618530273,13.989999771118164,13.550000190734863,13.989999771118164,612519260.0
2026-07-17,13.920000076293945,13.949999809265137,13.449999809265137,13.680000305175781,471320402.0
2026-07-20,13.680000305175781,13.720000267028809,13.109999656677246,13.180000305175781,730589889.0
2026-07-21,13.25,13.260000228881836,12.90999984741211,12.930000305175781,695501135.0
2026-07-22,12.970000267028809,13.140000343322754,12.90999984741211,13.0600004196167,526863262.0
2026-07-23,13.0600004196167,13.119999885559082,12.899999618530273,13.0,659213412.0
2026-07-24,12.989999771118164,13.180000305175781,12.869999885559082,12.920000076293945,523092387.0
2026-07-27,13.0600004196167,13.1899995803833,12.850000381469727,12.890000343322754,608728010.0
2026-07-28,12.90999984741211,12.949999809265137,12.75,12.819999694824219,452991938.0
2026-07-29,12.819999694824219,12.90999984741211,12.25,12.300000190734863,625574599.0
2026-07-30,12.300000190734863,12.449999809265137,11.970000267028809,12.029999732971191,686429506.0
2026-07-31,12.100000381469727,12.470000267028809,12.039999961853027,12.470000267028809,686627710.0
2026-08-03,12.600000381469727,12.869999885559082,12.600000381469727,12.680000305175781,546056391.0
2026-08-04,12.399999618530273,12.630000114440918,12.34000015258789,12.59000015258789,911827146.0
2026-08-05,12.550000190734863,12.569999694824219,12.239999771118164,12.34000015258789,674854182.0
2026-08-06,12.380000114440918,12.600000381469727,12.329999923706055,12.329999923706055,509496559.0
2026-08-07,12.359999656677246,12.510000228881836,12.260000228881836,12.359999656677246,441804826.0
2026-08-10,12.390000343322754,12.40999984741211,12.079999923706055,12.109999656677246,535076013.0
2026-08-11,12.079999923706055,12.100000381469727,11.859999656677246,12.020000457763672,745594783.0
2026-08-12,12.0,12.630000114440918,11.989999771118164,12.5600004196167,875014304.0
2026-08-13,12.529999732971191,12.649999618530273,12.369999885559082,12.510000228881836,469142058.0
2026-08-14,12.520000457763672,12.609999656677246,12.479999542236328,12.529999732971191,360930803.0
2026-08-17,12.529999732971191,12.569999694824219,12.399999618530273,12.399999618530273,352947990.0
2026-08-18,12.359999656677246,12.529999732971191,12.300000190734863,12.380000114440918,355989640.0
2026-08-19,12.369999885559082,12.640000343322754,12.350000381469727,12.529999732971191,655235781.0
2026-08-20,12.579999923706055,12.699999809265137,12.329999923706055,12.380000114440918,563447351.0
2026-08-21,12.399999618530273,12.579999923706055,12.350000381469727,12.390000343322754,698672520.0
2026-08-24,12.779999732971191,12.850000381469727,12.520000457763672,12.59000015258789,757195891.0
2026-08-25,12.59000015258789,12.65999984741211,12.460000038146973,12.479999542236328,531405535.0
2026-08-26,12.529999732971191,13.390000343322754,12.529999732971191,12.90999984741211,82032408.0
2026-08-27,12.9399995803833,13.039999961853027,12.699999809265137,12.75,695711163.0
2026-08-28,12.770000457763672,12.84000015258789,12.699999809265137,12.789999961853027,476270843.0
2026-08-31,12.800000190734863,12.800000190734863,12.539999961853027,12.640000343322754,495881549.0
2026-09-01,12.65999984741211,12.890000343322754,12.649999618530273,12.75,730470654.0
2026-09-02,12.65999984741211,12.850000381469727,12.399999618530273,12.779999732971191,559166371.0
2026-09-03,12.859999656677246,13.180000305175781,12.789999961853027,12.949999809265137,684427225.0
2026-09-04,13.0,13.220000267028809,12.920000076293945,13.010000228881836,616783123.0
2026-09-07,13.0,13.119999885559082,12.90999984741211,13.050000190734863,739983017.0
2026-09-08,13.050000190734863,14.350000381469727,13.010000228881836,14.350000381469727,733430417.0
2026-09-09,14.380000114440918,14.75,13.859999656677246,13.920000076293945,1043631446.0
2026-09-10,14.0,14.039999961853027,13.520000457763672,13.739999771118164,943576428.0
2026-09-11,13.770000457763672,13.970000267028809,13.680000305175781,13.930000305175781,781451194.0
2026-09-14,13.8100004196167,14.050000190734863,13.789999961853027,13.84000015258789,467546166.0
2026-09-15,13.84000015258789,13.90999984741211,13.359999656677246,13.359999656677246,643251166.0
2026-09-16,13.380000114440918,13.40999984741211,12.029999732971191,12.220000267028809,77197629.0
