Date,Open,High,Low,Close,Volume
2021-09-20,6.125046377656837,6.180644323913769,6.013850043289774,6.023116588592529,66061130.0
2021-09-21,6.069448622747109,6.097247375825367,5.828523739518404,5.8470563888549805,90678908.0
2021-09-22,5.893388680038155,6.013850688934326,5.828524181514643,6.013850688934326,119426963.0
2021-09-23,6.023116548615583,6.023116548615583,5.865588814339895,5.976784706115723,104284552.0
2021-09-24,5.93971980565897,5.976785105393719,5.735860657117846,5.791458606719971,59263678.0
2021-09-27,5.847056696888419,5.94898649453604,5.809991396262601,5.902654647827148,77036880.0
2021-09-28,5.893388440757798,5.921187194815456,5.809991294878365,5.884121894836426,67995143.0
2021-09-29,5.921186986201286,5.9397196355378625,5.837790285113299,5.8470563888549805,42576389.0
2021-09-30,5.865588814339895,5.995317354745028,5.865588814339895,5.976784706115723,107127267.0
2021-10-01,5.9304534087013785,6.060181951364717,5.893388110797568,5.995317459106445,68267303.0
2021-10-04,5.995317520548045,6.078714662612897,5.921186923980713,5.921186923980713,49209914.0
2021-10-05,5.911921090747313,5.930453740736828,5.837790490789253,5.884121894836426,51976426.0
2021-10-06,5.9211864008477075,5.967518240535506,5.6524627911060845,5.661729335784912,127154535.0
2021-10-07,5.717328179073136,5.9582526345895035,5.717328179073136,5.948986530303955,90360403.0
2021-10-08,5.930454150819413,6.041650058445545,5.865589650444207,5.958252906799316,77309057.0
2021-10-11,5.976784711931948,6.310372829437256,5.976784711931948,6.310372829437256,141932030.0
2021-10-12,6.254774612405031,6.3937696921624445,6.226975419712277,6.3011064529418945,113429134.0
2021-10-13,6.328905815087256,6.4030364136239335,6.162111968379734,6.245508670806885,133193564.0
2021-10-14,6.254775524139404,6.356705323066509,6.2269763273944685,6.254775524139404,82812287.0
2021-10-15,6.3103728102713585,6.477166647590827,6.291840161680307,6.430835247039795,144444591.0
2021-10-18,6.477167039342852,6.671760082244873,6.430835635989604,6.671760082244873,141071593.0
2021-10-19,6.6995592777394,6.736624577163288,6.616162133109041,6.671760082244873,101375499.0
2021-10-20,6.690292523668331,6.745890912926444,6.60689582348758,6.634694576263428,84436093.0
2021-10-21,6.643961365462647,6.755157264351197,6.412303021851554,6.71809196472168,161822983.0
2021-10-22,6.727358260932757,6.977549245075112,6.727358260932757,6.968282699584961,125395715.0
2021-10-25,6.940484183970482,7.023881334127929,6.894152777546652,6.959017276763916,120331657.0
2021-10-26,7.033147879737352,7.13507723897032,6.968283380527349,7.0053486824035645,98165079.0
2021-10-27,7.042413674039835,7.051680220027295,6.875619822944645,6.9497504234313965,101741345.0
2021-10-28,6.94048367087851,6.968282866160287,6.894152267879839,6.912684917449951,27191977.0
2021-11-01,6.931218078651133,7.05168053067546,6.792222975688698,7.0053486824035645,88193894.0
2021-11-02,7.00534816530051,7.00534816530051,6.875619618309728,6.912684917449951,87481557.0
2021-11-03,6.884885813054505,6.921951112684022,6.542031570554863,6.71809196472168,133761722.0
2021-11-04,6.7736902237822285,6.847820826429673,6.708825725539093,6.727358818054199,115645285.0
2021-11-05,6.727358710492859,6.745891360858408,6.523499114618582,6.542031764984131,107806991.0
2021-11-08,6.551297695272229,6.838553969862797,6.54203115003389,6.810754776000977,134635993.0
2021-11-09,6.8292884142618755,6.986816171315539,6.755157809025625,6.8570876121521,147385164.0
2021-11-10,6.838554240532812,6.857086889889816,6.681026500071668,6.7736897468566895,85731573.0
2021-11-11,6.810755391336525,7.033147636764117,6.810755391336525,6.875619888305664,164852573.0
2021-11-12,6.9219515330303,7.042413985068111,6.857087475666287,6.959017276763916,109856588.0
2021-11-15,7.005348182273471,7.237006523387752,6.97754942877756,7.172142028808594,196114837.0
2021-11-16,7.1721425416493885,7.181409088046106,6.9219515330303,6.959017276763916,97621073.0
2021-11-17,6.949749765906441,7.172141546325916,6.940483220795701,7.125810146331787,188138219.0
2021-11-18,7.153609453070554,7.431600083873073,7.070212749868346,7.264805793762207,253616255.0
2021-11-19,7.348202382346555,7.737388905916939,7.348202382346555,7.579861164093018,285654640.0
2021-11-22,7.7373891191758,7.83005192746322,7.63545888124124,7.70958948135376,153634061.0
2021-11-23,7.737388580061124,8.135840306976554,7.737388580061124,8.070976257324219,451090772.0
2021-11-24,8.274836916089718,8.506495276484557,8.04317855569488,8.135841369628906,278832299.0
2021-11-25,8.135840493249246,8.247036388216143,7.904182157808271,8.228504180908203,186332132.0
2021-11-26,8.126574877987558,8.18217238393619,7.8393181515648696,7.987579345703125,145771255.0
2021-11-29,8.098775217772346,8.1358405161992,7.950514024064926,8.108041763305664,135011507.0
2021-11-30,8.061710318974145,8.09877561923837,7.894916909638359,7.922715663909912,137893027.0
2021-12-01,8.052442828964253,8.339699535115704,8.043177167764291,8.302634239196777,215036770.0
2021-12-02,8.395298801162063,8.710353407655774,8.348966955478547,8.664022445678711,248658179.0
2021-12-03,8.75668559646166,8.803017443960645,8.626957483912287,8.645489692687988,152865268.0
2021-12-06,8.728885979153828,8.747418186098809,8.525026400520643,8.617690086364746,136952201.0
2021-12-07,8.710353983725039,9.099540099275519,8.654756472192977,8.988344192504883,347356166.0
2021-12-08,9.025409022778904,9.173670224053113,8.895680913517204,9.15513801574707,276690921.0
2021-12-09,9.340464406842546,10.063238196357165,9.331197860945913,9.729650497436523,389554297.0
2021-12-10,9.877910681391443,10.211499229721715,9.627720153850102,10.091036796569824,349924851.0
2021-12-13,10.304163328101474,10.804545330022906,10.248565818836024,10.619218826293945,288844533.0
2021-12-14,11.064002405133152,11.073268951221001,10.656284098039029,10.832344055175781,215172155.0
2021-12-15,10.952806085097144,11.064001982787227,10.60995184629278,10.75821304321289,295460964.0
2021-12-16,10.86014264322221,11.43465518951416,10.711881454979949,11.43465518951416,348298701.0
2021-12-17,11.721912486552224,12.34275695272885,10.30416359207279,10.8416109085083,258139952.0
2021-12-20,10.40609298501691,11.406857901493652,9.757449761363088,10.628485679626465,185433503.0
2021-12-21,10.609951834883752,10.609951834883752,9.572122573852539,9.572122573852539,108836147.0
2021-12-22,9.08100674817246,9.368262583617657,8.617690086364746,8.617690086364746,183292766.0
2021-12-23,8.691819742359819,8.78448253448481,7.922714237561494,8.256301879882812,217592312.0
2021-12-24,8.413831406258746,8.793750968120294,8.256303653724958,8.738153457641602,171705171.0
2021-12-27,8.775218242844918,9.099539391437576,8.626957045350395,8.691821098327637,178787790.0
2021-12-28,8.821550171503134,8.858615471227665,8.200705738337383,8.33043384552002,113214073.0
2021-12-29,8.321166926123823,8.691820790436887,8.12657477408514,8.682554244995117,113617802.0
2021-12-30,8.84008277921072,8.923479928288277,8.367499523575557,8.432364463806152,93061888.0
2021-12-31,8.43236412829919,8.599157536111434,8.358233528447867,8.543560028076172,52743945.0
2022-01-03,8.617690905807162,8.765952110290527,8.450896608910135,8.765952110290527,84765038.0
2022-01-04,8.923479466555756,9.238534954010444,8.80301702231094,9.118072509765625,132971219.0
2022-01-05,9.13660382916376,9.553589512425413,9.062473237407547,9.544322967529297,117112687.0
2022-01-06,9.451660081065965,9.887178007049787,9.368262937398166,9.813047409057617,183619934.0
2022-01-07,9.859379972743112,10.776746852576736,9.83158033368888,10.748948097229004,253686665.0
2022-01-10,10.887941267369568,11.128866137290254,10.702614784240723,10.702614784240723,174261406.0
2022-01-11,10.99913834279041,11.731178692832192,10.962073042169552,11.712646484375,508629409.0
2022-01-12,11.87943940396445,12.277892031937931,11.712645999922653,12.092565536499023,554942743.0
2022-01-13,11.999901998421889,12.704143573687036,11.851640800199004,12.370555877685547,538259029.0
2022-01-14,12.379821255971198,12.546615542001192,12.12036416502954,12.240826606750488,303271255.0
2022-01-17,12.277893179509755,12.333491575191234,11.823843002319336,11.823843002319336,188647963.0
2022-01-18,11.814575780729276,12.018435374971828,10.887942386162274,10.980606079101562,224481062.0
2022-01-19,10.980605797102013,11.573650588822414,10.711882154927094,11.397590637207031,319592941.0
2022-01-20,11.462455274435099,11.916505437158404,11.267862221309896,11.721912384033203,358463212.0
2022-01-21,11.675581523503833,11.694113732500297,11.165932962356845,11.60145092010498,244977502.0
2022-01-24,11.44392316686778,11.545852525613794,10.62848564578017,10.748948097229004,204924517.0
2022-01-25,10.841609780766198,10.915740376445806,10.304162520235845,10.470956802368164,209091993.0
2022-01-26,10.498756511120458,10.869409523280122,10.498756511120458,10.563620567321777,158784514.0
2022-01-27,10.331961660214356,10.767479588947008,10.304162906718446,10.75821304321289,145145527.0
2022-01-28,10.841609518368639,11.10106659696767,10.748946717865035,10.887941360473633,177460074.0
2022-01-31,11.05473542209957,11.15666476576951,10.971338284684906,11.064001083374023,127218589.0
2022-02-01,11.15666536395967,11.304926556776715,11.147398818482001,11.202997207641602,131601925.0
2022-02-02,11.295661075202698,11.332726376898027,10.832344362157844,10.8416109085083,114165081.0
2022-02-03,10.78601209104465,10.943539825091227,10.396826028542096,10.406091690063477,117042257.0
2022-02-04,10.498756229395635,10.526554983635032,10.118836681200161,10.248565673828125,128127397.0
2022-02-07,10.267097151119012,11.110333333900368,9.961308225136902,11.045469284057617,205022422.0
2022-02-08,11.054736500396249,11.101067462406819,10.75821321803116,10.823078155517578,153017791.0
2022-02-09,10.925007659571957,11.286395000693467,10.906475451253822,11.193731307983398,261299149.0
2022-02-10,11.212264460278623,11.267861969238352,10.915741172236345,10.95280647277832,171792080.0
2022-02-11,10.860141970284262,11.202996167776465,10.74894608599271,11.110332489013672,182729565.0
2022-02-14,10.850877698241382,10.962073605821464,10.582154033996218,10.66555118560791,162889345.0
2022-02-15,10.711881605815243,11.110333333900368,10.711881605815243,11.045469284057617,189180696.0
2022-02-16,11.110332812270466,11.21226303861648,10.915739788171953,10.999136924743652,122586988.0
2022-02-17,11.036204210874853,11.165933211571543,10.656284639049607,10.66555118560791,191443286.0
2022-02-18,10.776746109101405,10.88794200652755,10.656283665963135,10.87867546081543,107685142.0
2022-02-21,10.980606348899105,11.02693731280065,10.721148355776709,10.869409561157227,123884797.0
2022-02-22,10.628484496838796,10.897208126035117,10.535820810754657,10.711881637573242,154169044.0
2022-02-23,10.832343072084123,11.24006222588208,10.813810865296794,10.860142707824707,338510080.0
2022-02-24,9.868644706751232,10.341227921725206,9.775981903076172,9.775981903076172,126867744.0
2022-02-25,10.091037803770234,10.591419792503096,9.989107566626025,10.489489555358887,163113403.0
2022-02-28,10.24856598455293,11.045470405326459,10.220766345764215,10.869409561157227,219005967.0
2022-03-01,11.045469649497626,11.44392227447198,10.962072506251234,11.360525131225586,249025901.0
2022-03-02,11.675581788928607,12.25936008303917,11.323460972925929,11.916505813598633,499993621.0
2022-03-03,12.06476590472757,12.657810646955113,12.06476590472757,12.611478805541992,336458682.0
2022-03-04,12.592947855495026,12.972867402312575,12.314957662989894,12.528083801269531,333013143.0
2022-03-07,12.49101787363035,13.426917824650733,12.407621609504412,13.389852523803711,375670921.0
2022-03-08,13.389850908225027,14.158956470782638,13.241589722725687,13.519579887390137,402228831.0
2022-03-09,13.68637517998722,14.010696326441275,13.167460108471719,13.278656005859375,248286360.0
2022-03-10,13.34351980177586,14.242354393005371,13.250856997588196,14.242354393005371,368941796.0
2022-03-11,14.24235425099903,14.529610973641406,13.751238830952557,13.843901634216309,288413319.0
2022-03-14,14.038495772425133,14.066295410923319,13.649309670515331,13.69564151763916,104522236.0
2022-03-15,13.695640919092895,14.01069640531816,13.343520133529742,13.371319770812988,164085073.0
2022-03-16,13.48251545988546,13.649308862467903,13.297188966068063,13.334254264831543,141515753.0
2022-03-17,13.575178506579489,13.91803363087754,13.575178506579489,13.890233993530273,235743719.0
2022-03-18,13.982897391681652,14.019962690330184,13.649308820138438,13.667841911315918,125505912.0
2022-03-21,13.788304814479126,13.955099105834961,13.649309277113776,13.955099105834961,139206899.0
2022-03-22,13.973631389806306,14.251621582340094,13.843902397635482,14.140425682067871,207178114.0
2022-03-23,14.251620730293977,14.270152937378151,14.019962397650135,14.205288887023926,120646947.0
2022-03-24,14.205289094589022,14.918797193736783,14.047761355392929,14.242354393005371,307097990.0
2022-03-25,14.316484881457471,14.362816725053767,14.121891845318164,14.177490234375,122786350.0
2022-03-28,14.223823409186119,14.307219675016851,14.038496017456055,14.038496017456055,86132734.0
2022-03-29,14.103360752179585,14.214556655370615,13.936566455539797,14.00143051147461,115360599.0
2022-03-30,14.038494981901723,14.084826826416556,13.834636279966753,13.853168487548828,93614513.0
2022-03-31,13.871701303828434,14.233087739725423,13.871701303828434,14.177490234375,157096574.0
2022-04-01,14.177490394549489,14.455480575561523,14.149691641560214,14.455480575561523,159154838.0
2022-04-04,14.538876483093432,14.733469516727482,14.390615292459186,14.687138557434082,191046022.0
2022-04-05,14.752003357947254,14.937330739375362,14.53887722278751,14.650074005126953,225638554.0
2022-04-06,14.659339299918866,14.714937689695477,14.335018157958984,14.335018157958984,114795021.0
2022-04-07,14.399882803770378,14.705671750892982,14.39061625780752,14.659339904785156,138330730.0
2022-04-08,14.696404449559465,14.696404449559465,14.501811412873522,14.603741645812988,85281184.0
2022-04-11,14.63154053503968,15.11338941665241,14.55740993786849,15.00219440460205,236025587.0
2022-04-12,15.029991575292096,15.178252762743076,14.881730387841115,14.890996932983398,148570924.0
2022-04-13,14.992927920009038,15.187520075595046,14.724204283243905,14.946595191955566,188869668.0
2022-04-14,15.085591673372452,15.141189179862097,14.83540024304975,14.853933334350586,93007225.0
2022-04-15,14.853932519827037,14.965127526708889,14.761268835816981,14.890996932983398,65540057.0
2022-04-18,14.955862045288086,15.011461320096226,14.863200122100308,14.955862045288086,94173310.0
2022-04-19,15.029991648273398,15.280183066091572,14.928063186038893,15.196785926818848,177141715.0
2022-04-20,15.243119599770518,15.280184015409569,15.01146125793457,15.01146125793457,99571869.0
2022-04-21,15.029992411251497,15.233852880894771,14.992927996033636,15.03925895690918,144946563.0
2022-04-22,14.99292789629506,15.067058493650505,14.214555740356445,14.214555740356445,84226558.0
2022-04-25,14.047761913705404,14.20528965916226,13.686375460709701,13.955099105834961,119568234.0
2022-04-26,14.140425052200994,14.483279283694968,13.482515342116228,13.575178146362305,209772736.0
2022-04-27,13.575178131000957,14.214555632995571,13.399118184538139,14.149691581726074,193438449.0
2022-04-28,14.17749104054134,14.205289794797258,13.834636792363503,13.899500846862793,74786352.0
2022-04-29,14.001430071314564,14.121892516911183,13.82537011772348,14.047761917114258,67679017.0
2022-05-05,14.205288951086967,14.622273774985121,14.1496914458773,14.511077880859375,82492810.0
2022-05-06,14.335018395589511,14.511078346005531,14.112625716502906,14.344284057617188,73107679.0
2022-05-09,14.585208897211343,15.150455813270982,14.57594235150725,15.131922721862793,204163966.0
2022-05-10,15.141189342479814,15.252384356653348,15.05779219814322,15.224586486816406,37928368.0
2022-05-11,15.382115464660892,15.511843580749263,15.020727221051388,15.446979522705078,154828112.0
2022-05-12,15.270917335836547,15.289450427200121,14.344283976612296,14.613008499145508,198254509.0
2022-05-13,14.835400216081952,14.863199852982673,14.362816993246867,14.520344734191895,93253854.0
2022-05-16,14.474013688524947,14.5018124432534,13.769772088223291,13.8161039352417,109334232.0
2022-05-17,13.880968021674796,13.992164808248548,13.602978706359863,13.602978706359863,95528538.0
2022-05-18,13.593710413102123,13.8068356452798,13.250856202399097,13.306453704833984,68228456.0
2022-05-20,13.324987161177514,13.389851210370557,12.935801098606472,12.954333305358887,68488296.0
2022-05-23,13.269389145016746,13.380585039763618,12.843137773300521,13.176726341247559,86151858.0
2022-05-24,13.250857689999922,13.32498829070625,13.028465887880937,13.13966178894043,92464115.0
2022-05-25,13.16746018728374,13.510314427207732,13.111861796403918,13.463982582092285,80955292.0
2022-05-26,13.436183498139977,13.695640587217985,13.269389213308047,13.575178146362305,102533613.0
2022-05-27,13.602978112601397,13.918033598826664,13.32498792571402,13.371319770812988,129183158.0
2022-05-30,13.565912970312256,13.862435368448114,13.454717071011311,13.741972923278809,149733089.0
2022-05-31,13.83463567395179,13.862434425960416,13.57517770951665,13.621509552001953,95265689.0
2022-06-01,13.658576024191275,14.019963366216345,13.658576024191275,13.992164611816406,127134796.0
2022-06-02,14.029229813134018,14.14969225962463,13.890234274703406,14.112626075744629,115210673.0
2022-06-03,14.168223867143189,14.260887555501439,13.880967140197754,13.880967140197754,100719299.0
2022-06-06,13.955099414423394,14.12189282576107,13.918034113714302,14.057028770446777,76574741.0
2022-06-07,14.121893270435775,14.205290420583887,13.853169610906585,14.010697364807129,82460380.0
2022-06-08,14.084826766919718,14.464746299664915,13.389851753252236,13.547379493713379,171412026.0
2022-06-09,13.60297735472914,13.686374494519633,13.139660696965409,13.408384323120117,102279972.0
2022-06-10,13.213791583593204,13.399118074053936,12.945067951498539,12.963600158691406,89492520.0
2022-06-13,12.870937706766549,12.898736460168125,12.148163048674073,12.18522834777832,120247442.0
2022-06-14,12.250093621889656,12.398354822396191,11.944304674918314,12.0740327835083,92335342.0
2022-06-15,12.083299504438854,12.324224400603917,12.036967657683038,12.231560707092285,64867129.0
2022-06-16,12.22229387782783,12.435420014484185,11.981369870951085,12.00916862487793,101847281.0
2022-06-17,12.046234000953675,12.259359255252985,11.972103400875092,12.19449520111084,54530737.0
2022-06-20,12.175962973148643,12.213028273127673,11.638515681599474,11.768243789672852,79181886.0
2022-06-21,11.907238737908537,12.148162733992109,11.833108141620297,12.083298683166504,105559462.0
2022-06-22,12.036967435447435,12.036967435447435,11.75897724375148,11.768243789672852,68590116.0
2022-06-23,11.814574141869805,11.935036572498337,11.629247665405273,11.629247665405273,64407805.0
2022-06-24,11.666313282392489,11.823841012657697,11.32345907055244,11.73117733001709,105242062.0
2022-06-27,11.453187942504883,11.453187942504883,11.453187942504883,11.453187942504883,537944.0
2022-06-28,11.980238297687714,11.980238297687714,11.29812366527201,11.336552619934082,91990026.0
2022-06-29,11.336552452287883,11.355766471225506,10.692866784053146,10.721688270568848,92596897.0
2022-06-30,10.567973349874961,11.038728306476925,10.52954439252416,10.836976051330566,120503242.0
2022-07-01,10.76972450586225,10.942655254400833,10.66404511298785,10.846582412719727,59157248.0
2022-07-04,10.836975442907852,10.933048289000322,10.250933647155762,10.250933647155762,84701748.0
2022-07-05,10.347005056902637,10.606400239394008,10.097216424712103,10.164466857910156,90298011.0
2022-07-06,10.279754301347959,10.356612205505371,10.07800207388013,10.356612205505371,82252296.0
2022-07-07,10.38543435518672,10.404648372651453,10.078001829784785,10.14525318145752,61485721.0
2022-07-08,10.145253278411172,10.395041005150615,10.116430877610929,10.366219520568848,38689540.0
2022-07-13,10.36621960107825,10.375827068086279,9.87624977829047,9.962715148925781,46366286.0
2022-07-14,9.962715331512799,10.049180703732764,9.760963101739044,9.837821006774902,53321469.0
2022-07-18,9.991537810842981,10.31818439785068,9.962716322641887,10.231719017028809,60546143.0
2022-07-19,10.16446744511184,10.375827139653968,10.029965654727127,10.356612205505371,77929558.0
2022-07-20,10.452685356140137,10.62561610377077,10.39504146819042,10.452685356140137,66537204.0
2022-07-21,10.433471264602357,10.510329177267604,10.212504994744423,10.289362907409668,54374341.0
2022-07-22,10.337399485812787,10.471900376870506,10.12603976472674,10.279755592346191,52726318.0
2022-07-25,10.241325536800764,10.44307776796293,10.241325536800764,10.347005844116211,38926184.0
2022-07-26,10.375828288212718,10.539151581681013,10.212504994744423,10.289362907409668,54460177.0
2022-07-27,10.327790970626376,10.36621992363578,10.029965897639611,10.058788299560547,46453634.0
2022-07-28,10.154860531958304,10.279754862081376,10.020359650455411,10.039573669433594,48482462.0
2022-07-29,10.039573935483466,10.26054111500872,9.972323492949874,10.250933647155762,44486758.0
2022-08-01,10.30857617850648,10.673651695251465,10.30857617850648,10.673651695251465,72545350.0
2022-08-02,10.692866291707688,10.93304747278948,10.625615854194704,10.750509262084961,84631034.0
2022-08-03,10.856191179407704,10.904227605997288,10.692867878734296,10.827369689941406,47706714.0
2022-08-04,10.923440319577203,11.029119712451603,10.788938524467358,10.846582412719727,81868940.0
2022-08-05,10.836975519439848,10.836975519439848,10.433471028951578,10.587187767028809,112348486.0
2022-08-08,10.616008087255567,10.827367777179779,10.616008087255567,10.769723892211914,92080008.0
2022-08-09,10.76011629904881,10.846581667376471,10.625615429399968,10.664044380187988,64605816.0
2022-08-10,10.625616190489604,10.692866630131027,10.529543348528836,10.673651695251465,64340323.0
2022-08-11,10.73129558367163,10.817760958192617,10.664045144030206,10.673651695251465,105700491.0
2022-08-12,10.673651572571682,10.70247397455975,10.443077853978213,10.51032829284668,67521779.0
2022-08-15,10.529542952168327,10.587186838418623,10.395041161729969,10.41425609588623,55658396.0
2022-08-16,10.423863867836653,10.471899372195248,9.953108045643196,10.395041465759277,56619057.0
2022-08-17,10.414255610546586,10.67365079603799,10.414255610546586,10.500720977783203,86710620.0
2022-08-18,10.56797246730074,11.49026828291391,10.519936045569303,11.2885160446167,402923614.0
2022-08-19,11.355766531554528,11.884165340315109,11.336552512514828,11.682413101196289,214131276.0
2022-08-22,11.768878203853333,11.999451924281281,11.519089548613797,11.58634090423584,142613109.0
2022-08-23,11.643983536817851,11.93220113706066,11.567125632248901,11.663198471069336,138604547.0
2022-08-24,11.768879309815103,11.79770079852242,11.18283748626709,11.18283748626709,98123580.0
2022-08-25,11.240479738951828,11.66319915509114,11.240479738951828,11.451839447021484,105850845.0
2022-08-26,11.480660560412966,12.018666822666079,11.288515793972039,11.643983840942383,233773280.0
2022-08-29,11.653591152897754,11.807306964000423,11.461446389019418,11.595947265625,74725553.0
2022-08-31,11.634376438331651,11.672805391833762,11.355766296386719,11.355766296386719,78959344.0
2022-09-01,11.33655234585259,11.3941953183428,11.077156220991052,11.125192642211914,65804076.0
2022-09-02,11.163621410842616,11.36537364365019,11.115584990418238,11.250086784362793,69446451.0
2022-09-05,11.278908461275943,12.37413501739502,11.230872040037482,12.37413501739502,222860050.0
2022-09-06,13.14271431105337,13.594254264562892,12.835281781174196,13.152320861816406,399003306.0
2022-09-07,13.2003584286731,13.238787383723238,12.499029769953433,12.575887680053711,233248673.0
2022-09-08,12.768031517102866,13.219572392926455,12.422170947065633,12.460599899291992,205296865.0
2022-09-09,12.623923364711175,13.699934959411621,12.566279477397531,13.699934959411621,274583544.0
2022-09-12,14.314799375304164,14.929663586669472,13.901688327932101,14.708697319030762,292860543.0
2022-09-13,14.881625711680735,15.832742965788132,13.882472038269043,13.882472038269043,443325176.0
2022-09-14,13.642290906979825,13.776792698271391,12.499028887766245,12.969783782958984,625459262.0
2022-09-15,13.065857032279995,13.536611942258018,12.537458233875562,12.662352561950684,338836783.0
2022-09-16,12.662352528706464,12.94096267022918,12.489421780099772,12.777639389038086,184782091.0
2022-09-19,12.844890406625558,12.88331936179902,11.893773078918457,11.893773078918457,101638794.0
2022-09-20,12.018666848142018,12.470206821180696,11.692020286390793,12.210811614990234,123526698.0
2022-09-21,12.11473880653085,12.393348948276016,11.884165085683511,12.095524787902832,88095741.0
2022-09-22,12.105132569767207,12.777639731150153,12.047488679948762,12.70078182220459,147092712.0
2022-09-23,12.70078091537293,12.8833182070309,12.306883931096403,12.35491943359375,97077933.0
2022-09-26,12.326098035375617,12.335705502429919,11.96102253327852,12.009058952331543,75649468.0
2022-09-27,12.057095524105538,12.441385048960347,11.97063015195858,11.999451637268066,117758723.0
2022-09-28,11.961022937015722,12.105132199039113,11.672805329187453,11.701627731323242,65962416.0
2022-09-29,11.768877702826568,11.951414994673053,11.18283595929998,11.615161895751953,81599583.0
2022-09-30,11.55751930435681,11.720842596719354,11.413410948139779,11.480661392211914,49780409.0
2022-10-03,11.49026859015748,12.47020740507658,11.49026859015748,12.40295696258545,89399628.0
2022-10-04,12.489421657440761,12.748817777803264,12.201204051333042,12.556672096252441,131044656.0
2022-10-05,12.623923205568143,12.796853032892026,12.085916956891024,12.34531307220459,98872337.0
2022-10-06,12.383742672731723,12.412564159424573,12.153168030533301,12.191596984863281,90624777.0
2022-10-07,12.201204299926758,12.518243398239216,12.143561327261873,12.201204299926758,109026188.0
2022-10-10,12.220419805238844,12.575887873989009,12.181990849596085,12.393349647521973,120072331.0
2022-10-11,12.431777211382581,12.479813629612824,12.220418437119067,12.249239921569824,95708922.0
2022-10-12,12.268455921292981,12.335706362927287,11.845736503601074,11.845736503601074,67046001.0
2022-10-13,11.855343662747853,11.999452009990016,11.643983959403291,11.749663352966309,80715549.0
2022-10-14,11.922594450587628,11.999452360188982,11.730449676584238,11.788093566894531,62963604.0
2022-10-17,11.816914909200612,12.316491315490351,11.701628046210672,12.191596984863281,166552873.0
2022-10-18,12.316490407412955,12.335705341270527,11.884164474020825,11.96102237701416,137866446.0
2022-10-19,11.96102386911998,12.06670418608301,11.797700575830378,11.816915512084961,90908538.0
2022-10-20,11.8265222981875,12.105132444281642,11.701627968391017,12.028274536132812,201100261.0
2022-10-21,12.0282748806314,12.105132790981497,11.816915169059355,11.836129188537598,103380850.0
2022-10-24,11.922594189458943,12.508636882606964,11.922594189458943,12.085917472839355,217007905.0
2022-10-25,12.124346305759879,12.345313475982133,11.864951098180782,11.92259407043457,109536789.0
2022-10-26,11.989844173615696,12.143560899821294,11.88416478330419,12.057095527648926,112146131.0
2022-10-27,12.095525011372606,12.11473903035561,11.788093377896228,11.85534381866455,90734955.0
2022-10-28,11.75927038977545,11.826521743414872,11.605554580688477,11.605554580688477,34097477.0
2022-10-31,11.605555419671258,11.663199310355283,11.374981689372282,11.499876022338867,85118275.0
2022-11-01,11.499875869248935,11.768878551016696,11.394195557104833,11.451839447021484,106099701.0
2022-11-02,11.490269071640018,11.951416552991864,11.490269071640018,11.864952087402344,129941519.0
2022-11-03,11.807307276048949,11.845736229840233,11.519089664505055,11.634376525878906,90386418.0
2022-11-04,12.009059465848484,12.671959145227168,11.922594091099409,12.489421844482422,448173606.0
2022-11-07,12.5278504668844,13.450146246124536,12.5086364486807,13.306037902832031,544210781.0
2022-11-08,13.430931336076636,13.536611643153527,12.374134678837232,12.450992584228516,352841996.0
2022-11-09,12.46060014718653,12.633529977536213,12.009059262379864,12.105132102966309,145243204.0
2022-11-10,12.114739340708574,13.238787424675392,11.970630987879419,12.40295696258545,349467811.0
2022-11-11,12.662351841056878,12.78724616202151,12.201203508555281,12.306883811950684,241382744.0
2022-11-14,12.393348700274192,12.710387789149683,12.393348700274192,12.508636474609375,153321284.0
2022-11-15,12.604708824061913,12.787247042743495,12.25884823802841,12.595101356506348,290396214.0
2022-11-16,12.633530034993285,12.854497202859655,12.441385269165039,12.441385269165039,275338177.0
2022-11-17,12.499029189887011,12.614316049687087,12.124346208372874,12.326098442077637,224841559.0
2022-11-18,12.354919623120336,12.527850366662713,12.230025299030675,12.34531307220459,126868374.0
2022-11-21,12.383741932971754,12.662352064275582,12.37413446590854,12.633529663085938,193217034.0
2022-11-22,12.700781865054601,13.45975440561657,12.700781865054601,13.09467887878418,493390580.0
2022-11-23,13.104285788308342,13.373288459067123,12.921747574558143,13.354073524475098,251305610.0
2022-11-24,13.478967282131944,14.218725740789104,13.363680428098062,13.844042778015137,459903377.0
2022-11-25,13.930508222191447,14.43008550856525,13.920900755249226,14.237939834594727,330641594.0
2022-11-28,14.662261883064195,14.949368923327045,14.107847799714804,14.16724967956543,309631520.0
2022-11-29,14.236550775723929,14.751362965181773,14.226650305271072,14.573159217834473,290404928.0
2022-11-30,14.632560720940473,14.800864948537074,14.493957905856826,14.583059310913086,302151476.0
2022-12-01,14.880066544436817,15.563183912692725,14.810765138210595,15.18697452545166,407273689.0
2022-12-02,15.23647603651628,15.27607697521929,14.484057256998248,14.612760543823242,215591488.0
2022-12-05,14.751363735082402,16.068096160888672,14.751363735082402,16.068096160888672,505344381.0
2022-12-06,16.988819570875165,17.67193697653646,16.315602636405693,17.523433685302734,849729232.0
2022-12-07,17.404628616104457,17.9590417430807,16.563107511028765,16.61260986328125,862478295.0
2022-12-08,16.70171206776644,16.80071299479084,15.711686746788494,15.919591903686523,362265744.0
2022-12-09,15.939394039625768,16.751213787358154,15.879993101292657,16.335403442382812,373703753.0
2022-12-12,16.681911314309872,17.11752257372979,16.681911314309872,16.909616470336914,274316660.0
2022-12-13,17.107622736935205,18.632259368896484,17.008619916810563,18.632259368896484,625680818.0
2022-12-14,18.543156264573778,19.107469861488198,17.622433285051653,17.632333755493164,863543542.0
2022-12-15,18.463956609091895,18.582760380350884,17.434332107575493,17.899642944335938,295948583.0
2022-12-16,17.909543234183598,18.305552653824208,17.85014229331797,17.929344177246094,72765409.0
2022-12-19,17.850141358768067,18.513457810058643,17.74123806594787,18.07784652709961,246253583.0
2022-12-20,18.097648408720662,18.493657828188123,17.949143224138734,18.028345108032227,214502391.0
2022-12-21,18.107548013682816,19.11737151291771,18.06794612947035,18.770862579345703,434262742.0
2022-12-22,18.92926916843162,18.958968694744907,18.147148911269326,18.325353622436523,204577388.0
2022-12-23,18.374852719946954,18.681761649963697,17.978843329320846,18.13724708557129,220328440.0
2022-12-26,18.35505346560688,18.53325627319541,18.038244068254404,18.06794548034668,137896373.0
2022-12-27,18.107545911390933,18.335251054210666,17.58283233642578,17.58283233642578,189386418.0
2022-12-28,17.612535039241955,17.988743481594692,17.167023302475314,17.374927520751953,263598413.0
2022-12-29,17.384828456220944,18.196648186416333,17.325427519171015,17.909542083740234,195869342.0
2022-12-30,17.988743944901856,18.384753338715086,17.731337366842823,17.81053924560547,153095704.0
2023-01-02,18.06794571451111,18.454054635106203,17.998644307052682,18.33525276184082,211080411.0
2023-01-03,18.46395646129608,19.32527860314406,18.31545316465246,18.622360229492188,483405041.0
2023-01-04,18.810464394554177,19.661886018781175,18.741162985758354,19.59258460998535,494969214.0
2023-01-05,19.661885714489053,19.721286651348773,18.414454710504497,18.830265045166016,383222639.0
2023-01-06,17.820440062758305,19.45398002418013,17.087822197887967,19.06787109375,384869462.0
2023-01-09,19.3450783697163,19.67178635779122,18.038244529094868,18.60256004333496,442817982.0
2023-01-10,18.553056599354466,18.99856832435649,17.632333626564716,17.959041595458984,285755758.0
2023-01-11,18.058045243748115,18.275849936949893,17.01852035522461,17.01852035522461,247711827.0
2023-01-12,17.424430971012278,18.711462020874023,17.058121087904162,18.711462020874023,477189176.0
2023-01-13,18.721360734516136,18.889664953388444,18.17684808492305,18.483755111694336,282817449.0
2023-01-16,18.64216043052208,18.978768896620146,18.39465431652772,18.74116325378418,241963151.0
2023-01-17,18.770861190842442,20.236098696848238,18.661959793957266,19.404478073120117,562849169.0
2023-01-18,19.42428205851451,19.503483945173897,18.90946885106753,19.226276397705078,223867156.0
2023-01-19,19.20647353095114,19.651985279005455,18.988668836525555,19.12727165222168,298109766.0
2023-01-20,19.226273313809735,19.453978465391312,18.939165340520386,19.10746955871582,163004209.0
2023-01-23,19.285676096765815,19.295576567999937,18.315452575683594,18.315452575683594,190503344.0
2023-01-24,18.3649530197647,18.493657257319907,17.642235615505427,18.01844596862793,151100803.0
2023-01-25,18.117444521068183,18.434253893512224,16.840314114659225,17.681835174560547,168200514.0
2023-01-26,17.69173561704459,18.12734496287672,17.52343140532532,17.58283233642578,152143392.0
2023-01-27,17.612535982201585,17.850141625091094,16.276002588666536,17.02842140197754,164334373.0
2023-01-30,17.226423927653386,17.473930023994157,16.70171221193681,16.711610794067383,115281116.0
2023-01-31,16.612611152286775,16.889816793123003,16.176999860273234,16.305702209472656,177342409.0
2023-02-01,16.345302736762864,16.365103677555656,15.14737319946289,15.14737319946289,122277189.0
2023-02-02,15.078071628195806,15.662186193445518,14.305852836521025,15.325577735900879,178633091.0
2023-02-03,15.32557713336872,16.186899185180664,15.256275728067395,16.186899185180664,99572229.0
2023-02-06,15.889891457871835,17.543232343127126,15.642386292792828,17.48383140563965,40033402.0
2023-02-07,17.493732044340163,18.41445508167203,15.741388320922852,15.741388320922852,186351331.0
2023-02-08,14.187049865722656,14.187049865722656,14.187049865722656,14.187049865722656,1935.0
2023-02-15,17.315526962280273,17.315526962280273,16.632409580472633,17.315526962280273,22896796.0
2023-02-16,19.038169860839844,19.038169860839844,18.246151050321984,19.038169860839844,158919610.0
2023-02-17,18.810463619071758,20.75091053864475,18.562957518820813,20.533105850219727,269409176.0
2023-02-20,21.02811800827399,22.572555541992188,20.889515196676186,22.572555541992188,206749175.0
2023-02-21,23.245773513973106,24.82981300354004,23.067568811752583,24.82981300354004,192466835.0
2023-02-22,24.75061078658872,24.75061078658872,22.354751586914062,22.354751586914062,205308335.0
2023-02-23,21.859738866867747,21.958741685394408,20.216298499618944,21.523130416870117,339067942.0
2023-02-24,21.820139358866072,22.94876660559303,21.721136538132434,22.255748748779297,290897340.0
2023-02-27,22.07754474744527,22.31515228005033,21.443929696023254,21.740936279296875,203281277.0
2023-02-28,21.91914181154711,22.909166310906194,21.85974087031569,22.315153121948242,308155861.0
2023-03-01,22.37455405470239,23.02797007296607,21.99834368762823,22.414154052734375,311978104.0
2023-03-02,22.33494927404689,22.631957718247005,21.245922088623047,21.245922088623047,125658167.0
2023-03-03,21.028118875434014,21.5429320373439,19.998494439936003,20.810314178466797,188150666.0
2023-03-06,20.651911931371398,21.067722302080952,20.17669873033055,20.86971664428711,210752113.0
2023-03-07,20.968718260459443,21.483531430291734,20.31530227118069,20.354902267456055,137145202.0
2023-03-08,20.29550025538831,20.493505891257357,19.562882423987528,19.612382888793945,91534908.0
2023-03-09,20.335103627158908,21.226125277181396,20.176697973869604,20.691511154174805,207450846.0
2023-03-10,20.176697967103372,21.22612527006324,20.1370979700357,20.493507385253906,156857364.0
2023-03-13,20.671708966331902,20.92911554097985,19.919292072218468,19.97869300842285,101558316.0
2023-03-14,20.05789490482429,20.75091086337904,19.741087393676782,20.17669677734375,143768445.0
2023-03-15,20.236099728921644,20.632109120341283,19.275774830367077,19.65198516845703,130937567.0
2023-03-16,19.800488292650353,20.196497680839016,19.42427984595155,19.879690170288086,99906982.0
2023-03-17,20.038094033096165,20.07769591628841,19.2559757232666,19.2559757232666,71241719.0
2023-03-20,19.285675541875378,19.47378071326788,18.582759099373437,18.701560974121094,110020930.0
2023-03-21,18.810463211155557,18.929266967561222,17.9689421108869,18.157047271728516,83269497.0
2023-03-22,18.21644967846716,19.38467884289404,17.929343567118508,19.33517837524414,148323319.0
2023-03-23,19.20647454751756,20.335103739551016,19.117372193190658,19.67178726196289,166078171.0
2023-03-24,19.721287310214386,19.978693896301817,19.33517837524414,19.33517837524414,67643662.0
2023-03-27,19.49358037049287,19.661884588895195,19.107469582204224,19.206472396850586,65754175.0
2023-03-28,19.206473867264283,19.226274809373805,18.562958355278965,18.67186164855957,92885741.0
2023-03-29,18.463954287421295,19.087670703541146,18.26595054464929,19.077770233154297,98091865.0
2023-03-30,19.117370024391093,19.4539784607008,18.949065806236238,19.008468627929688,84586226.0
2023-03-31,18.88966558372944,19.275774497658965,18.414454322228224,18.79066276550293,64701239.0
2023-04-03,18.59265973642079,18.859964901151873,17.95904280825975,18.47385597229004,65204920.0
2023-04-04,18.513458662029745,18.85996572181854,18.265952540282406,18.850067138671875,94936328.0
2023-04-05,18.859964515972177,19.11737109273027,18.355053721613228,18.434255599975586,87598730.0
2023-04-06,18.43425477779397,18.711460395537777,18.087745867292565,18.157047271728516,50623243.0
2023-04-07,18.226350194497897,18.513458194874627,18.067946431642394,18.117446899414062,44047515.0
2023-04-10,18.23624997671964,18.731262189021127,18.226349505875003,18.632259368896484,69317561.0
2023-04-11,18.75106316657914,19.13717208864993,18.562957996814667,18.830265045166016,111663845.0
2023-04-12,18.92926688569523,19.12727062775281,18.770861248398877,18.78076171875,100623319.0
2023-04-13,18.869864860261977,19.127271435293842,18.790662982430764,18.958967208862305,89132773.0
2023-04-14,19.057970173607238,19.305476279757983,18.562957961305752,18.632259368896484,83185999.0
2023-04-17,18.711460395537777,18.731261336325662,18.13724633094063,18.157047271728516,60551855.0
2023-04-18,18.18674942105136,18.3253522355487,17.959042369392083,18.038244247436523,58910293.0
2023-04-19,18.06794699074719,18.157049346150867,17.780838981486028,17.830341339111328,44663299.0
2023-04-20,17.830340520113943,17.830340520113943,17.444231589980966,17.454130172729492,15316665.0
2023-04-24,17.503631117318335,17.642233924487893,17.03831845612633,17.06801986694336,45527063.0
2023-04-25,17.097722379295554,17.652135532013933,16.711611567085153,16.790813446044922,145451900.0
2023-04-26,16.771014477837557,16.80071400239742,15.751288628763055,15.870092391967773,93193352.0
2023-04-27,15.860191870469137,15.909692336792347,15.493881999383435,15.52358341217041,66235533.0
2023-04-28,15.681987063445094,15.790889410438705,14.652361697873491,14.830565452575684,82973499.0
2023-05-02,14.84046660543919,14.919668487649012,13.969244956970215,13.969244956970215,68107162.0
2023-05-03,13.94944492341061,14.038547276712766,12.989120923830898,13.573235511779785,83199940.0
2023-05-04,13.464332401322157,14.038546485621755,13.375230053041037,13.543534278869629,67869803.0
2023-05-05,13.503933685027818,13.60293556241054,13.19702569357135,13.286128044128418,43248506.0
2023-05-08,13.741539083220033,14.444456460225927,13.503933448667272,14.286052703857422,182736688.0
2023-05-09,14.226650969472725,14.226650969472725,13.75143969547923,13.959344863891602,77282113.0
2023-05-10,13.909843618392985,14.246452080209664,13.662337507546706,13.781140327453613,64861369.0
2023-05-11,13.741539182784592,15.147373946982384,13.692037772520555,15.028571128845215,148131269.0
2023-05-12,15.03846992455319,15.553283055616856,14.375154458237816,15.196874618530273,109194051.0
2023-05-15,15.018670846136235,16.28590281046551,14.206851106613481,15.048371315002441,166914706.0
2023-05-16,15.147374318104726,16.533409118652344,15.147374318104726,16.533409118652344,116282129.0
2023-05-17,16.533409114829432,16.790813810799087,16.09779782692686,16.632410049438477,96144253.0
2023-05-18,16.533408485735013,16.63240941657708,15.99879439524362,16.226499557495117,69144641.0
2023-05-22,16.345303355915004,16.790813210698616,16.03839631528784,16.42450523376465,130619022.0
2023-05-23,16.2958011460112,16.43440584971377,16.038396456967288,16.097797393798828,60800380.0
2023-05-24,16.08789725648664,16.24630101686938,15.662186442337356,15.691887855529785,40869540.0
2023-05-25,15.830490856003808,15.939394150641158,15.355279569385582,15.662186622619629,37972427.0
2023-05-26,15.681988559651224,16.672013080395256,15.602786673524578,16.355205535888672,88544259.0
2023-05-29,17.226423734985563,17.75113733315517,16.681911084454594,17.66203498840332,138148013.0
2023-05-30,17.761038422756524,18.107547343503878,17.47393043780761,17.968942642211914,132057456.0
2023-05-31,17.988744673187604,18.29565172977797,17.394729614257812,17.394729614257812,99133393.0
2023-06-01,17.671935659226694,18.14714691107991,17.543231431648742,17.73133659362793,75445815.0
2023-06-02,18.216450493526015,18.315453321577294,17.810540598005456,17.998645782470703,93718869.0
2023-06-05,18.513456568673323,18.80056265550917,18.256050004562983,18.681760787963867,126841825.0
2023-06-06,18.652061655040924,19.057971547320705,18.473856943635777,18.721363067626953,126992417.0
2023-06-07,19.156973558516498,20.35490224120892,19.156973558516498,20.05789566040039,145069206.0
2023-06-08,19.919294027624726,21.186524195433538,19.642086484255596,20.968719482421875,214188792.0
2023-06-09,20.96871843473388,22.255749481689534,20.57270902707997,21.938941955566406,255552594.0
2023-06-12,21.899339906004624,22.513153958245628,21.146921157836914,21.146921157836914,128562298.0
2023-06-13,21.127121384814497,22.018142989829336,20.632109172214946,21.364727020263672,179018716.0
2023-06-14,21.42412907888503,21.978544145619214,20.59250836710559,20.9885196685791,144985511.0
2023-06-15,21.087519891807663,21.424128353672764,20.909317078162996,21.404329299926758,72591439.0
2023-06-16,21.443929229933094,21.740935806751185,20.94891700968843,21.008317947387695,62537139.0
2023-06-19,20.869714716145342,20.988518477509814,19.4539794921875,19.4539794921875,56670138.0
2023-06-20,19.453980617618985,19.840091448149106,19.02826978989096,19.275775909423828,71252811.0
2023-06-21,19.40485817762434,19.99228092878879,19.046430221248357,19.066343307495117,61081530.0
2023-06-22,19.066342336196843,20.9082609418278,18.946867622835544,20.669309616088867,101348098.0
2023-06-23,21.306514619063996,21.505641687071208,20.748961487266843,21.107389450073242,62697103.0
2023-06-26,21.445903086540998,22.381795314630487,21.10738822990732,22.10301971435547,96398955.0
2023-06-27,21.98354303033347,22.282231715105926,21.84415523064183,22.003456115722656,27474349.0
2023-07-03,22.441535658576846,23.476991465095878,22.361883312905093,23.178302764892578,115316705.0
2023-07-04,23.45707835961595,23.45707835961595,22.5211860869307,22.561010360717773,80174034.0
2023-07-05,22.561010851838418,23.417254595588712,21.963631539896735,23.357515335083008,118119606.0
2023-07-06,23.457078685010647,23.855330923488086,23.019002172193694,23.058826446533203,105935042.0
2023-07-07,22.999088687536425,24.293408914945136,22.93935132755263,24.21375846862793,122220336.0
2023-07-10,24.39297127122976,24.59209832692797,23.954892888103508,24.173933029174805,81837757.0
2023-07-11,24.49253647226402,24.612011194631677,23.696030094074928,23.775680541992188,135800050.0
2023-07-12,23.69603028411301,23.75576954479241,22.83978843688965,22.83978843688965,108571937.0
2023-07-13,22.879611737520847,23.735855447304658,22.52118568378749,23.098651885986328,160814799.0
2023-07-14,23.397340951975956,23.71594273769215,22.959262547107976,23.078739166259766,86963089.0
2023-07-17,23.178302263203026,23.556641401872568,22.999088287353516,22.999088287353516,84031201.0
2023-07-18,23.098651943632582,23.138476216806165,21.425990691981177,21.445903778076172,115301605.0
2023-07-19,21.44590463876828,21.68485598444887,20.709135615815857,21.605205535888672,136173304.0
2023-07-20,21.9038938128234,22.162758240311472,21.3065145108522,22.142845153808594,130494174.0
2023-07-21,22.023370865583825,22.162758675810046,21.485728913540132,21.605205535888672,57210258.0
2023-07-24,21.625116313750205,23.078739346183436,21.406078059116794,22.7601375579834,237164304.0
2023-07-25,22.78004807216886,23.297776912199524,22.26232113115459,22.899524688720703,231433339.0
2023-07-26,22.839787162224695,23.61637851755125,22.640660102439416,23.21812629699707,167362055.0
2023-07-27,23.417253927118193,24.114194855308163,23.317690394800646,23.496904373168945,131245462.0
2023-07-28,23.65620458960429,23.954893279009383,23.47699061635468,23.63629150390625,129590561.0
2023-07-31,23.855329314404084,25.56781667287149,23.815505042750793,25.209388732910156,260470068.0
2023-08-01,25.109826283291934,25.58773085676369,24.49253580354123,24.532360076904297,132671616.0
2023-08-02,24.392972628275555,25.070002376494813,23.815506413444382,23.895156860351562,130558479.0
2023-08-03,23.95489414502774,24.313322104484858,23.019001871581956,23.178302764892578,102376029.0
2023-08-04,23.29777628267863,23.81550510871993,23.198212754745096,23.656204223632812,83715554.0
2023-08-07,23.815505546546923,23.895155990554784,23.49690377051548,23.735855102539062,55817189.0
2023-08-08,23.835419243638746,24.35314619346042,23.417253927118193,23.496904373168945,103639488.0
2023-08-09,23.377428132553774,24.51244938089869,23.138476790538125,24.094284057617188,184321628.0
2023-08-10,24.27349611217639,24.472623179803836,22.78004880201989,22.859699249267578,144370583.0
2023-08-11,22.919437740893247,23.556641297520894,22.08310712331127,23.417253494262695,177662609.0
2023-08-14,24.41288453631057,25.547903824702956,24.19384439362688,24.9903507232666,210374306.0
2023-08-15,25.01026474161256,25.98598318027236,24.552273252659813,25.249216079711914,175327369.0
2023-08-16,25.129738831206627,26.62318608115246,25.07000147293338,26.005895614624023,192481564.0
2023-08-17,26.065633002560496,26.762573913918523,25.766942412821585,26.623186111450195,157917294.0
2023-08-18,26.782486566302687,27.160827594046278,24.13410696816296,24.89078712463379,125691464.0
2023-08-21,25.089914747712992,26.702836726356367,24.99035121716326,26.304584503173828,182413681.0
2023-08-22,26.30458522800692,26.882051442288006,25.149652799444752,25.64746856689453,108047774.0
2023-08-23,25.806768617454196,26.384234812869554,24.8907875593109,24.97043800354004,125730581.0
2023-08-24,25.070002238439162,25.448341384410718,23.437167136325442,23.696029663085938,111461968.0
2023-08-25,23.775680385903595,25.647468748195575,23.49690476953159,25.328866958618164,147647532.0
2023-08-28,25.587730467597385,26.224934023846544,25.22930251769904,25.687292098999023,109431255.0
2023-08-29,25.707204782601902,26.065632726891323,24.950524621888885,25.089914321899414,70018220.0
2023-08-31,25.42842903805373,25.806768166780966,24.811136681795617,24.89078712463379,91307600.0
2023-09-01,25.050088185949182,26.10545703570881,25.03017510034593,25.707204818725586,130112976.0
2023-09-04,26.205022069712708,26.404149139148746,25.38860450325461,25.62755584716797,100478535.0
2023-09-05,25.627555155464744,26.981614633443375,25.308953372179516,26.90196418762207,140029223.0
2023-09-06,27.35995326473843,27.479429880744515,26.404147932755297,26.722749710083008,174405557.0
2023-09-07,26.742663419199896,27.61881832727127,26.70283724659753,27.101089477539062,186475469.0
2023-09-08,27.20065306377059,27.28030351011627,26.503712133000025,26.583362579345703,84603496.0
2023-09-11,26.822313587904162,27.22056581472567,25.926245602801668,26.085546493530273,114413075.0
2023-09-12,26.205021040193724,26.702836795209613,25.60764175437138,26.40414810180664,78547890.0
2023-09-13,26.60327392887021,26.86213835582607,25.488167673231917,25.64746856689453,62410720.0
2023-09-14,25.647467570826112,26.424060821533203,24.890787405807597,26.424060821533203,68637270.0
2023-09-15,26.44397196625088,26.862137269965668,25.647467530135277,25.8067684173584,123017678.0
2023-09-18,25.60764276062164,25.786856743312182,24.850962555381834,25.010265350341797,62213850.0
2023-09-19,25.030176007094163,26.065633707777604,24.79122466824793,25.9660701751709,89441903.0
2023-09-20,25.886419029736235,26.224933892046405,25.16956503255867,25.48816680908203,78141202.0
2023-09-21,25.388604564661716,26.344409942626953,25.129740133375346,26.344409942626953,103496713.0
2023-09-22,26.284672119709132,27.798032507263187,26.1851085864986,27.3997802734375,190482938.0
2023-09-25,27.51925414973449,30.127809524536133,27.379866346926292,30.127809524536133,169873200.0
2023-09-26,30.98405454327109,31.183179713036683,28.972878364834845,29.132179260253906,162526543.0
2023-09-27,29.191915903884215,30.386674489182194,28.35558527397891,29.789295196533203,112893198.0
2023-09-28,29.769381407958974,30.207459798767683,29.191915215126915,29.311391830444336,87629627.0
2023-09-29,29.33130308600098,29.92868236595759,29.172002197881397,29.41095542907715,65566381.0
2023-10-02,29.669818406207188,30.625625648701803,29.510517515627487,30.10789680480957,115175479.0
2023-10-03,30.48623750452881,32.07924829159331,30.426498246964716,31.8801212310791,140615272.0
2023-10-04,31.880120678602367,32.71645127984236,30.86457610580861,31.083614349365234,137991052.0
2023-10-05,32.158895699909586,32.995226286072175,31.44204172563436,32.457584381103516,169145575.0
2023-10-06,31.979683422105797,32.87575331108853,31.800471343325672,32.158897399902344,88776564.0
2023-10-09,31.760644406326996,31.900034107377827,30.4464111328125,30.4464111328125,76307152.0
2023-10-10,31.06370346786372,31.203091269766816,30.127809328903183,30.964139938354492,105505077.0
2023-10-11,30.94422837181306,31.282743249353526,29.689732396048367,29.749469757080078,77850477.0
2023-10-12,30.14772229763075,30.24728392773729,28.15645931123809,29.11226463317871,82768081.0
2023-10-13,29.032614763316932,29.032614763316932,28.21619722660759,28.25602149963379,62572479.0
2023-10-16,28.793662779338515,28.87331322261265,27.678554674484204,27.877681732177734,96071292.0
2023-10-17,27.977245499625596,28.793663024902344,27.698467996280403,28.793663024902344,75776800.0
2023-10-18,28.11663301606327,28.455147874179385,27.26038932800293,27.26038932800293,57639687.0
2023-10-19,27.359954015538214,27.81794550727709,26.424061743709817,26.682924270629883,58274304.0
2023-10-20,26.28467166848902,26.364322113886825,24.71157394762006,24.950525283813477,79526112.0
2023-10-23,25.56781762070416,25.607641893833794,24.77131126893103,25.46825408935547,81318415.0
2023-10-24,25.428429799437236,27.001527516855468,25.24921582293119,26.603273391723633,127568791.0
2023-10-25,26.603273428490738,26.941788295910797,24.333234786987305,24.333234786987305,74457012.0
2023-10-26,24.47262166666901,25.56781667287149,24.0942825403892,25.209388732910156,62781034.0
2023-10-27,25.109825638741835,25.408516226871576,24.39297164545993,25.289039611816406,47276124.0
2023-10-30,25.289040219280068,26.00589612879782,24.870874905066852,25.05008888244629,56877947.0
2023-10-31,25.249215810110275,25.388603614425794,24.612010349632744,24.850961685180664,41296327.0
2023-11-01,24.990350793039426,25.169564765184134,24.074369745756968,25.089914321899414,44026293.0
2023-11-02,25.22930251769904,26.025806963010485,25.169565159054777,25.687292098999023,40628059.0
2023-11-03,25.687292339109465,25.985982933155544,25.070001862977108,25.46825408935547,37765207.0
2023-11-06,25.766943109957488,26.244847686666386,25.667381476367215,25.9660701751709,38672968.0
2023-11-07,25.627554843429802,25.687292202314328,25.089914815436263,25.269126892089844,40459151.0
2023-11-08,25.46825330996464,25.547903752802814,24.6717488815829,24.89078712463379,40443369.0
2023-11-09,24.6916609933344,25.368690732338308,24.6916609933344,25.1496524810791,46463150.0
2023-11-10,24.990351589433054,25.468254264371193,24.95052541701333,25.1496524810791,44532328.0
2023-11-13,25.20939050351938,25.40851757282077,23.596468458440704,23.775680541992188,79125457.0
2023-11-14,23.875243773870658,23.954894220777838,22.99908885789167,23.895156860351562,63212536.0
2023-11-15,24.193844820057617,24.293408350394493,23.855329956322073,23.934982299804688,45236924.0
2023-11-16,23.93498192563962,24.293407970626305,23.875242668961537,23.954893112182617,33878567.0
2023-11-17,23.974806197741977,24.19384444184586,23.895155754520896,23.954893112182617,34858318.0
2023-11-20,24.134108515591,24.651837376742986,24.114195428850582,24.392972946166992,66417244.0
2023-11-21,24.552273672260878,25.36869123280711,24.49253631146923,25.328866958618164,89707514.0
2023-11-22,25.328865345902717,25.40851578822564,24.91070004895327,25.209388732910156,32472921.0
2023-11-23,25.209388846222307,25.36868973158419,24.273494720458984,24.273494720458984,49952029.0
2023-11-24,24.2336706572945,24.691660231899416,23.895155798231578,24.572185516357422,55285210.0
2023-11-27,24.65183586549758,25.050088080809264,24.65183586549758,24.9903507232666,42659158.0
2023-11-28,25.1200008392334,25.34000015258789,24.68000030517578,24.780000686645508,58904218.0
2023-11-29,24.799999237060547,25.0,24.459999084472656,24.579999923706055,45269865.0
2023-11-30,24.540000915527344,25.040000915527344,24.540000915527344,24.700000762939453,39022448.0
2023-12-01,24.920000076293945,25.15999984741211,24.34000015258789,24.440000534057617,40409880.0
2023-12-04,24.5,24.65999984741211,24.100000381469727,24.239999771118164,43306534.0
2023-12-05,24.239999771118164,24.459999084472656,23.920000076293945,24.239999771118164,45858538.0
2023-12-06,24.239999771118164,24.399999618530273,23.200000762939453,23.200000762939453,33789681.0
2023-12-07,23.299999237060547,23.780000686645508,22.8799991607666,23.780000686645508,39812566.0
2023-12-08,23.780000686645508,23.979999542236328,23.239999771118164,23.34000015258789,28536525.0
2023-12-11,23.3799991607666,23.420000076293945,22.520000457763672,22.520000457763672,36043306.0
2023-12-12,22.520000457763672,22.579999923706055,21.940000534057617,22.079999923706055,38063261.0
2023-12-13,21.920000076293945,21.979999542236328,21.260000228881836,21.3799991607666,31186713.0
2023-12-14,21.520000457763672,22.579999923706055,21.520000457763672,22.299999237060547,46066997.0
2023-12-15,22.200000762939453,23.639999389648438,22.200000762939453,23.639999389648438,81980009.0
2023-12-18,23.399999618530273,24.200000762939453,23.299999237060547,23.299999237060547,61725908.0
2023-12-19,23.219999313354492,24.139999389648438,22.84000015258789,23.860000610351562,88120971.0
2023-12-20,23.760000228881836,23.860000610351562,23.0,23.280000686645508,29829269.0
2023-12-21,23.299999237060547,23.860000610351562,23.200000762939453,23.739999771118164,31952339.0
2023-12-22,23.8799991607666,24.280000686645508,23.239999771118164,23.299999237060547,66129781.0
2023-12-25,23.280000686645508,23.31999969482422,22.18000030517578,22.399999618530273,21506570.0
2023-12-26,22.579999923706055,22.860000610351562,22.040000915527344,22.3799991607666,28235048.0
2023-12-27,22.299999237060547,23.5,22.219999313354492,23.020000457763672,55243707.0
2023-12-28,23.100000381469727,24.0,23.100000381469727,24.0,41167647.0
2023-12-29,23.959999084472656,24.1200008392334,23.540000915527344,23.760000228881836,30986955.0
2024-01-02,24.200000762939453,25.540000915527344,24.0,25.200000762939453,100474773.0
2024-01-03,25.040000915527344,25.059999465942383,23.979999542236328,24.18000030517578,34729615.0
2024-01-04,24.219999313354492,24.84000015258789,23.81999969482422,24.84000015258789,43513897.0
2024-01-05,24.780000686645508,25.559999465942383,24.520000457763672,24.899999618530273,57953557.0
2024-01-08,25.0,25.739999771118164,25.0,25.540000915527344,53757895.0
2024-01-09,25.700000762939453,25.739999771118164,24.440000534057617,24.719999313354492,44437910.0
2024-01-10,24.5,25.780000686645508,24.459999084472656,25.420000076293945,76817060.0
2024-01-11,25.440000534057617,26.139999389648438,25.3799991607666,25.860000610351562,63202692.0
2024-01-12,25.600000381469727,26.600000381469727,25.239999771118164,26.1200008392334,56591230.0
2024-01-15,26.139999389648438,26.639999389648438,25.739999771118164,26.0,46056824.0
2024-01-16,26.079999923706055,26.219999313354492,25.600000381469727,25.780000686645508,46650017.0
2024-01-17,25.540000915527344,25.65999984741211,25.200000762939453,25.34000015258789,29194171.0
2024-01-18,25.5,25.860000610351562,25.219999313354492,25.299999237060547,35322305.0
2024-01-19,25.280000686645508,25.420000076293945,24.899999618530273,25.059999465942383,19914303.0
2024-01-22,24.959999084472656,25.399999618530273,24.8799991607666,24.959999084472656,29269567.0
2024-01-23,25.280000686645508,25.639999389648438,24.559999465942383,24.84000015258789,56483371.0
2024-01-24,24.8799991607666,25.260000228881836,24.360000610351562,25.139999389648438,39876255.0
2024-01-25,25.399999618530273,25.780000686645508,25.239999771118164,25.700000762939453,49555315.0
2024-01-26,25.6200008392334,26.079999923706055,25.420000076293945,25.979999542236328,61897883.0
2024-01-29,26.200000762939453,26.8799991607666,26.139999389648438,26.459999084472656,86312377.0
2024-01-30,27.200000762939453,27.239999771118164,26.459999084472656,26.799999237060547,74837488.0
2024-01-31,26.760000228881836,27.219999313354492,26.420000076293945,26.84000015258789,56489276.0
2024-02-01,26.899999618530273,28.040000915527344,26.81999969482422,27.940000534057617,95766043.0
2024-02-02,27.979999542236328,28.34000015258789,27.420000076293945,28.100000381469727,66640536.0
2024-02-05,28.100000381469727,28.3799991607666,27.780000686645508,27.84000015258789,41645591.0
2024-02-06,28.0,28.459999084472656,27.639999389648438,28.1200008392334,53175969.0
2024-02-07,28.34000015258789,28.84000015258789,28.139999389648438,28.139999389648438,58993489.0
2024-02-08,28.219999313354492,28.6200008392334,27.940000534057617,28.440000534057617,52490186.0
2024-02-09,28.600000381469727,29.040000915527344,28.559999465942383,28.799999237060547,62923492.0
2024-02-12,29.200000762939453,29.280000686645508,28.520000457763672,28.780000686645508,71299684.0
2024-02-13,28.979999542236328,29.239999771118164,28.040000915527344,28.1200008392334,65722918.0
2024-02-14,28.18000030517578,29.100000381469727,27.520000457763672,28.84000015258789,65554719.0
2024-02-15,29.100000381469727,29.979999542236328,28.780000686645508,29.639999389648438,121831106.0
2024-02-16,29.739999771118164,30.360000610351562,28.8799991607666,29.360000610351562,236321714.0
2024-02-19,29.6200008392334,29.81999969482422,28.6200008392334,28.65999984741211,65186172.0
2024-02-20,28.799999237060547,29.3799991607666,28.3799991607666,29.299999237060547,49788878.0
2024-02-21,29.719999313354492,29.920000076293945,28.399999618530273,28.719999313354492,91967918.0
2024-02-22,28.860000610351562,29.299999237060547,28.520000457763672,29.100000381469727,62398956.0
2024-02-23,29.040000915527344,29.139999389648438,28.459999084472656,28.68000030517578,43916898.0
2024-02-26,28.739999771118164,28.81999969482422,27.860000610351562,27.959999084472656,38220856.0
2024-02-27,27.959999084472656,28.239999771118164,27.459999084472656,27.559999465942383,54607341.0
2024-02-28,27.559999465942383,28.139999389648438,27.0,27.18000030517578,81149307.0
2024-02-29,27.260000228881836,27.479999542236328,26.780000686645508,26.860000610351562,40359260.0
2024-03-01,26.959999084472656,27.68000030517578,26.8799991607666,27.139999389648438,52265079.0
2024-03-04,27.15999984741211,27.200000762939453,26.459999084472656,26.579999923706055,51469620.0
2024-03-05,26.600000381469727,26.700000762939453,25.700000762939453,25.700000762939453,44656143.0
2024-03-06,25.65999984741211,25.739999771118164,24.81999969482422,24.920000076293945,50977540.0
2024-03-07,25.020000457763672,26.15999984741211,25.020000457763672,26.15999984741211,44938561.0
2024-03-08,26.239999771118164,26.260000228881836,25.700000762939453,25.920000076293945,58629564.0
2024-03-11,26.399999618530273,26.600000381469727,25.399999618530273,25.399999618530273,44588468.0
2024-03-12,25.520000457763672,25.68000030517578,24.6200008392334,24.700000762939453,35061416.0
2024-03-13,24.799999237060547,24.799999237060547,24.219999313354492,24.219999313354492,30865599.0
2024-03-14,24.299999237060547,24.559999465942383,23.780000686645508,23.8799991607666,63759037.0
2024-03-15,24.0,24.34000015258789,23.700000762939453,23.860000610351562,33507782.0
2024-03-18,23.959999084472656,24.15999984741211,23.299999237060547,23.399999618530273,50226854.0
2024-03-19,23.399999618530273,23.760000228881836,23.219999313354492,23.639999389648438,32164844.0
2024-03-20,23.6200008392334,24.020000457763672,23.479999542236328,23.600000381469727,34182706.0
2024-03-21,23.940000534057617,24.399999618530273,23.5,24.139999389648438,55111127.0
2024-03-22,24.139999389648438,24.719999313354492,23.760000228881836,24.059999465942383,42131533.0
2024-03-25,24.020000457763672,24.81999969482422,23.559999465942383,23.780000686645508,63122318.0
2024-03-26,23.81999969482422,23.84000015258789,22.68000030517578,22.799999237060547,43404856.0
2024-03-27,22.81999969482422,23.100000381469727,22.280000686645508,22.540000915527344,34407992.0
2024-03-28,22.68000030517578,23.079999923706055,22.68000030517578,22.84000015258789,28800850.0
2024-03-29,22.860000610351562,23.239999771118164,22.799999237060547,23.200000762939453,33342599.0
2024-04-01,23.100000381469727,23.360000610351562,22.079999923706055,22.260000228881836,42545133.0
2024-04-02,22.399999618530273,22.559999465942383,21.020000457763672,21.239999771118164,40239105.0
2024-04-03,21.079999923706055,21.540000915527344,21.020000457763672,21.079999923706055,30713266.0
2024-04-04,21.1200008392334,22.200000762939453,21.100000381469727,21.639999389648438,44227433.0
2024-04-05,21.860000610351562,23.799999237060547,21.860000610351562,23.799999237060547,61607997.0
2024-04-08,23.799999237060547,24.440000534057617,23.360000610351562,24.399999618530273,98284671.0
2024-04-15,24.440000534057617,24.459999084472656,23.700000762939453,23.899999618530273,47633740.0
2024-04-16,23.799999237060547,23.799999237060547,23.260000228881836,23.479999542236328,33792520.0
2024-04-17,23.700000762939453,23.940000534057617,23.0,23.15999984741211,31657678.0
2024-04-18,23.260000228881836,24.239999771118164,23.079999923706055,24.100000381469727,58314180.0
2024-04-19,23.719999313354492,24.760000228881836,23.700000762939453,24.399999618530273,68012318.0
2024-04-22,24.739999771118164,25.5,24.739999771118164,25.040000915527344,81543806.0
2024-04-24,25.280000686645508,25.459999084472656,24.799999237060547,25.260000228881836,57668504.0
2024-04-25,25.31999969482422,25.799999237060547,24.8799991607666,25.020000457763672,56438824.0
2024-04-26,25.100000381469727,26.020000457763672,25.079999923706055,25.899999618530273,62483943.0
2024-04-29,26.200000762939453,26.459999084472656,25.700000762939453,26.459999084472656,68683040.0
2024-04-30,26.440000534057617,26.440000534057617,25.860000610351562,26.020000457763672,41637265.0
2024-05-02,26.100000381469727,28.040000915527344,25.899999618530273,27.440000534057617,128929983.0
2024-05-03,27.360000610351562,28.139999389648438,27.040000915527344,28.100000381469727,65213371.0
2024-05-06,28.18000030517578,28.239999771118164,27.3799991607666,27.600000381469727,48240156.0
2024-05-07,27.68000030517578,28.1200008392334,26.540000915527344,27.520000457763672,83307825.0
2024-05-08,27.579999923706055,27.700000762939453,27.0,27.0,48868109.0
2024-05-09,27.18000030517578,27.65999984741211,26.780000686645508,27.479999542236328,58463497.0
2024-05-10,27.719999313354492,28.420000076293945,27.600000381469727,27.799999237060547,89047605.0
2024-05-13,27.899999618530273,28.219999313354492,26.799999237060547,27.079999923706055,46616547.0
2024-05-14,27.079999923706055,27.600000381469727,26.559999465942383,27.0,40991056.0
2024-05-15,27.0,27.0,26.34000015258789,26.399999618530273,28319159.0
2024-05-16,26.479999542236328,28.059999465942383,25.959999084472656,28.0,61865811.0
2024-05-17,28.0,28.700000762939453,27.920000076293945,28.440000534057617,55695438.0
2024-05-20,28.899999618530273,29.399999618530273,28.8799991607666,29.200000762939453,52342188.0
2024-05-21,29.0,29.860000610351562,28.399999618530273,29.239999771118164,118276140.0
2024-05-22,29.34000015258789,30.18000030517578,29.34000015258789,29.65999984741211,61636519.0
2024-05-23,29.600000381469727,30.399999618530273,29.479999542236328,29.520000457763672,63741486.0
2024-05-24,29.420000076293945,30.139999389648438,28.920000076293945,29.860000610351562,59050543.0
2024-05-27,30.1200008392334,30.639999389648438,29.600000381469727,29.899999618530273,64779247.0
2024-05-28,29.940000534057617,30.059999465942383,29.200000762939453,29.540000915527344,53234478.0
2024-05-29,29.700000762939453,29.899999618530273,28.959999084472656,29.0,29527259.0
2024-05-30,28.979999542236328,29.420000076293945,28.440000534057617,28.780000686645508,35868956.0
2024-05-31,28.920000076293945,29.579999923706055,28.299999237060547,29.079999923706055,52847334.0
2024-06-03,29.200000762939453,30.5,28.959999084472656,30.479999542236328,72751259.0
2024-06-04,30.600000381469727,31.579999923706055,30.280000686645508,30.799999237060547,77790115.0
2024-06-05,30.8799991607666,31.260000228881836,29.860000610351562,31.100000381469727,64183898.0
2024-06-06,31.15999984741211,31.639999389648438,30.260000228881836,30.34000015258789,46531180.0
2024-06-07,30.459999084472656,30.5,29.059999465942383,29.1200008392334,41800953.0
2024-06-10,29.1200008392334,29.1200008392334,27.899999618530273,27.979999542236328,38110923.0
2024-06-11,27.899999618530273,28.479999542236328,27.760000228881836,28.0,45742653.0
2024-06-12,27.920000076293945,28.8799991607666,27.760000228881836,28.65999984741211,43314486.0
2024-06-13,29.139999389648438,30.18000030517578,29.100000381469727,29.299999237060547,56164510.0
2024-06-14,29.5,30.219999313354492,29.3799991607666,30.100000381469727,68451781.0
2024-06-20,30.219999313354492,30.68000030517578,29.799999237060547,30.299999237060547,89110398.0
2024-06-21,30.360000610351562,30.8799991607666,29.940000534057617,30.8799991607666,73276185.0
2024-06-24,30.899999618530273,31.239999771118164,30.360000610351562,31.020000457763672,76132280.0
2024-06-25,30.979999542236328,31.219999313354492,30.299999237060547,31.040000915527344,54126455.0
2024-06-26,31.0,31.459999084472656,29.799999237060547,29.799999237060547,56579885.0
2024-06-27,29.81999969482422,31.040000915527344,29.81999969482422,30.65999984741211,49943838.0
2024-06-28,30.780000686645508,31.81999969482422,30.65999984741211,31.5,81820967.0
2024-07-01,31.700000762939453,32.02000045776367,29.719999313354492,30.059999465942383,69497110.0
2024-07-02,30.15999984741211,31.0,29.940000534057617,30.6200008392334,46451795.0
2024-07-03,30.579999923706055,32.060001373291016,30.579999923706055,31.739999771118164,82260277.0
2024-07-04,31.979999542236328,32.5,31.65999984741211,32.040000915527344,67549616.0
2024-07-05,32.08000183105469,32.70000076293945,32.040000915527344,32.34000015258789,51137211.0
2024-07-08,32.400001525878906,33.08000183105469,31.540000915527344,31.700000762939453,60990947.0
2024-07-09,31.799999237060547,31.979999542236328,30.579999923706055,30.81999969482422,46238751.0
2024-07-10,30.81999969482422,31.399999618530273,30.479999542236328,31.219999313354492,48414106.0
2024-07-11,31.399999618530273,31.860000610351562,31.280000686645508,31.81999969482422,43571921.0
2024-07-12,31.81999969482422,32.060001373291016,31.399999618530273,31.440000534057617,34775310.0
2024-07-16,31.459999084472656,32.15999984741211,31.360000610351562,32.13999938964844,43618585.0
2024-07-17,32.47999954223633,33.880001068115234,32.2599983215332,32.900001525878906,83841361.0
2024-07-18,32.91999816894531,33.31999969482422,32.0,32.119998931884766,54229214.0
2024-07-19,32.220001220703125,32.41999816894531,31.479999542236328,31.739999771118164,62840722.0
2024-07-22,31.760000228881836,32.36000061035156,31.700000762939453,31.799999237060547,47793959.0
2024-07-23,31.81999969482422,32.02000045776367,30.8799991607666,30.899999618530273,33626019.0
2024-07-24,30.899999618530273,31.420000076293945,30.520000457763672,30.68000030517578,36205123.0
2024-07-25,30.5,31.0,30.040000915527344,30.260000228881836,28526074.0
2024-07-26,30.360000610351562,30.899999618530273,30.239999771118164,30.559999465942383,27220914.0
2024-07-29,30.399999618530273,30.479999542236328,29.81999969482422,29.940000534057617,22480456.0
2024-07-30,30.020000457763672,30.739999771118164,29.940000534057617,30.139999389648438,39465982.0
2024-07-31,29.979999542236328,30.3799991607666,29.520000457763672,30.239999771118164,33963552.0
2024-08-01,30.399999618530273,31.200000762939453,30.399999618530273,30.780000686645508,33844472.0
2024-08-02,30.15999984741211,30.399999618530273,29.059999465942383,29.34000015258789,27842785.0
2024-08-05,28.8799991607666,28.8799991607666,26.420000076293945,26.84000015258789,41748524.0
2024-08-06,27.899999618530273,27.899999618530273,25.920000076293945,25.940000534057617,35801826.0
2024-08-07,26.239999771118164,27.139999389648438,26.1200008392334,27.0,37612207.0
2024-08-08,26.8799991607666,27.719999313354492,26.84000015258789,27.600000381469727,26965992.0
2024-08-09,27.920000076293945,28.059999465942383,26.81999969482422,26.920000076293945,23284828.0
2024-08-12,27.239999771118164,27.31999969482422,25.899999618530273,25.959999084472656,28461402.0
2024-08-13,25.84000015258789,26.200000762939453,25.15999984741211,25.760000228881836,35693375.0
2024-08-14,25.899999618530273,26.18000030517578,24.860000610351562,24.940000534057617,53091945.0
2024-08-15,25.059999465942383,25.719999313354492,24.780000686645508,25.440000534057617,42729154.0
2024-08-16,25.600000381469727,25.799999237060547,24.399999618530273,24.420000076293945,49920154.0
2024-08-19,24.600000381469727,24.8799991607666,24.31999969482422,24.84000015258789,46063582.0
2024-08-20,24.81999969482422,25.34000015258789,24.459999084472656,24.719999313354492,51832886.0
2024-08-21,24.81999969482422,25.280000686645508,24.639999389648438,24.65999984741211,55393483.0
2024-08-22,24.81999969482422,25.5,24.799999237060547,25.360000610351562,48370425.0
2024-08-23,25.440000534057617,25.579999923706055,24.440000534057617,24.559999465942383,34370513.0
2024-08-26,23.979999542236328,23.979999542236328,22.84000015258789,22.860000610351562,67196248.0
2024-08-27,22.84000015258789,23.020000457763672,22.6200008392334,23.020000457763672,39175826.0
2024-08-28,23.1200008392334,23.280000686645508,22.81999969482422,22.8799991607666,33616007.0
2024-08-29,22.860000610351562,23.299999237060547,22.739999771118164,22.979999542236328,74926895.0
2024-09-02,23.200000762939453,23.579999923706055,23.100000381469727,23.440000534057617,36611473.0
2024-09-03,23.5,23.639999389648438,22.959999084472656,23.059999465942383,30577827.0
2024-09-04,22.700000762939453,23.0,22.459999084472656,22.700000762939453,36771066.0
2024-09-05,22.899999618530273,23.299999237060547,22.739999771118164,23.079999923706055,33493862.0
2024-09-06,23.040000915527344,23.1200008392334,22.579999923706055,22.579999923706055,19971327.0
2024-09-09,22.479999542236328,22.6200008392334,22.139999389648438,22.31999969482422,28544442.0
2024-09-10,22.31999969482422,23.579999923706055,22.239999771118164,22.31999969482422,83758857.0
2024-09-11,22.219999313354492,22.440000534057617,21.8799991607666,22.299999237060547,38765670.0
2024-09-12,22.700000762939453,22.84000015258789,22.059999465942383,22.81999969482422,37320560.0
2024-09-13,22.940000534057617,24.040000915527344,22.719999313354492,23.979999542236328,48365730.0
2024-09-16,23.979999542236328,24.299999237060547,23.65999984741211,23.68000030517578,32153775.0
2024-09-17,23.799999237060547,24.360000610351562,23.65999984741211,24.299999237060547,37642917.0
2024-09-18,24.139999389648438,24.34000015258789,23.719999313354492,24.200000762939453,26957608.0
2024-09-19,24.5,25.18000030517578,24.299999237060547,24.959999084472656,42011435.0
2024-09-20,24.899999618530273,25.860000610351562,24.899999618530273,25.559999465942383,50871892.0
2024-09-23,25.68000030517578,25.899999618530273,24.860000610351562,25.059999465942383,28193046.0
2024-09-24,25.700000762939453,26.239999771118164,25.459999084472656,25.780000686645508,51491827.0
2024-09-25,26.059999465942383,26.6200008392334,26.0,26.219999313354492,59568862.0
2024-09-26,26.280000686645508,27.020000457763672,26.040000915527344,26.219999313354492,59237396.0
2024-09-27,26.299999237060547,26.8799991607666,26.239999771118164,26.760000228881836,40421527.0
2024-09-30,26.780000686645508,27.68000030517578,26.780000686645508,26.899999618530273,59464914.0
2024-10-01,26.799999237060547,26.799999237060547,25.459999084472656,25.899999618530273,47937270.0
2024-10-02,25.68000030517578,26.34000015258789,25.34000015258789,25.479999542236328,43638729.0
2024-10-03,25.600000381469727,26.100000381469727,25.200000762939453,25.440000534057617,39831599.0
2024-10-04,25.520000457763672,25.739999771118164,24.719999313354492,25.739999771118164,33412655.0
2024-10-07,26.059999465942383,26.579999923706055,25.68000030517578,25.979999542236328,45213992.0
2024-10-08,25.520000457763672,25.579999923706055,24.31999969482422,24.639999389648438,54678349.0
2024-10-09,24.579999923706055,25.139999389648438,24.479999542236328,25.100000381469727,30001021.0
2024-10-10,25.139999389648438,26.18000030517578,25.139999389648438,25.639999389648438,45965975.0
2024-10-11,26.0,26.520000457763672,25.18000030517578,26.520000457763672,75798957.0
2024-10-14,26.600000381469727,27.139999389648438,25.6200008392334,26.68000030517578,66587594.0
2024-10-15,26.760000228881836,27.059999465942383,26.059999465942383,26.860000610351562,57413737.0
2024-10-16,26.799999237060547,27.31999969482422,26.5,27.299999237060547,56154791.0
2024-10-17,27.219999313354492,27.219999313354492,26.520000457763672,26.719999313354492,56255905.0
2024-10-18,26.799999237060547,27.219999313354492,25.979999542236328,26.040000915527344,50839272.0
2024-10-21,26.059999465942383,26.139999389648438,25.15999984741211,25.200000762939453,36955644.0
2024-10-22,25.200000762939453,25.360000610351562,24.5,24.8799991607666,66566127.0
2024-10-23,25.0,25.200000762939453,24.0,24.020000457763672,54767168.0
2024-10-24,24.200000762939453,24.860000610351562,24.200000762939453,24.6200008392334,31215237.0
2024-10-25,24.5,24.639999389648438,24.0,24.440000534057617,36709314.0
2024-10-28,24.6200008392334,24.719999313354492,24.3799991607666,24.520000457763672,14532142.0
2024-10-30,24.68000030517578,25.079999923706055,24.68000030517578,24.940000534057617,34648983.0
2024-10-31,24.860000610351562,25.559999465942383,24.579999923706055,24.65999984741211,54863284.0
2024-11-01,24.719999313354492,25.639999389648438,24.600000381469727,25.479999542236328,57319545.0
2024-11-04,25.31999969482422,25.579999923706055,24.360000610351562,24.639999389648438,41786861.0
2024-11-05,24.719999313354492,25.440000534057617,24.299999237060547,25.239999771118164,43583501.0
2024-11-06,25.200000762939453,26.639999389648438,24.65999984741211,26.3799991607666,58389130.0
2024-11-07,26.360000610351562,26.81999969482422,26.15999984741211,26.700000762939453,49868079.0
2024-11-08,26.600000381469727,27.260000228881836,26.559999465942383,27.059999465942383,43835964.0
2024-11-11,26.559999465942383,26.84000015258789,26.200000762939453,26.5,44869351.0
2024-11-12,26.360000610351562,26.739999771118164,26.100000381469727,26.299999237060547,35198497.0
2024-11-13,26.020000457763672,26.399999618530273,25.5,25.920000076293945,50152189.0
2024-11-14,26.200000762939453,26.5,25.68000030517578,26.31999969482422,63618150.0
2024-11-15,26.3799991607666,26.520000457763672,25.760000228881836,25.81999969482422,37501328.0
2024-11-18,25.899999618530273,26.979999542236328,25.639999389648438,26.280000686645508,156497192.0
2024-11-19,26.420000076293945,26.5,25.65999984741211,25.899999618530273,67893165.0
2024-11-20,25.959999084472656,26.399999618530273,25.059999465942383,25.059999465942383,58367535.0
2024-11-21,25.15999984741211,26.760000228881836,25.15999984741211,26.31999969482422,67368124.0
2024-11-22,26.360000610351562,27.079999923706055,26.34000015258789,26.8799991607666,60216293.0
2024-11-25,27.059999465942383,27.760000228881836,26.760000228881836,27.399999618530273,89871798.0
2024-11-26,27.200000762939453,27.360000610351562,26.799999237060547,27.0,40291592.0
2024-11-27,27.280000686645508,27.399999618530273,26.479999542236328,26.65999984741211,54690543.0
2024-11-28,26.65999984741211,27.059999465942383,26.579999923706055,26.979999542236328,38775437.0
2024-11-29,27.059999465942383,27.479999542236328,26.920000076293945,27.440000534057617,59876417.0
2024-12-02,27.360000610351562,27.81999969482422,27.260000228881836,27.559999465942383,43188575.0
2024-12-03,27.65999984741211,28.18000030517578,27.420000076293945,27.700000762939453,58346312.0
2024-12-04,27.81999969482422,28.360000610351562,27.6200008392334,27.6200008392334,48838164.0
2024-12-05,27.719999313354492,27.920000076293945,27.200000762939453,27.3799991607666,32025389.0
2024-12-06,27.6200008392334,27.860000610351562,27.360000610351562,27.5,33519717.0
2024-12-09,28.600000381469727,30.200000762939453,28.5,29.360000610351562,114378868.0
2024-12-10,29.299999237060547,29.68000030517578,28.040000915527344,28.260000228881836,73244204.0
2024-12-11,28.280000686645508,28.920000076293945,27.899999618530273,28.760000228881836,54099902.0
2024-12-12,29.0,29.399999618530273,28.920000076293945,29.299999237060547,39629614.0
2024-12-13,28.84000015258789,30.719999313354492,28.84000015258789,30.479999542236328,72400860.0
2024-12-16,30.479999542236328,30.579999923706055,29.780000686645508,29.81999969482422,43258740.0
2024-12-17,29.860000610351562,30.200000762939453,29.31999969482422,29.920000076293945,34998066.0
2024-12-18,29.8799991607666,30.0,28.520000457763672,28.700000762939453,42414231.0
2024-12-19,28.280000686645508,28.8799991607666,27.979999542236328,28.059999465942383,34305939.0
2024-12-20,28.079999923706055,28.700000762939453,27.760000228881836,27.959999084472656,35913763.0
2024-12-23,28.079999923706055,28.6200008392334,27.959999084472656,28.15999984741211,38774864.0
2024-12-24,28.15999984741211,28.68000030517578,27.8799991607666,28.459999084472656,37828672.0
2024-12-25,28.899999618530273,29.219999313354492,28.559999465942383,28.719999313354492,48553344.0
2024-12-26,28.799999237060547,29.040000915527344,27.81999969482422,27.959999084472656,39497607.0
2024-12-27,28.020000457763672,28.3799991607666,27.860000610351562,27.860000610351562,36082653.0
2024-12-30,27.8799991607666,28.020000457763672,27.18000030517578,27.219999313354492,33682435.0
2024-12-31,27.299999237060547,27.700000762939453,27.079999923706055,27.100000381469727,32004925.0
2025-01-02,27.260000228881836,27.81999969482422,27.100000381469727,27.799999237060547,41505135.0
2025-01-03,27.81999969482422,28.600000381469727,27.739999771118164,28.360000610351562,37869948.0
2025-01-06,28.440000534057617,28.979999542236328,28.34000015258789,28.5,42043974.0
2025-01-07,28.479999542236328,28.5,27.860000610351562,28.0,47019173.0
2025-01-08,27.940000534057617,28.139999389648438,27.5,27.520000457763672,30598846.0
2025-01-09,27.6200008392334,27.979999542236328,27.34000015258789,27.739999771118164,46303040.0
2025-01-10,27.84000015258789,27.940000534057617,27.079999923706055,27.200000762939453,43829433.0
2025-01-13,27.100000381469727,27.260000228881836,25.959999084472656,26.139999389648438,58182136.0
2025-01-14,26.34000015258789,26.5,25.479999542236328,25.739999771118164,47076094.0
2025-01-15,25.739999771118164,25.860000610351562,25.079999923706055,25.360000610351562,52442937.0
2025-01-16,25.700000762939453,26.020000457763672,25.059999465942383,25.899999618530273,61663268.0
2025-01-17,25.920000076293945,26.459999084472656,25.81999969482422,26.219999313354492,44257231.0
2025-01-20,26.420000076293945,26.5,25.3799991607666,25.84000015258789,67692725.0
2025-01-21,25.700000762939453,26.399999618530273,25.540000915527344,26.0,73175281.0
2025-01-22,25.979999542236328,26.239999771118164,25.5,26.100000381469727,61699524.0
2025-01-23,26.18000030517578,26.559999465942383,26.18000030517578,26.360000610351562,50435544.0
2025-01-24,26.420000076293945,27.079999923706055,26.299999237060547,26.979999542236328,53788055.0
2025-01-27,26.68000030517578,26.979999542236328,26.299999237060547,26.5,43222274.0
2025-01-28,26.600000381469727,27.219999313354492,26.31999969482422,27.079999923706055,54829722.0
2025-01-29,27.139999389648438,27.700000762939453,27.0,27.459999084472656,57759762.0
2025-01-30,27.459999084472656,27.719999313354492,27.079999923706055,27.479999542236328,52714530.0
2025-01-31,27.5,27.68000030517578,27.139999389648438,27.299999237060547,61701347.0
2025-02-03,27.0,27.0,26.360000610351562,26.700000762939453,39840592.0
2025-02-04,26.799999237060547,27.260000228881836,26.6200008392334,27.040000915527344,63185235.0
2025-02-05,26.979999542236328,27.040000915527344,25.8799991607666,26.299999237060547,65680954.0
2025-02-06,26.420000076293945,27.420000076293945,26.399999618530273,27.139999389648438,54320406.0
2025-02-07,27.18000030517578,28.959999084472656,27.1200008392334,28.860000610351562,111774479.0
2025-02-10,28.600000381469727,28.65999984741211,28.139999389648438,28.399999618530273,44466931.0
2025-02-11,28.31999969482422,28.399999618530273,27.600000381469727,28.100000381469727,46046228.0
2025-02-12,28.100000381469727,28.139999389648438,27.559999465942383,27.940000534057617,64126414.0
2025-02-13,28.200000762939453,28.479999542236328,27.979999542236328,28.219999313354492,43954627.0
2025-02-14,28.260000228881836,28.739999771118164,27.979999542236328,28.079999923706055,51963483.0
2025-02-17,27.959999084472656,28.3799991607666,27.860000610351562,27.899999618530273,39171632.0
2025-02-18,28.0,28.719999313354492,27.81999969482422,28.479999542236328,59528468.0
2025-02-19,28.579999923706055,28.920000076293945,28.139999389648438,28.34000015258789,36968593.0
2025-02-20,28.299999237060547,29.34000015258789,28.299999237060547,28.459999084472656,56987678.0
2025-02-21,28.540000915527344,28.65999984741211,27.1200008392334,27.31999969482422,42628310.0
2025-02-24,27.700000762939453,27.860000610351562,27.0,27.219999313354492,33543612.0
2025-02-25,27.100000381469727,27.260000228881836,26.3799991607666,26.420000076293945,33365412.0
2025-02-26,26.440000534057617,26.639999389648438,26.18000030517578,26.219999313354492,30981353.0
2025-02-27,26.200000762939453,28.079999923706055,26.200000762939453,27.34000015258789,63142898.0
2025-02-28,27.1200008392334,27.799999237060547,26.979999542236328,27.700000762939453,39715938.0
2025-03-03,28.059999465942383,28.6200008392334,27.799999237060547,28.3799991607666,33044494.0
2025-03-04,28.3799991607666,28.6200008392334,27.81999969482422,28.139999389648438,31288408.0
2025-03-05,28.459999084472656,30.799999237060547,28.34000015258789,30.65999984741211,110498991.0
2025-03-06,31.899999618530273,31.899999618530273,30.739999771118164,31.780000686645508,79938890.0
2025-03-07,31.600000381469727,32.0,31.139999389648438,31.6200008392334,37272579.0
2025-03-10,31.020000457763672,32.31999969482422,30.84000015258789,31.959999084472656,73779136.0
2025-03-11,31.600000381469727,32.880001068115234,31.600000381469727,32.0,59712160.0
2025-03-12,32.060001373291016,33.02000045776367,32.060001373291016,32.70000076293945,48886403.0
2025-03-13,32.68000030517578,33.7400016784668,32.619998931884766,33.34000015258789,76253235.0
2025-03-14,33.34000015258789,34.060001373291016,33.15999984741211,33.459999084472656,49335325.0
2025-03-17,33.63999938964844,33.779998779296875,33.2400016784668,33.599998474121094,32131798.0
2025-03-18,33.13999938964844,33.939998626708984,33.0,33.86000061035156,32612543.0
2025-03-19,32.0,33.08000183105469,30.479999542236328,30.479999542236328,50284584.0
2025-03-20,30.600000381469727,32.959999084472656,30.280000686645508,31.920000076293945,67746937.0
2025-03-21,31.479999542236328,31.700000762939453,28.739999771118164,28.739999771118164,50824828.0
2025-03-24,29.520000457763672,29.760000228881836,26.479999542236328,28.540000915527344,90310587.0
2025-03-25,29.139999389648438,30.18000030517578,28.760000228881836,29.579999923706055,69734305.0
2025-03-26,28.959999084472656,29.459999084472656,28.600000381469727,28.899999618530273,60881617.0
2025-03-27,29.31999969482422,29.920000076293945,28.920000076293945,29.31999969482422,69232857.0
2025-03-28,29.34000015258789,29.479999542236328,28.639999389648438,29.31999969482422,40245089.0
2025-04-02,29.1200008392334,29.8799991607666,29.1200008392334,29.399999618530273,37512055.0
2025-04-03,29.600000381469727,29.940000534057617,28.31999969482422,28.31999969482422,42152306.0
2025-04-04,28.31999969482422,28.5,26.700000762939453,26.760000228881836,57739872.0
2025-04-07,25.420000076293945,26.200000762939453,24.780000686645508,25.6200008392334,135544364.0
2025-04-08,26.139999389648438,26.559999465942383,25.860000610351562,26.139999389648438,59233179.0
2025-04-09,25.639999389648438,26.6200008392334,25.0,25.0,81617999.0
2025-04-10,26.200000762939453,26.579999923706055,25.3799991607666,25.559999465942383,68220647.0
2025-04-11,25.3799991607666,25.780000686645508,25.239999771118164,25.65999984741211,53386462.0
2025-04-14,25.899999618530273,26.280000686645508,25.559999465942383,25.860000610351562,44713297.0
2025-04-15,25.799999237060547,26.15999984741211,25.600000381469727,25.700000762939453,33487402.0
2025-04-16,25.5,25.559999465942383,24.780000686645508,24.799999237060547,55212141.0
2025-04-17,24.739999771118164,25.1200008392334,24.040000915527344,24.399999618530273,75866109.0
2025-04-18,24.440000534057617,24.5,23.959999084472656,24.100000381469727,26028347.0
2025-04-21,24.100000381469727,24.299999237060547,23.479999542236328,23.739999771118164,60948117.0
2025-04-22,23.84000015258789,23.979999542236328,23.540000915527344,23.760000228881836,38515244.0
2025-04-24,24.299999237060547,24.540000915527344,23.8799991607666,24.459999084472656,60648227.0
2025-04-25,24.540000915527344,24.979999542236328,24.360000610351562,24.719999313354492,55096798.0
2025-04-28,24.68000030517578,24.84000015258789,24.31999969482422,24.440000534057617,48784855.0
2025-04-29,24.299999237060547,24.719999313354492,23.979999542236328,24.239999771118164,53333838.0
2025-04-30,24.040000915527344,24.420000076293945,23.219999313354492,23.219999313354492,51364949.0
2025-05-02,23.459999084472656,24.040000915527344,23.34000015258789,23.81999969482422,38507360.0
2025-05-05,23.979999542236328,24.040000915527344,23.31999969482422,23.31999969482422,50508367.0
2025-05-06,23.239999771118164,23.700000762939453,23.18000030517578,23.3799991607666,38213311.0
2025-05-07,23.260000228881836,23.540000915527344,22.700000762939453,22.84000015258789,32282813.0
2025-05-08,22.959999084472656,23.479999542236328,22.760000228881836,23.420000076293945,32721321.0
2025-05-09,23.700000762939453,24.239999771118164,23.65999984741211,23.979999542236328,44894225.0
2025-05-12,24.700000762939453,24.8799991607666,24.200000762939453,24.8799991607666,59644243.0
2025-05-13,24.860000610351562,24.979999542236328,24.479999542236328,24.6200008392334,52927453.0
2025-05-14,24.68000030517578,25.399999618530273,24.65999984741211,25.040000915527344,67636987.0
2025-05-15,24.959999084472656,25.100000381469727,24.040000915527344,24.059999465942383,62016724.0
2025-05-16,24.1200008392334,24.420000076293945,23.860000610351562,24.299999237060547,58285557.0
2025-05-20,24.399999618530273,24.479999542236328,23.959999084472656,24.139999389648438,45234012.0
2025-05-21,24.020000457763672,24.020000457763672,23.540000915527344,23.540000915527344,53431802.0
2025-05-22,23.68000030517578,23.739999771118164,22.899999618530273,23.200000762939453,56341117.0
2025-05-23,23.079999923706055,23.579999923706055,22.920000076293945,22.979999542236328,50155429.0
2025-05-26,23.100000381469727,23.739999771118164,23.100000381469727,23.520000457763672,57561863.0
2025-05-27,23.3799991607666,23.700000762939453,23.079999923706055,23.139999389648438,41598580.0
2025-05-28,23.200000762939453,23.280000686645508,22.420000076293945,22.540000915527344,53360356.0
2025-05-29,22.920000076293945,23.200000762939453,22.440000534057617,22.559999465942383,50699905.0
2025-05-30,22.459999084472656,22.520000457763672,21.979999542236328,22.040000915527344,37154370.0
2025-06-02,21.899999618530273,22.420000076293945,21.579999923706055,22.079999923706055,57200189.0
2025-06-03,22.239999771118164,23.059999465942383,22.239999771118164,23.020000457763672,40820874.0
2025-06-04,23.18000030517578,23.799999237060547,23.15999984741211,23.700000762939453,34955749.0
2025-06-05,23.600000381469727,23.700000762939453,23.34000015258789,23.540000915527344,9953667.0
2025-06-10,23.719999313354492,24.020000457763672,23.579999923706055,23.899999618530273,31502467.0
2025-06-11,23.959999084472656,24.100000381469727,23.6200008392334,23.65999984741211,37628663.0
2025-06-12,23.3799991607666,23.6200008392334,22.920000076293945,23.15999984741211,43940290.0
2025-06-13,21.81999969482422,22.399999618530273,21.15999984741211,21.799999237060547,101584162.0
2025-06-16,21.84000015258789,22.360000610351562,21.739999771118164,22.139999389648438,64640891.0
2025-06-17,22.559999465942383,22.959999084472656,22.31999969482422,22.31999969482422,77332068.0
2025-06-18,22.299999237060547,22.31999969482422,21.739999771118164,21.760000228881836,36671976.0
2025-06-19,21.81999969482422,22.68000030517578,21.6200008392334,21.739999771118164,66786700.0
2025-06-20,22.280000686645508,23.0,22.139999389648438,22.860000610351562,71760977.0
2025-06-23,22.639999389648438,22.899999618530273,22.079999923706055,22.200000762939453,57388605.0
2025-06-24,22.899999618530273,23.200000762939453,22.6200008392334,22.940000534057617,62745816.0
2025-06-25,23.0,23.18000030517578,22.799999237060547,22.860000610351562,44627707.0
2025-06-26,22.920000076293945,23.440000534057617,22.81999969482422,22.899999618530273,55595857.0
2025-06-27,22.81999969482422,23.0,22.299999237060547,22.719999313354492,56759577.0
2025-06-30,22.799999237060547,24.1200008392334,22.799999237060547,24.1200008392334,89650710.0
2025-07-01,24.15999984741211,24.6200008392334,24.020000457763672,24.459999084472656,73231289.0
2025-07-02,24.579999923706055,26.5,24.5,25.860000610351562,156434798.0
2025-07-03,26.219999313354492,26.459999084472656,25.559999465942383,25.81999969482422,55715778.0
2025-07-04,25.81999969482422,26.399999618530273,25.719999313354492,26.18000030517578,62656006.0
2025-07-07,25.719999313354492,26.020000457763672,25.540000915527344,25.719999313354492,40378975.0
2025-07-08,25.899999618530273,26.0,24.6200008392334,24.639999389648438,64143382.0
2025-07-09,24.65999984741211,25.34000015258789,24.520000457763672,25.100000381469727,54980620.0
2025-07-10,25.559999465942383,26.299999237060547,25.479999542236328,26.139999389648438,64634895.0
2025-07-11,26.299999237060547,26.360000610351562,25.559999465942383,25.6200008392334,44352538.0
2025-07-14,25.520000457763672,25.639999389648438,24.81999969482422,24.8799991607666,33557000.0
2025-07-16,24.84000015258789,25.299999237060547,24.239999771118164,24.84000015258789,46460838.0
2025-07-17,25.100000381469727,25.899999618530273,24.920000076293945,25.899999618530273,58165953.0
2025-07-18,26.0,26.0,25.299999237060547,25.65999984741211,34252627.0
2025-07-21,26.0,26.65999984741211,26.0,26.440000534057617,58443737.0
2025-07-22,27.200000762939453,27.420000076293945,26.799999237060547,27.239999771118164,84912987.0
2025-07-23,27.200000762939453,27.399999618530273,26.780000686645508,27.15999984741211,48420467.0
2025-07-24,27.15999984741211,27.5,26.739999771118164,26.920000076293945,61672448.0
2025-07-25,26.860000610351562,27.299999237060547,26.65999984741211,26.81999969482422,41243080.0
2025-07-28,26.899999618530273,26.920000076293945,26.280000686645508,26.3799991607666,26720562.0
2025-07-29,26.280000686645508,26.479999542236328,25.899999618530273,25.959999084472656,22291798.0
2025-07-30,25.979999542236328,27.079999923706055,25.899999618530273,26.8799991607666,55464386.0
2025-07-31,26.8799991607666,27.780000686645508,26.459999084472656,27.719999313354492,68434744.0
2025-08-01,27.639999389648438,28.3799991607666,27.600000381469727,28.31999969482422,65976138.0
2025-08-04,28.399999618530273,28.68000030517578,28.0,28.579999923706055,45733474.0
2025-08-05,28.6200008392334,28.799999237060547,28.200000762939453,28.219999313354492,29527242.0
2025-08-06,28.219999313354492,28.299999237060547,27.739999771118164,28.280000686645508,51519086.0
2025-08-07,28.299999237060547,28.540000915527344,27.899999618530273,28.040000915527344,43387457.0
2025-08-08,27.920000076293945,28.719999313354492,27.799999237060547,28.299999237060547,42978004.0
2025-08-11,28.600000381469727,28.81999969482422,28.280000686645508,28.34000015258789,62565498.0
2025-08-12,28.34000015258789,28.5,27.799999237060547,27.860000610351562,35051169.0
2025-08-13,27.920000076293945,28.440000534057617,27.81999969482422,28.34000015258789,44763932.0
2025-08-14,28.299999237060547,28.520000457763672,27.68000030517578,27.719999313354492,49518246.0
2025-08-15,27.719999313354492,27.760000228881836,27.280000686645508,27.3799991607666,29474757.0
2025-08-18,27.440000534057617,28.399999618530273,27.34000015258789,28.399999618530273,63335840.0
2025-08-19,28.3799991607666,29.079999923706055,28.1200008392334,28.540000915527344,60430521.0
2025-08-20,28.399999618530273,29.65999984741211,28.3799991607666,29.440000534057617,68493802.0
2025-08-21,29.440000534057617,30.34000015258789,29.3799991607666,30.299999237060547,50399259.0
2025-08-22,30.299999237060547,31.15999984741211,30.239999771118164,30.81999969482422,51777895.0
2025-08-25,31.079999923706055,31.579999923706055,30.81999969482422,31.18000030517578,38354043.0
2025-08-26,31.0,31.559999465942383,30.479999542236328,30.479999542236328,41504324.0
2025-08-27,30.579999923706055,30.719999313354492,29.459999084472656,29.68000030517578,33712028.0
2025-08-28,29.65999984741211,30.299999237060547,29.65999984741211,29.81999969482422,33977282.0
2025-08-29,29.84000015258789,29.899999618530273,29.260000228881836,29.399999618530273,37126072.0
2025-09-01,29.440000534057617,29.5,28.65999984741211,28.719999313354492,35367163.0
2025-09-02,28.799999237060547,28.899999618530273,26.0,27.139999389648438,96335481.0
2025-09-03,27.15999984741211,27.239999771118164,26.420000076293945,26.899999618530273,44578987.0
2025-09-04,26.920000076293945,27.639999389648438,26.920000076293945,27.3799991607666,40732568.0
2025-09-05,27.520000457763672,27.559999465942383,26.579999923706055,26.739999771118164,30927384.0
2025-09-08,26.15999984741211,26.31999969482422,25.739999771118164,25.760000228881836,31310239.0
2025-09-09,25.760000228881836,26.420000076293945,25.68000030517578,25.8799991607666,56973587.0
2025-09-10,26.100000381469727,26.31999969482422,25.719999313354492,26.0,30923461.0
2025-09-11,26.040000915527344,26.639999389648438,25.559999465942383,25.65999984741211,43759028.0
2025-09-12,25.65999984741211,25.940000534057617,25.059999465942383,25.579999923706055,40381365.0
2025-09-15,25.579999923706055,27.15999984741211,25.020000457763672,27.139999389648438,101035228.0
2025-09-16,27.280000686645508,27.6200008392334,26.719999313354492,27.6200008392334,54588559.0
2025-09-17,28.299999237060547,28.860000610351562,27.65999984741211,27.760000228881836,94995665.0
2025-09-18,27.899999618530273,28.920000076293945,27.84000015258789,28.1200008392334,92983936.0
2025-09-19,28.360000610351562,30.0,28.200000762939453,30.0,131643009.0
2025-09-22,30.520000457763672,30.579999923706055,29.5,29.5,120579570.0
2025-09-23,29.100000381469727,30.8799991607666,29.100000381469727,29.799999237060547,223973703.0
2025-09-24,29.920000076293945,30.299999237060547,29.299999237060547,29.979999542236328,97340596.0
2025-09-25,30.100000381469727,30.579999923706055,29.979999542236328,30.200000762939453,79525115.0
2025-09-26,30.100000381469727,30.100000381469727,28.280000686645508,28.780000686645508,75632485.0
2025-09-29,28.5,28.899999618530273,28.280000686645508,28.420000076293945,39413360.0
2025-09-30,28.600000381469727,28.84000015258789,28.219999313354492,28.399999618530273,49605642.0
2025-10-01,28.5,28.899999618530273,27.84000015258789,28.700000762939453,74355632.0
2025-10-02,28.700000762939453,28.780000686645508,27.540000915527344,27.6200008392334,53398048.0
2025-10-03,27.719999313354492,28.15999984741211,27.3799991607666,27.799999237060547,66630735.0
2025-10-06,27.899999618530273,28.100000381469727,27.459999084472656,27.8799991607666,50384507.0
2025-10-07,27.8799991607666,28.200000762939453,27.420000076293945,27.8799991607666,56152392.0
2025-10-08,27.299999237060547,27.299999237060547,26.239999771118164,26.700000762939453,113543295.0
2025-10-09,26.899999618530273,27.100000381469727,26.520000457763672,26.639999389648438,58989769.0
2025-10-10,26.719999313354492,26.84000015258789,26.299999237060547,26.479999542236328,50792374.0
2025-10-13,26.059999465942383,26.579999923706055,25.600000381469727,25.600000381469727,45411307.0
2025-10-14,25.579999923706055,25.639999389648438,24.1200008392334,24.260000228881836,59470634.0
2025-10-15,24.34000015258789,25.479999542236328,24.1200008392334,25.34000015258789,66827197.0
2025-10-16,25.100000381469727,25.559999465942383,24.559999465942383,24.899999618530273,40592534.0
2025-10-17,24.760000228881836,24.760000228881836,23.719999313354492,24.399999618530273,48193358.0
2025-10-20,24.399999618530273,25.200000762939453,24.18000030517578,25.15999984741211,68177546.0
2025-10-21,25.0,26.200000762939453,24.979999542236328,25.799999237060547,54977921.0
2025-10-22,25.8799991607666,26.600000381469727,25.579999923706055,26.399999618530273,55586180.0
2025-10-23,26.3799991607666,26.84000015258789,26.219999313354492,26.6200008392334,46806246.0
2025-10-24,26.899999618530273,28.81999969482422,26.84000015258789,28.440000534057617,105966149.0
2025-10-27,28.200000762939453,28.700000762939453,27.940000534057617,28.18000030517578,61471488.0
2025-10-28,28.1200008392334,28.700000762939453,27.6200008392334,28.020000457763672,31012851.0
2025-10-30,28.059999465942383,28.1200008392334,27.260000228881836,27.3799991607666,36502753.0
2025-10-31,27.420000076293945,27.780000686645508,27.059999465942383,27.420000076293945,40100285.0
2025-11-03,27.5,29.0,27.459999084472656,28.440000534057617,98555037.0
2025-11-04,28.299999237060547,28.639999389648438,27.8799991607666,28.6200008392334,59282074.0
2025-11-05,28.219999313354492,28.31999969482422,27.34000015258789,27.700000762939453,54754392.0
2025-11-06,27.760000228881836,28.18000030517578,27.440000534057617,28.0,45581465.0
2025-11-07,27.020000457763672,27.18000030517578,25.84000015258789,25.940000534057617,78106554.0
2025-11-10,25.899999618530273,26.0,25.280000686645508,25.479999542236328,60332735.0
2025-11-11,25.459999084472656,25.559999465942383,24.0,24.579999923706055,63868732.0
2025-11-12,24.719999313354492,24.739999771118164,23.5,23.84000015258789,97370827.0
2025-11-13,23.899999618530273,24.31999969482422,23.5,23.940000534057617,100251856.0
2025-11-14,23.860000610351562,24.239999771118164,23.600000381469727,23.81999969482422,44201953.0
2025-11-17,23.959999084472656,24.639999389648438,23.899999618530273,24.219999313354492,68944697.0
2025-11-18,24.040000915527344,24.420000076293945,23.84000015258789,24.15999984741211,46733513.0
2025-11-19,24.3799991607666,26.079999923706055,24.34000015258789,25.420000076293945,103687448.0
2025-11-20,25.479999542236328,25.65999984741211,25.020000457763672,25.440000534057617,40536544.0
2025-11-21,25.18000030517578,25.520000457763672,24.81999969482422,25.31999969482422,36446332.0
2025-11-24,25.260000228881836,25.3799991607666,24.940000534057617,25.040000915527344,26123111.0
2025-11-25,25.15999984741211,25.459999084472656,24.719999313354492,25.0,46285571.0
2025-11-26,25.1200008392334,25.860000610351562,25.100000381469727,25.399999618530273,55037563.0
2025-11-27,25.559999465942383,25.68000030517578,24.799999237060547,24.920000076293945,50631407.0
2025-11-28,24.920000076293945,25.15999984741211,24.700000762939453,25.079999923706055,40732667.0
2025-12-01,25.040000915527344,25.799999237060547,25.0,25.6200008392334,37755979.0
2025-12-02,25.559999465942383,25.899999618530273,25.399999618530273,25.739999771118164,29035231.0
2025-12-03,25.979999542236328,26.68000030517578,25.739999771118164,25.780000686645508,58805495.0
2025-12-04,25.84000015258789,26.059999465942383,25.100000381469727,25.34000015258789,32182369.0
2025-12-05,25.280000686645508,25.979999542236328,25.280000686645508,25.579999923706055,30405153.0
2025-12-08,25.760000228881836,26.219999313354492,25.65999984741211,25.84000015258789,36283024.0
2025-12-09,25.860000610351562,26.239999771118164,25.479999542236328,26.020000457763672,43963613.0
2025-12-10,26.1200008392334,26.719999313354492,25.940000534057617,26.020000457763672,44404209.0
2025-12-11,26.139999389648438,26.3799991607666,25.8799991607666,26.219999313354492,28785042.0
2025-12-12,26.280000686645508,28.139999389648438,26.219999313354492,26.940000534057617,86015504.0
2025-12-15,27.139999389648438,27.84000015258789,26.8799991607666,27.200000762939453,58983927.0
2025-12-16,28.100000381469727,28.459999084472656,27.6200008392334,28.360000610351562,99782416.0
2025-12-17,28.200000762939453,29.0,27.959999084472656,28.239999771118164,43822482.0
2025-12-18,28.299999237060547,28.479999542236328,27.979999542236328,28.0,29255769.0
2025-12-19,28.079999923706055,28.100000381469727,27.399999618530273,27.760000228881836,25104505.0
2025-12-22,27.799999237060547,27.979999542236328,26.979999542236328,27.239999771118164,22825955.0
2025-12-23,27.200000762939453,27.239999771118164,26.579999923706055,26.799999237060547,33529517.0
2025-12-24,26.799999237060547,27.100000381469727,26.639999389648438,26.760000228881836,26432465.0
2025-12-25,26.979999542236328,27.280000686645508,26.940000534057617,27.0,14858765.0
2025-12-26,27.0,27.020000457763672,25.700000762939453,26.059999465942383,44907025.0
2025-12-29,26.020000457763672,26.059999465942383,25.420000076293945,25.440000534057617,22129069.0
2025-12-30,25.459999084472656,25.540000915527344,25.139999389648438,25.459999084472656,21248728.0
2025-12-31,25.6200008392334,25.979999542236328,25.1200008392334,25.260000228881836,33774863.0
2026-01-02,25.399999618530273,26.079999923706055,25.3799991607666,26.079999923706055,31219797.0
2026-01-05,26.299999237060547,26.920000076293945,26.059999465942383,26.84000015258789,49416886.0
2026-01-06,27.0,27.559999465942383,26.899999618530273,27.34000015258789,54890549.0
2026-01-07,27.479999542236328,27.559999465942383,26.5,26.6200008392334,44922373.0
2026-01-08,26.6200008392334,27.3799991607666,26.440000534057617,27.079999923706055,54102675.0
2026-01-09,27.100000381469727,27.31999969482422,26.65999984741211,26.799999237060547,37552131.0
2026-01-12,26.920000076293945,27.639999389648438,26.899999618530273,27.559999465942383,45714818.0
2026-01-13,27.559999465942383,27.8799991607666,27.34000015258789,27.5,54334187.0
2026-01-14,27.6200008392334,28.31999969482422,27.559999465942383,27.600000381469727,63227002.0
2026-01-15,27.459999084472656,27.84000015258789,27.100000381469727,27.700000762939453,34371076.0
2026-01-16,27.81999969482422,28.979999542236328,27.600000381469727,28.639999389648438,65793927.0
2026-01-19,29.059999465942383,29.700000762939453,28.81999969482422,29.100000381469727,63877328.0
2026-01-20,28.899999618530273,29.239999771118164,28.18000030517578,28.280000686645508,58845579.0
2026-01-21,28.360000610351562,28.81999969482422,28.280000686645508,28.799999237060547,42441299.0
2026-01-22,29.040000915527344,29.200000762939453,28.65999984741211,29.200000762939453,48045417.0
2026-01-23,29.459999084472656,29.65999984741211,29.059999465942383,29.3799991607666,56867385.0
2026-01-26,29.0,29.65999984741211,28.68000030517578,29.600000381469727,46160472.0
2026-01-27,29.65999984741211,30.15999984741211,29.1200008392334,29.459999084472656,82053763.0
2026-01-28,29.5,30.020000457763672,29.440000534057617,29.81999969482422,60084154.0
2026-01-29,29.979999542236328,30.5,29.860000610351562,29.959999084472656,71720644.0
2026-01-30,29.920000076293945,29.959999084472656,28.799999237060547,29.059999465942383,58323273.0
2026-02-02,28.459999084472656,29.520000457763672,27.700000762939453,29.239999771118164,57192982.0
2026-02-03,29.31999969482422,30.700000762939453,29.280000686645508,30.280000686645508,78242151.0
2026-02-04,30.520000457763672,30.600000381469727,29.700000762939453,30.0,75889133.0
2026-02-05,29.899999618530273,30.360000610351562,29.3799991607666,29.639999389648438,74816050.0
2026-02-06,29.440000534057617,29.639999389648438,28.739999771118164,29.420000076293945,54266814.0
2026-02-09,30.0,30.31999969482422,29.920000076293945,30.200000762939453,50759919.0
2026-02-10,30.200000762939453,30.420000076293945,29.920000076293945,30.360000610351562,50145855.0
2026-02-11,30.040000915527344,31.360000610351562,29.81999969482422,31.079999923706055,69691525.0
2026-02-12,31.100000381469727,31.600000381469727,30.799999237060547,31.420000076293945,66969135.0
2026-02-13,31.559999465942383,32.0,31.020000457763672,31.5,71917239.0
2026-02-16,32.0,32.65999984741211,31.84000015258789,31.979999542236328,60524936.0
2026-02-17,31.799999237060547,32.040000915527344,31.399999618530273,31.780000686645508,35494645.0
2026-02-18,31.700000762939453,33.279998779296875,31.5,31.739999771118164,117500114.0
2026-02-19,31.959999084472656,32.02000045776367,30.299999237060547,30.540000915527344,34199861.0
2026-02-20,30.459999084472656,31.139999389648438,30.18000030517578,30.600000381469727,45559186.0
2026-02-23,31.399999618530273,32.2400016784668,31.1200008392334,32.060001373291016,51030692.0
2026-02-24,31.84000015258789,32.63999938964844,30.600000381469727,32.52000045776367,112309685.0
2026-02-25,32.70000076293945,32.86000061035156,31.059999465942383,31.260000228881836,80907933.0
2026-02-26,31.079999923706055,32.08000183105469,31.040000915527344,31.739999771118164,48343715.0
2026-02-27,31.979999542236328,32.97999954223633,31.719999313354492,32.52000045776367,93143240.0
2026-03-02,30.200000762939453,32.7400016784668,30.200000762939453,32.41999816894531,41123787.0
2026-03-03,32.220001220703125,32.31999969482422,29.5,29.540000915527344,40445958.0
2026-03-04,29.540000915527344,30.639999389648438,29.0,30.059999465942383,43067670.0
2026-03-05,30.34000015258789,31.219999313354492,30.31999969482422,30.639999389648438,30544110.0
2026-03-06,30.139999389648438,30.899999618530273,29.280000686645508,29.479999542236328,22821149.0
2026-03-09,28.6200008392334,30.459999084472656,28.5,29.700000762939453,43021625.0
2026-03-10,30.5,31.739999771118164,30.31999969482422,31.440000534057617,36939447.0
2026-03-11,31.639999389648438,31.81999969482422,30.200000762939453,30.920000076293945,32088806.0
2026-03-12,30.68000030517578,31.260000228881836,30.1200008392334,30.299999237060547,41393432.0
2026-03-13,30.139999389648438,30.239999771118164,29.0,29.5,31718128.0
2026-03-16,29.780000686645508,30.15999984741211,29.3799991607666,30.020000457763672,29485350.0
2026-03-17,30.040000915527344,31.739999771118164,30.040000915527344,31.219999313354492,43022709.0
2026-03-18,31.280000686645508,31.559999465942383,29.940000534057617,30.139999389648438,42330419.0
2026-03-19,29.700000762939453,29.959999084472656,29.399999618530273,29.399999618530273,15594438.0
2026-03-23,29.0,30.420000076293945,28.260000228881836,30.299999237060547,57634234.0
2026-03-24,30.139999389648438,30.34000015258789,29.219999313354492,29.280000686645508,27019404.0
2026-03-25,29.739999771118164,29.940000534057617,29.299999237060547,29.440000534057617,31083484.0
2026-03-26,29.299999237060547,30.020000457763672,28.84000015258789,28.920000076293945,54795355.0
2026-03-27,29.0,29.399999618530273,28.440000534057617,29.399999618530273,43317250.0
2026-03-30,29.34000015258789,29.739999771118164,28.979999542236328,29.1200008392334,32065153.0
2026-03-31,29.1200008392334,31.219999313354492,29.059999465942383,30.899999618530273,92692137.0
2026-04-01,31.520000457763672,32.400001525878906,31.280000686645508,32.08000183105469,47005436.0
2026-04-02,31.360000610351562,32.20000076293945,30.84000015258789,31.68000030517578,34080204.0
2026-04-03,31.799999237060547,32.439998626708984,31.100000381469727,31.899999618530273,60009252.0
2026-04-06,32.5,34.5,32.29999923706055,34.13999938964844,80695562.0
2026-04-07,33.959999084472656,34.459999084472656,33.380001068115234,33.439998626708984,47649413.0
2026-04-08,34.91999816894531,35.18000030517578,34.0,34.380001068115234,56594889.0
2026-04-09,34.380001068115234,37.79999923706055,34.34000015258789,36.68000030517578,130463538.0
2026-04-10,36.720001220703125,39.2400016784668,35.84000015258789,36.099998474121094,182921956.0
2026-04-13,35.84000015258789,36.63999938964844,35.68000030517578,36.099998474121094,67966409.0
2026-04-14,36.400001525878906,36.84000015258789,35.220001220703125,35.400001525878906,69429886.0
2026-04-15,35.52000045776367,36.84000015258789,35.36000061035156,36.459999084472656,71802721.0
2026-04-16,36.84000015258789,37.02000045776367,35.540000915527344,35.720001220703125,66090294.0
2026-04-17,35.900001525878906,37.13999938964844,35.79999923706055,36.900001525878906,93132003.0
2026-04-20,36.68000030517578,37.47999954223633,36.439998626708984,36.70000076293945,72974001.0
2026-04-21,36.97999954223633,37.52000045776367,36.040000915527344,36.099998474121094,55582449.0
2026-04-22,36.459999084472656,36.619998931884766,35.5,36.15999984741211,58169974.0
2026-04-24,36.20000076293945,36.880001068115234,35.7400016784668,36.86000061035156,47938268.0
2026-04-27,37.5,37.79999923706055,36.619998931884766,36.900001525878906,51904780.0
2026-04-28,36.86000061035156,37.36000061035156,36.52000045776367,36.84000015258789,46549065.0
2026-04-29,37.0,38.08000183105469,37.0,37.70000076293945,78487108.0
2026-04-30,37.70000076293945,39.2599983215332,37.400001525878906,38.52000045776367,74492569.0
2026-05-04,38.70000076293945,39.2599983215332,37.040000915527344,39.08000183105469,83032013.0
2026-05-05,39.08000183105469,40.58000183105469,39.060001373291016,40.279998779296875,71284911.0
2026-05-06,40.599998474121094,40.900001525878906,39.380001068115234,39.900001525878906,92854592.0
2026-05-07,40.29999923706055,40.619998931884766,39.560001373291016,39.79999923706055,38812067.0
2026-05-08,39.81999969482422,40.7400016784668,39.560001373291016,40.52000045776367,56741705.0
2026-05-11,41.0,44.560001373291016,40.91999816894531,44.15999984741211,146772620.0
2026-05-12,43.880001068115234,47.0,43.119998931884766,44.91999816894531,146778647.0
2026-05-13,45.34000015258789,45.599998474121094,40.70000076293945,42.7599983215332,97818795.0
2026-05-14,42.5,44.220001220703125,42.279998779296875,42.79999923706055,77540234.0
2026-05-15,42.68000030517578,43.220001220703125,41.47999954223633,41.97999954223633,61252248.0
2026-05-18,41.380001068115234,41.97999954223633,39.18000030517578,39.20000076293945,70664464.0
2026-05-20,39.08000183105469,40.52000045776367,38.15999984741211,40.20000076293945,65602803.0
2026-05-21,40.0,40.34000015258789,37.47999954223633,37.47999954223633,51488021.0
2026-05-22,36.5,41.099998474121094,36.5,40.880001068115234,73312497.0
2026-05-25,40.599998474121094,42.7400016784668,39.86000061035156,40.02000045776367,70005547.0
2026-05-26,40.220001220703125,40.63999938964844,39.7400016784668,39.7400016784668,23925012.0
2026-05-27,39.7400016784668,39.7400016784668,39.7400016784668,39.7400016784668,0.0
2026-05-28,39.7400016784668,39.7400016784668,39.7400016784668,39.7400016784668,0.0
2026-05-29,39.7400016784668,39.7400016784668,39.7400016784668,39.7400016784668,0.0
2026-06-01,39.939998626708984,41.41999816894531,39.720001220703125,40.58000183105469,57257800.0
2026-06-02,40.939998626708984,41.459999084472656,40.52000045776367,41.02000045776367,59568437.0
2026-06-03,41.02000045776367,42.20000076293945,40.36000061035156,40.47999954223633,64049568.0
2026-06-04,40.68000030517578,41.459999084472656,38.79999923706055,39.599998474121094,61141769.0
2026-06-05,39.619998931884766,39.7599983215332,38.720001220703125,39.0,34997890.0
2026-06-08,38.560001373291016,39.2599983215332,38.2599983215332,39.0,37458438.0
2026-06-09,39.18000030517578,40.70000076293945,38.459999084472656,39.08000183105469,85896515.0
2026-06-10,39.040000915527344,39.5,38.040000915527344,38.08000183105469,45728395.0
2026-06-11,38.20000076293945,39.34000015258789,37.900001525878906,38.560001373291016,52718579.0
2026-06-12,39.20000076293945,40.91999816894531,38.70000076293945,39.34000015258789,81689232.0
2026-06-15,40.58000183105469,41.5,39.939998626708984,41.040000915527344,49620185.0
2026-06-16,41.099998474121094,41.900001525878906,40.63999938964844,40.84000015258789,42828661.0
2026-06-17,41.15999984741211,41.31999969482422,39.119998931884766,39.41999816894531,63480136.0
2026-06-18,39.70000076293945,40.79999923706055,39.68000030517578,40.41999816894531,47208983.0
2026-06-19,40.20000076293945,41.439998626708984,39.959999084472656,40.779998779296875,50530519.0
2026-06-22,40.939998626708984,41.7400016784668,40.63999938964844,41.31999969482422,43943466.0
2026-06-23,40.959999084472656,41.13999938964844,39.720001220703125,40.0,33932217.0
2026-06-24,40.380001068115234,41.18000030517578,40.18000030517578,40.599998474121094,51786544.0
2026-06-25,40.900001525878906,41.29999923706055,39.29999923706055,39.400001525878906,50920533.0
2026-06-26,39.540000915527344,40.560001373291016,39.220001220703125,40.560001373291016,64467943.0
2026-06-29,41.20000076293945,41.5,40.08000183105469,40.119998931884766,48435170.0
2026-06-30,40.119998931884766,41.2400016784668,39.41999816894531,39.79999923706055,68369043.0
2026-07-01,39.560001373291016,40.20000076293945,38.720001220703125,39.58000183105469,126713854.0
2026-07-02,39.70000076293945,39.7400016784668,38.52000045776367,39.13999938964844,121650171.0
2026-07-03,39.13999938964844,39.720001220703125,38.279998779296875,38.7400016784668,66403787.0
2026-07-06,39.0,39.599998474121094,38.720001220703125,39.13999938964844,60053552.0
2026-07-07,38.97999954223633,39.41999816894531,37.439998626708984,37.540000915527344,65217324.0
2026-07-08,37.439998626708984,37.439998626708984,35.7400016784668,36.29999923706055,66346969.0
2026-07-09,36.599998474121094,37.08000183105469,36.15999984741211,36.52000045776367,39281802.0
2026-07-10,36.36000061035156,37.81999969482422,36.36000061035156,37.779998779296875,44960647.0
2026-07-13,37.5,38.2599983215332,37.099998474121094,38.2400016784668,52873474.0
2026-07-14,38.29999923706055,41.08000183105469,37.939998626708984,40.84000015258789,69171346.0
2026-07-16,41.0,42.540000915527344,40.779998779296875,42.47999954223633,53797102.0
2026-07-17,42.29999923706055,43.0,41.08000183105469,42.7599983215332,51976724.0
2026-07-20,42.81999969482422,45.099998474121094,42.65999984741211,44.79999923706055,79304177.0
2026-07-21,44.79999923706055,45.02000045776367,43.540000915527344,43.7400016784668,51960288.0
2026-07-22,43.79999923706055,44.02000045776367,41.400001525878906,41.959999084472656,60969807.0
2026-07-23,41.959999084472656,43.880001068115234,41.70000076293945,42.15999984741211,110256994.0
2026-07-24,42.2400016784668,43.34000015258789,41.7400016784668,42.20000076293945,58165696.0
2026-07-27,43.0,43.18000030517578,42.13999938964844,42.34000015258789,33325932.0
2026-07-28,42.34000015258789,43.08000183105469,41.959999084472656,42.400001525878906,55334627.0
2026-07-29,42.36000061035156,42.939998626708984,41.459999084472656,41.84000015258789,52737171.0
2026-07-30,41.900001525878906,41.939998626708984,40.5,40.880001068115234,40246444.0
2026-07-31,41.18000030517578,41.279998779296875,40.15999984741211,41.20000076293945,34384936.0
2026-08-03,41.560001373291016,41.779998779296875,39.959999084472656,40.220001220703125,58675227.0
2026-08-04,40.0,41.779998779296875,39.880001068115234,41.779998779296875,47134613.0
2026-08-05,42.0,42.65999984741211,41.84000015258789,42.599998474121094,44837824.0
2026-08-06,42.79999923706055,42.81999969482422,41.060001373291016,41.20000076293945,38529285.0
2026-08-07,40.91999816894531,41.0,38.70000076293945,39.58000183105469,54862973.0
2026-08-10,39.63999938964844,40.97999954223633,38.959999084472656,40.119998931884766,56347602.0
2026-08-11,40.0,41.380001068115234,39.20000076293945,40.459999084472656,40803461.0
2026-08-12,40.439998626708984,41.2400016784668,39.439998626708984,40.939998626708984,44409257.0
2026-08-13,41.31999969482422,42.099998474121094,40.36000061035156,41.7599983215332,61701515.0
2026-08-14,41.84000015258789,42.47999954223633,40.939998626708984,41.47999954223633,51974877.0
2026-08-17,42.5,45.619998931884766,41.86000061035156,45.619998931884766,128847554.0
2026-08-18,45.619998931884766,46.720001220703125,43.459999084472656,44.0,90031082.0
2026-08-19,44.040000915527344,46.02000045776367,43.7400016784668,45.779998779296875,93676604.0
2026-08-20,46.02000045776367,46.880001068115234,44.20000076293945,45.0,54045734.0
2026-08-21,45.29999923706055,45.599998474121094,44.439998626708984,44.97999954223633,53763067.0
2026-08-24,45.599998474121094,46.040000915527344,44.900001525878906,45.20000076293945,53458097.0
2026-08-25,45.20000076293945,45.7599983215332,44.380001068115234,44.900001525878906,69641753.0
2026-08-26,45.040000915527344,46.20000076293945,44.779998779296875,45.599998474121094,64779747.0
2026-08-27,45.79999923706055,47.400001525878906,45.70000076293945,46.560001373291016,58870441.0
2026-08-28,46.900001525878906,47.70000076293945,46.040000915527344,46.619998931884766,55287388.0
2026-08-31,46.68000030517578,47.959999084472656,46.560001373291016,47.380001068115234,82977247.0
2026-09-01,47.400001525878906,47.41999816894531,44.20000076293945,44.400001525878906,67566295.0
2026-09-02,44.220001220703125,44.70000076293945,42.959999084472656,44.599998474121094,51446205.0
2026-09-03,44.599998474121094,44.880001068115234,42.58000183105469,42.97999954223633,43862320.0
2026-09-04,43.13999938964844,43.58000183105469,42.84000015258789,43.52000045776367,29544947.0
2026-09-07,43.439998626708984,45.36000061035156,43.380001068115234,45.20000076293945,48174047.0
2026-09-08,45.2599983215332,45.97999954223633,44.540000915527344,45.97999954223633,47157009.0
2026-09-09,46.060001373291016,48.439998626708984,45.52000045776367,47.47999954223633,65232521.0
2026-09-10,47.599998474121094,48.060001373291016,45.7400016784668,46.5,37920802.0
2026-09-11,46.439998626708984,46.560001373291016,45.099998474121094,46.0,57719483.0
2026-09-14,45.52000045776367,45.84000015258789,44.97999954223633,45.5,26893783.0
2026-09-15,45.5,46.119998931884766,44.0,44.0,44832699.0
2026-09-16,44.0,44.040000915527344,39.599998474121094,41.560001373291016,70021785.0
