Date,Open,High,Low,Close,Volume
2021-09-20,30.156451823938042,30.30648378019469,29.987665426018815,30.21271514892578,1162017.0
2021-09-21,30.381501818009383,30.419007124625296,30.006420135498047,30.006420135498047,862233.0
2021-09-22,30.13769714418486,30.88785691954176,30.10018826115602,30.869102478027344,1425709.0
2021-09-23,31.037889297929727,31.469234304556405,30.962875107892923,31.394216537475586,1726844.0
2021-09-24,30.719069184346537,30.719069184346537,29.74386151887806,30.156450271606445,3114772.0
2021-09-27,30.175205401120856,30.494023746163005,29.668846221869693,29.818878173828125,1430523.0
2021-09-28,29.912648258035794,30.212713947135178,29.706354773519273,30.100187301635742,1238316.0
2021-09-29,30.193960411278162,30.362746807542813,29.912649154663086,29.912649154663086,1079532.0
2021-09-30,29.950156404750157,29.987663497140776,29.31251973741272,29.55632209777832,2037191.0
2021-10-01,29.53756826893976,29.78137063435364,29.500059387250584,29.725109100341797,894178.0
2021-10-04,29.687600218652623,30.10018718610203,29.53756826893976,29.725109100341797,1406261.0
2021-10-05,29.743864181686043,29.96891212463379,29.350029834396967,29.96891212463379,1045176.0
2021-10-06,30.006418246555757,30.043927127854463,29.368781572652942,29.4250431060791,1604902.0
2021-10-07,29.462554226166834,29.912650104821626,29.462554226166834,29.800127029418945,762493.0
2021-10-08,29.80012481311628,29.818877465274028,29.48130647564987,29.500059127807617,1042934.0
2021-10-11,29.500058967799394,29.95015659906011,29.500058967799394,29.856386184692383,1167058.0
2021-10-12,29.631340543940528,30.13769795886374,29.500061238312856,29.650094985961914,1205608.0
2021-10-13,29.762617453892428,29.856387873564422,29.387537563726443,29.481307983398438,1189863.0
2021-10-14,29.350027036453366,29.70635425354344,29.27501106262207,29.27501106262207,1245721.0
2021-10-15,29.387537476168177,29.46255345397787,29.012457587119716,29.331275939941406,1187014.0
2021-10-18,29.331275042389613,29.575077409941137,29.27501171936254,29.518814086914062,755006.0
2021-10-19,29.612584699248636,30.662810151913437,29.593830258115595,30.475269317626953,2252250.0
2021-10-20,30.569038821408405,30.831597427743823,30.193960719141234,30.437761306762695,1646486.0
2021-10-21,30.475269004480165,31.6942790492506,30.475269004480165,31.4129695892334,3419387.0
2021-10-22,31.41297182576733,32.50070443844348,31.41297182576733,32.013099670410156,2132924.0
2021-10-25,31.994339210289752,32.40692970866025,31.71302978315569,32.294403076171875,1595496.0
2021-10-26,32.48195056211267,33.26961926619125,31.975591342981268,33.063323974609375,2170184.0
2021-10-27,33.06332196407364,33.19460305430719,32.425688839587615,32.6882438659668,1787654.0
2021-10-28,32.66948822480817,33.00706100463867,32.613224902488476,33.00706100463867,506621.0
2021-11-01,31.95683954513528,32.875785743577524,31.825558450748616,32.72575378417969,3150041.0
2021-11-02,32.9132834842985,33.00705567301766,32.14436942201766,32.36941909790039,1481761.0
2021-11-03,32.36942321105328,32.89453680347651,31.713032114785165,32.81951904296875,1805847.0
2021-11-04,32.875782945321475,33.794729065546676,32.72575099869377,33.71971130371094,2510053.0
2021-11-05,33.907251087030744,34.05728302903799,33.513418580653095,33.68220138549805,1419973.0
2021-11-08,34.75118902049873,35.33256244942587,34.15105757139492,35.22003936767578,4263497.0
2021-11-09,35.688884442285186,35.688884442285186,34.99498445707835,35.23878860473633,2467582.0
2021-11-10,35.2575390267718,36.8328762269978,35.22003372356163,36.101470947265625,5685638.0
2021-11-11,36.12022799084354,36.73911025146518,35.57635991909278,35.76390075683594,2832483.0
2021-11-12,36.2702628693748,37.50802749039427,36.082722016513976,36.6828498840332,5110993.0
2021-11-15,37.22671414389048,37.92061057744809,37.03917331045409,37.339237213134766,3997693.0
2021-11-16,37.45176535686656,39.19588926316864,37.45176535686656,38.633270263671875,6960286.0
2021-11-17,39.00834342512731,40.22735706351071,38.78329728487221,39.102115631103516,5198380.0
2021-11-18,39.195889332405855,40.077330297430656,38.72703897298223,39.589725494384766,4457222.0
2021-11-19,39.83352018333683,40.05856989629026,39.19588350318661,39.51470184326172,2150698.0
2021-11-22,39.758506184455115,40.602434563659784,39.47719314767637,39.81476593017578,3356173.0
2021-11-23,39.81476424335103,40.189845891802435,38.83955481901233,39.3834228515625,4363716.0
2021-11-24,39.495950217134315,41.14630535762288,39.495950217134315,40.94001007080078,4294867.0
2021-11-25,41.071287061299564,41.63390958802884,40.41489590197076,40.69620895385742,2289630.0
2021-11-26,40.35863920576958,41.93397667649234,40.339884762422365,41.25883102416992,3702808.0
2021-11-29,41.4838714015245,41.63390333738535,39.608470414742165,40.32112121582031,4303555.0
2021-11-30,40.52742047145751,40.86499325474356,39.608474326425416,39.96479797363281,3470378.0
2021-12-01,40.09607557608126,40.471157242165226,39.68348860502399,40.114830017089844,2818443.0
2021-12-02,40.15233705921285,40.28361456321357,39.43968621876163,40.03981399536133,2414578.0
2021-12-03,40.07732512121497,40.58368072544004,39.73975233370232,39.758506774902344,2788530.0
2021-12-06,39.8335202059606,40.35863381845428,39.64597937456688,40.17109298706055,3262635.0
2021-12-07,40.7899817021748,41.07129120540161,40.208608251900145,40.48991775512695,3827528.0
2021-12-08,40.752467395587146,40.77122183691437,39.79601235016242,40.20860290527344,3351835.0
2021-12-09,40.246108921555155,40.58368171731819,39.9272941444945,40.09607696533203,4077715.0
2021-12-10,40.11482596262033,41.240067270098436,39.94603958764644,40.32112121582031,8133737.0
2021-12-13,40.86499745034189,42.140267373513,40.54617907528805,42.02774429321289,10467273.0
2021-12-14,42.552858017967715,43.92190015736024,42.552858017967715,43.64059066772461,8132292.0
2021-12-15,44.071932123635534,44.48451913663151,42.75914973594359,43.64059066772461,6578239.0
2021-12-16,43.97815986560033,46.35991668701172,43.49055512108668,46.35991668701172,7425007.0
2021-12-17,46.50995096176048,48.713549642715954,41.72767906188965,42.196529388427734,7419086.0
2021-12-20,40.039813844838186,43.509306564436365,38.183167201571244,40.396141052246094,5821530.0
2021-12-21,42.47784186369642,42.47784186369642,36.36403274536133,36.36403274536133,5857750.0
2021-12-22,35.40757205377342,37.09543594638863,35.29504898661368,35.63262176513672,5563740.0
2021-12-23,36.27025879978084,36.64534046341759,33.28837066270464,35.576358795166016,3295722.0
2021-12-24,35.85767187215645,36.88914108276367,35.65137659921747,36.88914108276367,2833518.0
2021-12-27,36.90790087947024,37.30173346454687,36.27026410426052,36.36403274536133,2784771.0
2021-12-28,36.589082823423865,36.664097021575394,34.50738606331409,34.901222229003906,1726549.0
2021-12-29,35.01374045868047,35.68888603362994,34.20731737238947,35.52009963989258,1868953.0
2021-12-30,35.7826556251757,35.9326875817512,34.75118637084961,34.75118637084961,1214023.0
2021-12-31,34.88246236759504,35.576358795166016,34.41361207657103,35.576358795166016,1842799.0
2022-01-03,35.59511487708749,36.92665162504608,35.46383736187552,36.664093017578125,2503974.0
2022-01-04,37.03916948895122,40.32112121582031,36.73910561722952,40.32112121582031,5842711.0
2022-01-05,40.78997865501134,41.54013846659123,40.002309958591425,40.077327728271484,5645873.0
2022-01-06,39.96480115436285,40.54617813942356,39.252150226185535,40.227359771728516,3608043.0
2022-01-07,40.50866716931026,40.92125415101231,40.03981686313084,40.80873107910156,3937386.0
2022-01-10,41.03377201689845,41.071280895124545,40.32112121582031,40.32112121582031,2740042.0
2022-01-11,40.677453836779,41.07128637961317,39.946044921875,39.946044921875,4152413.0
2022-01-12,40.22736016852128,41.93397510153304,40.152342397949944,40.97751998901367,6259329.0
2022-01-13,40.82748842896457,41.108797917302674,39.98355638690603,40.26486587524414,2960857.0
2022-01-14,40.22736255572444,40.94001353322185,40.077330582722645,40.18985366821289,2703768.0
2022-01-17,40.377391113887555,41.18381066491809,40.32112778737859,40.94001007080078,3199537.0
2022-01-18,40.958760829014366,41.25882472265197,38.914573317955835,38.9708366394043,3765831.0
2022-01-19,38.764542277878384,39.92729257570482,38.6520192093932,39.81476593017578,2792011.0
2022-01-20,39.96479855641128,40.546175503679,38.46447902775504,39.25214767456055,3331361.0
2022-01-21,39.252152375253125,39.66473940078251,38.65202449192153,38.98959732055664,2345509.0
2022-01-24,38.970838192358755,39.25214765672348,37.30172869331277,37.93936538696289,2439773.0
2022-01-25,38.29569743315607,38.633270263671875,37.50802868763398,38.633270263671875,2110650.0
2022-01-26,39.08336356073098,39.08336356073098,38.22067709863824,38.314449310302734,1870409.0
2022-01-27,38.1269087054933,38.8395596334364,37.695567260237105,38.76454544067383,1856390.0
2022-01-28,38.82080230510881,39.49594423575036,38.16441123675315,38.44572067260742,2103299.0
2022-01-31,38.652017222453615,38.80204916506929,38.27693557739258,38.27693557739258,1293927.0
2022-02-01,38.44572195996568,39.06460417038582,38.051889451990895,38.27693557739258,1807643.0
2022-02-02,38.426970727678714,38.53949379977236,37.658056510458195,37.88310623168945,1563668.0
2022-02-03,37.86435066165145,38.670773737883074,37.13294177223186,37.69556427001953,2310944.0
2022-02-04,37.65805678267609,37.77057985558313,36.851633676580335,37.02042007446289,1157379.0
2022-02-07,36.85162895029857,37.1704472635162,35.857668709182775,37.132938385009766,2153603.0
2022-02-08,37.189207950970456,37.48927187534895,36.476557024832566,37.15169906616211,1907599.0
2022-02-09,37.41425480964762,38.633264855955126,37.376745927719675,37.69556427001953,3293328.0
2022-02-10,37.75182677144813,38.314449310302734,37.73307590615936,38.314449310302734,1145312.0
2022-02-11,38.108151609434145,38.35195576728488,37.54553268323752,38.295692443847656,1803605.0
2022-02-14,37.80808934531979,38.40821717984169,37.05792955216743,38.07064437866211,2131819.0
2022-02-15,38.08939880429375,39.008344997641984,37.71432069640037,38.72703552246094,2029128.0
2022-02-16,38.97083951859876,39.19588566693166,38.0893986360035,38.426971435546875,1505404.0
2022-02-17,38.44572392834543,38.53949255588971,37.50802334472725,37.5455322265625,1182471.0
2022-02-18,37.71431751685628,38.014381408691406,37.50802224982823,38.014381408691406,1144892.0
2022-02-21,38.01438558070326,38.52074479513847,37.714321655936644,37.95812225341797,1588026.0
2022-02-22,37.11418929984968,37.4705129315912,36.75786209106445,36.75786209106445,2012814.0
2022-02-23,36.7578652263324,37.26422442247344,36.57032438586786,36.664093017578125,1561481.0
2022-02-24,33.28837046214948,34.61990356365442,33.00706100463867,33.00706100463867,1871377.0
2022-02-25,33.41964710423988,35.295048208424326,32.93204238790667,34.43236541748047,3168452.0
2022-02-28,32.81951692369249,34.48862263972923,32.81951692369249,33.75721740722656,3550288.0
2022-03-01,34.69492235996584,34.844954313575826,33.700958431647216,34.00102233886719,1815417.0
2022-03-02,34.13230620272342,35.9889531209609,33.75722449968699,35.42633056640625,3678522.0
2022-03-03,35.55760565548742,36.2702601270676,35.313805069132506,35.40757369995117,3703460.0
2022-03-04,35.726390199688154,36.101471857597595,35.332557678222656,35.332557678222656,1954201.0
2022-03-07,35.29505053548697,37.733074277896044,35.25754165243976,37.226715087890625,4175912.0
2022-03-08,37.226713717280454,39.68348823371583,37.15169595394803,39.51470184326172,3883073.0
2022-03-09,39.55221331976654,40.56492815188691,38.877067713656906,39.83352279663086,4406617.0
2022-03-10,40.302376753703136,40.50867205797225,39.383430471936606,40.18985366821289,3271286.0
2022-03-11,40.17108927995946,40.658693965768094,39.81476209089864,40.32112121582031,1579568.0
2022-03-14,40.43365389656025,41.50263214111328,40.43365389656025,41.50263214111328,2210328.0
2022-03-15,41.59640385033113,41.802699150106164,41.015030414744786,41.25883102416992,2024372.0
2022-03-16,41.296337678072376,41.540138274315815,40.75246958154175,40.88374710083008,1101738.0
2022-03-17,40.80873152115386,41.2588273907164,40.41489539963414,40.90250015258789,1433711.0
2022-03-18,41.1275509737571,41.74643325805664,40.639946207787155,41.74643325805664,2409143.0
2022-03-21,41.746431780039174,42.00898680740268,41.31509035592943,41.61515426635742,2048658.0
2022-03-22,41.540140382137935,41.76519012451172,41.37135396961867,41.76519012451172,1728745.0
2022-03-23,42.196527823351694,42.384068662419836,41.33384497149984,41.915218353271484,2644515.0
2022-03-24,41.840200321615185,42.234036438866276,41.29633582651335,41.46512222290039,1881357.0
2022-03-25,41.05252887090868,41.4088560809303,40.78997386196839,40.84623718261719,1813669.0
2022-03-28,40.92125441014114,42.23403670657412,40.6024360568385,41.915218353271484,2924505.0
2022-03-29,42.046490755127294,42.4590776892761,41.87770437819289,42.08399963378906,2073938.0
2022-03-30,42.10275790517372,42.890426543544095,42.10275790517372,42.740394592285156,2949976.0
2022-03-31,42.85292192337181,42.946690560842875,42.23403961574777,42.83416748046875,1452150.0
2022-04-01,42.90918069742651,45.17841815837689,42.496593694091956,45.065895080566406,4499188.0
2022-04-04,45.00962571520515,45.00962571520515,43.13422464373827,44.1844482421875,3320498.0
2022-04-05,44.353236586996054,44.503268536269154,43.05920878886313,43.45304489135742,2863479.0
2022-04-06,43.528065758659565,44.128197224910885,43.17174206009568,43.565574645996094,2023543.0
2022-04-07,43.490552734511795,43.978157452267794,43.22799414677011,43.41553497314453,2119414.0
2022-04-08,43.60307805434517,44.05317391469314,42.38406798543893,43.13422775268555,4362862.0
2022-04-11,43.13422801992014,43.64058720734018,42.85291855259032,43.58432388305664,3402029.0
2022-04-12,43.60308195875267,45.00963298968017,43.35928135395803,44.74707794189453,6879160.0
2022-04-13,45.403465694039205,45.90982492514344,44.05317798813884,44.240718841552734,4602825.0
2022-04-14,44.540781816168526,44.93461438050923,44.33448652415529,44.353240966796875,2448565.0
2022-04-15,44.48451552147358,44.503269962864394,43.865633263752684,44.09068298339844,1345621.0
2022-04-18,44.10944139292858,44.85960123082649,43.86563720995909,44.390750885009766,1712381.0
2022-04-19,44.484515877321385,45.14090702307462,44.42825612974286,44.69081115722656,3139250.0
2022-04-20,44.803339159176154,45.06589779259337,44.63455274378093,44.87835693359375,2205921.0
2022-04-21,45.009632468947096,45.45972836439127,44.91586383212114,44.953369140625,3377010.0
2022-04-22,44.87835368408951,45.02838564501698,43.09672101816221,43.35927963256836,2006946.0
2022-04-25,43.32176962794668,43.415538259710324,41.9714784374685,43.17173767089844,2501903.0
2022-04-26,43.24674864882534,43.940648634287776,41.76518363014507,41.95272445678711,3570652.0
2022-04-27,41.95272835509534,42.45908398392328,41.615155551180656,42.102760314941406,1649334.0
2022-04-28,42.55285487904099,43.41553772722673,42.102759013416616,42.27154541015625,1462759.0
2022-04-29,42.38407245591401,42.64662750788243,41.390108423821076,42.57161331176758,2476046.0
2022-05-05,42.77789791897537,43.00294762397788,42.215279022034665,42.815406799316406,2313744.0
2022-05-06,42.81541167637624,43.0029525224003,42.02774298471049,42.196529388427734,1970043.0
2022-05-09,42.290295511348965,42.90917776254282,42.0652493711206,42.68413162231445,1130339.0
2022-05-10,42.477832515808814,42.759141954249216,41.12754506506871,41.52137756347656,1667270.0
2022-05-11,41.315090084912406,41.52138178632595,39.25214803146938,39.85227584838867,3508315.0
2022-05-12,39.73975481875722,40.00230985788818,37.976876583199314,38.464481353759766,3347792.0
2022-05-13,38.67077739803532,39.75851003759171,38.65202295529625,39.15837860107422,3203302.0
2022-05-16,39.15837641396398,39.47719476863275,38.70828054449819,39.139625549316406,1566580.0
2022-05-17,39.28965609104321,40.88374422994233,39.27090165002696,40.77122116088867,3337252.0
2022-05-18,40.77122078588541,41.07128468529785,39.814765765116846,40.17109298706055,2520163.0
2022-05-20,40.17109810514817,40.17109810514817,39.02710210723253,39.19588851928711,1383379.0
2022-05-23,39.36466611576684,39.55220692905554,38.35195144727745,39.008338928222656,1641838.0
2022-05-24,39.120872528631295,39.15837783633277,38.389463584268555,38.464481353759766,2299921.0
2022-05-25,38.539488683522656,39.13962000145519,38.48322894346649,39.008338928222656,1330537.0
2022-05-26,39.12087228826654,40.75246941719005,38.98959476950765,40.583683013916016,3237455.0
2022-05-27,40.583684794606896,41.35259907568444,40.30237530248852,40.86499786376953,1885903.0
2022-05-30,41.25882591251823,41.59639869685677,40.97751645125075,41.4276123046875,3050618.0
2022-05-31,41.44637341616035,42.196533292620266,41.07129168940817,41.54014205932617,2554829.0
2022-06-01,41.78394151828196,43.28426110112847,41.44636871788048,43.115474700927734,4357705.0
2022-06-02,43.32177005408739,43.99691207892359,42.946688369255234,43.921897888183594,3120528.0
2022-06-03,43.9031457144453,44.46576469371657,43.37803204395968,43.64059066772461,2608569.0
2022-06-06,43.696845491644694,44.22195910291221,43.6030768646887,44.10943603515625,2034372.0
2022-06-07,44.24071220608372,44.278221086549564,43.2279938957684,43.621829986572266,2678345.0
2022-06-08,43.65934381100631,44.33448585062564,41.483878576250866,41.69017028808594,2523699.0
2022-06-09,41.63390440852233,42.02773690889807,39.946040615358875,41.821441650390625,3283542.0
2022-06-10,41.2588217673309,42.30904531983623,40.546170965248876,41.48387145996094,1893374.0
2022-06-13,41.42760814254255,41.76518089296586,40.47115320869102,41.48387145996094,1932844.0
2022-06-14,41.48387511001744,44.747072689490345,41.48387511001744,43.45304489135742,10065492.0
2022-06-15,43.50930682349596,44.353235169800136,42.852915725008025,43.471797943115234,5515062.0
2022-06-16,43.64058876712311,44.55953496766854,43.19049288789948,43.86563491821289,3760356.0
2022-06-17,44.03441888532594,45.06589168142872,43.640586354172356,43.84687805175781,2489715.0
2022-06-20,44.42825740781717,45.29094028124853,44.05317572029844,45.17841720581055,3240550.0
2022-06-21,45.365953964149604,45.47847702945435,44.803331483538344,45.384708404541016,2556945.0
2022-06-22,45.14090777583199,47.40076615204942,44.85959830211642,47.3538818359375,5940606.0
2022-06-23,47.30699806803141,47.775848388671875,45.94733142276526,47.775848388671875,3508982.0
2022-06-24,47.77584826047262,48.85420184882564,47.16634141445791,48.104042053222656,3402572.0
2022-06-27,47.635189056396484,47.635189056396484,47.635189056396484,47.635189056396484,13966.0
2022-06-28,46.88503153368221,47.96338868977451,46.05985397711707,46.69749069213867,2582834.0
2022-06-29,46.73500160569365,47.40076822389755,45.947332898635274,45.966087341308594,2955341.0
2022-06-30,45.66601942395573,46.641228895524065,45.00962829589844,45.00962829589844,2638016.0
2022-07-01,45.290939503921386,45.928576215533035,45.21592531393155,45.59100341796875,1443675.0
2022-07-04,45.83480958063303,46.77251024714409,45.49723676836198,45.5159912109375,1491294.0
2022-07-05,45.647271664916424,46.828773006736455,45.159666857755084,45.77854919433594,2223404.0
2022-07-06,45.94732851640305,47.11945424386231,45.94732851640305,46.678733825683594,1902738.0
2022-07-07,47.16634171491771,47.26011392561797,45.75979074781056,46.13487243652344,1939645.0
2022-07-08,46.15362388116699,47.260110856259494,46.05985167655687,46.828765869140625,748487.0
2022-07-13,46.828773067027946,47.30700244143692,45.49723975029351,46.73500442504883,1533844.0
2022-07-14,46.56620953285027,47.260109519157695,45.384708404541016,45.384708404541016,1369095.0
2022-07-18,45.75979256019623,46.67873879919053,45.68477836570906,46.20988845825195,1482246.0
2022-07-19,46.22864135081614,47.3538828467416,46.22864135081614,47.213226318359375,1949684.0
2022-07-20,47.447650890678524,48.47912373954618,47.26011362456082,48.104042053222656,1539700.0
2022-07-21,48.19781201630707,48.66666231383129,47.77584603312649,48.38534927368164,1398672.0
2022-07-22,48.7604315236147,50.82337357271488,48.52600637205886,50.7764892578125,4033758.0
2022-07-25,51.385993078824576,51.47976528671927,49.698132684203806,49.88567352294922,2010691.0
2022-07-26,50.07321862701518,51.19845660124936,49.97944641113281,49.97944641113281,1595394.0
2022-07-27,50.16698220508008,51.901726887896125,50.16698220508008,51.43287658691406,3386087.0
2022-07-28,51.94860992635632,52.183035054946295,50.21386182856433,51.57352828979492,2589047.0
2022-07-29,51.57353477106692,53.026970035569995,50.776490664513496,52.69877624511719,3839637.0
2022-08-01,52.745659751414934,54.5272923560581,52.651891120452234,54.24597930908203,2147040.0
2022-08-02,54.245979442113,54.667945436567926,52.605003356933594,52.605003356933594,2045482.0
2022-08-03,52.8863131568193,53.495816376229584,52.46434718827755,53.0269660949707,1524319.0
2022-08-04,53.54270384572983,54.7148296179835,53.54270384572983,54.24597930908203,1561247.0
2022-08-05,54.24597830577364,55.511876262620525,53.5427028554289,54.386634826660156,2103875.0
2022-08-08,54.85548752398822,56.82465744018555,54.62106236362929,56.82465744018555,2348786.0
2022-08-09,56.730893793112905,57.621710196182235,56.1682747896188,56.355812072753906,1948833.0
2022-08-10,59.9659519993574,61.98200607299805,59.075135744937675,61.98200607299805,5984240.0
2022-08-11,62.59151381675523,65.31084693399359,62.12266352599302,63.48232650756836,9350227.0
2022-08-12,63.48232192445142,66.38919924058479,62.63839718527688,64.6075668334961,4529211.0
2022-08-15,64.37316113240018,64.88889227819669,62.685296836491354,64.70135498046875,3284123.0
2022-08-16,65.07642112292099,67.8426349484863,64.04495192461295,66.99870300292969,4421956.0
2022-08-17,67.13936048738346,69.95246224373267,66.9518232319286,69.81180572509766,3312362.0
2022-08-18,70.14000128581067,70.79638878376032,66.95181810843978,70.18688201904297,5124312.0
2022-08-19,70.18689179837206,70.93705517548297,68.78034083185523,69.57738494873047,1784289.0
2022-08-22,69.24919078411332,74.45343219406091,66.10789507315683,74.172119140625,3642734.0
2022-08-23,74.17210644152405,75.859970164982,73.32817457979507,75.53177642822266,2692985.0
2022-08-24,75.53178731260272,76.32883140361409,74.17211712997114,74.45343017578125,1773454.0
2022-08-25,75.01604974402773,77.73538297806634,73.98458049086494,76.61013793945312,2230514.0
2022-08-26,76.89144570820193,77.92291489054324,76.0006330402907,76.65702056884766,1744617.0
2022-08-29,75.9537408410049,77.54782883652696,74.17210845218861,76.89144134521484,2632234.0
2022-08-31,76.89144142666778,78.5793051976685,74.78161528996044,76.56324768066406,1982387.0
2022-09-01,75.90686147766066,77.73538195864492,75.1098173904004,76.75079345703125,2365469.0
2022-09-02,80.64224441304849,82.28322031680239,79.79831251744334,80.36093139648438,3193335.0
2022-09-05,80.64225329040653,86.17468837719387,80.64225329040653,83.50224304199219,3407597.0
2022-09-06,84.62748793230779,87.20616484991274,81.48619202713402,86.1278076171875,2740074.0
2022-09-07,86.12780355422875,86.7373104095459,83.40847022949019,84.39305877685547,2547295.0
2022-09-08,85.47141121079345,90.11302632404455,84.72124786836862,88.23762512207031,3607360.0
2022-09-09,88.33138495862094,90.48809898784165,87.86253470479792,89.03466033935547,1798382.0
2022-09-12,89.31599114598968,90.39434837542039,87.20616458348599,87.76878356933594,2235972.0
2022-09-13,88.94089392818196,90.01925096957243,84.48681640625,84.48681640625,3335097.0
2022-09-14,83.92420918454405,87.20616149902344,81.20487583601492,87.20616149902344,2761135.0
2022-09-15,88.05008383327583,89.69105980989248,85.19009426953755,85.84648895263672,2114426.0
2022-09-16,85.7996039390564,90.01925659179688,85.19009712506522,90.01925659179688,3220148.0
2022-09-19,90.01925457663332,90.95695514513991,85.70583339232049,87.34680938720703,1206702.0
2022-09-20,88.14386722589647,90.06615655362864,83.92421400763547,84.67437744140625,2683759.0
2022-09-21,86.40910656823377,93.11366688925773,85.98713703094316,91.8946533203125,5290079.0
2022-09-22,91.70711736639038,93.77005573083372,90.62876029466828,90.76941680908203,2569752.0
2022-09-23,91.14449603273407,98.92741392341514,91.05072740296072,96.30184936523438,3276225.0
2022-09-26,96.48939836011884,101.55298330326131,92.5510513358577,94.42645263671875,3796245.0
2022-09-27,95.64546181106877,99.9588831678092,93.86382922886855,97.61463165283203,2738535.0
2022-09-28,97.52086439185163,100.99035382108039,94.23891222481816,96.48939514160156,3770602.0
2022-09-29,96.58315283020411,97.52085334311872,88.1907361012533,92.64481353759766,2840009.0
2022-09-30,92.73859464128957,97.9897167896291,91.00384988970706,94.89530181884766,2863987.0
2022-10-03,96.58315992024629,103.99099594688855,95.2703776749788,103.80345153808594,2053824.0
2022-10-04,103.8034665030181,107.46050072988056,100.05266363527994,106.42903137207031,2438428.0
2022-10-05,108.77327581828243,109.14835751054244,99.86511960902655,101.83428955078125,4688185.0
2022-10-06,102.58444440095603,104.83492721320255,98.08347877646297,102.95952606201172,3279454.0
2022-10-07,103.70968742323328,104.27230636594578,101.64674891525806,101.92805480957031,1326014.0
2022-10-10,102.11560055408054,103.70968877150452,101.4592058173092,103.42838287353516,1579634.0
2022-10-11,104.08476378538897,104.55361407271054,100.3339614868164,100.3339614868164,1788556.0
2022-10-12,100.70904190654197,102.02182412568364,98.17724609375,98.17724609375,2030247.0
2022-10-13,101.0841333203495,101.83428955078125,98.92741895542066,101.83428955078125,1647522.0
2022-10-14,102.86575022962454,104.55361412648536,101.45919936693639,101.64674377441406,1748767.0
2022-10-17,102.11559059362571,111.58636464990064,102.11559059362571,110.2735824584961,3676186.0
2022-10-18,111.11752902681745,114.68079442264609,106.42902569235258,107.46049499511719,3168862.0
2022-10-19,108.77327883863202,114.3994829164923,108.58574156433873,111.77391815185547,3962553.0
2022-10-20,112.992925579265,114.49324515198951,109.8985106478242,110.64867401123047,2278164.0
2022-10-21,111.11752293841738,117.30634556999266,111.11752293841738,115.7122573852539,3446465.0
2022-10-24,116.64995537274964,123.40140394479967,113.6493091782537,121.90107727050781,3676836.0
2022-10-25,121.90108325841338,122.2761577913226,117.58766174316406,117.58766174316406,3338334.0
2022-10-26,119.18174565421187,120.2132148905346,115.71225627182965,117.49388885498047,2694248.0
2022-10-27,118.33780560711703,120.68205696347107,114.02438454224307,115.52470397949219,2274048.0
2022-10-28,114.8683323579676,115.43095133053589,111.21129830514116,111.58638000488281,1360274.0
2022-10-31,112.52407609923812,115.05586494983574,111.39883819988097,113.46177673339844,2312799.0
2022-11-01,114.86832314250749,118.15027523229342,112.24275860904363,114.0243911743164,2352311.0
2022-11-02,114.58700595544059,118.33780820804536,114.11815567386499,116.55618286132812,2746191.0
2022-11-03,116.27489294227115,124.99551277457707,113.46179069366781,123.49518585205078,5390079.0
2022-11-04,124.43286373576508,129.49645543767073,123.40140168572573,128.7462921142578,4456727.0
2022-11-07,130.34038859123945,131.46562649442066,127.24597362635895,129.59022521972656,2884977.0
2022-11-08,130.15287346002793,133.52858774366695,128.46500916411912,129.4027099609375,2463006.0
2022-11-09,129.40268718351552,132.12201329236242,123.58894612821021,124.15155792236328,3481521.0
2022-11-10,124.71418236336947,131.18431091308594,124.62040657817175,131.18431091308594,2940243.0
2022-11-11,132.497085070333,137.93575089594836,130.43414680769936,134.46624755859375,3403479.0
2022-11-14,133.62231457962199,136.24787871018958,131.46560067564954,132.96592712402344,2630708.0
2022-11-15,133.9036766473015,134.18498974798274,127.15223377184483,129.4027099609375,3550398.0
2022-11-16,130.62168290170533,130.71544436708086,122.55745285435378,123.7764663696289,4112240.0
2022-11-17,124.15155106427349,124.43286409989845,117.02503524143451,118.90043640136719,2558684.0
2022-11-18,118.90043974847738,125.55810546875,117.49388883893272,125.55810546875,3663651.0
2022-11-21,126.4958013401946,129.49645461477843,117.21257140795468,119.3692855834961,6697506.0
2022-11-22,119.36929072803535,121.99485530236431,117.86896402608285,120.96337890625,4473207.0
2022-11-23,121.15090961334492,122.27614742485214,115.33716899707842,115.89978790283203,6388378.0
2022-11-24,116.83749300736002,117.68142497585303,114.77455455467741,116.64995574951172,5555058.0
2022-11-25,116.64995348868675,118.15027298465853,116.18110319906508,116.27487182617188,3325901.0
2022-11-28,116.27487278735545,119.55682484183725,113.93062131986844,119.08797454833984,5629881.0
2022-11-29,120.02568074017204,123.2138571615624,119.74436768930204,121.99485778808594,5853456.0
2022-11-30,123.40139606959549,125.93318465123625,121.33844344705336,125.83940887451172,5469770.0
2022-12-01,127.52727716367498,128.6525149828959,123.21384883045708,123.9640121459961,4380826.0
2022-12-02,123.68270848257154,123.68270848257154,117.49389285399315,118.24404907226562,5548316.0
2022-12-05,118.33782137323716,124.90172604553595,114.30571279556376,124.2453384399414,6446404.0
2022-12-06,124.24534312821704,127.80860866069948,122.36994172250812,126.49581909179688,3740272.0
2022-12-07,126.589593107993,126.6833689002327,116.36865415956697,118.71290588378906,5255775.0
2022-12-08,118.71289600740916,121.24469195138806,116.36864447821826,120.96337890625,2805044.0
2022-12-09,121.80730508820038,123.58894485510594,120.21321689225667,122.46370697021484,1928581.0
2022-12-12,122.83878953381162,126.40205499261101,122.46371498369672,125.9332046508789,2839467.0
2022-12-13,128.46497865874193,138.31083468733163,126.40204025724388,135.96658325195312,9091961.0
2022-12-14,135.4977221755828,136.81049715159216,128.74628144092563,129.49644470214844,4046842.0
2022-12-15,130.34037342418324,131.93446146054194,125.74564655911854,128.93382263183594,3873294.0
2022-12-16,129.4026871269878,132.4033262856885,126.58958523292283,126.7771224975586,1264436.0
2022-12-19,129.12137043594052,131.8407107751159,127.6210580529729,131.4656219482422,2603765.0
2022-12-20,133.15348364537667,136.90428600158447,130.90300795492217,132.4033203125,3679633.0
2022-12-21,133.9974211783042,142.4367272812725,132.77842174330578,138.5921630859375,4149960.0
2022-12-22,138.59216093098465,142.53050085616437,135.1226713375686,136.904296875,3319590.0
2022-12-23,137.37314924342272,138.1233126470017,134.93512175883527,136.62298583984375,1810758.0
2022-12-26,136.99806230362807,137.74821133117584,132.77840963688192,133.7161102294922,2314755.0
2022-12-27,135.3101997063626,137.46691395221723,134.5600363632598,135.40396118164062,2359998.0
2022-12-28,135.87280292357494,137.46690529281756,131.84070203621943,135.21641540527344,2755277.0
2022-12-29,135.31018960172696,137.46690368652344,133.5285500063844,137.46690368652344,2003532.0
2022-12-30,137.93574919188302,141.6865511896699,136.24788543124407,137.3731231689453,3018940.0
2023-01-02,139.15476587416305,141.4052559404287,138.02952799511817,139.71739196777344,2044372.0
2023-01-03,139.90492515544477,140.7488642712842,136.99806191157697,137.65444946289062,3046402.0
2023-01-04,137.84198495381085,138.3108352427694,130.9967678733811,131.37185668945312,4296689.0
2023-01-05,130.7154654324459,132.68464252893747,124.24533664370472,128.65252685546875,2222337.0
2023-01-06,124.33910944094133,128.4649864956328,120.77584418015716,126.7771224975586,3172712.0
2023-01-09,126.87088775634766,132.12200227129776,123.68269728938782,126.87088775634766,3453394.0
2023-01-10,127.43350973949373,127.99613584008323,121.71354448832241,122.6512451171875,2172833.0
2023-01-11,122.65123290096763,124.90170846282314,117.4001041790719,118.6191177368164,2862492.0
2023-01-12,120.02567423569172,122.08861264998261,114.0243890930896,118.90043640136719,2694625.0
2023-01-13,118.90044264854623,123.21385695811841,117.49389170469476,120.02568054199219,2169669.0
2023-01-16,120.11945623557055,125.27680969238281,120.02568044944898,125.27680969238281,1423819.0
2023-01-17,125.27679437055376,129.68398392390569,124.71416833898783,129.2151336669922,2045826.0
2023-01-18,130.34039223030823,137.18560993569355,129.30891577715744,136.904296875,3716536.0
2023-01-19,136.9042834049197,138.1232970092013,134.372494724135,137.27935791015625,2252312.0
2023-01-20,137.84198849806555,138.9672263588636,136.62297485379446,138.02952575683594,1650473.0
2023-01-23,139.71737066150394,144.59341026590826,138.1232827169336,141.2176971435547,3655959.0
2023-01-24,141.4052343767676,141.5927716099805,135.6852557606446,141.2176971435547,2698242.0
2023-01-25,143.46819420066274,145.24981964720453,131.0905489351819,137.7482147216797,3952752.0
2023-01-26,137.56068886241692,138.96723990254014,133.15349846499953,135.68528747558594,2127347.0
2023-01-27,134.09120620999346,135.40398152654046,129.5902397832672,132.8721923828125,2113920.0
2023-01-30,132.8721644285827,133.24725323166746,129.68398829732376,130.62168884277344,958283.0
2023-01-31,129.4026709081227,129.68398392390569,125.37055583703184,129.2151336669922,2295218.0
2023-02-01,129.2151478389326,129.30890931569417,120.40075345731735,121.80730438232422,1371847.0
2023-02-02,121.90108180046082,123.77648305892944,109.71097362041473,120.02568054199219,2703578.0
2023-02-03,120.9633705500189,127.7148116260594,119.36928248192494,126.683349609375,2104614.0
2023-02-06,122.83878771006631,131.0905564636756,122.36993737529507,130.34039306640625,765759.0
2023-02-07,131.27808338385546,131.55939642417027,117.30634307861328,117.30634307861328,2091254.0
2023-02-08,111.86767578125,111.86767578125,111.86767578125,111.86767578125,33.0
2023-02-15,124.90171208867301,129.02760314941406,121.90107314970003,129.02760314941406,1772527.0
2023-02-16,133.99741290920977,139.71739241595202,122.36993094148818,123.1200942993164,3114852.0
2023-02-17,123.12010514642714,130.34039769677108,117.11881921734081,126.49581909179688,2090009.0
2023-02-20,126.49581647605127,128.46499363459688,122.46371498369672,125.9332046508789,1023629.0
2023-02-21,125.93319212481066,129.96530752428384,124.80795427821187,129.12136840820312,1738345.0
2023-02-22,129.02760077714396,132.12200113058802,127.43349840333967,130.62168884277344,1482222.0
2023-02-23,130.62169535818578,134.37249772707452,129.7777562402805,131.09054565429688,1447409.0
2023-02-24,131.65315967837168,132.96594911486048,129.30890815768717,130.15284729003906,895497.0
2023-02-27,131.93447227016665,134.27872378281415,127.62105807180068,134.0911865234375,1570501.0
2023-02-28,135.02888089766418,137.84198258303218,134.09118033587484,135.5915069580078,1847357.0
2023-03-01,134.9351025705359,135.3101913730747,131.18430039419658,134.56002807617188,2462376.0
2023-03-02,135.6852660554823,137.8419801715013,132.68462717188729,137.1855926513672,1885085.0
2023-03-03,136.4354449053544,138.77969653603057,130.24661487709864,133.90365600585938,1480504.0
2023-03-06,135.31019571168218,135.96658325195312,132.68463124242322,135.96658325195312,1378988.0
2023-03-07,137.2793621852356,141.1239403704244,136.5292131514018,138.6859130859375,1570523.0
2023-03-08,138.6858936179865,140.56129455566406,136.1541052137565,140.56129455566406,962668.0
2023-03-09,142.62426284109364,146.18751357106711,140.65508591501336,142.53048706054688,1901983.0
2023-03-10,142.8118157500952,153.68913500173628,141.3114889459214,152.75143432617188,3238901.0
2023-03-13,154.72060057494016,162.2222054513009,154.72060057494016,156.1271514892578,3687184.0
2023-03-14,155.65830552644422,156.9710806931558,150.40717624324552,152.28257751464844,2821659.0
2023-03-15,151.06359802287167,154.90816255049344,146.93770609769018,150.40719604492188,2612586.0
2023-03-16,151.43865669130778,163.2536907384823,150.96980636099414,160.90943908691406,4130386.0
2023-03-17,163.25368557585924,169.16118810445508,160.72188242568828,166.72317504882812,5725395.0
2023-03-20,166.44185533872434,168.22348074302357,158.19008725466233,158.37762451171875,2563572.0
2023-03-21,158.19010718449928,166.4418763081738,153.68914090720614,156.5022430419922,3576873.0
2023-03-22,158.94025331789308,160.44058001643555,155.65830118448525,156.1271514892578,1535038.0
2023-03-23,157.72122648392374,161.94087887426272,157.15861475011664,158.4713897705078,2028116.0
2023-03-24,159.4091098818961,162.59728635626345,155.9396203519842,159.87796020507812,2034121.0
2023-03-27,161.3782988493324,162.31599956476566,157.1586456298828,157.1586456298828,934367.0
2023-03-28,155.6582968971946,161.00318736275236,154.72059631347656,154.72059631347656,2062573.0
2023-03-29,152.93898373921627,157.34617399024154,150.78226935436405,155.65830993652344,1930602.0
2023-03-30,155.75208958673818,162.03468131803012,155.75208958673818,157.72125244140625,1905128.0
2023-03-31,157.6274759344701,161.7533528342176,155.7520747421893,157.06484985351562,1781121.0
2023-04-03,158.47139872806446,158.94024902015934,150.5947195441409,157.34616088867188,2250939.0
2023-04-04,157.43992639306987,164.0976064345416,156.59600156896255,159.4091033935547,2641311.0
2023-04-05,159.40912214006696,166.81695209271675,159.22158485800827,164.09762573242188,2247504.0
2023-04-06,164.00383493925685,167.56710020522374,0.9377006327188526,163.44122314453125,1348042.0
2023-04-07,163.4412011636333,165.7854524301565,161.37826291072773,163.6287384033203,964786.0
2023-04-10,167.84840587721038,167.84840587721038,163.44121595882933,164.9415283203125,960494.0
2023-04-11,164.9415465647567,166.25433612296163,160.909445021881,164.66024780273438,1690403.0
2023-04-12,164.94153452897544,170.28643954821555,164.94153452897544,168.6923370361328,2353459.0
2023-04-13,169.63004241820892,173.4746208190918,167.84841690063476,168.78611755371094,2999958.0
2023-04-14,169.63004813521607,174.41232735035132,169.06743630931464,173.1933135986328,2134581.0
2023-04-17,173.1932833476704,173.94344662602126,168.4110192760106,168.5985565185547,1310127.0
2023-04-18,168.59857551756738,171.88052771053603,166.53563700076515,171.31790161132812,1479076.0
2023-04-19,170.38020098476565,173.5683916999837,169.53627614412986,171.31790161132812,1283958.0
2023-04-20,171.31790406589636,173.8496929322542,170.1926661595347,172.34938049316406,477642.0
2023-04-24,173.005768079527,175.8188699995193,170.9428295331679,172.34938049316406,1206092.0
2023-04-25,172.34937215092123,173.94346030012284,167.66086917787212,168.8798828125,1697071.0
2023-04-26,168.78608899238782,169.63001371408012,162.22218553157273,164.56643676757812,1937625.0
2023-04-27,161.56581281627177,166.9107032613194,161.56581281627177,165.22283935546875,1430084.0
2023-04-28,164.1913903079384,165.41038971211148,159.50288703596047,163.5349884033203,1356293.0
2023-05-02,163.628760468508,164.9415356315178,159.5028834063261,160.81565856933594,1345677.0
2023-05-03,161.28451294461425,164.09761491457846,156.22093512194928,160.25303649902344,1610784.0
2023-05-04,165.0353109042364,166.06678732065834,159.6904201740867,162.12843322753906,1398178.0
2023-05-05,162.12843373234577,164.47268531498915,160.06549520125483,160.81565856933594,1473779.0
2023-05-08,161.37825844862314,167.28576003038,159.69039472176098,166.81690979003906,1239507.0
2023-05-09,167.00448535353738,172.81822630834048,165.69169590685547,171.59921264648438,1575580.0
2023-05-10,171.88053491429878,173.19331012323613,165.78548058619015,167.84841918945312,1489299.0
2023-05-11,167.84841735947637,183.2267023886941,167.66088008998375,181.6326141357422,2617459.0
2023-05-12,181.44506217754392,186.60241536605292,177.03787231445312,177.03787231445312,1465701.0
2023-05-15,165.97299158531848,174.03722175849637,159.50286373831312,160.0654754638672,1641288.0
2023-05-16,157.06485622371352,164.37892403188587,155.65830527245637,162.7848358154297,2236635.0
2023-05-17,163.0661206423661,168.03593644096412,163.0661206423661,167.75462341308594,949617.0
2023-05-18,168.69232195896518,169.44248525498472,160.5343300966677,161.47203063964844,1405302.0
2023-05-22,161.47205757412164,162.22222099527278,155.189465749813,156.78355407714844,1397707.0
2023-05-23,157.53372019278513,159.97174777618253,155.65831876191865,157.1586456298828,908249.0
2023-05-24,157.6274894951702,158.3776385900774,152.56389725548564,156.68978881835938,1003747.0
2023-05-25,156.4084827923719,158.37764571738475,151.9075164794922,151.9075164794922,771976.0
2023-05-26,153.4078398530482,158.3776421038648,151.4386626647863,157.43994140625,1385072.0
2023-05-29,158.00255661312667,165.12908714506042,156.40846839913985,163.44122314453125,1752555.0
2023-05-30,165.9228821545425,168.49311317931065,164.2093899628875,165.8276824951172,1821628.0
2023-05-31,165.82768895760097,166.58924268639606,162.21031963989626,164.2093963623047,1815438.0
2023-06-01,164.68535020648588,170.68256528672094,163.92379654900037,168.20751953125,1965363.0
2023-06-02,169.82582632799046,172.68164189085192,167.5411796878729,168.58831787109375,1585797.0
2023-06-05,170.49216257450158,173.06239318847656,169.159440182696,173.06239318847656,2516771.0
2023-06-06,174.01436700856345,174.20475181037418,170.68258213787323,171.72970581054688,1381893.0
2023-06-07,173.44318684659333,177.441325527441,172.68163316323464,174.77590942382812,2296500.0
2023-06-08,175.15668424705373,177.25094604492188,172.49125353820847,177.25094604492188,1770524.0
2023-06-09,179.05963198494317,182.8673858642578,176.39420136433722,182.8673858642578,1968956.0
2023-06-12,184.0097046597279,186.29435112173022,180.67792009614152,183.9145050048828,1929664.0
2023-06-13,183.7241174076128,188.95977878451367,181.05868689246861,184.77125549316406,2645000.0
2023-06-14,186.1039770758857,188.10305373955777,180.67793052146993,185.15203857421875,1881560.0
2023-06-15,185.15205218444515,189.43577575683594,183.62894465964538,189.43577575683594,1285692.0
2023-06-16,190.0069220249294,197.62242968884757,187.05590699498987,191.43482971191406,3325899.0
2023-06-19,191.53003197410115,194.766631736025,188.57903120563378,190.95887756347656,2235367.0
2023-06-20,190.8636836142995,191.1492680908782,185.05685251710898,189.43577575683594,1703308.0
2023-06-21,189.5309577369467,190.95886546115645,186.10397338867188,186.10397338867188,1611873.0
2023-06-22,187.0559033428582,196.57528773689677,186.38954934036107,196.38490295410156,1567784.0
2023-06-23,196.95606014553786,202.38212094880706,193.52909042947255,195.5281524658203,1749929.0
2023-06-26,196.2897065802762,204.85715267808538,196.00412213859693,203.4292449951172,1654138.0
2023-06-27,205.04755742731538,205.52352670131143,202.28694144831024,202.38214111328125,527876.0
2023-07-03,204.66678576750087,217.51795603662302,203.33407762383771,210.66400146484375,2160523.0
2023-07-04,210.85438758002385,215.13811102973088,209.42647976345484,214.18617248535156,1329206.0
2023-07-05,220.84972240590488,225.13344546981253,214.09095353934603,223.13436889648438,2130418.0
2023-07-06,225.1334434938693,228.27484328491585,222.18242848779536,223.8007354736328,1578692.0
2023-07-07,223.80074669009244,233.22493201012603,223.7055470301209,228.75082397460938,1349162.0
2023-07-10,233.22491891922488,239.12693437046255,232.2729804746566,236.0807342529297,1455635.0
2023-07-11,237.98463164491628,240.36447796136545,229.7979545061595,230.94029235839844,2029101.0
2023-07-12,231.03546237405516,234.17686221124282,228.0844618500647,230.7498779296875,1623928.0
2023-07-13,230.65469517500796,235.89035678245563,229.89314149065714,234.17686462402344,1625583.0
2023-07-14,234.1768738670271,234.65284312285436,230.36911982040877,231.79702758789062,1096097.0
2023-07-17,234.6528536366581,246.64728523109724,234.6528536366581,244.83860778808594,1917703.0
2023-07-18,244.93375990917403,249.59828171377194,238.365390190571,241.60198974609375,2028102.0
2023-07-19,241.60198825664818,249.88385009765625,235.03360405310988,249.88385009765625,2371943.0
2023-07-20,252.2637176513672,256.2618712118458,246.64728597420674,252.2637176513672,1588775.0
2023-07-21,252.73965503500517,267.58990046305235,250.0742390316261,264.6388854980469,2083904.0
2023-07-24,264.73406982421875,275.5861615680219,261.4022854874724,264.73406982421875,1814658.0
2023-07-25,265.114836196735,268.8273900316891,252.26366819437976,253.406005859375,1473682.0
2023-07-26,254.16760262534467,260.9263724004603,253.12046436989968,258.070556640625,1585051.0
2023-07-27,261.8783438121544,265.4956992743517,258.9273280135914,261.21197509765625,1058777.0
2023-07-28,262.25908316034713,274.3487149481556,262.25908316034713,272.73040771484375,1655956.0
2023-07-31,277.49002370026153,283.7728224998719,275.6813466801387,280.8218078613281,1705609.0
2023-08-01,280.8218499052574,287.770989146977,276.06215753398186,281.8689880371094,1411739.0
2023-08-02,284.2488652868972,289.7700974206223,282.4401877983225,285.5815734863281,1635722.0
2023-08-03,295.1009296266983,307.2857305844901,293.19705266136475,296.90960693359375,4301735.0
2023-08-04,297.2903611694809,300.05100586738746,292.43549839918836,297.0047912597656,1842314.0
2023-08-07,298.90871512171736,320.51773258047854,297.67120658391417,316.0436096191406,2602281.0
2023-08-08,316.0435980140993,321.27926002939313,310.2367670596925,315.1868591308594,2089238.0
2023-08-09,316.6147443340957,327.4668371985266,310.3319445544177,316.9955139160156,2924847.0
2023-08-10,319.85136346035574,332.0361656861205,304.33477619854557,304.525146484375,3851708.0
2023-08-11,304.6203113578216,325.5629577636719,304.6203113578216,325.5629577636719,2711700.0
2023-08-14,329.3706837222478,340.1275759344535,327.56200658712305,336.8909912109375,2925665.0
2023-08-15,337.9381655524759,339.270873634624,317.4714879204245,323.6590881347656,2733291.0
2023-08-16,328.89475635641253,336.70066378608306,321.6600178449132,329.94189453125,1961693.0
2023-08-17,329.9418363958614,333.93996001687856,325.5629141959211,333.27362060546875,1270019.0
2023-08-18,336.0342436377682,338.0333200191551,314.1396611911147,318.89935302734375,1761982.0
2023-08-21,318.4234315343037,334.8919561338214,311.2838927106646,334.03521728515625,2557915.0
2023-08-22,334.2256086154102,336.79582509994617,322.89754642961935,332.2265319824219,1901652.0
2023-08-23,332.7024925832498,333.2736614708172,324.9917852282307,326.514892578125,1232622.0
2023-08-24,326.61005510514764,329.1802712307315,301.57405896155535,303.6683349609375,3073126.0
2023-08-25,304.2395649035559,325.56298250919076,302.9068567502398,322.99273681640625,3029376.0
2023-08-28,324.1350593029206,328.79955214351065,319.94653571240826,323.0879211425781,1931401.0
2023-08-29,323.1830956272825,327.8475881045155,316.9954958582771,321.75518798828125,1674578.0
2023-08-31,322.0407411442529,330.2274169921875,318.6137862295929,330.2274169921875,1914177.0
2023-09-01,330.322657522423,339.6516431462292,326.3245042260162,335.367919921875,1864901.0
2023-09-04,342.6978214200819,360.403881336957,342.0314529247567,353.0739440917969,2318685.0
2023-09-05,353.0739286520171,360.4038655766421,348.9806053621739,353.3595275878906,1601105.0
2023-09-06,356.02499966736605,358.9760148330692,342.7930603027344,342.7930603027344,1686047.0
2023-09-07,347.7430928527273,361.3558296754245,347.7430928527273,354.6922607421875,2219515.0
2023-09-08,356.9769444125938,360.7846984863281,352.4076511444558,360.7846984863281,1279587.0
2023-09-11,365.06838949978004,372.30312740955566,352.978759765625,352.978759765625,1857930.0
2023-09-12,357.9288837915859,372.3983609269082,357.5481141934686,368.40020751953125,2539684.0
2023-09-13,370.97044203556976,381.06096681233686,365.1636114229018,371.2560119628906,2456129.0
2023-09-14,371.2559938068631,376.01568603515625,353.54993290744153,376.01568603515625,2329045.0
2023-09-15,376.015673665146,387.4389346372517,363.0693054199219,363.0693054199219,2935864.0
2023-09-18,363.0693315417263,363.0693315417263,347.0767766505015,348.5998840332031,1438432.0
2023-09-19,348.88548691505764,360.87991874195467,348.1239476771968,355.6442565917969,1748175.0
2023-09-20,357.9289015499666,363.1645636737028,353.07400904323924,356.0250244140625,1149713.0
2023-09-21,356.02501926557954,362.5933894792914,350.8845568831468,361.0702819824219,1731045.0
2023-09-22,361.73665185414615,364.3068975797693,353.6451741153034,357.1673583984375,1305138.0
2023-09-25,358.4048130147898,361.0702289547172,352.31241297291655,355.0730285644531,2063944.0
2023-09-26,357.9288635253906,359.26157156877133,351.9316628047493,357.9288635253906,1601386.0
2023-09-27,358.4999998559259,360.30867696845013,348.79021675585335,350.3133239746094,1473551.0
2023-09-28,351.1701154512777,352.88362222381113,344.7921447753906,344.7921447753906,1172498.0
2023-09-29,348.2190585060754,351.0748737340121,343.6497657617185,347.6479187011719,1404324.0
2023-10-02,350.5989375577169,364.59244511321464,350.12296830822186,362.6885681152344,1802210.0
2023-10-03,368.87616462108355,370.87524125887893,362.02219587745856,363.6405029296875,1558448.0
2023-10-04,365.5443305789863,378.8714676313452,363.35488396929725,372.874267578125,2012262.0
2023-10-05,376.015716957354,396.9583644840927,369.6377172265948,395.3400573730469,3680690.0
2023-10-06,393.91215168118373,405.5258133553662,386.29664344915807,398.86224365234375,2572146.0
2023-10-09,395.0545016717733,404.95465686735196,383.53603930683414,384.1072082519531,2486279.0
2023-10-10,390.29480114981385,395.6256627805684,384.9639395190593,386.20147705078125,2559398.0
2023-10-11,390.19957297259833,390.19957297259833,365.7347717285156,365.7347717285156,2228468.0
2023-10-12,370.4944555307606,373.15987156445,346.4103953691741,359.642333984375,3341339.0
2023-10-13,359.6423412898797,359.92794026055526,351.8364632893088,357.73846435546875,1716109.0
2023-10-16,359.45201041685704,361.92705651298604,346.88640965242354,348.02874755859375,1566709.0
2023-10-17,348.40948015897084,353.8355410604778,345.93443432581233,353.4547424316406,1236824.0
2023-10-18,353.1691875286256,360.1183270375519,346.8863875467858,353.7403564453125,1348258.0
2023-10-19,353.74035216604835,356.02499875430016,346.12484417130395,350.979736328125,1302033.0
2023-10-20,347.45753753442557,350.40855256749194,330.1322459603117,330.7986145019531,1355956.0
2023-10-23,335.36792857699197,345.4584826871686,331.4650038903181,344.9825134277344,1120472.0
2023-10-24,345.36328578345075,355.83460957463524,341.1747620771486,352.02685546875,1184358.0
2023-10-25,352.5979889203428,355.0730346503285,324.6110048679947,329.3706970214844,949174.0
2023-10-26,333.5592201681676,344.1257425547073,326.89565115604324,329.56109619140625,1871118.0
2023-10-27,330.7986169798761,337.74775616227623,318.9945858100461,334.1304016113281,1363203.0
2023-10-30,334.13041581377996,336.3198627585984,325.18219966198706,326.610107421875,1207940.0
2023-10-31,330.32268257544854,337.9381911074474,318.5186501610223,321.46966552734375,2051630.0
2023-11-01,324.7062237448537,334.511178541184,319.85133165069846,332.2265319824219,1818609.0
2023-11-02,342.6978721002599,349.17104250847694,339.84205649942436,343.8402099609375,2009985.0
2023-11-03,345.8392393382093,357.2625011370054,340.7939769974172,348.40948486328125,2235867.0
2023-11-06,354.3591065322689,356.50096815670844,349.3614294085768,350.7893371582031,785913.0
2023-11-07,353.88312866210936,358.8808056640625,346.0296362304687,351.0273132324219,1267632.0
2023-11-08,355.0730493863424,366.97228026390076,351.74126474062604,365.54437255859375,2083082.0
2023-11-09,362.21259412110703,364.35445571577844,347.9335168232973,350.07537841796875,1657127.0
2023-11-10,351.26530402196596,353.16918100853485,347.4575500488281,347.4575500488281,760061.0
2023-11-13,347.6955609454789,348.40951486939156,336.0343135215717,340.79400634765625,924095.0
2023-11-14,340.555985076518,341.5079235393454,329.6086927540024,338.41412353515625,1372222.0
2023-11-15,340.79396716031164,341.50792100212794,333.4164441282099,335.08233642578125,896650.0
2023-11-16,335.79628681987214,347.4575327831419,335.79628681987214,341.98388671875,1229651.0
2023-11-17,343.1738099647449,349.36140986702185,341.9838869066147,347.9335021972656,1309000.0
2023-11-20,351.26532020279654,352.2172587399315,344.12578117428444,345.3157043457031,1171497.0
2023-11-21,347.21956911191836,350.5513538737873,345.0777074792883,346.505615234375,1505640.0
2023-11-22,348.40947394642404,357.92885848047933,346.505597039613,351.2652893066406,1679655.0
2023-11-23,350.31339404524283,364.3544879641758,346.5056397621424,357.69091796875,2097212.0
2023-11-24,357.6908838063599,360.3087146259673,351.7412683072521,352.6932067871094,1302644.0
2023-11-27,357.69091796875,359.83277975299404,353.1692097575682,357.69091796875,1410266.0
2023-11-28,357.9288635253906,362.6885558595049,355.78700197503923,357.9288635253906,1498683.0
2023-11-29,359.8327063446566,361.4985985036596,346.26758447848897,348.6474304199219,1309235.0
2023-11-30,347.4575464223474,350.5513464932313,341.0319616597423,342.4598693847656,1624638.0
2023-12-01,347.4575363505971,348.40947480635214,331.7505518306385,335.08233642578125,1908262.0
2023-12-04,337.93817917563194,338.4141484420765,326.5149167809627,330.0846862792969,1698214.0
2023-12-05,330.32264290155473,335.558304388467,330.32264290155473,333.41644287109375,1198247.0
2023-12-06,333.6544298789484,341.745906780435,329.37070681345546,330.7986145019531,1893524.0
2023-12-07,330.7986242518384,333.65443971300533,322.4691624901015,332.2265319824219,1561017.0
2023-12-08,332.2265032599954,344.12573331945083,328.4187496409697,339.8420104980469,1943610.0
2023-12-11,339.84207173353735,340.7940103098218,322.9451620044889,326.2769470214844,2193382.0
2023-12-12,326.514901193786,330.08467052170636,320.3273010253906,320.3273010253906,1476481.0
2023-12-13,320.32728523732993,327.22883893115056,318.6613929664077,322.4691467285156,2104352.0
2023-12-14,324.6110313041753,338.8901089275261,323.42110816889607,330.3226623535156,2394089.0
2023-12-15,331.03658469404974,337.9381382211004,328.89472325462026,334.6063537597656,1773453.0
2023-12-18,334.60638751405656,335.55832602761006,314.13970947265625,314.13970947265625,1525157.0
2023-12-19,314.1396887593679,319.1373656259942,310.0939503435276,315.5675964355469,1554337.0
2023-12-20,315.0916491395653,320.80328024179306,312.4738182177109,315.80560302734375,1127265.0
2023-12-21,315.56764337696615,322.9451674679812,311.75988900741004,321.0412902832031,1469667.0
2023-12-22,321.27924556225804,327.7048304735032,318.6614146724915,322.7071533203125,1450344.0
2023-12-25,322.7071610708085,322.9451457028666,307.0001753549727,314.8536682128906,896710.0
2023-12-26,316.51951282429246,321.75517393867926,308.6660211527123,315.32958984375,1243894.0
2023-12-27,314.8536843077777,319.1374079038019,312.23585322131845,312.7118225097656,1109027.0
2023-12-28,313.18779179821274,317.4715153942369,312.23585322131845,312.7118225097656,1320975.0
2023-12-29,314.1396611911147,323.42106027176135,313.6636920074919,318.89935302734375,1620056.0
2024-01-02,323.65911489358047,326.0389613266215,319.3753913141066,324.6110534667969,1235959.0
2024-01-03,324.61101301326306,324.61101301326306,313.90170539918915,317.2334899902344,1064065.0
2024-01-04,317.23352689985796,328.18082040127837,316.7575576171875,327.2288818359375,1515457.0
2024-01-05,325.8009702642384,330.32267839792763,322.2312006850101,328.1808166503906,1284965.0
2024-01-08,331.5126116637537,342.22192072683265,331.5126116637537,337.2242431640625,1710496.0
2024-01-09,340.3179916360006,340.3179916360006,330.79860725457405,332.7024841308594,1323268.0
2024-01-10,334.1304193696721,347.45755860379006,331.98855770704597,347.2195739746094,1782991.0
2024-01-11,347.9335228239339,354.8350769702363,342.93584568350803,352.4552307128906,1664096.0
2024-01-12,351.2652775129949,358.4048156738281,345.0776777736061,358.4048156738281,2018481.0
2024-01-15,357.2148926470226,361.26063093816146,352.6931851451616,358.4048156738281,1764688.0
2024-01-16,358.40482400430216,359.8327316696579,348.64745495770427,352.21722412109375,1045573.0
2024-01-17,352.21722412109375,357.92885478251685,349.83737801216745,352.21722412109375,1275847.0
2024-01-18,353.645123566606,358.64280027918926,348.4094622486616,358.4048156738281,1515735.0
2024-01-19,359.1188026045477,359.83275648646526,349.12344825770145,355.7870178222656,1117169.0
2024-01-22,355.07303632315944,368.162189806922,352.2172210176112,365.0683898925781,2227205.0
2024-01-23,370.06611242294315,385.5351139068604,368.6382045936585,380.7754211425781,2837758.0
2024-01-24,381.72732663244796,383.3932189556569,376.2536804276186,377.443603515625,1905920.0
2024-01-25,379.3474779590092,383.86918566366495,373.8738317902155,374.11181640625,1136141.0
2024-01-26,375.3017126143999,390.2947423510563,375.06372801540533,389.3428039550781,1870366.0
2024-01-29,391.96068998104533,393.86456704227686,382.6792893075415,386.9630126953125,1785307.0
2024-01-30,390.29479009285114,392.6746363739051,381.9653281091622,388.86688232421875,1868729.0
2024-01-31,388.86688232421875,393.6265748863267,383.6312205059,388.86688232421875,1878024.0
2024-02-01,390.7707339356337,402.90794917967594,390.29476471037714,401.48004150390625,2068386.0
2024-02-02,403.6219116066133,406.4777270189242,395.53043460506564,401.2420654296875,1359706.0
2024-02-05,401.2420807929888,416.9490661621094,399.1002191517451,416.9490661621094,1757914.0
2024-02-06,419.8048669461212,422.89866698597353,412.6653283926157,420.7568054199219,1373413.0
2024-02-07,420.756805384395,422.1847130949755,407.90563598917026,408.8575744628906,1481330.0
2024-02-08,408.8575624863125,419.32888539050214,408.8575624863125,415.9971008300781,1430419.0
2024-02-09,417.9009863722136,422.1847094671452,414.80718635920744,421.708740234375,1239861.0
2024-02-12,423.61261591492564,426.4684313031162,417.42501590717956,420.0428466796875,1771901.0
2024-02-13,421.2327833208507,421.94673719088604,412.18936763373637,414.5692138671875,1220067.0
2024-02-14,414.5692182268415,433.13201904296875,408.61960258064687,433.13201904296875,2297288.0
2024-02-15,433.1320165428941,440.7475245260659,429.5622471757823,435.7498474121094,1714781.0
2024-02-16,435.74986113489206,439.557615246393,422.66070637660744,430.2762145996094,1382347.0
2024-02-19,431.228132321527,444.0793018277977,426.46843991179713,431.7041015625,1551999.0
2024-02-20,435.2738346894068,453.1226797422802,434.3218962865868,441.22344970703125,2203211.0
2024-02-21,443.60331053639123,445.0312181883324,433.3699723641461,443.3653259277344,1067873.0
2024-02-22,448.36304903431096,455.5025880316726,441.22351003694934,453.12274169921875,2077331.0
2024-02-23,453.12271484375,456.2165148925781,447.411083984375,452.1707763671875,1029446.0
2024-02-26,452.4087402888135,459.3102939281484,448.8389711650196,453.5986633300781,1060066.0
2024-02-27,453.5987026458091,455.26459504797106,444.079317490598,447.4111022949219,1023352.0
2024-02-28,447.4111189569101,461.2142279460063,444.5553033039937,452.884765625,1525077.0
2024-02-29,452.88474670812315,474.541347838149,452.88474670812315,469.5436706542969,2285696.0
2024-03-01,469.06769535727364,472.1614954788589,463.35606436357773,467.163818359375,867846.0
2024-03-04,469.78167376940763,477.87315143311577,451.2188720703125,451.2188720703125,1687973.0
2024-03-05,451.45684302381204,458.1204126625399,445.98319653485703,456.6925048828125,868523.0
2024-03-06,456.6924952975774,457.8824184223757,447.41109492415086,449.3149719238281,730780.0
2024-03-07,449.31494038152545,455.5025401961015,449.31494038152545,453.5986633300781,1121127.0
2024-03-08,456.6925178363169,465.97391866780015,454.7886407426793,463.11810302734375,1191219.0
2024-03-11,470.73357295306704,478.3490807055939,464.78395752140545,465.0219421386719,1232411.0
2024-03-12,466.4498630573124,485.0126637300014,458.8343550890298,477.39715576171875,1918529.0
2024-03-13,477.39714599609374,481.20489990234375,468.35373046875,475.96923828125,894261.0
2024-03-14,475.9692357591361,480.2529588809683,455.5025586214932,460.73822021484375,1215360.0
2024-03-15,465.0219470353847,469.54365481106146,456.4545007235762,459.7862854003906,1250713.0
2024-03-18,459.7862951320022,462.88009525452605,449.0769870155736,461.2142028808594,969698.0
2024-03-19,442.65138559492806,455.0265856223131,437.4157240448805,449.7909240722656,2389827.0
2024-03-20,450.74289229509003,455.9785541908092,438.84366071391025,442.1754455566406,1362834.0
2024-03-21,446.45916190126394,447.8870696685388,431.9420996006365,432.1800842285156,1606556.0
2024-03-22,432.4180390207391,437.17773124991623,415.9971008300781,415.9971008300781,1672022.0
2024-03-25,415.9971116885301,417.66300401222554,395.2924499511719,395.2924499511719,2625972.0
2024-03-26,401.0041128474174,402.1940360309409,391.00875810582005,396.9583740234375,2169902.0
2024-03-27,399.1001725138545,406.71567968168,389.3428039550781,389.3428039550781,1793221.0
2024-03-28,391.24673721677897,397.6723223170545,387.4389830832823,388.62890625,1904042.0
2024-03-29,392.19868870011294,398.3862893713526,388.39093444088854,395.05450439453125,1737633.0
2024-04-01,403.6219260992006,410.99944951257044,393.3885871709779,409.33355712890625,1864686.0
2024-04-02,410.76149679400964,412.4273893070792,397.1963720447289,397.4343566894531,1776448.0
2024-04-03,397.4343249974162,400.29014050637966,391.4847093537423,395.7684326171875,1565020.0
2024-04-04,397.4342986814153,412.6653137207031,397.4342986814153,412.6653137207031,1907732.0
2024-04-05,412.6652980322077,430.9901123046875,410.04746742185347,430.9901123046875,2168824.0
2024-04-08,430.9901489056708,438.3676721613725,423.8506102711208,433.3699951171875,2041637.0
2024-04-15,421.47077048933625,425.27852448585196,411.9513854980469,411.9513854980469,1887097.0
2024-04-16,409.33353242420014,410.04748625982376,399.3381787254697,399.81414794921875,2100275.0
2024-04-17,402.90792436006535,406.9536625255238,396.72032481289364,397.9102478027344,1813536.0
2024-04-18,398.38624747854766,400.2901244079553,390.2947705285652,391.9606628417969,2011093.0
2024-04-19,389.10485582531624,403.6219177246094,388.39090196141655,403.6219177246094,1795375.0
2024-04-22,410.2854772628918,411.71338495638213,401.7180311019497,408.14361572265625,1505999.0
2024-04-24,411.4753953987193,414.3312107513998,402.6699647279543,407.4296569824219,1513035.0
2024-04-25,409.3335603776631,422.18473029649675,409.3335603776631,420.2808532714844,2261827.0
2024-04-26,425.04056425433856,428.1343645540622,419.80490220865244,421.4707946777344,1758498.0
2024-04-29,423.85061032097695,430.51417971400747,417.66301017030577,427.4203796386719,2072558.0
2024-04-30,427.89634397342735,432.656036342431,420.7568054199219,420.7568054199219,2205782.0
2024-05-02,424.5645446777344,432.41803681583144,422.1846985752807,424.5645446777344,2541410.0
2024-05-03,426.70643958233774,447.4111022949219,425.51651643793633,447.4111022949219,3339221.0
2024-05-06,447.4110728918418,447.4110728918418,436.2257960695457,443.1273498535156,2439870.0
2024-05-07,443.8413221129377,446.45915296722313,430.5141832183937,438.36767578125,2688881.0
2024-05-08,439.557615246393,447.41110810136377,429.562260703703,430.2762145996094,2560977.0
2024-05-09,431.228124031188,450.9808471518219,428.3723086402529,449.7909240722656,2905820.0
2024-05-10,449.79094334569197,460.5002515205894,446.4591585801683,458.59637451171875,2141778.0
2024-05-13,461.2141819020385,464.069997269853,447.4110742909352,450.74285888671875,1931974.0
2024-05-14,452.17077014912866,454.78860092367626,442.17541628267423,443.84130859375,3241812.0
2024-05-15,442.17538418436226,455.9784909027116,430.75212345193523,452.4087219238281,3546908.0
2024-05-16,452.6467527788282,462.1661376953125,450.26690654970713,462.1661376953125,1921139.0
2024-05-17,463.5940333818234,483.5847411867891,460.50023336438824,481.20489501953125,2377151.0
2024-05-20,481.204887743419,485.9645800059652,471.20953399207207,483.1087646484375,2243809.0
2024-05-21,483.1087781217065,486.91653203793675,462.6421008219692,465.73590087890625,3833309.0
2024-05-22,467.40178349915783,473.5893834843809,465.2599219658114,470.2575988769531,1805875.0
2024-05-23,464.54598762819273,464.54598762819273,453.59869488695455,461.2142028808594,2474374.0
2024-05-24,451.4568598593435,454.7886448029549,440.03359719553305,442.65142822265625,3263992.0
2024-05-27,447.631639016422,456.5697775180991,442.8002127992993,454.63720703125,1789031.0
2024-05-28,454.63721945377404,465.5079287393318,452.94622023157615,465.266357421875,1287354.0
2024-05-29,466.23264093049534,468.8899254124826,458.0192161679892,461.4012145996094,1274149.0
2024-05-30,460.67651061367883,462.36750986606256,449.322658490531,458.01922607421875,1488001.0
2024-05-31,458.50233686628746,472.99661516553783,456.3281951213999,459.22705078125,2150012.0
2024-06-03,459.2270708929873,475.89549166711464,456.3282151061825,473.9629211425781,1581530.0
2024-06-04,486.5246327434526,486.5246327434526,475.8954947887794,476.6202087402344,1929032.0
2024-06-05,476.62021010484153,484.10892095798397,469.856213205229,475.412353515625,1737502.0
2024-06-06,477.34489283279527,489.42345793483963,477.34489283279527,481.69317626953125,1182458.0
2024-06-07,488.4571853250416,498.6031802724461,474.44604944529266,475.8954772949219,2595346.0
2024-06-10,475.89550336849425,481.21007244164497,470.5809342953435,474.4460754394531,1084934.0
2024-06-11,474.2044915366221,488.4571991273815,471.06406444035304,480.2437744140625,1549018.0
2024-06-12,480.2437470232854,484.5920304470375,468.6483245599465,471.54718017578125,1340943.0
2024-06-13,481.21000920599033,510.6817065569596,480.4852953367042,505.85028076171875,4000623.0
2024-06-14,506.3334927817648,511.16491923960604,487.49092959618383,498.60321044921875,1794017.0
2024-06-20,510.1986155790441,515.5131844913258,501.01890563964844,509.2323303222656,1771992.0
2024-06-21,509.71546051426185,515.5131719134762,504.4008917316487,515.030029296875,1109494.0
2024-06-24,517.9289140034263,519.378341934406,507.78291848656806,511.1649169921875,1157289.0
2024-06-25,511.1648667014689,528.5580001620103,509.71543891309045,524.209716796875,1746595.0
2024-06-26,524.2097405653733,525.1760258014385,502.46832275390625,502.46832275390625,1256747.0
2024-06-27,502.4683059386916,510.19858756851767,501.50202073496337,506.81658935546875,970802.0
2024-06-28,510.6817975889962,515.9963669111144,505.85037093252504,512.1312255859375,1188344.0
2024-07-01,512.1312005905878,520.8277681477864,502.9514903913225,507.2997741699219,1277404.0
2024-07-02,508.2660785995911,517.4457891446408,506.8166506187938,516.962646484375,952717.0
2024-07-03,520.3446080367221,521.7940359142617,498.60318987362785,511.6480407714844,1561497.0
2024-07-04,515.9963119036677,521.3108806592298,510.1986005339636,517.4457397460938,1602004.0
2024-07-05,520.8276884164384,524.2096863931685,514.0636924629781,517.9288330078125,922050.0
2024-07-08,521.3109082471143,541.1197564752252,519.8614803279843,536.288330078125,1993729.0
2024-07-09,536.7714727178351,539.6703285560951,530.4906184016047,536.288330078125,893565.0
2024-07-10,537.2545307035481,540.153386085042,530.0073922498132,535.3219604492188,627053.0
2024-07-11,550.7826420689238,556.5803540907019,524.6929379709221,530.0075073242188,3092123.0
2024-07-12,532.4231465113567,543.5354263387262,524.692864892317,542.0859985351562,2260624.0
2024-07-16,542.5691592369551,557.5465803735051,542.5691592369551,547.8837280273438,1553463.0
2024-07-17,547.8837086747333,556.0971328788519,546.4342808740064,554.647705078125,1412261.0
2024-07-18,556.5802662543782,562.3779773611947,548.849984778623,551.7488403320312,1404435.0
2024-07-19,551.7488120966372,561.411663446841,550.2993843941066,555.6139526367188,1110144.0
2024-07-22,558.0296889940898,564.3105426364475,550.7825501759847,556.5802612304688,1292943.0
2024-07-23,556.5803188270247,559.9623172921195,548.8500366210938,548.8500366210938,782418.0
2024-07-24,558.9960174025151,560.4454452782346,548.8500222724781,550.7825927734375,1459888.0
2024-07-25,550.7826165997152,562.3780401070776,547.8837607228746,561.8948974609375,1463384.0
2024-07-26,563.3442851310315,564.3105703542409,539.1871545507986,542.5691528320312,1481947.0
2024-07-29,538.7040159903166,538.7040159903166,523.2434523027022,527.5917358398438,1352570.0
2024-07-30,527.5917612140098,530.9737596833304,511.64805414435574,515.996337890625,1433853.0
2024-07-31,515.0300228173134,516.9625932594046,505.85031321738,509.7154541015625,1556849.0
2024-08-01,518.4120031514299,530.9737105903275,517.4457179638224,526.6254272460938,1201011.0
2024-08-02,521.3108728454478,527.1085841282517,515.5131615626439,524.69287109375,734551.0
2024-08-05,478.31118441757997,516.9625932594046,476.62018528075015,509.7154541015625,1404219.0
2024-08-06,530.4905809859155,530.4905809859155,513.5805897887324,514.546875,989776.0
2024-08-07,518.8951596947561,522.2771579423011,499.56945542307056,501.98516845703125,1313405.0
2024-08-08,500.53575858743164,516.9626078074824,495.22118972212104,507.78289794921875,1246180.0
2024-08-09,511.164885268032,521.7940227688796,497.6368920851351,501.0188903808594,1795818.0
2024-08-12,503.9177756754557,513.5806285167876,499.0863492547898,507.2997741699219,928870.0
2024-08-13,506.8165847749145,508.2660125674071,491.35602165499336,505.3671569824219,1183880.0
2024-08-14,507.29977180862056,511.16491292716245,492.3223499742708,493.28863525390625,1283441.0
2024-08-15,495.70435457451396,498.60321044921875,482.6595031383426,498.60321044921875,1439158.0
2024-08-16,500.5357748511723,505.36720124934965,493.28863525390625,493.28863525390625,981217.0
2024-08-19,496.67062728706446,505.8503373244713,487.4909172496576,504.4009094238281,985699.0
2024-08-20,505.36718382603914,505.85032644919977,495.2211887396655,497.63690185546875,925245.0
2024-08-21,484.1088892899401,489.42345793483963,478.3111780409588,481.69317626953125,2803441.0
2024-08-22,487.0077767721036,487.0077767721036,474.68763956209506,475.412353515625,1202466.0
2024-08-23,476.86174997430095,478.79432038959703,458.9854736328125,458.9854736328125,1211201.0
2024-08-26,461.88432036801515,468.64831669139613,456.32818053095224,467.4404602050781,992333.0
2024-08-27,464.30003209064915,474.204455251792,462.12589042113,468.6483154296875,861749.0
2024-08-28,469.85619343168014,477.58647527734274,465.7494812011719,465.7494812011719,880753.0
2024-08-29,464.78322365901545,472.2719346431264,460.6765111838578,468.16522216796875,1064553.0
2024-09-02,472.99664644020885,481.4516426738183,472.03036115636775,480.7269287109375,1004256.0
2024-09-03,485.55832624197717,491.35603760009036,481.2100427233923,484.592041015625,775361.0
2024-09-04,479.2774652129975,495.2211712130267,478.5527513039053,485.5583190917969,1779506.0
2024-09-05,488.9403453260365,491.8392011283648,479.2774926516089,487.97406005859375,746956.0
2024-09-06,487.9740191587468,489.9065895316527,467.19888765000803,468.6483154296875,1535316.0
2024-09-09,470.09777924219765,475.1707768599192,463.8169250488281,463.8169250488281,1172164.0
2024-09-10,464.5416245240803,477.5864751347409,462.3674827556369,477.10333251953125,1366114.0
2024-09-11,472.5134910051391,487.9740551280066,470.09777786094105,481.4516296386719,1736994.0
2024-09-12,483.6257701182628,486.0414832557167,467.19892078357657,482.65948486328125,1510765.0
2024-09-13,482.1763627221049,488.94035979435887,477.58650756593255,486.04150390625,1140656.0
2024-09-16,486.0414868284329,496.18748208031866,482.41791709561653,490.3897705078125,1052915.0
2024-09-17,491.839173117518,510.6817347595447,491.839173117518,508.2660217285156,1795495.0
2024-09-18,505.85031321738,515.996308038359,504.8840279963344,509.7154541015625,1062303.0
2024-09-19,512.6143185207883,515.9963168522168,493.7717563885445,496.1874694824219,1578360.0
2024-09-20,497.1537664708957,501.50205014265276,474.4460628517197,480.2437744140625,1620791.0
2024-09-23,483.14260797948776,484.10889319544674,473.23818451590824,478.0696105957031,1064313.0
2024-09-24,479.7606327161877,480.96848929402296,472.5134932491757,473.9629211425781,1712237.0
2024-09-25,473.96289839655714,481.45160881974437,458.9854775501828,466.71575927734375,2136583.0
2024-09-26,469.6145844434516,478.06957953374007,460.43487548828125,460.43487548828125,2109652.0
2024-09-27,461.1596721047717,463.3338140895506,442.80025089997196,447.3901062011719,2913278.0
2024-09-30,444.9743644205729,449.56421942816837,434.10365519205726,434.828369140625,3258914.0
2024-10-01,435.31147965744765,437.7271926411183,422.26662954562624,424.6823425292969,2577589.0
2024-10-02,424.1992417741877,432.895809373203,415.9858168195622,420.092529296875,2174352.0
2024-10-03,420.0925061375044,424.923932315049,407.7723693847656,407.7723693847656,2658577.0
2024-10-04,410.91282631215853,424.1992492675781,409.70496967984764,424.1992492675781,1581139.0
2024-10-07,425.6486669140178,427.3396661582846,417.91838465451235,422.50823974609375,1115564.0
2024-10-08,422.50823629798066,423.2329502538949,414.7779541015625,414.7779541015625,1695336.0
2024-10-09,413.32854263681156,432.89582022511183,406.3229741175436,431.9295349121094,2142408.0
2024-10-10,430.7216508976646,431.9295074621561,417.1936573753599,418.1599426269531,1334358.0
2024-10-11,417.4352020050262,424.440769631268,409.70492048641466,414.5363464355469,1264939.0
2024-10-14,413.57008484944714,415.26108402815396,404.1488037109375,404.1488037109375,967744.0
2024-10-15,405.11508630218776,409.946512495416,402.94094451523506,406.56451416015625,1412011.0
2024-10-16,406.5645038164153,416.22735595703125,402.94093426368437,416.22735595703125,1566160.0
2024-10-17,417.43522499448204,420.0925094128497,408.4970864963363,410.4296569824219,2092881.0
2024-10-18,411.6375091663977,413.0869370155752,396.9016593664269,397.6263732910156,1832446.0
2024-10-21,397.62636943377527,398.5926546571866,386.5140893645446,389.8960876464844,1406227.0
2024-10-22,389.89610378956826,400.5252416871773,385.306248788328,391.82867431640625,2615912.0
2024-10-23,391.5870966720581,394.727523727417,383.61524337768554,386.51409912109375,1636061.0
2024-10-24,391.58708418296476,395.4522250509027,389.41294244474966,392.3117980957031,1621799.0
2024-10-25,391.82870773063144,395.93542045037293,387.4804236744345,394.4859924316406,1049297.0
2024-10-28,396.17699318160555,403.42413330078125,393.2781371339353,403.42413330078125,740772.0
2024-10-30,403.4240676806523,406.08135195878833,398.35107042239264,401.9746398925781,1523788.0
2024-10-31,401.0083829367461,406.081380552211,393.0365295410156,393.0365295410156,1608442.0
2024-11-01,395.21066781489594,404.6319490158623,394.7275251892053,401.73309326171875,1531918.0
2024-11-04,401.24994098686733,408.73865150498466,386.51409125766867,393.76123046875,1605424.0
2024-11-05,396.17696637484295,399.55896486828675,383.8568290058692,384.58154296875,1523755.0
2024-11-06,400.7668030203444,422.9913635253906,399.31737516131966,422.9913635253906,3198377.0
2024-11-07,427.3396765115864,435.5531016113003,418.40153743248595,424.1992492675781,4357248.0
2024-11-08,424.19921781561817,442.8002085740479,421.7835047301078,441.83392333984375,2081478.0
2024-11-11,441.8339595256951,444.974386794057,428.5475364672406,437.0025329589844,2293209.0
2024-11-12,436.7609558105469,440.1429543621772,430.7216726826355,436.7609558105469,2552549.0
2024-11-13,437.36586227332873,447.3336223362562,433.7191207868919,441.0126037597656,2523299.0
2024-11-14,443.44378636136963,457.5445207961062,440.7695091409886,457.05828857421875,2294197.0
2024-11-15,457.0582405971428,466.29665184325523,452.9252671449346,456.81512451171875,1971255.0
2024-11-18,457.7876237932366,460.70501704098956,446.60428301018356,455.5995788574219,1473090.0
2024-11-19,457.0582973213988,459.9756907085567,450.2510460846971,456.3289489746094,1492870.0
2024-11-20,458.7600792005707,461.1912401926246,444.90246154586345,447.8198547363281,1338306.0
2024-11-21,449.278577295804,458.03075737299497,444.1731389174426,457.5445251464844,1354164.0
2024-11-22,457.5445208947077,458.5169853386922,443.6869025679286,451.9528503417969,1860798.0
2024-11-25,454.14088657924106,468.7278529575893,454.14088657924106,467.9985046386719,2272885.0
2024-11-26,468.7278659222365,472.86083984375,464.1086597746626,472.86083984375,1523284.0
2024-11-27,476.2644873272467,477.7231840725062,467.75542297989927,473.5902099609375,1273445.0
2024-11-28,473.5901750837054,476.99380057198664,465.08111136300226,466.29669189453125,1217405.0
2024-11-29,465.0810984193631,469.94342041015625,457.7876154331734,469.94342041015625,1349364.0
2024-12-02,469.9434464873876,473.5901881828406,464.35177588769284,472.86083984375,923336.0
2024-12-03,475.0488889137984,483.5579529424488,473.5901922231726,481.85614013671875,1880275.0
2024-12-04,482.0992388044085,484.0441676548549,476.2644522530692,481.6130065917969,1246671.0
2024-12-05,483.801038599726,488.6633605957031,478.20936830435227,488.6633605957031,1631085.0
2024-12-06,493.0394505733831,496.44307597181864,486.7184319762884,495.4706115722656,1349121.0
2024-12-09,496.44308040808335,501.30540244929864,494.0119193874757,499.3604736328125,1040204.0
2024-12-10,499.8467276819741,501.7916565834604,494.49817320288685,498.3880310058594,1248626.0
2024-12-11,512.4887172814572,520.7546643343838,511.03002074270535,513.461181640625,3018157.0
2024-12-12,515.4061364898535,516.3786008983249,504.7090279966678,506.167724609375,1507708.0
2024-12-13,506.1677247250815,513.9474399946313,502.2778670903066,512.9749755859375,1694729.0
2024-12-16,512.4887433234062,512.4887433234062,503.73656364615636,509.57135009765625,1013676.0
2024-12-17,509.57135009765625,511.51627891482286,500.33293821611477,509.57135009765625,1261093.0
2024-12-18,510.54379639387827,511.0300285809201,496.9292951567082,497.41552734375,1307631.0
2024-12-19,494.9844143444788,503.2503623246911,488.663395300787,492.5532531738281,986504.0
2024-12-20,492.5532491385727,499.360500360626,483.5579528808594,483.5579528808594,1276435.0
2024-12-23,485.2597258738982,488.1771190154247,473.83326940291965,474.0763854980469,996154.0
2024-12-24,474.07642017711294,481.3699035644531,466.78293678977275,481.3699035644531,894715.0
2024-12-25,490.60827672516496,500.8191526530425,488.6633479769978,497.41552734375,787278.0
2024-12-26,499.8467444428943,512.4887827264695,497.90181547619045,510.5438537597656,1228991.0
2024-12-27,510.54384891117843,521.2409581264603,507.62645548882887,520.2684936523438,1130513.0
2024-12-30,520.7546997070312,524.6445574079241,517.35107421875,524.1583251953125,1208898.0
2024-12-31,515.4061538166276,549.4424092573483,511.0300638313921,531.9380493164062,2923433.0
2025-01-02,525.1308158513232,530.9656026941157,509.5713842705432,523.672119140625,2261352.0
2025-01-03,523.6721018502125,525.617030733593,514.919921875,514.919921875,1319404.0
2025-01-06,516.3786010163656,522.6996196728747,512.9749755859375,512.9749755859375,1461179.0
2025-01-07,513.9474661033407,521.7271817681028,512.0025371871503,515.8923950195312,1403899.0
2025-01-08,516.8648681640625,517.8373326385009,510.5438490802122,516.8648681640625,1931719.0
2025-01-09,520.2684762464455,523.672101791983,512.9749929345795,518.3235473632812,1253688.0
2025-01-10,518.3235473063986,526.1032628382019,515.4061539819724,521.7271728515625,1309939.0
2025-01-13,521.7272079739486,521.7272079739486,511.03009839759545,518.809814453125,1180432.0
2025-01-14,522.2134141143856,525.6170397184832,511.03007284377964,512.48876953125,1769374.0
2025-01-15,512.4887607137885,523.1858695711919,509.08513516825093,518.3235473632812,1203907.0
2025-01-16,523.1858607700893,531.9380405970983,518.3235386439733,530.965576171875,1776057.0
2025-01-17,531.4518083844866,539.2315237862723,529.5068795340402,534.3692016601562,1339533.0
2025-01-20,534.8554338727679,538.2590593610491,527.5619506835938,534.3692016601562,1175958.0
2025-01-21,534.8553819346514,539.2314714232076,530.4792924460952,538.7452392578125,1611079.0
2025-01-22,539.7177304171256,554.7909282936399,538.7452660379956,551.87353515625,2085009.0
2025-01-23,552.3597136466734,554.3046422158518,542.1488386584866,542.6350708007812,1274294.0
2025-01-24,543.121407598337,548.4699621942024,537.7728530024715,544.0938720703125,915208.0
2025-01-27,539.2314885596326,541.1764172830217,530.4793093043816,533.8829345703125,907361.0
2025-01-28,534.8554771155038,541.6627286424284,529.993154596272,539.2315673828125,1984521.0
2025-01-29,540.6902120655981,567.432983345821,537.7728188350283,564.0293579101562,2952833.0
2025-01-30,562.5707048990322,577.1576721824989,561.1120081706855,562.08447265625,1660758.0
2025-01-31,562.0844119340945,569.864126978165,560.6257153633313,568.8916625976562,1562450.0
2025-02-03,565.4880632672991,573.7540108816964,549.9286324637277,558.194580078125,1683510.0
2025-02-04,560.1394831730769,577.1576098319812,555.7633934607873,568.8916625976562,1692303.0
2025-02-05,568.8916800138577,571.3228410395579,557.2221070904965,567.4329833984375,1809354.0
2025-02-06,567.9192593575344,571.3228850557388,561.1120079611255,565.4880981445312,2115180.0
2025-02-07,566.9467170798889,583.4786110599199,564.0293240245893,577.1575927734375,2758328.0
2025-02-10,577.6438773759153,581.047502916009,570.8366262957277,572.7815551757812,957594.0
2025-02-11,572.7815811569626,576.1852068514437,558.6808461369695,575.698974609375,2020501.0
2025-02-12,576.1851808213696,576.6714130414721,560.1395175579897,565.9743041992188,1891050.0
2025-02-13,570.8366435869091,578.1301271080366,566.4605534742326,574.7265014648438,1943608.0
2025-02-14,576.6714218951008,581.0475119432086,563.0569195232097,566.94677734375,1653138.0
2025-02-17,567.9192776505236,567.9192776505236,554.3047744191754,557.22216796875,1137137.0
2025-02-18,556.2496250239437,560.6257147312999,547.4974456092314,555.2771606445312,1935744.0
2025-02-19,555.2771603198762,557.222089077564,546.5249809102809,548.4699096679688,1851750.0
2025-02-20,547.4974714006696,553.8184901646206,534.8554338727679,551.3873291015625,2027776.0
2025-02-21,551.8735077234812,555.2771328812472,529.5068281153049,538.7452392578125,1567954.0
2025-02-24,542.6351492745536,553.8184901646206,538.7452915736608,544.580078125,1192082.0
2025-02-25,544.5801221539675,554.3047671924312,538.2591028789661,539.2315673828125,1681860.0
2025-02-26,539.7177821097614,547.0112656517852,536.8003886929519,540.6902465820312,2138662.0
2025-02-27,541.6626934527928,551.8735700798203,536.3141390291117,548.9561767578125,1750891.0
2025-02-28,549.4424177828208,555.2772045203375,540.2040054484194,546.5250244140625,2093176.0
2025-03-03,549.4423572257095,563.0568581127184,549.4423572257095,556.73583984375,1669861.0
2025-03-04,558.6807948824222,562.5706524621083,556.2496338951183,559.6532592773438,1276902.0
2025-03-05,564.0294005988927,582.5062257909254,563.0569361151015,579.1026000976562,2477484.0
2025-03-06,576.1851988053611,581.5337533934278,554.3047482178157,561.1119995117188,4599400.0
2025-03-07,562.0844468189462,564.5156079211042,540.6902291199551,542.14892578125,4428026.0
2025-03-10,529.0206791556807,530.9656081231649,501.305441369032,507.1402282714844,6671711.0
2025-03-11,508.5988987597469,511.0300598436845,494.9843966896963,507.6264343261719,6129529.0
2025-03-12,509.0851438128645,520.2684850809599,502.2778926061977,515.8923950195312,5589230.0
2025-03-13,517.8372891388792,527.0757008699953,514.4336637642575,522.21337890625,4510068.0
2025-03-14,525.617039143656,530.9655936585314,518.3235557142806,529.5068969726562,3782235.0
2025-03-17,529.5068795340402,532.9105050223214,520.7546997070312,520.7546997070312,2277534.0
2025-03-18,520.2684453231753,520.7546775150662,510.05756929346813,511.5162658691406,2461548.0
2025-03-19,468.2416470394254,492.06702679532555,462.4068601604294,465.81048583984375,4048628.0
2025-03-20,465.3242487234542,489.6358604644915,457.3014168489119,477.2369384765625,4677644.0
2025-03-21,475.53511343023564,475.53511343023564,436.3934195333706,436.63653564453125,3069105.0
2025-03-24,441.9850853919983,469.21408955256146,441.9850853919983,466.7829284667969,3502734.0
2025-03-25,474.3195234026228,497.9017857142857,473.34705897739957,490.1220703125,4194279.0
2025-03-26,485.74599341282334,497.9017990537849,479.6680905923426,488.1771545410156,3389907.0
2025-03-27,495.4706513061524,500.33297369384763,484.2873098144531,486.23223876953125,1607839.0
2025-03-28,486.23221261160717,486.71844482421875,467.2691563197545,481.6130065917969,2351120.0
2025-04-02,481.3698860128926,481.3698860128926,467.9985002903123,469.2140808105469,1329881.0
2025-04-03,470.6727907206969,474.56264849524814,460.4619140625,460.4619140625,1345561.0
2025-04-04,460.46188362518905,466.2966699013266,451.2234720213046,462.1636962890625,1729334.0
2025-04-07,453.6546670513193,472.61772387340017,447.33364811062563,467.7554016113281,2861406.0
2025-04-08,475.2919790501698,479.4249527810408,465.567334977532,472.1314697265625,1924289.0
2025-04-09,467.2691431240773,478.9387158972072,462.8930533341536,463.13616943359375,2373831.0
2025-04-10,477.23693458205986,479.91121185175047,463.86554823360683,464.8380126953125,2170453.0
2025-04-11,462.4068427909033,473.34706777806974,461.92061056925144,468.9709777832031,2058939.0
2025-04-14,472.61771065848217,474.076407296317,466.7829241071429,467.9985046386719,1160053.0
2025-04-15,468.72785733540854,474.5626439412435,464.35176738103235,466.7829284667969,1337557.0
2025-04-16,466.78291082760444,468.4847235233301,452.1959448642418,459.7325439453125,1922662.0
2025-04-17,459.73258657304063,479.42499244951676,457.5445414756544,474.8057861328125,2615279.0
2025-04-18,476.5075511577205,486.23219505889847,471.88834530466096,483.0716857910156,1871776.0
2025-04-21,486.23220815843655,488.6633691992287,472.1314741218419,476.0213317871094,1472381.0
2025-04-22,484.0441948367061,486.7184721562459,465.81048583984375,465.81048583984375,1555789.0
2025-04-24,466.782954109063,476.0213667424715,464.3517928897449,474.8057861328125,1972798.0
2025-04-25,477.4800240918464,484.2872749444797,474.80574697116907,478.938720703125,1736650.0
2025-04-28,480.64054216657365,480.64054216657365,472.61771065848217,476.507568359375,1231171.0
2025-04-29,476.50757703002125,483.8010603519093,472.1314870368884,479.1818542480469,1904744.0
2025-04-30,481.36988146551727,483.8010424830199,458.03073569749216,465.32421875,2096047.0
2025-05-02,467.7554012414181,482.8286002419212,465.8104723381274,481.3699035644531,1417857.0
2025-05-05,482.342372244489,489.1496234656814,479.91121109406316,485.259765625,1557653.0
2025-05-06,485.2597659998321,487.6909271521358,472.61772800785246,475.04888916015625,1978227.0
2025-05-07,474.5626437554578,487.2046813964844,474.0764115384953,487.2046813964844,1612540.0
2025-05-08,495.9568612406573,499.3604867589755,488.17714577021565,494.0119323730469,1291246.0
2025-05-09,494.4981432708682,509.5713413450048,490.12205350740913,508.598876953125,1631942.0
2025-05-12,520.2684761893494,527.0757272796774,516.3786184234477,521.7271728515625,1462672.0
2025-05-13,519.295994414716,528.5344063003711,514.9199045741425,523.1858520507812,1749906.0
2025-05-14,520.7547437559883,524.6446017859117,508.5989374124779,515.4061889648438,1873835.0
2025-05-15,515.8923687534477,518.3235297749061,506.6539568719063,509.57135009765625,1190193.0
2025-05-16,509.57139336454395,516.8648770481967,506.65399989108283,514.4337158203125,956228.0
2025-05-20,512.9749843052456,515.4061453683036,496.9293212890625,500.33294677734375,1824202.0
2025-05-21,498.38800467992485,501.791630077739,491.5807538842966,492.0669860839844,1015910.0
2025-05-22,495.9568568638393,498.3880179268973,483.3148193359375,490.1220703125,1828649.0
2025-05-23,490.1220966796875,493.0394901123047,480.3974519042969,486.23223876953125,1479293.0
2025-05-26,488.6633824113597,493.52570462440804,485.9891051941831,487.69091796875,953195.0
2025-05-27,487.2047032470703,494.01195458984375,485.9891226501465,486.23223876953125,1314941.0
2025-05-28,487.61665160510006,490.3283721145318,476.52324952106085,483.1792907714844,1372583.0
2025-05-29,486.38406883310313,487.3701490537481,476.7697866818153,479.72802734375,1174774.0
2025-05-30,479.2350129901238,479.48153305853435,467.4020497064171,470.36029052734375,1673635.0
2025-06-02,470.1137567759798,477.7558786742784,466.41595585744824,474.7976379394531,919983.0
2025-06-03,478.2489055170674,486.63058736633553,471.3463439941406,471.3463439941406,2081476.0
2025-06-04,471.34635007888585,482.93279278479986,469.37418961830474,480.96063232421875,1755195.0
2025-06-05,481.94669526466583,486.63057619051165,478.74193463119235,484.4118957519531,519351.0
2025-06-10,488.10972190765017,491.0679626464844,482.19324042998164,491.0679626464844,1817928.0
2025-06-11,492.05403537134976,492.5470754869523,487.12363421532416,489.0957946777344,1037388.0
2025-06-12,483.42585618486294,488.1097375043491,476.52329424035696,487.1236572265625,1293300.0
2025-06-13,470.1137658107675,477.5093677899616,457.0482023141914,469.127685546875,2155818.0
2025-06-16,468.63463888691444,472.0859197624625,462.718157385975,467.40203857421875,1746797.0
2025-06-17,466.90899471097464,470.853315680022,464.4437941053201,466.41595458984375,1158893.0
2025-06-18,464.4437787684204,465.9228990829695,446.44781494140625,446.44781494140625,1650420.0
2025-06-19,448.66651231568653,457.0481944138917,446.9408718837031,450.88519287109375,1394521.0
2025-06-20,456.3086294876902,458.52731002004526,448.17346753572167,449.652587890625,1155436.0
2025-06-23,444.2291502837801,450.638671875,441.51742961057164,450.638671875,842349.0
2025-06-24,468.3881126507016,477.2628347851359,462.4716312277454,473.8115539550781,2257595.0
2025-06-25,473.8115516424053,473.8115516424053,461.4855487380763,465.183349609375,1258285.0
2025-06-26,464.44379469348536,465.1833548761183,457.2947129280336,458.5273132324219,1030349.0
2025-06-27,458.28077962629584,463.4577007517139,450.1456178577817,462.96466064453125,1164296.0
2025-06-30,462.96469305885626,491.0679811359114,462.96469305885626,487.86322021484375,2828210.0
2025-07-01,485.15148669176995,495.0122892668059,485.15148669176995,492.5470886230469,1445755.0
2025-07-02,495.5053078146542,505.36610996021943,490.57490674187153,502.9009094238281,2711726.0
2025-07-03,509.3104389130123,511.7756394885835,492.30055494157097,496.98443603515625,1555120.0
2025-07-04,497.477501135679,503.39398281420046,494.0262201565415,495.5053405761719,1645625.0
2025-07-07,490.08188705176906,492.3005676269531,484.6584456457636,492.3005676269531,1153558.0
2025-07-08,495.01226921560374,495.9983494331647,470.36026377657964,471.3463439941406,2515334.0
2025-07-09,472.5789517879486,477.2628328959147,471.83939161300657,473.3185119628906,2439493.0
2025-07-10,476.7697987578364,485.39800090702164,476.7697987578364,482.93280029296875,1899448.0
2025-07-11,486.1375601498659,487.6166805154335,475.53719752996517,482.686279296875,1863781.0
2025-07-14,483.17930621865355,484.6584265438127,478.24890513478977,479.2349853515625,1225228.0
2025-07-16,479.23500280824965,484.411924134882,468.881160154985,475.7837219238281,1797206.0
2025-07-17,478.7419604786185,492.54708395277027,473.3185191137732,491.3144836425781,2162824.0
2025-07-18,491.0679532540915,497.47747473230754,486.3840721738567,488.6027526855469,1697646.0
2025-07-21,490.5749177096183,508.3243619684588,490.5749177096183,505.8591613769531,1999533.0
2025-07-22,505.85915715144233,516.7060396634615,503.88699669471157,512.76171875,2017336.0
2025-07-23,512.7617437055509,515.7199845346214,508.32438246194516,511.2826232910156,988965.0
2025-07-24,511.7756321392291,527.5529155963152,506.84523105888974,527.0598754882812,1979019.0
2025-07-25,527.5529023078875,527.5529023078875,516.212980108746,523.6085815429688,1013319.0
2025-07-28,524.1016216385837,531.4972230728064,521.1433810648946,523.6085815429688,1175594.0
2025-07-29,521.636474609375,526.5668760707113,518.6782337325733,521.636474609375,1062930.0
2025-07-30,518.1851310621711,524.1016121018914,516.706010802241,521.1433715820312,1164132.0
2025-07-31,521.636455972686,524.1016566152791,510.2965330167581,516.7060546875,2218353.0
2025-08-01,516.706058407738,521.6364597284227,513.7478176153273,517.692138671875,1523015.0
2025-08-04,521.143384833085,526.0737858248833,518.6781843371857,524.5946655273438,1798158.0
2025-08-05,525.5807285109968,527.0598487600896,518.6781673485634,520.1572875976562,1482079.0
2025-08-06,520.1573232299123,530.51116568283,516.2130022954674,529.5250854492188,1843229.0
2025-08-07,530.5111562445188,536.4276375409261,524.5946749481116,527.0598754882812,1559091.0
2025-08-08,526.5668705210966,536.4276733398438,523.1155895345352,536.4276733398438,1515663.0
2025-08-11,539.3859179015553,542.3441587675602,537.4137573242188,537.4137573242188,1090459.0
2025-08-12,539.3858489709226,539.3858489709226,530.51112750705,535.4415283203125,817963.0
2025-08-13,517.1990627946525,517.1990627946525,500.4356994628906,500.4356994628906,4356242.0
2025-08-14,500.92877270507813,502.9009332275391,492.54709048461916,493.0401306152344,2366360.0
2025-08-15,493.04011654793766,496.98443748032116,489.09579561555415,489.3423156738281,1625386.0
2025-08-18,489.3423090858575,492.3005497453186,486.8771085363066,487.6166687011719,1737179.0
2025-08-19,488.356229274393,490.82142982600527,478.9884671782663,479.72802734375,1794407.0
2025-08-20,481.20714261673214,488.60274419383353,479.4815022487418,486.3840637207031,2175880.0
2025-08-21,490.081889831543,497.47749179077147,487.6166891784668,493.0401306152344,3651687.0
2025-08-22,496.491407772821,496.491407772821,490.0818861233208,492.0540466308594,1989551.0
2025-08-25,494.0261793494403,498.9565803409517,492.7935791015625,492.7935791015625,2466643.0
2025-08-26,492.5470726479189,495.01227321172234,488.3562316894531,488.3562316894531,2824298.0
2025-08-27,491.56100718698286,492.7936075059071,484.1654052734375,484.1654052734375,2431840.0
2025-08-28,484.41191972337043,489.58884100285684,482.19323917501913,482.686279296875,1817999.0
2025-08-29,482.6862651610951,485.6445058055962,476.0302237109677,478.98846435546875,2489677.0
2025-09-01,479.23501393481536,480.2210942104014,470.1137713856445,470.6068115234375,2222184.0
2025-09-02,471.59286970044883,475.78371067530907,448.17346425270046,456.8016662597656,4285401.0
2025-09-03,456.80167529830516,459.0203558583077,448.91303330718495,451.1317138671875,2837070.0
2025-09-04,453.35040654116716,458.03428784855276,449.8991255778304,454.33648681640625,2712001.0
2025-09-05,455.815595992467,460.7459972471178,449.6525944241535,451.37823486328125,2791529.0
2025-09-08,444.4756561558634,445.95477647584966,430.91705322265625,430.91705322265625,2463571.0
2025-09-09,433.62881205819474,435.8474927338762,424.2610492053173,424.75408935546875,3077623.0
2025-09-10,427.2192725234836,431.4101136272916,424.7540718741848,428.2053527832031,2064260.0
2025-09-11,427.95881717916916,431.4100979628721,414.6467341563148,416.1258544921875,3464610.0
2025-09-12,416.37237642728365,418.3445368840145,410.94893517127406,416.618896484375,2026205.0
2025-09-15,414.6467373519053,441.0243835449219,409.71633619433214,441.0243835449219,5551205.0
2025-09-16,441.7639521343159,446.94087344838994,433.8753101319174,443.2430725097656,4353571.0
2025-09-17,443.48957558964076,446.940856333529,436.83353415499914,438.8056945800781,2097465.0
2025-09-18,441.0243973131573,448.1734792148239,435.84747593608836,436.5870361328125,2440269.0
2025-09-19,437.57308375365466,446.4478054523203,436.83352361209916,443.98260498046875,2599511.0
2025-09-22,452.3643113644187,454.3364718499312,448.17347033270477,450.39215087890625,2325045.0
2025-09-23,446.6943515021445,451.6247527328525,440.77787002529493,442.7500305175781,3729511.0
2025-09-24,443.73611822360897,450.8852001283227,440.28483730409204,444.7221984863281,3687083.0
2025-09-25,447.433905049767,449.8991056285536,439.79178325552857,441.0243835449219,1740745.0
2025-09-26,441.024375058292,444.72217585531513,434.61485367678523,438.8056945800781,2022765.0
2025-09-29,437.8196270762351,440.03830761885115,432.64270581013096,434.121826171875,2214307.0
2025-09-30,433.38225341111087,442.996535483371,432.1496531454365,438.8056945800781,3306894.0
2025-10-01,438.31266285917906,461.97858841288047,437.81962274347694,457.0481872558594,3914971.0
2025-10-02,457.0481993680851,464.19728123522344,454.8295187886284,460.2529602050781,2818226.0
2025-10-03,461.9785879222105,471.59287016819036,459.02034723113985,464.93682861328125,3016817.0
2025-10-06,464.9368271961583,467.4020277645366,456.5551452636719,456.5551452636719,2529626.0
2025-10-07,458.2808006172262,463.95076210953187,457.54124042257763,460.4994812011719,1562461.0
2025-10-08,459.51338641826925,462.9646672175481,443.48958270733175,448.66650390625,2073809.0
2025-10-09,454.33648578734477,457.04820653811026,442.7500425795286,445.9548034667969,1513563.0
2025-10-10,445.95479694667057,453.10387882143755,442.75003610625777,444.2291564941406,1648214.0
2025-10-13,438.8057076784812,446.44782955378065,436.34050707354595,442.2569885253906,1629008.0
2025-10-14,443.7361056487308,445.2152260008932,433.38226318359375,433.38226318359375,1615369.0
2025-10-15,434.8614002949483,439.7918016588366,430.4240390674488,437.81964111328125,1848591.0
2025-10-16,436.5870163574219,441.0243773367746,430.9170551060268,431.41009521484375,2372877.0
2025-10-17,428.2053610673093,429.6844814855038,415.3863174429569,422.28887939453125,2046407.0
2025-10-20,422.5353896887593,437.81963365649744,418.8375887288227,435.84747314453125,2377104.0
2025-10-21,436.8335151672363,436.8335151672363,425.24707317352295,425.98663330078125,1915833.0
2025-10-22,429.68446544022066,447.1873897352612,425.98666453281777,442.2569885253906,2848945.0
2025-10-23,443.9826336320471,445.7082740737041,436.34051167613734,443.4895935058594,2176469.0
2025-10-24,445.7082844080643,467.40205046332403,443.4896037887763,454.33648681640625,4394741.0
2025-10-27,453.596921968512,455.0760423662354,447.4339203113311,453.1038818359375,1881925.0
2025-10-28,452.6108229231126,453.35038309128765,448.1734619140625,448.1734619140625,632125.0
2025-10-30,449.6525836553931,451.624744110022,438.0661409844482,440.5313415527344,1787740.0
2025-10-31,440.2848164180936,450.6386586854844,437.08005571628223,447.1873779296875,2698954.0
2025-11-03,450.1456391910063,458.527321410335,448.66651879936006,452.61083984375,2548703.0
2025-11-04,452.8573486595823,453.8434288961846,446.2013070625172,449.652587890625,2362016.0
2025-11-05,449.4060589801187,457.54122077185974,446.2012982742813,455.3225402832031,2544195.0
2025-11-06,457.78774231054376,464.1972637430016,451.62474093318053,463.7042236328125,2795927.0
2025-11-07,493.0401268846286,496.98444789970563,488.10972561578234,492.0540466308594,8106849.0
2025-11-10,494.0261990688815,505.36612180199955,494.0261990688815,497.97052001953125,4444358.0
2025-11-11,500.43571348864623,500.43571348864623,475.53718784216676,488.1097106933594,4569062.0
2025-11-12,491.1790354703179,511.541361511049,489.93743022393187,501.11187744140625,2957391.0
2025-11-13,502.6018324608599,504.58840096861036,494.1589163029206,500.1186218261719,1973603.0
2025-11-14,498.132029636842,503.5950927734375,491.42736124192936,503.5950927734375,2313095.0
2025-11-17,504.09172905815973,505.0850132533482,494.40720815507194,500.615234375,2785026.0
2025-11-18,498.1320258112237,505.58165730391397,495.89713636341656,501.6085205078125,2091626.0
2025-11-19,503.09843467856354,527.4338969680498,502.601792591023,526.4406127929688,4449180.0
2025-11-20,526.4406108315366,531.4070316884378,522.4674741460155,525.4473266601562,1953832.0
2025-11-21,523.4608154296875,527.4339525486984,518.9910361708003,523.4608154296875,1517073.0
2025-11-24,521.9708806234113,525.4473755466881,517.5011014363412,518.9910278320312,1752922.0
2025-11-25,518.9910278320312,524.4540912828948,514.0246065130644,518.9910278320312,1795090.0
2025-11-26,519.4876783106766,524.4540997094402,515.0178990517893,523.4608154296875,1611775.0
2025-11-27,524.9507371813371,526.9373057231776,517.5011051494355,520.9776000976562,1882519.0
2025-11-28,521.9708777956679,526.4406569585233,516.5078143744001,517.5010986328125,2064946.0
2025-12-01,516.5077691177339,526.4406108315366,513.5279166035932,525.4473266601562,2034221.0
2025-12-02,523.4608172792376,528.4272386955492,520.4809644294508,524.4541015625,2521808.0
2025-12-03,524.4540710449219,530.910418510437,497.63539695739746,508.5615234375,6230122.0
2025-12-04,509.0581721871022,514.0245933791715,506.57496159106756,512.0380249023438,2612603.0
2025-12-05,512.0380114590055,515.5145062021801,501.60852722948164,505.08502197265625,2473970.0
2025-12-08,507.07159519382185,515.0178689676721,504.58838463949365,507.5682373046875,2313683.0
2025-12-09,508.5615384615385,516.5078125,506.07832782451925,516.5078125,3166280.0
2025-12-10,518.4943781735926,523.9574415451535,515.0178833007812,515.0178833007812,2355444.0
2025-12-11,517.501110666284,528.427237762885,514.0246156810019,523.9574584960938,3173844.0
2025-12-12,523.9574081678551,534.3868921219072,523.4607660748051,529.4204711914062,2262208.0
2025-12-15,529.4204949677046,541.8365478515625,526.937284390933,541.8365478515625,2176985.0
2025-12-16,542.3332003335554,547.2996215820312,536.3734948353845,547.2996215820312,2705633.0
2025-12-17,547.2996004457827,553.2593057137949,533.8902635927553,536.3734741210938,2601179.0
2025-12-18,537.3667659759521,546.8029661178589,536.8701238632202,540.3466186523438,2426686.0
2025-12-19,542.8298175911035,543.3264596931997,530.9104071407957,534.3869018554688,1866440.0
2025-12-22,535.3801713632481,537.3667397171006,526.937255859375,526.937255859375,1562873.0
2025-12-23,526.4406617027072,526.937303836389,516.0111768953894,519.9843139648438,2007027.0
2025-12-24,520.4809248717243,536.3734721960517,517.5010722484128,535.3801879882812,3713301.0
2025-12-25,536.8701455460907,539.8499983428313,517.5011023672771,519.4876708984375,2085961.0
2025-12-26,521.4742261309956,522.4675103712451,506.0783204071281,512.53466796875,3838318.0
2025-12-29,515.0178833007812,519.4876624229673,512.0380305526571,515.0178833007812,2339088.0
2025-12-30,515.0178889185904,519.4876680895329,506.0783305767056,517.9977416992188,3153121.0
2025-12-31,517.9977426346235,525.4473745996468,514.024605586611,518.494384765625,2372792.0
2026-01-02,518.990982443965,527.4338979478381,516.0111299131862,526.937255859375,1745272.0
2026-01-05,527.433934770064,549.2861881880327,526.9372926469283,546.3063354492188,3407233.0
2026-01-06,548.2928813733553,566.1719970703125,545.809670859889,566.1719970703125,3999568.0
2026-01-07,568.6552284752851,577.5947866521891,559.2190281774419,577.09814453125,2866770.0
2026-01-08,577.0981576102121,587.0310002541055,570.6418098916813,584.0511474609375,2233601.0
2026-01-09,587.0310077151737,594.4806397927774,582.0645863301046,588.0242919921875,2131344.0
2026-01-12,590.010859614394,600.4403445065676,584.0511539617233,587.5276489257812,3920626.0
2026-01-13,587.5276184333205,610.8697976948303,587.5276184333205,603.420166015625,3918047.0
2026-01-14,605.406735420227,608.8832302093506,593.4873247146606,603.9168090820312,2803108.0
2026-01-15,604.4134671968459,619.3127309732678,603.9168250709652,612.3597412109375,3637102.0
2026-01-16,612.8563843243301,646.6280489386367,612.8563843243301,645.1381225585938,5993173.0
2026-01-19,648.6145844591465,650.6011528648406,625.27240569224,628.2522583007812,3367015.0
2026-01-20,628.7489399933008,628.7489399933008,615.3396024105053,616.8295288085938,2470859.0
2026-01-21,617.8228121380188,618.3194542699624,610.8698222908063,616.3328857421875,2074563.0
2026-01-22,621.795896484375,625.769033203125,611.8630546875,620.8026123046875,4577281.0
2026-01-23,623.7824716742492,628.2522505317876,620.802619102557,624.2791137695312,2952235.0
2026-01-26,621.7959147904969,631.728756879802,615.8362095369139,630.2388305664062,3743104.0
2026-01-27,631.2321361488896,631.7287782701711,608.3865985699368,609.3798828125,4111702.0
2026-01-28,608.8832509868172,618.3194514507238,607.3933245977793,614.8429565429688,4131900.0
2026-01-29,620.8026132804694,627.7556025492106,616.8294765554743,621.2992553710938,7694733.0
2026-01-30,624.775772166589,635.7018985478807,621.2992774089053,632.7220458984375,8774125.0
2026-02-02,622.2925616253864,645.6347407126913,606.4000141616893,632.7220458984375,5996579.0
2026-02-03,638.1851410938694,662.5206056180715,638.1851410938694,649.60791015625,7121584.0
2026-02-04,655.5675726792106,663.0172041869289,650.601151674065,659.0440673828125,4050850.0
2026-02-05,657.554171882541,660.0373825014328,641.1649817978554,643.1515502929688,2573649.0
2026-02-06,646.1314133648485,648.6146240234375,629.7422230181613,648.6146240234375,2463923.0
2026-02-09,653.5810175475391,668.9769229760906,651.5944491051454,665.9970703125,3389252.0
2026-02-10,669.4735563810881,669.4735563810881,655.0709353610202,661.5272827148438,2696523.0
2026-02-11,655.0709504260507,669.9702138929056,649.6078871548706,669.4735717773438,3366788.0
2026-02-12,669.47358121577,677.419855176788,659.0440966419337,674.4400024414062,5695579.0
2026-02-13,679.9030799059997,687.8493540320011,668.9769529827477,681.8896484375,4350169.0
2026-02-16,685.3660985274281,693.8090142339254,681.8896038247527,690.33251953125,3309067.0
2026-02-17,690.8291479598645,690.8291479598645,683.3795166015625,683.3795166015625,2067090.0
2026-02-18,688.3459952218192,689.8359216184032,666.9903835374482,681.3930053710938,4708816.0
2026-02-19,682.8828931928755,685.8627458177172,660.5339985065632,661.5272827148438,3257332.0
2026-02-20,663.5138482294018,672.453406064828,649.1112272723265,660.037353515625,4077551.0
2026-02-23,670.4668376569555,671.4601218608917,655.567574597912,660.037353515625,2455377.0
2026-02-24,660.037353515625,668.480269249083,654.0776482920077,660.037353515625,2726416.0
2026-02-25,660.0373602313196,668.4802760506818,652.587728626,663.5138549804688,2666845.0
2026-02-26,664.01049033137,665.9970587392424,635.2052484172193,660.037353515625,4047346.0
2026-02-27,660.5340207407957,665.500441949373,636.695198939624,641.1649780273438,4299132.0
2026-03-02,610.8698211319145,654.07768652905,606.8966840839021,648.1179809570312,2929750.0
2026-03-03,651.0977939654,661.5272780792623,627.2589731337149,627.755615234375,3580209.0
2026-03-04,626.7623714625163,631.7287927894777,615.8362445432015,616.8295288085938,2499895.0
2026-03-05,629.7421858764546,635.7018911055694,596.9638071163238,597.46044921875,4369884.0
2026-03-06,597.4604515703672,597.9570936747482,561.7022200549337,567.165283203125,4128203.0
2026-03-09,554.7492426884639,573.6216430664062,554.2526005732549,573.6216430664062,3542443.0
2026-03-10,581.5679047491222,599.9436626276171,581.5679047491222,598.9503784179688,2859663.0
2026-03-11,599.9436626276171,617.3261362964637,586.5343257973641,598.9503784179688,3360033.0
2026-03-12,595.9705343364197,613.8496503665124,591.9973974408437,603.420166015625,4012022.0
2026-03-13,600.9369506835938,614.842929707677,599.9436664675878,600.9369506835938,3037372.0
2026-03-16,602.9235551951804,605.4067658837932,584.0511539617233,587.5276489257812,2122354.0
2026-03-17,595.970514192054,595.970514192054,587.0309564791733,592.9906616210938,1394155.0
2026-03-18,595.4738632524064,604.4134208325092,585.0443794089531,588.5208740234375,1836610.0
2026-03-19,586.037708439239,587.030992690831,577.0981501749118,580.0780029296875,1288291.0
2026-03-23,580.0779642894627,592.4940166073021,558.225712210065,591.500732421875,3140911.0
2026-03-24,587.5276386143811,588.0242807433874,576.1048696472376,582.0645751953125,1563838.0
2026-03-25,587.0309707225109,616.8294971551256,587.0309707225109,600.4403076171875,3166567.0
2026-03-26,599.943657791684,611.8630682113863,594.9772367834747,596.4671630859375,2537002.0
2026-03-27,599.9436626276171,604.910083675859,592.9906731600785,598.9503784179688,1843312.0
2026-03-30,598.9503618373502,599.9436460195017,589.0175200158352,590.5074462890625,1286422.0
2026-03-31,591.997387999222,600.9369458716935,588.5208932710386,598.4537353515625,2565185.0
2026-04-01,601.9302574911999,614.8429527839154,601.9302574911999,612.8563842773438,1711719.0
2026-04-02,610.3731801588625,620.8026649296812,603.9168324435939,616.3328857421875,2578555.0
2026-04-03,618.8160586238106,618.8160586238106,596.9638061523438,596.9638061523438,1882459.0
2026-04-06,598.4537420493148,605.9033736930822,597.4604578301459,601.9302368164062,1620216.0
2026-04-07,600.936941019694,603.4201515197755,589.0175306193034,595.9705200195312,1385183.0
2026-04-08,611.8630594808267,635.2052378863452,611.8630594808267,623.2858276367188,3247531.0
2026-04-09,619.8093576185597,644.1448211789038,619.8093576185597,636.1985473632812,2679332.0
2026-04-10,641.1649975660371,651.594482421875,634.7086497981375,651.594482421875,3119382.0
2026-04-13,644.6414642572031,644.6414642572031,629.7422008306113,636.6951904296875,2311188.0
2026-04-14,642.6549109883595,653.5810377594134,641.6616267364454,644.6414794921875,3437701.0
2026-04-15,647.6212856411844,659.0440537161438,646.1313593705374,652.091064453125,2108030.0
2026-04-16,654.07763866225,658.5474175141561,645.138080958438,655.0709228515625,2144171.0
2026-04-17,656.5608749049557,669.9702119869781,647.1246747361249,668.4802856445312,3319622.0
2026-04-20,659.540702681108,659.540702681108,652.091071250222,655.5675659179688,1663731.0
2026-04-21,657.0574980170478,665.0037716136259,655.0709296179033,658.5474243164062,1930122.0
2026-04-22,661.0306240531428,663.5138345116445,639.1783720183282,653.0843505859375,2128196.0
2026-04-24,651.0978068543675,651.0978068543675,624.2791328878261,634.2119750976562,3100512.0
2026-04-27,632.7220401222397,636.6951769518927,627.2589769814668,629.7421875,1706308.0
2026-04-28,629.7422185113901,629.7422185113901,612.8563861538291,613.8496704101562,1586556.0
2026-04-29,618.8160458890775,622.7891826203075,615.3395512492511,621.7958984375,1386975.0
2026-04-30,616.8295067826566,637.1918334960938,615.3395804377709,637.1918334960938,2036259.0
2026-05-04,640.6683263845689,647.6213159732387,635.7019052498048,636.1985473632812,2541203.0
2026-05-05,633.2187003466911,643.1515427050706,629.2455634033392,639.1784057617188,3237161.0
2026-05-06,656.0642521152902,682.8829270692838,655.5676099865125,678.9097900390625,5101224.0
2026-05-07,680.3996756166134,689.8358754974278,676.9231809236818,689.3392333984375,1788673.0
2026-05-08,687.3526533259902,691.8224321409714,679.4063798771349,683.3795166015625,1704259.0
2026-05-11,683.3795635102866,686.8560583827953,674.4400052666928,675.929931640625,2075272.0
2026-05-12,680.3997069592851,700.762033955877,673.943359375,673.943359375,3395510.0
2026-05-13,679.0,714.0,677.0,700.0,4226497.0
2026-05-14,704.5,727.0,704.5,724.0,3005288.0
2026-05-15,720.0,720.0,680.0,682.5,2967806.0
2026-05-18,683.5,684.0,664.5,664.5,2113454.0
2026-05-20,662.0,685.5,659.5,685.5,2005297.0
2026-05-21,687.0,689.5,654.0,659.0,1965479.0
2026-05-22,649.5,694.5,647.5,686.5,3506450.0
2026-05-25,687.5,695.0,674.0,679.5,1665766.0
2026-05-26,680.0,680.5,659.0,659.0,640106.0
2026-05-27,659.0,659.0,659.0,659.0,0.0
2026-05-28,659.0,659.0,659.0,659.0,0.0
2026-05-29,659.0,659.0,659.0,659.0,0.0
2026-06-01,659.0,673.0,657.0,664.0,2096118.0
2026-06-02,666.0,676.0,661.5,676.0,2724780.0
2026-06-03,674.0,679.0,666.0,667.0,1582173.0
2026-06-04,669.0,673.5,653.0,662.5,1959335.0
2026-06-05,660.0,673.0,656.0,662.0,1615480.0
2026-06-08,654.5,676.5,654.5,665.5,1962695.0
2026-06-09,668.0,681.0,661.0,674.0,2181395.0
2026-06-10,673.5,675.0,660.5,668.0,1340220.0
2026-06-11,668.0,673.0,659.5,666.5,1363874.0
2026-06-12,673.0,680.0,664.0,672.5,2571595.0
2026-06-15,682.5,704.5,680.0,699.0,2462141.0
2026-06-16,699.0,704.0,689.5,698.5,1934155.0
2026-06-17,701.0,706.5,669.5,681.0,1884173.0
2026-06-18,682.5,698.5,682.5,698.0,1709802.0
2026-06-19,694.0,695.0,681.0,687.0,997535.0
2026-06-22,687.0,689.5,679.5,684.5,935282.0
2026-06-23,681.5,697.0,677.5,696.5,1297337.0
2026-06-24,696.5,706.0,693.5,697.5,1675445.0
2026-06-25,700.0,712.5,691.0,694.0,1565020.0
2026-06-26,694.5,700.0,682.0,688.5,1425286.0
2026-06-29,688.0,690.5,670.0,672.0,1431983.0
2026-06-30,673.0,678.5,656.0,669.5,3055044.0
2026-07-01,667.5,671.5,652.0,659.0,2066175.0
2026-07-02,661.0,661.5,624.5,629.5,3711579.0
2026-07-03,632.5,643.0,628.5,632.5,2332368.0
2026-07-06,636.0,646.0,635.5,639.0,1775451.0
2026-07-07,638.0,654.0,634.5,648.5,2250986.0
2026-07-08,645.5,650.5,635.5,639.5,1942411.0
2026-07-09,641.5,642.0,620.5,626.0,1545684.0
2026-07-10,626.0,627.0,613.0,625.5,2947862.0
2026-07-13,623.0,631.0,617.5,626.0,1678553.0
2026-07-14,625.0,642.0,597.5,608.0,4989012.0
2026-07-16,609.0,629.0,609.0,627.0,3532270.0
2026-07-17,627.0,642.0,627.0,635.5,2499036.0
2026-07-20,635.0,656.5,633.0,649.5,2507246.0
2026-07-21,651.5,655.0,625.0,636.0,3473106.0
2026-07-22,636.5,645.0,634.5,639.0,2100323.0
2026-07-23,639.0,642.5,630.0,630.5,1450087.0
2026-07-24,628.5,636.0,619.5,623.0,1461437.0
2026-07-27,629.0,633.5,617.5,625.0,1542641.0
2026-07-28,625.0,637.0,621.5,634.0,2427010.0
2026-07-29,633.5,639.0,617.0,628.5,2288856.0
2026-07-30,626.0,633.5,611.5,623.0,2625158.0
2026-07-31,623.5,628.0,611.0,625.5,3813797.0
2026-08-03,629.0,635.5,608.0,610.5,2192609.0
2026-08-04,610.5,631.0,609.0,629.0,2222795.0
2026-08-05,627.0,632.5,618.0,631.0,1966737.0
2026-08-06,631.0,634.5,620.5,626.0,1430402.0
2026-08-07,627.5,654.5,626.0,654.5,3022232.0
2026-08-10,655.0,671.0,646.5,658.0,2368556.0
2026-08-11,659.5,659.5,628.5,630.0,2852537.0
2026-08-12,603.0,603.0,572.0,572.0,9738311.0
2026-08-13,572.0,573.5,551.0,552.0,7609525.0
2026-08-14,557.0,563.0,550.0,555.0,5521027.0
2026-08-17,556.5,565.0,554.0,562.0,3462577.0
2026-08-18,564.5,576.5,563.0,568.0,5111401.0
2026-08-19,569.0,575.5,568.0,573.0,4596385.0
2026-08-20,573.0,578.0,559.5,562.5,3394705.0
2026-08-21,564.5,576.0,562.5,573.0,3788990.0
2026-08-24,576.0,577.0,565.0,565.0,2526509.0
2026-08-25,566.0,567.5,554.0,555.5,2540221.0
2026-08-26,557.0,565.5,555.0,558.5,2721588.0
2026-08-27,560.0,565.5,559.0,563.0,2337535.0
2026-08-28,567.5,568.0,557.0,558.0,2407675.0
2026-08-31,558.5,558.5,533.5,533.5,3249481.0
2026-09-01,535.5,538.0,526.0,529.0,2438501.0
2026-09-02,527.0,531.0,515.0,525.0,2894579.0
2026-09-03,527.5,527.5,513.5,516.0,3255492.0
2026-09-04,517.0,527.5,514.5,527.0,3249041.0
2026-09-07,528.5,531.0,522.5,528.0,3935957.0
2026-09-08,528.5,539.0,522.0,539.0,3843347.0
2026-09-09,536.0,543.5,531.0,533.0,4188391.0
2026-09-10,535.0,544.0,528.5,542.0,4715276.0
2026-09-11,542.5,551.5,537.0,547.5,4179939.0
2026-09-14,544.5,549.0,538.5,538.5,2366588.0
2026-09-15,539.5,542.5,513.0,513.0,3919385.0
2026-09-16,514.0,517.0,483.5,498.0,4935428.0
