Date,Open,High,Low,Close,Volume
2021-09-20,8.061606037564168,8.137262529945813,7.994356000265747,8.095231056213379,9476520.0
2021-09-21,8.154075432878017,8.204513366607829,8.112043955050467,8.196106910705566,13832894.0
2021-09-22,8.254948985503395,8.271761894226074,8.128855376817743,8.271761894226074,8576506.0
2021-09-23,8.313793889094494,8.313793889094494,8.002762273245908,8.086824417114258,22720428.0
2021-09-24,8.036388008688386,8.086825139176128,7.834637081686215,7.9102935791015625,19729310.0
2021-09-27,7.9523239861971815,8.170886993408203,7.876667498956164,8.170886993408203,27742150.0
2021-09-28,8.170887630537527,8.196106194356421,7.93551169594888,7.969136714935303,31523757.0
2021-09-29,8.019574349584719,8.086824385086521,7.9775428769751775,8.02798080444336,20208103.0
2021-09-30,8.036386961594733,8.296980639089632,7.935511110395307,8.229730606079102,34829740.0
2021-10-01,8.170887792019714,8.26335639563892,8.112043406367759,8.221324920654297,23788561.0
2021-10-04,8.21291883501651,8.296980978880502,8.112042979685857,8.137262344360352,21953763.0
2021-10-05,8.120450047194925,8.187700088033017,8.019574985937789,8.179293632507324,16298583.0
2021-10-06,8.12885644754717,8.137262903015804,7.960731346593065,8.061606407165527,15437960.0
2021-10-07,8.330606648486368,8.37263812454842,8.179293655336473,8.288575172424316,33497226.0
2021-10-08,8.28016988454415,8.364232038700095,8.28016988454415,8.305388450622559,15932304.0
2021-10-11,8.305388671694306,8.540763831953397,8.305388671694306,8.48192024230957,20379989.0
2021-10-12,8.456700325012207,8.582793940307006,8.423075307488016,8.456700325012207,20287197.0
2021-10-13,8.515544492194799,8.658451026943393,8.423075888050768,8.490325927734375,26268705.0
2021-10-14,8.4567009394628,8.599606673061173,8.448294484050038,8.49873161315918,21954399.0
2021-10-15,8.523951698045366,8.540763808604591,8.280170082308242,8.423076629638672,22307891.0
2021-10-18,8.397856342266635,8.490325746116348,8.372637778345664,8.43148136138916,12853333.0
2021-10-19,8.473513016971618,8.557575967417982,8.46510656159024,8.490325927734375,13186728.0
2021-10-20,8.498731453373157,8.700482371067706,8.498731453373157,8.650044441223145,20339234.0
2021-10-21,8.633232332397423,8.734107390402848,8.490325799802145,8.650044441223145,37962899.0
2021-10-22,8.64163821683826,8.944264200623184,8.608013196604793,8.87701416015625,31604514.0
2021-10-25,8.809763731150406,9.011514663696289,8.76773305515028,9.011514663696289,26841103.0
2021-10-26,9.053545817861167,9.230076574794568,9.011514341679236,9.213264465332031,24524157.0
2021-10-27,9.238482107607242,9.322545051574707,9.13760705585647,9.322545051574707,25776222.0
2021-10-28,9.305732541410478,9.347764015197754,9.255295414212695,9.347764015197754,4435821.0
2021-11-01,9.364577530017437,9.524296178701023,9.255296011788147,9.490671157836914,16697268.0
2021-11-02,9.507483668945856,9.541108688394706,9.364577135867316,9.465452194213867,16287068.0
2021-11-03,9.465453200041074,9.742859840393066,9.33935876244594,9.742859840393066,30956629.0
2021-11-04,9.843734186167149,9.986640723930964,9.759671233947119,9.868952751159668,17416039.0
2021-11-05,10.003452539581728,10.205203458648002,9.910983936202308,10.179984092712402,31574481.0
2021-11-08,10.196797444710494,10.448985503196667,10.171578879366997,10.423766136169434,20814239.0
2021-11-09,10.440578516732359,10.642328632591028,10.331297003554655,10.60870361328125,32164624.0
2021-11-10,10.88610909661465,10.936547021202319,10.64232753142208,10.760015487670898,43686960.0
2021-11-11,10.73479843583104,10.835673497508612,10.64232902803047,10.68436050415039,26229434.0
2021-11-12,10.734798646153285,10.7852357771384,10.717985734702419,10.75161075592041,11605060.0
2021-11-15,11.155111486845296,11.819206237792969,11.096267100167392,11.819206237792969,57687658.0
2021-11-16,11.852831473583116,12.046175143042243,11.718330588504557,11.836018562316895,55513745.0
2021-11-17,11.85283104800498,11.96211176057673,11.440923555293276,11.701518058776855,39835712.0
2021-11-18,11.793986847456825,12.00414342393452,11.424111625596916,11.709924697875977,54997694.0
2021-11-19,11.852830831525932,11.91167441440273,11.583829877624087,11.634267807006836,21251819.0
2021-11-22,11.718329550196415,11.78558038761877,11.533392352756847,11.609048843383789,19102237.0
2021-11-23,11.609048590693025,11.852830165360373,11.281204072340254,11.33164119720459,65022720.0
2021-11-24,11.449330683222154,11.5502057480723,11.171924054463316,11.306424140930176,68679409.0
2021-11-25,11.348455241179305,11.533393254766262,11.29801730958878,11.390486717224121,48619539.0
2021-11-26,11.30642424468785,11.30642424468785,10.75161098207872,10.928142547607422,44035353.0
2021-11-29,10.961768141215412,11.054236755911475,10.726392975463014,11.012206077575684,42420129.0
2021-11-30,10.94495354679503,10.97857856284439,10.818859135347223,10.877702713012695,34868426.0
2021-12-01,10.978578820370926,11.323235443382428,10.978578820370926,11.155110359191895,45353550.0
2021-12-02,11.22236082725785,11.306422971765135,11.155110790978554,11.23917293548584,28983749.0
2021-12-03,11.32323749499916,11.701519203388274,11.31483103884559,11.6594877243042,42924364.0
2021-12-06,11.735143851092186,11.793987438918121,11.508174352305709,11.69311237335205,29399371.0
2021-12-07,11.802393744074443,12.012550328407452,11.701518679796648,11.953706741333008,39816398.0
2021-12-08,12.046174661553493,12.273144144473031,11.861236653435762,12.138643264770508,52712520.0
2021-12-09,12.197487490825417,12.525331226292604,12.113424542319953,12.289956092834473,59540255.0
2021-12-10,12.315175573467585,12.399238528230786,11.869643837263624,12.071393966674805,60398691.0
2021-12-13,12.189081299265439,12.727082417632257,12.172268388527238,12.525331497192383,51912328.0
2021-12-14,12.743893539259041,13.02970658619331,12.6682370501666,13.012893676757812,48912757.0
2021-12-15,13.181020716393286,13.323927252350385,12.895207644479086,13.02130126953125,50773047.0
2021-12-16,13.281895311048023,14.156146605356609,13.080145197365356,14.080490112304688,66526403.0
2021-12-17,14.458772756567512,14.845460078404734,12.676644325256348,12.676644325256348,82701623.0
2021-12-20,12.231112539334843,12.987675870970525,11.424111278137723,12.348799705505371,55505456.0
2021-12-21,12.365613067346812,12.600988209964305,11.121485710144043,11.121485710144043,57197505.0
2021-12-22,10.928142844614493,11.062642935971112,10.31448597737897,10.558267593383789,51303129.0
2021-12-23,10.835672410930743,10.995391042149727,10.289264879531803,10.844078063964844,34302827.0
2021-12-24,10.961766900554323,11.34004857454885,10.919735425291885,11.323236465454102,24934327.0
2021-12-27,11.424110936095737,11.64267395484528,11.138297881066897,11.23917293548584,31584839.0
2021-12-28,11.348455113583926,11.348455113583926,10.785235425293582,10.944954872131348,23887421.0
2021-12-29,10.894515910101124,11.281204005740657,10.751609387689754,11.213953971862793,23086645.0
2021-12-30,11.28120393506085,11.348453968517374,10.978578784506496,10.995390892028809,18156613.0
2021-12-31,11.012204995191569,11.222361572949549,10.944954954443714,11.121485710144043,15889680.0
2022-01-03,11.272798044100773,11.516579627990723,11.188735898918807,11.516579627990723,19340250.0
2022-01-04,11.625861166574772,11.819205624163457,11.390486037134513,11.676299095153809,40596327.0
2022-01-05,11.651080388951264,12.01254995944025,11.508173851859512,11.936893463134766,26531844.0
2022-01-06,11.928487253739176,12.331988308466054,11.82761219047839,12.273144721984863,38563971.0
2022-01-07,12.323582080997905,12.550551578800798,12.1554569724497,12.449676513671875,35680073.0
2022-01-10,12.60939404314466,12.75230057310166,12.55055046081543,12.55055046081543,20027151.0
2022-01-11,12.668237655957151,12.735487693547718,12.31517455776484,12.609394073486328,33845957.0
2022-01-12,12.735487321096025,12.769112338907938,12.558955777162566,12.64301872253418,33246109.0
2022-01-13,12.567362840724703,12.785925867929858,12.491706346562633,12.735487937927246,34148297.0
2022-01-14,12.769112796469544,13.02970729511262,12.668237739419103,12.937238693237305,33489883.0
2022-01-17,13.029706738311452,13.113769683103053,12.886800213175924,12.912018775939941,22828957.0
2022-01-18,12.912018958701537,13.054925485859819,12.315174286947444,12.323580741882324,27914651.0
2022-01-19,12.399236912667828,13.012893676757812,12.256330389200693,13.012893676757812,33483036.0
2022-01-20,13.029707169341586,13.365957356264026,12.79433203849588,13.096957206726074,45697142.0
2022-01-21,13.07173935754942,13.105364378079402,12.785926282202706,12.970864295959473,31818617.0
2022-01-24,12.903613305450326,13.113769868720308,12.222705687714772,12.323580741882324,48078482.0
2022-01-25,12.424456071039948,12.71867558680334,12.13023735696024,12.558956146240234,28614800.0
2022-01-26,12.609393735975424,12.853175316136936,12.567362263185439,12.752300262451172,21827773.0
2022-01-27,12.483301645375835,12.853176887440975,12.449676623369914,12.844770431518555,28958920.0
2022-01-28,12.878393879582177,12.937238262163651,12.693456681993721,12.701862335205078,26589669.0
2022-01-31,12.836364384286089,12.844770038267404,12.668238477720005,12.769113540649414,16176954.0
2022-02-01,12.82795734265142,12.954050965132403,12.727082284329894,12.735487937927246,22982102.0
2022-02-02,12.827957183123024,12.996082278234764,12.743894234725309,12.886800765991211,25666809.0
2022-02-03,12.853175472511625,12.945644072427655,12.516925289468183,12.600987434387207,18309645.0
2022-02-04,12.676644648879982,12.685051104356365,12.33198799118545,12.424456596374512,21341160.0
2022-02-07,12.41605044356976,12.811144214875986,12.180674509793306,12.71867561340332,23424429.0
2022-02-08,12.73548790872137,12.89520735196028,12.58417572242793,12.676644325256348,25569022.0
2022-02-09,12.777520562353276,12.962458586758403,12.735489083849778,12.90361499786377,34151185.0
2022-02-10,12.903612972161671,13.096956620568003,12.886800062726175,13.012893676757812,31120976.0
2022-02-11,12.886800791222656,13.054925886663574,12.685050676693555,13.046520233154297,23312154.0
2022-02-14,12.811143723200214,13.080144665523143,12.516925019796924,12.912018775939941,27893295.0
2022-02-15,12.928832912296613,13.407989658695005,12.920426456683094,13.357552528381348,22526017.0
2022-02-16,13.450020418107396,13.592926949184482,13.34073890600823,13.534083366394043,21674923.0
2022-02-17,13.542490927563547,13.609740971011645,13.181021342767206,13.273489952087402,21091956.0
2022-02-18,13.340740196914203,13.399583785398596,13.147396519503335,13.391178131103516,16605140.0
2022-02-21,13.576113823304441,13.643363860192547,13.27348865730796,13.466833114624023,20237976.0
2022-02-22,13.181021541734955,13.500458852093452,13.096958585314024,13.391178131103516,20666255.0
2022-02-23,13.45842799141125,13.534084490818106,13.357552926096695,13.382771492004395,21781085.0
2022-02-24,12.247924778581726,12.617800794817189,12.046174661553493,12.138643264770508,30881815.0
2022-02-25,12.51692613975585,13.11377085646499,12.2899566495205,13.080145835876465,35005481.0
2022-02-28,12.78592687861925,13.265083643943338,12.760708312466342,13.063333511352539,28113420.0
2022-03-01,13.189426528562496,13.29030239183617,12.802738391625834,12.970864295959473,20272994.0
2022-03-02,12.987675877908108,13.21464535853027,12.90361373083907,13.105363845825195,20133955.0
2022-03-03,13.239864586041158,13.52567766410446,13.239864586041158,13.365958213806152,21223858.0
2022-03-04,13.298706723692082,13.340738195597178,13.012893676757812,13.012893676757812,26988920.0
2022-03-07,12.920426156923826,13.054926236884759,12.643019541583472,12.85317611694336,24370975.0
2022-03-08,12.693456132142076,12.996081280100784,12.643018206640477,12.777518272399902,27124463.0
2022-03-09,12.903614484053879,13.164208197368177,12.844770095818602,13.147396087646484,29027229.0
2022-03-10,13.20623947177626,13.349146009797051,12.886801375122948,12.979269981384277,29191541.0
2022-03-11,13.01289542642566,13.48364733371144,12.954051838856815,13.323927879333496,30114456.0
2022-03-14,13.41639610415061,13.945990782145419,13.382771083405721,13.912364959716797,33745981.0
2022-03-15,13.887147142327107,14.088897266012875,13.64336474076881,13.794677734375,27444555.0
2022-03-16,13.878741494562249,14.021648040911783,13.811491449419382,14.00483512878418,25218923.0
2022-03-17,14.088897598634741,14.475584943986489,14.038460467364404,14.2570219039917,30497165.0
2022-03-18,14.290647873194265,14.425147960201988,14.147741330327623,14.30746078491211,21031507.0
2022-03-21,14.44196019893533,14.67733453854682,14.366303703098083,14.652116775512695,14482295.0
2022-03-22,14.668929100036621,14.752990444613152,14.584866152092719,14.668929100036621,17859020.0
2022-03-23,14.710959901988899,14.719366357194122,14.408333928070421,14.458772659301758,20335020.0
2022-03-24,14.500803545085448,14.837053741399455,14.458772871808977,14.526022911071777,26302366.0
2022-03-25,14.551241456919936,14.652117322927547,14.399928459592267,14.416741371154785,14856308.0
2022-03-28,14.458772444808492,14.517616027004733,14.29905300501344,14.391522407531738,15510195.0
2022-03-29,14.458773677640263,14.78661743689722,14.45036722184297,14.736180305480957,29315030.0
2022-03-30,14.75299022788726,15.13127268639405,14.744585376246974,15.047209739685059,27142427.0
2022-03-31,15.131274171976994,15.148087083642947,14.752991676330566,14.752991676330566,21859178.0
2022-04-01,14.928622081806841,15.148160641833412,14.840806322806953,15.00765609741211,22983681.0
2022-04-04,15.095471005248893,15.358916592447796,14.990091765401614,15.35013484954834,31170521.0
2022-04-05,15.376481846434768,15.481859423453537,15.130598041813661,15.279884338378906,39263917.0
2022-04-06,15.262320104167703,15.455515110831364,15.077908515930176,15.077908515930176,29027023.0
2022-04-07,15.12181523135463,15.358917275343506,15.10425341972107,15.235976219177246,26567632.0
2022-04-08,15.578455514268814,16.45660972595215,15.464296203726324,16.45660972595215,57448004.0
2022-04-11,16.605896163831414,18.089977264404297,16.597114420639116,18.089977264404297,93987276.0
2022-04-12,18.33586241267918,19.249143756674677,17.49283502586475,19.14376449584961,88462387.0
2022-04-13,19.319394843522893,19.688219721169823,18.318299464886834,18.88031768798828,77639725.0
2022-04-14,19.38964527415807,19.38964527415807,18.72224786033488,19.073509216308594,45671335.0
2022-04-15,19.14376296870768,19.372083286492916,18.93300613881663,19.03838539123535,49263906.0
2022-04-18,19.03838471241358,19.03838471241358,18.16023044837197,18.212919235229492,58393233.0
2022-04-19,18.35342297108909,18.529054486101835,18.107540860006754,18.283170700073242,86893931.0
2022-04-20,18.38855016573801,18.40611197749398,17.91434607445498,17.931909561157227,44243833.0
2022-04-21,17.984597701403498,18.406111317464624,17.94947240420485,18.248044967651367,40562840.0
2022-04-22,18.177793684766414,18.529055050546,17.721153071779796,17.773841857910156,50044738.0
2022-04-25,17.826530465597845,18.423675618918903,17.545521375787064,18.177793502807617,57310615.0
2022-04-26,18.353423724370295,18.37098721158168,17.48405120676261,17.721153259277344,59221601.0
2022-04-27,18.177795089456332,18.177795089456332,17.633338674215345,17.984600067138672,45246023.0
2022-04-28,18.03728976909421,18.423676447487875,17.703590203726694,17.75627899169922,50947363.0
2022-04-29,17.861656883211346,17.896782180870993,17.42257977531519,17.59821128845215,57623433.0
2022-05-05,17.984598049821987,18.125102591231045,17.703588967003867,17.791404724121094,48019385.0
2022-05-06,17.721151815024424,17.738715300804408,17.14157018385452,17.30841827392578,59452096.0
2022-05-09,17.255730032342846,17.43136154575475,16.948375721345137,17.299638748168945,51919531.0
2022-05-10,17.431361335441977,17.721152156612867,17.431361335441977,17.65089988708496,12081716.0
2022-05-11,18.616871660738322,18.634433473619406,17.47527007614843,17.703590393066406,85293194.0
2022-05-12,17.40501888702195,17.73871847680354,16.482957492784397,16.64102554321289,145379787.0
2022-05-13,17.001064790985662,17.044971828277372,16.623458240470978,16.939594268798828,155127004.0
2022-05-16,16.9220326438171,17.264512262183725,16.878123926753243,16.886905670166016,94476255.0
2022-05-17,16.965939050625494,17.141570562411616,16.667366485556826,17.053754806518555,81867289.0
2022-05-18,17.01862985719061,17.36111117838974,16.99228629975359,17.09766387939453,71257832.0
2022-05-20,17.07132075717438,17.36989336534625,17.00985022165896,17.334766387939453,69696761.0
2022-05-23,17.466488290214397,17.519178753570053,17.09766342145672,17.211824417114258,83718729.0
2022-05-24,17.290857005003726,17.42257980258953,17.229386477793433,17.299638748168945,65847470.0
2022-05-25,17.343544971287862,17.738715020358963,17.290856189727105,17.6684627532959,69677018.0
2022-05-26,17.703590992877693,18.12510466533991,17.554304691179016,18.037290573120117,78850748.0
2022-05-27,18.089979038765645,18.335861172482335,17.738717651351504,17.84409523010254,72616198.0
2022-05-30,18.107540047979846,18.845188023093517,18.08997656227695,18.651994705200195,124896641.0
2022-05-31,18.792499865677858,18.82762683825143,18.42367502838654,18.634431838989258,179683142.0
2022-06-01,18.63443419477555,18.739813450872195,18.177795218213966,18.230484008789062,76507159.0
2022-06-02,18.3358616764542,18.54662018964192,18.10754302456935,18.423677444458008,60099976.0
2022-06-03,18.406112909074228,18.493928672083772,18.002162744155243,18.054851531982422,54039933.0
2022-06-06,18.19535480464862,18.599306616137532,18.14266602052267,18.3885498046875,65893761.0
2022-06-07,18.651996802001637,18.75737605311926,18.42367648703544,18.599308013916016,99074583.0
2022-06-08,18.757376984741843,18.93300684539905,17.036193630643858,17.44014549255371,110715005.0
2022-06-09,17.440144493120897,17.598212531116587,17.00106735422014,17.563085556030273,102500542.0
2022-06-10,17.343546745104668,17.826530921192337,17.018628929865557,17.124008178710938,73520780.0
2022-06-13,17.07131845071197,17.39623457309387,17.00106618033646,17.299638748168945,53419783.0
2022-06-14,17.40501713000214,17.448925847881117,17.036192274550334,17.229387283325195,46802167.0
2022-06-15,17.29085754320376,17.527957916259766,16.983503222639257,17.527957916259766,48033648.0
2022-06-16,17.501614291015464,17.510396034418967,16.878123908937166,17.036191940307617,44505244.0
2022-06-17,17.08888229532892,17.22060678353353,16.957159482070754,17.19426155090332,54695179.0
2022-06-20,17.282075065150185,17.5806476295846,17.282075065150185,17.50161361694336,51892810.0
2022-06-21,17.59821048623283,17.79140380191972,17.545520029725907,17.6684627532959,42427390.0
2022-06-22,17.536739485088034,18.054850618180406,17.440143658118227,17.931909561157227,56838542.0
2022-06-23,17.96703244976226,17.984595934108786,17.457703128335517,17.54551887512207,44878946.0
2022-06-24,17.686026709501522,18.160230825916774,17.51039685800972,18.107542037963867,60182003.0
2022-06-27,17.650901271202994,17.96703567139554,17.56308550867037,17.861658096313477,47904436.0
2022-06-28,17.861659061410396,18.195356967129023,17.484052434579812,17.68602752685547,70629378.0
2022-06-29,17.738717907986754,17.738717907986754,16.851781845092773,16.851781845092773,56752115.0
2022-06-30,16.684930009079828,17.04497310159585,16.447827970121597,16.60589599609375,64709880.0
2022-07-01,16.605896906620107,16.860562445749213,16.570771607226007,16.728837966918945,44162172.0
2022-07-04,16.825435559497745,16.983503594964567,16.474174188986105,16.482955932617188,36465248.0
2022-07-05,16.553207432997112,16.59711447415391,15.894591765967622,15.929717063903809,40542008.0
2022-07-06,16.061444339744664,16.289763003533654,15.912158028838604,16.22829246520996,40485140.0
2022-07-07,16.289760944261854,16.412703680313967,16.245853900994454,16.333669662475586,30579382.0
2022-07-08,16.28976203461723,16.412704778898522,16.263418476872022,16.40392303466797,8870266.0
2022-07-13,16.43904808430091,16.500520292971167,15.877029861744223,16.114131927490234,35324351.0
2022-07-14,16.07900322287861,16.210726020263998,15.850682925769032,15.885809898376465,31811831.0
2022-07-18,16.06144195964452,16.31610581995426,16.06144195964452,16.28976058959961,33412975.0
2022-07-19,16.245852236373825,16.992283620061315,16.228288750887963,16.869340896606445,44994745.0
2022-07-20,16.957158731642426,17.053756238731896,16.76396539240986,16.965940475463867,31090569.0
2022-07-21,16.974721117588594,17.132789146222805,16.81665308895438,16.895687103271484,32091043.0
2022-07-22,16.957158193423208,17.56308509829951,16.957158193423208,17.32598304748535,48768686.0
2022-07-25,17.343545591660877,17.53673891425823,17.19425930944367,17.50161361694336,34779861.0
2022-07-26,17.54552322754081,17.75628006714216,17.220607061260313,17.334766387939453,34978196.0
2022-07-27,17.43136179567928,17.440143538970407,17.1942597516576,17.387453079223633,26032901.0
2022-07-28,17.49283434986899,17.519179582793797,17.141572952270508,17.141572952270508,38004382.0
2022-07-29,17.211824859306443,17.492833971303867,17.03619332683484,17.44892692565918,52657447.0
2022-08-01,17.510395434175372,18.212918132910637,17.510395434175372,18.14266586303711,48033685.0
2022-08-02,18.160232814424496,18.63443530781756,17.914348985476558,18.300737380981445,55900865.0
2022-08-03,18.476365351028946,18.739810943603516,18.33585913671678,18.739810943603516,33615845.0
2022-08-04,18.89787974647025,19.1086365641884,18.84518928583099,18.96813201904297,32922629.0
2022-08-05,19.038383887687864,19.547713271770455,18.82762707444123,19.372081756591797,41896854.0
2022-08-08,19.51258763093044,20.42586889229748,19.495025818170593,20.232675552368164,49978075.0
2022-08-09,20.285362752913187,20.443430780005293,19.74090640125663,20.07460594177246,45461071.0
2022-08-10,20.02191491344384,20.900069105699203,19.86384856579268,20.5312442779541,54572798.0
2022-08-11,20.777129099228002,21.216206217428,20.460993038141197,21.19864273071289,56039411.0
2022-08-12,20.864945266453955,21.304022393252364,20.460993438827334,20.794692993164062,79959838.0
2022-08-15,20.84738032314882,20.917632591531397,20.35561444447075,20.5312442779541,41925705.0
2022-08-16,20.61906277850331,21.30402374267578,19.776035445626192,21.30402374267578,72095347.0
2022-08-17,21.391838559896215,21.971420244282395,21.181081736023636,21.918729782104492,49363846.0
2022-08-18,21.936290618429798,22.217299682965773,21.07569993955184,21.74309730529785,77784675.0
2022-08-19,21.707971945155666,21.918728759192565,21.37427407500048,21.60259437561035,42908692.0
2022-08-22,21.62015974702209,22.46318707666454,21.198644407254452,22.392934799194336,64198183.0
2022-08-23,22.428058248619962,22.97251289466266,22.287552040827556,22.832008361816406,52507876.0
2022-08-24,23.077896020853057,23.09545783420874,21.93629440541206,22.04167366027832,46781832.0
2022-08-25,22.041669945819685,22.97251289466266,21.988981164738878,22.832008361816406,52386957.0
2022-08-26,22.97251474186132,23.358903075730726,22.076797016732996,22.34024429321289,64556397.0
2022-08-29,22.32268181108341,22.79688425017449,22.094361497837202,22.65637969970703,41371544.0
2022-08-31,22.691504787896562,22.902261596072375,22.357805252075195,22.357805252075195,40826151.0
2022-09-01,22.217300970895558,22.44562126780323,21.743098565738276,22.059234619140625,36100328.0
2022-09-02,22.182177255939617,23.165709109004478,22.00654573041914,23.00764274597168,68828461.0
2022-09-05,23.534533101730066,24.658571138583383,23.306214471927426,24.465377807617188,88342026.0
2022-09-06,24.58831852446844,25.16790018426378,23.358902933234273,24.27218246459961,79454993.0
2022-09-07,24.41268815530002,24.623446655082557,23.65747661837363,24.395126342773438,52478008.0
2022-09-08,24.693697923930895,25.361093671247204,24.324873076758045,24.51806640625,59206120.0
2022-09-09,24.728824377571765,25.220590305123636,24.46537876369128,25.08008575439453,55651241.0
2022-09-12,25.53672355818526,26.52025697948775,24.974705417410224,26.34462547302246,69837032.0
2022-09-13,27.134965309031198,27.134965309031198,24.307309297974772,24.377561569213867,78573985.0
2022-09-14,24.149241453666786,24.58831857100618,23.165707973850175,24.324872970581055,61454758.0
2022-09-15,24.447813485292873,24.74638605245815,23.446718215942383,23.446718215942383,49128091.0
2022-09-16,23.446719934135427,24.14924268780203,23.376467658768764,23.499408721923828,43054895.0
2022-09-19,23.534531163251163,24.096550972858843,22.621251694426196,22.72662925720215,48056963.0
2022-09-20,22.990078516186923,23.745291706617724,22.182176539779604,23.569660186767578,58589755.0
2022-09-21,23.30621586582975,23.587224973113145,23.00764327060454,23.2359619140625,48007599.0
2022-09-22,23.165707541819245,24.026299948713937,23.14814573041236,23.93848419189453,53039165.0
2022-09-23,24.272182388612336,24.605881934083914,23.727727703816363,23.78041648864746,69250316.0
2022-09-26,23.67503891272203,23.78041816475792,22.972516148970726,23.341341018676758,46018715.0
2022-09-27,23.464281370707983,24.07899002652417,23.20083576104181,23.604785919189453,50842276.0
2022-09-28,23.41159028854765,23.745289814685794,22.97251319885254,22.97251319885254,41505945.0
2022-09-29,23.113019780228512,23.253524327377,21.76066309518773,22.42806053161621,42937026.0
2022-09-30,22.41049653087593,22.796883189205793,22.269991986947566,22.638816833496094,39079538.0
2022-10-03,22.744194712601736,24.658571243286133,22.744194712601736,24.658571243286133,43505704.0
2022-10-04,24.83420453317392,25.15033894636274,24.395127377406713,24.763952255249023,65509737.0
2022-10-05,24.869327624274145,25.009832167635878,24.166804907465494,24.623445510864258,40696242.0
2022-10-06,24.85176424820334,26.098743332297246,24.799075462944806,25.905550003051758,60499716.0
2022-10-07,25.923113524637344,26.01092928348382,25.41378413326334,25.606977462768555,52622262.0
2022-10-10,25.677229439572518,25.870422766856038,25.29084111005921,25.466472625732422,49444691.0
2022-10-11,25.64210304868515,25.712355316971433,24.992267473354318,25.097646713256836,53531287.0
2022-10-12,25.09764696253207,25.115210448514635,24.09655171077294,24.149240493774414,48858017.0
2022-10-13,24.25462109274716,24.90445503597049,24.149241845897777,24.658571243286133,52532121.0
2022-10-14,25.150336926769306,25.37865723042751,24.88689132444246,25.00983238220215,38194764.0
2022-10-17,25.150336324199774,27.5037899017334,25.132774512759358,27.5037899017334,72425475.0
2022-10-18,28.20631388388683,28.768332074117836,27.43353887231919,27.819927215576172,89825955.0
2022-10-19,27.872616160040714,29.06690482104591,27.468666002260836,28.856149673461914,55045080.0
2022-10-20,28.979090690126437,30.208507998755532,28.750772055611545,28.80345916748047,60890943.0
2022-10-21,28.803457912953554,29.628925028468796,28.46975836944968,29.488420486450195,37502787.0
2022-10-24,29.64648536789426,29.927497803746558,29.347912795325456,29.523544311523438,35690093.0
2022-10-25,29.628927753357427,30.120692020702442,29.242537714851686,29.85724639892578,45865168.0
2022-10-26,30.10312630459144,30.401698880478317,29.242535550539287,29.365476608276367,38151465.0
2022-10-27,29.383040298625655,29.505981357214388,28.46975907783422,28.57513999938965,34086939.0
2022-10-28,28.575141735374107,28.733209777417528,27.784801525157,27.837491989135742,21541416.0
2022-10-31,28.065807594501297,29.453292846679688,27.48622595305914,29.453292846679688,54162594.0
2022-11-01,29.593798383672933,30.261194128189278,29.17228475294273,29.330352783203125,38544388.0
2022-11-02,29.45329379389021,29.945058020691025,29.084467273897044,29.27766227722168,36926550.0
2022-11-03,29.365475665224864,29.699175204003687,28.891274936309394,29.541107177734375,42206605.0
2022-11-04,29.59380109599396,30.173382810104183,29.383042586366212,30.05044174194336,74305506.0
2022-11-07,30.401701868827633,32.66734164088767,30.296324287536653,32.21070098876953,83526112.0
2022-11-08,32.42145206068896,32.82540554614065,31.648678762199825,32.12288284301758,72836305.0
2022-11-09,32.15800998059343,32.70246806617847,31.490614177153923,31.578428268432617,35337679.0
2022-11-10,31.367670254816144,32.56196054692092,31.05153419515399,32.403892517089844,52525311.0
2022-11-11,32.84297034195956,33.19423003258016,31.613553050055888,31.7891845703125,49232031.0
2022-11-14,31.7891869359486,32.6146507877223,31.631118890944062,32.316078186035156,36586945.0
2022-11-15,32.49170780198891,32.94834842173371,31.824312034603537,32.66733932495117,55708167.0
2022-11-16,32.77271732574667,34.12507571531461,32.22826261237371,32.263389587402344,71919375.0
2022-11-17,32.245827176238635,32.28095080254696,30.665146746114914,31.49061393737793,43974279.0
2022-11-18,31.43792434649064,32.45658323537493,31.40279736931358,31.964818954467773,45723338.0
2022-11-21,32.1404463608406,33.80894088745117,32.08775924624612,33.80894088745117,47741459.0
2022-11-22,34.24801566082134,35.038355823720416,33.79137505002328,34.86272430419922,56568986.0
2022-11-23,34.985664091161446,35.249109685920644,34.072382902763245,35.1964225769043,68645431.0
2022-11-24,35.19642099976256,35.74087565118703,34.38851741549147,34.73978042602539,85570270.0
2022-11-25,34.810032212528355,35.58280885228154,34.26557754242365,35.30179977416992,87448465.0
2022-11-28,35.600376690756015,36.33802644845416,35.51255924942715,35.881385803222656,57002781.0
2022-11-29,35.98675983714615,36.10970089300031,35.02079152695561,35.670623779296875,43888727.0
2022-11-30,35.82869289439777,36.82978820800781,35.424742741518735,36.82978820800781,49149123.0
2022-12-01,37.216176114810374,37.303990195280115,36.17995388578378,36.496089935302734,49285972.0
2022-12-02,36.531217263094625,36.54878075094861,34.75734853844824,35.10860824584961,76921734.0
2022-12-05,35.56524757914173,35.95163424811426,34.96810241352522,35.44230651855469,55097736.0
2022-12-06,35.459864951571284,36.05701003207501,35.21397951555127,35.4774284362793,53909040.0
2022-12-07,35.582810811141925,35.74087884501803,34.248015941684045,34.6519660949707,51239825.0
2022-12-08,34.75734660528618,35.3720518965226,34.142637964157174,35.05591583251953,56388171.0
2022-12-09,35.28423557146532,35.37204965038212,34.774904534049206,35.21398162841797,63224018.0
2022-12-12,35.354488911555414,36.23264316852283,35.12617027869665,35.9340705871582,206894421.0
2022-12-13,35.86381912231445,36.16239169646756,35.31936443411499,35.86381912231445,108949284.0
2022-12-14,36.00432865155262,36.2677742887805,34.16020584106445,34.16020584106445,107172180.0
2022-12-15,34.932977779738934,35.53012298536634,33.87919527558975,34.687095642089844,109352669.0
2022-12-16,34.86272147474456,35.372049155137184,34.669526483961675,34.73978042602539,19669683.0
2022-12-19,35.10860775651051,36.794665718172475,35.10860775651051,36.51365661621094,119070260.0
2022-12-20,36.51365777716714,36.68928595905767,36.10970424909753,36.37314987182617,78893331.0
2022-12-21,36.88247705609019,37.971389757413164,36.864913569790666,36.97029113769531,107691511.0
2022-12-22,37.303990303769424,38.48071707490528,36.987854253331065,38.37533950805664,87804062.0
2022-12-23,38.375340532840056,38.39290401943259,37.62012735882382,37.953826904296875,53814719.0
2022-12-26,38.32264829751929,39.27105643021975,38.287521325961706,38.884666442871094,55314146.0
2022-12-27,38.88466745914165,39.06029897162741,38.28752232662558,38.46315383911133,44111744.0
2022-12-28,38.60365579875578,39.39399587716712,37.40936561355299,38.129451751708984,81082077.0
2022-12-29,38.094334163722614,38.90223450523679,37.86601217163015,38.67391586303711,57991906.0
2022-12-30,38.831979395211555,40.46534672633766,38.796852423599894,39.58719253540039,71248839.0
2023-01-02,40.39509486560897,40.76391803686827,40.114085778013525,40.21946334838867,38154537.0
2023-01-03,40.37753668433868,40.53560473561717,39.56963628882016,39.69257736206055,52706622.0
2023-01-04,39.85063776961127,40.289714861189516,39.00760720786285,39.39399719238281,54953792.0
2023-01-05,39.56963375454865,39.657447844126786,37.60256665900604,38.0767707824707,50726258.0
2023-01-06,36.882479482523415,38.55097394192798,35.74087959709051,37.90113830566406,85542657.0
2023-01-09,38.182142351154404,38.23483280654497,36.17995194480432,36.443397521972656,57454245.0
2023-01-10,36.42583672658073,36.90004081043504,34.880286769813104,35.284236907958984,55210086.0
2023-01-11,35.47743581597351,36.02189055560574,33.70356369018555,33.70356369018555,63950846.0
2023-01-12,34.68709022182282,35.020789749268445,32.49170476474543,34.82759475708008,77471929.0
2023-01-13,34.65196742347662,35.24911260770389,34.37095831912176,34.72222137451172,61393044.0
2023-01-16,34.89785256920789,36.109703063964844,34.792471643660804,36.109703063964844,46258436.0
2023-01-17,36.16239281840389,36.82978858433245,35.951634321330694,36.72441101074219,48800579.0
2023-01-18,36.90004542128199,37.321559098525235,35.98676411230848,36.54878234863281,57608314.0
2023-01-19,36.42583830203449,37.6201286315918,36.25020678005971,37.6201286315918,75617034.0
2023-01-20,37.77819474426084,38.269962310791016,37.35668112290318,38.269962310791016,68603533.0
2023-01-23,38.46315075205935,39.09542280630493,37.286424067709085,37.655250549316406,57707615.0
2023-01-24,37.655251811771684,37.95382436407644,36.5839026505795,37.022979736328125,60123557.0
2023-01-25,37.12836389766398,37.30399543315642,34.65196896191001,36.16239547729492,61196714.0
2023-01-26,36.144832584292324,36.16239607312024,35.12617368152385,35.16130065917969,60069208.0
2023-01-27,34.84515797560126,35.3193620346689,33.79137229430395,35.038352966308594,61409118.0
2023-01-30,35.09104224954047,35.2491102790342,34.441209994859655,34.47633361816406,36602119.0
2023-01-31,34.24801573665255,35.143733473290574,33.84406558578421,34.26557922363281,51922374.0
2023-02-01,34.388517516520174,34.59927599343817,32.64977264404297,32.64977264404297,47726942.0
2023-02-02,32.755155418026625,34.96810470317123,31.87700109931335,33.70356369018555,115520759.0
2023-02-03,33.70356148333932,35.494993630296186,33.44011587495384,35.44230651855469,64152404.0
2023-02-06,34.59927988533673,35.31936612514255,33.79137620781512,35.12617111206055,13472852.0
2023-02-07,35.03835441371561,35.07347803629233,31.876997239230477,32.614646911621094,38492641.0
2023-02-08,30.770526885986328,30.770526885986328,30.770526885986328,30.770526885986328,500.0
2023-02-15,34.458773685060166,35.86381912231445,34.458773685060166,35.86381912231445,27700051.0
2023-02-16,38.199713878657185,38.49828648894586,34.95054214313764,35.16130065917969,59519464.0
2023-02-17,34.54658542173189,35.65305820966405,34.47633147969565,35.038352966308594,29258557.0
2023-02-20,35.17886086831285,36.250206787791456,34.77490736271691,35.74087905883789,32740823.0
2023-02-21,35.38961729830534,36.58390767143126,35.3369301847157,35.40718078613281,40264968.0
2023-02-22,35.40717851773367,36.14482820976531,35.30180094741274,35.86381912231445,27821362.0
2023-02-23,35.881379766518194,36.47852486751898,35.75843871923432,36.03944778442383,27557137.0
2023-02-24,36.057014410639766,36.16239198179213,35.65306091308594,35.65306091308594,19593547.0
2023-02-27,35.7057518437516,37.67281884722117,34.634402581602686,37.53231430053711,48307906.0
2023-02-28,37.76063125796771,38.269962310791016,36.9702911242393,38.269962310791016,41199422.0
2023-03-01,38.269967096268054,39.14812142137865,37.8133264452234,39.025177001953125,39095314.0
2023-03-02,39.130553455776976,39.74525873310872,38.69147634345858,39.34130859375,46227762.0
2023-03-03,39.1832428935107,39.78038806973625,37.479624802451184,38.586097717285156,50500725.0
2023-03-06,38.77929281778139,40.482910912690656,38.410469628634196,40.27215576171875,45754519.0
2023-03-07,40.482909785673556,41.13274540784685,39.411563873291016,39.411563873291016,44087142.0
2023-03-08,39.42912919720594,40.992242770806016,39.35887524563647,40.939552307128906,42226946.0
2023-03-09,40.921985182781334,41.202994264302305,40.07895793821844,40.14921188354492,29978935.0
2023-03-10,39.86820549838622,40.096524136353935,39.253496834775504,39.28862380981445,29314324.0
2023-03-13,39.5345071868144,39.63988476537438,38.60366241817158,39.25349807739258,35048737.0
2023-03-14,39.34130542197561,39.39399587716712,38.129451751708984,38.129451751708984,25838949.0
2023-03-15,38.1294547868706,38.26996267856592,36.26776877051033,37.16348648071289,71343202.0
2023-03-16,37.198612736920786,38.37533950805664,37.16348576467376,38.37533950805664,25748466.0
2023-03-17,38.515843142331725,38.63878419241572,37.00541687011719,37.00541687011719,26957166.0
2023-03-20,36.952733807053875,37.00542092006041,36.00432557422338,36.215084075927734,24699299.0
2023-03-21,36.35558670029973,36.900041388499204,35.5476830614591,35.86381912231445,26613679.0
2023-03-22,36.12727059362327,36.61903825151915,35.653066425283654,36.60147476196289,21542818.0
2023-03-23,36.3907110809934,36.91760564334628,36.26777002141218,36.82978820800781,19089677.0
2023-03-24,36.952733421822266,37.286429633694006,36.32046127319336,36.32046127319336,27422185.0
2023-03-27,36.531215248654476,36.671719793845746,35.75844192504883,35.75844192504883,23263451.0
2023-03-28,35.758445626238945,35.758445626238945,34.634405798472116,34.669532775878906,26787715.0
2023-03-29,34.61684007107038,36.40827560424805,34.2304533942624,36.40827560424805,25802395.0
2023-03-30,36.144827959778425,37.00541870288119,35.68818735835589,35.776004791259766,33887499.0
2023-03-31,35.60037111695193,35.61793460246786,34.73978042602539,34.73978042602539,25589738.0
2023-04-03,34.91435473642243,35.42888333115838,33.756669779440664,35.00623321533203,30578452.0
2023-04-04,35.00623448246451,36.47631473280624,34.840850410489324,36.402809143066406,25260332.0
2023-04-05,36.34768034113581,36.549813685721055,35.81477537600397,35.85152816772461,25941070.0
2023-04-06,35.906660173755895,36.36605959150647,34.914355749043736,35.86990737915039,22244989.0
2023-04-07,35.906658678120294,36.36605807673531,35.83315309197105,35.96178436279297,13694887.0
2023-04-10,36.14554449254483,37.57887186488883,36.072038907068055,37.52374267578125,27494000.0
2023-04-11,37.56049330938602,38.01989267738997,37.30322727994527,37.76262664794922,30137398.0
2023-04-12,37.74425557245338,38.14852577395756,37.52374232303525,37.799381256103516,28605779.0
2023-04-13,37.81776231479792,38.626306322429706,37.79938591633588,38.46092224121094,46790893.0
2023-04-14,38.387412416209145,38.88356460517834,37.72587966918945,37.72587966918945,24357405.0
2023-04-17,37.85450746514577,37.89126025464583,37.101092805089195,37.17459487915039,15877753.0
2023-04-18,37.21135418252768,37.43186745319013,36.91733882493744,36.990840911865234,15136484.0
2023-04-19,37.08271641033917,37.59724144358429,36.62331705640521,37.17459487915039,15702546.0
2023-04-20,37.10109362288658,37.358356145179826,36.91733317627469,37.2297248840332,9162893.0
2023-04-24,37.33998175477058,37.76262835121209,37.15622129829278,37.19297409057617,24324047.0
2023-04-25,37.39511281577295,37.52374409026692,36.696823747177994,36.82545852661133,26038394.0
2023-04-26,36.78870636206176,37.08272171020508,36.38443262966013,37.08272171020508,32872569.0
2023-04-27,36.93570942502613,37.08271708074514,36.329302407067836,36.62331771850586,23079343.0
2023-04-28,36.75194711831084,36.770323512462646,34.9143497623953,35.09811019897461,20990147.0
2023-05-02,35.13486955781687,35.57589258511924,34.47333326439358,34.51008605957031,15489690.0
2023-05-03,34.528456659574175,35.52075742815497,33.49939959704884,35.35537338256836,20536981.0
2023-05-04,35.318622271336864,35.83315082704167,34.54683119024917,34.78572082519531,12138592.0
2023-05-05,34.7673439471637,34.84084602270741,34.197689718178786,34.454952239990234,11904501.0
2023-05-08,34.82247660522757,36.23742412123641,34.47333207299401,36.01691436767578,21464994.0
2023-05-09,35.6310158831295,36.82545711168436,34.91435394994796,36.237422943115234,66505980.0
2023-05-10,36.1271673973269,36.8622057131798,35.502383952617144,36.384429931640625,25951176.0
2023-05-11,36.51306579429213,40.022876924140924,36.47631300116698,39.949371337890625,65733297.0
2023-05-12,40.02287602198491,40.92329840361908,38.58954866686606,38.88356399536133,52767117.0
2023-05-15,35.00623321533203,36.751952354128875,35.00623321533203,35.00623321533203,72692863.0
2023-05-16,34.63871529445084,35.37375362992905,33.86692416596391,34.951107025146484,61933704.0
2023-05-17,35.11649073250033,35.575890125631155,34.675467735687455,35.22674560546875,32165272.0
2023-05-18,35.31862128121385,35.631012983966485,34.013928790560385,34.124183654785156,29588054.0
2023-05-22,34.234438196791686,34.30794377554231,32.91136932373047,32.91136932373047,27914500.0
2023-05-23,32.94812293346808,33.46264797777783,32.635731225877585,32.96649932861328,18468042.0
2023-05-24,33.07675398440814,33.2421380347253,31.60667743152115,31.71693229675293,30398209.0
2023-05-25,31.974197935473907,32.176334795560855,31.349414463331808,31.62505340576172,18103468.0
2023-05-26,31.71693105986678,32.94812143924821,31.533170621687393,32.65410614013672,21243937.0
2023-05-29,33.04000418489339,33.86692451132603,32.28658944522778,33.3891487121582,33984023.0
2023-05-30,33.995555799855026,36.64169734079431,33.97717940315428,36.090415954589844,64676634.0
2023-05-31,35.9985383954484,36.292553740291055,35.0429867722401,35.465633392333984,52944464.0
2023-06-01,35.66776719232156,36.586565942262744,35.66776719232156,36.2006721496582,31327318.0
2023-06-02,37.48698874063586,38.0382701000938,36.56818997981175,37.33998107910156,60360415.0
2023-06-05,38.25878307592093,39.96774947639142,37.35836063474668,39.37971878051758,83927322.0
2023-06-06,38.86518645420525,39.728859523037215,38.42416347445532,38.69980239868164,55648303.0
2023-06-07,39.61860500798963,41.290818616756304,39.61860500798963,39.98612594604492,81961723.0
2023-06-08,39.857492045572855,40.4087699114283,39.214332198782046,39.89424133300781,35983158.0
2023-06-09,40.50065405512143,40.51902694735043,39.45322044615984,40.059627532958984,38219978.0
2023-06-12,40.20663242530215,40.81303947017163,39.23270797729492,39.23270797729492,35954297.0
2023-06-13,39.25108391835257,39.618601317231544,38.00151705129804,38.4976692199707,34005134.0
2023-06-14,38.442544282849894,39.47159802039061,37.634000308026735,37.94639205932617,50410004.0
2023-06-15,37.94639028107529,38.82843630048986,37.94639028107529,38.79168701171875,26138233.0
2023-06-16,39.067326084458905,40.79466884025557,39.0121968937101,40.40877151489258,61590660.0
2023-06-19,40.53740194434032,40.55577834087397,38.93869400024414,38.93869400024414,39699861.0
2023-06-20,39.08570319438227,39.85749435424805,38.88356632955523,39.85749435424805,42307404.0
2023-06-21,40.05962516361329,40.0963779557763,38.58954852648478,38.681427001953125,38532584.0
2023-06-22,38.77330968503997,40.07800228601876,38.056644244630085,39.82073974609375,56753595.0
2023-06-23,40.59253468158122,42.852779078669094,40.39039780698424,42.72414779663086,70859424.0
2023-06-26,43.55106158147876,43.936955369052995,42.88952536856405,42.907901763916016,47047386.0
2023-06-27,42.81602065794925,42.98140471454152,42.283119201660156,42.283119201660156,15732293.0
2023-07-03,42.76089928274343,43.900207892979736,42.76089928274343,43.624568939208984,51683294.0
2023-07-04,43.734820532647696,44.37798037973294,43.183542666539886,43.275421142578125,43791989.0
2023-07-05,43.34892502326786,44.0104612405429,41.73183727102645,43.71644592285156,64144170.0
2023-07-06,44.047207360150466,44.671990741565835,43.293792724609375,43.293792724609375,50693964.0
2023-07-07,43.23866987037338,43.936955369052995,42.76089410603931,42.907901763916016,42014461.0
2023-07-10,43.36730312355555,43.569436471827515,43.091664190501646,43.275421142578125,33839041.0
2023-07-11,43.90020783610566,45.021143552252575,43.367306326831184,44.910888671875,79605095.0
2023-07-12,44.6352450463234,46.67497589202976,44.21259495672741,45.939937591552734,90981564.0
2023-07-13,46.169639231509414,46.99655954509423,45.93993953384021,46.44527816772461,55076579.0
2023-07-14,46.858736528669084,48.971972965248696,46.44527638772242,48.236934661865234,47596880.0
2023-07-17,48.78821372912864,49.707012507492195,47.63971525617421,49.56919479370117,44404837.0
2023-07-18,49.98265561479384,50.212355312463046,46.215578470055405,46.44527816772461,50170991.0
2023-07-19,46.491215641698744,48.374755895047905,46.03181626379683,48.09911346435547,44424304.0
2023-07-20,48.3288116320097,48.834153735745915,46.85873507097434,48.46663284301758,84306346.0
2023-07-21,48.282875392843806,48.880096004353085,47.455958590299275,48.145057678222656,38319784.0
2023-07-24,48.37475739641652,49.29355618073639,47.22625891601669,48.00723648071289,41697650.0
2023-07-25,48.0991164822934,48.46663740965036,46.67497902242898,47.77753829956055,35236703.0
2023-07-26,47.86941454340133,48.788213313945995,47.18031546549283,48.69633483886719,28988117.0
2023-07-27,49.10979809222171,50.396114349365234,48.83415914461519,50.396114349365234,50511569.0
2023-07-28,51.13115471673956,53.93349036094541,49.293557113333854,53.060630798339844,107850322.0
2023-07-31,53.749729924724626,53.93349038613889,52.27965324328907,52.92280960083008,57339686.0
2023-08-01,52.92281035408279,53.6119094654898,51.86619381955564,52.23371124267578,33479384.0
2023-08-02,52.23370741134032,52.968749213544044,51.544608350478626,52.37152862548828,34962989.0
2023-08-03,52.46340736601992,52.83092826899728,50.763631075862605,50.8095703125,36738759.0
2023-08-04,50.90145316009644,52.78498993391271,50.62581072568598,52.4174690246582,37614614.0
2023-08-07,53.382208238918494,54.30100702791839,52.64716990870642,53.74972915649414,39708528.0
2023-08-08,54.11725084755316,54.20912932579065,51.95807155957928,52.92280960083008,35849506.0
2023-08-09,53.152509711838704,55.49544947932043,52.14183242366411,54.94416809082031,66654111.0
2023-08-10,56.0467265683504,57.70056370052699,53.611908356438164,54.48476791381836,91280539.0
2023-08-11,54.3469513833679,57.195226311777894,53.84160923047703,56.82770538330078,61608156.0
2023-08-14,57.746506101493296,57.97620581312205,55.54139097282091,56.46018981933594,43036920.0
2023-08-15,56.460185568194234,57.103345413316234,54.392888319191556,55.72514724731445,35628086.0
2023-08-16,55.862966148189976,56.23048706891027,54.85228887361806,55.63326644897461,27659438.0
2023-08-17,55.63326228349126,56.87364266934561,55.35762336605885,56.046722412109375,29433479.0
2023-08-18,56.13860460591819,56.41424704656954,52.83093036749424,53.74972915649414,36190587.0
2023-08-21,52.55529291062802,55.357628594944394,52.14183274295592,54.80635070800781,52989790.0
2023-08-22,55.12792341414941,55.31168385985104,53.15250475650013,53.88754653930664,35393263.0
2023-08-23,53.97942996737156,54.66852907333801,52.78499221801758,52.78499221801758,35634963.0
2023-08-24,52.92281109802425,56.460188689269124,52.647172150574626,53.97943115234375,88007127.0
2023-08-25,54.255065556777495,55.26574628604987,53.014688644646725,54.66852569580078,45606333.0
2023-08-28,56.04672664712365,57.1492859051041,55.31168831011644,56.78176498413086,45949737.0
2023-08-29,57.10334434735458,57.930261128555884,56.41424527721726,56.55206298828125,38933178.0
2023-08-31,56.78176570927543,57.05740465105584,54.668529149039905,54.94416809082031,31840409.0
2023-09-01,55.219809273576985,56.735828772302554,55.12793079090127,56.46018981933594,26236531.0
2023-09-04,56.96552419474038,57.70056251562016,55.679204504496376,55.72514724731445,34645133.0
2023-09-05,55.725151443111805,56.5061290606738,55.31169126119216,56.46018981933594,24944373.0
2023-09-06,56.64394533578897,56.68988457310918,55.03604749500757,56.13860321044922,27340312.0
2023-09-07,56.27642489462388,58.66530030450163,56.13860367657974,58.29778289794922,45691413.0
2023-09-08,58.89500041474423,59.76786346194871,58.25184407249116,59.1706428527832,37118909.0
2023-09-11,59.76786574492033,59.85974422448337,56.78176608997103,57.10334777832031,27740732.0
2023-09-12,57.05740231196848,57.60868367786863,55.90890384751711,56.00078582763672,28487134.0
2023-09-13,56.04672933269905,56.50612875345888,54.07131042145602,54.30101013183594,29572484.0
2023-09-14,54.43882759843468,55.4954475951479,53.6578500390826,55.44950485229492,32667124.0
2023-09-15,55.54138595560716,55.67920366717127,53.749727665760645,53.84160614013672,31759385.0
2023-09-18,53.88754907800121,54.25506648177958,51.177092014792144,51.26897048950195,41236233.0
2023-09-19,51.820255678305884,52.095894627724014,50.35017543984352,51.406795501708984,153318510.0
2023-09-20,51.49867170537335,52.647170197932695,51.03927230834961,51.03927230834961,47459094.0
2023-09-21,50.94739384944334,52.417470518478076,50.763633389579184,52.325592041015625,59566631.0
2023-09-22,52.73905258616577,52.830931064301886,51.5905540847679,51.912132263183594,41179184.0
2023-09-25,52.14183277890001,53.42815252255786,52.04995429932702,53.38220977783203,55521911.0
2023-09-26,53.7956660845184,54.30100469577702,53.19844900028153,53.52002716064453,70175477.0
2023-09-27,53.52002601091286,53.9794253758134,53.014687410510064,53.336265563964844,39265136.0
2023-09-28,53.38220446328341,54.02536427108156,53.198447522431636,53.61190414428711,37134112.0
2023-09-29,53.93348852210371,55.219804697667676,53.79566730457153,54.85228729248047,60124679.0
2023-10-02,55.127928576869216,56.41424831230522,54.80635039547987,56.09266662597656,59778775.0
2023-10-03,56.23048473799785,56.68988411738518,54.66852614709308,55.403564453125,48884081.0
2023-10-04,55.40356707544968,55.49544905863951,54.11725085524554,54.209129333496094,42988585.0
2023-10-05,54.85228994776264,55.17386813098576,53.38220974103289,54.80635070800781,57688886.0
2023-10-06,54.30100479334917,55.17386430796742,54.20912632020581,54.66852569580078,36563608.0
2023-10-09,53.565970978699625,54.0713096331805,52.693111390993,52.8309326171875,36402486.0
2023-10-10,53.52002531612968,54.438824034003154,53.198447166849554,54.163185119628906,33386413.0
2023-10-11,54.11724574404246,54.66852357135788,52.9687473496862,53.014686584472656,35270716.0
2023-10-12,53.56596441178808,54.071303004317045,51.77430621560453,53.014686584472656,40036325.0
2023-10-13,52.83092917133474,52.83092917133474,51.91213040313762,52.4174690246582,28596758.0
2023-10-16,52.968752286445344,53.19845198672491,51.498672101692506,51.912132263183594,30425075.0
2023-10-17,52.095891272318994,53.47408943558172,52.004009291804635,53.29032897949219,29193731.0
2023-10-18,52.4634117131578,53.15251083463503,51.49867364407754,51.544612884521484,31612624.0
2023-10-19,51.59055249307502,52.18776959241276,50.39611128452121,51.13115310668945,26559851.0
2023-10-20,50.94739691480863,50.94739691480863,48.92603874456184,49.43137741088867,27431187.0
2023-10-23,49.84483413571678,50.90145414149107,49.063856569667415,50.442054748535156,25945863.0
2023-10-24,50.57986991561455,52.095889237978795,50.30423099471352,51.63648986816406,25601456.0
2023-10-25,51.68243121655761,52.32559106157372,48.14505732637779,48.42069625854492,36159687.0
2023-10-26,48.69633345466434,50.25829202117912,48.00723439634362,49.936710357666016,41822137.0
2023-10-27,50.07453153913433,50.71769136080827,48.788211895786446,50.21235275268555,29207489.0
2023-10-30,50.44205175929363,51.131150807890876,49.7529527106964,50.76362991333008,19834837.0
2023-10-31,51.13115777433132,51.22303625802014,49.017917600093696,49.155738830566406,21316015.0
2023-11-01,49.61513788180919,49.84483759422498,47.82347942397819,49.43137741088867,19522387.0
2023-11-02,49.798897157172256,50.671756744384766,49.752957916779884,50.671756744384766,13786109.0
2023-11-03,50.717692957954604,51.26897081964162,49.93671189813564,51.13115310668945,16205440.0
2023-11-06,51.912131552678034,52.69310912096387,51.63649261710299,52.463409423828125,18721661.0
2023-11-07,52.37152759866151,53.611904481917364,52.14182791621124,53.336265563964844,31040819.0
2023-11-08,54.39288900978192,54.438828248244064,52.46340944991859,53.74972915649414,25585243.0
2023-11-09,52.83093183776302,54.16319081987708,52.50935365463932,53.65785217285156,29107650.0
2023-11-10,53.657849464687814,53.749727939531866,52.279651312392126,52.4174690246582,23869871.0
2023-11-13,52.46341008169498,52.46341008169498,50.90145492553711,50.90145492553711,22255350.0
2023-11-14,51.17709466529516,51.54461208810756,50.67175601834103,51.2230339050293,20616473.0
2023-11-15,51.452734019305666,53.56597060839643,51.039273848519805,53.106571197509766,38329194.0
2023-11-16,54.48476748670622,54.944166881206165,53.611907936168464,53.74972915649414,62813490.0
2023-11-17,53.65785183730402,54.255068960076116,53.611909092911375,53.79566955566406,23209670.0
2023-11-20,54.20913009244847,56.04672772270096,54.16319085268002,55.95484924316406,27928035.0
2023-11-21,56.09266317331199,56.50612331317671,55.03604671025669,55.679203033447266,25998827.0
2023-11-22,55.77108431256295,56.64394381801528,55.17386372858529,56.36830139160156,31525857.0
2023-11-23,56.36830478547594,57.103346626916526,55.495448732408946,55.63326644897461,39697902.0
2023-11-24,55.58732535272839,56.27642442734899,54.85228704078758,56.13860321044922,22681950.0
2023-11-27,56.68988577644658,58.022144716646984,56.50612531832597,57.470863342285156,33859333.0
2023-11-28,57.47085986530079,57.608681076787875,56.41424342867615,57.195220947265625,19849005.0
2023-11-29,57.37898372530927,57.60868341716003,56.27642450343776,57.28710174560547,22160136.0
2023-11-30,57.28710200485875,58.15996153882963,56.00078582763672,56.00078582763672,40439760.0
2023-12-01,57.05740123956686,57.74650030528597,56.23048446366738,56.96552276611328,30043292.0
2023-12-04,57.01146281637238,57.51680143745624,56.13860328635164,57.28710174560547,29050095.0
2023-12-05,57.333042498918736,57.6546206543779,56.598000706545164,56.91958236694336,19132662.0
2023-12-06,57.10334318878608,58.84906219969074,56.18454444724448,56.36830139160156,33914959.0
2023-12-07,56.368307809228185,57.60868835449219,55.44950896307979,57.60868835449219,23450663.0
2023-12-08,57.60868648007982,57.9302646637928,56.46018795976299,56.82770538330078,20999366.0
2023-12-11,56.87364455140734,56.919583788343125,55.21980398220602,55.541385650634766,26013400.0
2023-12-12,55.40356785112472,56.184548946945625,54.484769035998475,55.95484924316406,25096379.0
2023-12-13,55.81702273009254,56.68988222274433,54.8522847666096,56.046722412109375,23344518.0
2023-12-14,56.73582693213087,59.630044606757814,56.68988769228301,59.12470245361328,37516335.0
2023-12-15,59.26252144412917,61.4676399230957,58.711243576857136,61.4676399230957,44892952.0
2023-12-18,60.45696044329202,61.55951613732265,60.08943954198909,60.8244743347168,29249640.0
2023-12-19,60.824478440733564,60.87042118520214,57.654625349002785,58.38966369628906,33232311.0
2023-12-20,58.29778331051792,59.44627828094378,57.976201634452195,59.1706428527832,25379885.0
2023-12-21,59.26252596839317,60.6407242467279,58.849069288844326,60.365081787109375,27219068.0
2023-12-22,60.319143300972264,60.64072148261648,58.34372445675979,58.38966369628906,24942078.0
2023-12-25,58.02214419065076,58.11402266640854,55.40356557228386,55.72514724731445,14870463.0
2023-12-26,56.230484805849336,57.74650065669341,55.58732497294316,56.689884185791016,25488835.0
2023-12-27,56.41424867774814,56.552066397119496,54.622590286405945,55.8170280456543,35403791.0
2023-12-28,56.138601706216164,57.42492134635002,56.04672323403762,56.36830139160156,21722550.0
2023-12-29,56.46018440910701,56.87364455140734,55.40356443488828,55.541385650634766,29323192.0
2024-01-02,55.908901538866864,56.00078351519238,55.03604554587805,55.77108383178711,25123167.0
2024-01-03,55.77108287590748,55.77108287590748,54.163185119628906,54.163185119628906,23024624.0
2024-01-04,54.392887581093134,55.219804366509635,53.93348819865981,54.99010467529297,26476425.0
2024-01-05,55.17386511004224,55.311686326699906,54.34694832491368,55.127925872802734,25338549.0
2024-01-08,55.86296467904034,57.33304481832037,55.63326498586588,57.14928436279297,36708297.0
2024-01-09,57.33304481832037,58.34372206631232,56.781763451738165,57.14928436279297,37939376.0
2024-01-10,57.19522848996249,60.82448114842621,57.149289248388165,60.640724182128906,41865246.0
2024-01-11,60.64071679028295,63.121470582297846,60.089438948710544,62.79989242553711,42625477.0
2024-01-12,62.11079414705771,64.17809133618974,61.421695084013706,63.39711380004883,45799745.0
2024-01-15,63.305236084545854,64.95906964971653,62.61613701325518,64.13215637207031,54088085.0
2024-01-16,64.26997522339225,64.72937463745475,62.9377197265625,63.16741943359375,23257465.0
2024-01-17,63.0295922045152,64.31591184335797,62.84583526034255,64.08621215820312,23890732.0
2024-01-18,64.7753173828125,65.00501708984375,63.62681884765625,64.31591796875,20448502.0
2024-01-19,64.63749223235222,64.63749223235222,62.248616826236166,63.30523681640625,23248505.0
2024-01-22,63.30523918700358,63.94839554777666,62.20267641297724,63.12147521972656,13699782.0
2024-01-23,63.856510675187884,64.22403156306382,61.88109203649786,62.2945556640625,23314897.0
2024-01-24,62.753955161616275,64.04026775723857,61.60545676561215,63.44305419921875,24256290.0
2024-01-25,63.85651618462868,64.1321586267871,62.662074948446815,63.21335983276367,22735359.0
2024-01-26,63.35117126205203,65.64816814624359,63.259292788660005,65.55628967285156,38305058.0
2024-01-29,65.92381366025194,67.89923247504355,65.60223548339714,67.6695327758789,32741975.0
2024-01-30,68.03705221744681,68.26675191161796,66.84261100380547,67.62358856201172,24874457.0
2024-01-31,67.57765123114525,67.99110786692528,66.70478820800781,66.70478820800781,21218740.0
2024-02-01,66.75072793028411,68.81802503542788,66.7047851906631,67.43982696533203,33904504.0
2024-02-02,71.06908563748709,73.96330325373957,70.33405080486773,71.11502838134766,82649933.0
2024-02-05,71.85006549681746,71.98788672289955,69.82871088054273,70.33405303955078,40771125.0
2024-02-06,70.3799850830966,71.52848355706972,69.82870721756518,71.06908416748047,37563943.0
2024-02-07,71.11502999374756,74.56052556505433,70.70156631926353,74.05518341064453,64946254.0
2024-02-08,74.14705490068235,74.83615394998192,73.2741989088541,73.779541015625,29356753.0
2024-02-09,74.05518714455381,75.47932818978485,73.82548742821842,75.34150695800781,25988275.0
2024-02-12,76.2602988596642,76.71969825038506,73.50390251533898,74.51457977294922,31042649.0
2024-02-13,74.60645896007293,74.60645896007293,72.5391616821289,72.5391616821289,26041164.0
2024-02-14,72.7229316180674,73.4120307673039,71.8960112370078,73.32015228271484,16228156.0
2024-02-15,73.59578099150748,74.97397916367008,73.320145563002,74.51457977294922,20774987.0
2024-02-16,74.65240242849639,74.6983451724038,73.13638300797275,73.41202545166016,17253447.0
2024-02-19,73.59577853778923,74.42269881549255,71.85005950927734,71.85005950927734,27639767.0
2024-02-20,71.94194357886882,73.73359830379486,71.94194357886882,73.50389862060547,27213825.0
2024-02-21,73.73359994459943,74.3308205361575,72.67697997643951,74.14705657958984,23965249.0
2024-02-22,74.46864470473564,75.38744349438134,73.22826073081117,74.23894500732422,32407551.0
2024-02-23,74.37675926532259,76.39812080975989,73.59578169560115,75.38744354248047,31696071.0
2024-02-26,75.52525394752715,75.61713942982317,74.00924162793646,75.24961853027344,23490770.0
2024-02-27,75.15774998889111,76.94940497235554,74.10112989177252,75.34150695800781,36466586.0
2024-02-28,75.34150698319029,75.4793282150134,73.22826678824674,73.32015228271484,17390859.0
2024-02-29,73.50390164357312,74.05517950392425,72.35540318039229,73.04450225830078,29479770.0
2024-03-01,73.32015555277107,73.4579697808616,71.20691526357767,71.43661499023438,17006187.0
2024-03-04,71.62035885910595,71.98787975646607,70.28810349228831,70.65562438964844,18369504.0
2024-03-05,70.60968548369652,71.16096335473844,69.4152512647521,70.51780700683594,30347676.0
2024-03-06,70.15028906814842,71.02315216008246,69.50713269293703,70.33405303955078,21414823.0
2024-03-07,70.37998735287619,72.63104864038804,70.37998735287619,72.5851058959961,25610069.0
2024-03-08,72.81479945107112,72.86074219158452,71.71224377752976,72.35540008544922,31106319.0
2024-03-11,74.97397602887914,74.97397602887914,72.86074312584809,73.82547760009766,35045553.0
2024-03-12,73.77955171553917,74.42270811754162,72.63105313347835,73.32015228271484,19783280.0
2024-03-13,73.3201407426255,73.50389768288152,71.48254330055346,71.7581787109375,18006306.0
2024-03-14,72.03382113119947,72.53915622184253,71.5284790306785,71.7581787109375,14809261.0
2024-03-15,71.94195407926458,72.21758953339582,70.33405606225567,71.02315521240234,19111940.0
2024-03-18,70.97720313117252,71.0231458724255,68.8639632113417,68.95584869384766,21494403.0
2024-03-19,68.95585479848744,70.9312666694419,68.72615509164355,70.33405303955078,22245523.0
2024-03-20,70.15028918210581,71.98788683984208,69.50713280584962,70.93126678466797,23326099.0
2024-03-21,72.12570651520821,74.42270353798554,71.66630711065274,73.73360443115234,35474688.0
2024-03-22,75.29556350097992,75.47932747824332,72.3094672167697,72.72293090820312,28954677.0
2024-03-25,72.58510586909267,77.36285686918276,71.8500640183656,74.00924682617188,44250443.0
2024-03-26,73.77954634844944,75.43337998038156,70.6556290305174,70.83938598632812,38649091.0
2024-03-27,70.74750605668136,72.72292483556437,70.19622819068289,72.21758270263672,37659490.0
2024-03-28,72.40134535648897,76.71969674031594,72.35540261436982,76.16841888427734,42262272.0
2024-03-29,76.21435231800811,76.53593748338717,74.97397542685961,75.80089569091797,19785152.0
2024-04-01,77.27098308064832,79.10858080912926,74.42270800347865,77.63850402832031,35518188.0
2024-04-02,77.54661718933676,79.33827197762898,76.99533933216055,78.46541595458984,54705148.0
2024-04-03,74.51458350190886,76.07654571445268,73.50390619372094,74.92804718017578,51131375.0
2024-04-04,75.34149808661881,79.20045006271387,75.06585565552136,79.01669311523438,38605422.0
2024-04-05,81.31369176257256,82.69188992803988,78.8329378686827,82.23249053955078,43544825.0
2024-04-08,82.23249201341109,82.96753385211923,80.39489442651922,80.85429382324219,21956207.0
2024-04-15,78.92482455727293,79.88955916756272,77.59256198609307,78.23572540283203,34060362.0
2024-04-16,77.50067975036801,78.60324255004525,76.7197021484375,76.94940185546875,28124526.0
2024-04-17,77.45473785289636,79.52203505171163,76.62781757139462,76.71969604492188,31384668.0
2024-04-18,77.13314832962521,79.29233089004568,76.85751292459211,78.55728912353516,25652538.0
2024-04-19,77.63849800123695,81.12993621826172,77.63849800123695,81.12993621826172,27675693.0
2024-04-22,81.81904009362019,82.37031799960398,78.64917986692522,78.74105834960938,25573900.0
2024-04-24,79.7517351350255,81.17586900643917,79.56797117718365,81.03804779052734,22976297.0
2024-04-25,81.03805377985164,82.50813751172385,80.71647559220912,81.81903839111328,26769548.0
2024-04-26,82.18655381058286,84.62137214971366,81.22181923009029,83.88633728027344,27861395.0
2024-04-29,84.9429405208392,85.90768199965284,83.61068515474234,85.81580352783203,32825759.0
2024-04-30,85.90768573442136,86.18332817174519,84.80513000488281,84.80513000488281,28235371.0
2024-05-02,86.31697454818004,88.26254977830312,85.6051797919034,87.97782897949219,33030227.0
2024-05-03,87.93038005900532,88.78453521195598,86.8389599880545,88.59471893310547,23940437.0
2024-05-06,88.73708504231772,89.97086559161296,86.98132598428305,88.97434997558594,33309792.0
2024-05-07,89.06924896804234,90.9199196770274,87.83547573613633,90.39793395996094,35294932.0
2024-05-08,90.58774975856525,91.29954456727295,89.9708667169529,90.73011016845703,18059432.0
2024-05-09,91.10973270829574,91.44190216064453,88.7370834190172,91.44190216064453,24393055.0
2024-05-10,91.44190129055795,93.38747658555424,90.87246691469957,91.7740707397461,25794747.0
2024-05-13,91.77406846611257,92.91294443036546,90.06576538085938,90.06576538085938,16345702.0
2024-05-14,90.06576535463526,94.33653392765089,89.59123551318908,93.67218780517578,23263363.0
2024-05-15,93.67219350325655,95.00087858827993,92.39096430156482,94.05181884765625,16641412.0
2024-05-16,94.14671879215454,94.47889547780923,91.53680463244434,94.24163055419922,17402868.0
2024-05-17,96.80409296495266,97.848057225248,95.85503323000215,97.08881378173828,19691638.0
2024-05-20,97.08881203373737,98.79711518144107,96.70918669844175,97.7531509399414,18613418.0
2024-05-21,98.03787384064812,104.77619653291288,96.61428423351819,100.9799575805664,55118789.0
2024-05-22,101.26466504791016,101.45448132852594,98.51239776611328,98.51239776611328,22997952.0
2024-05-23,98.98693221150556,100.12580098517873,97.75315167273374,98.32258605957031,21354957.0
2024-05-24,98.60729956988293,99.17673391454359,96.42445946780806,96.80408477783203,12071439.0
2024-05-27,96.80408744450959,98.03786792588697,95.57030696313221,96.993896484375,10896265.0
2024-05-28,97.27862096465583,97.27862096465583,95.19069248415387,95.94993591308594,14741025.0
2024-05-29,95.94993548040452,97.08881147979345,94.76361083984375,94.76361083984375,16096734.0
2024-05-30,95.00087146509728,96.04483565335647,93.76709823924575,94.33653259277344,19665198.0
2024-05-31,94.66870454282433,97.94295759311792,92.10624626352943,92.72312927246094,27940178.0
2024-06-03,92.96039321944292,95.57030735235045,91.20463425090982,95.47540283203125,25023776.0
2024-06-04,95.66522011852283,96.61427981318772,92.39095982747838,92.72312927246094,26159387.0
2024-06-05,93.00785138401599,93.52983711971646,90.01831185566529,90.87246704101562,19171675.0
2024-06-06,89.44887105896478,91.2995344604363,88.97434123902333,89.92340087890625,16747114.0
2024-06-07,90.20812666683506,90.73010515325035,87.12368266626443,88.21509552001953,15813565.0
2024-06-10,87.64566454947288,87.97783400656542,84.7035808369016,85.08320617675781,14843135.0
2024-06-11,85.08320443438055,87.12368425866454,84.60867457946571,85.74754333496094,22783950.0
2024-06-12,85.79500302650426,88.73708680947011,85.79500302650426,88.31001281738281,17703112.0
2024-06-13,89.21161285322754,91.5842621312389,88.73708299762527,90.25557708740234,19218735.0
2024-06-14,93.0078512446075,93.29257205288116,88.4523617567345,89.06925201416016,22060380.0
2024-06-20,90.11321797419441,91.10973358154297,88.83198879385418,91.10973358154297,18603425.0
2024-06-21,91.44189709579639,91.44189709579639,89.40141737188618,90.44538879394531,17127521.0
2024-06-24,90.35048549152361,90.96737577845627,87.31349718151071,88.31001281738281,20580125.0
2024-06-25,88.45236593649757,88.73708675822554,86.26953285267113,86.50679779052734,20805404.0
2024-06-26,86.50679399912507,87.3134933043301,85.65263881212816,85.74754333496094,16551181.0
2024-06-27,86.1746230851378,88.12019111279211,86.12716720415197,87.31349182128906,21613669.0
2024-06-28,87.74056443654561,92.53331871230368,87.6456599167857,91.58425903320312,43634007.0
2024-07-01,92.24859993264268,92.96039470755736,85.41537298976206,87.59821319580078,29137453.0
2024-07-02,87.69311486445665,89.44887380397066,86.41188575944645,89.21160888671875,22086920.0
2024-07-03,89.25906319877636,95.38049506006224,89.25906319877636,95.00086975097656,22728020.0
2024-07-04,95.00087260278525,98.41748600561779,94.00436428236574,96.993896484375,19786300.0
2024-07-05,97.46843012828195,98.22768079887317,95.76012698057825,97.7531509399414,17089726.0
2024-07-08,98.22768023163644,101.07485936878533,95.47540561757566,97.46842956542969,27825651.0
2024-07-09,97.94295597752023,98.41748581702517,95.5703067799955,96.70918273925781,15305350.0
2024-07-10,96.32956374517761,97.56334430520943,94.71616508121403,95.85503387451172,14426043.0
2024-07-11,96.80409328483505,100.9799575805664,96.80409328483505,100.9799575805664,25068700.0
2024-07-12,100.50542984007552,102.68826293945312,100.12580448865074,102.68826293945312,14724290.0
2024-07-16,103.0678779531628,104.01693761615833,101.45447942237068,102.49844360351562,17835575.0
2024-07-17,102.49844993638966,102.78317074918006,100.22070515631968,101.64429473876953,16399132.0
2024-07-18,102.49844919124119,103.54241342929808,100.79013880842011,101.07485961914062,11059059.0
2024-07-19,100.97995509581744,102.97297904860805,100.41052071512742,101.07485961914062,12584312.0
2024-07-22,101.83411185227,104.30166570035017,101.16976569729577,104.0169448852539,14647534.0
2024-07-23,104.20675868709444,105.34562743878088,102.21372751051675,104.11184692382812,17788636.0
2024-07-24,103.63731870604913,104.39656937965614,101.54939021475643,101.64429473876953,12266889.0
2024-07-25,101.35957468376242,101.73919275553446,99.84107343367187,100.69522857666016,8966840.0
2024-07-26,100.88504676351562,101.92901096215697,98.89201564522216,100.31560516357422,9981517.0
2024-07-29,99.74617312770476,102.02391785827218,97.75314920373985,98.41748809814453,8708133.0
2024-07-30,98.32257597155207,98.98692205532458,94.66869785342942,95.09577178955078,20001619.0
2024-07-31,95.00087251878105,95.47540235877572,93.76709927924537,94.28907775878906,16004316.0
2024-08-01,95.57030764411121,96.51936733170218,94.8110642384889,94.85851287841797,16039158.0
2024-08-02,93.43492458756867,93.43492458756867,90.25557604007678,90.30303192138672,20728253.0
2024-08-05,85.41537169382822,88.8319851134312,85.41537169382822,86.74405670166016,21117719.0
2024-08-06,89.40141530924264,89.59123158194245,84.94083789167814,85.70008850097656,21146671.0
2024-08-07,86.26952731649094,88.64217654279294,85.17810722424186,87.93038177490234,23008766.0
2024-08-08,87.69311319227809,89.97085780261334,86.83895805830856,89.87594604492188,14689575.0
2024-08-09,90.54029495006418,91.34699423018056,85.41537122822078,85.55773162841797,24392529.0
2024-08-12,85.88989962862948,86.98131969084505,84.7984795664139,85.60517883300781,17868259.0
2024-08-13,85.32046735374101,87.50330029052367,85.0357465511929,87.02877044677734,14749338.0
2024-08-14,87.31349211883949,88.35745633732762,86.07971161651207,86.69660186767578,9123594.0
2024-08-15,86.93386682832418,90.44539205293798,86.17462341490156,89.40142059326172,11602902.0
2024-08-16,89.40141888452438,89.68613968458526,86.17462176783829,86.45933532714844,16573477.0
2024-08-19,86.7440627784772,88.40491734442985,85.93736343745046,88.31001281738281,13767550.0
2024-08-20,88.07274322573366,89.7335977039288,87.74056653749392,87.88292694091797,16997496.0
2024-08-21,87.45585754195221,89.21161663393798,86.41189326353512,86.50679779052734,16768301.0
2024-08-22,87.0287652937884,88.12018531793194,85.9373525103952,86.9338607788086,12419824.0
2024-08-23,87.12368145986974,87.3134904994378,82.85291290283203,82.85291290283203,19546929.0
2024-08-26,83.51725110693454,83.8494205438688,81.04969740874343,83.46979522705078,23724215.0
2024-08-27,83.51725091811689,83.51725091811689,81.71403609787104,83.1850814819336,22154781.0
2024-08-28,83.27998851463184,84.08668780992824,81.5716781616211,81.5716781616211,14258620.0
2024-08-29,81.61913074146617,84.56121423864798,81.09714503228447,83.51725006103516,24606901.0
2024-09-02,83.89687361143436,88.16764199078706,83.89687361143436,87.5032958984375,23066460.0
2024-09-03,87.503307276488,88.92689692138153,87.0762332793205,88.26255798339844,12200252.0
2024-09-04,87.07622621166928,89.4488754272461,86.8389612901116,89.4488754272461,14323104.0
2024-09-05,89.49633160061799,89.87594968375147,88.40491150973226,88.83198547363281,10470804.0
2024-09-06,88.8319885207417,90.58774755808776,87.9778333228906,89.02180480957031,13262389.0
2024-09-09,87.97783715811919,89.21161774666078,87.64566768912763,88.26255798339844,10775044.0
2024-09-10,88.35745544658988,90.63520014444333,87.31349123862603,88.54727172851562,18279515.0
2024-09-11,88.26254917019999,88.35745368889954,84.08668518066406,84.08668518066406,19472365.0
2024-09-12,85.32047096244493,85.98480987548828,81.76149698381751,85.98480987548828,14531411.0
2024-09-13,86.36443080737838,86.55423984691849,83.42234725000246,86.45933532714844,17405906.0
2024-09-16,86.26952876607761,87.78802284827599,85.74754303121993,86.36443328857422,11525981.0
2024-09-17,86.69660117262842,89.54378024063428,86.69660117262842,88.83198547363281,8569538.0
2024-09-18,88.5472703992184,92.01133241353801,87.78801976441508,91.2995376586914,17032032.0
2024-09-19,92.20114833648167,94.33653259277344,91.4893535843844,94.33653259277344,15860246.0
2024-09-20,94.28907747412158,95.7601228699641,93.15020875787303,94.90596771240234,13664096.0
2024-09-23,95.47540323343128,95.85502855705492,93.1502098924565,93.9569091796875,9804512.0
2024-09-24,94.289083853164,97.75315335717531,93.52984040454929,95.85503387451172,18624262.0
2024-09-25,95.38050254774373,96.80409213800856,94.14672200654711,94.7161636352539,14639214.0
2024-09-26,95.19069455311585,96.8989977359061,93.67219318074517,94.66870880126953,16187718.0
2024-09-27,95.94993840049466,96.13975469321173,94.09927480119812,95.85503387451172,15695242.0
2024-09-30,95.19069116331022,95.57030925213326,91.96388672305801,92.39096069335938,17792364.0
2024-10-01,92.72312392026068,93.43491865017286,88.31000238740546,89.92340087890625,16327042.0
2024-10-02,89.78104207571613,90.30302778320161,83.80197058295337,84.13414001464844,21981108.0
2024-10-03,84.13414667696243,85.70009668267092,81.7614973473287,82.66310119628906,19508684.0
2024-10-04,83.1376282915167,86.22207231724636,82.23602447260377,86.0797119140625,14856859.0
2024-10-07,86.1746212885843,87.93038023719326,84.27650194073664,85.27301025390625,19578879.0
2024-10-08,85.08320168860588,87.97782936572143,84.18159064891358,86.45933532714844,15784813.0
2024-10-09,86.79150142411818,89.30651092529297,83.80196934236842,89.30651092529297,16729662.0
2024-10-10,89.11670176131855,89.8284964922544,84.75102885972876,85.70008850097656,24596376.0
2024-10-11,85.98480432371561,87.93037953604593,83.09017668577978,83.80197143554688,22150080.0
2024-10-14,83.84941977033627,84.32394960179346,81.99875632395344,82.90036010742188,12976241.0
2024-10-15,83.13762721976366,84.75103303379693,82.33092793312241,83.42234802246094,21708765.0
2024-10-16,83.23253248857286,85.65263761100123,82.18856827055016,83.99178314208984,44661533.0
2024-10-17,84.03924020098789,85.32046936109663,83.042724609375,83.042724609375,27811371.0
2024-10-18,83.46979955772625,83.51725544007216,77.72799259067192,78.48723602294922,32647421.0
2024-10-21,78.48723359986451,78.67704988263704,74.78590659518532,74.97571563720703,22376256.0
2024-10-22,75.40278807838762,78.53468789371206,74.12155896875514,77.44326782226562,34759655.0
2024-10-23,77.44327061002458,78.91431605154764,75.64005571934337,76.73147583007812,24155270.0
2024-10-24,77.72799576094995,79.53121075237641,77.72799576094995,78.9617691040039,17713573.0
2024-10-25,78.34488608722,81.04970495517053,77.91780485075327,80.76498413085938,18394156.0
2024-10-28,80.8124386368056,81.42932891845703,80.29045288138872,81.42932891845703,4142171.0
2024-10-30,81.76149426453865,82.37838451513402,80.43280924189118,81.2869644165039,15066533.0
2024-10-31,81.38187330549543,81.85640317899687,78.58214994813748,79.00922393798828,14016930.0
2024-11-01,79.19903081363165,80.90734120756991,78.29742697506765,78.48723602294922,16305471.0
2024-11-04,78.1076115048649,78.20251602100225,75.73496239767886,76.63656616210938,17560062.0
2024-11-05,77.3958184135845,77.63308332933337,75.97222891909122,76.87383270263672,11034625.0
2024-11-06,76.87383049654673,79.81591391925214,75.54514555833288,78.7719497680664,16906758.0
2024-11-07,77.25345916604564,77.77543764401344,75.07061901236011,75.92477416992188,21417085.0
2024-11-08,75.9247708607869,79.15157507052042,75.59260143642103,78.7719497680664,25331810.0
2024-11-11,79.00922399606263,81.19206431207418,78.77195905913753,80.81243896484375,24000163.0
2024-11-12,80.10063628266201,80.76497514446794,79.05667211093105,79.91082000732422,17333041.0
2024-11-13,79.24648406475555,82.61564885841973,78.01270357223747,81.00224304199219,35863900.0
2024-11-14,81.619132890106,82.7580016155281,80.81243360620277,82.52073669433594,21703048.0
2024-11-15,82.9478180041492,83.5172523675963,80.62261742900998,81.61913299560547,15662979.0
2024-11-18,82.14112121985866,82.56819519525787,80.29045043137643,81.52423095703125,16046867.0
2024-11-19,81.76149790239727,81.99876283697141,77.72799401463698,78.43978881835938,23374111.0
2024-11-20,78.91431350010579,79.81591729592046,76.49420843023381,76.82637786865234,17543469.0
2024-11-21,77.2534582679755,83.51725061602744,77.0161933514527,82.2834701538086,32278378.0
2024-11-22,82.283472009314,87.07622632745229,81.90385392691756,87.02877044677734,27408220.0
2024-11-25,87.59821216180696,88.31000692831974,86.03226222732867,86.12716674804688,22263375.0
2024-11-26,86.12716879830296,86.98132398660161,83.56471047415798,84.84593963623047,18109414.0
2024-11-27,86.36443594428735,87.40840020535379,84.98830222389313,86.55424499511719,18486006.0
2024-11-28,86.50679635278532,87.83548143084765,86.03226648495955,86.55424499511719,11536899.0
2024-11-29,86.55423908078019,88.26254938452284,84.98829641655854,85.88990020751953,19560074.0
2024-12-02,84.9408448961046,85.55773516193601,84.0866897003958,85.41537475585938,15292209.0
2024-12-03,85.84244342327254,89.21160811542113,84.65611884726961,88.64217376708984,18283285.0
2024-12-04,88.926890744591,90.1606712474352,88.40491225550375,89.40142059326172,14864649.0
2024-12-05,89.54378024063428,89.82850104373519,88.35745562896517,88.83198547363281,14627743.0
2024-12-06,90.73010577064649,91.7266213508353,89.7810460717051,91.20463562011719,21321524.0
2024-12-09,93.00784465221088,96.13974435822836,92.91294013643014,95.66521453857422,21234817.0
2024-12-10,95.57030503779107,95.57030503779107,92.96039096809146,93.76709747314453,12536396.0
2024-12-11,93.76710324246075,94.28908174406668,92.29605778000094,92.62822723388672,9828330.0
2024-12-12,93.00785094882319,94.14671969679412,91.96388672305801,92.39096069335938,10508284.0
2024-12-13,91.91642940086736,94.43143902402936,91.15718599437088,93.9569091796875,9875697.0
2024-12-16,94.09926852910847,94.38398208808,92.39095821227642,92.4858627319336,7699487.0
2024-12-17,92.53331560216222,94.43143489656555,92.01132989990111,93.81454467773438,11732822.0
2024-12-18,93.67218685375671,94.7161582869354,91.774067507251,92.81803894042969,15960686.0
2024-12-19,92.34350947899199,92.53331851811348,89.06924924851602,89.78104400634766,13932532.0
2024-12-20,90.01830815722512,90.39793347297831,88.73707905221492,89.21160888671875,10100692.0
2024-12-23,89.92340597899063,90.30303130462467,87.12368277884747,87.31349182128906,9564490.0
2024-12-24,87.36094961170257,90.06576834974354,86.36443401522648,89.63868713378906,11138784.0
2024-12-25,91.82152590362645,94.19417515178216,91.25209153221925,93.90945434570312,10979469.0
2024-12-26,93.90945243864319,96.13974847921868,92.72312783865654,94.28907775878906,15005522.0
2024-12-27,94.33652843191834,95.47539708874217,93.00784350512365,95.09577178955078,9882139.0
2024-12-30,95.28559644981004,95.855030828363,92.7705867670543,92.96039581298828,10385337.0
2024-12-31,92.96039714861763,94.90597248077393,91.10973358154297,91.10973358154297,25834149.0
2025-01-02,91.58426567037128,94.62125396728516,91.01483126979383,94.62125396728516,20687940.0
2025-01-03,94.85851463161735,97.46842882072964,94.85851463161735,96.89899444580078,16496247.0
2025-01-06,97.18371107733672,100.12579458866394,96.13974689470457,99.1767349243164,22403118.0
2025-01-07,98.89201700959094,99.55636313843802,97.56333923339844,97.56333923339844,13146005.0
2025-01-08,97.27861902396667,97.65824435123477,94.81106525785037,96.32955932617188,19498511.0
2025-01-09,97.08881142337377,99.55636522615603,95.76012637856763,98.98693084716797,16103665.0
2025-01-10,98.70220583638873,98.89201487438922,95.09577618837426,96.1397476196289,11604489.0
2025-01-13,95.9499343957583,96.61428053141296,91.91643066344761,92.10624694824219,22616286.0
2025-01-14,92.58078135330021,93.10275987047272,89.92341116146306,90.11322021484375,36128286.0
2025-01-15,90.3030342636066,91.82152837514877,90.01831344986385,91.10973358154297,19919170.0
2025-01-16,92.62822475114461,93.38747540317688,90.2081268741996,92.72312927246094,29400774.0
2025-01-17,92.58077626643453,94.76360922338132,91.77406973201309,94.5263442993164,16940727.0
2025-01-20,95.38050328014566,95.76012862194821,93.19766299534436,95.28559875488281,16676141.0
2025-01-21,94.85851785244027,96.32956334164268,94.47889975009878,94.66870880126953,15809163.0
2025-01-22,94.90597051317431,97.08881073127769,94.66870558689138,96.89899444580078,16857415.0
2025-01-23,97.27861537938726,98.22767504162519,96.04483492217771,97.37351989746094,26578895.0
2025-01-24,97.56333539787994,97.848048949835,96.04483415778411,96.80408477783203,13710914.0
2025-01-27,95.66521608851069,97.18371008785599,94.76360507210997,96.80408477783203,15113790.0
2025-01-28,97.08881203373737,98.70221065780493,96.23465683951,97.7531509399414,18264686.0
2025-01-29,98.03787100806177,98.5124008633946,96.70918596497968,97.1837158203125,13080908.0
2025-01-30,97.46842747159826,99.55636313843802,96.89899310455135,97.56333923339844,14553264.0
2025-01-31,98.22767915272941,98.22767915272941,94.81106567382812,94.81106567382812,14356533.0
2025-02-03,93.86200459623745,94.00436499759502,89.78104504132465,91.25209045410156,29293359.0
2025-02-04,91.72661722196952,92.48586060249649,89.82849790952629,91.06227111816406,32628693.0
2025-02-05,91.20463898642774,92.62822858738369,90.01831431896444,90.7775650024414,24044766.0
2025-02-06,91.34699732986923,93.38747715993338,91.34699732986923,92.05879211425781,22786535.0
2025-02-07,91.91643110295938,94.2416317277426,91.06227591917678,93.29257202148438,28260122.0
2025-02-10,93.2925709986022,93.2925709986022,91.39445160689718,91.82152557373047,12703907.0
2025-02-11,91.91642923109933,92.29605455402181,90.96736954416852,92.15369415283203,13688861.0
2025-02-12,92.24859809838976,93.8145480202152,91.86898001858422,93.3874740600586,27015822.0
2025-02-13,94.00437098004963,97.18371968919932,93.81455468590933,96.42446899414062,24309433.0
2025-02-14,96.42446502563324,96.89899488032705,95.09577998434037,95.38050079345703,10019830.0
2025-02-17,95.57030745888953,95.94993278134035,94.28907833127498,94.57379913330078,10832051.0
2025-02-18,94.4314393712655,96.61427955956493,93.71964460213536,96.04483795166016,18006096.0
2025-02-19,95.66522009585933,96.51936802825472,93.90945386854452,94.24163055419922,13658729.0
2025-02-20,94.38397900202105,96.32955417475722,92.43841107003536,96.23464965820312,26899859.0
2025-02-21,96.23465848901361,97.56334356494696,91.58426434362245,95.28559875488281,34018448.0
2025-02-24,96.51936927315077,96.80409008145543,91.58426169471028,91.7740707397461,21207072.0
2025-02-25,91.82152137850001,91.86897725742476,87.93037825143719,88.07273864746094,26425051.0
2025-02-26,88.31001074229206,90.20813020163632,88.31001074229206,89.59123992919922,21196813.0
2025-02-27,89.49632851587664,93.34001578075065,89.06924732594582,92.58077239990234,24168117.0
2025-02-28,92.2960543696804,93.67218801668125,90.91992072267958,91.86898040771484,20101925.0
2025-03-03,93.24511887835135,98.70221234960347,93.19766299534436,95.28559875488281,24132406.0
2025-03-04,93.4823809554767,98.03787043640943,92.34351220561898,96.89899444580078,29912372.0
2025-03-05,98.03786957202617,101.83410835908235,98.03786957202617,101.45448303222656,25366671.0
2025-03-06,102.97298053746358,103.2577013523008,97.84805655565158,102.21372985839844,27623460.0
2025-03-07,101.73919353036868,102.49844416119632,100.12579499079825,101.26466369628906,15906732.0
2025-03-10,101.35957718184349,102.59335042701106,99.55636233348237,100.60032653808594,14983219.0
2025-03-11,100.69523163020493,102.3086374471644,100.03089274370744,100.88504791259766,14664415.0
2025-03-12,101.5493839405201,104.30165841135722,101.35957490422125,102.49844360351562,20652847.0
2025-03-13,102.59334888810174,103.82712935551326,102.02391453420051,103.06787872314453,21062265.0
2025-03-14,103.25769345019354,103.73222327810666,101.73919220827115,101.92900848388672,13909162.0
2025-03-17,102.21372528329579,104.0169401348,101.4544818789656,102.4035415649414,27668324.0
2025-03-18,101.92900824706155,102.8780679006827,99.93598442260723,100.12579345703125,19885519.0
2025-03-19,93.86201056549798,95.85503458900021,90.11322021484375,90.11322021484375,33346217.0
2025-03-20,88.73708502094397,89.59124022865409,82.2360272991106,84.46631622314453,93129931.0
2025-03-21,83.51724886123426,84.41885262877695,76.0196762084961,76.0196762084961,84944917.0
2025-03-24,77.11109866772576,78.91431350010579,73.26740408398807,76.82637786865234,71832433.0
2025-03-25,79.00921885911809,82.75800172249966,77.58562933012497,81.61913299560547,55627432.0
2025-03-26,80.19554901123047,81.0497042358317,79.00922432171522,80.19554901123047,39432163.0
2025-03-27,81.1446042814694,81.76149453409857,77.72799081250507,77.96525573730469,39016113.0
2025-03-28,77.87035136218847,79.81591940475892,76.92129166120263,79.76847076416016,43592353.0
2025-04-02,79.57162698987962,79.62083941112786,78.24297421255082,78.48902130126953,26766852.0
2025-04-03,78.73506652611594,80.45739610637473,78.34138969173316,78.3906021118164,20821975.0
2025-04-04,78.43981170654297,79.27637784534065,77.20957621861876,78.43981170654297,26108727.0
2025-04-07,76.2746001544738,79.86688927640455,74.35543579925294,78.83348846435547,44019849.0
2025-04-08,80.06372188530598,80.50661115422812,78.489022005137,79.52242279052734,26462561.0
2025-04-09,78.73506704483833,79.03032654976093,76.42222595214844,76.42222595214844,30076615.0
2025-04-10,79.37479471347292,79.81767648300335,77.01274108886719,77.01274108886719,31251214.0
2025-04-11,77.30800368348183,77.35720859940871,75.19199707081985,76.56986236572266,26569184.0
2025-04-14,77.5048384801024,77.99693269267449,75.97934341762425,76.17618560791016,28621343.0
2025-04-15,76.37301853895035,77.06195492601778,75.58567232213822,75.68408966064453,17279146.0
2025-04-16,75.33962532653462,76.27460130679061,73.46966585726096,75.29041290283203,25948142.0
2025-04-17,75.29040881741432,77.01273843088457,74.50305513346628,76.27459716796875,32217986.0
2025-04-18,76.47143012251057,76.66827229347123,74.94594271856099,75.38882446289062,16515454.0
2025-04-21,75.29040801923342,78.09534328682518,73.61729084453269,75.63487243652344,35881095.0
2025-04-22,76.27459733804744,76.56985684737664,75.14277923063385,75.48724365234375,21354672.0
2025-04-24,75.78250646894905,77.94771793598582,74.35543629868775,77.2587890625,35547634.0
2025-04-25,77.504836368628,77.9969305677939,76.42223063221536,76.471435546875,21883096.0
2025-04-28,76.86510739513906,76.86510739513906,73.61729039771016,73.81412506103516,44178795.0
2025-04-29,73.5188686816059,74.15859262773999,72.73152248608513,72.97756958007812,33087056.0
2025-04-30,73.0267728070757,73.4696620712915,71.64891511954545,72.091796875,27557687.0
2025-05-02,72.73152422768945,74.30622416519964,72.4362647043231,73.46966552734375,22669937.0
2025-05-05,73.96175624791266,74.35543309096184,71.64891511954545,72.091796875,21485088.0
2025-05-06,71.99338051265082,73.46966306243002,71.30444415083039,71.94416809082031,28030951.0
2025-05-07,71.94416639650166,72.23942590300852,70.5663012140715,71.05839538574219,29603596.0
2025-05-08,71.64891966049227,72.73152541591969,71.25524279249274,72.53468322753906,16217943.0
2025-05-09,72.2886360144141,73.81413105982176,71.7473368918991,72.92835998535156,33405898.0
2025-05-12,74.94594387784703,79.12874433875842,74.60147945928891,78.24297332763672,46028386.0
2025-05-13,78.0461436633819,78.6858601207978,77.25878993443081,77.50483703613281,32453016.0
2025-05-14,77.50483118773259,78.34138976864162,76.66827260682356,77.9969253540039,32222586.0
2025-05-15,78.53823238073069,79.37479096632987,75.58566736654926,76.42222595214844,27619595.0
2025-05-16,76.47143717286826,77.75088512140881,76.02855538770672,77.35720825195312,39002500.0
2025-05-20,77.50483616142516,78.14456012038289,76.66827752683193,77.2587890625,28394132.0
2025-05-21,76.86511152657467,77.4064181429548,76.12697023628984,76.22538757324219,16489619.0
2025-05-22,76.71747875464314,78.04613903199846,76.37301433445373,77.06195068359375,31247827.0
2025-05-23,77.0619499538799,78.39060270989278,75.29040794002199,76.02854919433594,27017141.0
2025-05-26,77.0127393225765,77.06195174417851,75.58566920125372,76.52064514160156,16220088.0
2025-05-27,76.71747810890398,77.16036736721497,75.1427782664631,75.63487243652344,18680491.0
2025-05-28,75.83171437291473,76.91432004191334,75.29040778403487,76.81590270996094,17916531.0
2025-05-29,77.1603710461932,77.45562305705023,75.83171822543281,76.22538757324219,24619365.0
2025-05-30,76.42223085713464,76.52064819550515,73.22361855314246,76.07776641845703,40764419.0
2025-06-02,75.29041104959995,75.93013499817891,74.84752928222453,75.1919937133789,21441706.0
2025-06-03,75.83172038397225,79.57163185594789,75.63487819570298,78.53823852539062,28619041.0
2025-06-04,78.63665194006099,79.12874612302913,77.55404623928335,78.73506927490234,26489372.0
2025-06-05,78.53823275292899,78.73506741796945,77.70166665460414,78.63665008544922,5637139.0
2025-06-10,79.1779513392303,81.4908000150452,78.58743981915981,80.94949340820312,38075010.0
2025-06-11,81.24475061402364,83.26233220933102,81.24475061402364,82.42577362060547,25779381.0
2025-06-12,81.0971204925977,82.2781434938143,80.21134948730469,80.21134948730469,22990265.0
2025-06-13,76.47143463751306,79.62084197998047,74.84752980658558,79.62084197998047,29558199.0
2025-06-16,79.47321257346347,81.83526621362212,78.39060684511287,81.44158935546875,26760258.0
2025-06-17,81.19554009706981,81.68763427947628,79.12874603271484,79.12874603271484,20326582.0
2025-06-18,78.83348520546551,79.37479180059259,76.27459700136549,77.06195068359375,30194199.0
2025-06-19,77.65246335009371,78.4398095353144,75.33962219856838,76.12696838378906,24152717.0
2025-06-20,77.11115531124416,78.43980807493602,76.96352555777591,77.84929656982422,18570341.0
2025-06-23,76.76669506987916,78.93190654270445,76.37301820879414,76.471435546875,20371529.0
2025-06-24,80.0145173701665,81.58921725816404,78.93190415770442,81.34317016601562,25879520.0
2025-06-25,81.34316945829462,81.78605121680395,79.57162740673475,80.30976867675781,13476958.0
2025-06-26,80.30977094705399,80.94949490091075,79.12874788513497,79.22716522216797,18651966.0
2025-06-27,79.17794872966932,80.90027831988752,77.701666223768,80.21134948730469,27105574.0
2025-06-30,81.24475448225826,88.23249053955078,81.09712472221628,88.23249053955078,49064067.0
2025-07-01,88.18327780022682,90.69296118565158,86.60857788587235,89.01983642578125,27766583.0
2025-07-02,89.06905028321488,91.77556838574351,88.67537342109476,90.69296264648438,31609284.0
2025-07-03,92.02161548597338,93.20263856357215,90.00402626058377,90.69296264648438,30427818.0
2025-07-04,90.84059208142887,92.021615154777,89.80719126067808,91.48030853271484,13820964.0
2025-07-07,90.49611693676941,91.23425820871292,89.11825923615058,89.70877075195312,14853004.0
2025-07-08,90.54532872655109,90.84058823677262,87.7403934144917,88.28169250488281,24391816.0
2025-07-09,88.28169360084634,91.87398264558502,87.8388118387772,91.1358413696289,18150323.0
2025-07-10,92.61212802480061,93.15343465465601,90.44691652290234,90.54533386230469,60653475.0
2025-07-11,91.28346972939151,91.7263514846819,87.986440249004,89.46272277832031,71174119.0
2025-07-14,89.46272722905212,89.85640409154064,87.2975082397461,87.2975082397461,30008449.0
2025-07-16,87.24829944198667,89.26588107071164,85.4767573940104,87.88802337646484,49812410.0
2025-07-17,88.5769552274095,90.69296177070548,87.64197925906925,90.44691467285156,38129779.0
2025-07-18,90.49611684740437,91.13584078420928,89.75797557618978,90.10244750976562,18445146.0
2025-07-21,90.44691050949105,92.12002769437782,90.44691050949105,91.82477569580078,30652103.0
2025-07-22,91.82477871415237,91.97240096391275,90.1516539655075,90.98821258544922,27660882.0
2025-07-23,91.18505210202837,91.38188676846511,89.7579744896977,90.25006866455078,24335948.0
2025-07-24,90.59454026316016,92.75975162110318,90.25006833501183,91.82477569580078,36488658.0
2025-07-25,91.72635465383036,92.02161417339934,90.49611917022877,91.62793731689453,17324418.0
2025-07-28,92.21844757210393,92.4152897520152,89.4627246321985,89.56114196777344,20885375.0
2025-07-29,89.61035429705001,90.84058976236503,89.46272453945993,89.95481872558594,17360341.0
2025-07-30,89.95482273225575,92.16924666845523,89.70877562823358,91.97240447998047,25002075.0
2025-07-31,91.97240200813152,93.8915738731818,91.72635491072212,93.84236145019531,27914486.0
2025-08-01,94.4820863894322,94.629716151168,92.61212692788902,93.69473266601562,32272658.0
2025-08-04,94.18682763452047,95.56469290736199,93.69473343056005,94.33445739746094,35668706.0
2025-08-05,94.53129408867538,94.58049900095388,92.71053963286302,93.64552307128906,24040066.0
2025-08-06,93.64552190300896,94.43286806849328,92.80896331709889,94.18682098388672,18249945.0
2025-08-07,94.48208770337668,96.89334631313525,94.38367036377133,95.76153564453125,26345827.0
2025-08-08,95.81073968702444,96.64729832919056,94.97418104485833,95.51548767089844,17037832.0
2025-08-11,96.2044139614763,97.77911386472005,95.61390243635508,97.38543701171875,18713667.0
2025-08-12,97.3362314307407,97.43464876612593,95.66310669414636,96.74571990966797,18043828.0
2025-08-13,97.09018500353885,98.36962538984127,96.49967347841763,97.38543701171875,21291943.0
2025-08-14,95.51548384088358,97.09018372336425,94.48208305397617,95.31864166259766,39004820.0
2025-08-15,95.26943634026439,95.46627100894327,93.30105961843051,93.49789428710938,22289835.0
2025-08-18,93.54710599359383,93.59631090600678,91.48030444445767,92.46449279785156,23308706.0
2025-08-19,92.7105428426964,93.30106188057312,91.972401554112,92.41529083251953,20578703.0
2025-08-20,92.2676605703943,94.48208442408377,92.07082589801537,93.989990234375,22492575.0
2025-08-21,94.43286863090027,96.59808749358992,94.03919930019414,96.00757598876953,25690916.0
2025-08-22,96.05678275655302,96.79492402902974,95.22022414949832,96.10599517822266,19897020.0
2025-08-25,96.54888044974547,97.43465151068584,96.25362843527307,97.0901870727539,24798986.0
2025-08-26,96.69650660500902,98.07437181411001,95.46627115201908,96.49967193603516,30181629.0
2025-08-27,96.69651196937699,97.33623594217356,94.08841116259819,94.58050537109375,19201794.0
2025-08-28,94.7773408862206,95.90915147905717,94.08840453757965,94.43286895751953,14599534.0
2025-08-29,94.43287040637004,94.92496458776596,92.21844659008846,92.71054077148438,24042723.0
2025-09-01,93.10421647489707,93.74394040460727,92.26765787855047,93.64552307128906,18568341.0
2025-09-02,93.84236250171901,94.58050380221826,84.73861979556159,87.6911849975586,45996932.0
2025-09-03,87.88802422474112,87.98644155974276,83.85284591082197,84.73861694335938,36118289.0
2025-09-04,85.03387984996662,86.51016246017868,84.68941540933614,86.11648559570312,27767556.0
2025-09-05,86.31331894146095,87.34671975616527,84.44336700439453,84.44336700439453,32925996.0
2025-09-08,82.91786918547706,84.59098639105636,82.17972791676361,84.09889221191406,26322423.0
2025-09-09,84.3449419382863,86.36253113934832,83.95127258967455,84.8370361328125,23029272.0
2025-09-10,85.23071549801506,86.313321256075,84.8862510534635,85.96885681152344,17474944.0
2025-09-11,86.01806781869925,88.5277437380214,84.19732077712948,84.68941497802734,37536326.0
2025-09-12,84.54178521600566,85.32913143218528,83.11470752814488,84.68941497802734,18996734.0
2025-09-15,84.14810382206164,90.98820984268966,83.7052220686079,90.64374542236328,41348919.0
2025-09-16,90.79137694260166,91.52951821855777,89.36430681259105,91.1358413696289,27014915.0
2025-09-17,91.13583854397967,92.21844421339705,90.39769729090949,91.18505096435547,18083429.0
2025-09-18,92.12002824035083,92.56291750398306,89.21667560561596,89.85639953613281,18244388.0
2025-09-19,90.05323548811992,93.05501300789511,89.9056057314691,91.9231948852539,28127977.0
2025-09-22,94.77734724729044,95.41706370921628,92.56292331636085,92.75975799560547,22946752.0
2025-09-23,91.33268413868102,91.72635348139248,88.77378835848808,89.16746520996094,35870631.0
2025-09-24,89.36430914439684,90.15165535403764,86.95304307476562,89.65956115722656,35772336.0
2025-09-25,89.90560453361071,90.93900530763662,88.97062860188154,89.46272277832031,21511589.0
2025-09-26,89.31509679929364,89.65956123561023,86.65779113769531,86.65779113769531,20897576.0
2025-09-29,86.06727426335564,87.93723376175791,85.5259751380035,85.57518005371094,24889700.0
2025-09-30,85.87043302086217,86.4117396136099,84.24652075138016,85.42755126953125,30232097.0
2025-10-01,85.32912598979091,88.33090342731556,84.68940957643485,87.00225067138672,31719921.0
2025-10-02,87.05145801231804,87.14988285597586,84.5909870960992,85.13229370117188,23596761.0
2025-10-03,85.91964588593575,85.91964588593575,80.063720703125,80.063720703125,54457290.0
2025-10-06,80.555816558569,81.78605202069976,80.0145174604883,80.94949340820312,37102785.0
2025-10-07,81.49080126611912,83.90205980540928,81.2939590838994,83.01628875732422,39495087.0
2025-10-08,82.7702384078078,84.49256801353584,81.09712122289072,81.2447509765625,28289474.0
2025-10-09,82.27814341333094,82.47498558584857,80.11293207696477,80.60502624511719,20843139.0
2025-10-10,80.70344534747215,82.17972788431616,80.3097685025615,81.09712219238281,17583247.0
2025-10-13,80.11293705297207,81.0971254504072,79.27637841690452,79.86688995361328,21806823.0
2025-10-14,79.86688970772391,80.60503100352771,77.45562363617455,77.6524658203125,23194159.0
2025-10-15,77.80009262835861,78.58743880874238,76.6682745159981,77.70166778564453,30951269.0
2025-10-16,77.30800368348183,78.58744412900732,76.17618549449874,76.56986236572266,35815903.0
2025-10-17,76.12696986672395,76.52064672138368,73.71571133367047,74.4046401977539,39269485.0
2025-10-20,74.69989912432081,76.81590563119197,72.92835704676324,76.37301635742188,50486507.0
2025-10-21,76.61906442981306,77.11115862333628,75.43804136886193,76.22538757324219,43937313.0
2025-10-22,76.7174817667654,78.0461420962873,76.22538757324219,76.22538757324219,37865684.0
2025-10-23,76.32381405704179,77.75088424538276,75.19199588589464,77.11116027832031,56700951.0
2025-10-24,78.14456195846574,83.31155115742979,77.40642064432802,80.3589859008789,77675769.0
2025-10-27,79.76847006263998,80.06372206716405,77.94771557864878,78.73506927490234,36652201.0
2025-10-28,78.63665114273803,78.98111556557082,78.04613963091592,78.09534454345703,12385858.0
2025-10-30,78.53823904782257,79.5716323852539,78.14456217742702,79.5716323852539,30829561.0
2025-10-31,79.22716589193934,80.99870800855565,78.63665435598776,80.26056671142578,38854104.0
2025-11-03,80.60503082466136,82.27814808793264,80.26056638913627,81.04791259765625,40938721.0
2025-11-04,80.85107945192141,81.63842567533311,78.83349020620314,79.3255844116211,41545711.0
2025-11-05,79.1287498415028,80.55582003566775,78.58744321129585,78.9319076538086,44305405.0
2025-11-06,79.42399929363675,81.83526533083906,79.079534862254,81.19554138183594,45714470.0
2025-11-07,81.14632977997623,81.14632977997623,77.94771751137328,78.43981170654297,37908256.0
2025-11-10,78.88269871203349,79.47321022745115,76.37301538555683,76.52064514160156,36336763.0
2025-11-11,76.47143040064068,77.01273698679994,72.73151924391854,74.60147857666016,50955337.0
2025-11-12,74.99515074465836,75.78250444368167,74.40463922477156,74.5522689819336,28250721.0
2025-11-13,74.94594769304483,75.19199479150606,74.20780639766112,74.65068817138672,26269551.0
2025-11-14,74.30622295851293,74.89673448689452,73.56808167084559,74.0109634399414,24062838.0
2025-11-17,74.55226792492677,75.63487361416355,73.96175641341226,75.09357452392578,35670346.0
2025-11-18,74.60147838028338,75.97933603458708,74.2078015467276,74.99514770507812,30611429.0
2025-11-19,75.29040968916424,77.35720374750669,75.09357502027879,76.52064514160156,45881789.0
2025-11-20,77.6032503654784,78.48902138759219,76.86510909851044,78.09534454345703,45551040.0
2025-11-21,77.60325513502804,78.14456176757812,76.42223203879733,78.14456176757812,39176466.0
2025-11-24,77.75088456269013,79.5716316234818,77.1603730171309,78.9319076538086,44969420.0
2025-11-25,79.22716306967008,81.19553979189791,79.22716306967008,79.91609191894531,42434541.0
2025-11-26,80.3097716259775,80.94949558524236,79.47321299098263,80.26056671142578,26676096.0
2025-11-27,80.8510733291934,81.83526166549821,80.40818407259955,80.60502624511719,35274704.0
2025-11-28,80.40818407259955,81.24475016546754,79.91608990444715,80.60502624511719,36847726.0
2025-12-01,80.55582032704852,84.14810954627336,79.57163191130265,83.75443267822266,41069857.0
2025-12-02,83.85284914476114,84.49257311008591,83.11470784063908,83.50838470458984,27621031.0
2025-12-03,83.50838449429607,85.32913153812642,83.11470763133669,84.29573822021484,48378098.0
2025-12-04,84.29573527179652,84.640199699052,81.19554040897431,81.34317016601562,29689498.0
2025-12-05,81.34317331987911,84.44336830290307,81.19554355711385,83.11470794677734,36571229.0
2025-12-08,84.09889603435434,85.2799266232325,83.75443159505048,84.29573822021484,27007821.0
2025-12-09,84.39415523051716,85.18150895337355,83.3115494931608,85.08308410644531,24622712.0
2025-12-10,85.52597383116891,85.82122584718725,83.21313258293127,83.90206146240234,20182767.0
2025-12-11,84.00047615703303,84.64020010141226,82.96708287035402,83.1639175415039,32787180.0
2025-12-12,83.85284311484301,85.4275504574077,83.75442578312298,84.78782653808594,27362616.0
2025-12-15,84.88624922525575,86.2149020592031,83.95127325178656,85.87043762207031,25971718.0
2025-12-16,86.46094970334904,86.51016212700458,83.40996715574663,84.29573822021484,28822654.0
2025-12-17,84.09889291285543,85.18150612300079,83.65601115144058,85.13229370117188,27312987.0
2025-12-18,85.23071103606836,85.62438788441564,84.14810533468435,85.13229370117188,21627874.0
2025-12-19,85.08308167686856,85.27992385634255,83.9512710571289,83.9512710571289,19639367.0
2025-12-22,84.0988954686411,85.18150871168734,82.5241955361578,82.86865997314453,27622198.0
2025-12-23,82.62261242116732,83.01628927932067,81.39237693241401,81.44158935546875,28265603.0
2025-12-24,81.68763574878855,84.34494137807587,80.60503002977376,83.80364227294922,50893005.0
2025-12-25,83.85284826631613,84.04969045061021,83.11470696992687,83.26233673095703,18583306.0
2025-12-26,83.11470334927435,83.26233310387344,81.73684566304603,82.67182159423828,14725156.0
2025-12-29,82.67182442231531,82.77024175916101,81.0971245064997,82.62261199951172,29670542.0
2025-12-30,82.7210399122312,83.06550435834386,81.58922172463666,82.17973327636719,25356884.0
2025-12-31,82.47498780810508,83.65601083998864,82.47498780810508,82.9178695678711,21295538.0
2026-01-02,83.5575971367319,86.60857969232275,83.40996737414038,86.51016235351562,36354372.0
2026-01-05,87.34671545102599,89.70876897624258,86.60857419369337,89.2166748046875,41069005.0
2026-01-06,89.41351568727355,90.54533386230469,88.87221656617982,90.54533386230469,52878371.0
2026-01-07,90.69296118565158,91.23426029218139,88.52774223324788,89.01983642578125,44519417.0
2026-01-08,88.97062763830574,90.00402089237848,87.69117978991721,89.6103515625,35340252.0
2026-01-09,89.90560444847335,90.69295813353428,88.4785343416568,89.85639953613281,31339857.0
2026-01-12,90.34849691920577,93.3010620798496,90.05323739963679,91.62793731689453,47703017.0
2026-01-13,91.67714964142031,92.95659003773689,90.98821326608541,92.02161407470703,38891956.0
2026-01-14,93.00580058609107,93.69472943877979,91.62793537195226,91.9231948852539,44348651.0
2026-01-15,91.72635629487675,92.8581744617915,90.7913803141168,92.51371002197266,47269500.0
2026-01-16,92.66133384162961,93.89156926834067,92.36607433571449,93.39947509765625,39140690.0
2026-01-19,94.18682490675393,95.12180837245745,93.39947870847676,93.989990234375,48691934.0
2026-01-20,93.98998886010831,94.08840619485878,91.97239970829779,92.3168716430664,39831313.0
2026-01-21,92.51370981228632,93.74394531510927,91.28347430946337,93.30106353759766,45550433.0
2026-01-22,94.28524975170484,94.62971418274869,91.5787317083066,93.989990234375,49942970.0
2026-01-23,94.43286958568716,97.09018264738806,94.0884051634559,95.85994720458984,43552027.0
2026-01-26,94.87576029414663,97.13938903808594,94.13761901723484,97.13938903808594,36412376.0
2026-01-27,97.38543556168437,99.59985937948805,96.20441252902692,99.1077651977539,53981324.0
2026-01-28,101.86349999989142,104.91448255610686,101.56824047464795,103.73345947265625,59628690.0
2026-01-29,104.22554853627595,108.2607192993164,102.25717182174293,108.2607192993164,72715387.0
2026-01-30,107.86704832077193,109.04807891897629,105.89867149919301,107.76863098144531,52688028.0
2026-02-02,104.32397004933723,108.55598315861685,102.25717591803664,106.48918151855469,55209128.0
2026-02-03,107.07970199022529,109.14649614906223,105.50499452752888,108.16230773925781,57497447.0
2026-02-04,108.85123370005947,109.04807588199232,105.2097396850586,105.2097396850586,34424086.0
2026-02-05,104.61922907828917,105.20974061176612,101.86349857704799,102.06033325195312,40612849.0
2026-02-06,101.66666597353053,102.45401219795426,100.09195850715969,101.76508331298828,30908941.0
2026-02-09,102.84768268169385,104.22554787487549,102.55242317288307,103.83187103271484,39683761.0
2026-02-10,104.02870814650959,104.91447918501696,101.37140253974889,101.9619140625,31579235.0
2026-02-11,100.78088909771539,102.84768314236472,100.28879492000073,102.25717163085938,37906592.0
2026-02-12,102.94610066832499,110.03226134590064,102.65084866640179,108.2607192993164,71298551.0
2026-02-13,108.06388803222886,110.91802835111491,107.67021117518065,109.63858795166016,45792451.0
2026-02-16,110.72119325900297,113.18166422031415,108.94965116335433,110.81961059570312,60401173.0
2026-02-17,110.03226134590064,110.52435552453389,108.2607192993164,108.2607192993164,42124024.0
2026-02-18,108.75281762639318,111.50854813536296,106.68602349904661,107.27653503417969,61957140.0
2026-02-19,107.76862882335459,107.76862882335459,101.37140428132898,102.45401000976562,41406118.0
2026-02-20,102.45400971208072,104.02870963148243,101.46982132385945,103.63504028320312,36644195.0
2026-02-23,105.209736056248,105.80024756415617,104.02870553167047,104.61922454833984,35559974.0
2026-02-24,104.225547706814,105.60341289777385,102.84768251585415,104.61922454833984,47054071.0
2026-02-25,104.81606375319431,105.50499262412383,101.76508123959542,102.06033325195312,40579235.0
2026-02-26,101.96191744356018,104.61923064719886,100.38721749441964,103.33978271484375,35534556.0
2026-02-27,103.73345707695489,104.02870908661794,98.41883830664383,99.20619201660156,66871999.0
2026-03-02,94.48208335444886,96.59808984799348,92.7105412880484,94.53129577636719,48371323.0
2026-03-03,93.64552886042941,95.46627592003864,90.15165699593364,90.54533386230469,47692796.0
2026-03-04,90.54532958251271,92.71054098206827,89.5119287957295,92.3168716430664,46770796.0
2026-03-05,94.23603604357903,94.67891780477018,91.77556512860309,91.9231948852539,38577759.0
2026-03-06,91.43110561925181,92.36608161371939,88.57695770263672,88.57695770263672,32630089.0
2026-03-09,85.62438577301057,89.75797380682386,84.73861476326168,89.6103515625,46491562.0
2026-03-10,92.51370381206655,94.43286806849328,91.38188572112416,94.18682098388672,44360261.0
2026-03-11,93.94077955938701,94.48208618164062,92.36607962477865,94.48208618164062,25985849.0
2026-03-12,93.44868546285376,96.3028333211352,93.00580368689698,94.08840942382812,34395618.0
2026-03-13,93.20263292412578,93.89156926834067,91.23425624138808,93.39947509765625,26081172.0
2026-03-16,93.6947302402608,94.2852492719155,91.23425930423754,92.56291961669922,31220119.0
2026-03-17,93.00580176064784,94.72813142288206,92.12003071831795,94.3836669921875,34664905.0
2026-03-18,94.67892172662188,95.07259859107744,91.33268715065374,91.72635650634766,25141136.0
2026-03-19,90.93900964257568,91.62793851892577,90.59454520440065,91.08663940429688,10210074.0
2026-03-23,88.18328057979147,92.12003424414611,85.9196517280446,91.97240447998047,63887091.0
2026-03-24,91.43110066217109,92.16924193634024,88.18327605232228,88.52774047851562,37206592.0
2026-03-25,89.90560542096686,91.28347063034701,89.46272366130529,89.70877075195312,30699116.0
2026-03-26,89.46272393105335,90.25007011824364,87.78959920434647,88.52774047851562,23911210.0
2026-03-27,89.01983783670492,89.26588493687134,87.00225612059727,87.6911849975586,27237155.0
2026-03-30,87.100669773292,88.72458206742766,86.46094583817657,87.49434661865234,27024225.0
2026-03-31,87.83881280734661,89.31509537553731,87.49434837652107,87.98644256591797,35028954.0
2026-04-01,91.0999984741211,91.4000015258789,89.80000305175781,90.55000305175781,32186449.0
2026-04-02,88.9000015258789,90.4000015258789,88.55000305175781,90.0999984741211,23570724.0
2026-04-03,90.0999984741211,90.75,88.55000305175781,89.0,28121520.0
2026-04-06,88.94999694824219,92.5999984741211,88.80000305175781,91.75,39348145.0
2026-04-07,91.5,92.94999694824219,88.80000305175781,89.30000305175781,36482381.0
2026-04-08,95.0,98.1500015258789,93.69999694824219,96.3499984741211,64177927.0
2026-04-09,95.8499984741211,98.0999984741211,95.44999694824219,97.55000305175781,35303828.0
2026-04-10,98.0,102.0,98.0,102.0,44501081.0
2026-04-13,100.0,100.0,97.8499984741211,99.0999984741211,57217405.0
2026-04-14,100.0,101.9000015258789,99.3499984741211,100.5,52115310.0
2026-04-15,100.9000015258789,101.5,99.5999984741211,100.5999984741211,30380937.0
2026-04-16,101.19999694824219,102.19999694824219,98.69999694824219,99.5,33217351.0
2026-04-17,99.5,105.80000305175781,99.0999984741211,105.0999984741211,53494472.0
2026-04-20,103.80000305175781,104.9000015258789,102.5999984741211,102.9000015258789,38545750.0
2026-04-21,103.30000305175781,103.80000305175781,100.5,101.0,30980393.0
2026-04-22,101.69999694824219,101.69999694824219,98.80000305175781,98.9000015258789,35549058.0
2026-04-24,98.5,99.3499984741211,97.4000015258789,98.80000305175781,22352079.0
2026-04-27,98.94999694824219,100.19999694824219,97.69999694824219,98.1500015258789,22437770.0
2026-04-28,97.94999694824219,98.0,96.3499984741211,96.4000015258789,19923400.0
2026-04-29,97.0,97.9000015258789,95.9000015258789,96.1500015258789,20806209.0
2026-04-30,95.80000305175781,95.9000015258789,93.75,95.6500015258789,33410467.0
2026-05-04,95.8499984741211,96.4000015258789,93.55000305175781,93.69999694824219,30582394.0
2026-05-05,93.75,96.5,93.44999694824219,95.30000305175781,26366986.0
2026-05-06,97.0,102.4000015258789,96.8499984741211,100.69999694824219,48103424.0
2026-05-07,100.5,101.80000305175781,99.55000305175781,100.0,28734585.0
2026-05-08,99.44999694824219,101.5999984741211,98.05000305175781,100.0,29114491.0
2026-05-11,99.75,100.30000305175781,98.94999694824219,99.3499984741211,35280977.0
2026-05-12,99.1500015258789,99.1500015258789,95.19999694824219,95.19999694824219,33786334.0
2026-05-13,95.80000305175781,96.44999694824219,94.6500015258789,95.25,25251476.0
2026-05-14,95.80000305175781,97.44999694824219,95.30000305175781,95.8499984741211,24899615.0
2026-05-15,94.80000305175781,94.80000305175781,92.19999694824219,93.05000305175781,28420046.0
2026-05-18,92.8499984741211,93.19999694824219,91.19999694824219,92.30000305175781,29986790.0
2026-05-20,91.9000015258789,93.55000305175781,91.19999694824219,92.6500015258789,24433415.0
2026-05-21,92.6500015258789,93.05000305175781,87.0,87.25,23453435.0
2026-05-22,86.94999694824219,90.3499984741211,85.0999984741211,89.1500015258789,78872084.0
2026-05-25,90.05000305175781,90.69999694824219,88.30000305175781,90.30000305175781,42962840.0
2026-05-26,90.05000305175781,92.0,89.3499984741211,92.0,16714802.0
2026-05-27,92.0,92.0,92.0,92.0,0.0
2026-05-28,92.0,92.0,92.0,92.0,0.0
2026-05-29,92.0,92.0,92.0,92.0,0.0
2026-06-01,91.0999984741211,93.0,88.80000305175781,89.0,54593365.0
2026-06-02,91.80000305175781,93.5,91.25,93.30000305175781,49951502.0
2026-06-03,92.69999694824219,92.9000015258789,90.5999984741211,90.69999694824219,35597499.0
2026-06-04,91.19999694824219,92.25,89.9000015258789,92.0,41204630.0
2026-06-05,92.05000305175781,92.25,89.94999694824219,90.0,27335462.0
2026-06-08,88.80000305175781,91.94999694824219,88.80000305175781,91.5,23182984.0
2026-06-09,91.55000305175781,93.44999694824219,90.94999694824219,91.19999694824219,30504753.0
2026-06-10,91.19999694824219,91.94999694824219,90.1500015258789,91.1500015258789,22253929.0
2026-06-11,91.0999984741211,92.1500015258789,89.80000305175781,91.5999984741211,25113772.0
2026-06-12,93.5,96.44999694824219,93.0,95.94999694824219,42768377.0
2026-06-15,100.5,102.0999984741211,99.0999984741211,101.19999694824219,34264384.0
2026-06-16,101.30000305175781,101.9000015258789,100.0999984741211,100.80000305175781,22328408.0
2026-06-17,101.4000015258789,101.80000305175781,98.8499984741211,99.80000305175781,16593847.0
2026-06-18,100.19999694824219,103.30000305175781,100.19999694824219,102.5,32703031.0
2026-06-19,100.69999694824219,102.5,100.19999694824219,100.80000305175781,21453913.0
2026-06-22,101.5,102.4000015258789,100.9000015258789,101.5,22406845.0
2026-06-23,100.5,101.80000305175781,98.80000305175781,99.1500015258789,24363579.0
2026-06-24,99.05000305175781,100.80000305175781,98.0999984741211,99.80000305175781,23578050.0
2026-06-25,101.0,101.4000015258789,96.9000015258789,97.0,29177989.0
2026-06-26,97.05000305175781,97.94999694824219,96.5999984741211,97.44999694824219,16848657.0
2026-06-29,97.55000305175781,98.94999694824219,96.94999694824219,97.5,27586142.0
2026-06-30,97.6500015258789,98.1500015258789,96.5999984741211,97.5,29623413.0
2026-07-01,97.0999984741211,98.5999984741211,96.3499984741211,98.0999984741211,38748553.0
2026-07-02,98.30000305175781,99.0999984741211,96.69999694824219,97.55000305175781,25358982.0
2026-07-03,98.0999984741211,98.19999694824219,94.5,94.5,23600000.0
2026-07-06,94.80000305175781,96.94999694824219,93.30000305175781,93.5999984741211,35417909.0
2026-07-07,93.55000305175781,95.05000305175781,92.80000305175781,92.80000305175781,34230938.0
2026-07-08,92.44999694824219,92.44999694824219,89.5,90.0,32017069.0
2026-07-09,90.75,90.75,88.75,89.1500015258789,29842768.0
2026-07-10,89.25,91.5999984741211,89.1500015258789,90.5,41349310.0
2026-07-13,89.8499984741211,90.4000015258789,89.0999984741211,89.19999694824219,27389395.0
2026-07-14,89.0999984741211,90.05000305175781,88.6500015258789,89.44999694824219,32842805.0
2026-07-16,89.55000305175781,90.5999984741211,89.30000305175781,90.30000305175781,42929509.0
2026-07-17,90.19999694824219,90.5,88.4000015258789,88.4000015258789,37790457.0
2026-07-20,88.6500015258789,90.19999694824219,87.9000015258789,89.0,46196486.0
2026-07-21,89.5999984741211,89.9000015258789,88.19999694824219,88.4000015258789,24681443.0
2026-07-22,88.69999694824219,89.4000015258789,88.05000305175781,89.0999984741211,29209384.0
2026-07-23,89.0999984741211,89.0999984741211,87.55000305175781,87.94999694824219,31306845.0
2026-07-24,88.0999984741211,88.80000305175781,86.5999984741211,87.0999984741211,27336960.0
2026-07-27,88.3499984741211,89.25,86.80000305175781,87.0999984741211,43337946.0
2026-07-28,87.19999694824219,87.94999694824219,86.55000305175781,87.3499984741211,29180832.0
2026-07-29,87.3499984741211,88.25,84.30000305175781,84.80000305175781,32972679.0
2026-07-30,84.8499984741211,85.1500015258789,82.0999984741211,82.30000305175781,37704669.0
2026-07-31,82.8499984741211,84.6500015258789,82.3499984741211,84.5,37955773.0
2026-08-03,85.80000305175781,87.0,85.3499984741211,86.55000305175781,39848500.0
2026-08-04,86.55000305175781,89.0,85.5999984741211,88.9000015258789,41500149.0
2026-08-05,88.44999694824219,89.80000305175781,86.8499984741211,89.0999984741211,30205242.0
2026-08-06,89.30000305175781,89.5999984741211,88.0999984741211,88.0999984741211,24121294.0
2026-08-07,88.1500015258789,88.94999694824219,87.55000305175781,88.05000305175781,22138406.0
2026-08-10,88.30000305175781,89.6500015258789,88.0,88.5,23780024.0
2026-08-11,88.19999694824219,88.69999694824219,86.05000305175781,87.5999984741211,29958126.0
2026-08-12,87.44999694824219,89.05000305175781,86.9000015258789,88.25,52555066.0
2026-08-13,90.5999984741211,91.69999694824219,88.75,88.80000305175781,58734820.0
2026-08-14,88.8499984741211,90.5,88.5999984741211,89.4000015258789,51389456.0
2026-08-17,89.5999984741211,89.94999694824219,88.3499984741211,88.9000015258789,27764922.0
2026-08-18,88.3499984741211,89.55000305175781,87.6500015258789,88.94999694824219,31756088.0
2026-08-19,88.8499984741211,90.69999694824219,88.6500015258789,90.3499984741211,49784523.0
2026-08-20,90.69999694824219,91.30000305175781,89.75,90.1500015258789,39976732.0
2026-08-21,90.30000305175781,92.8499984741211,90.30000305175781,92.4000015258789,42580992.0
2026-08-24,95.19999694824219,95.44999694824219,93.3499984741211,94.25,49241222.0
2026-08-25,94.05000305175781,94.44999694824219,92.8499984741211,93.5,29250885.0
2026-08-26,93.9000015258789,96.5,93.69999694824219,93.94999694824219,40350781.0
2026-08-27,94.0999984741211,94.55000305175781,93.5999984741211,93.75,26420143.0
2026-08-28,93.69999694824219,94.3499984741211,93.44999694824219,93.6500015258789,24032800.0
2026-08-31,93.44999694824219,95.0999984741211,92.5,93.19999694824219,52097434.0
2026-09-01,93.3499984741211,95.4000015258789,93.19999694824219,93.19999694824219,34494745.0
2026-09-02,92.44999694824219,93.05000305175781,89.4000015258789,92.5,40825391.0
2026-09-03,92.6500015258789,93.75,92.1500015258789,93.0,32072449.0
2026-09-04,93.0999984741211,94.30000305175781,91.75,92.5999984741211,27424666.0
2026-09-07,92.69999694824219,94.05000305175781,92.19999694824219,94.05000305175781,26238500.0
2026-09-08,94.05000305175781,96.5,93.0,96.5,40684938.0
2026-09-09,96.55000305175781,98.4000015258789,95.69999694824219,96.05000305175781,50143059.0
2026-09-10,96.4000015258789,96.5999984741211,93.6500015258789,94.80000305175781,23728192.0
2026-09-11,94.94999694824219,96.1500015258789,94.0,95.30000305175781,32370044.0
2026-09-14,94.5,96.1500015258789,94.19999694824219,94.94999694824219,23696220.0
2026-09-15,95.05000305175781,95.19999694824219,90.30000305175781,90.30000305175781,40287392.0
2026-09-16,90.5,91.19999694824219,82.30000305175781,84.30000305175781,64620926.0
