Date,Open,High,Low,Close,Volume
2021-09-20,34.108555623224966,34.843467795536085,34.09414525727813,34.49762725830078,2064529.0
2021-09-21,34.59850243556153,34.88670155369168,32.92693820551787,34.09415054321289,1828281.0
2021-09-22,34.22383702356902,35.08843977175846,33.863586107531454,35.016387939453125,1262800.0
2021-09-23,35.01639092845033,36.385345625645535,34.90111073541785,35.924224853515625,3595761.0
2021-09-24,35.9242232577526,36.6014940181718,35.319001584092035,36.02509307861328,2664954.0
2021-09-27,36.02509065255473,36.16919156486421,35.592790664122596,35.96744918823242,1523160.0
2021-09-28,36.02509453475441,36.241244552263616,35.47751430716464,36.061119079589844,1910582.0
2021-09-29,36.09714157235343,36.27726703478732,35.47751229031785,35.708072662353516,1758032.0
2021-09-30,35.73689312667557,38.15057613983299,35.73689312667557,37.46609878540039,4835707.0
2021-10-01,37.24994659423828,37.646222066289404,36.56546927969737,37.24994659423828,1992707.0
2021-10-04,37.10584494646858,37.4300713257972,36.67354493969469,36.7455940246582,2156417.0
2021-10-05,36.925721329416604,37.1058467993162,35.95304489135742,35.95304489135742,1931478.0
2021-10-06,36.010682711562254,36.38534400939941,35.27577048293897,36.02509307861328,2962715.0
2021-10-07,36.38534470916048,37.21392296530235,36.20521924030325,36.85367202758789,2386418.0
2021-10-08,36.96174475174848,38.07852208152764,36.74559474412937,37.24994659423828,3539175.0
2021-10-11,37.24994553393065,38.00647191331151,36.74559369817795,37.89839553833008,3118603.0
2021-10-12,37.53814782637831,38.54685158405119,37.53814782637831,38.11455154418945,1986441.0
2021-10-13,38.186597765490184,40.492204218011516,37.9704477617999,39.87977600097656,6546416.0
2021-10-14,39.84375073776105,41.17668077531821,39.771701653999635,40.34810256958008,3049757.0
2021-10-15,40.52822876015159,41.53693244202504,40.13195329530717,40.204002380371094,2792478.0
2021-10-18,40.204001497611166,41.212705157336494,39.951826956928016,40.924503326416016,3058470.0
2021-10-19,41.03257970013529,41.42885515627868,40.924503326416016,40.924503326416016,2004894.0
2021-10-20,40.8164335294306,40.99655900352606,40.456182581239666,40.60028076171875,1627082.0
2021-10-21,40.456179673950025,42.11333336684145,39.80772691440727,41.17668151855469,4419221.0
2021-10-22,41.32078167582541,42.7978127270936,41.32078167582541,41.969234466552734,3080127.0
2021-10-25,41.933206700919364,43.3021585172394,41.75308124494333,43.049983978271484,5061384.0
2021-10-26,43.4462644437262,43.59036537482993,42.00526062968223,42.07731246948242,2470968.0
2021-10-27,41.861158800712374,42.25743703987215,40.960531436252154,42.14936065673828,4290135.0
2021-10-28,42.22140811077286,42.50960995563338,41.71705900501169,42.365509033203125,1143400.0
2021-11-01,42.365512332736344,42.437564173811296,41.53693677409965,41.93321228027344,1952322.0
2021-11-02,42.0052554785914,42.0773073095559,40.34810184535638,40.49220275878906,3323767.0
2021-11-03,40.4922042168545,41.500905150212475,39.267350531316005,40.852455139160156,5876242.0
2021-11-04,41.17667988743307,41.500903505864635,40.816428979401266,41.068603515625,2407239.0
2021-11-05,41.03258347853922,41.89718630241954,40.85245800475151,41.572959899902344,3351631.0
2021-11-08,42.43756013336196,43.01396106459936,42.005257373561584,42.83383560180664,4077817.0
2021-11-09,43.08601123602984,45.06739137667792,42.61768667006547,44.02266311645508,5610192.0
2021-11-10,44.022660925634774,44.41893913284052,43.194085466241795,43.80651092529297,4606911.0
2021-11-11,43.66241468250571,44.67111845673385,43.51831649918455,44.058692932128906,3033320.0
2021-11-12,44.13073786655307,45.35559154887505,44.13073786655307,44.887264251708984,2690842.0
2021-11-15,45.031368234025464,46.07609652675417,45.031368234025464,45.355594635009766,3673756.0
2021-11-16,45.39161774419969,46.112119613155244,44.27484039701789,44.67111587524414,3926593.0
2021-11-17,44.67111479848462,45.64379119873047,44.022662032656434,45.64379119873047,3720810.0
2021-11-18,45.643789026876604,46.83261812482847,45.31956540788638,46.07609176635742,4793700.0
2021-11-19,46.22019308314774,46.508394911985086,45.679816715449974,46.43634033203125,3605989.0
2021-11-22,47.300944904401746,50.32705030622945,47.300944904401746,50.00282669067383,6848417.0
2021-11-23,50.11090817440491,54.97429588591249,50.11090817440491,54.14571762084961,10599596.0
2021-11-24,56.55939613342285,57.85630168305011,52.34446134262369,54.03763961791992,7387806.0
2021-11-25,54.39788604785825,57.460018706181394,54.39788604785825,57.243865966796875,6898728.0
2021-11-26,57.279898720995455,58.72090246240415,54.469940325849905,56.703495025634766,5660584.0
2021-11-29,57.64014411695076,59.44139862060547,56.84759323474118,59.44139862060547,3853593.0
2021-11-30,58.86499996988363,62.395460195678005,58.720901796174864,61.99918746948242,5845178.0
2021-12-01,62.82775733626969,64.48491374298712,61.386753677208524,63.11595916748047,5660746.0
2021-12-02,63.33211179387374,65.7097645285765,63.29608450366911,65.31349182128906,3672407.0
2021-12-03,66.28616347515461,67.61909066302827,65.92591258670268,66.03398895263672,3390024.0
2021-12-06,66.14207167463545,66.46629530660222,63.224036998963086,64.12466430664062,3530684.0
2021-12-07,64.48490743168064,66.1780854659632,64.08862926542652,65.92591094970703,4907890.0
2021-12-08,67.36691927975512,68.41164470615215,65.27746292996848,65.85386657714844,6393770.0
2021-12-09,65.99796894463215,67.47499994899988,65.96194715000911,66.53834533691406,3502753.0
2021-12-10,66.50232812421295,67.36692821263664,64.59299697386791,66.07002258300781,2562958.0
2021-12-13,66.2141233148758,68.08742708773227,65.78182328990786,66.64642333984375,4030133.0
2021-12-14,67.11475521326693,67.54705526758076,65.9619532360989,66.82655334472656,3390053.0
2021-12-15,67.18680818329419,67.36693367440222,63.83647294928614,65.241455078125,4735263.0
2021-12-16,66.28617059616816,68.44767615908668,65.781821496951,68.0874252319336,4254236.0
2021-12-17,68.12345856063571,71.83403904155468,61.278690338134766,61.278690338134766,6482830.0
2021-12-20,59.801657826004366,62.46751266282412,55.154422760009766,55.154422760009766,9018045.0
2021-12-21,56.19914405145212,56.73952043656224,49.64257834484794,50.579227447509766,7574681.0
2021-12-22,48.27362496807448,51.87613429405019,46.22019575166692,48.70592498779297,6051738.0
2021-12-23,50.435130562919106,51.44383427357608,45.535718429363406,46.868648529052734,3520983.0
2021-12-24,48.12952655751754,51.551910400390625,47.7692756266888,51.551910400390625,3944590.0
2021-12-27,53.28111428743912,55.19044545700042,52.41651419031376,53.389190673828125,7411759.0
2021-12-28,54.03763909280642,54.505966397676,51.3357571381661,51.65998077392578,3166074.0
2021-12-29,51.51588257377619,54.0376390634016,49.82270431585485,53.60533905029297,3348372.0
2021-12-30,54.39789389333418,56.5593996109501,51.84010992869134,55.838897705078125,5212054.0
2021-12-31,55.94696637910099,56.8115663481809,54.25378823307386,54.54198455810547,4879926.0
2022-01-03,54.72211215621966,59.981777749244834,54.72211215621966,59.765625,7368487.0
2022-01-04,60.12587720380052,62.57558459401794,59.33332626793418,61.02650451660156,8375544.0
2022-01-05,61.13458226178603,64.1606933987205,60.73830953348034,63.980567932128906,5324848.0
2022-01-06,63.368139350998085,64.52094677849229,62.71969204427411,62.971866607666016,6508441.0
2022-01-07,63.368136989245805,63.800442506940556,60.84638045532709,62.68366241455078,4189540.0
2022-01-10,61.81906677675327,62.179317735832264,60.702286604811015,61.278690338134766,4790846.0
2022-01-11,61.45881241625207,61.5668833003999,58.82897946112414,59.47743225097656,5142961.0
2022-01-12,60.08985502664905,61.71098417936264,59.36935318099856,59.69357681274414,4775877.0
2022-01-13,59.80165100097656,61.855080086551325,59.40537280157063,59.80165100097656,8206119.0
2022-01-14,59.801649833188605,60.45010255728434,58.28859714162692,58.937049865722656,3472154.0
2022-01-17,59.22524524789898,60.16189977857802,58.21654713423535,58.36064529418945,3983271.0
2022-01-18,58.144500712806575,58.612828043835236,55.26249313354492,55.26249313354492,2722866.0
2022-01-19,55.26249278155314,58.324625815014535,54.6500672742595,58.10847854614258,5798238.0
2022-01-20,58.72090299101392,59.87370489511987,55.838895482252504,56.59542465209961,7393021.0
2022-01-21,56.34324447576139,57.27989911288248,55.40659533563337,55.55069351196289,3609966.0
2022-01-24,54.794169382121126,55.94697127408765,51.2637091216668,51.335758209228516,5240660.0
2022-01-25,51.768059505539036,56.45132177320911,51.01153582203438,55.47864532470703,8344633.0
2022-01-26,55.91094390034608,57.8563022436361,54.902240184972705,55.11839294433594,5927469.0
2022-01-27,53.92956655511873,55.874924999169046,52.956890081590224,55.838897705078125,5477741.0
2022-01-28,56.199138197842984,58.86499255458478,55.082358252806884,58.50474166870117,6990420.0
2022-01-31,59.72960084115812,60.91842992094147,57.279893600360545,57.387969970703125,5991939.0
2022-02-01,57.892324117019406,60.16190610542506,57.71219864963789,59.297306060791016,7690220.0
2022-02-02,59.51345279576208,60.77433105625277,58.39667820609468,60.053829193115234,5615805.0
2022-02-03,60.08985777984679,61.67495971410694,58.360652171658295,58.8289794921875,7482757.0
2022-02-04,59.58550152097731,60.738308892593906,58.504748732831466,58.72090148925781,10566492.0
2022-02-07,58.75692913766345,60.52215650355323,57.96437269061777,60.053829193115234,7822516.0
2022-02-08,60.918426513671875,61.819053721165595,60.378050189175646,60.918426513671875,6708006.0
2022-02-09,61.35072879465769,64.44888320743833,61.278679714731155,64.19670867919922,9513090.0
2022-02-10,64.26875817562549,64.88118910145108,62.68365641899951,62.79173278808594,4495592.0
2022-02-11,62.71968645943428,63.72838462318292,60.990480969162334,63.11595916748047,5844228.0
2022-02-14,61.819059811301074,62.86378527611854,60.16190338746015,60.81035614013672,4866072.0
2022-02-15,60.81035614618472,62.93583436667694,60.81035614618472,61.45880889892578,5993167.0
2022-02-17,61.06253216212179,61.7830340165421,59.76562662536806,59.87370300292969,4459056.0
2022-02-18,60.08985502496119,61.24265687857101,59.58550043482431,60.3420295715332,2901547.0
2022-02-21,61.60290746085075,62.32340930249813,60.30600194708835,61.49483108520508,5155456.0
2022-02-22,60.52215652131427,61.31470747159956,59.15320188155262,59.40537643432617,5196345.0
2022-02-23,59.873697102595145,60.95444977772138,59.081146240234375,59.081146240234375,4924401.0
2022-02-24,53.785467811566,55.946973506629654,53.17304229736328,53.17304229736328,5254178.0
2022-02-25,55.01031407273602,58.43269779333378,54.10968677784187,57.67617416381836,5836180.0
2022-02-28,56.1991476170922,59.65755890001823,56.01902214396049,57.85630416870117,5954903.0
2022-03-01,59.081147151333035,59.44139804859726,56.37926542185134,56.81156539916992,4309731.0
2022-03-02,56.88361695983486,56.919644249929355,54.902236938476555,54.90223693847656,3573870.0
2022-03-03,55.98298913592607,56.8836164096507,55.08236186220144,55.766841888427734,2743968.0
2022-03-04,55.51466971008149,55.766844258041125,54.07366601089176,54.10968780517578,2355100.0
2022-03-07,53.96558478799223,53.96558478799223,51.37177946177071,52.9929084777832,4889118.0
2022-03-08,52.38047765844156,53.02893036542621,51.5879267930125,52.092281341552734,3985183.0
2022-03-09,52.884835427502,54.03763725623649,52.59663359607019,53.74943542480469,4749511.0
2022-03-10,54.03763832843108,55.29851655609447,52.77676010076769,53.42521286010742,4677426.0
2022-03-11,53.389182151262496,54.21776031865371,53.137007621271906,53.46123123168945,3388032.0
2022-03-14,53.74943302174267,56.631440213224764,53.245083962030286,55.65876388549805,11399712.0
2022-03-15,56.23516787820006,58.61282052801263,56.23516787820006,57.89231872558594,11243873.0
2022-03-16,58.50474387315075,58.97307114184439,56.70348937586172,56.95566940307617,7258778.0
2022-03-17,57.67617148305344,58.68486960885679,57.49604603244676,57.89231872558594,7350236.0
2022-03-18,58.03642174806376,58.25256898822683,56.81156539916992,56.81156539916992,6266562.0
2022-03-21,57.46002163922076,59.36935261127054,57.35194526401175,57.96437072753906,7616382.0
2022-03-22,59.25595068948529,60.54752813990322,58.551459327518934,59.569061279296875,6623846.0
2022-03-23,60.43010716344751,61.05632830411959,58.903701344679476,59.52992248535156,4598980.0
2022-03-24,59.92130905122929,61.25202150662778,59.60819848169806,60.70408248901367,6633780.0
2022-03-25,61.056331618521945,61.1737488352828,59.99958861184969,60.195281982421875,3297901.0
2022-03-28,60.58666385832897,60.70408106566097,59.33422758165781,59.490779876708984,3428334.0
2022-03-29,59.64733790431013,60.8997802734375,59.37336837559645,60.8997802734375,4992493.0
2022-03-30,61.839108942644025,62.54360631488923,61.3303049531287,61.91738510131836,5465064.0
2022-03-31,62.23049271091455,62.30876886581889,60.50839341466776,60.93891525268555,5005358.0
2022-04-01,61.134607772333275,61.25202498909413,60.117005828610544,60.195281982421875,4221026.0
2022-04-04,60.50838695234624,63.678615678048935,60.50838695234624,63.63948059082031,9136214.0
2022-04-05,63.40465225385845,65.3615859653973,62.8958482944408,64.46139526367188,11501421.0
2022-04-06,64.46139200042471,66.18349716265293,63.4437901051915,63.79603576660156,9789225.0
2022-04-07,64.14827979147232,64.4222552678988,62.778426297689066,62.895843505859375,7365165.0
2022-04-08,63.32637189420997,64.38311483384342,62.621874610425216,63.09153747558594,7802114.0
2022-04-11,63.32637289402567,63.87431191668298,62.85671002144977,63.79603576660156,7152530.0
2022-04-12,64.18742416409738,65.12674993376133,63.56120300292969,63.56120300292969,10980417.0
2022-04-13,64.18742327823817,65.71382912589786,62.15221349066276,62.817569732666016,15719220.0
2022-04-14,63.365507503413674,65.67469273190555,63.365507503413674,65.32244110107422,12606801.0
2022-04-15,65.79210968208865,66.92712877540977,64.81364288712652,66.77057647705078,8350277.0
2022-04-18,68.06214821926984,68.84492165927105,67.12282248010335,68.1795654296875,9723335.0
2022-04-19,68.41439570704613,68.49267185188802,66.30090396379279,67.63162231445312,9873347.0
2022-04-20,67.82732318303022,68.02301655287619,66.73143911747525,66.8097152709961,5907676.0
2022-04-21,67.27937172708627,68.10128619063569,67.1228194350231,67.20109558105469,5911439.0
2022-04-22,67.04454652676051,67.08368161562268,62.62187538339104,64.10914611816406,5602710.0
2022-04-25,63.91345536195548,64.38311825205139,62.23049119803143,63.7177619934082,5595049.0
2022-04-26,64.18741754385141,64.65708038024269,60.3909678225654,61.05632400512695,6070411.0
2022-04-27,61.21287609700291,61.76082104777537,59.96043987994536,61.36943435668945,5882123.0
2022-04-28,62.50445357236962,62.81756412065946,60.97804786107624,61.05632400512695,7011410.0
2022-04-29,61.13460436104269,62.46532278993254,60.35183092243244,61.56513214111328,5915730.0
2022-05-05,62.46532492901761,64.10914801197332,62.426183866911785,63.56120300292969,4510943.0
2022-05-06,63.169818031959245,63.169818031959245,61.447718748852,62.426185607910156,4861022.0
2022-05-09,62.42618728555831,62.66102172687834,61.0563336460633,62.19135284423828,4076003.0
2022-05-10,62.817567357774934,63.013260714029684,62.387039585179565,62.895843505859375,817759.0
2022-05-11,62.934987977413364,63.05240519194842,61.173747675650425,61.52599334716797,3508539.0
2022-05-12,60.78236473162148,60.93891704603729,58.59059649727217,60.664947509765625,4428730.0
2022-05-13,60.97805921351143,61.21288768938217,59.29509492870804,60.23442077636719,3152165.0
2022-05-16,60.27355120422906,60.62579684191246,59.2168083190918,59.2168083190918,3228368.0
2022-05-17,59.49078008845052,59.92130785950447,59.06025231739656,59.177669525146484,3095377.0
2022-05-18,59.17766726064385,59.92130556654565,58.5514521300859,59.2168083190918,2672259.0
2022-05-20,59.21681643999533,59.33423365935456,56.86849594116211,56.86849594116211,4728384.0
2022-05-23,56.907631614262776,57.964380627203845,56.35969254777238,57.92523956298828,4034254.0
2022-05-24,58.27748381037509,59.2168155795116,57.416434167732454,57.846961975097656,3700967.0
2022-05-25,58.04264944264914,58.786281791991215,57.846956090497315,58.47317123413086,3328352.0
2022-05-26,58.62973511068383,59.17767416031852,58.199207305908196,58.1992073059082,4452104.0
2022-05-27,58.35576915472316,59.021125461995744,58.1600757718731,58.51232147216797,4471185.0
2022-05-30,58.98197523751868,61.17374317392384,58.86455803162427,60.46924591064453,8377116.0
2022-05-31,60.74321710952592,60.782358169948445,59.334228515625,59.334228515625,9846611.0
2022-06-01,59.843028904595634,61.64341025974709,59.64733553869168,60.11700439453125,7557752.0
2022-06-02,60.664946671368426,61.44772017680544,59.921314230038426,60.78236389160156,6755568.0
2022-06-03,61.2128854908384,62.03480005708605,60.78236364782744,61.09547424316406,6090239.0
2022-06-06,61.643402099609375,62.308758261187805,61.56512595802723,61.643402099609375,5365564.0
2022-06-07,57.25987912566266,58.629732664687666,57.02504470156624,57.41643142700195,22856775.0
2022-06-08,57.651263359575985,57.807815654149536,51.702186584472656,51.702186584472656,25484415.0
2022-06-09,51.74132349527693,52.44582078985667,48.72764692788922,50.29319381713867,24358644.0
2022-06-10,50.52803101364016,53.619983900838825,49.940947911893666,52.445823669433594,19501306.0
2022-06-13,52.44582022263066,52.7589307915116,50.645438930630775,50.95854949951172,8871358.0
2022-06-14,51.50649543838621,51.74132389031404,50.76285707706269,50.801998138427734,6269375.0
2022-06-15,50.95855053839314,53.03290138092044,50.80199823680476,52.52409744262695,8144019.0
2022-06-16,52.79806364026395,53.50256089733799,51.70218565380112,51.85873794555664,6406228.0
2022-06-17,52.250127041237825,52.367544251478314,50.99769073354324,51.78046417236328,4320887.0
2022-06-20,51.97616004376079,52.13271235025507,50.95855213528496,51.42821502685547,5285658.0
2022-06-21,52.01529786664474,52.95462967121546,51.78046939456806,52.71979522705078,5218315.0
2022-06-22,52.44581956379198,53.15031684190216,51.78046334583297,51.89788055419922,6088101.0
2022-06-23,52.13271038807776,52.524097111670066,51.115108489990234,51.115108489990234,4552523.0
2022-06-24,51.271661287904635,51.74132416635343,51.036826862636474,51.349937438964844,4013444.0
2022-06-27,50.332335262484584,51.07596765172062,49.78439026381134,50.801998138427734,3390372.0
2022-06-28,50.880273504203785,51.50649464385971,49.47128191206534,49.78438949584961,5371408.0
2022-06-29,49.78439356696498,49.94094886468126,47.670907498948985,47.749183654785156,3938223.0
2022-06-30,47.74918123881022,48.023150756418666,46.14449623700978,46.966407775878906,5401687.0
2022-07-01,47.04468385253531,48.375399334599635,47.04468385253531,47.984012603759766,2733707.0
2022-07-04,50.528034587102745,50.76286306673876,48.06229673235138,48.375404357910156,7353772.0
2022-07-05,49.11903530756272,49.35386675166502,46.96640826221137,47.31865692138672,4322362.0
2022-07-06,47.74918076057457,49.471282958984375,47.63176354789336,49.471282958984375,4165725.0
2022-07-07,49.314725200022295,49.706111907958984,48.88420041850067,49.706111907958984,2740296.0
2022-07-08,49.627836980760094,50.136640908002846,49.393002561390404,50.09749984741211,1074209.0
2022-07-13,50.21491789279053,50.293194043187334,47.592625049885264,48.1014289855957,4820294.0
2022-07-14,47.944875590134906,48.53195569940186,47.35779548086795,47.67090606689453,3839732.0
2022-07-18,48.37540195754495,49.51042413573097,48.21884665951171,49.43214797973633,4055162.0
2022-07-19,49.43214915780083,50.05836737881383,49.15817663320239,49.82353591918945,3519449.0
2022-07-20,50.01922246872577,50.3714681170339,49.27558712643735,49.706111907958984,3802015.0
2022-07-21,49.549560314373316,50.84113475503944,49.51042223787625,49.8626708984375,5295155.0
2022-07-22,50.2540554951901,51.70219122434702,50.17577934087864,50.723724365234375,6730914.0
2022-07-25,51.15424738722171,52.171855333151456,50.88027785472921,51.97616195678711,5822584.0
2022-07-26,52.44582391491861,53.07204509676769,51.70219148704966,52.9937629699707,8247776.0
2022-07-27,53.22859554153552,55.30294641514523,51.74132476581039,54.40275573730469,12403483.0
2022-07-28,54.79414168179246,56.12485416237242,54.79414168179246,55.381221771240234,7572356.0
2022-07-29,55.45950273316973,58.00351667480218,55.42036764039742,57.7686882019043,10407226.0
2022-08-01,57.92523541473882,58.942843290589494,57.06418581245074,58.27748107910156,8382103.0
2022-08-02,58.27747923022616,63.09153699895156,58.003509725292766,61.721683502197266,19779071.0
2022-08-03,62.15221502040007,62.895847431749935,61.13460711552247,62.856712341308594,8620473.0
2022-08-04,63.40464270987162,65.59641052571426,63.40464270987162,64.18741607666016,8378500.0
2022-08-05,64.57881799109155,66.37919954816334,63.913461666813106,65.90953063964844,8701427.0
2022-08-08,66.45747151473002,66.53574767051305,64.4222616039319,64.5396728515625,8346791.0
2022-08-09,64.61795043945312,65.83124569906508,63.83517699244382,64.61795043945312,9224798.0
2022-08-10,64.81364089551293,65.59641430742933,64.14827871771423,65.36157989501953,5713269.0
2022-08-11,65.71383683937225,67.86646409223192,64.18743081254338,64.81365203857422,9819202.0
2022-08-12,65.16588510351598,65.51813074226772,64.42225276744581,65.2833023071289,5961389.0
2022-08-15,65.83124507779374,66.92712908768205,64.03086974991555,64.42225646972656,6281451.0
2022-08-16,64.61794713488928,65.04846892547504,61.525988594072906,64.85277557373047,8956611.0
2022-08-17,65.28331161355412,65.67469836666646,64.42226195112458,65.04847717285156,8457481.0
2022-08-18,65.04847029585059,68.37525734559355,64.65708358411614,68.10128784179688,12932725.0
2022-08-19,68.21870613917726,69.62769474067031,66.18349640007351,66.77057647705078,7574555.0
2022-08-22,66.65315679067896,67.78817584182742,65.0093338306378,66.88798522949219,7214393.0
2022-08-23,67.24024367547531,68.41440390506304,65.51813842216063,67.00540924072266,8713945.0
2022-08-24,67.31851716883043,68.14043168588952,66.34005034951603,66.5357437133789,9723155.0
2022-08-25,66.88798975943587,68.29698437608701,66.06608120979567,67.04454803466797,11739432.0
2022-08-26,67.31852078299991,69.35373068202188,66.77058172360132,67.70990753173828,18857055.0
2022-08-29,68.023018806451,70.44961547851562,67.00541086070395,70.44961547851562,11660557.0
2022-08-31,71.23238618018273,71.54549676440325,69.00148297225387,69.15803527832031,7146051.0
2022-09-01,69.07975192552202,70.68443976985054,66.92712509498168,69.66683197021484,8671867.0
2022-09-02,69.97994976898126,73.26759597089752,69.47114581647126,72.0151596069336,10130640.0
2022-09-05,72.64137350258889,73.42414689821123,71.19323794301789,72.52395629882812,10284163.0
2022-09-06,73.18931711995202,74.44175343774762,70.17564055060679,71.54549407958984,10636511.0
2022-09-07,71.70204958337399,72.13257738626787,69.94080925313348,70.48875427246094,6141690.0
2022-09-08,71.1932453012116,73.73725909992136,70.76272347237487,71.7020492553711,11306341.0
2022-09-09,71.93688703444566,72.52396716915753,71.03669630013653,71.46722412109375,7770089.0
2022-09-12,71.5454972462656,75.1853951216579,71.5454972462656,75.06797790527344,14989938.0
2022-09-13,75.92903670281845,76.08558902883425,70.37134552001953,70.37134552001953,8600282.0
2022-09-14,70.37133597875699,73.58070600364749,68.9623413472989,73.54156494140625,7111778.0
2022-09-15,73.81554223336947,75.42022429891104,72.8370753743486,74.12864685058594,5369082.0
2022-09-16,74.12863983762742,75.69418666395185,73.81553525003228,74.32433319091797,3982940.0
2022-09-19,74.44176462231323,75.42023157574029,71.38894653320312,71.38894653320312,3008523.0
2022-09-20,71.38893230632293,74.28519749453227,71.31065616006585,73.22845458984375,4590123.0
2022-09-21,73.26759573542829,73.93295199176256,71.70204879248287,72.3282699584961,3489989.0
2022-09-22,74.87228173012808,76.00730084444814,73.18931761723931,73.77639770507812,8005136.0
2022-09-23,73.81553443394148,74.24605622316862,72.28912271189856,72.40653991699219,4335205.0
2022-09-26,72.44568363928207,73.54156166821,71.50635193608869,72.87620544433594,4370080.0
2022-09-27,73.18932234430154,75.0679799411397,73.11104618861826,73.6198501586914,5638887.0
2022-09-28,72.99362450624123,76.59438119631392,72.91534835534374,76.3204116821289,11532858.0
2022-09-29,77.10318533967504,79.45150570535041,69.97994809154387,73.15017700195312,15293400.0
2022-09-30,73.15017752729668,73.34587089250837,70.17564195933144,71.62377166748047,9872391.0
2022-10-03,71.70204364226265,75.49849351179606,70.6844417856931,75.14624786376953,10298657.0
2022-10-04,75.3028025090832,78.00337445925682,73.7372556297086,77.9642333984375,11352991.0
2022-10-05,79.06012149635994,80.23428171660291,75.34194746559054,76.79007720947266,12496340.0
2022-10-06,77.25973203457235,79.68633434732371,76.1638540544632,79.45149993896484,9516422.0
2022-10-07,79.06011853694244,79.45150526237285,76.32041145892958,76.6335220336914,9331410.0
2022-10-10,76.59439245158352,77.10319646531546,74.91142808558789,74.95056915283203,7831592.0
2022-10-11,75.02884008255016,75.38109174691546,73.50243411989773,74.01123809814453,6793034.0
2022-10-12,75.57678405228542,75.92902973956163,72.40654897844794,72.48482513427734,8440930.0
2022-10-13,72.75879124659214,74.59831366862213,72.21085220944762,73.85467529296875,6003434.0
2022-10-14,74.98969371114147,75.38108040906582,73.03276022151968,74.55916595458984,5707743.0
2022-10-17,74.55917595329461,77.65112889270632,74.16778920288363,77.06404876708984,9872249.0
2022-10-18,77.33802488772199,77.49457720030158,75.3028089916599,75.53764343261719,8445542.0
2022-10-19,75.88988411783018,76.39868805829546,74.44175441965015,76.0073013305664,7380376.0
2022-10-20,76.08557357323176,77.06404034229126,74.83313730325304,75.14624786376953,6700939.0
2022-10-21,75.3028032043075,76.71179779758796,74.63744696884794,76.12471771240234,5971613.0
2022-10-24,77.33801837659139,83.67848205566406,77.33801837659139,83.67848205566406,13945495.0
2022-10-25,85.94852348493555,86.65301478182397,81.87809813756915,83.20881652832031,16146179.0
2022-10-26,83.44364773348072,84.06986887599598,80.39083011487183,81.64327239990234,9250335.0
2022-10-27,81.79982421874999,83.67848166316747,78.12079145133495,78.27734375,10402476.0
2022-10-28,78.27734838558149,79.84289535329312,77.29888153076172,77.29888153076172,2972660.0
2022-10-31,77.49457285664609,78.66873305144375,76.71179939344763,77.02490997314453,8032231.0
2022-11-01,77.3380250647877,79.92117406079247,77.3380250647877,78.90357208251953,10096309.0
2022-11-02,79.13839355796844,79.99944314720699,77.49457052904259,77.9642333984375,6653345.0
2022-11-03,77.84681228230241,79.60805243323311,77.53370769980663,79.13838958740234,5580499.0
2022-11-04,79.84288889651745,81.01704902734859,79.21666777123929,80.5473861694336,7123911.0
2022-11-07,81.25187991584164,82.58259228419288,80.1559959802122,81.09532165527344,9155397.0
2022-11-08,81.40843552511873,82.73914794775212,80.46910981174071,80.8604965209961,10123021.0
2022-11-09,81.40843205562444,84.77436000060524,81.25187976742919,83.44364166259766,11982389.0
2022-11-10,84.14814882636786,86.8878559974589,82.81743630353013,86.26163482666016,13918722.0
2022-11-11,86.8095744816814,88.92306035141826,84.38297804588679,85.32230377197266,9445841.0
2022-11-14,85.32230889161245,90.5668887924453,84.93092215357753,90.2537841796875,10323290.0
2022-11-15,91.19311189492527,92.60210657054893,88.84479141694436,89.70584106445312,11672644.0
2022-11-16,90.09722403200803,98.62945593857184,88.45340096078267,96.28113555908203,16937335.0
2022-11-17,96.28113653469455,100.58639060738416,91.42794342340679,96.98563385009766,14777847.0
2022-11-18,98.86429380531433,100.97777983155837,96.51597334411531,97.7684097290039,9865163.0
2022-11-21,98.62945915670956,100.82122730458265,96.67252544328278,99.80361938476562,13454029.0
2022-11-22,100.35155156123068,102.5433195589594,97.6901266709581,100.82122039794922,16033795.0
2022-11-23,100.8995000576704,107.31825235660912,100.35156099278377,105.67442321777344,13963027.0
2022-11-24,107.6313545454794,108.02274128928114,103.01299574628904,104.89164733886719,12255317.0
2022-11-25,104.8916428037119,106.77029431506361,102.93470916931429,104.96992492675781,8049961.0
2022-11-28,105.59613130317172,108.3358383178711,104.50025327496185,108.3358383178711,10317673.0
2022-11-29,108.49240399903198,110.8407243284987,106.37890614717206,108.64895629882812,8977825.0
2022-11-30,110.1362301780522,113.5021586510211,109.27518648582583,112.40628051757812,9065548.0
2022-12-01,113.50214937899976,113.97181822306557,109.58828215903425,110.37105560302734,7565384.0
2022-12-02,109.74484013486783,111.54522153800048,106.53547601501661,108.96206665039062,9139864.0
2022-12-05,109.11862186349722,109.43173843212944,104.42198083159617,105.67442321777344,6764766.0
2022-12-06,105.83097149974381,108.02273961999914,104.65681128648295,106.84857940673828,6237951.0
2022-12-07,106.84857667175827,110.13622279590044,102.69987496892824,104.4219741821289,7577052.0
2022-12-08,104.1088657012587,105.12647354431645,100.82121969952756,103.79576110839844,7313938.0
2022-12-09,104.81336138223902,110.21450541583424,104.42197465273973,109.51000213623047,7787637.0
2022-12-12,111.78005505406534,112.87593314566216,110.21450809796968,111.93660736083984,6344582.0
2022-12-13,112.71937548726166,115.92875137255501,109.9796684441685,110.99727630615234,11243891.0
2022-12-14,111.54522769435701,112.01489658863528,106.45719976443897,107.47480773925781,9652100.0
2022-12-15,109.74483845597901,110.99728078965272,106.37891013538432,109.1968994140625,5931764.0
2022-12-16,109.19689136710372,111.466929492406,109.04033907297502,109.82311248779297,2125095.0
2022-12-19,114.2849233853615,116.47669142816231,113.81525453898456,115.4590835571289,8643647.0
2022-12-20,116.16358617245422,117.41602858840093,114.44148680865955,114.9111557006836,6902241.0
2022-12-21,115.61562843673295,119.7643298328495,114.83285503913262,117.1811752319336,9403605.0
2022-12-22,118.1987911571156,122.50404513965954,117.25946540430463,120.54711151123047,6933330.0
2022-12-23,120.93850826140373,122.11266853578628,118.1205188252152,121.32989501953125,5698363.0
2022-12-26,121.64300156489269,122.81716185777458,120.4688412720108,121.01679229736328,4935182.0
2022-12-27,121.01678561598209,121.01678561598209,117.96396185653101,119.76434326171875,4808200.0
2022-12-28,119.76434734080097,130.4100718820981,114.676319512597,118.5901870727539,19238623.0
2022-12-29,120.15571341797046,130.41004943847656,120.15571341797046,130.41004943847656,12885271.0
2022-12-30,131.1928277872242,133.22803147886304,127.2006786339654,129.70555114746094,11267676.0
2023-01-02,131.11455409138568,137.1419073234681,131.11455409138568,134.71531677246094,8375291.0
2023-01-03,135.3415458135243,135.88949686923496,130.6449043817882,132.99322509765625,6978122.0
2023-01-04,132.99320207664744,135.8111912255683,129.31416931412693,131.27110290527344,8775337.0
2023-01-05,132.28871300057162,133.4628731751329,125.79169097916417,128.60968017578125,6912997.0
2023-01-06,123.52166466135515,130.72317870412436,119.76434935168281,128.45314025878906,9700964.0
2023-01-09,129.78385381529574,130.1752405807555,122.11267082344895,123.83477020263672,5352051.0
2023-01-10,123.2868207618138,123.59992537020547,117.416019773156,119.6860580444336,6065854.0
2023-01-11,119.68605348397067,121.72126919349319,109.82311536534358,109.97966766357422,6416111.0
2023-01-12,113.73699140075809,117.3377423172179,107.8661901785322,116.08531188964844,7674329.0
2023-01-13,115.61564036087023,116.71153039704092,111.15383392321026,113.65870666503906,5979144.0
2023-01-16,115.06769778035411,120.31227753524952,113.03248202153497,119.92089080810547,4846283.0
2023-01-17,119.92088435615332,126.9658450657153,118.82500635678011,126.65274047851562,7411946.0
2023-01-18,126.65274909311499,128.4531304524064,123.28682080299193,127.12240600585938,7791325.0
2023-01-19,127.43550821584188,132.44525305299325,126.41790043649661,130.41004943847656,7057831.0
2023-01-20,130.64488168567385,134.0890919704454,128.76623021701647,133.54115295410156,5808636.0
2023-01-23,134.55876216569573,136.75053039188649,128.37485618796998,130.48834228515625,9563727.0
2023-01-24,130.5666208314466,131.27111219645232,125.5568633170233,129.31417846679688,5519740.0
2023-01-25,129.94039346570167,130.72316692031433,120.78194643556854,125.63513946533203,6160805.0
2023-01-26,125.79169609656427,129.62729332267412,121.56472407385388,127.82691192626953,6388766.0
2023-01-27,126.57447546866675,130.6448953733319,122.26922111977213,128.06175231933594,7587353.0
2023-01-30,128.45313189209728,131.97561252594812,126.5744683875383,127.4355239868164,7151878.0
2023-01-31,126.02652317164292,127.67035216459513,122.19093811365413,123.75648498535156,7060737.0
2023-02-01,123.83474685037417,124.69580234968174,113.5021405795531,113.97180938720703,6821881.0
2023-02-02,115.06769930970938,118.6684620249622,109.19689832452013,117.96395874023438,10209040.0
2023-02-03,117.18119299454435,121.79956390695466,113.73699430069256,121.32989501953125,9405592.0
2023-02-06,117.4160319528762,123.36511568282583,111.54523035523238,122.89544677734375,1854953.0
2023-02-07,120.15573013952019,120.39056457423058,110.60589599609375,110.60589599609375,4597664.0
2023-02-08,100.50810241699219,100.50810241699219,100.50810241699219,100.50810241699219,25.0
2023-02-15,113.89354482991163,121.64299774169922,113.89354482991163,121.64299774169922,4369566.0
2023-02-16,127.20068514347075,130.17522663104538,116.55496148610109,125.2437515258789,11800425.0
2023-02-17,122.81716677712667,128.9228029335045,121.48645411406171,128.76625061035156,8501813.0
2023-02-20,125.86997035578962,128.76622966768684,123.44336793696577,126.18307495117188,6493094.0
2023-02-21,125.79170395480679,128.68796362864407,123.67821781142153,125.55686950683594,6864620.0
2023-02-22,125.55687311924207,128.53141500937582,124.61754724450945,125.0089340209961,5864224.0
2023-02-23,125.2437511982362,128.06174037786647,124.85236447574171,127.59207153320312,4639418.0
2023-02-24,128.37485899413375,129.15763252458578,125.00893042435476,125.55686950683594,5585746.0
2023-02-27,125.40029900454907,129.62728262251613,122.73887416463143,129.47071838378906,6938163.0
2023-02-28,129.47073263850206,135.0284292883297,128.4531366397857,134.16737365722656,10330537.0
2023-03-01,134.6370376152904,141.2123300234833,132.28871719176792,138.31607055664062,9924105.0
2023-03-02,151.85805011906038,151.85805011906038,141.91682963927647,142.8561553955078,23901068.0
2023-03-03,142.4647684733073,157.10262965837805,141.68199502015725,152.6408233642578,32175417.0
2023-03-06,154.20638381304667,157.33747790062122,150.52735064898178,151.23184204101562,13368299.0
2023-03-07,151.07528181102202,153.18876782057947,147.08313228083261,147.86590576171875,11390973.0
2023-03-08,148.02247496531706,154.2063808935294,147.94419283693938,151.07528686523438,11717417.0
2023-03-09,154.44120313650055,161.48616414374328,153.34531314664676,158.58990478515625,11191451.0
2023-03-10,158.2767864904137,160.70338892152412,150.68388654428963,150.84043884277344,7117957.0
2023-03-13,151.15356097080775,153.658433671657,148.88351075427622,153.42359924316406,5937876.0
2023-03-14,153.42361578690378,154.04983701568563,147.9442009373715,148.7269744873047,4788776.0
2023-03-15,148.9618013285362,150.05767946476803,143.32583444587456,147.00486755371094,6141055.0
2023-03-16,148.64867664465058,151.31011359965433,146.69174297663687,149.35317993164062,4749342.0
2023-03-17,150.68390097020816,152.09289567980372,144.42171287793974,144.7348175048828,5788986.0
2023-03-20,148.02246622379636,148.57040525755409,141.52544410993306,143.24754333496094,7372244.0
2023-03-21,144.5424560080266,149.23643390143368,142.11453129803104,144.70431518554688,8857779.0
2023-03-22,145.6754805402058,149.72202166632263,142.92383751407175,149.31736755371094,6149130.0
2023-03-23,148.912701534177,151.17876685342262,147.29408521315332,148.66990661621094,3830048.0
2023-03-24,149.3173485086104,153.36388911859984,147.45593735820287,151.4215545654297,6021672.0
2023-03-27,152.79738655057554,157.16764577427733,152.47365586978032,155.7918243408203,6337864.0
2023-03-28,156.1155532923054,159.59558116594033,151.66435800834677,152.71646118164062,10016201.0
2023-03-29,151.58343459444026,152.71646118164062,145.51362284358757,152.71646118164062,8081115.0
2023-03-30,153.4448479629406,157.81510753980191,151.8262314753529,154.98252868652344,6116394.0
2023-03-31,153.76854337243435,154.33505658873094,149.3173486958639,151.0978240966797,5377068.0
2023-04-03,149.72202032853048,153.4448430709193,144.38058115015755,152.47366333007812,8179309.0
2023-04-04,153.04017803564275,158.78625856370775,151.09783104169733,157.0057830810547,7562357.0
2023-04-05,157.0057879255152,163.3183942397557,156.19647974033214,160.08116149902344,7671611.0
2023-04-06,159.595561146259,165.90816704510468,159.595561146259,164.28955078125,7767629.0
2023-04-07,165.09886559158116,165.09886559158116,160.72860644201728,162.99465942382812,4782268.0
2023-04-10,164.8560695308306,168.17423792260402,164.694210368831,165.90817260742188,6016117.0
2023-04-11,165.58445912770594,171.08774489107026,164.4514202624358,168.98355102539062,7594890.0
2023-04-12,168.9026066211415,172.7063524154761,167.6886444091797,167.6886444091797,5309794.0
2023-04-13,168.01239716682295,172.46359252929688,167.20308891910042,172.46359252929688,5870854.0
2023-04-14,172.46358354614333,174.64871323136398,171.24962123779147,172.05892944335938,4926265.0
2023-04-17,172.9491637753766,175.78174253933616,171.73520144796535,173.11102294921875,4465684.0
2023-04-18,173.92033432579143,174.89151408460725,170.52124221712697,172.7873077392578,3136901.0
2023-04-19,172.7872876253995,179.50454764692537,171.97797948663884,178.04779052734375,5508769.0
2023-04-20,176.91477509873684,181.60875271684625,176.75290358164648,180.71852111816406,2491397.0
2023-04-24,181.44689522721694,188.8925281669167,181.2041002983985,184.11761474609375,6209674.0
2023-04-25,184.19855139503616,184.44133397596417,170.60217115522838,174.64871215820312,7713954.0
2023-04-26,174.81057329679928,176.1863947834892,166.47469626700035,170.2784423828125,6308362.0
2023-04-27,168.9835328135061,172.30168859568386,165.746300431443,168.74073791503906,4722625.0
2023-04-28,162.5090752822107,165.90816696484885,152.3927236380126,155.3871612548828,7929040.0
2023-05-02,155.62996680086727,157.08672400700797,149.80295032536736,151.7452850341797,5636148.0
2023-05-03,153.3639062004842,155.3871767308336,145.7564139459958,154.82066345214844,5922087.0
2023-05-04,153.7685580387649,159.67651037006692,150.61226099759446,153.12110900878906,4710690.0
2023-05-05,153.3639103552055,153.7685644722377,145.83734130859375,145.83734130859375,3909137.0
2023-05-08,146.5657214516162,150.2076083886894,143.81406613416738,149.64108276367188,3947616.0
2023-05-09,148.91269876201693,152.63552117069224,147.45594163040212,147.860595703125,4353359.0
2023-05-10,148.50804003533344,149.72200221545876,143.00474234895285,143.08567810058594,4334386.0
2023-05-11,143.00474660865555,157.32949829101562,142.8428874496299,157.32949829101562,7263471.0
2023-05-12,160.4048879601019,163.23746675175022,155.62997436523438,155.62997436523438,7383813.0
2023-05-15,144.38057592597357,154.57786404332603,141.95265135984803,143.40940856933594,5207208.0
2023-05-16,143.4094038523964,155.95368036477922,143.4094038523964,155.8727569580078,6330357.0
2023-05-17,155.38716133004925,165.01792316035977,153.93040422276763,164.28955078125,6767963.0
2023-05-18,164.93701319425557,167.52679695760398,158.62440678111295,161.4569854736328,5537758.0
2023-05-22,162.67094179183718,163.15653163233338,150.126665185999,152.95924377441406,5653397.0
2023-05-23,153.0401824590684,157.08672337708649,151.50248950078384,153.20204162597656,4821975.0
2023-05-24,153.20203830203937,156.7629892930102,153.1211025458099,153.8494873046875,4074804.0
2023-05-25,154.1732201547296,154.98252839701163,148.75085740125263,148.99365234375,3307255.0
2023-05-26,149.72201071823542,156.35833520998793,148.9936383084204,153.8494873046875,3422171.0
2023-05-29,156.3583333484127,160.64766904719306,153.36389563951178,159.029052734375,4621337.0
2023-05-30,161.86162239111565,168.74074134273806,160.40486531978323,167.5267791748047,6986452.0
2023-05-31,169.06447267768763,175.3770789072658,166.71748391175882,173.5966033935547,22626323.0
2023-06-01,172.70635258865522,172.70635258865522,166.55561811798512,167.12213134765625,6370960.0
2023-06-02,170.76401481835697,172.3826310725594,165.82723030341475,167.4458465576172,5003571.0
2023-06-05,169.95472539857377,175.45802373843551,168.09331403153863,174.0012664794922,7326281.0
2023-06-06,174.3249692001115,178.29058651337758,171.24960813353493,175.13427734375,7084113.0
2023-06-07,178.04781114732899,184.360417830547,178.04781114732899,179.6664276123047,7493207.0
2023-06-08,179.6664150650296,188.24508666992188,178.4524528010767,188.24508666992188,7351783.0
2023-06-09,189.86371889329047,190.8348863158238,183.4701763592403,187.3548583984375,4005563.0
2023-06-12,188.56881026598415,190.75393993230097,182.8227171165371,183.2273712158203,3931563.0
2023-06-13,183.71295874459403,186.78833232995487,176.2673258820266,181.2850341796875,5160194.0
2023-06-14,181.85154998687355,184.44133375587444,175.05336604961332,175.21522521972656,3806574.0
2023-06-15,177.07664283381607,182.33714631812146,176.1863988430005,181.689697265625,4731159.0
2023-06-16,182.09434236798967,185.89808838319732,179.42362287677992,181.2850341796875,4052434.0
2023-06-19,182.09434005449404,182.25619922028548,171.2496154086515,171.57333374023438,3542357.0
2023-06-20,171.65427780991888,174.8915106787599,169.5500715055469,173.43475341796875,2811374.0
2023-06-21,175.13429326467227,179.74735998202135,172.78730437438787,173.43475341796875,4056675.0
2023-06-22,173.67753650671423,182.41805477715928,170.60216302126827,180.55665588378906,7853314.0
2023-06-23,183.7129532621195,188.97345632909648,183.3892349360844,187.43577575683594,5265785.0
2023-06-26,188.00229775108886,198.03771451395102,185.4125139750983,195.8525848388672,5316267.0
2023-06-27,195.7716398067588,205.64520928049367,194.23395923576734,204.35031127929688,2873903.0
2023-07-03,208.96337930229936,212.5243303094652,206.53544244406106,208.07313537597656,5113996.0
2023-07-04,208.39685328082362,209.36803296177078,201.19401552452896,201.43679809570312,4944321.0
2023-07-05,203.5410077751629,208.8824467160448,199.5754026229459,208.2349853515625,6327917.0
2023-07-06,208.15407270073305,216.00434718733362,206.94009808793695,212.0387420654297,7382835.0
2023-07-07,211.95781343412483,217.13738099389627,206.373591772838,209.61082458496094,5900976.0
2023-07-10,210.42012812346513,212.68618116246753,205.88799734733456,205.96893310546875,4387306.0
2023-07-11,208.47778690722112,210.0964032268453,203.3791430305924,206.94009399414062,4727115.0
2023-07-12,206.94009891718028,207.1828938407124,200.38471007618915,202.24610900878906,4258890.0
2023-07-13,202.32704397953097,207.83032969652402,198.28050309994035,204.26937866210938,5135152.0
2023-07-14,205.15963030254807,208.3159273675774,202.32705158042216,207.3447723388672,4955769.0
2023-07-17,207.74942099191762,209.85360251465164,205.88799734733456,205.96893310546875,4860972.0
2023-07-18,207.99220059155132,210.82477919882925,197.6330535008366,197.7139892578125,7255085.0
2023-07-19,197.87585447265067,206.0498722146226,195.69072480718248,205.3214874267578,5870638.0
2023-07-20,207.99221877059475,213.4145938862776,204.59312661458455,213.09085083007812,7969381.0
2023-07-21,213.00992289959774,221.66950560852524,209.77269017892377,216.89459228515625,8424418.0
2023-07-24,217.29923314635073,219.16063196816853,208.5587152118924,211.0675506591797,5367709.0
2023-07-25,212.11967762894616,212.92898580402942,202.3270437708137,204.59310913085938,5528983.0
2023-07-26,205.15961723327635,210.58199174946103,203.5410009237436,210.4201202392578,5522212.0
2023-07-27,218.5132090400253,222.4788141903858,212.0387435869875,215.76156616210938,8236181.0
2023-07-28,216.8136633509781,225.0686169277432,215.5187652823309,222.2360382080078,8778818.0
2023-07-31,229.76258869477184,244.41107177734375,228.063036567291,244.41107177734375,9878608.0
2023-08-01,244.4110659130087,256.22697006564675,241.49755157839417,243.92547607421875,9171138.0
2023-08-02,243.92550077663768,250.5618382832058,242.711538405787,243.43991088867188,4145729.0
2023-08-03,245.22037601794227,247.0817749335478,236.47985764308754,238.74591064453125,4450732.0
2023-08-04,238.98871912241842,243.76365761139783,235.18498512210172,241.74038696289062,4522908.0
2023-08-07,242.7924457089594,248.21482020904273,239.79799566596566,245.78689575195312,6117292.0
2023-08-08,246.67711078377266,247.64829042941224,239.15055497350104,240.12173461914062,3752728.0
2023-08-09,241.17381510796125,246.27244628636345,236.56074903369387,244.24917602539062,4072979.0
2023-08-10,244.49199583052314,246.43433044117347,232.91887452459164,234.29470825195312,5936260.0
2023-08-11,234.2947168259122,244.0873506898673,233.89006273812996,243.35897827148438,4311548.0
2023-08-14,244.81572271407995,246.8389931497335,234.86124204991464,236.4798583984375,4356912.0
2023-08-15,236.80355487029797,237.77470977089368,225.47324147648584,228.46766662597656,5982329.0
2023-08-16,231.6240097895818,233.16169038395262,227.901187241335,228.0630340576172,4840743.0
2023-08-17,228.6295696099599,234.1328555655685,227.17282470939486,233.0807647705078,4151492.0
2023-08-18,233.40447417120748,233.64728144408164,221.7504413188909,224.90673828125,4163031.0
2023-08-21,224.66397388084053,233.8900829395214,220.6174326535132,231.462158203125,5338562.0
2023-08-22,234.13284692227083,236.8035787388822,225.63511102038362,231.54307556152344,5355620.0
2023-08-23,234.6993754771805,235.3468121509706,224.8258056640625,224.8258056640625,4006076.0
2023-08-24,226.60628590016913,232.43331455970926,212.20061046147987,212.36245727539062,6918691.0
2023-08-25,213.81923459318241,217.86577556051648,208.07314147994285,215.9234161376953,4774137.0
2023-08-28,217.70389731432797,220.37460439097856,215.59969113672057,216.97552490234375,4329968.0
2023-08-29,217.38018096548163,218.2704248985112,212.0387420654297,212.0387420654297,3317131.0
2023-08-31,213.00991641223928,218.43226623535156,208.47778580169964,218.43226623535156,4175142.0
2023-09-01,218.6750910201055,227.82026403090532,214.87133250517002,227.01095581054688,9017685.0
2023-09-04,228.14396295141958,229.76257925430036,221.0220610979941,221.3457794189453,4989304.0
2023-09-05,221.58856825200985,224.58301837627707,217.78483465153917,220.94113159179688,3525759.0
2023-09-06,220.94113360285002,221.4267234514924,215.92341299708815,216.0043487548828,3049934.0
2023-09-07,216.5708793699638,219.64624065228014,215.51876389055204,218.51321411132812,3147047.0
2023-09-08,219.24157835640545,233.40447133418522,217.7038977727287,231.62400817871094,10860767.0
2023-09-11,233.89005005298725,240.36451510635715,230.24816346046669,237.5319366455078,10209049.0
2023-09-12,239.6361407329115,245.78688742204315,232.35236760849548,243.60174560546875,9794830.0
2023-09-13,244.00643209508948,246.2724852668046,236.2370681235806,239.55523681640625,9756758.0
2023-09-14,240.44548424890897,245.22039794921875,235.0231091344772,245.22039794921875,9170645.0
2023-09-15,244.41107554927703,244.73479388852502,235.1040312816721,235.18496704101562,5515716.0
2023-09-18,234.6993645201338,234.78030027511053,226.60628298495678,228.2248992919922,5223623.0
2023-09-19,228.22491814108454,234.29472979377297,227.25373839740365,233.89007568359375,4702351.0
2023-09-20,234.05193880339039,234.29472138153017,222.80253518581097,224.8258056640625,4534026.0
2023-09-21,222.9644020372237,230.8147012078026,217.4611163308001,228.95327758789062,6862616.0
2023-09-22,229.43888138695587,232.1905244075268,223.04535136024282,224.98768615722656,5553968.0
2023-09-25,225.5541921102286,238.74590512428674,223.77370429445858,237.12728881835938,7260268.0
2023-09-26,239.95986455107388,240.68823694060907,233.9709892287158,236.31797790527344,7369461.0
2023-09-27,237.12729032686943,237.7747269741092,232.99981378087233,233.3235321044922,5478575.0
2023-09-28,234.699361618251,239.63614623329428,232.0286546239138,236.31797790527344,6564348.0
2023-09-29,237.20823898497346,242.7924606400698,235.9942766817731,239.15057373046875,6291611.0
2023-10-02,239.95988733628215,241.90222212551708,233.56635733507574,233.89007568359375,7547199.0
2023-10-03,237.12730766283298,241.5785028578691,234.45660042506202,235.91334533691406,12677708.0
2023-10-04,236.72266179865056,239.15058653504695,230.65284995765953,231.462158203125,7898226.0
2023-10-05,232.2714507159194,235.1849651418767,225.87792094942694,232.35238647460938,6756705.0
2023-10-06,232.67608357058734,242.7924350301781,231.46212139543647,241.90219116210938,12301772.0
2023-10-09,237.85567273717584,240.2026615548243,230.8147062842305,231.70492553710938,6002182.0
2023-10-10,236.15610294241705,238.2603090243871,233.89005005298725,237.5319366455078,5384226.0
2023-10-11,238.34127446767448,243.1161880997274,236.31800388645482,239.55523681640625,10385401.0
2023-10-12,241.98316161883417,243.03525244227387,223.61185485414003,232.43333435058594,8937151.0
2023-10-13,231.5430652269437,232.10956610957587,225.31138263111802,226.5253448486328,4098534.0
2023-10-16,230.4100525443133,231.38120755753488,214.46667125480036,215.68063354492188,5720894.0
2023-10-17,216.08527097065024,219.8890290654881,213.0908210067886,219.484375,4604830.0
2023-10-18,214.46667750078933,219.8081166725098,213.4145866979607,215.27598571777344,5181543.0
2023-10-19,215.35690239477208,223.6927664117568,213.4145677857598,217.62295532226562,6684336.0
2023-10-20,215.43783787261478,216.7327111448792,207.1828849222443,209.8535919189453,4546364.0
2023-10-23,213.6573760037088,216.89460897346197,209.2061806702982,213.73831176757812,4852532.0
2023-10-24,214.4666721012514,216.73272517250473,211.39131083338955,213.900146484375,6891673.0
2023-10-25,216.89458688537516,220.1318195254554,198.11864004272235,198.60421752929688,6525634.0
2023-10-26,201.5177305358927,205.64520706480704,196.17629177483443,202.08424377441406,9057160.0
2023-10-27,202.32704068980334,207.02103050361927,199.17074379466743,204.9168243408203,5466465.0
2023-10-30,206.37359249976373,211.2294417350523,200.70843505859375,200.70843505859375,5609009.0
2023-10-31,201.43678488877887,203.62192667858153,193.8292935472184,194.8004608154297,5252316.0
2023-11-01,195.8525783871673,197.87584882505126,190.10648540395175,196.82374572753906,4286773.0
2023-11-02,199.3326059928182,206.53544381143408,199.3326059928182,204.59310913085938,4695191.0
2023-11-03,204.51218503628138,205.8070831298828,201.27495215134124,205.8070831298828,3283334.0
2023-11-06,209.20615974801484,214.87131687852204,207.99219750576333,209.81314086914062,3291457.0
2023-11-07,209.81314494473216,218.91786193847656,209.20616381181586,218.91786193847656,3640177.0
2023-11-08,220.1318387065808,220.73881987948496,212.24108345882652,214.06202697753906,3055681.0
2023-11-09,212.03873509820903,216.48992991897296,208.59917546398236,214.46665954589844,2149576.0
2023-11-10,214.46665181360262,214.8713058736283,209.00382200325615,210.0154571533203,2412538.0
2023-11-13,209.61082248456083,209.61082248456083,199.41353428892995,199.8991241455078,2908670.0
2023-11-14,200.7084156823537,205.56426444886225,198.2804912990994,203.94564819335938,2640249.0
2023-11-15,204.75496690538193,206.3735832445549,199.332604638965,200.30377197265625,2815288.0
2023-11-16,200.38470497349763,201.1940131319543,199.0088712248713,199.4944610595703,3451216.0
2023-11-17,199.8181883863905,201.43680477623266,198.6851618531262,199.8991241455078,3067838.0
2023-11-20,201.51775039582563,206.57592686158432,201.51775039582563,205.15963745117188,3606848.0
2023-11-21,206.17125642051053,206.98056459095415,201.43679868379033,203.7433319091797,2289734.0
2023-11-22,205.15962741249487,205.15962741249487,199.33261087887567,199.8991241455078,2427670.0
2023-11-23,200.30378544916874,202.24612024723226,196.66189844100202,197.47120666503906,4182439.0
2023-11-24,197.55213148712065,199.00887633046563,193.5865139995071,194.2339630126953,4234205.0
2023-11-27,195.52885143020146,197.14746770909696,192.77719634664177,195.2860565185547,4414374.0
2023-11-28,196.01443736244713,199.25167005992458,195.12420578007846,197.3902587890625,3819978.0
2023-11-29,198.19955892093523,204.7549598069486,197.95677635772617,202.731689453125,6326133.0
2023-11-30,201.92239440662055,202.73170260063506,192.4534910064634,193.02000427246094,6526500.0
2023-12-01,195.4479193483355,196.98559990254836,191.32044281998793,193.50558471679688,3510598.0
2023-12-04,194.23397421924184,197.30934794752588,191.8869853037181,196.58096313476562,4115089.0
2023-12-05,195.85259142907984,195.93352719160984,186.70740597104978,188.00230407714844,5997990.0
2023-12-06,188.16415681245738,189.05440077356093,181.52783203125,181.52783203125,4917702.0
2023-12-07,181.52782712406918,186.464599609375,181.36596795798852,186.464599609375,3352969.0
2023-12-08,186.46458881037515,186.54552456325953,181.8515349243933,182.09432983398438,2939742.0
2023-12-11,182.17528534231377,183.55110684711047,178.85711669921875,178.85711669921875,2717311.0
2023-12-12,178.93805537388727,180.3948003149967,177.07664396694744,179.09991455078125,3776097.0
2023-12-13,179.01896807903464,180.55666104020298,175.21522207877678,175.29615783691406,3493113.0
2023-12-14,177.31942537141373,184.76505808175847,176.91477128553564,183.0655059814453,3358223.0
2023-12-15,183.95574764555073,189.13531494140625,183.0655037279525,189.13531494140625,2846282.0
2023-12-18,189.05440521536065,189.13532862795844,178.85711669921875,178.85711669921875,2752795.0
2023-12-19,178.8570986661044,179.747342558366,175.7817252690015,178.04779052734375,2551160.0
2023-12-20,177.72408921356248,179.01897495001836,174.0012664794922,174.0012664794922,2053538.0
2023-12-21,174.5677604834,177.31941552399587,173.35379829318296,176.67196655273438,3229269.0
2023-12-22,176.99568961859518,177.48127944735154,171.65426324758678,171.9779815673828,2162434.0
2023-12-25,171.5733325550857,171.5733325550857,165.82723959121012,166.7174835205078,1763904.0
2023-12-26,168.33610718639184,174.00126463978003,164.77515601245884,171.16868591308594,3027305.0
2023-12-27,170.44031636876798,173.3538185564093,169.5500723855906,171.41148376464844,2224138.0
2023-12-28,171.41148063158732,174.4059185262627,171.16868569978917,171.73519897460938,3014118.0
2023-12-29,171.73520279723064,172.7063701969771,169.06448318613027,169.95472717285156,3040215.0
2024-01-02,171.49239285589766,177.80499892554533,171.2496102890001,177.4003448486328,3861494.0
2024-01-03,177.23848679023334,177.31942254574426,173.51566431985458,174.24404907226562,2572106.0
2024-01-04,174.24404474498112,178.04779052734375,172.94914678333922,178.04779052734375,2650925.0
2024-01-05,179.6664249195772,180.47573313993564,176.34825627648215,178.85711669921875,2861148.0
2024-01-08,179.58548328694482,181.60875377169663,177.40035363322548,178.37152099609375,4034982.0
2024-01-09,179.01895852942425,180.15199733759096,175.70080255686852,176.02452087402344,3328318.0
2024-01-10,176.4291829725432,180.63758303235096,176.34824721504077,179.0189666748047,4091957.0
2024-01-11,179.82827578301786,185.49343306371009,178.04780025032716,184.4413299560547,6051000.0
2024-01-12,183.63202715221243,187.84043970611066,181.6087566355549,185.81716918945312,5029045.0
2024-01-15,185.89809617935242,191.96790784617323,185.89809617935242,191.48233032226562,5377140.0
2024-01-16,191.88696657019264,192.77719812234793,189.0543880560341,190.34927368164062,2633430.0
2024-01-17,189.1353249956906,191.23953126783752,186.9501953125,186.9501953125,2678872.0
2024-01-18,188.56881172213204,189.37811992694805,186.9501953125,186.9501953125,1753793.0
2024-01-19,187.273895737172,187.43576724189856,183.8748040719691,185.57435607910156,2177375.0
2024-01-22,184.92692480045994,188.56881172213204,183.47016756197849,186.9501953125,2250680.0
2024-01-23,188.56881422158503,190.43022558714725,186.7074028560228,188.32601928710938,3012144.0
2024-01-24,188.16415324109664,190.9157961338144,186.7883317947378,190.1874237060547,2555646.0
2024-01-25,190.99672487403166,193.34371358751977,190.26835247303532,192.61534118652344,3471519.0
2024-01-26,193.02000858048618,198.28051195899,192.21070036840865,197.22840881347656,4655385.0
2024-01-29,198.28051488907613,199.25168228810787,196.41910350397822,197.47120666503906,4167285.0
2024-01-30,198.8470056832599,203.5409953215209,195.28605483992374,200.4656219482422,10084696.0
2024-01-31,200.46563153474654,203.338678012295,199.4135284423828,199.4135284423828,5320373.0
2024-02-01,199.89911809957252,205.76660233528872,199.57539977102016,203.7433319091797,4945412.0
2024-02-02,205.15961594468965,208.59917558084322,203.94565372016484,205.56427001953125,4728892.0
2024-02-05,205.36194298211043,208.19452150600162,204.35030779500644,205.56427001953125,3646599.0
2024-02-06,206.77824048587783,209.40849207718549,204.7549700310258,207.99220275878906,4513786.0
2024-02-07,208.80152450651812,209.0038515651485,204.3503292166505,205.15963745117188,3302203.0
2024-02-08,205.36195651904958,210.4201327879917,205.36195651904958,209.61082458496094,4445512.0
2024-02-09,210.01546616187463,212.24106358748216,207.3852146588839,210.4201202392578,4501807.0
2024-02-12,211.83642579559097,216.28762098900359,211.63409874134496,215.27598571777344,4924946.0
2024-02-13,216.2876153188209,216.6922694167046,206.57591696961288,206.7782440185547,4422659.0
2024-02-14,203.94565795898438,204.35031204223634,199.73725796297657,202.32704162597656,6945595.0
2024-02-15,203.74334004021253,208.19453515529165,203.74334004021253,206.1712646484375,4304512.0
2024-02-16,206.77823427070692,210.8247750587834,206.77823427070692,208.3968505859375,5095549.0
2024-02-19,209.8131507006053,213.859691697724,207.18289905247812,208.1945343017578,7342667.0
2024-02-20,208.59917788792475,214.26433499836307,206.98056157065668,211.83641052246094,6599698.0
2024-02-21,212.84804396856399,214.66898731050037,209.20615728469124,212.44338989257812,4025887.0
2024-02-22,213.85969633805126,216.89460215174168,212.038752849837,215.27598571777344,4982111.0
2024-02-23,215.4783006588474,222.9644012451172,213.4550302301258,222.9644012451172,8288846.0
2024-02-26,225.3923162881247,227.4155866318242,217.7038889820666,219.12017822265625,7382285.0
2024-02-27,219.120199748448,219.322526802694,213.05038812106713,215.27598571777344,3887137.0
2024-02-28,215.27597753720593,216.48993981655107,210.8247825129404,212.84805297851562,3718705.0
2024-02-29,213.45503869457778,219.72717727233317,210.0154788293571,216.4899444580078,4890974.0
2024-03-01,217.09691535101996,217.9062235163546,211.02710411101006,211.22943115234375,2893194.0
2024-03-04,212.84806195427387,213.25271606445312,205.7666150261374,206.37359619140625,2866312.0
2024-03-05,206.3735831248885,217.09691636569153,206.3735831248885,212.64572143554688,6956343.0
2024-03-06,212.84804869233892,220.13182222173455,210.8247782675068,216.0852813720703,6132625.0
2024-03-07,216.08526487911448,222.15507569032556,214.46664866279153,220.13180541992188,4322522.0
2024-03-08,221.14345311238756,223.57137757473765,219.12018272709582,219.322509765625,4682494.0
2024-03-11,222.5597506892072,225.79698342650474,220.9411343205584,221.7504425048828,4224385.0
2024-03-12,221.75043319659645,222.55974134694898,214.46665984342357,217.90621948242188,3656587.0
2024-03-13,217.90621601643653,222.1550837382055,214.46665643214737,219.12017822265625,3204916.0
2024-03-14,220.53648554741403,223.16673720990613,217.703906833961,219.92950439453125,3176223.0
2024-03-15,219.72717173086048,220.53647991403122,214.87132263183594,214.87132263183594,2929722.0
2024-03-18,215.27597341229838,221.7504387780818,214.46666524157547,219.52484130859375,3881539.0
2024-03-19,218.91787185393517,224.5830293510795,214.87133078454633,224.17837524414062,4864765.0
2024-03-20,223.77372654228455,224.78536183406703,220.5364936085806,222.35743713378906,3441964.0
2024-03-21,223.369050370886,229.23653448388933,221.3457799870917,228.2248992919922,6311004.0
2024-03-22,229.03420148972262,229.43885555595887,222.96439049617874,223.16671752929688,4044590.0
2024-03-25,223.36906053053846,225.79698510152258,217.09692205549618,217.7039031982422,4103658.0
2024-03-26,217.7039149038109,218.1085690207325,213.85970079305588,215.4783172607422,2429564.0
2024-03-27,215.47831277201948,218.5132185857099,212.44340695832906,215.27598571777344,2267580.0
2024-03-28,215.68062406237468,222.15508932503508,215.07364294400026,220.73880004882812,3063500.0
2024-03-29,221.34579649556844,225.59466461842672,220.33416122822123,224.17837524414062,3718132.0
2024-04-01,226.20163357985996,232.2714448566004,223.5713820266058,231.86679077148438,4265667.0
2024-04-02,232.47377594718097,234.49704640799195,220.9411343205584,221.7504425048828,4493019.0
2024-04-03,221.95278748945756,227.01096405029298,219.9295168651234,222.5597686767578,8329457.0
2024-04-04,220.59597778320312,225.61448172881506,216.36297347594484,220.59597778320312,6488979.0
2024-04-05,222.77793696739153,234.99690314777735,222.34154531809205,234.34231567382812,6390147.0
2024-04-08,234.3423294915093,239.1426379168475,232.8149586289017,235.65150451660156,4152915.0
2024-04-15,233.90593656382165,237.39706994537121,228.45104065515045,232.16036987304688,5247792.0
2024-04-16,230.4147900622038,233.0331399492743,225.1780902880628,230.19659423828125,5759325.0
2024-04-17,230.8511802225416,236.96066325300583,226.2690679496934,226.70545959472656,6133198.0
2024-04-18,228.45102482115823,229.97839556972377,226.70545825136907,228.01463317871094,4133878.0
2024-04-19,227.57825052897135,231.72397129603794,226.05087972005208,229.10562133789062,5315145.0
2024-04-22,230.414794921875,232.59675320712003,228.23283663662997,230.414794921875,5286056.0
2024-04-24,231.28758300554983,235.869695499056,229.7602121743811,235.4333038330078,6423178.0
2024-04-25,235.21510245775755,237.3970607365865,233.90592749046021,235.86968994140625,5203436.0
2024-04-26,236.52428228974122,239.57902394292978,234.77871563077636,236.087890625,5985272.0
2024-04-29,236.96067667531443,239.14263502407422,234.34232665680267,238.2698516845703,6819366.0
2024-04-30,238.9244522385766,245.90671933595968,237.8334730046105,240.23362731933594,8787387.0
2024-05-02,240.66999062173457,247.65225689543857,240.4517948006813,243.0701446533203,5397913.0
2024-05-03,243.72473756025792,244.16112921211158,232.81494626391694,233.03314208984375,6439266.0
2024-05-06,234.34233285575806,239.57903303130573,232.37857028992767,237.1788787841797,6695938.0
2024-05-07,237.6152579517069,241.32458704737175,234.56051634351232,239.36082458496094,6824250.0
2024-05-08,240.01540367049398,240.01540367049398,233.90592066797234,237.61524963378906,10220275.0
2024-05-09,237.6152531282745,239.57901555082222,236.96066565409194,239.1426239013672,4974077.0
2024-05-10,239.14263015313503,242.41556760961043,238.05165100097656,238.05165100097656,5708514.0
2024-05-13,239.1426239013672,241.32458214864243,235.21509905627173,239.1426239013672,6114358.0
2024-05-14,238.92443432270335,241.76098011831536,236.30608435752302,238.05165100097656,6185943.0
2024-05-15,238.0516496100204,241.76097870568526,236.52427880592313,239.36082458496094,4777198.0
2024-05-16,240.233591892871,250.48879517985097,239.14261281978804,250.27059936523438,6372829.0
2024-05-17,249.61605428059895,261.83502197265625,246.9977040608724,261.83502197265625,7940731.0
2024-05-20,261.3986039782942,262.48958312678457,255.72551240614425,257.907470703125,4539431.0
2024-05-21,258.1256589545788,269.25364594247696,255.28911325178123,260.3076171875,10018018.0
2024-05-22,260.3076055139757,273.6175501379091,259.2166264464402,272.0901794433594,7963316.0
2024-05-23,270.5628061938418,280.1634218974943,267.9444564564821,274.7085266113281,5717059.0
2024-05-24,273.61757326833106,274.0539649322359,264.45334832632955,264.8897399902344,4518630.0
2024-05-27,258.3438636654713,268.38087188220413,258.3438636654713,266.19891357421875,4476115.0
2024-05-28,265.1079376244714,278.19968763061814,264.8897417910356,277.326904296875,4686833.0
2024-05-29,277.32688971197564,280.5998270413853,274.053952382566,276.67230224609375,3455461.0
2024-05-30,277.7633071333382,278.63609050217815,271.65382355145795,276.4541320800781,2609930.0
2024-05-31,277.10868582165676,284.52734355231524,269.4718322753906,269.4718322753906,5397742.0
2024-06-03,270.56282247981824,271.8719974273012,261.1804020228568,268.59906005859375,3653184.0
2024-06-04,265.5443282837222,267.72628660980047,259.2166491380953,259.4348449707031,3347434.0
2024-06-05,259.2166436078228,269.2536516936476,257.03468532829567,264.6715393066406,3594195.0
2024-06-06,264.23516167534723,266.4171200706845,259.2166573660714,261.180419921875,2049981.0
2024-06-07,261.8350020078855,262.7077853479118,255.28912695768835,256.8164978027344,1708358.0
2024-06-10,260.08942055905294,261.18039967213616,253.54354588055327,256.1618957519531,2739269.0
2024-06-11,256.1618971106124,258.5620511721258,254.41633052042084,254.85272216796875,2470807.0
2024-06-12,255.28911798887285,262.4895802911231,253.3253555428046,255.7255096435547,4411623.0
2024-06-13,258.12567138671875,262.9259797303433,257.9074755529177,258.12567138671875,2587550.0
2024-06-14,261.8349876343354,279.2906534766244,260.96220434222096,275.3631286621094,5716402.0
2024-06-20,279.0724701587065,282.78179931640625,274.05396600417146,282.78179931640625,3188783.0
2024-06-21,282.3454183262348,286.05474762418373,277.7633056640625,277.7633056640625,2707719.0
2024-06-24,277.32689935293746,299.5828739666272,277.32689935293746,296.3099365234375,6620892.0
2024-06-25,301.5466434045019,306.34695176549974,298.0555100510489,299.36468505859375,5637561.0
2024-06-26,299.801079604205,304.1649963378906,296.3099462172564,296.746337890625,3202521.0
2024-06-27,295.4371552470824,301.32844268553976,284.30916786332966,299.146484375,5370268.0
2024-06-28,299.1464920941521,303.72860466452204,294.78257536046647,296.746337890625,3822637.0
2024-07-01,295.87356083155555,299.58289013401605,289.982273115883,295.6553649902344,2787320.0
2024-07-02,295.0007532190393,296.5281239827474,291.0732283980758,294.5643615722656,2289883.0
2024-07-03,296.30993792291224,298.9282878898305,288.67308385273407,295.0007629394531,3036659.0
2024-07-04,296.3099364799032,307.8743154441409,295.87354482087534,305.9105529785156,4692275.0
2024-07-05,305.03775376188537,308.7470826702917,291.5096130371094,291.5096130371094,3789615.0
2024-07-08,293.25516896802327,295.43712707046393,281.25439940459967,281.47259521484375,3733431.0
2024-07-09,281.47261527131354,284.0909651808141,272.30839058806146,276.8905029296875,5489212.0
2024-07-10,276.89048963274274,280.59981849307104,265.9806988670712,274.9267272949219,6245537.0
2024-07-11,277.98148975463283,279.727056409293,273.18118145431737,274.4903564453125,5311539.0
2024-07-12,275.79953285680415,277.5450995204548,272.52659536245915,273.1811828613281,2831091.0
2024-07-16,273.39937455891396,278.19968281134504,265.1079330319876,267.5080871582031,5310504.0
2024-07-17,267.9444859737537,268.38087764472067,259.8712400608637,260.96221923828125,4772889.0
2024-07-18,262.48959495907735,265.1079450334821,260.96222408234127,261.180419921875,2761725.0
2024-07-19,261.18041163156573,262.48958662721265,257.4710824772327,259.4348449707031,2688399.0
2024-07-22,263.5805731990333,270.78103587748376,262.92598568281056,266.63531494140625,5055399.0
2024-07-23,266.63531297253024,271.21742555225455,263.36237541558427,263.79876708984375,3196827.0
2024-07-24,263.7987725076299,265.54433924051744,254.1981554767484,254.41635131835938,5645970.0
2024-07-25,255.28912296751307,255.28912296751307,246.3430938720703,246.3430938720703,3997816.0
2024-07-26,246.9976806640625,250.70700979064293,245.68850567821056,246.9976806640625,3693088.0
2024-07-29,245.6885093375428,248.96144685092037,237.83345930543663,238.9244384765625,4602517.0
2024-07-30,240.0154189308091,243.28835646168378,237.83346057689266,242.4155731201172,4129837.0
2024-07-31,241.32459182739257,245.25211683000836,239.14263349260602,244.37933349609375,2662761.0
2024-08-01,245.25209500545387,248.52503221638074,240.23359128203265,240.66998291015625,3145587.0
2024-08-02,233.03314203149276,234.9969044643424,227.79644221056034,228.2328338623047,4037420.0
2024-08-05,214.70470137121865,215.22837670160985,205.45319265175354,208.8570556640625,8014223.0
2024-08-06,213.65734788250492,216.3629680380908,205.6277444348572,205.9768524169922,4451033.0
2024-08-07,206.32596796665817,209.38070953403536,203.0094020618846,206.76235961914062,3930738.0
2024-08-08,207.0241984804531,216.7993688894953,206.84964448196627,215.40292358398438,4812866.0
2024-08-09,215.66475751102087,217.75943209187216,207.46058654785156,207.46058654785156,3209526.0
2024-08-12,209.8170932549256,217.14848073005652,200.65286889922385,201.17654418945312,5437711.0
2024-08-13,201.1765571250851,211.47540306008787,199.2564364668072,211.12628173828125,5478947.0
2024-08-14,211.12629021722293,215.2283826780884,209.03161547272686,211.3008575439453,3246734.0
2024-08-15,212.95912272001294,214.26829765476714,207.8097066370263,213.570068359375,3033327.0
2024-08-16,215.14108025031229,216.53753883658996,210.5153261655856,211.03900146484375,3018067.0
2024-08-19,211.99906300708918,219.72320071271588,209.20615904784907,219.5050048828125,4329045.0
2024-08-20,221.9051547935623,223.2143297480966,216.71209680409953,218.63221740722656,3501900.0
2024-08-21,219.06860280050742,223.6507150104782,216.18841531928834,216.53753662109375,3824441.0
2024-08-22,218.195831945096,219.94139860065675,213.91919896601877,215.9265899658203,3049257.0
2024-08-23,215.75203972539262,216.62482306838984,209.46800231933594,209.46800231933594,2859466.0
2024-08-26,210.25350263435604,210.68989430716923,202.74757385253906,202.74757385253906,2455800.0
2024-08-27,203.2712402144653,207.0242113444057,202.5730241771327,206.50054931640625,2214816.0
2024-08-28,206.32597393442137,207.54787858728437,203.0094079337196,204.40585327148438,2380673.0
2024-08-29,204.66769515490924,212.95913696289062,201.8747911041652,212.95913696289062,3205468.0
2024-09-02,212.8718501461094,215.92659181956594,210.16622979733228,212.69729614257812,3320131.0
2024-09-03,213.3955140857168,215.4901886515363,203.88218156599714,203.96945190429688,4466343.0
2024-09-04,203.0966612490327,203.88217417093557,200.82743277130535,202.83482360839844,2690942.0
2024-09-05,203.7949076943329,204.8422450275256,198.12181604545424,199.6055450439453,3350079.0
2024-09-06,200.3910548730001,201.4383921896821,194.3688419962495,194.54339599609375,3309722.0
2024-09-09,193.93244689477865,194.2815682058854,189.74308438481143,189.8303680419922,3145841.0
2024-09-10,192.44872178214152,195.3289093975064,187.82296752929688,187.82296752929688,3383472.0
2024-09-11,187.82295926717177,188.3466345624264,179.35696411132812,179.35696411132812,4310184.0
2024-09-12,184.1572792746804,187.91025018882513,180.66614601828834,187.21202087402344,4845602.0
2024-09-13,187.38658292261204,193.75790405273438,186.77563724002323,193.75790405273438,3858950.0
2024-09-16,193.75789856800836,195.7653028833624,189.39398193359375,189.39398193359375,3145376.0
2024-09-17,190.17948841055232,194.80524287219083,189.5685427233813,192.44873046875,2497999.0
2024-09-18,192.4487282914535,193.8451869757172,190.17948625892924,192.79783630371094,1942321.0
2024-09-19,194.9797918039737,196.11441280353256,193.32150879373782,195.4161834716797,2906998.0
2024-09-20,195.41619004509474,196.027149054528,191.05227322124165,191.13955688476562,4081530.0
2024-09-23,192.8851039781483,193.40877927074618,189.7430788577927,190.26675415039062,2731601.0
2024-09-24,190.79044016843147,194.01973580734696,189.91765684344801,191.31410217285156,4194812.0
2024-09-25,192.36143609621644,195.93985299238904,190.96499079151758,191.40138244628906,4720599.0
2024-09-26,191.92504720329464,194.80523482975624,190.79043953865468,193.58334350585938,3529253.0
2024-09-27,193.67060967332424,193.75789333069991,191.31409741796062,192.71055603027344,2400408.0
2024-09-30,192.01233334994924,192.01233334994924,186.33924168279165,188.08480834960938,4156099.0
2024-10-01,187.47385812636642,187.47385812636642,178.13507934923598,179.53152465820312,4240645.0
2024-10-02,179.5315211714591,180.8406961143491,174.81849670410156,174.81849670410156,2513798.0
2024-10-03,174.81851176055014,176.91318652253398,171.32737827883219,171.93832397460938,2537411.0
2024-10-04,172.6365443579315,173.42204402342765,169.75635672175122,172.4619903564453,2639001.0
2024-10-07,173.85842504593953,176.12766687923386,170.45457561361386,171.06552124023438,3095440.0
2024-10-08,171.06553895698315,171.93832231900856,162.51225934561054,162.6868133544922,7928106.0
2024-10-09,163.3850221827668,168.79627568402464,161.2030640518067,167.92349243164062,7534025.0
2024-10-10,167.9235118128974,172.81110391740623,166.70162044557875,168.79629516601562,5148414.0
2024-10-11,168.79628272587226,170.0181873207547,163.90870429919093,164.60693359375,2538351.0
2024-10-14,164.25780858278173,164.51964622703758,160.33028387179144,161.46490478515625,2258481.0
2024-10-15,161.55219076924703,167.39983609309687,160.67940748754958,165.91610717773438,2392072.0
2024-10-16,166.09066832030877,169.49451793840907,164.34510168177187,168.62173461914062,2742625.0
2024-10-17,168.62173949325992,171.58921085511923,167.7489561487631,170.45458984375,2542907.0
2024-10-18,171.06552757145127,176.38951105250723,170.19274426751528,171.58920288085938,4098732.0
2024-10-21,171.67647059936758,174.99304976720694,168.27262109303695,169.05812072753906,2539058.0
2024-10-22,169.05811938599797,173.24748181120265,166.61432352816058,170.36729431152344,4747621.0
2024-10-23,170.54185183569183,171.06552714379077,165.30515202516762,168.70901489257812,2285548.0
2024-10-24,169.75634961832233,176.65133227063194,169.75634961832233,176.12767028808594,3519431.0
2024-10-25,166.43977594823377,169.3199635588929,165.13060097226295,165.74154663085938,8316174.0
2024-10-28,166.61433301496925,171.32737100578493,165.74154968159044,170.80369567871094,3124645.0
2024-10-30,170.80368676081468,172.98564498033866,169.49451182910028,171.32736206054688,3950486.0
2024-10-31,170.10546690487905,171.32737156617617,164.08326721191406,164.08326721191406,4643066.0
2024-11-01,164.4323822895105,165.65428700334624,161.63947815699905,162.33770751953125,3600875.0
2024-11-04,162.3377068688227,162.4249905328959,156.66461496211653,156.92645263671875,2947465.0
2024-11-05,163.21047000015707,166.26521141727233,161.29034948720778,162.77407836914062,7803295.0
2024-11-06,162.77409556955888,166.0906749792717,161.46492053816834,163.99598693847656,3958596.0
2024-11-07,163.99597177247193,165.04332235482127,160.6794059870853,162.4249725341797,3272354.0
2024-11-08,162.4249864040101,168.9708615145809,162.25041908030127,168.1853485107422,4308022.0
2024-11-11,168.3598924390636,171.06552598319115,168.01078444777704,169.6690673828125,2854508.0
2024-11-12,169.6690587369945,169.6690587369945,165.5669801191339,168.27261352539062,2307314.0
2024-11-13,167.66168073572757,171.15281400816238,165.65427644055427,168.97085571289062,3718064.0
2024-11-14,169.58179447435916,171.58919868788195,168.9708488400564,170.71641540527344,3107481.0
2024-11-15,170.71641540527344,172.54925230818174,169.75634846735767,170.71641540527344,2719238.0
2024-11-18,172.8111037037662,175.08034574611503,170.7164289859189,173.5966033935547,4118901.0
2024-11-19,173.85842504593953,177.34955813247493,169.66906267857388,171.06552124023438,4706926.0
2024-11-20,171.065530986686,174.5566642721286,166.6143307207001,166.7016143798828,3743287.0
2024-11-21,168.01078226954533,175.42944018794086,167.6616742827849,175.1676025390625,4647555.0
2024-11-22,176.30223079819277,181.53893072289156,176.30223079819277,181.1025390625,5979172.0
2024-11-25,182.58626625094033,183.72088722033743,178.5714710053413,179.53152465820312,14785888.0
2024-11-26,179.79335812557366,180.49158742259425,176.30222495808678,178.6587371826172,6045762.0
2024-11-27,180.14247979055713,182.23716784063444,177.08773803710938,177.08773803710938,6261029.0
2024-11-28,177.2623002292384,179.26969124070402,175.34216624287112,175.60400390625,3914611.0
2024-11-29,176.30222944779828,176.30222944779828,170.54185424770483,172.81109619140625,5837966.0
2024-12-02,171.24008042394186,173.247484673098,169.75635148069298,172.54925537109375,4079400.0
2024-12-03,172.7238149275105,173.59659825370835,171.24008593649745,172.1128692626953,5961087.0
2024-12-04,172.46198689065997,189.30669407147445,172.1128655770869,183.72088623046875,21160344.0
2024-12-05,185.4664513908922,185.55373504800502,177.78595568153435,180.22975158691406,8597403.0
2024-12-06,181.97531498632887,182.14986897986688,179.7060731174865,179.96791076660156,4730474.0
2024-12-09,180.31703863098116,181.01525463053338,178.39690467936296,180.14247131347656,5010605.0
2024-12-10,180.4043020296735,181.45163930631398,175.5167236328125,175.5167236328125,4320146.0
2024-12-11,176.65133947430516,178.48418978199825,174.03298950195312,174.03298950195312,4969356.0
2024-12-12,174.73122995516096,177.43686375932046,174.64395960776008,176.3895263671875,4112321.0
2024-12-13,176.3022357078381,178.39691040900323,174.64395267921708,178.1350860595703,2953672.0
2024-12-16,178.48418955020404,179.00786487104102,174.29482693635808,174.38211059570312,2904777.0
2024-12-17,172.81109257485636,173.24748422277267,168.79628408697988,169.6690673828125,4634415.0
2024-12-18,169.66907725555248,170.36730659637053,164.69421484335152,165.30516052246094,3008373.0
2024-12-19,163.82141934298107,164.95604027293186,160.7666778564453,160.7666778564453,2970480.0
2024-12-20,162.2504009535336,166.43976321978283,162.2504009535336,163.12318420410156,3378802.0
2024-12-23,163.90870730273133,168.5344614816316,161.90130303819538,166.4397735595703,3809361.0
2024-12-24,166.8761601738804,171.32736022096213,166.8761601738804,169.75634765625,3872307.0
2024-12-25,171.1528173225099,175.25489633353357,169.31996699194215,173.6838836669922,2946194.0
2024-12-26,174.81849949074106,178.48418672574155,170.6291369431906,177.00045776367188,6034574.0
2024-12-27,177.78596040439743,180.84070203786683,175.1676104328522,178.8332977294922,5546505.0
2024-12-30,178.9205800132491,181.71348396456673,170.1927468418711,175.3421630859375,4085428.0
2024-12-31,175.51672511304545,180.05519556184046,175.2548874622731,179.0078582763672,5517737.0
2025-01-02,179.79336636719793,185.7282956875026,179.35697470125814,185.20462036132812,7900680.0
2025-01-03,185.37916839274178,186.33923535393032,180.14246857014888,182.7608184814453,7963318.0
2025-01-06,182.9353901359936,185.20461878904604,180.9279858261889,182.06260681152344,5913113.0
2025-01-07,182.4117120271978,184.15727864946766,179.88064575195312,179.88064575195312,5073322.0
2025-01-08,180.40431438294084,187.6484187953063,180.22976037781743,184.5063934326172,18657789.0
2025-01-09,184.4191135994672,188.0848007889064,182.23715535365622,187.29930114746094,12821465.0
2025-01-10,188.08481538937855,188.52120707241656,185.03007360811256,186.33924865722656,5799765.0
2025-01-13,185.9028506772996,188.25936302236173,184.85551333700718,185.81556701660156,5942315.0
2025-01-14,186.60108311123602,188.25936615112397,177.96051994558462,178.39691162109375,9237067.0
2025-01-15,179.09513442099433,179.35697208025525,170.19274722943928,173.4220428466797,10121967.0
2025-01-16,176.2149479401898,178.4841899115892,172.98565230213427,177.26229858398438,4955196.0
2025-01-17,177.26229057272218,180.40430240925463,177.00045292360713,179.96791076660156,4020189.0
2025-01-20,180.22975906894055,190.44132144709567,180.0552050650848,189.0448760986328,10091862.0
2025-01-21,189.04486760659967,192.01232549169757,188.25935464810934,188.87030029296875,6235843.0
2025-01-22,188.4339039439139,190.7031457883502,186.60106705505305,190.26675415039062,6199866.0
2025-01-23,190.26676987208,192.01233656815413,187.73570348981931,188.34664916992188,5655756.0
2025-01-24,189.30669410786962,189.83036941952176,186.25195253100375,188.5211944580078,5268881.0
2025-01-27,187.64841253107244,187.64841253107244,182.41171264648438,182.41171264648438,4567644.0
2025-01-28,182.41171458049072,189.39398116730376,180.49159393264046,188.4339141845703,7070913.0
2025-01-29,188.7830400992963,190.52860678848512,185.3791770648079,187.38658142089844,6978422.0
2025-01-30,187.47385814694562,194.6306786443351,187.47385814694562,189.13214111328125,10678097.0
2025-01-31,189.48126552471828,194.63068182441626,188.43391487874467,194.1942901611328,6902947.0
2025-02-03,192.44872304415895,200.9147186279297,192.0996150414203,200.9147186279297,11272553.0
2025-02-04,200.74015472902343,200.74015472902343,194.89250940696203,195.67800903320312,6652420.0
2025-02-05,197.6854273035415,197.6854273035415,185.37917683309547,187.73570251464844,10499531.0
2025-02-06,188.95757767864475,189.91764460128698,184.3318236908869,186.77561950683594,6380998.0
2025-02-07,187.3865860329943,188.87031509180005,185.90285697418855,186.33924865722656,4561766.0
2025-02-10,186.77562819071127,189.21942412028125,181.01525302226895,181.80076599121094,7388791.0
2025-02-11,181.8007630661816,182.41170870934033,174.12026740437034,174.81849670410156,7491951.0
2025-02-12,175.5167305764255,178.57147218941816,173.7711639404297,173.7711639404297,11531282.0
2025-02-13,172.9856561197071,181.10254388254452,172.9856561197071,179.70608520507812,13593076.0
2025-02-14,181.45164467692013,182.84810329885053,179.0078620649666,181.80076599121094,5753860.0
2025-02-17,181.18982544772192,183.98272945272535,179.7933667864118,183.2845001220703,4123145.0
2025-02-18,183.28449313923466,184.2445600970105,176.30222673393047,180.22975158691406,5926055.0
2025-02-19,179.35697566883164,182.58627135068383,174.81850498209747,176.56407165527344,6470657.0
2025-02-20,177.43686552046734,177.87325721465558,173.42205660688836,174.73123168945312,5781475.0
2025-02-21,175.42944849977948,183.02266077132123,174.4693815142763,176.91317749023438,10113682.0
2025-02-24,178.92058180325768,181.10254011793154,176.12767782399845,176.91317749023438,4092709.0
2025-02-25,176.5640760149436,178.22235906835988,171.93832155328607,172.6365509033203,4625967.0
2025-02-26,173.07292877824466,177.52411555915802,168.70901233561426,176.12767028808594,6626598.0
2025-02-27,177.00045955349862,177.52412155372744,172.98565096366164,173.7711639404297,8037819.0
2025-02-28,173.50932833459706,175.4294489933894,169.75635735927483,170.1927490234375,7631875.0
2025-03-03,171.7637685049907,175.25490195705305,171.50193083256258,173.24749755859375,6878268.0
2025-03-04,172.63654141209176,172.985649409107,169.84363748312052,171.8510284423828,5288632.0
2025-03-05,172.81108881624186,177.785950830762,172.1128595312389,176.82589721679688,10203748.0
2025-03-06,178.0477901518728,185.81555606184435,176.82589887983772,185.11734008789062,8028275.0
2025-03-07,184.94277277678614,190.52859379172824,183.284489862222,185.11734008789062,6115756.0
2025-03-10,186.6010674644675,187.91024238121875,180.2297468727549,181.62620544433594,6782716.0
2025-03-11,181.62620584199473,187.910242792636,180.9279765546755,186.077392578125,7639697.0
2025-03-12,187.3865811866769,189.9176608734072,185.6410144996699,187.73570251464844,8936495.0
2025-03-13,188.95758510282957,189.5685307514171,185.90284354227575,187.91024780273438,6587318.0
2025-03-14,188.34665518096148,191.92505903154716,187.03748011712386,190.4413299560547,8901307.0
2025-03-17,191.31410968658557,191.31410968658557,185.0300721634266,187.64842224121094,8571579.0
2025-03-18,186.33924383799607,189.5685395454356,183.37178579713097,187.73570251464844,7773942.0
2025-03-19,174.12027196268534,178.39690489437132,168.97085571289062,168.97085571289062,9837275.0
2025-03-20,166.78890581010543,171.50193063799586,160.59213861267804,162.6868133544922,12931629.0
2025-03-21,162.6867932126596,163.559576466628,150.20600333500425,152.21339416503906,11836767.0
2025-03-24,153.69714122556954,157.45009868257074,141.47817528247288,149.24594116210938,13050616.0
2025-03-25,151.25335233223805,157.88649758738208,149.24594802856444,157.1009979248047,9334691.0
2025-03-26,154.13354000061176,155.26814766518004,151.42790637521827,152.30068969726562,8500201.0
2025-03-27,153.4353056611319,154.91903459656166,149.9441724871249,150.46783447265625,7768171.0
2025-03-28,150.46783839674464,157.01371326871933,148.89683908156394,156.49005126953125,9693341.0
2025-04-02,156.49005149335582,158.14833446958127,153.9589718820022,156.14093017578125,5481366.0
2025-04-03,154.36341248894237,160.25729109354896,153.9892038656934,157.45068359375,7603862.0
2025-04-04,157.35712707742843,157.35712707742843,153.14721575343285,153.33432006835938,6659281.0
2025-04-07,147.06623351378624,155.95382413403908,147.06623351378624,151.5568084716797,8366792.0
2025-04-08,153.80208688933692,154.36341410523178,150.90193434093115,153.7085418701172,6393032.0
2025-04-09,151.93101450601452,153.3343182641679,147.8146625254889,148.7501983642578,6400912.0
2025-04-10,153.89565008892043,155.29895388912334,148.65664352477174,149.4050750732422,7207149.0
2025-04-11,149.40507402770442,150.24706486702058,147.15979367315,149.59217834472656,4352580.0
2025-04-14,150.43416617511596,153.4278780130242,149.59217535264096,152.11813354492188,4440722.0
2025-04-15,152.49234824040803,153.42788411918355,146.97269226569037,147.44046020507812,5058407.0
2025-04-16,146.87912899358696,147.62756053138568,140.61104163041816,141.45301818847656,5683448.0
2025-04-17,141.45302280313362,155.57962036132812,140.42394189583965,155.57962036132812,12666338.0
2025-04-18,163.25099869422806,169.6126450513814,160.25728696002164,165.1220703125,21571993.0
2025-04-21,170.267519974391,181.58750915527344,168.7706569458773,181.58750915527344,24256069.0
2025-04-22,184.95543785441657,192.1590611676362,175.78718351252596,176.3485107421875,27970200.0
2025-04-24,176.06784970378024,193.3752634781584,173.44834638560218,190.8493194580078,31295659.0
2025-04-25,191.78485190710816,195.05922742747342,186.7329639571738,190.00733947753906,19303888.0
2025-04-28,190.00733186136938,191.87840351229318,182.8036945851977,183.17791748046875,9279185.0
2025-04-29,185.23609631317214,190.38154343298248,183.92635184727806,187.57493591308594,15208618.0
2025-04-30,188.04269828796387,189.82021062142448,182.89725131988527,187.10716247558594,9914000.0
2025-05-02,192.53328176534788,192.90749039719555,185.04899492724024,185.23609924316406,9410632.0
2025-05-05,185.79743039706023,193.0010537761195,185.51676677966424,191.0364227294922,12271950.0
2025-05-06,190.38154942854936,191.8784125296916,187.01361458855163,191.22352600097656,7393246.0
2025-05-07,191.22351951514707,192.15905535284378,183.36502418855244,184.20700073242188,7071692.0
2025-05-08,185.04899302868878,188.41691350619672,183.08436204378438,187.38783264160156,4064338.0
2025-05-09,187.85559531102285,190.28797987534688,185.7974193642429,188.51046752929688,6655692.0
2025-05-12,191.3170800931504,201.1402064549014,190.56864856294055,200.8595428466797,12919041.0
2025-05-13,199.26913081143516,213.48927250257455,197.9593863659246,203.57260131835938,20722564.0
2025-05-14,204.04037690904076,207.03408880796303,202.35640950491438,203.4790496826172,9068743.0
2025-05-15,204.32102800536228,206.65986767701315,198.89493138724785,199.73690795898438,7739235.0
2025-05-16,199.26913933479125,203.47905072918823,198.80137140208046,203.2919464111328,8034186.0
2025-05-20,203.2919368778421,203.94680909789832,191.87840270996094,191.87840270996094,6777038.0
2025-05-21,191.8784013788398,195.43342605595245,188.13625811860027,190.47509765625,8602799.0
2025-05-22,191.22352704937464,193.2817173935155,189.44601459777434,191.0364227294922,4973320.0
2025-05-23,190.84930953586885,190.84930953586885,182.71015066069145,182.80369567871094,6775637.0
2025-05-26,184.2070103235832,184.95544188773817,180.839089697603,182.14883422851562,4921168.0
2025-05-27,182.2423908394553,182.8037037979346,174.66454456125658,177.75181579589844,4616218.0
2025-05-28,176.90983631419763,178.21958080427632,171.29662117075586,171.5772705078125,3966857.0
2025-05-29,173.35480018107577,175.60008056698402,169.42555236816406,169.42555236816406,4336585.0
2025-05-30,169.79975503177965,172.7934668660164,165.58984375,165.58984375,4993605.0
2025-06-02,164.65430876287246,165.77694892213594,162.78323707238528,163.62521362304688,3802717.0
2025-06-03,166.52538481766157,173.44834454384366,166.52538481766157,172.79347229003906,4372109.0
2025-06-04,171.29661695962503,174.8516417096265,170.54818543720324,172.51280212402344,4470001.0
2025-06-05,172.23215357901097,172.51280291044753,170.73529052734375,170.73529052734375,1145186.0
2025-06-10,172.138589753866,172.98056627630027,169.14487800447966,170.08041381835938,5299545.0
2025-06-11,170.5481893663715,181.40039672850148,170.17396645896713,178.500244140625,12103635.0
2025-06-12,175.41296622853415,181.02618114784724,173.91610320665984,176.62916564941406,7430548.0
2025-06-13,168.3028962410372,172.98057556152344,165.58984794521294,172.98057556152344,6195854.0
2025-06-16,172.98057004114406,174.38387379250588,169.14488168584143,172.51280212402344,4924603.0
2025-06-17,177.09694279243283,177.65825574854236,171.20306396484375,171.20306396484375,7009924.0
2025-06-18,169.79976406973933,171.20306790502644,166.99315639916512,167.0867156982422,3301766.0
2025-06-19,167.648026372996,170.3610889825095,165.77695461821892,165.87051391601562,3640253.0
2025-06-20,167.46091672753087,169.51909273730968,166.52538087989103,166.99314880371094,3375348.0
2025-06-23,165.5898395495468,169.14487850789916,164.18653582455067,166.52537536621094,4335192.0
2025-06-24,172.04502972198102,173.9161013416878,168.67710937159498,171.85792541503906,6196080.0
2025-06-25,175.88074351528303,177.5647109358838,172.69992726814954,172.79347229003906,5257888.0
2025-06-26,172.79346490237268,176.81627182538645,172.1385926765667,174.47743225097656,5039308.0
2025-06-27,174.8516406001353,175.13230420365556,170.17396145861062,172.88702392578125,3440834.0
2025-06-30,173.63545295084916,183.83278762292872,173.35478935135794,183.5521240234375,8819214.0
2025-07-01,182.71015288357825,191.9719520136775,181.68105774683653,190.75575256347656,8961287.0
2025-07-02,196.46253165552173,197.398067520548,190.19444421487444,193.1881561279297,8561331.0
2025-07-03,194.77855962090098,199.92400675643225,192.06551138676937,199.26913452148438,8060341.0
2025-07-04,199.45624092500518,199.83046383114242,196.74319266244513,198.89492797851562,3055771.0
2025-07-07,195.05922254227886,196.93029422134148,192.15905572967418,194.310791015625,3324246.0
2025-07-08,194.7785623028861,198.14649709348413,192.62682697973426,195.3398895263672,6686602.0
2025-07-09,195.339890999468,199.73690669941453,194.7785637717538,198.33360290527344,5920051.0
2025-07-10,200.67244600187465,202.16930911800708,197.8658383654848,199.1755828857422,5102731.0
2025-07-11,199.8304672559082,201.7015389932289,199.36269932157802,199.73690795898438,5301560.0
2025-07-14,198.9884794349407,201.7015420603985,197.3980712890625,197.3980712890625,3929884.0
2025-07-16,197.30450800806278,198.42716246498128,190.5686526422739,191.59774780273438,5073505.0
2025-07-17,193.18815086321624,195.71409477492196,189.63311181796843,194.310791015625,6416921.0
2025-07-18,194.31079253958055,200.2046712298816,191.69128931331963,197.30450439453125,7261563.0
2025-07-21,197.49161898583188,202.07573883262558,196.08831524393864,200.01756286621094,10486981.0
2025-07-22,200.8595378409026,200.9530971330262,196.83673095703125,196.83673095703125,3809865.0
2025-07-23,196.83673356528007,201.5144127305685,196.74318854706067,199.64334106445312,7262312.0
2025-07-24,201.1402106000505,209.46647407297158,199.92401112278876,208.43739318847656,13140736.0
2025-07-25,209.09226400237353,209.27936831871145,204.2274804018662,205.25656127929688,3711814.0
2025-07-28,206.37920990518487,208.25028156606544,202.91771591244068,203.19837951660156,4372266.0
2025-07-29,204.97590454542689,209.8406879703795,199.73689822615864,200.2046661376953,7786319.0
2025-07-30,200.20466593179475,214.7054711745182,199.64333872847052,212.08596801757812,12792048.0
2025-07-31,211.33754241413274,217.51208472277233,210.68267017537258,215.9216766357422,9043203.0
2025-08-01,214.79904181219405,217.9798580653212,211.8988749004088,214.61192321777344,5330746.0
2025-08-04,215.82811629907147,219.19605104664433,215.2668033579054,216.10877990722656,3954539.0
2025-08-05,216.3894477668198,218.35406451221635,213.39573586301717,215.17324829101562,5400375.0
2025-08-06,215.26681079986267,216.48299601867245,214.0506113059083,214.42481994628906,3123744.0
2025-08-07,214.61191056419506,220.31868475408226,214.61191056419506,217.6056365966797,6082182.0
2025-08-08,217.69918137186755,218.91538078682308,213.76993380251741,215.82810974121094,3705524.0
2025-08-11,216.10877699923466,221.53488767502344,215.45390477244757,218.44761657714844,4617113.0
2025-08-12,219.85092267257815,222.00265796227475,218.91538683141826,219.663818359375,4496474.0
2025-08-13,220.2251370272222,222.0026637367474,216.7636571799234,221.7220001220703,4065420.0
2025-08-14,222.09619768339374,223.96726932108078,219.9444767201686,220.7864532470703,4038199.0
2025-08-15,220.9735673154445,222.93819833184432,219.94448643435197,220.31869506835938,2233738.0
2025-08-18,221.34778176885686,223.03173483270564,219.19604651765212,222.18975830078125,2982021.0
2025-08-19,223.21886194492205,223.40596626192576,217.97985541795217,220.31869506835938,4840176.0
2025-08-20,220.69289912327102,226.5867777750356,219.00894603003317,226.39967346191406,6785955.0
2025-08-21,226.9610003364978,232.66776039144966,226.49323241682254,231.5451202392578,5900681.0
2025-08-22,231.9193275602557,232.48065477076585,228.55140712262676,230.14181518554688,3050812.0
2025-08-25,232.01289445465687,240.19883327110142,228.73851892807906,238.5616455078125,6596738.0
2025-08-26,237.6261056220308,240.9004810932005,234.58561411308747,236.92445373535156,4181489.0
2025-08-27,237.85998608598013,240.1988256738462,230.7031426571675,231.7322235107422,3939088.0
2025-08-28,232.01288909012771,240.66659563885221,231.82578477653544,238.0938720703125,7169899.0
2025-08-29,239.26329074063145,239.4971747002997,233.6968553555556,234.1178436279297,4854504.0
2025-09-01,233.88396200493446,233.88396200493446,226.96100243964608,230.98379516601562,5578991.0
2025-09-02,231.35801024222425,231.82577815040702,213.48927043958514,217.6056365966797,6929476.0
2025-09-03,217.60564033915657,217.60564033915657,209.84069007474892,213.3021697998047,5781560.0
2025-09-04,214.2377154339801,216.48299582454038,210.68267625297247,212.83441162109375,4907498.0
2025-09-05,214.61191934170083,215.73457378737035,209.09226350945087,210.58912658691406,5590102.0
2025-09-08,206.6598589464686,211.9924245926688,206.19209103189974,208.3438262939453,4491867.0
2025-09-09,215.17324906361256,223.59307185305826,213.20861803601744,221.7220001220703,16299462.0
2025-09-10,221.72199503863757,230.04825834057942,220.59935488081254,224.62216186523438,11347573.0
2025-09-11,224.52859704608701,230.51602059059184,224.15438842773438,224.15438842773438,7204682.0
2025-09-12,223.59306465513743,226.96099937255272,223.03173744385356,224.99636840820312,4497862.0
2025-09-15,224.06083916427994,244.4087441823304,223.31240761893196,243.70709228515625,9505479.0
2025-09-16,244.17485417546453,252.59467673323917,243.0054343757736,250.95748901367188,9187586.0
2025-09-17,250.255844611248,256.80459568518717,245.1103973388672,245.1103973388672,5948879.0
2025-09-18,246.74758662427718,249.32031027628386,242.77155916208503,243.94097900390625,4405743.0
2025-09-19,244.6426195437677,248.15087890625,242.06989601128063,248.15087890625,4917171.0
2025-09-22,254.46574414606545,257.74011953029793,249.55418106971678,251.8930206298828,6283150.0
2025-09-23,247.91699936467418,248.85253521133333,242.7715522080489,244.6426239013672,3045288.0
2025-09-24,245.11039035553938,247.44922995816856,241.36824699133265,245.81204223632812,3130678.0
2025-09-25,246.04592489580216,247.44922864996073,242.7715494694322,244.4087371826172,2348296.0
2025-09-26,242.77154552901732,245.11038508132,239.02940224533305,240.19882202148438,2198802.0
2025-09-29,240.1988236062251,243.70708295782526,236.45668029785156,236.45668029785156,2764920.0
2025-09-30,236.69057477106813,243.00544188452548,235.5211549352427,242.5376739501953,3527402.0
2025-10-01,243.2393210071869,251.8930276199426,238.0938738320349,251.19137573242188,4855051.0
2025-10-02,252.36078999647455,253.5302097832979,249.08641459336923,250.72360229492188,3701363.0
2025-10-03,252.12690898658192,254.6996325476695,247.4492297846045,248.384765625,3465695.0
2025-10-06,249.78807742888156,256.33682852252264,248.61865759073135,251.65914916992188,5044094.0
2025-10-07,251.19136700138384,261.4822609939917,248.15087559447696,260.7806091308594,7167757.0
2025-10-08,260.3128547162529,266.861605778297,259.37731885024664,264.52276611328125,4793363.0
2025-10-09,266.3938442993164,266.6277282714844,253.0624578857422,257.2723693847656,5353353.0
2025-10-10,255.63517485957445,255.86905882559418,249.08642381102175,255.4012908935547,4892460.0
2025-10-13,249.78806705697502,250.72360288864908,237.6261012452122,240.43270874023438,5385914.0
2025-10-14,239.02940608833006,240.66659380126382,233.50975036621094,233.50975036621094,4440492.0
2025-10-15,235.28726419302134,243.23931884765625,233.32263321534802,243.23931884765625,6277428.0
2025-10-16,239.9649465334427,241.13436635085716,234.8194993368192,238.3277587890625,4505070.0
2025-10-17,236.69057650664178,243.23932763528404,229.2062895024792,238.7955322265625,5020482.0
2025-10-20,239.02940529430836,239.02940529430836,228.36430250982536,235.28726196289062,8886858.0
2025-10-21,240.43271723728554,242.06990500057447,237.39222567689185,238.5616455078125,5689787.0
2025-10-22,238.79552900493718,246.51369987385286,238.79552900493718,243.70709228515625,4367628.0
2025-10-23,243.2393336490974,258.6756759768286,243.2393336490974,257.5062561035156,6293973.0
2025-10-24,257.50624212663024,266.86160060534525,253.99798269711212,258.9095458984375,11923305.0
2025-10-27,258.2078976738722,258.4417816391565,243.70709182624532,248.8525390625,5947600.0
2025-10-28,248.3847685839287,248.61865254681373,244.17485725199768,246.04592895507812,1800676.0
2025-10-30,246.04592343284972,251.42525445847286,242.77154802594868,245.57815551757812,5036900.0
2025-10-31,246.98146332855367,249.78807086637815,245.34427559815606,247.21534729003906,4116642.0
2025-11-03,247.91700568784125,254.69964074911238,244.87651410865072,251.65914916992188,7948351.0
2025-11-04,242.30379240930927,242.30379240930927,228.27075423888596,229.48695373535156,16124555.0
2025-11-05,230.70314729359234,230.79669231390056,222.56397394413082,225.6512451171875,9797602.0
2025-11-06,226.21256758587188,226.8674398148447,222.18976064340458,223.4059600830078,5818043.0
2025-11-07,223.68663034650052,224.62216620863535,214.5183760425501,215.17324829101562,6208509.0
2025-11-10,216.2958852649925,219.3831564193123,215.45390871160717,215.9216766357422,3851925.0
2025-11-11,216.57654600683372,218.44761767859904,209.466467944068,211.524658203125,6673923.0
2025-11-12,212.8344034285285,217.23141901795722,210.40200453643055,216.29588317871094,4365583.0
2025-11-13,216.85721108117426,223.87372989780968,215.9216752389562,221.2542266845703,5794723.0
2025-11-14,221.25422835811491,221.81555557774922,216.01522189200887,217.5120849609375,3280231.0
2025-11-17,219.00894032122798,221.44132487869214,216.57654148862014,217.6056365966797,3941952.0
2025-11-18,216.5765545890055,220.78646601730148,215.1732507795735,217.9798583984375,3525331.0
2025-11-19,220.13158471309333,222.657528611217,216.2023370632183,216.67010498046875,5292617.0
2025-11-20,217.88629230030193,219.85092328224346,214.61191684716215,216.10877990722656,4214898.0
2025-11-21,215.17324173011153,216.01521827030223,212.74084285267008,214.892578125,3641871.0
2025-11-24,213.95704436636436,216.38944326739542,210.68266891697706,214.51837158203125,4975914.0
2025-11-25,215.26681060682122,217.04432305975277,212.36664368346499,212.83441162109375,3904277.0
2025-11-26,213.1150678180081,216.9507562079182,211.80530907316674,214.51837158203125,4538069.0
2025-11-27,215.7345647247643,218.1669492795317,214.98613321747294,215.82810974121094,4257379.0
2025-11-28,215.360353656148,216.95076177448573,214.51837708618814,214.98614501953125,3628111.0
2025-12-01,214.70547969344324,219.00895035596216,211.99243141173199,218.72828674316406,4049027.0
2025-12-02,219.85092922842713,222.65753683559853,218.54118472180494,219.94448852539062,4402531.0
2025-12-03,220.31868450981554,222.28331543206244,215.82810974121094,215.82810974121094,4733860.0
2025-12-04,215.8281118179167,217.9798470689046,213.58283154958207,215.4539031982422,3434296.0
2025-12-05,216.10877699923466,219.6638160126924,216.01521770606053,218.44761657714844,3433841.0
2025-12-08,220.3186917471445,229.39338659889827,219.94448311877812,227.802978515625,6412206.0
2025-12-09,231.17092032731975,231.54512896710776,221.0671300264534,221.16067504882812,5406172.0
2025-12-10,221.81555687447286,224.715709459153,217.23142262104537,218.91539001464844,5096535.0
2025-12-11,220.03802913643665,220.6929013766205,217.69918951067703,219.1024932861328,3411732.0
2025-12-12,220.03803516987344,224.5286102294922,219.94449014736455,224.5286102294922,4274227.0
2025-12-15,225.46413678325732,228.3643035888672,223.59306510870746,228.3643035888672,5379290.0
2025-12-16,228.36431041250765,231.07735871161458,225.37058422365862,230.0482635498047,5396055.0
2025-12-17,229.48695184096084,233.13553602509438,226.49323991101224,231.45156860351562,5024105.0
2025-12-18,232.01289669122326,233.41620050185566,227.80298525932608,229.67405700683594,4039663.0
2025-12-19,229.67404810866708,230.8902475524587,227.14810420241932,228.17718505859375,3083620.0
2025-12-22,229.11272554261643,232.6677646522805,228.55141259381324,230.60958862304688,4747841.0
2025-12-23,231.26445697879416,231.54512058604848,226.02546483567102,226.39967346191406,3028150.0
2025-12-24,226.49323656457963,231.45156518382382,225.65124572865838,230.60958862304688,3405900.0
2025-12-25,231.26446428448344,231.73223221963616,230.32892841417797,231.45156860351562,1172648.0
2025-12-26,231.45156205096674,238.3277562131001,230.4224811878514,235.52114868164062,4211056.0
2025-12-29,237.15833420962028,239.26328983869976,231.7322235107422,231.7322235107422,3729351.0
2025-12-30,231.07735567524438,234.3517311605211,229.20628396937195,232.57421875,3025881.0
2025-12-31,233.41620175751598,234.58562160600053,230.42248980042447,231.07736206054688,3671882.0
2026-01-02,232.38709878212984,242.0699005126953,231.35801791508507,242.0699005126953,4599402.0
2026-01-05,243.2393222384983,254.46575249565973,242.5376703474257,252.5946807861328,5246842.0
2026-01-06,252.59468429469115,259.3773193359375,251.65914842693303,259.3773193359375,4143754.0
2026-01-07,261.0145150623678,264.9905426215616,258.6756753216656,262.6517028808594,4168121.0
2026-01-08,262.4177969227666,264.2888685585796,255.40127828846806,258.2078857421875,4063877.0
2026-01-09,260.07895737800044,260.3128413324771,255.16739433399144,258.2078857421875,3239849.0
2026-01-12,258.6756699057587,264.05500119674645,256.33683021402487,262.1839294433594,3872856.0
2026-01-13,261.9500479231024,268.26491514982,260.312860123583,264.99053955078125,4746135.0
2026-01-14,269.43432114480754,269.43432114480754,260.5467306903781,261.2483825683594,4005893.0
2026-01-15,260.0789624516434,267.7971330999386,257.74012286125094,266.3938293457031,4396891.0
2026-01-16,266.6277158788553,272.0070469886919,263.11945645939676,269.200439453125,5697205.0
2026-01-19,269.9020917164318,270.3698596396839,262.8855728676511,264.05499267578125,4394801.0
2026-01-20,263.1194568292771,265.22441248391135,261.48226909789497,264.05499267578125,3277847.0
2026-01-21,265.69218296382013,267.56325467483293,260.07896783078166,266.8616027832031,5235808.0
2026-01-22,270.13596936530877,276.6847201378011,260.0789592504098,276.4508361816406,6258293.0
2026-01-23,278.7896782206302,282.9995894689283,276.4508386382424,281.8301696777344,2887932.0
2026-01-26,280.8946364190408,286.7417354285962,278.5557968152186,284.63677978515625,3392644.0
2026-01-27,290.01610212165446,299.37146025461107,287.91114654173924,291.6532897949219,7078605.0
2026-01-28,291.65331177730485,295.16157134158675,289.3144720677835,293.5243835449219,4960519.0
2026-01-29,294.6938001100546,301.4764351919527,291.1855405849349,298.4359436035156,5072052.0
2026-01-30,298.4359293744608,304.98468017578125,295.6293218881806,304.98468017578125,3948220.0
2026-02-02,302.1780757532395,307.3235228635888,294.4599050877156,300.0731201171875,3486484.0
2026-02-03,301.7103240966797,305.9202355957031,298.6698324584961,304.0491638183594,4014389.0
2026-02-04,306.38800354003905,306.855771484375,301.0086721801758,304.0491638183594,3394107.0
2026-02-05,302.4119595464267,310.8317820860024,301.9441916275614,302.6458435058594,4592376.0
2026-02-06,300.7747894578679,304.28304905496583,293.0566183442523,293.7582702636719,4826377.0
2026-02-09,295.8631980005499,299.3714572653786,291.8871708337441,296.5648498535156,5246334.0
2026-02-10,302.17807911873626,304.5169187403983,291.88718478342327,292.5888366699219,7610325.0
2026-02-11,290.4838781031609,297.2665129380979,287.4433866254306,294.92767333984375,6940993.0
2026-02-12,296.564876123564,310.5979144259408,292.5888486045572,309.1946105957031,7358879.0
2026-02-13,309.1946070345677,316.67889404296875,306.85576734444237,316.67889404296875,4199745.0
2026-02-16,322.7598625451476,326.9697737957365,318.08218337782665,325.80035400390625,4316422.0
2026-02-17,323.46152375155117,323.69540771666436,310.3640217052121,313.6383972167969,5323231.0
2026-02-18,315.7433529028157,320.4210322050796,311.06567360055175,313.6383972167969,4612932.0
2026-02-19,314.34002976190476,316.6788692690618,305.68632358542374,309.428466796875,4448093.0
2026-02-20,309.6623562794811,313.404499557783,307.32351673054245,309.896240234375,2771963.0
2026-02-23,314.34002969218517,316.44498524815964,308.49293092558946,312.0011901855469,3205760.0
2026-02-24,311.29956634105963,311.29956634105963,305.21858307669635,309.1946105957031,3273462.0
2026-02-25,309.6623681450632,310.1301360727748,299.60535769926435,300.5408935546875,3772235.0
2026-02-26,300.5408768764762,303.1136003361192,293.75824230105377,301.7102966308594,2813419.0
2026-02-27,304.04914759989805,304.04914759989805,294.6937892122089,297.5003967285156,3128248.0
2026-03-02,275.04754983970366,293.758267515874,275.04754983970366,293.5243835449219,2404748.0
2026-03-03,290.01612236086004,292.8227299966103,275.7492002124629,282.9996032714844,3256661.0
2026-03-04,281.3623995287665,282.29793535429855,270.36985357876483,271.3053894042969,5592123.0
2026-03-05,278.0880183074434,285.33842080326406,275.51529484118447,275.9830627441406,4004700.0
2026-03-06,275.0475327064251,283.70123909259667,271.07150544791386,271.3053894042969,4096866.0
2026-03-09,261.95005001081313,270.369873046875,260.0789782250216,270.369873046875,3274866.0
2026-03-10,278.78968077560086,285.10454770592065,275.9830732510143,284.63677978515625,3595921.0
2026-03-11,284.6367825412594,285.8062023544938,279.257451400381,284.87066650390625,2923209.0
2026-03-12,281.3624206193626,288.37893983680306,280.66076869761855,286.04010009765625,3031307.0
2026-03-13,282.5318318488325,291.4194225857991,279.4913402809229,290.48388671875,2965129.0
2026-03-16,292.82272406461493,294.69379578387765,282.9995975384857,285.10455322265625,2305361.0
2026-03-17,287.4433866254306,294.92767333984375,285.8061989066527,294.92767333984375,4086560.0
2026-03-18,297.96818243240034,298.6698343533558,283.2334920923366,288.6128234863281,4267656.0
2026-03-19,288.1450443190975,290.95165189363416,282.06406124093473,290.25,1692711.0
2026-03-23,285.5,290.0,265.0,284.0,11633859.0
2026-03-24,281.75,281.75,269.0,276.25,3950709.0
2026-03-25,279.0,281.25,276.5,278.5,2973619.0
2026-03-26,277.25,278.75,272.0,272.5,1685077.0
2026-03-27,273.75,282.0,272.5,279.75,2659783.0
2026-03-30,278.0,278.25,270.75,271.5,2076481.0
2026-03-31,271.5,276.0,267.0,273.75,4204544.0
2026-04-01,278.75,281.75,272.5,272.5,2820061.0
2026-04-02,268.75,271.75,265.0,269.5,2553920.0
2026-04-03,269.5,269.75,263.0,264.25,2482919.0
2026-04-06,264.5,268.5,263.0,266.0,2154880.0
2026-04-07,266.0,266.5,252.0,252.0,4044534.0
2026-04-08,264.0,275.25,262.5,271.25,6014149.0
2026-04-09,269.75,277.5,269.5,277.5,3266016.0
2026-04-10,278.5,286.0,278.0,284.75,2785884.0
2026-04-13,280.0,284.0,277.75,283.75,2812560.0
2026-04-14,286.5,302.0,286.5,298.0,4059991.0
2026-04-15,298.75,301.25,293.5,299.0,3010364.0
2026-04-16,299.75,303.0,286.0,288.25,2725046.0
2026-04-17,288.5,295.0,279.0,294.5,6684622.0
2026-04-20,287.25,292.25,284.75,292.0,3327090.0
2026-04-21,292.5,295.0,285.75,289.0,2676023.0
2026-04-22,289.0,294.5,285.5,293.0,3075286.0
2026-04-24,293.25,299.75,288.5,295.5,6118017.0
2026-04-27,295.75,300.5,293.5,297.0,3348144.0
2026-04-28,295.25,297.5,289.75,294.5,1966011.0
2026-04-29,295.5,301.0,290.0,296.75,2937224.0
2026-04-30,295.0,295.0,287.25,294.5,3352664.0
2026-05-04,294.5,295.25,283.75,286.0,2554253.0
2026-05-05,286.0,298.25,285.75,298.25,3027635.0
2026-05-06,306.25,313.0,298.5,312.5,6596583.0
2026-05-07,313.25,323.75,312.0,320.75,3416142.0
2026-05-08,317.5,323.0,312.5,320.25,3464207.0
2026-05-11,319.5,319.75,312.75,317.0,2757929.0
2026-05-12,314.75,319.0,310.0,310.75,2201848.0
2026-05-13,312.0,314.25,300.25,301.0,2917917.0
2026-05-14,302.25,314.0,302.25,310.5,2522316.0
2026-05-15,306.0,313.0,297.5,302.0,4029682.0
2026-05-18,300.0,305.75,293.25,293.25,3200345.0
2026-05-20,293.75,295.0,284.25,289.5,2712225.0
2026-05-21,288.5,295.0,278.0,280.25,3032065.0
2026-05-22,276.5,305.25,275.0,304.0,4020619.0
2026-05-25,305.0,309.25,299.5,303.25,2586042.0
2026-05-26,301.25,303.25,296.0,296.0,1140557.0
2026-05-27,296.0,296.0,296.0,296.0,0.0
2026-05-28,296.0,296.0,296.0,296.0,0.0
2026-05-29,296.0,296.0,296.0,296.0,0.0
2026-06-01,299.0,306.25,292.5,296.0,2758317.0
2026-06-02,299.75,307.25,298.5,302.5,4211466.0
2026-06-03,300.75,307.0,297.25,299.0,2895282.0
2026-06-04,299.0,305.0,293.5,297.5,2260449.0
2026-06-05,297.5,299.5,291.25,294.0,1681088.0
2026-06-08,284.25,295.25,284.25,291.0,2218686.0
2026-06-09,289.75,297.75,289.75,295.0,2448221.0
2026-06-10,293.5,295.75,286.25,290.0,2617527.0
2026-06-11,290.25,293.25,278.0,283.0,3369188.0
2026-06-12,289.5,298.25,286.75,295.5,3808752.0
2026-06-15,303.0,316.5,302.75,315.25,2628925.0
2026-06-16,314.5,326.0,314.25,324.0,3354974.0
2026-06-17,325.0,334.5,323.75,329.25,4253924.0
2026-06-18,329.25,332.75,324.0,332.0,2705703.0
2026-06-19,328.0,333.75,325.5,327.75,2085294.0
2026-06-22,334.0,346.75,328.75,331.75,5998848.0
2026-06-23,328.0,345.0,319.5,345.0,5293257.0
2026-06-24,345.0,358.25,338.5,341.0,7269274.0
2026-06-25,341.0,344.75,327.5,335.5,3500657.0
2026-06-26,335.5,337.75,322.0,325.0,2851463.0
2026-06-29,325.0,325.25,311.25,313.5,3642249.0
2026-06-30,313.5,315.75,305.25,308.0,4783357.0
2026-07-01,307.0,310.25,302.0,305.0,4593541.0
2026-07-02,305.25,308.75,301.5,306.25,3344125.0
2026-07-03,307.75,309.5,301.0,302.0,3098666.0
2026-07-06,302.5,306.25,298.75,301.5,2821162.0
2026-07-07,301.25,306.5,298.0,299.0,3162582.0
2026-07-08,298.75,301.5,291.25,297.75,3763351.0
2026-07-09,299.25,300.5,292.25,295.0,2946137.0
2026-07-10,295.0,303.75,294.0,302.75,3287662.0
2026-07-13,302.0,305.75,299.5,301.5,3032983.0
2026-07-14,299.75,301.5,293.25,295.0,3076317.0
2026-07-16,290.0,305.75,290.0,305.0,3734235.0
2026-07-17,303.0,309.75,302.25,307.75,2457619.0
2026-07-20,307.5,309.25,301.0,301.75,3853828.0
2026-07-21,304.25,305.5,297.5,300.0,2850037.0
2026-07-22,300.75,301.75,294.75,297.5,2479866.0
2026-07-23,297.0,299.25,285.25,286.25,3762183.0
2026-07-24,286.5,287.25,278.5,281.0,3722960.0
2026-07-27,283.0,286.0,269.25,272.5,6906336.0
2026-07-28,280.0,280.0,261.75,264.25,6979942.0
2026-07-29,262.75,271.75,260.5,271.75,4691912.0
2026-07-30,269.0,269.0,257.5,260.5,6857399.0
2026-07-31,261.25,273.0,258.0,272.5,5090149.0
2026-08-03,275.25,275.25,265.5,272.0,2936336.0
2026-08-04,270.0,274.75,266.25,272.5,3804903.0
2026-08-05,271.0,271.25,260.5,262.75,6043008.0
2026-08-06,262.0,264.0,257.0,257.0,3790897.0
2026-08-07,257.25,264.5,257.0,263.0,3434855.0
2026-08-10,263.0,268.25,261.0,264.25,3881244.0
2026-08-11,261.75,272.75,257.5,267.0,6215210.0
2026-08-12,264.25,271.75,262.75,268.25,4178382.0
2026-08-13,267.0,275.0,267.0,269.75,3542941.0
2026-08-14,269.75,275.0,265.0,268.5,3794204.0
2026-08-17,267.75,269.0,265.0,266.75,2470926.0
2026-08-18,265.5,269.75,264.5,265.5,2385555.0
2026-08-19,264.0,272.25,264.0,270.0,3308352.0
2026-08-20,270.25,276.75,269.5,271.0,3022049.0
2026-08-21,271.5,285.75,270.75,281.25,5859006.0
2026-08-24,283.25,286.5,275.5,277.25,4040354.0
2026-08-25,278.0,278.5,270.5,275.0,2385879.0
2026-08-26,276.25,280.5,273.0,275.25,3018133.0
2026-08-27,275.0,276.25,269.75,273.5,2625146.0
2026-08-28,273.5,276.5,271.0,272.0,2437543.0
2026-08-31,271.25,275.0,268.0,271.25,4758314.0
2026-09-01,270.5,275.5,266.75,268.0,3570596.0
2026-09-02,268.0,268.0,257.0,260.5,4049808.0
2026-09-03,261.0,263.5,259.75,260.5,3476902.0
2026-09-04,260.25,275.0,259.75,274.25,5072252.0
2026-09-07,277.0,288.0,273.25,288.0,5625120.0
2026-09-08,287.75,291.75,283.25,291.75,3996534.0
2026-09-09,291.5,295.25,286.0,292.75,4889691.0
2026-09-10,293.0,293.5,286.0,290.75,2391576.0
2026-09-11,289.5,299.75,286.0,299.75,5453403.0
2026-09-14,295.0,296.5,284.25,284.25,3088257.0
2026-09-15,286.75,292.25,284.0,284.25,3510750.0
2026-09-16,285.0,285.5,260.0,272.25,3384012.0
