Date,Open,High,Low,Close,Volume
2021-09-20,9.906825931447687,9.943654511410623,9.787134122187142,9.897619247436523,31461997.0
2021-09-21,9.962067556629567,10.192245084118934,9.925239594771616,10.100173950195312,51988797.0
2021-09-22,10.1738309768788,10.219866235949384,10.04493188269755,10.201452255249023,35933737.0
2021-09-23,10.201452334638363,10.348765410666388,10.164623758311672,10.238280296325684,42483973.0
2021-09-24,10.201452255249023,10.302730071060052,10.08175984409827,10.201452255249023,37084075.0
2021-09-27,10.247487477971617,10.36717988869782,10.192244921427118,10.31193733215332,35753340.0
2021-09-28,10.339558580164804,10.477664364692252,10.321143983849627,10.394801139831543,57412418.0
2021-09-29,10.385592710331998,10.404007304641203,10.247486940848933,10.376386642456055,35160398.0
2021-09-30,10.376387289924706,10.606563586759082,10.367179992195585,10.551321029663086,55524329.0
2021-10-01,10.523699873719783,10.643391050766013,10.440836656589417,10.450042724609375,29073359.0
2021-10-04,10.477664679893078,10.726256820511221,10.477664679893078,10.680221557617188,44470720.0
2021-10-05,10.70784272355237,11.131368637084961,10.671014757373545,11.131368637084961,74224948.0
2021-10-06,11.112954633795145,11.186610561945118,10.89198439078759,10.95643424987793,59807755.0
2021-10-07,11.0300896103797,11.352337659968534,10.974847052470793,11.333924293518066,49909524.0
2021-10-08,11.343132118252027,11.389167380434584,11.232646997302364,11.32471752166748,32631053.0
2021-10-11,11.40758196627947,11.646965575259163,11.38916736971226,11.582515716552734,38724784.0
2021-10-12,11.52727217265369,11.757449692990452,11.52727217265369,11.692999839782715,37380819.0
2021-10-13,11.711414559909969,11.739035223420567,11.158988996910804,11.306302070617676,55172418.0
2021-10-14,11.361545594472965,11.600930435251652,11.352338296092428,11.508858680725098,45937101.0
2021-10-15,11.646964435073107,11.886349249896899,11.573307285293781,11.877141952514648,47242671.0
2021-10-18,11.895556777255331,11.950799339046885,11.628551266809302,11.923178672790527,55554135.0
2021-10-19,12.061282949716048,12.08890361250779,11.923177177199964,11.987627029418945,28147812.0
2021-10-20,11.96921196418403,12.236217430641831,11.923176708488358,12.144146919250488,40890556.0
2021-10-21,12.144147918899357,12.59529444527609,12.107318727888304,12.549259185791016,58753919.0
2021-10-22,12.540051377581216,12.917541965127143,12.429566267602961,12.816264152526855,57056041.0
2021-10-25,12.79785060247682,13.092477996229233,12.761022639237314,13.055648803710938,41353823.0
2021-10-26,13.046441653099604,13.120097573471352,12.770228878508835,12.871506690979004,46995718.0
2021-10-27,12.871506042136513,13.11089084447421,12.788642828575696,13.009613037109375,39760210.0
2021-10-28,12.972784503449171,13.000406395547591,12.871506690979002,12.871506690979004,9769452.0
2021-11-01,12.871509462806422,12.899130131574156,12.521640692501085,12.687368392944336,27324675.0
2021-11-02,12.788644921369103,12.981993270837187,12.770230324551639,12.917543411254883,34803937.0
2021-11-03,12.9267506202428,13.138513565063477,12.558467291392875,13.138513565063477,39013296.0
2021-11-04,13.1661354600986,13.479176228157096,13.138513565063477,13.138513565063477,38629101.0
2021-11-05,12.889922739903259,13.488383614152886,12.79785098513336,13.377897262573242,48402130.0
2021-11-08,13.442346337212811,13.626488606721482,13.3594831149651,13.58966064453125,30648562.0
2021-11-09,13.589662581371256,14.215744174230029,13.571247983012258,14.086844444274902,42963424.0
2021-11-10,14.307814263887568,14.53799057006836,13.994772274779878,14.53799057006836,51702175.0
2021-11-11,14.537988787519414,14.952308546401348,14.344639238900207,14.409089088439941,75125883.0
2021-11-12,14.409089450728676,14.501161193505537,14.206533829321183,14.326226234436035,32397484.0
2021-11-15,14.363056608660301,14.703719286865098,14.105258389957774,14.169708251953125,52365950.0
2021-11-16,14.270986079683443,14.298607975943824,13.773803010506438,14.169708251953125,54963699.0
2021-11-17,14.197326377091402,14.639266803902938,14.12367045880858,14.565610885620117,42682276.0
2021-11-18,14.565612991963732,14.841824569385441,14.307814782136171,14.528783798217773,49941171.0
2021-11-19,14.602441408436484,14.823411660636854,14.206536168364343,14.280193328857422,36462769.0
2021-11-22,14.363055496430183,14.6208549244484,14.197327819537948,14.556405067443848,28566776.0
2021-11-23,14.5379903838492,15.550769805908203,14.363055409969537,15.550769805908203,68865489.0
2021-11-24,15.698082914714684,16.480686034981122,14.611647565333943,14.722132682800293,69587448.0
2021-11-25,14.82341104466856,15.035173989347895,14.344641365276521,14.455127716064453,41756085.0
2021-11-26,14.160498748593108,14.160498748593108,13.52520998485706,13.718558311462402,46335107.0
2021-11-29,13.976358302725158,14.37226226978213,13.829043998013104,14.30781364440918,38028949.0
2021-11-30,14.206536216698959,14.206536216698959,13.856667469043932,13.96715259552002,32546703.0
2021-12-01,14.224950347981443,14.537991119644142,14.151293189651875,14.473541259765625,38543946.0
2021-12-02,14.519574641059593,14.676095006606491,14.151291355697559,14.363054275512695,24245319.0
2021-12-03,14.63926795794065,14.63926795794065,14.270984649658203,14.270984649658203,23633603.0
2021-12-06,14.353848663615418,14.547198240895776,14.178914912291667,14.455127716064453,23267349.0
2021-12-07,14.584023798845747,15.053584873150132,14.565610434484679,15.035171508789062,34371484.0
2021-12-08,15.191694834369576,15.375835889621253,14.703719071106462,15.072002410888672,35634221.0
2021-12-09,15.09962478322896,15.302180442109213,14.878654526530905,15.173280715942383,37331154.0
2021-12-10,15.16407316982088,15.965089722653296,14.989138181240317,15.928261756896973,56573251.0
2021-12-13,16.591170988362855,17.484257987984353,16.388615351437387,17.364566802978516,58761731.0
2021-12-14,17.861750632319428,18.11034278712095,17.290911618873942,17.603952407836914,61315688.0
2021-12-15,17.806506058455092,18.165583301697286,17.39218748624507,17.824920654296875,45735508.0
2021-12-16,18.02747475406181,19.021839488422373,17.723641324255823,18.994218826293945,53232669.0
2021-12-17,19.16915450987524,20.329246948769182,17.10676658597634,17.180423736572266,61961221.0
2021-12-20,16.480683819247663,17.852540305136802,15.578389634099938,17.0054874420166,43601145.0
2021-12-21,17.03311179045003,17.17121757400685,15.311385154724121,15.311385154724121,31380958.0
2021-12-22,14.547199079042219,15.007552959001242,13.783010482788086,13.783010482788086,50067227.0
2021-12-23,13.82904385353648,14.08684204017117,12.52163832514671,13.156927108764648,81455164.0
2021-12-24,13.368691181436605,14.23415756225586,13.239791462441847,14.23415756225586,30555966.0
2021-12-27,14.289400192369742,15.081209419119194,14.013187385531833,14.068429946899414,39666291.0
2021-12-28,14.363055350109896,14.464334398244597,13.543624272036958,13.773801803588867,26860337.0
2021-12-29,13.773802506798457,14.491955802680154,13.552832261911782,14.381470680236816,29305843.0
2021-12-30,14.547198505353368,14.7589614538824,14.022393554005092,14.050015449523926,22036889.0
2021-12-31,14.105257941906137,14.547198433803073,13.939530257444787,14.215743064880371,22625211.0
2022-01-03,14.215742496526087,15.311385154724121,14.08684278178336,15.311385154724121,39196843.0
2022-01-04,15.385042110119928,16.011124850227382,15.154864577906359,15.606012344360352,50476923.0
2022-01-05,15.615218526679447,16.489892103175553,15.467905457470437,16.471477508544922,43477014.0
2022-01-06,16.24130183207034,17.410600361624038,16.112402123371876,17.208045959472656,47209372.0
2022-01-07,17.309322545908984,17.46584414759086,16.7753115743503,17.208045959472656,33196226.0
2022-01-10,17.217252205417736,17.64077806796808,17.079146426912565,17.226459503173828,38465021.0
2022-01-11,17.465846439247947,17.53950237164383,16.61879338246418,17.244874954223633,36883476.0
2022-01-12,17.58553702749846,17.67760878372202,17.21725369044075,17.419809341430664,26342064.0
2022-01-13,17.28170407381385,17.90778564282408,17.18042624525507,17.410602569580078,33214853.0
2022-01-14,17.410600027286968,17.567120396684444,17.00548877220613,17.180423736572266,22866207.0
2022-01-17,17.392189201201404,17.760472549400298,17.37377460354385,17.410602569580078,26540045.0
2022-01-18,17.327737043500235,17.438222156253275,16.462270736694336,16.462270736694336,20200131.0
2022-01-19,16.351782589260704,17.263283985670977,15.91905074544594,17.198835372924805,39627469.0
2022-01-20,17.217252964994184,17.364567277033274,16.36099390436168,16.60958480834961,36454110.0
2022-01-21,16.462272444536357,16.701657290095298,16.084781808347994,16.499101638793945,35833490.0
2022-01-24,16.37940985375657,16.37940985375657,15.164073440070911,15.32059383392334,43074283.0
2022-01-25,15.339007235593574,15.596806668215018,14.924688650604367,15.467906951904297,29617112.0
2022-01-26,15.46790621340096,15.734911702200513,15.339006503244455,15.375834465026855,25030775.0
2022-01-27,15.007550830719376,15.900639025934584,14.96151557217981,15.85460376739502,24122574.0
2022-01-28,15.882224976700412,16.112402506588463,15.394249252562696,15.532356262207031,24738707.0
2022-01-31,15.808567493353989,15.983502461592934,15.679669013555868,15.762532234191895,21531818.0
2022-02-01,15.836191200895858,15.974296994206014,15.449493258637002,15.57839298248291,16394686.0
2022-02-02,15.652047604947311,15.955881062388508,15.587598977692828,15.606012344360352,21726026.0
2022-02-03,15.559978459888773,15.928261806433985,15.283765642660144,15.412665367126465,17232614.0
2022-02-04,15.559977126850418,15.762532765705316,15.2377290725708,15.2377290725708,22481557.0
2022-02-07,15.256142551389438,15.790153503417969,14.915479926058634,15.790153503417969,34094466.0
2022-02-08,15.882225672083788,17.033112142635414,15.79936121681332,16.913419723510742,55433063.0
2022-02-09,16.987074697234377,17.557914865949897,16.81214095679199,17.17121696472168,50861356.0
2022-02-10,17.171215497624285,17.585534027473187,17.02390243378802,17.49346351623535,38162376.0
2022-02-11,17.35535807472681,18.202409744262695,17.336943480422583,18.202409744262695,57151955.0
2022-02-14,17.953819997856442,18.276068064860002,17.521088038343116,17.84333610534668,54419456.0
2022-02-15,17.880161795325105,18.220823186445234,17.870954498134004,17.926197052001953,32936358.0
2022-02-16,18.027477088079838,18.30368989151868,17.76047158296876,18.009063720703125,38483459.0
2022-02-17,18.193203163335205,18.257653016658583,17.548707088658848,17.585535049438477,52067806.0
2022-02-18,17.68681543839069,17.88016378379159,17.465845198344628,17.705228805541992,26466034.0
2022-02-21,17.898576721325444,18.1103408873523,17.272495209075235,17.438222885131836,29107085.0
2022-02-22,17.171218973383734,17.429017194599794,16.83976359070071,16.95024871826172,37240770.0
2022-02-23,17.069940284342035,17.189632704713784,16.83976274197772,16.931833267211914,22323931.0
2022-02-24,15.716499313454616,15.928262274675255,15.24693812500175,15.366630554199219,28349594.0
2022-02-25,15.744118030287476,16.720069406281596,15.652046287584058,16.563549041748047,32173365.0
2022-02-28,16.379406815629242,17.861747247454026,16.1400220051519,17.760469436645508,62375138.0
2022-03-01,17.843336656290422,18.009064344090422,17.44743141944394,17.778886795043945,32128159.0
2022-03-02,17.87095648557654,18.4602100492731,17.61315828194907,17.705228805541992,44393580.0
2022-03-03,18.009062826409643,18.3405169447981,17.50267250703828,18.101133346557617,47374075.0
2022-03-04,18.06430558047431,18.30369042688267,17.926199789354847,17.99985694885254,32924878.0
2022-03-07,18.230033365211565,18.681181164658046,17.778886795043945,17.778886795043945,39784710.0
2022-03-08,17.861749406016532,18.1103415437509,17.81571414365653,18.009063720703125,35998837.0
2022-03-09,18.26686104012229,18.469416676378128,18.02747621234448,18.04589080810547,39361392.0
2022-03-10,18.009062217316615,19.02184036324818,17.83412725152902,18.9573917388916,80408132.0
2022-03-11,18.87452750335163,18.975806548367583,18.414173683702526,18.865320205688477,41299510.0
2022-03-14,18.892944436269943,18.938979701002847,18.671974182128906,18.671974182128906,16804333.0
2022-03-15,18.414173297103133,18.57069366625446,17.86174774169922,17.86174774169922,34687751.0
2022-03-16,18.045889873843493,18.13796038932429,17.59474213528593,17.6776065826416,29657530.0
2022-03-17,17.75126571217127,18.460211759796877,17.75126571217127,18.25765609741211,48389789.0
2022-03-18,18.43258871413491,18.487831272139115,18.04589080810547,18.04589080810547,21924049.0
2022-03-21,18.368139297631707,18.828493139159637,18.349724701430226,18.773250579833984,31743649.0
2022-03-22,18.80087016100835,19.178359502464755,18.7087984206076,19.021839141845703,37696736.0
2022-03-23,19.09549857454913,19.288848146189014,18.846907673045028,18.93897819519043,29295609.0
2022-03-24,18.985014335701646,19.362504969118753,18.902151107788086,18.902151107788086,35222453.0
2022-03-25,18.966598164165518,19.22439633757169,18.911355610630007,18.994218826293945,16945173.0
2022-03-28,18.99422163419845,19.279641741205193,18.718008825688514,18.902151107788086,20703165.0
2022-03-29,18.975806841355965,19.36250351494921,18.7548366111434,19.003427505493164,48404622.0
2022-03-30,19.12311991840476,19.178361246679156,18.96659954355065,19.003427505493164,19013827.0
2022-03-31,18.975806773158762,19.8228572704648,18.966599475386538,19.739994049072266,44738057.0
2022-04-01,19.739994648703263,21.17630118355289,19.472989151591783,20.93691635131836,68435262.0
2022-04-04,21.36044177774206,22.3271859258202,21.2131274705707,22.271942138671875,59785082.0
2022-04-05,22.37322086314945,22.769124809353126,21.94048772806828,22.189077377319336,50932126.0
2022-04-06,22.124629778535486,22.8243671896671,22.07859329030958,22.16145896911621,45756739.0
2022-04-07,22.281152893145023,22.364018586722988,21.89445615734608,21.949697494506836,35312249.0
2022-04-08,22.115422891013903,22.575777947580296,22.097008295382047,22.483707427978516,33703439.0
2022-04-11,22.483708719481335,22.7230911007735,22.152253354741067,22.713886260986328,37257171.0
2022-04-12,22.74150293674306,23.422828180203286,22.60339593689413,23.321550369262695,49735322.0
2022-04-13,23.66221467272461,24.30671077308242,23.56093439602844,23.58855628967285,51252012.0
2022-04-14,23.846354387194648,24.06732460694722,23.422828542428448,23.864768981933594,31662113.0
2022-04-15,23.892388246577763,24.20542897925464,23.846354218613214,23.910802841186523,18955797.0
2022-04-18,23.947631176602574,24.14097949598644,23.1005795232582,23.155820846557617,49613830.0
2022-04-19,23.22948303819238,23.735872162275097,23.22027573970382,23.55173110961914,60254236.0
2022-04-20,23.61617647334832,23.846353986603653,23.293928446502328,23.432035446166992,42477603.0
2022-04-21,23.432038469367566,23.827942466454143,23.432038469367566,23.708250045776367,29695939.0
2022-04-22,23.809525530246702,24.08573953807378,23.072958940303508,23.38599967956543,48279427.0
2022-04-25,23.20185783710562,24.058116806087643,22.944058433270406,23.883180618286133,38458084.0
2022-04-26,23.846355710710796,23.846355710710796,22.327185980234518,22.557363510131836,51894465.0
2022-04-27,22.557363338889274,22.759918973607423,22.152252069452974,22.603397369384766,36291829.0
2022-04-28,22.658642455266946,22.93485402974757,21.91286849975586,21.91286849975586,29196027.0
2022-04-29,22.032560183332176,22.143045301143854,21.452512700181487,21.562997817993164,42377762.0
2022-05-05,22.410049529310022,23.017718905494046,22.327186305735058,22.584985733032227,40530483.0
2022-05-06,22.40083912297499,23.496482849121094,22.327183207635176,23.496482849121094,55191990.0
2022-05-09,23.192652650658705,23.33075966232201,22.382430093823398,22.584985733032227,59955476.0
2022-05-10,22.69546831836114,23.14661357795747,22.69546831836114,23.04533576965332,9994964.0
2022-05-11,22.69547421712878,23.20186339026484,22.428467452211095,23.183448791503906,54670539.0
2022-05-12,22.925646722817095,23.459660192016575,22.55736462364762,23.229482650756836,56208313.0
2022-05-13,23.39520795127701,23.745077895100323,23.257100941612475,23.58855628967285,34650042.0
2022-05-16,23.662215858651837,24.12256848301019,23.625386665280114,23.634593963623047,32115587.0
2022-05-17,23.800316909503998,23.993667687656043,23.514898078604915,23.662212371826172,25712911.0
2022-05-18,23.662214470021574,23.827940913353306,23.10978889465332,23.10978889465332,21854903.0
2022-05-20,22.99009781555989,23.284723986663355,22.833576202392578,22.833576202392578,16903026.0
2022-05-23,23.01771845195347,23.045337886895883,22.2811493766342,22.888818740844727,23332358.0
2022-05-24,22.898023545026785,23.091371861355046,22.465290428217227,22.502117156982422,16719290.0
2022-05-25,22.566567098744354,23.045334217047483,22.566567098744354,22.96247100830078,17288446.0
2022-05-26,22.96247617377315,23.75428662956306,22.778335122122535,23.487279891967773,26990397.0
2022-05-27,23.43203627229634,23.58855541335157,23.03613231233113,23.05454444885254,20264888.0
2022-05-30,23.349175518735926,24.021291100188606,23.349175518735926,23.846357345581055,28965237.0
2022-05-31,24.67499356108633,25.7798447529432,24.63816682706282,24.96041488647461,81185468.0
2022-06-01,25.227418119494548,25.549666165653342,24.905170073335754,24.988033294677734,30068003.0
2022-06-02,25.043276725074413,25.107725349966497,24.70261408822782,24.95120620727539,24242435.0
2022-06-03,25.04327439890409,25.45759291979401,25.015652508562834,25.255037307739258,27913396.0
2022-06-06,25.4115618937547,26.194165078276182,25.4115618937547,25.917953491210938,25767525.0
2022-06-07,26.010020085622042,26.37830214599795,25.650942864053896,26.369094848632812,21617638.0
2022-06-08,26.52561813371615,27.124077749199394,24.859134082910714,24.969621658325195,29989519.0
2022-06-09,25.015654454532772,25.6601505279541,24.905169343130332,25.6601505279541,26439063.0
2022-06-10,25.41155727816852,25.733805300492527,24.72102720664982,24.767061233520508,18078522.0
2022-06-13,24.711822582788862,25.21821168448933,24.628959358611976,25.00644874572754,17705646.0
2022-06-14,25.16297039651994,25.19979713035021,24.306711341963233,24.895963668823242,18133563.0
2022-06-15,24.89596060242944,25.006445707427122,24.546090693510568,24.619749069213867,13421989.0
2022-06-16,24.656575884066346,24.886753391823337,24.00287500733209,24.288293838500977,16000614.0
2022-06-17,24.297502056177937,25.034068633775963,24.242258272115468,24.711820602416992,20792576.0
2022-06-20,24.803891152491765,24.932790856929724,23.671420621735294,23.97525405883789,33727505.0
2022-06-21,24.177811038913546,24.76706335143696,23.99366999856967,24.610544204711914,22493016.0
2022-06-22,24.389574363995518,24.62895919541592,24.0673263089473,24.53688621520996,19156396.0
2022-06-23,24.54609489440918,25.080105916864152,24.39878303490568,24.54609489440918,24467625.0
2022-06-24,24.63816629558756,24.886755964474787,24.35274497635616,24.573715209960938,17393915.0
2022-06-27,23.901599838662523,25.1629727518827,23.800322008673493,25.107728958129883,23401896.0
2022-06-28,25.310282174334073,25.678566721453947,24.297503972230153,24.601337432861328,28773374.0
2022-06-29,24.463231121060826,24.997242131617664,23.975256602171665,24.150190353393555,24569797.0
2022-06-30,24.159394823548745,24.555298771314376,23.69903979499323,24.35274314880371,30546852.0
2022-07-01,24.352744742952154,25.22741837104147,24.251466925067103,24.72102928161621,27957937.0
2022-07-04,24.859132205080375,25.29186780042614,24.343535851548015,24.35274314880371,26267381.0
2022-07-05,24.41719285437619,24.54609009158156,23.312341831492958,23.496482849121094,18210318.0
2022-07-06,23.496488852059503,23.551732646596083,22.336396210927507,22.538951873779297,35039137.0
2022-07-07,22.649434228276508,22.74150474932839,21.940489495186746,22.52053451538086,36190679.0
2022-07-08,22.437672362115453,22.677057203398704,22.30877264307388,22.382431030273438,6827471.0
2022-07-13,22.087802434594575,22.087802434594575,21.268372544125025,21.470928192138672,23382618.0
2022-07-14,21.480134441369184,21.66427548355867,20.96453804810411,20.973745346069336,18472391.0
2022-07-18,21.544580758525974,22.419254302978516,21.470924841259183,22.419254302978516,25911025.0
2022-07-19,22.281149685511448,23.0545455043278,22.152252431173334,22.52053451538086,27700183.0
2022-07-20,22.529739987575272,23.432035446166992,22.33639166317914,23.432035446166992,24611972.0
2022-07-21,23.478070875416442,23.570141394504077,22.861196676539045,22.934852600097656,22405544.0
2022-07-22,23.201860225427858,23.41362316517734,22.713885717614623,22.842782974243164,18294633.0
2022-07-25,22.787539098859753,23.3215500376508,22.75991720757126,23.293928146362305,12746027.0
2022-07-26,23.579348757456188,24.37115915749087,23.57014145966622,23.735870361328125,21295512.0
2022-07-27,23.88318432895628,23.98446461363653,23.505694920287986,23.69904327392578,18598195.0
2022-07-28,23.938424798157097,24.242258234355326,23.662213253947083,23.68983268737793,24773413.0
2022-07-29,23.708247318965096,24.711820602416992,23.57014031736629,24.711820602416992,33813339.0
2022-08-01,24.73944340028538,25.319488402835518,24.582921798268032,25.135347366333008,29951957.0
2022-08-02,25.181380408183266,25.393145787977186,24.721027834989027,24.932790756225586,27348475.0
2022-08-03,25.135347366333008,25.301073807473774,24.9972403596774,25.135347366333008,18688362.0
2022-08-04,25.319489547053116,25.494423293780216,24.895963668823242,24.895963668823242,24988166.0
2022-08-05,24.99723874354584,25.07089712023062,24.463227805367694,24.767061233520508,23502031.0
2022-08-08,24.960415349025936,25.310282850799496,24.92358615576235,25.18138313293457,26537203.0
2022-08-09,25.24583180870521,26.240197804783783,25.172173429216684,26.212575912475586,46803043.0
2022-08-10,26.24019800025719,26.44275362824477,26.046847211216857,26.17574691772461,23602719.0
2022-08-11,26.43354729317603,27.464740065668586,26.42433999533614,26.884695053100586,41745221.0
2022-08-12,27.12407773832485,27.252977451032535,26.81103698378192,27.032007217407227,25365039.0
2022-08-15,27.252976234385063,27.345046751192406,26.065261896311245,26.470373153686523,27123292.0
2022-08-16,27.621262122819804,27.805403165518776,26.562447439464414,27.6120548248291,111099205.0
2022-08-17,27.74095453328792,28.238136331911168,27.400291883364144,28.12765121459961,53171174.0
2022-08-18,28.164480327708745,30.420216699012872,28.053995210706493,30.291316986083984,68942468.0
2022-08-19,30.300520855637853,31.331713525277635,30.015099568184663,30.097965240478516,62908321.0
2022-08-22,29.490302209553754,30.51229025822424,29.195676021064063,29.757308959960938,45834859.0
2022-08-23,29.757304307318986,31.432993104572873,29.729682414997466,31.386959075927734,45030370.0
2022-08-24,31.5342723056978,32.18797570139917,31.1015391411788,31.396167755126953,41891766.0
2022-08-25,31.626342946261655,32.390531460469816,31.451409203640488,32.09590530395508,33600728.0
2022-08-26,32.21559452911293,32.56546443828226,31.331713688498716,31.64475440979004,35029974.0
2022-08-29,31.488236055786576,33.4861728349047,31.350129056391783,33.246788024902344,43688841.0
2022-08-31,33.421724944964396,33.513795460391336,32.593085389007136,33.08106231689453,38737804.0
2022-09-01,32.8140582109753,32.8140582109753,31.202817916870117,31.202817916870117,45936590.0
2022-09-02,31.41457986879652,31.91176162039645,30.991051577028113,31.00946617126465,34763365.0
2022-09-05,31.119953326328474,31.561893782863017,30.806912579376085,31.07391929626465,50828694.0
2022-09-06,31.30409127003476,31.976209186137986,30.843738722104057,30.917394638061523,54133198.0
2022-09-07,30.90819224934028,31.37775462720711,30.226869386788696,31.184406280517578,42174503.0
2022-09-08,31.423787212503466,31.920971462296894,30.77008627489369,30.8897762298584,40879244.0
2022-09-09,31.165992679437657,31.515862649443875,30.797708112290426,30.871366500854492,30932692.0
2022-09-12,31.037092208862305,31.479032695348735,30.724051440694023,31.037092208862305,49331667.0
2022-09-13,31.506653640975486,31.90255762379044,30.254488147477343,30.328144073486328,58902452.0
2022-09-14,30.33735031135037,31.396167425473706,29.214087030098643,31.368545532226562,35303170.0
2022-09-15,31.442201982985686,32.169561307456924,30.843742370605465,30.84374237060547,35540736.0
2022-09-16,30.935813834065833,31.580309955608868,30.64118766784668,30.64118766784668,29757658.0
2022-09-19,30.7516698743615,30.954225498108713,28.68007469177246,28.68007469177246,23848608.0
2022-09-20,28.772146409482126,29.536334908424436,27.823816873716293,28.2197208404541,40426358.0
2022-09-21,28.449901350887234,29.361401791505173,28.035582745282923,28.201309204101562,32872175.0
2022-09-22,28.201308230797984,29.65602940809592,28.063203672734726,29.315366744995117,37450805.0
2022-09-23,29.324573574779276,29.435058694599086,28.219722376581185,28.30258560180664,25362323.0
2022-09-26,28.284174935557914,28.376245463771802,26.93993883138506,27.685712814331055,34408024.0
2022-09-27,27.869853000120415,28.081613468726083,27.08724991595171,27.160905838012695,31500266.0
2022-09-28,27.022799551746363,27.814609954555387,26.95835092554827,27.114870071411133,35968149.0
2022-09-29,27.262186752498813,27.952719397965044,26.359893614349883,27.206945419311523,43228346.0
2022-09-30,27.30821904515438,27.538396558237935,26.461164911926257,26.66372299194336,35662172.0
2022-10-03,27.243772612784056,29.324575424194336,27.216153175005424,29.324575424194336,51585086.0
2022-10-04,30.10717558087412,31.414582373208685,29.996690465204193,30.8897762298584,44222388.0
2022-10-05,30.889777805466718,31.709210146214787,30.29131816588726,31.2580623626709,57365693.0
2022-10-06,31.856522613220996,32.54705524926332,31.801281280787602,31.948593139648438,38147249.0
2022-10-07,31.94859193154078,32.24322055523668,31.663173064552804,31.89335060119629,23415455.0
2022-10-10,32.13273847308981,32.40895006803421,31.72762715041489,31.764453887939453,21046151.0
2022-10-11,31.76444786666037,32.07748859834705,31.35933662077847,31.626340866088867,22671551.0
2022-10-12,31.635552386962956,31.727625372008003,30.84374438403698,31.02788543701172,26265155.0
2022-10-13,31.02788725999921,31.175201586168793,30.236076751994162,30.438634872436523,30895221.0
2022-10-14,30.945022478528614,31.248855956150315,30.61356710515284,30.760881423950195,35933828.0
2022-10-17,31.62634372987439,33.65190505981445,31.58951699599603,33.65190505981445,72402547.0
2022-10-18,33.88207826096126,34.41609168748598,32.55625936792097,33.03502655029297,67328023.0
2022-10-19,33.099473788409014,33.817625707819914,32.749603895954614,33.1455078125,70518525.0
2022-10-20,33.329659659589694,34.25036741689293,33.09027480678121,33.90049743652344,78989778.0
2022-10-21,34.066219461535056,35.32758964504079,34.03859757059653,34.9869270324707,61823573.0
2022-10-24,35.49331990267334,35.74191203082439,34.756753274750565,35.097415924072266,48782433.0
2022-10-25,35.00534491357502,35.392041588797795,34.48054122924805,34.48054122924805,39142355.0
2022-10-26,34.69230368589076,35.00534443261708,33.697937659406136,33.87287139892578,51652629.0
2022-10-27,34.11226123890819,34.70151608670179,33.633493979973856,34.32402420043945,51873514.0
2022-10-28,34.25036220934457,34.32401813033375,33.3112399971424,33.661109924316406,24222093.0
2022-10-31,34.066222187948924,35.04217361886972,33.79921547128836,34.894859313964844,43560636.0
2022-11-01,35.180276809628566,36.06415768782724,35.12503548401983,35.90763854980469,44915388.0
2022-11-02,36.137814876136055,36.78231096267665,35.99971032798983,36.36799240112305,48362440.0
2022-11-03,38.209412918029116,38.46721235479513,36.975664441431746,37.518882751464844,91809046.0
2022-11-04,37.69381843939621,39.90351852789546,37.57412601321747,39.42475128173828,70644385.0
2022-11-07,39.839064751367914,41.63444599514605,39.14853463847976,41.24774932861328,86237179.0
2022-11-08,41.477928466330496,42.26053163242962,40.492772107997794,40.69532775878906,73832654.0
2022-11-09,40.704532295675264,41.05440224083081,39.5720616960749,39.64571762084961,42433461.0
2022-11-10,39.65492551895707,40.39149215352495,39.30505556850612,39.93113708496094,48013455.0
2022-11-11,40.557221555737485,40.76898450933323,39.22219520163472,39.618099212646484,57763713.0
2022-11-14,39.59047663806126,39.99558794085779,39.25902126525746,39.55364990234375,35798518.0
2022-11-15,40.51118722343235,40.81502070350689,39.78382783927373,40.281009674072266,57321404.0
2022-11-16,40.30863122348459,40.60325740236697,39.378713735380444,39.44316482543945,51238026.0
2022-11-17,39.654926923208514,39.71937555332439,37.96082335785542,39.02884292602539,42165305.0
2022-11-18,38.7894597811227,40.14290065540706,38.77104518472089,39.18536376953125,39882150.0
2022-11-21,39.249810845707515,40.26258895872783,39.249810845707515,39.848270416259766,40565742.0
2022-11-22,40.9715359963707,43.47586690697564,40.90708737039845,43.365379333496094,68750563.0
2022-11-23,43.49428042243493,44.451814783237054,42.85898918349157,43.37458801269531,56778799.0
2022-11-24,43.577145173002776,44.09273910320694,42.398635629322506,43.061546325683594,46174429.0
2022-11-25,43.061544793421334,43.84414787587998,42.886608598392264,43.61396789550781,38850049.0
2022-11-28,43.65079156569266,44.49784316537671,43.34695816040039,43.34695816040039,47311222.0
2022-11-29,43.687626693502175,44.44261034906232,42.96947222852275,44.32291793823242,45203389.0
2022-11-30,44.65437190451204,44.88455189267843,44.14798281450702,44.3137092590332,52146423.0
2022-12-01,44.700407201036086,45.34490331876749,44.35053970633895,44.65437316894531,53905222.0
2022-12-02,44.74644979950358,45.00424433392825,43.973051444882906,44.2952995300293,39873645.0
2022-12-05,44.562304458731575,45.02265460719576,43.52190191218011,43.567935943603516,47608610.0
2022-12-06,44.09273761730215,44.90296013540102,44.09273761730215,44.41498565673828,49890218.0
2022-12-07,44.45181877362822,44.470233370403896,42.23291149186924,42.352603912353516,46394866.0
2022-12-08,42.37101800557121,42.665641716250065,39.34188571158548,40.13369369506836,84301560.0
2022-12-09,40.30862637006074,40.557216026112,39.682542434803466,40.27179718017578,65169027.0
2022-12-12,40.32703902444784,42.26973702035755,40.188934477720096,41.91065979003906,56089740.0
2022-12-13,42.58277517376708,43.64159226630106,42.54594598352184,43.37458801269531,42733600.0
2022-12-14,43.77969875891778,43.98225438578177,41.597615975009596,41.625240325927734,49779835.0
2022-12-15,42.36180606517721,43.052341107676426,40.971536058047434,42.113216400146484,41806520.0
2022-12-16,42.12241926893476,42.47229165199824,41.68047882925493,41.70810317993164,8222074.0
2022-12-19,41.85541495028362,43.3009286741813,41.85541495028362,43.181236267089844,45712030.0
2022-12-20,43.31934627337904,43.8441499663741,42.83137177236875,43.567935943603516,48623715.0
2022-12-21,44.47023064935995,44.72803007132996,43.77970052242758,43.95463180541992,41922314.0
2022-12-22,44.10194756208074,44.60833663805861,43.54951953947587,43.74287033081055,30496305.0
2022-12-23,43.76128848642101,45.47380664501839,43.29172364558048,45.20680236816406,46572519.0
2022-12-26,46.73516977957702,47.50856801162321,46.523409314558926,46.84565734863281,50482943.0
2022-12-27,46.03543597374929,47.388876766650775,46.026226217544576,46.615478515625,38107769.0
2022-12-28,46.77200354616731,47.2876024179857,45.740810719645786,46.68914031982422,46127424.0
2022-12-29,46.68913966318029,47.09425094943351,46.22878458777023,46.63389587402344,34208706.0
2022-12-30,47.140292122244105,49.88400319060601,47.140292122244105,48.78835678100586,72910957.0
2023-01-02,49.16583976272443,49.67222880289829,48.69627991040223,49.239498138427734,46616787.0
2023-01-03,49.71827512200307,50.40880528676116,48.291175842285156,48.291175842285156,60276335.0
2023-01-04,48.33720251558328,48.585792156938446,46.83644507773907,47.186317443847656,46869592.0
2023-01-05,47.38887764474981,47.5453992490962,45.390940730863235,45.99860763549805,44271297.0
2023-01-06,44.92137963795332,47.32443293771842,44.21243485716866,46.79962921142578,59133396.0
2023-01-09,47.23235461193964,47.44411999678879,45.584285230745465,46.10908889770508,47545106.0
2023-01-10,45.85129367005782,45.860498508893116,43.55872824898772,43.76128387451172,40769736.0
2023-01-11,43.963839593079996,45.40935332554267,43.439035933373965,43.54951858520508,65981097.0
2023-01-12,45.1055214596667,47.54539881215911,43.282515845400496,47.33363342285156,71934191.0
2023-01-13,47.31522245047955,48.14385964146499,46.58786308375772,46.97455978393555,48584984.0
2023-01-16,47.17710842067854,49.76430235048734,46.54182213276027,49.745887756347656,60445973.0
2023-01-17,49.81034460641228,52.78423567023992,49.497306288549865,52.443572998046875,78754634.0
2023-01-18,52.57246794743543,54.61644389063616,52.48039988269307,53.95353317260742,62191143.0
2023-01-19,53.91670197980872,54.66247589528695,53.26300104277256,53.778594970703125,45620820.0
2023-01-20,54.045608442689435,55.38063981347612,53.879881970366455,54.84662628173828,42360416.0
2023-01-23,55.334592014248265,57.82050837025583,55.334592014248265,56.11719512939453,63335881.0
2023-01-24,56.30134017614492,57.69161030299941,55.794951046113866,57.27729415893555,68266625.0
2023-01-25,58.00464953809552,58.36372678293203,55.29776785983042,57.72843551635742,75848633.0
2023-01-26,57.83891853139795,57.866537964547994,56.439438854245616,56.64199447631836,39347098.0
2023-01-27,56.34737300504164,58.63993847680532,55.233312122910576,58.4373779296875,90851495.0
2023-01-30,58.446592256925136,58.87932298500608,55.62001805485753,55.638427734375,52877587.0
2023-01-31,55.54635937576807,56.301338165272426,54.22974768471176,54.45071792602539,62122389.0
2023-02-01,54.60722369146601,55.371412084846284,51.80826950073242,51.80826950073242,51911083.0
2023-02-02,51.835904287523434,53.34586678551721,47.33363622982229,50.795501708984375,98560889.0
2023-02-03,50.91519289644507,55.19649060899656,50.666603224590865,55.15045166015625,49809802.0
2023-02-06,53.4010977538126,54.966303809805055,51.46760965539175,53.29981994628906,14828387.0
2023-02-07,53.08806546613952,53.08806546613952,47.97813065475941,48.12544250488281,43691403.0
2023-02-15,52.931541442871094,52.931541442871094,52.931541442871094,52.931541442871094,4078655.0
2023-02-16,58.21641613675804,58.21641613675804,56.39341520268181,58.04148483276367,76330240.0
2023-02-17,57.083937740860684,58.56628070810437,56.347373593921276,57.45222473144531,45569874.0
2023-02-20,57.46143301513749,57.95861728610602,56.05274834498933,56.74327850341797,40041771.0
2023-02-21,56.52230199488024,57.0747299940563,55.610801696777344,55.610801696777344,42239120.0
2023-02-22,55.56477312078162,55.73970932663264,53.95353282696075,54.04560089111328,33442955.0
2023-02-23,54.13766830896595,55.003134575482626,53.5760354737367,53.99956130981445,27232919.0
2023-02-24,54.04560112259125,55.546358762433805,53.86146007638235,55.20569610595703,45434221.0
2023-02-27,55.2056940020981,55.5003226150733,53.4195175628462,55.242523193359375,39993289.0
2023-02-28,55.49111592549351,56.44865528274642,54.248157695864144,54.607234954833984,40042604.0
2023-03-01,54.78216918033464,55.629220927018956,54.78216918033464,55.2241096496582,30954581.0
2023-03-02,55.33459393338906,56.44865489596175,55.260940464415604,55.481910705566406,27837537.0
2023-03-03,55.481911119150524,56.77090338261964,54.20212369545349,56.20927047729492,51836533.0
2023-03-06,56.62357969587724,58.41896577260002,56.08036145353629,57.30490493774414,52609060.0
2023-03-07,57.63636782782044,59.56985615830213,57.61795323177742,59.46857833862305,50956640.0
2023-03-08,59.38571311383124,59.744785431782596,58.879319115384966,59.29364013671875,31414978.0
2023-03-09,59.4041240037963,59.81844503358093,58.787252254462665,58.83328628540039,28925204.0
2023-03-10,59.647229355933405,60.37076474048401,57.68476090799245,57.90281295776367,33436466.0
2023-03-13,57.912722918080384,58.210068551818885,56.36653515057377,56.891841888427734,25078431.0
2023-03-14,56.93149185189985,57.09998807329626,55.02848815917969,55.02848815917969,25728395.0
2023-03-15,55.10778196023438,58.39838634962015,55.10778196023438,56.188133239746094,56478065.0
2023-03-16,56.62423355089617,57.23874291540321,55.603352529233,57.01077651977539,34472452.0
2023-03-17,57.40724437304218,57.585649650876526,55.03839874267578,55.03839874267578,29157786.0
2023-03-20,54.99875494858902,55.00866399992349,52.729026396846564,52.85787582397461,30969911.0
2023-03-21,52.87769554061565,53.71025694005293,52.08477563705458,52.63982009887695,29028265.0
2023-03-22,52.82814450924073,54.562651993690984,52.53079885667875,54.364418029785156,25999036.0
2023-03-23,54.186012268066406,54.65185413910887,53.55167946916501,54.186012268066406,18509127.0
2023-03-24,54.186016411168026,54.513094533733465,52.68938428913932,52.90743637084961,20348790.0
2023-03-27,53.204776970408055,53.37327318838096,51.92619705200195,51.92619705200195,16438562.0
2023-03-28,52.03522445742183,52.451505194421856,50.786376953125,50.786376953125,28563766.0
2023-03-29,50.79629406798245,53.48230354853987,50.270987268995945,53.175048828125,34133624.0
2023-03-30,53.22460381110243,54.53291626129483,52.62991248407173,53.42283248901367,28261464.0
2023-03-31,53.40300195276494,54.14636071888116,52.312741723354975,52.54070281982422,32859988.0
2023-04-03,53.7697230631138,56.42599421751361,52.87769154728414,55.94033432006836,50744176.0
2023-04-04,55.15734423808248,58.38352958236565,55.08796498952424,56.926544189453125,35895268.0
2023-04-05,57.030600638482206,58.17537656997691,54.983884043761705,55.122642517089844,26692146.0
2023-04-06,55.1226458096145,55.7470695634814,53.56158907159563,53.839111328125,24185354.0
2023-04-07,53.8738096578768,54.46354121105679,53.07593506555216,53.249385833740234,18275008.0
2023-04-10,53.42283288896307,54.77574666948165,53.42283288896307,54.67168045043945,16039443.0
2023-04-11,54.94919800451763,55.50424254730955,53.804427236617016,54.32477951049805,18006892.0
2023-04-12,54.324776041552056,54.879815255604505,54.186012268066406,54.186012268066406,16920172.0
2023-04-13,54.25539071599899,54.91450672051472,53.908489227294915,53.90848922729492,17674460.0
2023-04-14,53.97787372168957,54.567605193412184,53.075927734375,53.075927734375,13492347.0
2023-04-17,53.214687019918095,53.31875852669459,51.5842510580754,51.72301483154297,16172324.0
2023-04-18,51.79239418584702,52.624955655301605,50.78637667585127,50.9598274230957,16762848.0
2023-04-19,51.02921482403263,52.590271636950455,50.99452255531564,52.27805709838867,18707484.0
2023-04-20,52.24337432615048,52.24337432615048,51.16797742896843,51.27204895019531,5580274.0
2023-04-24,51.58425217768713,52.06991745541966,50.47416843233635,51.029212951660156,14288174.0
2023-04-25,51.063899189550284,51.37611371215462,49.60691396395365,49.95381546020508,14432177.0
2023-04-26,49.572225941768686,50.612930519636166,47.698959818926106,48.149932861328125,21731908.0
2023-04-27,48.149927981729476,48.70496719103182,47.664262718631164,48.04585647583008,17667393.0
2023-04-28,48.531522470388836,49.22532553811875,45.44410093630963,45.9991455078125,24593721.0
2023-05-02,46.06852215273913,47.00515518258887,44.958438365758056,45.34002685546875,24235106.0
2023-05-04,47.66426555338762,48.739662356144485,45.7909995089756,46.31135177612305,32156506.0
2023-05-05,46.415422803702896,46.65825280051085,44.368703378291315,45.02781677246094,19559518.0
2023-05-08,45.201267998201224,46.86639631173246,44.47277270687599,46.31135177612305,19428323.0
2023-05-09,46.311347165668096,46.762320144292694,44.95843352309076,45.2359504699707,22387077.0
2023-05-10,45.30534151973776,46.10321079678117,44.88905545291849,45.097198486328125,19602729.0
2023-05-11,45.02781923962399,49.60691833496094,44.993126969623304,49.60691833496094,54579075.0
2023-05-12,49.780361981459066,52.173980056977186,48.358063807527365,49.260009765625,44790062.0
2023-05-15,45.097196946055426,47.907101334628464,44.33401467178159,44.542152404785156,34856015.0
2023-05-16,44.611531782318266,46.207275390625,44.542147252712226,46.207275390625,24036918.0
2023-05-17,46.27665305521505,47.664258907464934,46.10320232368382,47.24797821044922,21785090.0
2023-05-18,47.24798085310044,47.490810832166765,45.166571958309255,45.47878646850586,14905194.0
2023-05-22,45.65224425332053,45.79100275039673,43.91773392673258,44.40339660644531,17265883.0
2023-05-23,44.40339354546229,45.58285656919484,43.848351655473714,45.51347732543945,16368602.0
2023-05-24,45.65223722776773,46.24196868953216,44.36870015415064,44.680912017822266,13361003.0
2023-05-25,44.750295653955504,45.097197170652834,44.125871865240896,44.334014892578125,11457931.0
2023-05-26,44.438084503171034,45.99914126145624,44.05649073382702,45.582855224609375,18080595.0
2023-05-29,46.1032047399636,48.08054741768968,45.8256877896059,47.317359924316406,21289628.0
2023-05-30,47.94178848882857,49.01718530656138,47.80302999964237,48.21931076049805,28196381.0
2023-05-31,48.35806431056699,48.774350322201784,46.484798431396484,46.484798431396484,31127796.0
2023-06-01,46.97045891463336,47.698954149877395,46.727628933984214,46.93577194213867,17736087.0
2023-06-02,48.14993256937263,48.63559258544712,47.42143725196372,48.32338333129883,27153678.0
2023-06-05,49.26001008416026,51.54956196595391,48.947800869959536,50.71699523925781,47679035.0
2023-06-06,50.821070214053954,51.514873220389156,49.84974494652529,50.85576248168945,33641827.0
2023-06-07,52.03521987728742,54.39415090371704,51.86176914436312,53.73503494262695,47024991.0
2023-06-08,53.665659174785404,54.60229213442149,52.52088320487613,53.873802185058594,34930410.0
2023-06-09,54.11663493494834,54.394157198402326,53.11062268488665,53.76973342895508,27757915.0
2023-06-12,54.186012032077684,54.879815016594165,53.388137541224395,53.561588287353516,32632096.0
2023-06-13,53.76973358360497,53.94318433710047,51.098593038433656,51.34142303466797,27849750.0
2023-06-14,51.34142144521077,52.03522443771362,49.676293204544585,49.95381546020508,24676185.0
2023-06-15,50.40478333276636,51.61893844604492,50.09256884194557,51.61893844604492,24290237.0
2023-06-16,51.79239187111406,52.59026633143878,50.682308197021484,50.682308197021484,24600226.0
2023-06-19,50.68231208252808,51.48018131072411,49.81505831857857,49.884437561035156,25297180.0
2023-06-20,49.815055884692775,51.44549182259792,49.53753363512886,50.64761734008789,25854650.0
2023-06-21,50.8557559621485,51.54955887954045,49.849738555952456,50.19664001464844,20621862.0
2023-06-22,50.1966469316424,52.38212748124098,49.67629467189497,52.13929748535156,38448602.0
2023-06-23,52.520890490031356,53.52690812150064,52.104609705039444,53.249385833740234,32464682.0
2023-06-26,54.04726154106129,55.469554693567055,53.9084977476697,54.81044387817383,36874265.0
2023-06-27,54.914506071642755,55.26140755624783,54.60229155952024,55.018577575683594,10089056.0
2023-07-03,55.92052089065991,59.18139817534521,55.92052089065991,58.9732551574707,51176803.0
2023-07-04,59.28546165177665,59.45891239422573,57.93254797799246,58.279449462890625,32417899.0
2023-07-05,58.2794499805998,59.18139596666583,56.61432177963763,58.73042297363281,43069567.0
2023-07-06,58.76510387537364,61.64438698680348,58.76510387537364,61.08934783935547,54867579.0
2023-07-07,61.08936360339727,63.34422362417812,60.8118413114109,62.99732208251953,40854540.0
2023-07-10,63.482974718099996,64.9399599644462,62.164747954911775,62.8238639831543,36853865.0
2023-07-11,63.34421488290725,63.86456712358843,61.921916641060015,62.89324188232422,29800044.0
2023-07-12,62.96262253452027,63.30952403608788,62.095368780601255,62.858551025390625,27083174.0
2023-07-13,62.719798055942356,63.89926114764313,61.60971421199503,61.783164978027344,38672230.0
2023-07-14,62.16474643636325,62.33819718272213,60.63838198572379,61.470943450927734,27105489.0
2023-07-17,62.095365549193204,63.51766374892352,62.02598631114951,62.51164627075195,32762485.0
2023-07-18,62.511651628722056,62.82386616662392,59.90989027935823,60.01396179199219,29876602.0
2023-07-19,60.01396351963727,62.060680389404304,58.97325894993258,62.0606803894043,23650124.0
2023-07-20,62.442278600001075,63.13608169555664,61.470953207563774,63.13608169555664,41038751.0
2023-07-21,63.48297635029638,64.6624393673547,62.61572257501911,63.413597106933594,51285128.0
2023-07-24,63.93395404323131,65.73784096894391,62.99732095615913,63.72581100463867,60367038.0
2023-07-25,63.82986441475562,65.42561314244286,63.482962977718906,64.83587646484375,59726188.0
2023-07-26,65.07872830776198,65.42562983329738,63.691122205620324,64.73182678222656,41484868.0
2023-07-27,65.35623785798914,66.98667907714844,65.07872090377163,66.98667907714844,52207421.0
2023-07-28,67.50703507668834,69.03339958332243,66.95199055065945,68.61711883544922,44496689.0
2023-07-31,69.38029616659823,72.64116796910974,69.38029616659823,71.73922729492188,43985321.0
2023-08-01,71.80860621284248,72.29426616652862,69.79657657430643,70.28224182128906,40853336.0
2023-08-02,70.2822488765125,71.5310911513393,70.21286433905237,70.629150390625,26418797.0
2023-08-03,70.83728830870966,71.39233285006272,68.79057148740225,69.03340148925781,28619083.0
2023-08-04,69.31092408593851,72.29427395317649,68.51304953897709,71.94737243652344,39049860.0
2023-08-07,72.22489929199219,73.89002773625747,71.80861850425022,72.22489929199219,32819785.0
2023-08-08,72.57179569367682,72.64117493783992,70.2822488765125,70.629150390625,23349453.0
2023-08-09,70.83727279753059,74.51443016889209,70.07409069025628,74.23690795898438,53730094.0
2023-08-10,74.2369205027305,75.83266950936024,71.87798925987222,72.71055603027344,52384327.0
2023-08-11,72.77993362031033,77.22027374850795,71.39232766107962,77.01213073730469,51199402.0
2023-08-14,77.35902796206267,80.82804266888162,77.35902796206267,79.78733825683594,58652057.0
2023-08-15,79.78734396838016,80.34238847852237,77.63655575484839,79.37106323242188,39734811.0
2023-08-16,79.371065555079,84.15830739193153,78.67726254374666,82.7013168334961,72191107.0
2023-08-17,82.70131505112641,85.5459115709201,82.00751205474684,85.3377685546875,50374779.0
2023-08-18,87.00289239493513,92.27579384150467,86.37846867118294,88.11297607421875,95839026.0
2023-08-21,88.39051138051506,96.92428588867188,88.39051138051506,96.92428588867188,80568342.0
2023-08-22,97.54871060767398,103.72355336251019,96.4386215209961,96.4386215209961,95811624.0
2023-08-23,96.99365317673804,97.06302711881632,89.50057930375618,89.84748077392578,76481555.0
2023-08-24,90.68004491339313,94.01030124454047,87.3497938755423,88.11297607421875,69071856.0
2023-08-25,88.4598854150665,92.83084657642388,86.03157483504506,92.6227035522461,52466685.0
2023-08-28,94.14907041233991,101.85028839111328,94.14907041233991,101.85028839111328,68558919.0
2023-08-29,101.29523643558544,102.61345788058922,97.687463008623,98.65878295898438,55032530.0
2023-08-31,99.2138361848487,101.01772835012008,97.89561462402344,97.89561462402344,48244819.0
2023-09-01,99.3525853916246,100.32391592313735,98.10373790059015,99.00568389892578,45083407.0
2023-09-04,100.04638350820649,103.4460243231655,99.56072355938174,100.53204345703125,58183792.0
2023-09-05,100.60144080177244,101.85028839111328,98.72817471105829,101.85028839111328,31437636.0
2023-09-06,102.8216013716034,103.09912892056066,99.49134489027104,99.90763092041016,31593002.0
2023-09-07,99.90762489471382,100.87894479099751,99.07506347124311,100.4626693725586,25815979.0
2023-09-08,100.46267813322991,101.57275659912901,99.7688751220703,99.76887512207031,23310400.0
2023-09-11,100.11578360731902,100.67082817226094,96.50800981508837,97.27118682861328,22964980.0
2023-09-12,97.34055887133687,100.53204618344714,96.71612984597671,98.79753875732422,34950970.0
2023-09-13,99.14444677685783,100.46267885954784,97.1324222645861,97.82622528076172,26298160.0
2023-09-14,97.8956059335689,100.25453186035156,95.32852640627821,100.25453186035156,39172204.0
2023-09-15,100.25452746603598,100.67081347561866,97.61807410739601,98.1731185913086,29482476.0
2023-09-18,97.82622040566123,98.93630941085927,94.56534850945786,96.09171295166016,31212147.0
2023-09-19,96.09170880121513,101.22584640866457,95.39790584958182,100.53204345703125,44903775.0
2023-09-20,100.60143169121913,100.94833317980955,96.85489984908001,98.03436279296875,27668323.0
2023-09-21,97.4793332714585,102.54409790039062,96.2304856033308,102.54409790039062,52219463.0
2023-09-22,102.6828441510321,108.85768662547699,102.33594265052186,106.91504669189453,64996210.0
2023-09-25,109.1352113318624,116.07324116114044,109.1352113318624,115.17129516601562,60010491.0
2023-09-26,115.86509921944594,120.86047862536086,115.65695620532586,117.73836517333984,63037486.0
2023-09-27,117.87713056273786,119.403505698018,112.67360783772129,113.57555389404297,51753807.0
2023-09-28,113.64492530420226,115.93447715605512,112.18793487486148,113.78368377685547,39184217.0
2023-09-29,120.77415569806062,123.21866496270465,117.71851620317068,121.461669921875,41367361.0
2023-10-02,121.53807271654001,123.06589255379966,119.62829791996548,120.16303253173828,31791261.0
2023-10-03,120.23940775595274,120.62136268739648,117.71851453349565,118.4060287475586,30047777.0
2023-10-04,118.32964499650002,118.32964499650002,112.4475407921027,112.90589141845703,46176335.0
2023-10-05,113.13505867420369,116.57265315801534,110.84332901832926,115.42678833007812,47961896.0
2023-10-06,113.82257586960378,115.19761603016903,112.60031535880353,112.8294906616211,27834386.0
2023-10-09,112.29475504122968,115.57956993492822,110.76693524475037,112.98226928710938,48135325.0
2023-10-11,112.9058946122438,113.66980457354944,110.07943008668107,110.30859375,26379361.0
2023-10-12,111.2252913790241,113.97536015568237,108.47521094602526,112.44754028320312,44457729.0
2023-10-13,111.98919167008836,113.66979105380418,110.84332686441763,111.91279602050781,31513127.0
2023-10-16,112.90587449975783,114.58647378398855,107.32933044433594,107.32933044433594,34579843.0
2023-10-17,107.71130454409716,110.4613850673339,105.41957466018019,110.30859375,31082165.0
2023-10-18,107.63489940755159,108.3224253059906,106.25987092335343,107.86407470703125,42214291.0
2023-10-19,107.63489495201392,108.16964118077735,101.90557098388672,101.90557098388672,41332175.0
2023-10-20,101.21806127825694,101.98197117469661,98.62077229289802,98.77355194091797,38475179.0
2023-10-23,100.0721876603202,103.89173680766065,99.46105746547792,103.35700225830078,34743901.0
2023-10-24,103.50979007247591,105.11400550366277,102.44032088924457,104.65565490722656,28363006.0
2023-10-25,105.49595368559316,107.40572828774845,97.85685527697206,98.16241455078125,33509671.0
2023-10-26,101.52360871319166,105.8779039392531,99.91940511189304,103.81533813476562,54118414.0
2023-10-27,103.81534093911317,106.41264134752731,101.98196201486466,105.8779067993164,33939163.0
2023-10-30,105.7251087370346,109.54465763152773,105.19037422307319,108.01683807373047,39372877.0
2023-10-31,108.2460164526358,110.99609639831907,107.02376776503985,108.39879608154297,45641902.0
2023-11-01,109.08632275321007,111.68361143405421,107.4821074962343,110.76692199707031,47045294.0
2023-11-02,111.45444396758705,112.98226368835638,109.69746061377386,112.67670440673828,35550579.0
2023-11-03,112.67670653637131,115.50317074194795,112.06557630524509,114.28092193603516,47257789.0
2023-11-06,115.12120840685623,118.25324335490147,115.04482441808616,117.0309829711914,37485313.0
2023-11-07,116.72541499446496,117.48932476320317,113.21142539573403,113.82255554199219,29778483.0
2023-11-08,114.28092397867013,115.57956845781278,113.36422278742606,114.81565856933594,31731759.0
2023-11-09,113.74617422679867,115.88512417989422,112.98226436186023,115.04483032226562,21466260.0
2023-11-10,115.19760274922412,116.4962471070182,114.12812201148758,114.4336929321289,20933439.0
2023-11-13,114.43370405536582,115.19761394671494,112.29475402832031,112.29475402832031,24823411.0
2023-11-14,112.60030504477133,116.26707458496094,111.6836155738087,116.26707458496094,27941090.0
2023-11-15,116.87820166768408,117.64211148250554,114.96842713063042,115.88511657714844,20403402.0
2023-11-16,115.35039574821434,119.01716562644548,115.12122044526113,117.71852111816406,29474030.0
2023-11-17,117.87130023591321,118.2532551869976,116.41986442798846,117.26016998291016,22031504.0
2023-11-20,118.17684930681676,119.78106462507299,117.03098455273062,117.33655548095703,23079773.0
2023-11-21,117.71852668437619,118.94077559735274,117.41295571387656,118.02408599853516,23006287.0
2023-11-22,118.10046243599585,120.77414679697328,117.64211188300708,118.86437225341797,39783036.0
2023-11-23,118.86438168961875,119.70467556168764,114.51008605957031,114.51008605957031,30329734.0
2023-11-24,114.58648985802533,115.80875041238048,113.66980027042923,114.96844482421875,23683509.0
2023-11-27,115.19760822726396,119.55189206049992,115.19760822726396,119.16993713378906,25688361.0
2023-11-28,119.16993713378906,119.9338469872108,117.48933778752914,119.16993713378906,25674233.0
2023-11-29,119.85744765054523,120.77414877150993,118.32962799072264,118.32962799072266,25001562.0
2023-11-30,118.406034297448,118.71159359438929,115.73234965202175,116.80181884765625,18842786.0
2023-12-01,118.40604358519226,119.01717388335177,116.26709336980448,117.1073989868164,23383507.0
2023-12-04,117.41295016211306,119.78107553206279,117.18377485915985,117.71852111816406,21285003.0
2023-12-05,118.02406721535877,118.7879770355229,117.1837617506427,118.25324249267578,15225645.0
2023-12-06,118.40603110024323,118.48242675058572,114.43370206556753,114.51008605957031,17887661.0
2023-12-07,114.58647943312121,118.4060287475586,114.35730414298708,118.4060287475586,29147717.0
2023-12-08,117.94767549166008,118.1768507765954,115.88512123992061,116.57264709472656,16584412.0
2023-12-11,116.57264421866888,116.72542385274335,113.66978454589844,113.66978454589844,17300208.0
2023-12-12,113.66979416401671,114.66287935403854,111.60723978864206,112.29475402832031,31788017.0
2023-12-13,112.0655807566999,112.37115171257068,109.6210713914342,110.07942199707031,27507598.0
2023-12-14,111.4544373199162,116.41985111625571,110.69052750509472,115.88511657714844,23827358.0
2023-12-15,115.80875242960117,116.72544203316468,114.2809325382151,115.50318145751953,17694777.0
2023-12-18,114.96843654883537,115.04483219911133,111.30166680604312,111.76001739501953,13274652.0
2023-12-19,111.68362026470889,113.89896587361748,109.8502412457786,112.52392578125,20293598.0
2023-12-20,112.37114872721851,114.35730743408203,112.0655777794658,114.35730743408203,21757044.0
2023-12-21,114.35729653287801,117.41293578108498,113.36421144594301,116.49624633789062,22650699.0
2023-12-22,116.64902623817972,116.80180586967484,110.61414337158203,110.61414337158203,22843360.0
2023-12-25,110.30858030542731,111.60723640643756,105.57234145386023,106.1834716796875,25921321.0
2023-12-26,106.64182690859575,111.22528631745217,106.64182690859575,109.6210708618164,23588039.0
2023-12-27,109.5446667479933,112.60030611788254,108.47519763106773,111.6836166381836,21222616.0
2023-12-28,112.44752328629635,113.97534292783934,110.00301419109532,110.46136474609375,19442695.0
2023-12-29,110.76694035029912,111.53085028374946,109.08634082797649,109.23912048339844,17245152.0
2024-01-02,110.0030288696289,111.30167340696062,109.31551460172987,110.0030288696289,17310968.0
2024-01-03,109.85023519885146,109.9266191875708,106.94737553172264,107.32933044433594,22428898.0
2024-01-04,107.63489945184739,109.92662913490737,107.63489945184739,109.77384948730469,22304645.0
2024-01-05,110.00302225883765,110.23219755314483,108.24602721093551,109.8502426147461,10850101.0
2024-01-08,105.03760542188373,107.2529393464277,104.732046141374,106.94738006591797,37177559.0
2024-01-09,107.10016013449929,108.2460249255025,105.19038548282725,105.49595642089844,18400739.0
2024-01-10,105.57235103608019,106.94739125491147,104.88483675483486,106.71821594238281,22985945.0
2024-01-11,107.10015408224366,108.62797371724383,106.48902389697585,106.64181518554688,19507753.0
2024-01-12,106.48904062985417,108.62799078622052,106.10708566108663,106.71821594238281,20433395.0
2024-01-15,106.94738110868698,108.24602554802456,106.94738110868698,107.63489532470703,17635206.0
2024-01-16,108.01685137685996,109.92662605931038,108.01685137685996,109.39189147949219,24448071.0
2024-01-17,108.85715688182096,109.77384639797889,107.78768772235996,108.55159759521484,17272870.0
2024-01-18,109.23911221547374,109.46828750943148,106.87098693847656,106.87098693847656,14070864.0
2024-01-19,107.02378131133138,107.10016530728383,105.87791646498452,106.41265106201172,16493260.0
2024-01-22,106.9473851654525,108.78076424861001,106.48903456649316,107.86407470703125,18154034.0
2024-01-23,109.16271399046195,109.85023985611791,106.56542513711112,106.94738006591797,15544543.0
2024-01-24,107.25293196369812,109.54466137878858,106.79459307448317,108.85714721679688,14288729.0
2024-01-25,109.62105828235566,110.84331864699408,108.70436883704622,110.61414337158203,18689191.0
2024-01-26,110.9197144217859,112.90588481130493,110.15580452679241,112.75310516357422,20729612.0
2024-01-29,113.36420499181966,117.87127962012849,113.28782100876644,116.34346008300781,31073336.0
2024-01-31,115.12121375861655,117.33655935003577,114.3573038973698,114.58647918701172,24226703.0
2024-02-01,114.89204957195537,118.9407745590932,114.89204957195537,118.17686462402344,30376131.0
2024-02-02,118.63520050048828,120.46857945421877,117.41294009377522,118.63520050048828,22338762.0
2024-02-05,119.93383819820762,120.31579309692803,117.87128407638512,118.48241424560547,20771078.0
2024-02-06,118.94077559735274,119.62830153872142,117.183780400087,118.02408599853516,25400417.0
2024-02-07,118.17686668988006,120.3158168767346,117.79491171566819,117.87130737304688,35171723.0
2024-02-08,118.17685011034628,121.76722403296071,118.1004661200246,120.54497528076172,39577934.0
2024-02-09,121.15611569156384,121.3088953414169,119.32272492430664,120.46858978271484,25534052.0
2024-02-12,121.46166510501524,125.73956489074641,120.92693054588364,124.3645248413086,56442391.0
2024-02-13,124.51731620713264,126.656266301468,122.6839370727539,122.6839370727539,37133720.0
2024-02-14,122.91310965897681,125.81596987975249,122.83672565568916,125.73958587646484,38001330.0
2024-02-15,126.04513046812033,128.33686011299525,125.66317552730786,127.87850952148438,31452926.0
2024-02-16,128.0312952125392,128.87158905170108,126.57985950724994,127.57294464111328,25007370.0
2024-02-19,129.63551274723793,134.83010260080326,129.55912874806728,132.1564178466797,50102111.0
2024-02-20,132.46197668005374,134.1425878445361,129.7119079366416,130.85777282714844,30292822.0
2024-02-21,131.0869365901393,131.16332058230742,124.97565771239553,126.19790649414062,31679241.0
2024-02-22,126.88542715514437,127.57294133814369,124.8228612934685,125.28121185302734,24782609.0
2024-02-23,125.58679152933126,127.34378675136158,124.82288157682599,125.35762786865234,20211740.0
2024-02-26,125.66318108020441,126.19791568970318,122.60754141867967,122.6839370727539,22704009.0
2024-02-27,122.76031186263513,124.59370251583745,122.3019729415891,122.37835693359375,25318570.0
2024-02-28,122.4547551842363,125.58677867513103,121.30889037276124,123.37144470214844,26611541.0
2024-02-29,123.90617573351598,125.58677507760277,121.99640110243114,123.60061645507812,21883848.0
2024-03-01,123.90618642235648,126.4270914841237,123.29505615642196,125.8923568725586,23876275.0
2024-03-04,127.34377632268745,128.3368615108849,123.29505157470703,123.29505157470703,22191761.0
2024-03-05,123.29504522381359,128.03129562258616,122.45475138196049,126.12152099609375,38992216.0
2024-03-06,126.27430483305926,130.32302950709484,124.97566037513756,129.10076904296875,41546847.0
2024-03-07,129.17716679541314,130.70498657226562,128.9479914976173,130.70498657226562,21714987.0
2024-03-08,131.01055658092667,132.6147721403723,129.55913233673553,130.01747131347656,18232683.0
2024-03-11,132.4619672527194,133.45505241841542,127.57294873037847,127.8021240234375,22031483.0
2024-03-12,127.95489435773614,129.40631834761675,125.28120999802225,126.65625,23649224.0
2024-03-14,124.97564161552278,126.96180000116848,124.82285033818718,126.35066986083984,18138218.0
2024-03-15,126.6562533422796,127.42016317949921,123.14226342853375,124.51730346679688,17475663.0
2024-03-18,124.59370278253654,128.9479866516611,124.51730713402898,126.19790649414062,27551908.0
2024-03-19,125.96872293627487,132.9203068659369,125.89233894912061,132.69113159179688,29599229.0
2024-03-20,132.46196435182023,134.67730992775552,130.2466304322243,131.23971557617188,22793374.0
2024-03-21,132.92031860351562,134.60091800171742,132.08001307624488,132.92031860351562,22397041.0
2024-03-22,132.84391054047035,133.14948145653457,129.63549168799668,131.39248657226562,17238664.0
2024-03-25,131.31609379973756,134.06617382273956,129.8646697998047,129.8646697998047,24050049.0
2024-03-26,130.0938521653218,131.39249660280254,128.33685714692342,129.4063262939453,19164428.0
2024-03-27,129.5591140563661,131.163317733123,127.725723439065,129.635498046875,17248690.0
2024-03-28,130.17023650569575,135.13565063476562,129.406326639685,135.13565063476562,23371656.0
2024-03-29,135.1356557395788,137.35100142849942,133.0731013547037,135.21205139160156,17100213.0
2024-04-01,137.73295023699268,138.496860097812,132.76753614166705,136.35791015625,25052993.0
2024-04-02,136.66347810479718,138.42047322737247,132.76754456135478,134.2953643798828,23885664.0
2024-04-03,134.2790464806041,137.20169100746529,132.08706927933886,132.1682586669922,20792306.0
2024-04-04,132.2494323916229,138.74418683467889,131.7623332410503,137.93234252929688,23027062.0
2024-04-05,138.74419495150846,145.888427734375,138.66301794887784,145.888427734375,27072841.0
2024-04-08,145.8884188353503,148.8922402802118,144.26473022864022,148.64869689941406,25779239.0
2024-04-15,152.62674200339396,153.35739698341177,148.08040856308168,148.56752014160156,28306222.0
2024-04-16,148.1615964827999,153.51977424221414,147.3497521185106,151.0030517578125,29002654.0
2024-04-17,151.73369883817318,154.08805480480802,149.05462248557956,151.40896606445312,23811116.0
2024-04-18,151.81487813242268,152.87027815848893,149.62290108613763,150.92184448242188,16127772.0
2024-04-19,150.5971250881659,155.3870017396391,148.6487036270355,154.1692352294922,32120707.0
2024-04-22,155.14346945789995,157.25425746065469,152.7079362631936,153.0326690673828,20895469.0
2024-04-24,154.4939815934867,155.71174811305528,151.57133699141744,152.46437072753906,18470678.0
2024-04-25,153.03265598047133,155.9553005192878,152.54554442808146,153.92568969726562,17058025.0
2024-04-26,154.49398467663852,157.9037285219246,153.84450670902166,155.95530700683594,20163788.0
2024-04-29,156.6859574609873,159.12149047851562,155.63055734250608,159.12149047851562,18540379.0
2024-04-30,159.12148809194926,162.2876760121437,158.228454377145,158.95912170410156,19613518.0
2024-05-02,159.77097954269493,165.6162567138672,159.5274237464456,165.6162567138672,33006207.0
2024-05-03,165.61624790400109,165.69743729435282,162.12531471082517,163.4242706298828,12683448.0
2024-05-06,163.42425818350213,164.642024619463,161.47582445330826,162.7747802734375,13631366.0
2024-05-07,163.01836536417687,163.83020980086326,157.74137652571542,160.98875427246094,25356182.0
2024-05-08,161.5570355252646,161.80059132270443,156.1988575326383,156.44241333007812,17697100.0
2024-05-09,156.7671528720744,157.66017424681579,152.70793102026266,153.519775390625,22206064.0
2024-05-10,153.76331955035593,155.06227550445092,151.97726440429688,151.97726440429688,18869552.0
2024-05-13,152.46437217356475,155.1434610195774,150.02883911132812,150.02883911132812,21146141.0
2024-05-14,150.35356998216272,151.1654143258977,148.9734370753656,149.05462646484375,22560329.0
2024-05-15,149.0546401969052,149.62292881232247,147.1062061597796,147.34976196289062,19892765.0
2024-05-16,147.9180254016391,148.24277054643423,145.72604832225483,146.7814483642578,25634272.0
2024-05-17,147.51211961728643,153.519775390625,147.34975322076636,153.519775390625,55457790.0
2024-05-20,153.60094574609084,157.17306825371617,151.97725707565064,155.7929229736328,46950480.0
2024-05-21,156.19885414249114,161.55703201882332,154.73754416509342,157.9037322998047,58135963.0
2024-05-22,158.3096439777574,159.2838546939144,156.19884376961608,158.22845458984375,27933479.0
2024-05-23,151.00305374148596,157.49780874111977,151.00305374148596,156.11767578125,48582283.0
2024-05-24,156.19885380295483,157.4978097664427,153.51977725837455,154.49398803710938,15673330.0
2024-05-27,155.2246281255488,156.1176618132024,153.0326509868438,153.68212890625,15783109.0
2024-05-28,154.0068649622264,154.08805434929704,151.57133200324202,152.22080993652344,12636148.0
2024-05-29,152.22081590336998,153.3573930403438,144.6706609570105,150.84068298339844,14688899.0
2024-05-30,151.40897276894222,152.22081712695262,148.3239617309503,148.486328125,18768300.0
2024-05-31,148.89225085957773,151.24660693925,143.45289611816406,143.45289611816406,32142351.0
2024-06-03,145.32014458558655,147.10619975098544,140.936189871629,141.1797332763672,32734344.0
2024-06-04,141.42327374543612,142.31630742525508,136.876953125,136.876953125,28853214.0
2024-06-05,137.36405797575986,138.5818244691403,134.8473479887638,135.5780029296875,37923214.0
2024-06-06,136.71459223992676,138.50065983320724,132.8177490234375,132.8177490234375,28556100.0
2024-06-07,133.62958023195517,135.17207948721529,132.08706858893382,133.061279296875,23153727.0
2024-06-10,133.06128792592278,135.49682104760114,131.11286638368492,131.76234436035156,28287132.0
2024-06-11,131.9247035631597,132.33062572796945,129.651536962673,130.62574768066406,32965759.0
2024-06-12,130.70693830164467,134.603793598128,130.38220552183836,133.14247131347656,37397939.0
2024-06-13,135.17208385811256,136.633406161158,134.3602395106164,134.84735107421875,24388186.0
2024-06-14,136.9581358112997,137.20169158752807,134.8473479887638,135.5780029296875,22649101.0
2024-06-20,137.2016919256804,140.2867028607332,136.22748120612727,139.71841430664062,27520398.0
2024-06-21,139.96196849942677,140.12434728835422,138.01354690992105,138.66302490234375,16475635.0
2024-06-24,138.82538841886407,139.79959919337384,138.09473343492226,139.3125,22144247.0
2024-06-25,139.55603114006087,139.79958690922766,137.44524337872429,137.93234252929688,17193453.0
2024-06-26,137.93233669528428,139.1501031018504,134.27903747558594,134.27903747558594,18047544.0
2024-06-27,134.84734215164593,137.76997417659058,134.84734215164593,136.9581298828125,22485335.0
2024-06-28,137.4452402601947,139.06892883411842,134.1166737285468,134.3602294921875,27583986.0
2024-07-01,135.6592068477911,136.87697347160335,130.95050675816447,132.98011779785156,28407123.0
2024-07-02,133.1424616599421,134.1166723164871,130.5445624465685,131.843505859375,24181338.0
2024-07-03,133.87314430023773,137.03934507489586,133.87314430023773,136.6334228515625,26995521.0
2024-07-04,136.9581352596141,141.34210205078125,136.38984670921133,141.34210205078125,31245884.0
2024-07-05,141.42329699018492,142.55988662292782,140.12435333703107,140.77381896972656,23022004.0
2024-07-08,141.58565409351277,142.88461004906364,139.06894396280583,139.3936767578125,21244507.0
2024-07-09,139.4748703575038,139.88079255738722,136.79578136072055,137.03933715820312,22489346.0
2024-07-10,137.12050174023412,138.25709122957224,135.6591918632815,136.3898468017578,18553324.0
2024-07-11,137.2017001653423,138.90657831776798,137.12051077226977,138.5006561279297,16350083.0
2024-07-12,139.0689559329889,139.2313223444677,136.5522331978962,136.714599609375,18704295.0
2024-07-16,137.1205101706166,137.8511775417768,135.0097222253764,135.17208862304688,20809458.0
2024-07-17,135.41564202954405,135.90274121398042,133.95431970071118,135.0097198486328,19105663.0
2024-07-18,135.65919517611198,136.87696169515152,134.60379504872535,134.92852783203125,27454387.0
2024-07-19,134.8473489085551,135.7403702438019,133.3048372404283,133.95431518554688,20444099.0
2024-07-22,134.36024070927192,134.76616288664133,132.0870740384509,132.4929962158203,21047360.0
2024-07-23,132.65535194658048,135.82155210822452,131.9246970411492,133.5483856201172,38320256.0
2024-07-24,133.38602756112928,134.4414276808523,132.33062744140625,132.33062744140625,23176768.0
2024-07-25,132.24944405883022,132.81774503294264,130.38221190193096,130.95050048828125,16829269.0
2024-07-26,132.6553497314453,133.7919391504001,131.84350545551783,132.6553497314453,20719195.0
2024-07-29,132.5741911231354,133.46721251785183,131.68115734065668,131.92471313476562,16937319.0
2024-07-30,132.24944909941757,133.38603870320054,131.11287188339716,131.19406127929688,16473297.0
2024-07-31,130.706943701984,133.06128742225653,129.976288723351,132.57418823242188,25320978.0
2024-08-01,134.11668708039315,135.33445363206943,132.98010992060009,133.3860321044922,18856894.0
2024-08-02,131.9247098672284,132.33063205143526,129.16444396972656,129.16444396972656,19238114.0
2024-08-05,123.56271285429446,128.83970135401196,123.56271285429446,124.78047943115234,29395952.0
2024-08-06,129.48919001712076,131.84353397141766,128.1090569270928,128.27142333984375,33670789.0
2024-08-07,129.0832475163018,132.2494354248047,128.83969174154896,132.2494354248047,22408368.0
2024-08-08,132.24943712808079,134.27904796422544,131.68114857151258,133.95431518554688,22668326.0
2024-08-09,134.44143276285976,135.57800992690264,131.51878807280377,132.57418823242188,20216274.0
2024-08-12,133.06128045167466,134.76615849618884,130.3822040785258,131.35641479492188,20053125.0
2024-08-13,131.3564195557689,132.24944091659785,129.16444226749195,131.68115234375,17306058.0
2024-08-14,132.24943997045546,133.14247371265722,128.92088556029606,129.083251953125,14863342.0
2024-08-15,129.4891675739671,132.00588989257812,128.35259049393954,132.00588989257812,17220668.0
2024-08-16,132.57419404245223,134.11669345950466,131.11287163338216,131.27523803710938,16484408.0
2024-08-19,131.76234030326907,134.27905035218768,131.3564181288214,134.11668395996094,17146018.0
2024-08-20,134.11668204065703,134.68497059919883,132.57418275493475,133.14247131347656,15308255.0
2024-08-21,133.3048346235331,135.5780011929431,132.98010185122936,133.8731231689453,22231973.0
2024-08-22,134.68498123643758,135.25328222762454,132.24944803225054,132.8177490234375,16606826.0
2024-08-23,133.30485468880875,133.30485468880875,130.3822221348716,130.7069549560547,12956961.0
2024-08-26,131.84353221795863,133.54841049857762,129.81392111615654,130.7069549560547,20312459.0
2024-08-27,130.5445814614283,133.873136055101,130.0574698683238,133.7107696533203,17496059.0
2024-08-28,133.71074896340718,134.52259323445125,133.14246045122843,134.27903747558594,16410176.0
2024-08-29,134.44142023941467,139.15010724133762,133.71075294108257,136.876953125,34037602.0
2024-09-02,137.60762235518058,139.31250050760627,137.2017001653423,138.5006561279297,24671211.0
2024-09-03,138.66301654394547,139.068938716271,135.41563916534142,135.65919494628906,20254680.0
2024-09-04,133.95431518554688,134.92852590934402,132.49299290597045,133.95431518554688,16201473.0
2024-09-05,134.52259445569425,135.0908829730321,131.51877310311352,131.843505859375,15828867.0
2024-09-06,131.84351635143955,133.0612828659704,131.19405078723233,131.51878356933594,13684646.0
2024-09-09,131.3564226767832,132.73655564013742,130.95050048828125,130.95050048828125,15830494.0
2024-09-10,131.19405438976713,132.16826515059094,129.97628784179688,129.97628784179688,15272437.0
2024-09-11,129.7327367712101,129.97629256721126,126.4041697973067,126.48535919189453,22881457.0
2024-09-12,128.1902141317032,128.5961362947393,123.80625972601759,127.21600341796875,23564267.0
2024-09-13,127.29719041233619,132.33062266179712,126.56652309995182,132.00588989257812,22426683.0
2024-09-16,132.16825059854517,133.71074976770313,131.11285056228735,132.6553497314453,14641974.0
2024-09-17,133.1424734616304,134.44142937733633,132.73655128644248,134.03550720214844,14367467.0
2024-09-18,133.87315159135042,134.9285519070499,133.30486292528573,133.62960815429688,14940373.0
2024-09-19,134.8473470907427,137.52642344812912,134.8473470907427,137.20169067382812,19620046.0
2024-09-20,137.44526071900046,137.60762712300902,134.279060095902,134.6849822998047,17591517.0
2024-09-23,135.57799468903585,137.28287263124773,135.3344389276112,136.79576110839844,20210083.0
2024-09-24,136.95814647501956,139.39367965141386,136.55222427895384,138.74420166015625,25015028.0
2024-09-25,138.98774570800617,140.04314580612635,137.20169067382812,137.20169067382812,21072676.0
2024-09-26,137.93234515870813,138.98774525337606,136.6334016779917,138.01353454589844,25044062.0
2024-09-27,138.83160214392714,139.8793851558283,137.17261348535726,138.4823455810547,21516076.0
2024-09-30,138.3077188723941,138.3077188723941,135.33899779838873,135.5136260986328,14282677.0
2024-10-01,135.4263186101534,137.87114146014125,133.41805984913316,135.5136260986328,28026095.0
2024-10-02,135.51362690323788,135.86289682908512,133.4180606412959,134.02926635742188,18762282.0
2024-10-03,133.9419490407218,135.1643738281616,130.7112787512125,131.40980529785156,17036999.0
2024-10-04,131.84637816592712,134.9024200439453,130.97322334363622,134.9024200439453,14959676.0
2024-10-07,135.51362086407454,136.38677565485244,131.67174511396564,132.7195281982422,13271645.0
2024-10-08,132.7195274679553,135.4263126337867,131.8463726819819,134.20388793945312,16719050.0
2024-10-09,133.68000269243555,133.7673101768208,131.06053834175387,133.59268188476562,13449977.0
2024-10-10,133.59268524169923,133.68000605156334,130.71127171888793,130.9732208251953,11104182.0
2024-10-11,131.06053710121242,132.54489755455836,128.70300854928615,129.4015350341797,14641255.0
2024-10-14,129.48885767658712,129.9254350704237,127.04402160644531,127.04402160644531,14598867.0
2024-10-15,127.0440149048106,128.5283753008973,125.73428279238988,127.21864318847656,23138970.0
2024-10-16,127.30598509486616,129.13960236223488,126.25820189590029,128.5283966064453,15772874.0
2024-10-17,128.26644076813128,129.57617302916714,127.3932859274407,128.70301818847656,16219198.0
2024-10-18,129.2269013503502,130.18737689240288,126.60743713378906,126.60743713378906,14815535.0
2024-10-21,126.6074309460692,127.48058564224898,125.7342762498894,126.3454818725586,13764779.0
2024-10-22,126.60744366580494,128.44107404131321,125.47233978207527,127.48059844970703,17566565.0
2024-10-23,127.48060217108043,127.8298587655228,124.94845855316068,125.47234344482422,16133365.0
2024-10-24,126.17086627385389,128.17912494148564,126.17086627385389,127.48059844970703,12243680.0
2024-10-25,126.86939039141073,127.82985264175825,125.90891481777881,127.56791687011719,11194065.0
2024-10-28,128.61569153651402,130.1000518798828,128.35374245867632,130.1000518798828,6684465.0
2024-10-30,130.36201061631886,130.97321629436902,128.8776501629729,129.4015350341797,12973842.0
2024-10-31,129.31422025198648,129.83810509362462,126.08353710710767,126.2581787109375,13116692.0
2024-11-01,126.60743475264252,128.0917951161202,125.99622911159686,126.69475555419922,13600046.0
2024-11-04,126.17086774675205,126.17086774675205,124.33723734983828,124.51187896728516,10421616.0
2024-11-05,125.03576553585494,125.64697123530658,120.9319406129253,123.2021484375,23596320.0
2024-11-06,123.20215673412689,127.13135362513792,122.94020761006897,126.08355712890625,18838706.0
2024-11-07,126.25818294541688,126.78206780462519,124.5118734348207,126.5201187133789,11033271.0
2024-11-08,126.25818835127723,128.52838281828218,125.297712750012,128.2664337158203,24658493.0
2024-11-11,128.44107404131321,129.92543450928986,127.21864934987947,127.48059844970703,19270245.0
2024-11-12,127.21865929001069,127.56792922483227,125.73429870605469,125.73429870605469,13306625.0
2024-11-13,125.4723331867247,129.48885031086328,125.03575581772198,127.65522003173828,26905607.0
2024-11-14,128.091804324756,129.75080641061425,127.91717603237217,129.13958740234375,19364230.0
2024-11-15,129.22688819006868,130.1873636343079,128.70299007079586,129.314208984375,12154869.0
2024-11-18,129.5761798054112,130.10007806653724,127.6552417200927,128.5283966064453,13402313.0
2024-11-19,128.70302047260685,129.57617532879354,124.77382361976665,125.29772186279297,20234956.0
2024-11-20,125.90891403828735,126.60744051266929,122.67824408296576,122.94019317626953,12724460.0
2024-11-21,123.11482049703007,126.69476032306592,123.02749969218657,126.5201187133789,16801106.0
2024-11-22,126.86939459042254,128.52838337438428,125.4723415867712,127.8298568725586,21517827.0
2024-11-25,128.35375051787406,130.9732148141572,127.9171731351602,129.66348266601562,26560741.0
2024-11-26,129.05228663269028,129.83812065094872,128.35376010352422,128.9649658203125,13472575.0
2024-11-27,130.1000622433607,130.62396044076863,127.91717529296875,127.91717529296875,14741691.0
2024-11-28,127.91718416116926,129.40154472568614,127.74255585768825,128.70301818847656,10641982.0
2024-11-29,128.61571742439506,129.92544975392394,127.82987003270598,128.5283966064453,13396812.0
2024-12-02,127.82986006703685,129.40154140459984,127.3059751700393,128.61570739746094,14381773.0
2024-12-03,128.87765719557078,130.97322344131774,128.61570808403107,129.83811950683594,21305106.0
2024-12-04,130.10006562080545,133.85463393760648,130.10006562080545,133.06878662109375,30793486.0
2024-12-05,133.5926927554962,134.02927018280172,131.32248480419304,132.02101135253906,16996482.0
2024-12-06,133.24341635171655,133.59267291237,132.45756910532057,132.8068389892578,14109310.0
2024-12-09,133.50536699896574,135.25167664354757,133.3307386991646,134.9024200439453,19841282.0
2024-12-10,134.90241295950753,136.38677341479342,133.8546298924401,134.46583557128906,22447878.0
2024-12-11,134.4658408107338,135.25167481083315,133.41805770283963,134.55316162109375,14007731.0
2024-12-12,135.07703922734407,135.77556570269002,131.23516359786785,131.75904846191406,16662986.0
2024-12-13,131.49712643374386,132.19563965880414,130.18739415182725,132.02101135253906,12178200.0
2024-12-16,132.19561595289724,132.5448858260805,129.6634726579146,129.75079345703125,12030551.0
2024-12-17,129.92543176030082,130.71126571987202,128.52837880630273,129.66348266601562,12319536.0
2024-12-18,129.83811996406408,130.18738988844203,127.7425537109375,127.7425537109375,10913663.0
2024-12-19,126.69477619280336,127.65523854996785,125.82162132813424,126.08355712890625,9915380.0
2024-12-20,126.17086681877215,127.65522729315958,126.08354601069095,127.04402160644531,11711535.0
2024-12-23,127.21865120457467,127.91717770653696,124.59918681467971,125.12308502197266,11288846.0
2024-12-24,125.38502079155296,125.47232826796049,123.46406978461891,124.42454528808594,10116339.0
2024-12-25,125.73429015913176,126.25818836410873,125.1230844688485,125.55966186523438,8759522.0
2024-12-26,125.9089208495197,126.78207565891066,124.86113774290756,125.47234344482422,14969425.0
2024-12-27,125.64697118177968,126.43281850069845,125.21039377903091,125.90892028808594,11510498.0
2024-12-30,125.90890561984851,126.34548297173654,124.42454528808594,124.42454528808594,7989669.0
2024-12-31,124.51186898993049,125.38502371405824,123.37676518390766,123.90065002441406,12764505.0
2025-01-02,124.33723357151038,127.65522435290274,122.94019393738188,127.56791687011719,22678649.0
2025-01-03,127.7425507094975,130.9732208251953,127.39328079332597,130.9732208251953,21470510.0
2025-01-06,131.06054540781065,131.49712282312876,128.87765833122012,128.9649658203125,15206475.0
2025-01-07,128.87765328693953,129.9254363780356,127.74254938688343,127.8298568725586,19044409.0
2025-01-08,127.56791999324251,127.65522747816553,125.90891790028834,125.9962387084961,17833022.0
2025-01-09,126.34549273873789,127.4805966060514,125.99623615954195,127.13134002685547,14033307.0
2025-01-10,127.21865988174659,127.48060900325976,124.9484652496326,125.29772186279297,16906169.0
2025-01-13,125.47233673896727,127.74254445136677,125.29770845107909,125.64696502685547,24826602.0
2025-01-14,126.1708597643622,128.52837489461044,125.90891067804928,126.60743713378906,26429927.0
2025-01-15,126.86939922210819,128.52838806663544,126.17087269478104,128.353759765625,19827675.0
2025-01-16,129.48885437758696,129.8381109544443,128.52837880630273,129.66348266601562,17000269.0
2025-01-17,130.01272204569523,130.10004284000155,128.52836180546583,129.314208984375,13609611.0
2025-01-20,129.8381118238352,130.62395911195276,127.04401922041424,127.13134002685547,18082021.0
2025-01-21,126.86939424668516,127.13134334957067,124.51187896728516,124.51187896728516,23296130.0
2025-01-22,124.7738224630547,126.69477378748596,124.07530924320949,126.1708755493164,18575959.0
2025-01-23,126.2581951227149,126.78208003245064,124.86114205018187,125.38504028320312,19692827.0
2025-01-24,125.47234400821829,125.7342931168688,124.24993259889611,125.0357666015625,14731292.0
2025-01-27,124.4245449386512,124.4245449386512,122.67823553600347,122.76555633544922,16767909.0
2025-01-28,123.02751126353091,123.7260377981261,121.54315070456958,122.41630554199219,22451197.0
2025-01-29,123.02750943203593,123.81335676798875,122.06704711914062,122.06704711914062,20562291.0
2025-01-30,122.32898880211734,124.68650402023395,122.06703970604116,123.72602844238281,19644248.0
2025-01-31,124.0752988908071,124.68650456881765,122.32898934032866,123.2894515991211,14326162.0
2025-02-03,122.06703965235629,122.94019442336987,120.14610182078329,121.01925659179688,20210703.0
2025-02-04,121.6304633647381,122.24166904530773,119.62220470862256,120.14610290527344,21699451.0
2025-02-05,120.4080405195878,121.80509351647417,118.66173093512222,120.495361328125,22426708.0
2025-02-06,121.19388563410445,122.67824608939034,121.01925734347398,122.24166870117188,14304402.0
2025-02-07,122.32898217961112,123.90065002441406,121.28118585203082,123.90065002441406,17554560.0
2025-02-10,123.90065855974089,124.51187756736327,121.19388672244976,121.36851501464844,17002148.0
2025-02-11,121.2811885660665,121.63045845750383,119.70952068609272,120.66998291015625,16314370.0
2025-02-12,120.75730679784239,121.1938841808257,119.09830474853516,119.09830474853516,18355984.0
2025-02-13,119.8841599387601,120.32073735053761,118.05052947998047,118.05052947998047,24102220.0
2025-02-14,118.66172861720605,118.83637023086904,117.00273987368405,117.1773681640625,20261216.0
2025-02-17,117.35199847920681,119.01100057463741,116.47884368896484,116.47884368896484,19497184.0
2025-02-18,115.6930087773805,115.6930087773805,113.07354442770396,113.59744262695312,41380566.0
2025-02-19,113.8593790386208,114.2086489478307,109.66824005273746,109.75555419921875,37594544.0
2025-02-20,109.93018698172973,112.1130672472003,109.93018698172973,111.50186157226562,21997856.0
2025-02-21,111.50186718698222,112.28771451428514,108.096568738525,109.66824340820312,25566791.0
2025-02-24,110.71602831686116,111.15260570507962,109.31897534524822,110.01750183105469,15180646.0
2025-02-25,110.10481875851752,110.36676786272449,107.57266851053912,107.8346176147461,19673967.0
2025-02-26,107.92192535868216,110.36676131407384,107.48534798533665,109.49360656738281,18812485.0
2025-02-27,109.23165944640571,112.98622092782615,109.0570311585786,112.37501525878906,21114924.0
2025-02-28,112.37501380064114,113.8593742128375,111.76380813953489,112.636962890625,22294341.0
2025-03-03,113.5101200460723,114.73253139417777,112.28770869796685,112.54964447021484,26261217.0
2025-03-04,112.549645353408,112.98622274162646,109.75555273346669,110.01750183105469,19990185.0
2025-03-05,110.80334386057312,113.51012236936016,110.36676646684482,113.1608657836914,32814818.0
2025-03-06,114.38327603525224,120.14610290527344,113.9466986458047,120.14610290527344,39301500.0
2025-03-07,119.88415165819987,122.06703856631245,118.66172699568621,121.89241027832031,35416165.0
2025-03-10,122.24166799566379,124.42455492415777,121.97971889958761,123.72602844238281,31977501.0
2025-03-11,123.7260284423828,124.51187573061132,122.24166799566379,123.72602844238281,24035491.0
2025-03-12,124.24993204099088,126.6947681719426,123.5514055288211,125.47234344482422,37855274.0
2025-03-13,125.99624782634945,126.52013274365325,125.03577215969725,125.73429870605469,26187895.0
2025-03-14,125.90892882062961,126.52013456124082,125.38504389579968,126.08355712890625,22887651.0
2025-03-17,126.25818471877425,128.5283791204647,126.25818471877425,127.56791687011719,28481547.0
2025-03-18,127.48059187264278,128.09179752518358,125.8216031981343,126.60743713378906,22171613.0
2025-03-19,118.74904330827371,124.86112641972898,117.96320938040014,120.32072448730469,41835518.0
2025-03-20,120.58267273135561,125.55965199422704,120.58267273135561,123.90065002441406,33369766.0
2025-03-21,123.11482609594897,123.11482609594897,115.2564329408884,118.39979553222656,31740085.0
2025-03-24,118.39979515608022,122.67824830870697,116.47884395454024,120.495361328125,26639881.0
2025-03-25,121.63045573565216,125.03575383043689,120.58267273135561,123.90065002441406,27936762.0
2025-03-26,122.85286415663238,124.77380184028297,122.06703025254731,124.42454528808594,17725387.0
2025-03-27,125.64696572587874,126.25818472181437,123.55139961299332,124.16260528564453,17431238.0
2025-03-28,124.24107435475224,127.47411346435547,123.77921162480892,127.47411346435547,22483576.0
2025-04-02,126.6427633250115,126.82750559382538,123.96395109494959,124.70293426513672,14175097.0
2025-04-03,124.70293016994701,127.84359092143988,124.4258097283609,125.62665557861328,18976980.0
2025-04-04,125.81140049534078,125.99614276198493,123.50208692496032,124.05632781982422,10993281.0
2025-04-07,121.37752113220996,124.33345391245234,119.2529638269424,123.04022979736328,19011135.0
2025-04-08,124.24107134020007,124.70293405893688,119.62244415283203,119.62244415283203,18060733.0
2025-04-09,118.6987270616188,119.43771028254535,116.48178444630543,117.40550994873047,19774917.0
2025-04-10,121.93176621727967,122.3936289681027,118.51398468017578,118.51398468017578,15534712.0
2025-04-11,118.51398203922426,118.79110250252928,117.12839381763146,118.6063461303711,12478081.0
2025-04-14,119.25296436586876,120.4537962064704,117.40550636986828,118.32923889160156,10979605.0
2025-04-15,118.3292368821576,119.06820597307662,116.48177891753029,117.3131332397461,10497399.0
2025-04-16,116.57415279976935,116.94364440139809,115.0961934407205,115.3733139038086,12886091.0
2025-04-17,115.37331744545311,116.48178523690014,113.80297985219242,115.18856811523438,14989077.0
2025-04-18,115.46568504234925,115.92754778251864,114.35721728492915,115.3733139038086,10197660.0
2025-04-21,115.37331041333012,117.12839018236924,113.61823064429097,114.4495849609375,17261613.0
2025-04-22,115.00381469726562,116.01991124895316,114.08008927801049,115.00381469726562,11991494.0
2025-04-24,115.55805615644867,116.20466822102875,113.71060519616184,115.74280548095703,12337380.0
2025-04-25,115.92754775799926,116.11229003504151,115.09619341637696,115.74280548095703,9654108.0
2025-04-28,115.65042944774106,115.65042944774106,114.17247006149339,114.54196166992188,10384355.0
2025-04-29,113.98772162135738,116.5741486456592,113.52585889764642,115.55805206298828,14327907.0
2025-04-30,114.72670536088705,117.22076846284237,114.17247146516355,115.18856811523438,20859459.0
2025-05-02,115.1885590132812,116.29703376460527,114.63432516135207,115.28093719482422,9820221.0
2025-05-05,115.37331814266439,115.92755204173719,113.802980539914,114.0801010131836,8456743.0
2025-05-06,113.61822987710487,114.44958418813783,110.1080703627283,110.4775619506836,21565294.0
2025-05-07,110.38519146179914,110.66231191625447,108.35299828734652,108.63011169433594,16554851.0
2025-05-08,108.81486126157816,118.69872079688493,108.81486126157816,118.42160034179688,27958665.0
2025-05-09,120.91566190205286,123.68683839265697,118.60634815988277,118.88346862792969,49310702.0
2025-05-12,120.17668724728603,125.16479906273597,120.17668724728603,124.24107360839844,25607101.0
2025-05-13,124.14870444694675,125.62667091926419,122.57837387944252,124.88768768310547,14191780.0
2025-05-14,124.61056573092297,125.34954895832402,123.04023518202868,124.98006439208984,12574029.0
2025-05-15,124.88767930601959,127.01225068186629,121.00803519508716,121.6546401977539,16441484.0
2025-05-16,121.28515153536767,125.16479551462055,120.91565290714793,124.05632781982422,14528772.0
2025-05-20,124.51819541132956,125.44192087566445,120.54617309570312,120.54617309570312,12245947.0
2025-05-21,120.45379704249564,120.91565978283485,118.32923971288103,119.34532928466797,11140674.0
2025-05-22,119.62244770401973,121.10041408582599,118.60634405466142,119.06820678710938,10638128.0
2025-05-23,118.97584182097145,120.26905182432462,117.0360127210098,118.79109954833984,9948244.0
2025-05-26,119.25295815435177,119.80718495308484,117.95973410077843,118.97583770751953,7730991.0
2025-05-27,118.97584401722128,119.34532856930504,116.38940986783844,116.48178100585938,8590624.0
2025-05-28,116.38940986783844,117.0360148814511,115.28094211665498,116.48178100585938,8343983.0
2025-05-29,117.31313741774785,118.05212062991701,115.74280690122119,116.38941192626953,8009620.0
2025-05-30,115.65042944774106,116.20467038411692,114.54196166992188,114.54196166992188,10864453.0
2025-06-02,114.541963770322,115.74280975786837,113.6182382560452,114.0801010131836,8626006.0
2025-06-03,114.72669913673381,118.23685869832677,114.54195686400406,117.3131332397461,10347166.0
2025-06-04,117.6826302418586,122.8554916381836,116.20467084968949,122.8554916381836,13125217.0
2025-06-05,121.0080378702604,121.0080378702604,119.89957011333607,120.82329559326172,3873294.0
2025-06-10,121.37752446350784,121.74702311864536,120.54617715558028,121.10041809082031,11379298.0
2025-06-11,121.00803519508716,121.93176065459164,119.89956746266817,121.6546401977539,15802741.0
2025-06-12,121.19277602315344,123.13260510295918,120.17668648677139,121.0080337524414,20326978.0
2025-06-13,120.08431032773623,122.85548671991477,116.85127120352796,121.28515625,29518169.0
2025-06-16,121.56227528522082,124.98005664324674,119.89956665039062,119.89956665039062,26618824.0
2025-06-17,120.1766818549656,126.1808970387508,120.08430367570409,124.5181884765625,30394111.0
2025-06-18,124.7029411705741,127.75123810706351,124.7029411705741,126.5503921508789,32518265.0
2025-06-19,127.10463095035094,132.92409016472484,127.10463095035094,132.83172607421875,33796070.0
2025-06-20,130.52241234418486,133.57070922851562,127.84360001161993,133.57070922851562,28696384.0
2025-06-23,135.88002446880006,140.6833941713656,135.88002446880006,137.0808563232422,42383643.0
2025-06-24,128.7673220057847,130.98427154125895,126.82750701904297,126.82750701904297,48477744.0
2025-06-25,127.28937193842027,128.02835512965302,123.77921235126371,124.14869689941406,22467475.0
2025-06-26,124.42581590864972,125.44191954662543,123.40972636560588,123.50209045410156,16398898.0
2025-06-27,123.68682658244164,125.9037760201994,122.94785753145355,125.62665557861328,22687941.0
2025-06-30,125.62666190011161,130.245289175851,124.79531462845127,129.32156372070312,36758861.0
2025-07-01,130.0605442249551,132.09273736543702,129.69104559354736,130.8918914794922,23128083.0
2025-07-02,131.26139294980956,136.24950477477785,131.1690147662268,133.66307067871094,30597618.0
2025-07-03,135.04867140689555,136.89612249069694,134.30968815438837,135.23341369628906,20802107.0
2025-07-04,135.4181547862119,137.35796974815676,134.032566629852,135.97238159179688,18296201.0
2025-07-07,134.40205527125943,136.2495062028231,133.10884525713763,135.0486602783203,16386969.0
2025-07-08,135.7876477224547,136.06476818985436,129.78343200683594,129.78343200683594,19671759.0
2025-07-09,129.78343190232368,135.41816305349366,129.69105371495402,134.86392211914062,20792655.0
2025-07-10,135.69526396461907,139.11305943069115,135.14103714750365,138.74356079101562,17195784.0
2025-07-11,139.7596699116684,145.48676514935494,139.48254944477839,144.28591918945312,36243888.0
2025-07-14,144.1011754860832,146.7799737513772,142.9927077244075,143.63931274414062,26120698.0
2025-07-16,142.6232062920989,144.4706572238356,139.75966580486627,140.86813354492188,19327192.0
2025-07-17,141.79185765616273,145.30201721191406,140.49864765427472,145.30201721191406,16952608.0
2025-07-18,145.30202403184765,147.98082234503354,144.19355625035462,147.88845825195312,27182340.0
2025-07-21,148.07320311334414,155.74012771925004,148.07320311334414,154.2621612548828,25183775.0
2025-07-22,154.16977190054433,155.74011644081259,152.32232100134104,154.81639099121094,18158266.0
2025-07-23,154.90875783282172,157.03332922365763,151.30623415331064,152.507080078125,15472475.0
2025-07-24,153.15368385317166,155.00113477035123,151.49097520872368,153.9850311279297,15073323.0
2025-07-25,153.9850393038534,155.92486850786102,151.0291204984063,154.3545379638672,13533253.0
2025-07-28,154.3545268681891,154.5392691374496,151.49097236239078,151.9528350830078,11843163.0
2025-07-29,152.04522013093163,152.4147046861372,148.07319773527612,150.19776916503906,15363480.0
2025-07-30,152.22996109313416,154.81639524202117,149.82826922025362,152.41470336914062,26454825.0
2025-07-31,152.59944573251266,156.38672582000822,151.12149342868264,156.01722717285156,28986082.0
2025-08-01,156.01722434997288,156.84858571983403,152.59944297147317,153.2460479736328,13285972.0
2025-08-04,153.52317683720193,154.81640100727023,150.84437849802129,151.3986053466797,16159066.0
2025-08-05,151.7680997753783,154.72401850392959,150.93673838317392,153.06130981445312,22058603.0
2025-08-06,153.06131526445105,154.90876629744366,151.95284746364206,154.2621612548828,14674108.0
2025-08-07,155.18587832996596,155.18587832996596,151.67571873923035,151.76809692382812,14490485.0
2025-08-08,151.7681025247524,152.50708574401045,150.56725655532466,151.49098205566406,10343447.0
2025-08-11,152.13757882806817,153.0613042782628,151.029111106821,151.86045837402344,13004702.0
2025-08-12,151.86046386264576,152.04522023530768,148.2579401146551,148.7198028564453,14319344.0
2025-08-13,148.81218234764177,151.0291178897011,148.81218234764177,150.84437561035156,11752056.0
2025-08-14,149.92063755600103,150.56724252700806,147.05708313377255,147.7960662841797,12435118.0
2025-08-15,147.98081694845163,151.1214919922354,147.98081694845163,150.29013061523438,13437740.0
2025-08-18,150.5672523288359,151.2138573419365,148.2579386428108,148.8121795654297,10164843.0
2025-08-19,148.90454518605065,149.4587861143649,147.2418364960402,147.98081970214844,15113875.0
2025-08-20,148.07320052339475,152.2299652749221,147.70370186629944,151.49098205566406,21578529.0
2025-08-21,152.32233477946158,155.83249462444124,151.9528502041724,155.5553741455078,22421781.0
2025-08-22,156.4790925861319,159.80450999273992,155.09350434920063,159.5273895263672,29438572.0
2025-08-25,161.37483901457247,161.55958129213272,159.61976623535156,159.61976623535156,18569633.0
2025-08-26,159.06551831221276,160.91296919643108,158.3265351395391,158.51129150390625,19136798.0
2025-08-27,159.43501133214926,160.1739803838714,157.67992459698118,158.04942321777344,17651957.0
2025-08-28,158.0494246885796,160.26636005423921,157.95704650878906,157.95704650878906,13549874.0
2025-08-29,158.0494468534874,161.0053657872164,156.94096492027242,159.06553649902344,24772954.0
2025-09-01,159.0655322892235,161.190103811746,157.21808124267054,159.9892578125,20455877.0
2025-09-02,160.72824106625293,162.4833139226814,152.96895230792424,157.12571716308594,39028838.0
2025-09-03,157.12571592168302,158.97316695382543,155.37062898418807,157.86468505859375,22960309.0
2025-09-04,157.86468079708132,159.15790494163045,155.09350432367486,155.92486572265625,20741653.0
2025-09-05,156.66384338284217,158.23417384313808,153.8002888238252,154.72401428222656,14976518.0
2025-09-08,153.15368388471396,154.2621516162636,150.8443702377639,153.2460479736328,16044058.0
2025-09-09,153.3384260636432,158.41891608382414,153.3384260636432,155.46299743652344,24781686.0
2025-09-10,156.29434754500505,157.58757166691464,153.33842884410512,157.4951934814453,17327833.0
2025-09-11,157.49519753592355,165.3468642752511,156.84859250578896,161.65196228027344,36235969.0
2025-09-12,161.28247784700048,162.66806609621892,158.88078591038214,160.1739959716797,22154286.0
2025-09-15,160.17399438179618,170.05786840406003,158.41892158817998,169.68836975097656,35308117.0
2025-09-16,170.33496382507303,175.2307114279755,168.48751296321788,174.5841064453125,27522682.0
2025-09-17,174.5841134342569,176.24682209547433,173.1985252323977,175.6925811767578,14312918.0
2025-09-18,176.43155611750703,179.57221692351104,175.6002088732505,176.80104064941406,18538290.0
2025-09-19,176.80104754712337,180.12646484375,175.78495799727165,180.12646484375,19364215.0
2025-09-22,182.435779950637,184.9298358955327,180.7730712890625,180.7730712890625,17349596.0
2025-09-23,180.49595346660143,182.71290307939998,178.5561384122015,180.6807098388672,16787076.0
2025-09-24,180.68070158699595,183.17475745442252,177.54002663603555,182.5281524658203,18512622.0
2025-09-25,183.82136530102792,186.31542120723137,182.15865666524832,185.29933166503906,21561231.0
2025-09-26,184.6527110081392,184.74508919070723,176.80104471753415,178.09426879882812,23552025.0
2025-09-29,178.0942743475942,180.4035880344278,175.96970293672086,178.55613708496094,19432437.0
2025-09-30,180.01783063862442,180.11389724690537,174.158133976149,179.15328979492188,21490118.0
2025-10-01,178.86510685524678,186.6460331762939,174.54237326748873,183.95632934570312,24827430.0
2025-10-02,183.95633218176079,186.74208800707024,182.5154209636269,183.4760284423828,13651150.0
2025-10-03,184.62874512071687,185.10904883573315,176.9438856804564,177.80844116210938,15210139.0
2025-10-06,177.9045074994338,178.00057411328942,173.58177371466388,174.83056640625,15079995.0
2025-10-07,174.2541920358006,175.0226809558707,172.14085849888806,173.4857177734375,16770813.0
2025-10-08,173.6778336102117,175.02267820592402,170.89206315094083,173.3896484375,15148189.0
2025-10-09,174.63844487839282,176.84784504028494,173.38965220795754,175.88723754882812,14580820.0
2025-10-10,175.8872364875897,176.27147361877124,170.79601388204563,173.4857177734375,16019739.0
2025-10-13,171.46843301524288,171.46843301524288,165.03236591203841,165.7047882080078,17736870.0
2025-10-14,165.70478249521597,169.64327884079344,165.41659733324823,167.24176025390625,17028270.0
2025-10-15,167.14569338625554,172.42903426915444,166.56932306322048,171.3723602294922,20627925.0
2025-10-16,171.0841961898936,173.101463081324,168.39449234361294,169.259033203125,12049723.0
2025-10-17,168.49054604785596,169.8354053138331,164.07176043660598,166.37721252441406,14187861.0
2025-10-20,166.56932856296578,171.66055105885576,165.1284173655086,170.41175842285156,19264501.0
2025-10-21,170.50782370337123,171.94873488959692,168.2023716684928,169.16297912597656,10765532.0
2025-10-22,170.50782523118494,175.98328485636333,170.31570666950805,174.54237365722656,19080336.0
2025-10-23,175.02267206963376,182.51541300890918,174.06206463274475,179.6335906982422,29375513.0
2025-10-24,181.55481815350356,187.7027003125499,178.96118082570925,184.24452209472656,34807805.0
2025-10-27,183.9563285452514,186.26178058560794,181.45874328677633,185.1090545654297,20181474.0
2025-10-28,185.10906230975107,189.7199812410756,184.82087712822317,188.9514923095703,9843044.0
2025-10-30,188.95149030445538,190.20028297268615,187.0302753249333,188.27906799316406,16631218.0
2025-10-31,187.9908770696695,191.44906979020925,186.742084439602,189.8160400390625,21755814.0
2025-11-03,189.81603653056126,193.08209597248594,188.66329587321718,190.87269592285156,29108283.0
2025-11-04,190.58451977687727,192.02543100903424,180.40208919759235,180.59420776367188,29499264.0
2025-11-05,180.7863267548319,188.7593718563887,180.30602300965023,187.70269775390625,27109060.0
2025-11-06,188.18299493719545,192.0254247646641,187.6066392576991,190.39239501953125,19202069.0
2025-11-07,190.10420500012725,192.12148647115689,188.75936045791164,190.2002716064453,15748631.0
2025-11-10,190.8727051650388,193.7545276325262,187.60664556496928,188.85543823242188,21996786.0
2025-11-11,188.7593736869629,190.29635154953252,180.4981433266389,184.8208770751953,22394375.0
2025-11-12,185.39723874584178,187.51057221451214,181.65087553582188,187.41452026367188,16057179.0
2025-11-13,187.2223902654298,191.73725710603344,185.4933085435125,189.91209411621094,21204189.0
2025-11-14,189.43179707475508,191.54513065444007,188.18300438657982,191.35301208496094,17311333.0
2025-11-17,192.1214868945005,196.54028695615648,189.81603491484896,193.7545166015625,26956467.0
2025-11-18,193.08210574879365,197.40483945958755,191.54512789965077,195.96392822265625,19147604.0
2025-11-19,195.8678626444317,200.28666299076406,195.8678626444317,198.36544799804688,18613050.0
2025-11-20,199.32604868819075,201.05514505413566,195.2915002727904,196.92453002929688,16681115.0
2025-11-21,196.2521095763881,196.2521095763881,190.68058330397494,193.46633911132812,15479991.0
2025-11-24,192.5057252441891,193.2742141282544,184.05239149258975,187.31845092773438,33943729.0
2025-11-25,187.60664936291226,188.27907168739722,179.53753749597084,182.5154266357422,25347154.0
2025-11-26,182.70754338560354,187.60664749378338,182.70754338560354,185.39724731445312,16260155.0
2025-11-27,185.97361683199946,186.5499725341797,183.7642166627075,186.5499725341797,15845398.0
2025-11-28,186.8381575936796,188.47118740203152,185.8775500996247,187.1263427734375,13119936.0
2025-12-01,187.31845874882222,191.6411924122566,186.06966609228868,191.160888671875,18605415.0
2025-12-02,191.06481243248305,193.65846422600862,190.2002716064453,190.2002716064453,21349644.0
2025-12-03,190.10421837797466,192.31361855941216,187.03027730966068,188.9514923095703,23565848.0
2025-12-04,188.95148462998955,191.9293736219016,188.27906233889198,189.2396697998047,15678263.0
2025-12-05,188.85543257865774,192.02542547182813,187.31845477892747,189.8160400390625,18630139.0
2025-12-08,190.0081653334878,193.75452869875474,189.04755783903914,191.2569580078125,17647205.0
2025-12-09,191.44906703854286,192.0254227118779,188.85542986426927,189.719970703125,12198007.0
2025-12-10,189.81603449658547,192.02541986483882,189.0475456191596,190.2002716064453,21659406.0
2025-12-11,190.39239024495072,192.79390882689435,188.37512343074175,189.6239013671875,19044105.0
2025-12-12,190.29634376926487,191.1608846205465,188.37512884845535,189.8160400390625,18911201.0
2025-12-15,190.0081546931098,191.16088069035456,187.31845092773438,187.31845092773438,19898047.0
2025-12-16,187.0302730318771,187.41452481769468,179.3454132080078,179.3454132080078,30436088.0
2025-12-17,179.44148357411942,183.28391356646586,179.153298393152,181.84300231933594,22416480.0
2025-12-18,182.1311876235655,183.47603225871404,180.20997262609205,181.26663208007812,15204905.0
2025-12-19,181.45874054725851,181.84299231998787,176.65570332093927,177.32814025878906,19888159.0
2025-12-22,178.00057426104053,179.0572337257925,175.2148036916965,178.3848114013672,19106846.0
2025-12-23,178.3847989600213,179.63359156554768,177.3281395689654,177.9044952392578,13621423.0
2025-12-24,177.90450386543748,180.88239294164467,176.5596592451738,180.59420776367188,13592120.0
2025-12-25,181.1705704196308,182.03511125909804,180.30601492245714,180.88238525390625,4793950.0
2025-12-26,180.59419684612135,180.69026345220706,177.0399522865421,177.80844116210938,7567211.0
2025-12-29,177.80845253174178,178.76906002319862,175.88723754882812,175.88723754882812,10411782.0
2025-12-30,176.07934619782267,179.05722045898438,176.07934619782267,179.05722045898438,10376796.0
2025-12-31,179.15329845546955,179.9217873857476,176.46359452835003,177.13601684570312,11055285.0
2026-01-02,177.2320721060197,179.92177586085015,177.13600549924828,179.6335906982422,9105038.0
2026-01-05,179.6335996805542,185.3972445900907,178.8651107610746,185.30117797851562,31954799.0
2026-01-06,185.30117170344573,192.21755708683747,184.14844569211593,192.12149047851562,23003714.0
2026-01-07,192.02543227720574,193.46634351887872,190.1042172883084,191.2569580078125,19011285.0
2026-01-08,189.91209980952513,190.9687739225583,187.7026996280876,188.9514923095703,14272728.0
2026-01-09,189.71998111715214,192.5057370021186,187.03027718749414,189.52786254882812,20138179.0
2026-01-12,190.2002739366052,195.57968148678367,188.9514813277024,195.00331115722656,22769820.0
2026-01-13,195.67574520676177,200.76696789840634,195.09938950024235,200.1905975341797,31053579.0
2026-01-14,200.09453751961968,211.8139456393244,199.61423378801123,209.89273071289062,38028391.0
2026-01-15,208.64394078823858,210.2769705653695,203.8409034097906,209.98880004882812,24579709.0
2026-01-16,209.9888050752493,214.88789452390975,208.6439457824684,213.73516845703125,20084909.0
2026-01-19,213.7351607764751,217.2894054623403,210.08484948111084,214.02334594726562,23062834.0
2026-01-20,214.11939274559026,219.01849655799637,213.63908902506833,217.96182250976562,25439672.0
2026-01-21,219.49880931759193,221.51609088993922,208.45182329066716,212.39031982421875,27079222.0
2026-01-22,214.59970671705867,218.44213666477827,210.85334338111483,217.76971435546875,21608394.0
2026-01-23,218.92243349015828,220.26729272398597,216.13667772917597,216.90516662597656,15704961.0
2026-01-26,215.6563732130412,219.21061785783954,214.88788431904808,218.05789184570312,16867108.0
2026-01-27,218.05789669544458,219.306689343744,214.31153340825315,218.25001525878906,18009461.0
2026-01-28,219.30668112147083,235.0606372483789,219.30668112147083,232.65911865234375,32929627.0
2026-01-29,234.38821652885636,238.61488342285156,231.3142756370684,238.61488342285156,30420218.0
2026-01-30,237.17397462324516,238.03853012681074,230.54578905110841,235.15670776367188,20940150.0
2026-02-02,230.44972617105606,230.44972617105606,217.6736585472671,220.55548095703125,37418300.0
2026-02-03,222.57275013351898,225.83882435939563,219.11457200093457,224.7821502685547,40104523.0
2026-02-04,225.26245676759592,228.3363978090025,220.17123413085938,220.17123413085938,25877682.0
2026-02-05,220.17122816777052,224.10972463952328,217.19335381925376,217.5775909423828,22289614.0
2026-02-06,217.67366217274946,220.0751808875516,213.83123222906602,214.21546936035156,21124725.0
2026-02-09,212.5824364764961,215.08000710897045,210.27696974916577,211.1415252685547,32632299.0
2026-02-10,212.29425415478192,213.25486163964518,205.08969801830742,205.95423889160156,28402519.0
2026-02-11,206.53060076377346,209.60454165755345,205.37787476081925,207.3951416015625,26532850.0
2026-02-12,208.4518169746202,215.0800025268596,207.58727613135642,214.50364685058594,33906997.0
2026-02-13,214.8878876152948,217.1933543326386,211.91001325973917,212.87062072753906,25622347.0
2026-02-16,213.83122940086062,217.3854741202167,213.25485905384858,214.69577026367188,24524623.0
2026-02-17,214.21547116366298,214.69577491066673,211.04546350189696,211.33364868164062,22831956.0
2026-02-18,211.8139438396883,215.08000332379365,209.60454376151986,213.35092163085938,38748424.0
2026-02-19,214.79183291121856,220.74759620373112,212.2942476638553,212.77455139160156,48542887.0
2026-02-20,212.87062072753906,215.27213939703879,208.9321242464768,212.87062072753906,28777488.0
2026-02-23,214.50364720090477,218.82638073969625,214.50364720090477,218.05789184570312,29764395.0
2026-02-24,219.01849695154138,219.59486728028588,212.5824300165242,213.25485229492188,28611549.0
2026-02-25,213.92727426753098,214.2154594314913,207.87544445518975,209.12423706054688,21523285.0
2026-02-26,209.508489707636,211.14151943329665,206.6266673713973,207.3951416015625,23197735.0
2026-02-27,208.35575290866095,209.89273071289062,204.12908593358927,209.89273071289062,30856689.0
2026-03-02,209.89273475303875,226.12699533080885,209.89273475303875,215.94456481933594,50537426.0
2026-03-03,221.42001852481923,230.35367079380444,220.84364818835314,225.7427520751953,56798538.0
2026-03-04,226.2230632831524,227.27973738237733,219.30669230539996,221.90032958984375,39760100.0
2026-03-05,225.646688942901,237.75034893350772,224.8782146927157,237.0779266357422,45689115.0
2026-03-06,239.86368590555438,253.36022399192635,239.67156734022984,247.83673095703125,60993877.0
2026-03-09,266.08826275043316,266.32841461212126,238.32671340236942,240.3920135498047,64828848.0
2026-03-10,230.06548838461597,242.07308172410532,230.06548838461597,238.23065185546875,62050964.0
2026-03-11,238.99914835333018,247.83673440040795,237.75035567480995,238.5188446044922,45119752.0
2026-03-12,246.39581955863804,254.32083129882812,240.39202278576673,254.32083129882812,48446845.0
2026-03-13,254.32083076317804,258.4034125601318,247.83673026213384,253.1200714111328,42790781.0
2026-03-16,259.75,261.0,252.0,255.0,30653684.0
2026-03-17,256.5,258.75,251.0,251.5,28368721.0
2026-03-18,251.5,257.25,248.5,254.75,43840739.0
2026-03-19,258.75,263.5,253.25,253.25,23336270.0
2026-03-23,255.25,265.75,249.39999389648438,255.0,74838120.0
2026-03-24,258.5,260.75,252.75,259.0,33435568.0
2026-03-25,254.5,257.0,248.0,250.5,32827948.0
2026-03-26,242.8000030517578,242.8000030517578,236.5,240.1999969482422,47877678.0
2026-03-27,240.6999969482422,241.5,234.0,240.5,83103613.0
2026-03-30,245.0,251.25,244.5,247.0,35658352.0
2026-03-31,245.1999969482422,262.75,241.5,258.25,52767272.0
2026-04-01,253.25,257.75,251.5,253.75,44303532.0
2026-04-02,260.0,261.5,253.0,256.0,36737138.0
2026-04-03,257.0,261.25,255.25,255.25,19513602.0
2026-04-06,257.25,260.25,253.75,256.5,28507877.0
2026-04-07,259.5,264.5,256.25,260.0,39634457.0
2026-04-08,246.0,253.75,240.1999969482422,251.0,94110678.0
2026-04-09,255.0,256.0,250.75,255.0,48998471.0
2026-04-10,253.5,256.25,251.75,254.5,35352476.0
2026-04-13,261.0,268.5,259.5,264.0,57422416.0
2026-04-14,262.0,272.5,260.75,267.5,47234842.0
2026-04-15,265.5,268.5,261.25,261.25,24203656.0
2026-04-16,262.25,268.0,261.5,268.0,28419888.0
2026-04-17,267.75,268.75,251.5,253.0,42934431.0
2026-04-20,260.25,261.25,254.25,255.0,29511652.0
2026-04-21,255.0,258.75,253.25,253.5,28761782.0
2026-04-22,253.75,264.25,253.75,263.0,31893926.0
2026-04-24,266.0,272.5,266.0,269.0,27516707.0
2026-04-27,270.5,275.5,270.25,274.0,24278073.0
2026-04-28,276.5,279.5,269.25,269.5,23526284.0
2026-04-29,271.75,276.5,270.5,275.5,20917057.0
2026-04-30,278.5,279.5,267.25,271.0,23820725.0
2026-05-04,270.75,274.75,265.0,271.0,28400167.0
2026-05-05,272.0,274.25,267.75,270.75,17750470.0
2026-05-06,269.5,274.0,259.75,271.0,40934848.0
2026-05-07,268.0,268.25,259.25,259.25,30381381.0
2026-05-08,262.0,262.75,258.5,258.5,21061523.0
2026-05-11,262.5,264.25,259.5,259.5,27915776.0
2026-05-12,261.0,262.5,254.5,255.0,26346926.0
2026-05-13,255.25,256.75,250.0,250.75,21811439.0
2026-05-14,250.75,255.5,250.75,253.5,13081691.0
2026-05-15,255.0,258.5,252.75,258.5,17959437.0
2026-05-18,261.0,263.25,250.0,254.0,18238590.0
2026-05-20,251.75,253.75,248.60000610351562,250.0,13220117.0
2026-05-21,249.10000610351562,253.5,240.0,241.6999969482422,14316169.0
2026-05-22,240.0,246.0,239.0,243.10000610351562,30889818.0
2026-05-25,238.10000610351562,239.0,232.3000030517578,234.10000610351562,20528914.0
2026-05-26,236.0,236.39999389648438,232.1999969482422,236.1999969482422,10920752.0
2026-05-27,236.1999969482422,236.1999969482422,236.1999969482422,236.1999969482422,0.0
2026-05-28,236.1999969482422,236.1999969482422,236.1999969482422,236.1999969482422,0.0
2026-05-29,236.1999969482422,236.1999969482422,236.1999969482422,236.1999969482422,0.0
2026-06-01,236.1999969482422,245.3000030517578,235.8000030517578,244.89999389648438,30772614.0
2026-06-02,241.8000030517578,250.25,238.1999969482422,250.25,24827128.0
2026-06-03,252.5,252.75,235.5,237.89999389648438,33696650.0
2026-06-04,239.0,239.8000030517578,227.39999389648438,232.1999969482422,30774067.0
2026-06-05,233.0,241.8000030517578,233.0,240.8000030517578,20110110.0
2026-06-08,245.5,246.0,236.89999389648438,238.8000030517578,19275785.0
2026-06-09,236.89999389648438,237.8000030517578,228.8000030517578,229.5,16657603.0
2026-06-10,230.0,237.39999389648438,230.0,234.8000030517578,18162758.0
2026-06-11,236.0,238.89999389648438,230.3000030517578,236.0,15396004.0
2026-06-12,231.1999969482422,235.6999969482422,230.3000030517578,233.8000030517578,21445851.0
2026-06-15,232.8000030517578,236.6999969482422,229.0,231.89999389648438,32241582.0
2026-06-16,231.89999389648438,233.10000610351562,225.1999969482422,225.39999389648438,29076894.0
2026-06-17,225.5,228.6999969482422,225.5,226.6999969482422,21270689.0
2026-06-18,226.8000030517578,227.60000610351562,222.5,224.10000610351562,22048287.0
2026-06-19,226.8000030517578,227.60000610351562,224.1999969482422,226.89999389648438,22166113.0
2026-06-22,226.10000610351562,226.10000610351562,220.6999969482422,220.6999969482422,17162322.0
2026-06-23,220.6999969482422,223.3000030517578,218.39999389648438,220.39999389648438,16678647.0
2026-06-24,220.0,220.8000030517578,216.10000610351562,216.8000030517578,13273572.0
2026-06-25,216.5,222.6999969482422,215.10000610351562,219.1999969482422,28116816.0
2026-06-26,218.1999969482422,220.10000610351562,217.5,219.1999969482422,11219800.0
2026-06-29,219.6999969482422,222.6999969482422,217.3000030517578,219.3000030517578,16066043.0
2026-06-30,220.0,227.60000610351562,218.1999969482422,227.5,29482139.0
2026-07-01,227.5,238.6999969482422,226.0,236.3000030517578,31094935.0
2026-07-02,236.10000610351562,241.5,235.0,239.8000030517578,24457336.0
2026-07-03,240.0,249.60000610351562,239.1999969482422,248.1999969482422,26165214.0
2026-07-06,248.3000030517578,252.25,243.0,247.39999389648438,21104772.0
2026-07-07,247.8000030517578,259.25,247.8000030517578,258.0,27252807.0
2026-07-08,260.5,265.75,255.25,256.5,39550021.0
2026-07-09,258.0,264.25,257.5,264.25,20337023.0
2026-07-10,264.25,270.0,262.25,267.0,25522430.0
2026-07-13,271.5,273.0,266.5,268.25,24414654.0
2026-07-14,270.0,273.5,267.75,270.75,24519320.0
2026-07-16,271.25,286.75,271.25,286.25,29371641.0
2026-07-17,287.0,289.75,283.25,289.25,23702496.0
2026-07-20,292.5,308.75,292.5,307.5,41016904.0
2026-07-21,306.75,312.0,304.5,309.5,24005434.0
2026-07-22,309.5,317.75,307.0,313.75,22169390.0
2026-07-23,314.0,320.25,309.75,314.5,27083734.0
2026-07-24,313.0,314.25,303.0,304.25,28589413.0
2026-07-27,297.5,301.0,291.25,292.25,25754983.0
2026-07-28,292.25,299.0,289.0,293.5,19989215.0
2026-07-29,297.5,301.5,290.0,297.75,25309047.0
2026-07-30,303.0,303.0,285.0,288.0,22983322.0
2026-07-31,288.0,295.75,285.75,295.25,22052293.0
2026-08-03,293.0,295.75,286.5,290.5,21759393.0
2026-08-04,293.25,295.5,283.0,290.25,30714332.0
2026-08-05,299.0,310.5,295.5,303.75,54128289.0
2026-08-06,304.25,323.5,303.5,321.5,42412282.0
2026-08-07,322.75,332.0,318.25,323.5,36486193.0
2026-08-10,325.0,342.5,323.75,340.0,38603793.0
2026-08-11,342.75,344.75,329.75,336.5,39267266.0
2026-08-12,337.5,353.5,337.5,351.25,35147541.0
2026-08-13,351.5,357.0,343.25,346.0,22784976.0
2026-08-14,350.0,364.5,345.75,361.75,34621634.0
2026-08-17,362.5,373.5,361.0,368.75,25997605.0
2026-08-18,372.0,374.5,364.25,374.0,26573759.0
2026-08-19,374.25,398.25,373.0,395.5,40012823.0
2026-08-20,398.0,402.75,390.75,395.25,29319183.0
2026-08-21,396.0,406.75,391.0,406.75,25718838.0
2026-08-24,407.0,407.5,399.25,400.5,22741600.0
2026-08-25,398.5,402.0,373.75,373.75,44737737.0
2026-08-26,369.75,382.75,366.5,380.0,34726936.0
2026-08-27,380.0,386.75,378.75,380.75,21153855.0
2026-08-28,382.0,396.0,380.75,396.0,28201225.0
2026-08-31,406.0,406.25,397.25,400.25,35328555.0
2026-09-01,404.0,417.25,400.0,402.75,29832344.0
2026-09-02,402.75,403.0,390.5,392.25,34117361.0
2026-09-03,392.5,397.5,387.75,391.0,41601426.0
2026-09-04,390.75,393.5,382.5,388.5,23202707.0
2026-09-07,391.0,401.25,389.5,394.25,25451395.0
2026-09-08,399.0,405.5,385.5,394.5,38568591.0
2026-09-09,399.0,418.0,398.0,414.25,41065976.0
2026-09-10,414.25,423.0,410.0,416.75,34086527.0
2026-09-11,420.75,421.0,410.5,413.5,20262288.0
2026-09-14,417.5,420.5,411.75,415.75,21816629.0
2026-09-15,415.75,418.25,402.75,412.5,22225264.0
2026-09-16,411.5,413.0,380.0,401.75,32764924.0
