Date,Open,High,Low,Close,Volume
2021-09-20,2.0776248115041627,2.0862100295398105,2.0175280805668856,2.0432839393615723,226634882.0
2021-09-21,2.0604543754328675,2.0690395934685153,2.034698516638181,2.0432839393615723,198319813.0
2021-09-22,2.060454120734579,2.094794988632202,2.043283686785767,2.094794988632202,168462254.0
2021-09-23,2.094795244083114,2.1205508981471186,2.0432839359551056,2.0518691539764404,369501062.0
2021-09-24,2.043283925813874,2.0518691437925987,1.9660167593176106,1.9917724132537842,237067757.0
2021-09-27,2.0175282911998784,2.026113510131836,1.983187415472049,2.026113510131836,238750294.0
2021-09-28,2.026113278383468,2.026113278383468,1.991772406583573,2.0089428424835205,307279314.0
2021-09-29,2.0261132684203678,2.05186912683138,2.0261132684203678,2.034698486328125,240320702.0
2021-09-30,2.043283929226981,2.077624801199242,2.017528070560042,2.0690395832061768,277560531.0
2021-10-01,2.0518691539764404,2.0604543719977753,2.0261132952246927,2.0518691539764404,268085015.0
2021-10-04,2.05186915739722,2.0690395934685153,2.034698516638181,2.0432839393615723,211864501.0
2021-10-05,2.0432839089236228,2.05186912683138,2.0175280505126105,2.034698486328125,134268498.0
2021-10-06,2.0346987290637935,2.043284152683516,2.0089430722679213,2.026113510131836,230951480.0
2021-10-07,2.0518691539764404,2.0604543719977753,2.0346985132460276,2.0518691539764404,108638291.0
2021-10-08,2.05186912683138,2.0690395626468945,2.034698486328125,2.034698486328125,193094439.0
2021-10-11,2.043283925904621,2.077624797821045,2.034698503237773,2.077624797821045,160647732.0
2021-10-12,2.060454358540129,2.1033804483664356,2.051869140574868,2.086210012435913,279921550.0
2021-10-13,2.0862100260617793,2.094795244083114,2.0432839359551056,2.0518691539764404,214151953.0
2021-10-14,2.0518691539764404,2.06903959001911,2.0432839359551056,2.0518691539764404,169554512.0
2021-10-15,2.0604541079737047,2.06903932489494,1.991772167916103,2.0175278186798096,241762008.0
2021-10-18,2.008942601758574,2.0175278186798096,1.9831869509948674,2.0175278186798096,217918665.0
2021-10-19,2.0346985065461727,2.0862100191923076,2.0261132885531072,2.0690395832061768,228668576.0
2021-10-20,2.0690395666585033,2.1119656562805176,2.0604543487341003,2.1119656562805176,277805664.0
2021-10-21,2.111965646471535,2.15489173589418,2.060454339164361,2.137721300125122,544580367.0
2021-10-22,2.1377215018263547,2.2407441261612346,2.1119658457426347,2.2149884700775146,405033930.0
2021-10-25,2.1978177929989418,2.2579145219946906,2.180647357482367,2.2235734462738037,427482057.0
2021-10-26,2.2407438786348695,2.2579145188150007,2.214988225396277,2.232158660888672,160638924.0
2021-10-27,2.2407438932968544,2.2922554047988335,2.232158675494481,2.28367018699646,353854542.0
2021-10-28,2.2836701652560385,2.343766689300537,2.275084947535396,2.343766689300537,131048455.0
2021-11-01,2.378107774539716,2.421033867012178,2.3609373375507308,2.4038634300231934,251051127.0
2021-11-02,2.4296188354492188,2.463959705892811,2.4124484002274227,2.4296188354492188,300215495.0
2021-11-03,2.4296190881537325,2.4811306038645635,2.3609373401229643,2.4725453853607178,465215416.0
2021-11-04,2.5154714396426816,2.566982749882743,2.4983010028959947,2.5583975315093994,311402176.0
2021-11-05,2.558397520346353,2.6013236120257712,2.515471428666934,2.584153175354004,312154078.0
2021-11-08,2.5841529282353526,2.6099085807800293,2.566982493205568,2.6099085807800293,216937578.0
2021-11-09,2.6442496740334023,2.7129316246375255,2.627079237554309,2.652834892272949,456974576.0
2021-11-10,2.6614198934268765,2.7043461858109645,2.644249458348334,2.687175750732422,272503034.0
2021-11-11,2.6700050916711913,2.687175731313381,2.6099085693305835,2.644249439239502,300944023.0
2021-11-12,2.652834892272949,2.6700053287520427,2.618494019314762,2.652834892272949,208460523.0
2021-11-15,2.833124407719507,2.9103915691375732,2.815953972890543,2.9103915691375732,282525165.0
2021-11-16,3.1937041806300632,3.1937041806300632,2.8159541775615327,2.893221139907837,907829208.0
2021-11-17,2.8674654857924025,2.9189769987110155,2.8159541775615327,2.893221139907837,401892714.0
2021-11-18,2.8932210977714203,3.1765336982905694,2.8760506619445314,3.090681314468384,1022390211.0
2021-11-19,3.1250221632579103,3.1250221632579103,2.9962436992456505,3.047755002975464,458222117.0
2021-11-22,3.09068133459529,3.0992665525646426,3.02199959084047,3.039170026779175,264063452.0
2021-11-23,3.021999625165425,3.047755279366024,2.87605071334095,2.953317880630493,562768463.0
2021-11-24,2.970488306438076,3.0735109228823414,2.9533178703640313,2.9790735244750977,752593584.0
2021-11-25,2.987658757330149,2.987658757330149,2.8588802814483643,2.8588802814483643,325352825.0
2021-11-26,2.8073690226934884,2.867465550315107,2.72151684037689,2.73868727684021,420030678.0
2021-11-29,2.7558574792013757,2.7816131317084865,2.687175739182413,2.7215166091918945,375690103.0
2021-11-30,2.7043461741871537,2.764442696703746,2.6957609566847833,2.7215166091918945,371351911.0
2021-12-01,2.764442660076218,2.8502948339624212,2.7558574426875975,2.8331243991851807,357472654.0
2021-12-02,2.841709854515971,2.936147458385977,2.8159542001935365,2.9189770221710205,398078248.0
2021-12-03,2.9275622264298935,2.970488316764226,2.9018065722292943,2.953317880630493,283791365.0
2021-12-06,2.9619028300924413,3.047755002975464,2.9361471782275346,3.047755002975464,327707723.0
2021-12-07,3.0649256706237793,3.073510888564943,3.013414362976798,3.0649256706237793,341856114.0
2021-12-08,3.0906813381065072,3.1421928506688848,3.0735109021482954,3.1164371967315674,439635874.0
2021-12-09,3.1250223874839143,3.16794847700545,3.0735108753703306,3.099266529083252,494125028.0
2021-12-10,3.0735106548403706,3.0992663067052777,2.979073264669046,3.047755002975464,277812958.0
2021-12-13,3.0649256519699177,3.2538006502137202,3.0134143446364465,3.202289342880249,552116725.0
2021-12-14,3.2194597575735493,3.4340904080784527,3.202289321908176,3.348238229751587,636609842.0
2021-12-15,3.4169202085242136,3.459846505341617,3.2538008537437895,3.2881417274475098,572267389.0
2021-12-16,3.33965321248769,3.451261051015422,3.331067994139403,3.4340906143188477,551499133.0
2021-12-17,3.4856017478623116,3.6744769513335718,3.090681314468384,3.090681314468384,737157684.0
2021-12-20,2.918976991548135,3.1679485187407965,2.7901985165992276,2.996243953704834,491851933.0
2021-12-21,3.2709711468584968,3.2709711468584968,2.8502950530982987,2.8846359252929688,546820746.0
2021-12-22,2.84170982794002,3.082096137389038,2.8331246099128315,2.987658739089966,648908206.0
2021-12-23,3.056340449374903,3.1078517569661366,2.9361473983286914,3.0735108852386475,492363788.0
2021-12-24,3.0820961200374386,3.0820961200374386,3.013414376206596,3.0305848121643066,211390026.0
2021-12-27,3.039170020470068,3.167948494430762,3.039170020470068,3.142192840576172,387781103.0
2021-12-28,3.125022446655567,3.125022446655567,2.9275622264298935,2.953317880630493,247985052.0
2021-12-29,2.9447324193681235,2.9876585061573353,2.8932209105333415,2.9704880714416504,261953279.0
2021-12-30,2.996243957117154,3.064925701334661,2.9790735210627775,2.987658739089966,237395834.0
2021-12-31,2.97048833796644,2.987658774222729,2.8846359519972493,2.901806592941284,140424537.0
2022-01-03,2.9018063325789116,2.979073288799493,2.8932209105333415,2.9704880714416504,274077473.0
2022-01-04,2.9790732971243794,3.0305846014153794,2.901806340687879,2.944732427597046,319225871.0
2022-01-05,2.944732638950384,3.0219996009325936,2.918976984956314,3.0134143829345703,181430411.0
2022-01-06,2.979073517670012,3.0649256978441217,2.970488299652601,2.996243953704834,336966331.0
2022-01-07,3.01341457639736,3.185119152069092,3.01341457639736,3.185119152069092,543181309.0
2022-01-10,3.2280450065283937,3.296726749852059,3.159363263204728,3.1765336990356445,391739534.0
2022-01-11,3.2108745542385346,3.262385861467237,3.142192811266932,3.2194597721099854,502391242.0
2022-01-12,3.262385853039925,3.35682345406967,3.2452154173413787,3.3310678005218506,442679289.0
2022-01-13,3.322482366720188,3.3568234426885892,3.2709710597991943,3.2709710597991943,343948319.0
2022-01-14,3.2709710708891984,3.3396530183711235,3.2022893280950124,3.3310678005218506,365271273.0
2022-01-17,3.4255051822253724,3.468431271288299,3.3825790931624455,3.459846258163452,382978948.0
2022-01-18,3.4426758255779846,3.5542834525523994,3.2709710597991943,3.2709710597991943,672057512.0
2022-01-19,3.3053121275341377,3.537113227143662,3.3053121275341377,3.5285282135009766,674338614.0
2022-01-20,3.5456986498631764,3.58862453682399,3.382579296910881,3.451261043548584,890477555.0
2022-01-21,3.4255051336026967,3.528527950579122,3.3911642628398004,3.502772092819214,391842066.0
2022-01-24,3.494187379045337,3.5371132664872347,3.2881417274475098,3.2881417274475098,607134288.0
2022-01-25,3.339653227157387,3.4426760524771187,3.2967269305396427,3.399749755859375,373682393.0
2022-01-26,3.3997497672591273,3.4340906409182694,3.365408893599985,3.3739941120147705,259485233.0
2022-01-27,3.3138971459740243,3.477016693788623,3.305311928161439,3.459846258163452,435633721.0
2022-01-28,3.4770166757343177,3.5027721243506007,3.4169199466705322,3.4169199466705322,403467123.0
2022-01-31,3.4598462090533286,3.5113575151976737,3.434090351293421,3.502772092819214,289717183.0
2022-02-01,3.51994279048279,3.5972099601444647,3.5027723538219173,3.5285282135009766,332014157.0
2022-02-02,3.588624458215513,3.760329230424095,3.5800394447616046,3.717402935028076,582276715.0
2022-02-03,3.7002323043936043,3.7259881621535125,3.502772092819214,3.502772092819214,467117621.0
2022-02-04,3.528527963095724,3.537112976129166,3.4598462213262993,3.468431234359741,471505734.0
2022-02-07,3.451260792765973,3.511357521394842,3.3482381802954597,3.4856016635894775,515748679.0
2022-02-08,3.4770166810606082,3.5456984233098736,3.4598462454982917,3.494187116622925,364884223.0
2022-02-09,3.5285282135009766,3.5628690868227206,3.494187340179232,3.5285282135009766,348424970.0
2022-02-10,3.53711295740039,3.5800392504667253,3.4941870737095257,3.51994252204895,355017184.0
2022-02-11,3.4856016513460704,3.5285279444124056,3.4426757676552056,3.51994252204895,258110613.0
2022-02-14,3.4169199159119725,3.54569838596057,3.399749480530524,3.502772092819214,533027193.0
2022-02-15,3.5285282209684508,3.562869094362871,3.485601924537674,3.5113577842712402,411056199.0
2022-02-16,3.5285280072190566,3.5285280072190566,3.442675828933716,3.442675828933716,205278139.0
2022-02-17,3.4598462370135548,3.51135754357418,3.3997495080050877,3.4255051612854004,253108603.0
2022-02-18,3.459846258163452,3.468431271288299,3.4255051822253724,3.459846258163452,180174044.0
2022-02-21,3.50277237628046,3.5371132498223856,3.442676052269842,3.4770169258117676,283487000.0
2022-02-22,3.4255051612854004,3.4684312500859216,3.3997495080050877,3.4255051612854004,323361647.0
2022-02-23,3.442675824015484,3.4512608371440145,3.3654086589813232,3.3654086589813232,155478872.0
2022-02-24,3.073510902058583,3.2194598123868654,3.0305848121643066,3.0305848121643066,273886247.0
2022-02-25,3.0992665428486674,3.1937041449032324,3.03058479930916,3.15077805519104,335351109.0
2022-02-28,3.0649256673067753,3.1336076154494945,3.021999577647414,3.0735108852386475,254737124.0
2022-03-01,3.1164371967315674,3.262385902376367,3.0906813381065072,3.1164371967315674,517501107.0
2022-03-02,3.125022408000632,3.202289369646677,3.0992665494308747,3.1336076259613037,273776905.0
2022-03-03,3.167948494430762,3.1851189303338225,3.1250224046731114,3.142192840576172,218748781.0
2022-03-04,3.11643719003996,3.1593632798433187,3.1078517673915464,3.1336076259613037,200073947.0
2022-03-07,3.107851533610394,3.1507778248724603,3.0735106643509216,3.1250221729278564,185541774.0
2022-03-08,3.107851982116699,3.1765339352351316,3.0992667635628646,3.107851982116699,271569934.0
2022-03-09,3.1421930477725764,3.2194600144313363,3.1336078292549363,3.2108747959136963,277509393.0
2022-03-10,3.2280450132730776,3.2452154491398697,3.1421928339391156,3.159363269805908,166504412.0
2022-03-11,3.1765337023451794,3.2108745740427906,3.1507780485719707,3.1679484844207764,192168802.0
2022-03-14,3.1765336827527335,3.2538006435957865,3.167948464881283,3.2194597721099854,227059987.0
2022-03-15,3.2108745319198637,3.3224823634729366,3.2108745319198637,3.2795562744140625,265901302.0
2022-03-16,3.2967269574269746,3.3138973943390093,3.2452156466908706,3.2623860836029053,225122038.0
2022-03-17,3.2795562855622693,3.3654086686595943,3.2795562855622693,3.3396530151367188,239789592.0
2022-03-18,3.3310677908930844,3.356823444366455,3.305311932731975,3.356823444366455,183864579.0
2022-03-21,3.373994085880838,3.468431487711996,3.373994085880838,3.4340906143188477,223051465.0
2022-03-22,3.4340903452917506,3.5285279444124056,3.4169199099403107,3.51994252204895,179874640.0
2022-03-23,3.5285282132037508,3.5371132268457126,3.4340906068891583,3.451261043548584,201828538.0
2022-03-24,3.4598465008503787,3.47701693767995,3.356823675185199,3.3739941120147705,220980953.0
2022-03-25,3.3739938832496468,3.4169199724130794,3.348238229751587,3.348238229751587,138384048.0
2022-03-28,3.3568236641408915,3.3739941009139702,3.3224825859069824,3.3224825859069824,131757881.0
2022-03-29,3.33965321248769,3.442676037354886,3.33965321248769,3.4340906143188477,236031836.0
2022-03-30,3.442675761696945,3.5542833866004098,3.434090339348349,3.5371129512786865,391223181.0
2022-03-31,3.54569838596057,3.5628688213420183,3.4598462090533286,3.502772092819214,222830091.0
2022-04-01,3.537113227143662,3.5800395234835927,3.494187340179232,3.5285282135009766,284275233.0
2022-04-04,3.554283392812282,3.614380121231079,3.5285279444724194,3.614380121231079,349237976.0
2022-04-05,3.6315505565828112,3.691647285001608,3.5800392505276153,3.614380121231079,338437183.0
2022-04-06,3.6057944710657495,3.631550327153916,3.545698155819102,3.5800390243530273,245478558.0
2022-04-07,3.588624211053451,3.7774994065367964,3.588624211053451,3.768913984298706,435508648.0
2022-04-08,3.837595938808386,4.009300708770752,3.820425502749698,4.009300708770752,435419425.0
2022-04-11,4.095152807560079,4.318368881255933,4.052226513579959,4.309783458709717,629749626.0
2022-04-12,4.28402755045241,4.507243621543356,4.189590359798986,4.447146892547607,671581675.0
2022-04-13,4.559945437727896,4.559945437727896,4.375438943447852,4.419369220733643,610707857.0
2022-04-14,4.48087147251093,4.533587558193387,4.4281553868284735,4.516015529632568,335922481.0
2022-04-15,4.516015304654862,4.603875443081963,4.4808712492840215,4.559945583343506,266572942.0
2022-04-18,4.568731107005715,4.647805436206829,4.489657196754763,4.603875160217285,446350611.0
2022-04-19,4.647805538043225,4.726879868976907,4.50722932211683,4.586303234100342,489958869.0
2022-04-20,4.603875312255941,4.691735867136539,4.551159230697686,4.665377616882324,371925138.0
2022-04-21,4.674164113108976,4.718093974166364,4.665377889527378,4.700521945953369,273821108.0
2022-04-22,4.674163921949575,4.726880004432631,4.454513368795086,4.480871200561523,319167465.0
2022-04-25,4.568731213230629,4.603875267259314,4.4369412200981495,4.507229328155518,365705614.0
2022-04-26,4.5423733569699625,4.56873118787008,4.331508615018175,4.34029483795166,405387064.0
2022-04-27,4.375438811960967,4.384224615783998,4.234862599191188,4.349080562591553,338789270.0
2022-04-28,4.419369293796587,4.463299152858472,4.305150906125361,4.313936710357666,278744609.0
2022-04-29,4.33150846015225,4.340294682771598,4.217290498751798,4.278792381286621,226865129.0
2022-05-05,4.366653186388202,4.419369692336743,4.243648983392114,4.252435207366943,241998093.0
2022-05-06,4.226076954392672,4.305151294365267,4.19971912036862,4.252435207366943,251367112.0
2022-05-09,4.243648407250999,4.296364487092297,4.15578827418217,4.2700066566467285,266068638.0
2022-05-10,4.305150529818058,4.313936333282408,4.261220255645878,4.2963643074035645,42738658.0
2022-05-11,4.270006441993199,4.270006441993199,4.059141714278032,4.129429817199707,303953555.0
2022-05-12,4.076713862435249,4.094285888693369,3.9449234560242714,4.023997783660889,319792573.0
2022-05-13,4.050356455603455,4.067928483697063,3.980068343229024,3.997640371322632,135254026.0
2022-05-16,3.9800681863684826,3.988853990593926,3.8043474934076285,3.813133716583252,230133165.0
2022-05-17,3.8131336435361,3.8394914746576814,3.7340593122710115,3.7428455352783203,339059637.0
2022-05-18,3.707701091185067,3.9097796134810654,3.6989152870592457,3.8570635318756104,431468811.0
2022-05-20,3.8394915701087844,3.93613793084098,3.804347515106201,3.804347515106201,355940188.0
2022-05-23,3.8219192204092045,3.9009935469739254,3.786775168369361,3.865849494934082,303854600.0
2022-05-24,3.8834218623652523,3.8922076666725443,3.8131337521061828,3.8482778072357178,167585762.0
2022-05-25,3.8570633849552927,3.9976400161652763,3.813133528099177,3.9712817668914795,293910859.0
2022-05-26,3.953710091613514,4.041570232081553,3.9273518399980043,3.997640371322632,191135686.0
2022-05-27,3.9976401834531634,4.023998014879788,3.900993824005127,3.900993824005127,193895823.0
2022-05-30,3.9361380635199064,4.041570232081553,3.9273518399980043,3.997640371322632,229719244.0
2022-05-31,3.9976403046898903,4.138216527095626,3.9976403046898903,4.050356388092041,428850875.0
2022-06-01,4.067928207786107,4.208504423000258,4.067928207786107,4.164574146270752,304429504.0
2022-06-02,4.173360788667045,4.278792960674794,4.173360788667045,4.261220932006836,249865556.0
2022-06-03,4.287579265365825,4.287579265365825,4.19971912036862,4.252435207366943,170177692.0
2022-06-06,4.287579026911847,4.384224971558694,4.278792803425663,4.375439167022705,350456915.0
2022-06-07,4.36665249119712,4.375438713773142,4.261220333985755,4.287578582763672,253072088.0
2022-06-08,4.313936426394947,4.331508452653067,3.953709678628408,4.023997783660889,246857532.0
2022-06-09,4.0591424642225835,4.094286522176442,3.988854348314867,4.085500717163086,214496329.0
2022-06-10,3.997640079633225,4.270006704685904,3.997640079633225,4.173360347747803,346866468.0
2022-06-13,4.111858144062704,4.226076530579768,4.111858144062704,4.155788421630859,212807265.0
2022-06-14,4.1909325281219685,4.208504555577295,4.023998057821282,4.059142112731934,172379117.0
2022-06-15,4.067928166059852,4.1821465492248535,4.0064258630594285,4.1821465492248535,205060228.0
2022-06-16,4.182147086011305,4.190932891024661,4.032784630232299,4.085500717163086,218122788.0
2022-06-17,4.094285875592686,4.287578582763672,4.076713849390791,4.287578582763672,237229812.0
2022-06-20,4.313936433863707,4.340294682771598,4.252434551328884,4.278792381286621,202380995.0
2022-06-21,4.32272308295619,4.419369446553232,4.313936859470007,4.375439167022705,224042831.0
2022-06-22,4.340294939161273,4.366652770676019,4.296364661369792,4.322722911834717,232874394.0
2022-06-23,4.322723323364708,4.349081157388761,4.173360867394349,4.252435207366943,245332837.0
2022-06-24,4.26122045999664,4.2787924867181655,4.120644246224431,4.1821465492248535,202445267.0
2022-06-27,4.041570333927471,4.147002505145965,4.023998305391055,4.103072643280029,162476103.0
2022-06-28,4.094286432707166,4.129430489893049,3.927351951599121,3.927351951599121,249748366.0
2022-06-29,3.918565866277106,3.936137893612198,3.7692034244537354,3.7692034244537354,208884755.0
2022-06-30,3.7428456283267715,3.8482777933345216,3.7428456283267715,3.804347515106201,195873423.0
2022-07-01,3.7867755572879007,3.9273517798850714,3.7604177250260267,3.874635696411133,145748222.0
2022-07-04,3.900993921468503,3.927351753553658,3.7340594487785004,3.7604176998138428,123286663.0
2022-07-05,3.7692033134005083,3.804347367035232,3.654984929612574,3.663771152496338,231841633.0
2022-07-06,3.698915344506587,3.725273176243587,3.646199262082406,3.6813433170318604,158044043.0
2022-07-07,3.6901289725004465,3.830705605580102,3.6901289725004465,3.7955615520477295,168134306.0
2022-07-08,3.77798958940721,3.7867753934643464,3.7340593122710115,3.7428455352783203,61848174.0
2022-07-13,3.769203476712884,3.769203476712884,3.6286272560830914,3.6725571155548096,162389198.0
2022-07-14,3.6637713112405397,3.7077011707122574,3.6461992836618156,3.6725571155548096,132838891.0
2022-07-18,3.734059341462882,3.8658497549516073,3.7252731183868852,3.8570635318756104,176143386.0
2022-07-19,3.8482780216518195,4.01521250229336,3.777989907476478,3.9800684452056885,276384992.0
2022-07-20,3.997640326350268,4.04157018661499,3.9449238237122946,4.04157018661499,166594085.0
2022-07-21,4.023998238378106,4.111858379597021,4.0064262101343235,4.032784461975098,176010061.0
2022-07-22,4.050356557670782,4.138216700352861,4.050356557670782,4.103072643280029,109489921.0
2022-07-25,4.12064443770729,4.243648630473874,4.111858214463157,4.226076602935791,209001078.0
2022-07-26,4.261220481805092,4.287578731497361,4.103072240501971,4.173360347747803,271028407.0
2022-07-27,4.226076602935791,4.234862826179924,4.147002269539324,4.226076602935791,294741430.0
2022-07-28,4.243648504999931,4.261220532018454,4.076714038848877,4.076714038848877,317663239.0
2022-07-29,4.09428601762116,4.182146570628615,4.085500213690514,4.173360347747803,198076047.0
2022-08-01,4.164574564857961,4.287579184483878,4.155788759999087,4.261220932006836,252066424.0
2022-08-02,4.261220658011958,4.287578908794174,4.226076602935791,4.226076602935791,262960495.0
2022-08-03,4.25243480252849,4.340294939161273,4.1997187205488204,4.322722911834717,254306832.0
2022-08-04,4.375438765846385,4.472085120582092,4.357866739435361,4.4457268714904785,273698012.0
2022-08-05,4.472085170148978,4.7005215160241836,4.41058286755365,4.603875160217285,462118170.0
2022-08-08,4.6478061257531005,4.674164379047356,4.524801921263761,4.568731784820557,289754918.0
2022-08-09,4.5423732765721185,4.6565916589848015,4.498443000582576,4.603875160217285,361588277.0
2022-08-10,4.595089480577965,4.770809751384892,4.586303257562532,4.753237724304199,504613618.0
2022-08-11,4.805953730113266,4.9816744171123,4.762023872576132,4.937744140625,479777181.0
2022-08-12,4.937744091571053,5.060748696933438,4.735665575847318,4.779595851898193,436061961.0
2022-08-15,4.814740180969238,4.876242487173565,4.753237874764911,4.814740180969238,287591969.0
2022-08-16,4.832312078685625,4.920172214508057,4.60387530659713,4.920172214508057,600273137.0
2022-08-17,4.964102867503379,5.306757632612932,4.911386782021156,5.280399799346924,832577486.0
2022-08-18,5.262826845463238,5.394617255961768,5.016818470219469,5.192538738250732,824181825.0
2022-08-19,5.166181171509151,5.166181171509151,4.955316420146437,4.981674671173096,451422253.0
2022-08-22,4.928958459526892,5.139822786440255,4.885028181944853,5.087106704711914,505178287.0
2022-08-23,5.104678725879414,5.561551852598135,5.095892921743569,5.517621994018555,908880238.0
2022-08-24,5.55276625951031,5.587910315289791,5.30675745010376,5.30675745010376,685784463.0
2022-08-25,5.341901758738209,5.825133177004747,5.2979718964095674,5.7636308670043945,842081131.0
2022-08-26,5.781202621185133,6.334722128051843,5.772416816716714,6.1502156257629395,73574146.0
2022-08-29,6.1941456569891065,6.264433765723422,5.912992803101669,6.0272111892700195,565121495.0
2022-08-31,6.0447832595265005,6.325935696467153,5.948136899853063,6.185359477996826,623452538.0
2022-09-01,6.167787697611628,6.765237068979209,6.0359972780444595,6.651019096374512,770171811.0
2022-09-02,6.782808831022489,7.046390078771413,6.431368284557731,6.861883163452148,145761272.0
2022-09-05,6.932171187538017,7.283612148633201,6.844311052001765,7.125463485717773,361780060.0
2022-09-06,7.2484682181689015,7.55597932622106,6.888241446845171,7.2748260498046875,0.0
2022-09-07,7.29239833122182,7.327542385241429,6.888241291046143,6.888241291046143,1047279060.0
2022-09-08,6.967315244842944,7.529620531474551,6.747664696429798,7.47690486907959,409185322.0
2022-09-09,7.468118448646623,8.153427906969164,7.371472511543549,8.021637916564941,1060882289.0
2022-09-12,8.417009714084445,8.627874058653058,8.021638858543193,8.513655662536621,831338459.0
2022-09-13,8.610301959089599,9.014459015472386,7.670197010040283,7.670197010040283,279884843.0
2022-09-14,7.380258449093177,7.468119007875396,6.905813694000244,6.905813694000244,315422909.0
2022-09-15,6.765237096624618,7.081534440038491,6.220503807067871,6.220503807067871,554834670.0
2022-09-16,5.948136892624197,6.519228407891106,5.781202423918474,6.440154075622559,851464612.0
2022-09-19,6.466512366078654,6.62466061264505,5.921778678894043,5.921778678894043,440819019.0
2022-09-20,6.150215295977359,6.334721788372693,5.8954206958028825,6.2907915115356445,504831174.0
2022-09-21,6.229289982985127,6.39622445798341,6.13264361978608,6.141429424285889,350289237.0
2022-09-22,6.132643367600971,6.431368249413825,6.123857144512274,6.273219585418701,372477850.0
2022-09-23,6.264433840280843,6.3610797814656905,6.088713147403504,6.097499370574951,175463106.0
2022-09-26,5.992067227568698,6.123857224008552,5.763630451699279,6.0887131690979,346552948.0
2022-09-27,6.141429604388583,6.607088987139675,6.097499742700876,6.361080169677734,443426629.0
2022-09-28,6.317150274850144,6.61587517614034,6.185359852577987,6.202931880950928,374122280.0
2022-09-29,6.273219695324761,6.405010111312924,5.965709003985837,6.176573753356934,325132969.0
2022-09-30,6.194146054117795,6.325936056969074,6.159001997497427,6.2117180824279785,222659849.0
2022-10-03,6.255647340907619,6.8267388343811035,6.246861537074265,6.8267388343811035,309905602.0
2022-10-04,7.099106081358218,7.2484685302251926,6.791595379017491,6.800381183624268,459741128.0
2022-10-05,6.905813441235332,7.011245605174759,6.668590862896532,6.861883163452148,336416873.0
2022-10-06,7.020031259610723,7.213323974993218,6.976101401714824,7.151822090148926,317928781.0
2022-10-07,7.134249644250363,7.222110197942499,7.0463899284585665,7.151822090148926,226083495.0
2022-10-10,7.169394128749856,7.230896017288027,7.03760412819652,7.072748184204102,182013295.0
2022-10-11,7.090319489328765,7.353900317037344,7.0639616579280124,7.30118465423584,357876182.0
2022-10-12,7.29239842361209,7.406616810097983,7.16060759094359,7.204537868499756,274160194.0
2022-10-13,7.257254490665113,7.380258264401574,7.195751765896516,7.35390043258667,242779153.0
2022-10-14,7.6262675954617665,7.758057594299317,7.591123539911728,7.758057594299316,346365580.0
2022-10-17,7.8283460827118985,8.531228065490723,7.8283460827118985,8.531228065490723,310337940.0
2022-10-18,9.049602198997686,9.15503435512636,8.118283563010616,8.25007438659668,636517726.0
2022-10-19,8.276433285715346,8.663017908145397,8.127070835755909,8.548799514770508,623713015.0
2022-10-20,8.522441886368751,8.803595183693991,8.408223490252315,8.513655662536621,572205277.0
2022-10-21,8.496083176533562,8.575157507066605,8.320362907515872,8.329148292541504,286469064.0
2022-10-24,8.417009442332551,8.51365538766441,8.153428601181556,8.232502937316895,248183536.0
2022-10-25,8.285218768727757,8.540013365664969,8.267646323056068,8.364293098449707,301319549.0
2022-10-26,8.434582005519735,8.548799561620163,8.3203636115189,8.381865501403809,198096879.0
2022-10-27,8.390651212300913,8.452153098427297,8.127070383630135,8.14464282989502,208292824.0
2022-10-28,8.135856585048796,8.19735847101104,7.801987648010254,7.801987648010254,165127008.0
2022-10-31,7.881062240527787,8.118284407004342,7.60869518045431,8.091926574707031,287160064.0
2022-11-01,8.171000704936887,8.417009088653808,8.109497980582386,8.127070426940918,288549581.0
2022-11-02,8.13585637503601,8.188572036528498,7.810773669497897,7.837131500244141,223297390.0
2022-11-03,7.8107740031175155,7.898633721991168,7.635052889569473,7.6965556144714355,272218962.0
2022-11-04,7.801987668832973,8.223716324385933,7.6438390040504345,8.14464282989502,295381436.0
2022-11-07,8.276432058194573,8.434580708319398,8.19735773313216,8.267645835876465,256110148.0
2022-11-08,8.276433194993263,8.522441588388494,8.153428579345452,8.241289138793945,284241820.0
2022-11-09,8.26764664620773,8.452153143470511,8.118284203761652,8.127070426940918,243185344.0
2022-11-10,8.197357953612633,8.627872803975926,8.17978634640408,8.583943367004395,325065305.0
2022-11-11,8.917812910360169,8.970529416448304,8.381865814982907,8.496084213256836,315317338.0
2022-11-14,8.496083560096892,8.671803837047632,8.39943761724908,8.619088172912598,176385640.0
2022-11-15,8.698161530506122,9.480117797851562,8.460939369877957,9.480117797851562,531821870.0
2022-11-16,9.488904119364667,10.270859556912901,9.278039788198875,9.638266563415527,780771919.0
2022-11-17,9.664624659988364,9.743698995815969,9.00567297862552,9.084747314453125,327939721.0
2022-11-18,9.075960883531323,9.70855471779547,9.075960883531323,9.620694160461426,394552926.0
2022-11-21,9.67341122503642,10.02485179901123,9.532834995446494,10.02485179901123,323655239.0
2022-11-22,10.095139300450676,10.262074191371479,9.83155846703387,10.13028335571289,459848324.0
2022-11-23,10.13907007693565,10.666231769658292,10.042424129693345,10.560799598693848,509598425.0
2022-11-24,10.587156848877877,10.727733069088313,10.235715460451424,10.30600357055664,439893327.0
2022-11-25,10.209357133779738,10.279645240478024,10.01606442140929,10.0599946975708,278123417.0
2022-11-28,10.147855858860142,10.61351480315526,10.08635313338316,10.455366134643555,360540393.0
2022-11-29,10.499296391505295,10.683802891750005,10.191786116364357,10.464152336120605,343592926.0
2022-11-30,10.446581023921444,10.66623158578598,10.33236263120384,10.587157249450684,723370013.0
2022-12-01,10.675016084308357,10.727732583451012,10.279645273389589,10.402649879455566,354877524.0
2022-12-02,10.40265043103067,10.481724764987213,9.910632818579058,9.972135543823242,214241719.0
2022-12-05,10.016064969950806,10.103925527085611,9.611907915351367,9.629480361938477,229415070.0
2022-12-06,9.629480927735722,9.884275552917124,9.611908480116112,9.690982818603516,242925228.0
2022-12-07,9.708555179584948,9.893061688442234,9.269254047820024,9.383472442626953,238408084.0
2022-12-08,9.409829247002701,9.638266011638137,9.172606259596597,9.567977905273438,230760788.0
2022-12-09,9.620694152671986,10.016064984554324,9.56797848863454,9.972135543823242,214706459.0
2022-12-12,9.980920420529994,10.481724230763419,9.77005609932662,10.393863677978516,447471862.0
2022-12-13,10.218143868889245,10.393864144444876,10.05120897868612,10.147855758666992,330096517.0
2022-12-14,10.165426569313741,10.560798205653759,9.664623613816786,9.770055770874023,470289261.0
2022-12-15,10.15664150522394,10.455365540697894,10.068780952619624,10.402649879455566,349298803.0
2022-12-16,10.499296369606103,10.631087205449083,10.42900825898333,10.472938537597656,144043571.0
2022-12-19,10.499296399422068,11.333968343863084,10.499296399422068,11.307610511779785,88614855.0
2022-12-20,11.22853641793343,11.22853641793343,10.578370959961942,10.762877464294434,548171499.0
2022-12-21,10.841952100349772,11.158248614577815,10.53444097198053,10.543227195739746,373766062.0
2022-12-22,10.639872754582667,10.815593871744046,10.446580866345768,10.604728698730469,274461481.0
2022-12-23,10.604728495784718,10.798021218222905,10.499296330245809,10.639872550964355,231709356.0
2022-12-26,10.771663525699234,10.938597580487551,10.595943247527218,10.631087303161621,227590115.0
2022-12-27,10.631086830187504,10.666230884258358,10.349933559720332,10.37629222869873,280527979.0
2022-12-28,10.367506106033437,10.429007991777505,10.01606472402362,10.182999610900879,239861696.0
2022-12-29,10.191786624375254,10.613515310012644,10.191786624375254,10.543227195739746,242896791.0
2022-12-30,10.631086830187504,10.710160323421668,10.36750600570593,10.37629222869873,278101771.0
2023-01-02,10.552012508112355,10.639872224414749,10.437794122808935,10.525653839111328,277418336.0
2023-01-03,10.552012793825268,10.595943072116121,10.297218185218764,10.30600357055664,298201600.0
2023-01-04,10.376293069667748,10.472939016720389,10.086353552709005,10.226930618286133,309679958.0
2023-01-05,10.288431127167255,10.393863283770214,9.734911676576496,9.787628173828125,230260222.0
2023-01-06,9.278039891068973,9.708554781447548,8.829952553948228,9.444973945617676,359224293.0
2023-01-09,9.603121860002796,9.647051297605119,8.73330508633159,8.891453742980957,352434549.0
2023-01-10,8.90902619985674,9.049602411326616,8.329148070693027,8.373078346252441,380655929.0
2023-01-11,8.425795784865173,8.557585788351535,7.54719352722168,7.54719352722168,393972445.0
2023-01-12,7.819558929105454,7.968921364106596,7.266040302807474,7.942563533782959,381156394.0
2023-01-13,7.819559514633555,8.241289020892426,7.784415458937014,8.091926574707031,318239178.0
2023-01-16,8.22371678188832,8.548799514770508,8.22371678188832,8.548799514770508,268840084.0
2023-01-17,8.557585491022575,8.794808494536321,8.38186521317927,8.601515769958496,360933400.0
2023-01-18,8.610302634378202,8.873883489717418,8.355508003060399,8.487298011779785,360015687.0
2023-01-19,8.43458213962409,8.680590540975505,8.408223468196839,8.522441864013672,315661506.0
2023-01-20,8.548799299758807,8.996886638367233,8.522441467458425,8.935384750366211,501670443.0
2023-01-23,9.119890861995533,9.497690073035244,8.829952205397726,8.996886253356934,369949995.0
2023-01-24,9.005672696324604,9.119891084728472,8.715734032645695,8.803594589233398,307489134.0
2023-01-25,8.882667622786812,8.93538412157827,8.250074664691239,8.540013313293457,297903012.0
2023-01-26,8.548798268426397,8.610300986908072,8.250074249959415,8.258859634399414,226936124.0
2023-01-27,8.17100104613548,8.188572655327393,7.7668439799167235,7.986494541168213,317656169.0
2023-01-30,7.97770836180893,8.241289204350716,7.968922138214111,7.968922138214111,228026229.0
2023-01-31,7.977708339691162,8.179787292309758,7.84591833773585,7.977708339691162,295064951.0
2023-02-01,8.021638637983967,8.153428640240607,7.380258560180664,7.380258560180664,250536475.0
2023-02-02,7.432974923409452,7.617481425823531,6.888241639591785,7.239682197570801,342552210.0
2023-02-03,7.309969886730832,7.9425636924364875,7.274825832963869,7.924992084503174,285162881.0
2023-02-06,7.652625206758792,7.951350089261717,7.468118710971711,7.801987648010254,53121029.0
2023-02-07,7.801987529642709,7.801987529642709,7.037603726664583,7.143035888671875,134884821.0
2023-02-08,6.809167385101318,6.809167385101318,6.809167385101318,6.809167385101318,33260.0
2023-02-15,7.520835778882569,7.854703903198242,7.5032633313394195,7.854703903198242,88228075.0
2023-02-16,8.48729685486611,8.548798738831701,7.9074195549038775,8.01285171508789,221042032.0
2023-02-17,7.907419480718003,8.135856244590377,7.84591759732941,7.942563533782959,113105859.0
2023-02-20,7.977707586847916,8.135856244590377,7.863489204911728,7.942563533782959,106216427.0
2023-02-21,7.907419862388096,8.065568527763972,7.854703361296017,7.881062030792236,114340154.0
2023-02-22,7.881061527344712,8.127069894958394,7.854702859532303,8.047995567321777,176950159.0
2023-02-23,8.056782274371308,8.320363103042087,7.924992278986098,8.14464282989502,196059722.0
2023-02-24,8.127070743872224,8.223716688911967,7.9777082956014596,7.995280742645264,91474814.0
2023-02-27,8.083139962872137,8.69816132695691,7.960136192795387,8.663017272949219,261374108.0
2023-02-28,8.68058999906986,8.865096498040284,8.460939444957464,8.794808387756348,210010109.0
2023-03-01,8.75966377528328,9.075960251436722,8.698161054272653,8.882667541503906,203207124.0
2023-03-02,8.873882135520091,9.111104282593828,8.821165637336863,8.891453742980957,210634718.0
2023-03-03,8.865096211918702,8.865096211918702,8.443366725926062,8.663017272949219,277159488.0
2023-03-06,8.733305792930253,9.471331799806125,8.715734184047694,9.436187744140625,466351791.0
2023-03-07,9.52404848597505,9.813987160283482,9.33954198069692,9.409830093383789,421687007.0
2023-03-08,9.40104335288188,10.323575828544666,9.339541467137812,10.182999610900879,493199237.0
2023-03-09,10.262074130166154,10.552012793825268,9.770056521529266,10.30600357055664,562766461.0
2023-03-10,10.20935701117282,10.666230537125285,10.156641350732345,10.420221328735352,384609765.0
2023-03-13,10.429007335971201,10.446579781021843,9.69098140185019,9.787628173828125,302772600.0
2023-03-14,9.79641357953924,10.112710887929223,9.752484142618675,9.778841972351074,319709146.0
2023-03-15,9.805199823226436,9.88427415049444,9.559191456759548,9.770055770874023,340834485.0
2023-03-16,9.875488627104264,10.068781347677582,9.78762890895302,9.980920791625977,186472960.0
2023-03-17,10.130282857462833,10.226929633105708,9.875488259868549,9.88427448272705,222247509.0
2023-03-20,9.871375341306543,9.976797465419969,9.708449658775216,9.85220718383789,185334423.0
2023-03-21,9.852207531645105,10.130139426835866,9.679698678277518,9.861791610717773,175189029.0
2023-03-22,9.919294603808478,10.063052125723601,9.718033524734484,10.034300804138184,148356476.0
2023-03-23,10.005548811581768,10.158891329733827,9.871375364932293,10.149307250976562,122634167.0
2023-03-24,10.178058908211117,10.273897870961623,9.861791610717773,9.861791610717773,151063272.0
2023-03-27,9.976797836219184,9.986381915309714,9.727617263793945,9.727617263793945,109137938.0
2023-03-28,9.718033714448083,9.765952280029891,9.353846949300413,9.392182350158691,149585017.0
2023-03-29,9.35384747235833,9.650946617126465,9.325095234615787,9.650946617126465,150961766.0
2023-03-30,9.593443328208421,9.813871652235,9.478437126891766,9.497604370117188,197715660.0
2023-03-31,9.373014008739641,9.40176624430997,9.1717529296875,9.1717529296875,140175655.0
2023-04-03,9.075915418351956,9.315511911552466,8.95132513220912,9.267592430114746,140509521.0
2023-04-04,9.2580076979762,9.430517453388038,9.210088219918688,9.411349296569824,122199157.0
2023-04-05,9.430517355945614,9.478436833507992,9.219672203063965,9.219672203063965,121754432.0
2023-04-06,9.229256476485865,9.363430833699441,9.210088319460484,9.305927276611328,99009811.0
2023-04-07,9.27717621173608,9.382598336328332,9.258008054180365,9.286759376525879,77225086.0
2023-04-10,9.315511585557665,9.60302755013432,9.315511585557665,9.555108070373535,114952726.0
2023-04-11,9.58385942953913,9.727616955386994,9.52635587080715,9.718033790588379,170664656.0
2023-04-12,9.756368784908519,10.110971459336044,9.698865228574423,9.976797103881836,190047827.0
2023-04-13,10.024717349741003,10.082220910479979,9.823456258136726,9.890542984008789,107209363.0
2023-04-14,9.928878285701254,10.12055621022641,9.775536677271596,9.833040237426758,106874859.0
2023-04-17,9.842624384904124,9.938462433845155,9.708450019600974,9.727617263793945,99923245.0
2023-04-18,9.73720093036252,9.957630170165652,9.73720093036252,9.823455810546875,94822932.0
2023-04-19,9.842623854161676,10.38890353703166,9.689281338946135,10.0630521774292,171600763.0
2023-04-20,9.84262412427069,10.053468374750638,9.737201085042653,9.746785163879395,68200741.0
2023-04-24,9.813871536976828,9.890542336954145,9.698865337010854,9.737200736999512,91131048.0
2023-04-25,9.727617393439573,9.794705033979307,9.449685494026673,9.488020896911621,107575382.0
2023-04-26,9.449684994452083,9.5742752757385,9.34426287058883,9.392182350158691,110501809.0
2023-04-27,9.34426281883689,9.650946024004593,9.34426281883689,9.526355743408203,114363156.0
2023-04-28,9.545524239695167,9.564691483704772,8.960909130587027,9.075915336608887,112359961.0
2023-05-02,9.104666414937457,9.219672617868627,8.893821252569618,8.960908889770508,121805600.0
2023-05-03,8.989659966501607,9.066330766361865,8.692559931552083,9.008827209472656,118384499.0
2023-05-04,8.912989063404524,9.143001460321127,8.817150107695264,8.951324462890625,91344576.0
2023-05-05,8.96090854966555,9.037579348709677,8.759647473677711,8.817150115966797,81540798.0
2023-05-08,8.884237963095027,9.603027406815153,8.788399005003793,9.497604370117188,180745304.0
2023-05-09,9.44010179101243,10.17805848300476,9.411349554995601,9.957630157470703,259479953.0
2023-05-10,9.95763065467959,10.388904162598019,9.909711172913521,10.053468704223633,203426325.0
2023-05-11,10.10138808151843,11.050189971923828,10.10138808151843,11.050189971923828,288579381.0
2023-05-12,11.40479224550353,11.807314410779002,10.983102836827731,11.146028518676758,353020652.0
2023-05-15,10.034300804138184,10.034300804138184,10.034300804138184,10.034300804138184,14908451.0
2023-05-16,9.037579292526464,9.36343064343232,9.037579292526464,9.085497856140137,767629559.0
2023-05-17,9.171753453523042,9.296343739479553,8.855486156090391,8.970492362976074,309305417.0
2023-05-18,8.980076254479124,9.11425061670395,8.66380896365238,8.721312522888184,227788076.0
2023-05-22,8.778815311431961,8.81715071355222,8.347541809082031,8.347541809082031,181295413.0
2023-05-23,8.385876798490575,8.596721956769274,8.385876798490575,8.443380355834961,118694128.0
2023-05-24,8.462548015442806,8.606305544896756,8.32837365102786,8.347541809082031,108794512.0
2023-05-25,8.376293146918485,8.66380912032053,8.337957744730751,8.644641876220703,150975626.0
2023-05-26,8.67339314264043,8.874654231306803,8.567970101822567,8.778815269470215,135447245.0
2023-05-29,8.884237742286954,9.181336859807228,8.625473110264762,8.951324462890625,171622007.0
2023-05-30,9.2963431217404,9.842623710632324,9.2963431217404,9.842623710632324,388861573.0
2023-05-31,9.794704694943443,10.18764278940995,9.516772805150934,9.77553653717041,506676082.0
2023-06-01,9.919294705451968,10.235561988096473,9.900126548206583,10.091803550720215,226077901.0
2023-06-02,10.772257826247984,11.098109194506156,10.61891622094721,11.069357872009277,336068001.0
2023-06-05,11.38562557150347,11.653973390444628,10.983103386097683,11.567718505859375,419244036.0
2023-06-06,11.443127980047274,11.586886422688888,11.280203207434365,11.452712059020996,242686549.0
2023-06-07,11.586886108915637,11.941488795448047,11.308954224120612,11.606053352355957,549827434.0
2023-06-08,11.58688638411739,11.989408559793038,11.54855098233819,11.88398551940918,331193657.0
2023-06-09,11.970240702037062,11.998992939583417,11.663557480114042,11.864818572998047,232812582.0
2023-06-12,11.883985670808705,12.037328193867134,11.3472900390625,11.3472900390625,252182225.0
2023-06-13,11.356873926561558,11.548550934666329,11.10769335903132,11.261034965515137,276183693.0
2023-06-14,11.308954514025029,12.066079386081578,11.232283710322195,11.586886405944824,420989159.0
2023-06-15,11.845650065847138,12.449433326721191,11.749812018812126,12.449433326721191,325006947.0
2023-06-16,12.382346867391309,12.6411106053105,12.11399905036709,12.267340660095215,347123615.0
2023-06-19,12.276924075583157,12.276924075583157,11.663556755837533,11.682723999023438,283944040.0
2023-06-20,11.673140722940545,12.113998279862432,11.615637165955938,11.922320365905762,383830882.0
2023-06-21,12.066079153675293,12.21942075812743,11.816898589446541,11.931904792785645,268750609.0
2023-06-22,11.970239792268325,12.113998227109807,11.596469872454136,11.893568992614746,476030587.0
2023-06-23,12.056494945046818,12.621942790865022,12.056494945046818,12.305675506591797,371568671.0
2023-06-26,12.804036004139604,12.84237140570336,12.564439515869108,12.58360767364502,273646383.0
2023-06-27,12.545271936815315,12.545271936815315,12.4206816565657,12.439848899841309,69546282.0
2023-07-03,12.564439360593484,12.775284523582483,12.50693671595252,12.6602783203125,308217450.0
2023-07-04,12.71778196607811,13.062800578251977,12.71778196607811,12.85195541381836,454345531.0
2023-07-05,12.871123274171236,12.899874596024565,12.363178075496839,12.708197593688965,284965914.0
2023-07-06,12.765700710859479,12.928626397384459,12.46860157471727,12.478185653686523,283043913.0
2023-07-07,12.478185512607475,12.71778200020143,12.344011150519155,12.420681953430176,154097588.0
2023-07-10,12.564439531556049,12.631527169867434,12.420682004009494,12.449433326721191,186409866.0
2023-07-11,12.669861982242224,13.235309815207396,12.46860090464425,13.053215980529785,532304932.0
2023-07-12,13.005296544015296,13.541993057329588,12.957377979566473,13.216141700744629,571345407.0
2023-07-13,13.283228493981873,13.82950908873472,13.21614177220038,13.676167488098145,515210029.0
2023-07-14,13.867844670840539,13.867844670840539,13.235310102921765,13.331148147583008,227413044.0
2023-07-17,13.36948335286374,13.484489553169361,13.005296594901928,13.244893074035645,349960153.0
2023-07-18,13.264061548080234,13.398234994649401,12.353595088410355,12.363178253173828,264023527.0
2023-07-19,12.3248432139148,12.67944591223714,12.219421086517809,12.669862747192383,222759549.0
2023-07-20,12.736949381897958,12.851955587510203,12.305675882355027,12.64111042022705,399503158.0
2023-07-21,12.602774738033693,12.70819777632439,12.344011009658828,12.363178253173828,143520847.0
2023-07-24,12.391930242782873,12.51652052210876,12.075662962181791,12.24817180633545,132094989.0
2023-07-25,12.315259411574228,12.938209892662778,12.315259411574228,12.813619613647461,332869072.0
2023-07-26,12.046910929356718,12.372762294005561,11.84564984613173,12.200252532958984,740858837.0
2023-07-27,12.315259961319732,12.64111042022705,12.190669676742784,12.64111042022705,604009896.0
2023-07-28,12.986129929677407,13.589913193638948,12.957378606818688,13.369483947753906,766802256.0
2023-07-31,13.465322837703683,13.695335247327147,13.302397152390043,13.637831687927246,551012365.0
2023-08-01,13.532409153833298,13.83909235741405,13.388651630651829,13.733670234680176,517452217.0
2023-08-02,13.724086604740373,14.145776937437889,13.513242352379688,13.80075740814209,539226605.0
2023-08-03,13.84867685866056,13.98285122131593,13.46532284248532,13.474906921386719,327538112.0
2023-08-04,13.54199381265809,13.915764668527629,13.484490252528898,13.858261108398438,331446968.0
2023-08-07,14.059521713557098,14.337453597633365,13.78158982948083,14.222447395324707,346476749.0
2023-08-08,14.212863508659325,14.500379475309499,14.021186502221894,14.30870246887207,344858054.0
2023-08-09,14.279950612931637,15.592940198488254,14.174528485078895,15.372511863708496,704396742.0
2023-08-10,15.449182297568106,16.282977049282056,14.874150362744892,15.065827369689941,785000584.0
2023-08-11,15.065827767459693,15.276672023671951,14.615386103755164,15.10416316986084,408338024.0
2023-08-14,15.286255943536295,15.64085864055011,15.046659452527926,15.18083381652832,304058080.0
2023-08-15,15.209585180788423,16.120051666292234,14.979572768153623,15.803784370422363,455010593.0
2023-08-16,15.73669751073813,16.033796646021855,15.458764705361373,15.583355903625488,301327437.0
2023-08-17,15.583354899929287,16.09130008325916,15.583354899929287,16.01462745666504,284120470.0
2023-08-18,16.033796845389144,16.20630661252992,14.73039225473683,15.238336563110352,316566879.0
2023-08-21,14.567466502041082,15.516269303118754,14.394957649653572,15.343759536743164,396137394.0
2023-08-22,15.401261666621311,15.545019191123455,14.57705009243213,14.816646575927734,354436261.0
2023-08-23,14.816646433311579,15.152081872571946,14.67288891019316,14.759142875671387,364083419.0
2023-08-24,14.807062825246192,16.235058593144778,14.797478746336921,16.1488037109375,941784846.0
2023-08-25,16.254224784396726,16.388400060006315,15.650442442070025,15.928375244140625,407324638.0
2023-08-28,16.254224533649722,16.51298917407337,15.96670948516307,15.976293563842773,324416272.0
2023-08-29,16.024212406542887,16.426734578174973,15.60252390519585,15.660026550292969,286151804.0
2023-08-31,15.736697706411231,15.909207473552009,15.0179082286421,15.238336563110352,245096592.0
2023-09-01,15.334174699151301,15.52585261408112,15.12332954112132,15.430013656616211,226160376.0
2023-09-04,15.573770821605022,16.27339208749211,15.497100022986931,16.01462745666504,320770442.0
2023-09-05,16.00504641408362,16.484239398601378,15.76544992182474,16.426734924316406,454684165.0
2023-09-06,16.484238555100927,16.666330563757164,16.100882724722148,16.187137603759766,367797225.0
2023-09-07,16.282976984839255,16.647164667575606,16.22547433997735,16.522573471069336,297713587.0
2023-09-08,16.599244972110963,16.86759370605332,16.49382192878072,16.5417423248291,218919449.0
2023-09-11,16.62799609862081,16.67591466349097,15.545018983984816,15.592939376831055,268386785.0
2023-09-12,15.592939531502,15.7750315421957,15.343758970158094,15.516268730163574,266964198.0
2023-09-13,15.535435353277062,16.091300958461677,15.477932708179944,15.660026550292969,352503415.0
2023-09-14,15.535435226508026,15.631274186205264,15.123329893381243,15.468348503112793,292734845.0
2023-09-15,15.52585348339846,15.78461630667337,15.372511874059192,15.401262283325195,296907036.0
2023-09-18,15.362927204027462,15.650442253484982,15.238336008746728,15.276671409606934,215451851.0
2023-09-19,15.334175045108616,15.525852964362919,15.132913961082043,15.439598083496094,187466171.0
2023-09-20,15.477932743192381,16.26380893054319,15.391677861363524,15.822952270507812,373941660.0
2023-09-21,15.822951697754274,16.292560577392578,15.59293929719527,16.292560577392578,433382281.0
2023-09-22,16.292561408113816,16.44590301630503,16.10088348388672,16.10088348388672,249953651.0
2023-09-25,16.18713713621227,16.47465400069175,16.14880265106729,16.388399124145508,215559532.0
2023-09-26,16.426734823690936,16.70466763043726,16.28297729481146,16.369232177734375,310780825.0
2023-09-27,16.388400403494938,16.541742011997425,16.263809204101562,16.263809204101562,217777878.0
2023-09-28,16.32131394800624,17.078437924002863,16.25422539369852,16.810091018676758,383525569.0
2023-09-29,16.963431297290697,17.90264904811194,16.963431297290697,17.691802978515625,356462091.0
2023-10-02,17.71097265534743,18.266836456392657,17.557631043195382,17.95056915283203,294417491.0
2023-10-03,18.04640681873978,18.161413933565616,17.50012713626324,17.643884658813477,148633158.0
2023-10-04,17.643885811004747,17.79722742213541,17.241363624792704,17.298866271972656,181119603.0
2023-10-05,17.36595457098175,18.305172382341354,17.145524408743338,18.209333419799805,395188877.0
2023-10-06,18.00807239067156,18.669357362135898,17.99848831207375,18.23808479309082,281042750.0
2023-10-09,17.864312918890267,18.26683507739632,17.73013947538027,17.74930763244629,163883061.0
2023-10-10,18.180580970151393,18.64060761937884,17.893065913863367,18.420177459716797,236496010.0
2023-10-11,18.516015309438615,19.14854985767588,18.362673711561463,18.49684715270996,199395775.0
2023-10-12,18.755611970356462,19.282725317758242,18.017654380779607,18.554351806640625,306290153.0
2023-10-13,18.496847880208808,18.64060723335187,17.85472922835207,17.921817779541016,209053014.0
2023-10-16,18.30517143353591,18.34350591977985,17.825978473642177,17.912233352661133,171137925.0
2023-10-17,18.008073208874297,18.47768211364746,17.912234246517777,18.47768211364746,174551050.0
2023-10-18,18.113493289732205,18.333921609786486,17.64388441432158,17.691802978515625,179428308.0
2023-10-19,17.701388379542593,18.22850176494161,17.60555124399385,17.83556365966797,196113140.0
2023-10-20,17.634301066389963,17.91223386856175,17.040102802674486,17.11677360534668,165892214.0
2023-10-23,17.442625592548705,17.66305392955488,17.155108701345,17.567214965820312,157132193.0
2023-10-24,17.921818395786662,18.439345869778194,17.701388233109952,17.94098472595215,337634476.0
2023-10-25,18.036823005783074,18.094325650054735,16.867592823053393,16.896343231201172,224118005.0
2023-10-26,17.097605411339597,17.356370055299234,16.522573478532436,16.953847885131836,362619346.0
2023-10-27,17.09760596341605,17.212611256905294,16.752586426995954,17.07843780517578,179289356.0
2023-10-30,16.992183039297704,17.15510872952121,16.752586543555854,16.810091018676758,123085465.0
2023-10-31,16.867592996193014,17.01135052233584,16.474654905013768,16.522573471069336,143361901.0
2023-11-01,16.656746526660132,16.704666919564794,15.669610196513114,16.35006332397461,144059701.0
2023-11-02,16.350064298096058,16.714251993965135,16.225474925073176,16.48423957824707,157895011.0
2023-11-03,16.484238983820106,16.570493865101025,16.22547433997735,16.522573471069336,173151634.0
2023-11-06,16.771753354240406,17.011349830729557,16.771753354240406,16.93467903137207,109492960.0
2023-11-07,16.867593635433007,16.93468036164367,16.589660823444607,16.647165298461914,115286186.0
2023-11-08,16.81009092600828,16.819673177166077,16.158388168706878,16.321313858032227,161565967.0
2023-11-09,16.18713839985032,16.455487128717756,16.16797206976963,16.263809204101562,155682335.0
2023-11-10,16.235057830810547,16.426733916067146,16.139218874194217,16.235057830810547,119714364.0
2023-11-13,16.13921974488321,16.13921974488321,15.449182510375977,15.449182510375977,152769091.0
2023-11-14,15.449182543595924,15.631274560608452,15.171249736614449,15.61210823059082,166072510.0
2023-11-15,15.640858682975693,15.966710057869033,15.573771957787564,15.803784370422363,140694696.0
2023-11-16,15.813367920072578,16.21589008570256,15.813367920072578,16.139219284057617,124539250.0
2023-11-17,16.110466803279223,16.263808404240304,15.985877437989373,16.187137603759766,107715113.0
2023-11-20,16.340479593284535,16.445902631943184,16.215890225032048,16.359647750854492,99448073.0
2023-11-21,16.445902668594755,16.532157549875674,16.263808827226576,16.522573471069336,143474331.0
2023-11-22,16.484238533240525,16.570493412163756,16.359647340139823,16.455486297607422,136243083.0
2023-11-23,16.484239395478244,17.17427663498166,16.474655316432564,16.858009338378906,306211804.0
2023-11-24,16.858009469341248,17.164692689280805,16.570494407641956,17.07843780517578,179260560.0
2023-11-27,17.548046924057026,18.372259458483235,17.404289391488227,18.218917846679688,245708398.0
2023-11-28,18.161414640248033,18.525600500077942,17.950568559525745,18.420177459716797,194660668.0
2023-11-29,18.420177739183732,18.65019015329908,18.25725205068834,18.535184860229492,161218072.0
2023-11-30,18.44892907842282,18.631022916224975,18.199748518266215,18.401010513305664,133908711.0
2023-12-01,18.97604058302091,19.436067216263616,18.707693693936758,18.995208740234375,204979466.0
2023-12-04,19.004793646015507,19.666080474853516,18.861036116609725,19.666080474853516,167794265.0
2023-12-05,19.570241028237948,19.742750790445832,19.321060463712797,19.436067581176758,107060144.0
2023-12-06,19.436068474869945,20.06860308006612,19.3977321579605,19.570241928100586,232663983.0
2023-12-07,19.416899518634242,19.436067676301402,18.544768452515857,19.06229591369629,209096642.0
2023-12-08,19.11980060018751,19.244389970462947,18.736444754468305,18.851451873779297,138141166.0
2023-12-11,18.88020330933379,19.18688651051274,18.726861708744316,18.7747802734375,160572027.0
2023-12-12,18.75561310906057,19.64691235214632,18.71727862087228,19.39773178100586,206687475.0
2023-12-13,19.34022923445389,20.317783365973785,19.301892918091774,19.45523452758789,272841845.0
2023-12-14,19.991930690472188,20.89281213076225,19.70441382035693,20.605297088623047,237128126.0
2023-12-15,20.739471435546875,21.199498082195046,20.528627183982895,20.739471435546875,207151964.0
2023-12-18,20.509458955671604,21.103659048728083,20.26027838942057,20.413619995117188,183426665.0
2023-12-19,20.45195688269056,20.58613033443468,19.263558491307258,19.781085968017578,219991714.0
2023-12-20,19.76191960067407,20.106937308508233,19.455234553300333,20.049434661865234,167787821.0
2023-12-21,20.106937026841113,20.70113712708219,19.78108565380184,19.93442726135254,213659386.0
2023-12-22,20.030266154226094,20.049434312098093,19.378563410387304,19.60857582092285,142199896.0
2023-12-25,19.512738515528483,19.512738515528483,18.688526014058663,19.225221633911133,85694274.0
2023-12-26,19.321061012382607,19.436068133112485,18.717278655485224,19.129383087158203,122818430.0
2023-12-27,19.05271194121933,19.110216414541814,18.266835752240098,18.362674713134766,190022703.0
2023-12-28,18.448930044838068,18.67894245980618,18.362675160728003,18.42976188659668,138752217.0
2023-12-29,18.496847721865947,18.889785807014032,18.477681392523575,18.72686195373535,132638201.0
2024-01-02,18.928121915097698,19.110215751683835,18.73644399995691,18.937705993652344,164641359.0
2024-01-03,18.918538631535608,19.03354575104811,18.58310317993164,18.58310317993164,153558031.0
2024-01-04,18.602271776152836,19.225222299251783,18.468098323540318,19.081464767456055,211488897.0
2024-01-05,19.10063216369963,19.244389689759373,18.765196717576146,19.1677188873291,153443326.0
2024-01-08,19.551073783796625,21.084491729736328,19.51273929483564,21.084491729736328,276603708.0
2024-01-09,21.29533494383278,22.08121295069012,20.85447828854863,21.48701286315918,339799419.0
2024-01-10,21.467845111636606,22.732914284783014,21.3145035044659,22.579572677612305,246652788.0
2024-01-11,22.694578598963364,22.847920198039382,22.177049331099763,22.33039093017578,189203331.0
2024-01-12,21.947038134826357,22.541238234780465,21.295335389062547,21.985374450683594,557271982.0
2024-01-15,22.042876635634393,22.042876635634393,21.29533494383278,21.48701286315918,191494510.0
2024-01-16,21.52534766396816,21.793696389341044,20.969483883391298,21.33367156982422,152206811.0
2024-01-17,21.161161012016127,21.563683170993716,21.046153897461355,21.256999969482422,136367090.0
2024-01-18,21.736193776424688,21.793696421956312,21.065322875976562,21.065322875976562,184585854.0
2024-01-19,21.18033037650396,21.525348083884104,20.969484292463466,21.23783302307129,175639637.0
2024-01-22,21.122827829141144,21.46784553814168,20.72030564532703,21.29533576965332,141445251.0
2024-01-23,21.602019884651746,21.640354371561532,19.972763061523438,19.972763061523438,267214063.0
2024-01-24,20.06860167016005,21.14199287654722,19.991930869703822,20.988651275634766,250519354.0
2024-01-25,21.06532298871199,21.39117436176195,20.6052981660448,20.79697608947754,221377895.0
2024-01-26,20.89281332414561,21.046154932442093,20.701137227763088,20.85447883605957,176887374.0
2024-01-29,20.96948324448218,20.96948324448218,20.29861419345457,20.451955795288086,159458668.0
2024-01-30,20.643634201584565,20.911981097174905,20.566961570871747,20.681968688964844,177318249.0
2024-01-31,20.681967971804955,21.04615381518182,20.5669608576998,20.931148529052734,161514154.0
2024-02-01,20.911980833644265,21.52534724780818,20.87364634674707,21.42951011657715,230910445.0
2024-02-02,21.467845718223483,21.832033416526365,21.199498812080517,21.352840423583984,167681269.0
2024-02-05,21.92786878821427,22.196217500739607,21.621185589885908,21.73619270324707,205887688.0
2024-02-06,21.851198892488487,22.023708655677922,21.697857286981463,21.8703670501709,169033742.0
2024-02-07,21.908703578620393,22.0045407120123,21.467845087517798,21.659523010253906,130262470.0
2024-02-08,21.67868995666504,22.004539482345333,21.621185486272008,21.67868995666504,104587684.0
2024-02-09,21.755361658785365,22.04287671077899,21.372005818825706,21.812864303588867,172270138.0
2024-02-12,21.985373729798358,22.272888777395607,21.774527655449358,22.234554290771484,187832452.0
2024-02-13,22.330391238030863,22.82875235588654,22.0812125070791,22.17704963684082,235419143.0
2024-02-14,22.157884756744533,22.69458039600824,21.985374987130008,22.54123878479004,176345397.0
2024-02-15,22.617909159937508,23.116270300900005,22.50290203972456,22.962926864624023,185333554.0
2024-02-16,23.039598073546145,23.26961047178753,22.771249361609836,22.867088317871094,115354357.0
2024-02-19,23.00126349829869,23.691300745176225,22.790419240969047,22.809585571289062,244140439.0
2024-02-20,22.905422792329052,23.499622858475878,22.867088306629025,23.461286544799805,186711798.0
2024-02-21,23.499623270288406,23.672133028901747,23.13543559588778,23.365447998046875,173699282.0
2024-02-22,23.51879102687638,23.729635268270304,22.694578562196043,22.867088317871094,188230572.0
2024-02-23,22.8670884025909,23.269610557998632,22.579571532741912,23.19293975830078,173593317.0
2024-02-26,23.192940725955008,23.212107055697086,22.42623086901182,22.464567184448242,125881740.0
2024-02-27,22.522068737923647,22.656242179495116,22.25372002680467,22.27288818359375,147760782.0
2024-02-28,22.29205776754838,22.40706305969355,22.042877197265625,22.042877197265625,96067321.0
2024-02-29,22.1003794287053,22.4453989546201,22.023708626054912,22.138715744018555,180850439.0
2024-03-01,22.19621906152558,22.330392513234983,21.563684463500977,21.563684463500977,109847705.0
2024-03-04,21.678691785473976,21.793697080009768,20.681969483624044,20.75864028930664,111030707.0
2024-03-05,20.758639521922635,21.23783249671859,20.413619995117188,20.413619995117188,130302915.0
2024-03-06,20.2794470764134,20.701137417073134,19.972763857015845,20.049434661865234,107055747.0
2024-03-07,20.145273503284074,21.180330276489258,20.145273503284074,21.180330276489258,123560866.0
2024-03-08,21.23783216942762,22.062044658327288,21.00781976442736,22.02370834350586,195380496.0
2024-03-11,23.097101691136448,23.097101691136448,22.119547586361925,22.138715744018555,144625625.0
2024-03-12,22.138714845318784,22.828752041160868,22.023707732023745,22.33039093017578,149739172.0
2024-03-13,22.330392012110668,22.387896485532377,21.10365916006581,21.33367156982422,225431905.0
2024-03-14,21.391173855634523,21.487012815083286,20.739471124954257,20.892812728881836,107353568.0
2024-03-15,20.892813289863756,21.122827529907227,20.662800877796446,21.122827529907227,90498482.0
2024-03-18,20.988652251885842,21.48701339201976,20.969484093886194,21.122827529907227,98978517.0
2024-03-19,21.122827577692124,22.656243661609818,20.988652299367203,22.63707733154297,179699713.0
2024-03-20,22.56040617651215,23.729636379310836,22.31122560975647,23.38461685180664,287308918.0
2024-03-21,23.537958525247802,25.358891472781814,23.518792195424094,24.898866653442383,407179859.0
2024-03-22,24.841363466573,25.569736995306098,24.66885370608673,25.531400680541992,202550669.0
2024-03-25,25.3780601098974,27.314000212818467,24.975537928378927,25.99142837524414,237692694.0
2024-03-26,26.087264448788815,26.623961887629687,24.783860822402943,25.531400680541992,164733384.0
2024-03-27,25.58890536224302,26.163935464604883,25.033041589444068,25.320556640625,138012284.0
2024-03-28,25.454730400808725,26.604794275642647,25.339725110111015,26.355613708496094,144148222.0
2024-03-29,26.45145298528345,26.70063355540577,25.953091845038813,26.202272415161133,110852125.0
2024-04-01,26.738968337310386,27.582349018989838,26.27894350801769,27.237329483032227,179885096.0
2024-04-02,27.294831472082283,28.84741751850872,27.16065802376528,27.812360763549805,213507053.0
2024-04-03,27.799999237060547,28.18000030517578,27.200000762939453,27.559999465942383,118797549.0
2024-04-04,27.799999237060547,29.139999389648438,27.399999618530273,28.600000381469727,222427541.0
2024-04-05,31.0,31.299999237060547,29.100000381469727,30.200000762939453,269559494.0
2024-04-08,30.280000686645508,31.040000915527344,30.020000457763672,30.739999771118164,118063448.0
2024-04-15,31.5,32.880001068115234,31.399999618530273,31.600000381469727,160602044.0
2024-04-16,31.520000457763672,31.579999923706055,29.8799991607666,30.0,172158966.0
2024-04-17,30.399999618530273,31.1200008392334,30.299999237060547,30.579999923706055,185929193.0
2024-04-18,30.799999237060547,31.559999465942383,30.639999389648438,31.1200008392334,138226698.0
2024-04-19,30.979999542236328,32.439998626708984,30.639999389648438,32.040000915527344,217266439.0
2024-04-22,32.29999923706055,32.439998626708984,30.5,30.579999923706055,134859695.0
2024-04-24,30.799999237060547,31.420000076293945,30.780000686645508,31.18000030517578,120942359.0
2024-04-25,31.239999771118164,31.3799991607666,29.81999969482422,29.940000534057617,105404240.0
2024-04-26,30.079999923706055,31.420000076293945,30.059999465942383,31.239999771118164,134129973.0
2024-04-29,31.540000915527344,32.15999984741211,31.399999618530273,31.920000076293945,138200463.0
2024-04-30,31.899999618530273,32.7599983215332,31.719999313354492,32.279998779296875,146533100.0
2024-05-02,31.920000076293945,32.18000030517578,30.940000534057617,31.219999313354492,178878761.0
2024-05-03,31.420000076293945,31.559999465942383,30.81999969482422,30.959999084472656,137187409.0
2024-05-06,31.0,31.399999618530273,30.81999969482422,30.81999969482422,121137066.0
2024-05-07,30.920000076293945,31.920000076293945,30.65999984741211,31.719999313354492,187486434.0
2024-05-08,31.81999969482422,32.08000183105469,31.3799991607666,31.540000915527344,117683796.0
2024-05-09,31.780000686645508,32.279998779296875,31.559999465942383,31.860000610351562,139834385.0
2024-05-10,31.860000610351562,32.400001525878906,30.959999084472656,31.020000457763672,146289169.0
2024-05-13,31.15999984741211,31.399999618530273,30.440000534057617,30.68000030517578,101838604.0
2024-05-14,31.299999237060547,31.860000610351562,30.899999618530273,31.860000610351562,144364312.0
2024-05-15,31.719999313354492,32.18000030517578,31.280000686645508,31.979999542236328,118057962.0
2024-05-16,32.0,32.7400016784668,31.860000610351562,32.52000045776367,152206916.0
2024-05-17,32.70000076293945,34.13999938964844,32.5,33.900001525878906,172195989.0
2024-05-20,33.86000061035156,34.779998779296875,33.779998779296875,34.52000045776367,140009832.0
2024-05-21,34.540000915527344,37.959999084472656,34.459999084472656,37.959999084472656,313485965.0
2024-05-22,38.5,39.459999084472656,36.86000061035156,37.779998779296875,344266980.0
2024-05-23,37.81999969482422,38.279998779296875,36.02000045776367,36.02000045776367,239113602.0
2024-05-24,36.099998474121094,36.58000183105469,35.15999984741211,35.29999923706055,216088043.0
2024-05-27,35.400001525878906,35.720001220703125,34.2400016784668,34.5,159796359.0
2024-05-28,34.619998931884766,35.459999084472656,34.599998474121094,35.08000183105469,148370477.0
2024-05-29,35.18000030517578,35.400001525878906,34.31999969482422,34.41999816894531,118816306.0
2024-05-30,34.52000045776367,34.91999816894531,33.939998626708984,34.220001220703125,124288726.0
2024-05-31,34.279998779296875,35.220001220703125,32.31999969482422,32.31999969482422,323107325.0
2024-06-03,32.41999816894531,33.119998931884766,31.68000030517578,32.880001068115234,153238592.0
2024-06-04,32.880001068115234,33.15999984741211,31.34000015258789,31.399999618530273,137606373.0
2024-06-05,31.6200008392334,32.29999923706055,31.219999313354492,31.979999542236328,144523195.0
2024-06-06,32.08000183105469,32.560001373291016,31.760000228881836,32.060001373291016,72313728.0
2024-06-07,32.2599983215332,32.400001525878906,31.079999923706055,31.440000534057617,79570691.0
2024-06-10,31.420000076293945,31.860000610351562,30.940000534057617,31.739999771118164,75018044.0
2024-06-11,31.600000381469727,33.459999084472656,31.540000915527344,33.18000030517578,136427504.0
2024-06-12,33.099998474121094,33.68000030517578,32.79999923706055,32.880001068115234,113976424.0
2024-06-13,33.34000015258789,33.81999969482422,32.86000061035156,32.959999084472656,94451482.0
2024-06-14,33.5,33.70000076293945,32.47999954223633,32.58000183105469,96075882.0
2024-06-20,33.02000045776367,33.47999954223633,32.70000076293945,33.439998626708984,90445564.0
2024-06-21,33.439998626708984,34.400001525878906,33.34000015258789,34.060001373291016,145648531.0
2024-06-24,34.099998474121094,34.439998626708984,33.86000061035156,34.220001220703125,98482785.0
2024-06-25,34.31999969482422,34.540000915527344,33.439998626708984,33.58000183105469,122847720.0
2024-06-26,33.58000183105469,34.29999923706055,33.18000030517578,33.18000030517578,118577036.0
2024-06-27,33.41999816894531,34.599998474121094,33.2599983215332,34.560001373291016,132955412.0
2024-06-28,34.720001220703125,34.97999954223633,33.439998626708984,33.79999923706055,129651425.0
2024-07-01,34.0,34.060001373291016,32.0,32.619998931884766,92116535.0
2024-07-02,32.58000183105469,32.880001068115234,32.279998779296875,32.7400016784668,89232111.0
2024-07-03,32.880001068115234,33.880001068115234,32.7400016784668,33.79999923706055,129520281.0
2024-07-04,33.880001068115234,34.560001373291016,33.15999984741211,34.36000061035156,137218138.0
2024-07-05,34.36000061035156,34.540000915527344,32.65999984741211,33.220001220703125,149601815.0
2024-07-08,33.34000015258789,33.619998931884766,32.779998779296875,33.060001373291016,105516188.0
2024-07-09,33.099998474121094,33.18000030517578,31.260000228881836,31.260000228881836,184336443.0
2024-07-10,31.299999237060547,31.440000534057617,30.299999237060547,30.399999618530273,170802870.0
2024-07-11,30.719999313354492,31.780000686645508,30.719999313354492,31.780000686645508,171685535.0
2024-07-12,31.639999389648438,32.220001220703125,31.459999084472656,31.780000686645508,134169466.0
2024-07-16,31.920000076293945,32.779998779296875,31.8799991607666,32.560001373291016,156003707.0
2024-07-17,32.5,32.540000915527344,31.84000015258789,32.13999938964844,99863294.0
2024-07-18,32.41999816894531,32.7599983215332,32.040000915527344,32.20000076293945,112149241.0
2024-07-19,32.02000045776367,32.63999938964844,31.979999542236328,32.2599983215332,107776658.0
2024-07-22,32.400001525878906,32.58000183105469,31.899999618530273,31.899999618530273,95280216.0
2024-07-23,31.8799991607666,32.0,30.639999389648438,31.079999923706055,142665093.0
2024-07-24,31.040000915527344,31.040000915527344,30.399999618530273,30.399999618530273,92067105.0
2024-07-25,30.299999237060547,30.5,29.81999969482422,29.81999969482422,80837808.0
2024-07-26,29.860000610351562,30.6200008392334,29.84000015258789,30.34000015258789,78522869.0
2024-07-29,30.020000457763672,30.68000030517578,29.940000534057617,30.18000030517578,66786970.0
2024-07-30,30.280000686645508,30.579999923706055,29.6200008392334,29.860000610351562,83207140.0
2024-07-31,29.579999923706055,30.3799991607666,29.479999542236328,30.200000762939453,90897389.0
2024-08-01,30.639999389648438,32.31999969482422,30.5,32.0,142753913.0
2024-08-02,31.600000381469727,32.040000915527344,30.979999542236328,31.200000762939453,70263683.0
2024-08-05,29.0,29.920000076293945,28.5,29.399999618530273,107036960.0
2024-08-06,30.15999984741211,30.31999969482422,29.18000030517578,29.200000762939453,98172186.0
2024-08-07,29.459999084472656,29.84000015258789,28.700000762939453,29.020000457763672,106350792.0
2024-08-08,28.979999542236328,29.18000030517578,28.5,28.600000381469727,105053743.0
2024-08-09,28.780000686645508,29.040000915527344,27.239999771118164,27.239999771118164,123253852.0
2024-08-12,27.479999542236328,27.799999237060547,27.200000762939453,27.200000762939453,95340543.0
2024-08-13,27.280000686645508,28.299999237060547,27.020000457763672,28.260000228881836,109505556.0
2024-08-14,28.479999542236328,28.68000030517578,27.899999618530273,27.959999084472656,76926026.0
2024-08-15,28.139999389648438,28.940000534057617,27.899999618530273,28.899999618530273,74700725.0
2024-08-16,29.280000686645508,29.559999465942383,28.540000915527344,28.540000915527344,95604308.0
2024-08-19,28.639999389648438,29.68000030517578,28.399999618530273,29.579999923706055,83540492.0
2024-08-20,29.420000076293945,30.520000457763672,29.399999618530273,29.920000076293945,112228713.0
2024-08-21,29.81999969482422,31.31999969482422,29.700000762939453,30.260000228881836,122654936.0
2024-08-22,30.600000381469727,31.280000686645508,30.280000686645508,31.139999389648438,114986897.0
2024-08-23,31.059999465942383,31.219999313354492,29.899999618530273,30.100000381469727,85223295.0
2024-08-26,30.399999618530273,31.68000030517578,29.860000610351562,30.84000015258789,124342085.0
2024-08-27,30.700000762939453,31.31999969482422,30.420000076293945,31.299999237060547,105887667.0
2024-08-28,31.299999237060547,31.479999542236328,30.739999771118164,30.940000534057617,78905213.0
2024-08-29,30.860000610351562,31.739999771118164,30.200000762939453,31.200000762939453,108805930.0
2024-09-02,31.459999084472656,33.08000183105469,31.3799991607666,33.060001373291016,124389919.0
2024-09-03,33.02000045776367,33.560001373291016,32.2599983215332,32.540000915527344,168448065.0
2024-09-04,32.279998779296875,33.0,32.15999984741211,32.91999816894531,102651878.0
2024-09-05,33.18000030517578,33.29999923706055,31.920000076293945,31.940000534057617,120457000.0
2024-09-06,31.979999542236328,32.08000183105469,31.15999984741211,31.260000228881836,92641651.0
2024-09-09,30.799999237060547,30.84000015258789,29.799999237060547,29.860000610351562,83571131.0
2024-09-10,29.979999542236328,30.1200008392334,29.200000762939453,29.700000762939453,92689419.0
2024-09-11,29.559999465942383,30.399999618530273,29.18000030517578,29.31999969482422,113341220.0
2024-09-12,29.899999618530273,30.079999923706055,28.420000076293945,29.520000457763672,165318790.0
2024-09-13,29.600000381469727,29.65999984741211,28.739999771118164,29.139999389648438,149050463.0
2024-09-16,29.139999389648438,29.31999969482422,28.399999618530273,28.440000534057617,100073469.0
2024-09-17,28.559999465942383,28.959999084472656,28.520000457763672,28.860000610351562,116484506.0
2024-09-18,28.860000610351562,29.3799991607666,28.799999237060547,29.139999389648438,134200081.0
2024-09-19,29.540000915527344,30.040000915527344,29.420000076293945,29.81999969482422,163714934.0
2024-09-20,29.81999969482422,29.959999084472656,29.420000076293945,29.459999084472656,115588785.0
2024-09-23,29.739999771118164,29.940000534057617,29.459999084472656,29.579999923706055,118331466.0
2024-09-24,29.68000030517578,31.219999313354492,29.540000915527344,30.860000610351562,227604213.0
2024-09-25,30.84000015258789,31.719999313354492,30.579999923706055,31.079999923706055,152167140.0
2024-09-26,31.459999084472656,32.119998931884766,30.799999237060547,31.1200008392334,161037461.0
2024-09-27,31.239999771118164,31.239999771118164,30.520000457763672,30.799999237060547,96462340.0
2024-09-30,30.559999465942383,30.959999084472656,30.200000762939453,30.920000076293945,85919678.0
2024-10-01,31.100000381469727,31.34000015258789,28.940000534057617,29.139999389648438,214653721.0
2024-10-02,29.100000381469727,29.239999771118164,27.15999984741211,27.15999984741211,254999528.0
2024-10-03,27.280000686645508,27.68000030517578,25.920000076293945,26.31999969482422,200413250.0
2024-10-04,26.540000915527344,27.420000076293945,25.559999465942383,27.34000015258789,219886655.0
2024-10-07,27.31999969482422,27.6200008392334,26.700000762939453,26.780000686645508,159510704.0
2024-10-08,26.760000228881836,27.280000686645508,26.3799991607666,26.739999771118164,207483090.0
2024-10-09,26.700000762939453,26.760000228881836,25.579999923706055,26.360000610351562,268737230.0
2024-10-10,26.459999084472656,26.579999923706055,25.8799991607666,25.899999618530273,212789225.0
2024-10-11,25.959999084472656,26.299999237060547,25.600000381469727,25.68000030517578,194258032.0
2024-10-14,25.65999984741211,26.0,25.3799991607666,25.440000534057617,138818541.0
2024-10-15,25.540000915527344,26.899999618530273,25.280000686645508,26.760000228881836,295624585.0
2024-10-16,26.559999465942383,27.100000381469727,26.079999923706055,27.100000381469727,147935779.0
2024-10-17,26.899999618530273,27.040000915527344,26.360000610351562,26.540000915527344,161386709.0
2024-10-18,26.459999084472656,26.65999984741211,25.100000381469727,25.100000381469727,139302058.0
2024-10-21,25.079999923706055,25.18000030517578,24.079999923706055,24.1200008392334,142908826.0
2024-10-22,24.18000030517578,24.979999542236328,24.040000915527344,24.540000915527344,178730755.0
2024-10-23,24.479999542236328,24.780000686645508,23.84000015258789,24.18000030517578,214228767.0
2024-10-24,24.520000457763672,24.8799991607666,24.420000076293945,24.65999984741211,92663082.0
2024-10-25,24.5,24.920000076293945,24.420000076293945,24.799999237060547,100988917.0
2024-10-28,24.81999969482422,25.0,24.719999313354492,24.760000228881836,26245220.0
2024-10-30,24.780000686645508,25.18000030517578,24.65999984741211,25.020000457763672,123872939.0
2024-10-31,24.84000015258789,25.18000030517578,24.420000076293945,24.479999542236328,98563002.0
2024-11-01,24.540000915527344,24.979999542236328,23.899999618530273,24.059999465942383,165520204.0
2024-11-04,24.0,24.34000015258789,22.940000534057617,23.100000381469727,153883576.0
2024-11-05,23.299999237060547,23.360000610351562,22.65999984741211,23.040000915527344,115402186.0
2024-11-06,23.1200008392334,23.799999237060547,22.979999542236328,23.399999618530273,153603096.0
2024-11-07,23.440000534057617,23.700000762939453,23.200000762939453,23.639999389648438,137923857.0
2024-11-08,23.639999389648438,25.440000534057617,23.600000381469727,25.34000015258789,264150494.0
2024-11-11,25.5,26.520000457763672,25.31999969482422,26.34000015258789,277700712.0
2024-11-12,26.219999313354492,26.6200008392334,25.899999618530273,26.239999771118164,214687936.0
2024-11-13,26.0,28.299999237060547,25.700000762939453,27.459999084472656,415507455.0
2024-11-14,27.719999313354492,27.84000015258789,27.15999984741211,27.540000915527344,294966318.0
2024-11-15,27.579999923706055,28.280000686645508,27.299999237060547,27.420000076293945,263809988.0
2024-11-18,27.579999923706055,27.739999771118164,27.260000228881836,27.420000076293945,217889532.0
2024-11-19,27.559999465942383,27.6200008392334,26.420000076293945,26.65999984741211,218084220.0
2024-11-20,26.799999237060547,27.299999237060547,26.15999984741211,26.260000228881836,250034746.0
2024-11-21,26.459999084472656,28.219999313354492,26.3799991607666,28.079999923706055,407614823.0
2024-11-22,27.979999542236328,29.3799991607666,27.719999313354492,29.200000762939453,344597494.0
2024-11-25,29.540000915527344,29.8799991607666,28.959999084472656,29.31999969482422,244855195.0
2024-11-26,29.280000686645508,29.760000228881836,28.940000534057617,29.579999923706055,228036705.0
2024-11-27,30.059999465942383,30.860000610351562,29.65999984741211,30.360000610351562,350575779.0
2024-11-28,30.360000610351562,30.920000076293945,30.079999923706055,30.920000076293945,246300455.0
2024-11-29,31.020000457763672,31.440000534057617,29.479999542236328,29.639999389648438,460407775.0
2024-12-02,28.979999542236328,29.280000686645508,28.639999389648438,29.0,170038170.0
2024-12-03,29.200000762939453,30.420000076293945,28.920000076293945,30.18000030517578,306907451.0
2024-12-04,30.239999771118164,30.920000076293945,30.15999984741211,30.3799991607666,230598845.0
2024-12-05,30.5,30.68000030517578,30.299999237060547,30.5,133016321.0
2024-12-06,31.5,32.02000045776367,31.239999771118164,31.700000762939453,288486322.0
2024-12-09,31.959999084472656,32.41999816894531,31.5,32.41999816894531,148458777.0
2024-12-10,32.31999969482422,32.540000915527344,31.200000762939453,31.239999771118164,161790920.0
2024-12-11,31.239999771118164,31.3799991607666,30.15999984741211,30.860000610351562,199372992.0
2024-12-12,31.0,31.1200008392334,30.399999618530273,30.479999542236328,204077621.0
2024-12-13,30.280000686645508,30.6200008392334,30.020000457763672,30.600000381469727,117405597.0
2024-12-16,30.700000762939453,30.719999313354492,29.65999984741211,29.65999984741211,99929721.0
2024-12-17,29.719999313354492,30.0,29.299999237060547,29.540000915527344,145419988.0
2024-12-18,29.579999923706055,30.079999923706055,29.399999618530273,29.399999618530273,139489523.0
2024-12-19,29.100000381469727,29.479999542236328,28.920000076293945,29.0,104734417.0
2024-12-20,29.5,29.5,28.559999465942383,28.600000381469727,123204385.0
2024-12-23,28.780000686645508,29.040000915527344,28.15999984741211,28.239999771118164,96675269.0
2024-12-24,28.239999771118164,28.5,27.959999084472656,28.420000076293945,116518592.0
2024-12-25,29.420000076293945,30.8799991607666,29.360000610351562,30.799999237060547,142589389.0
2024-12-26,30.959999084472656,31.739999771118164,30.399999618530273,30.65999984741211,208277590.0
2024-12-27,30.65999984741211,31.200000762939453,30.520000457763672,31.1200008392334,112989771.0
2024-12-30,31.15999984741211,31.31999969482422,30.760000228881836,30.760000228881836,64381435.0
2024-12-31,30.780000686645508,31.34000015258789,30.6200008392334,30.6200008392334,110968099.0
2025-01-02,30.860000610351562,31.979999542236328,30.700000762939453,31.799999237060547,170303817.0
2025-01-03,31.940000534057617,32.29999923706055,31.540000915527344,32.18000030517578,191332803.0
2025-01-06,32.279998779296875,32.36000061035156,31.700000762939453,31.920000076293945,150643334.0
2025-01-07,31.700000762939453,31.920000076293945,31.18000030517578,31.18000030517578,121601133.0
2025-01-08,31.0,31.260000228881836,30.5,30.579999923706055,146993609.0
2025-01-09,30.799999237060547,31.280000686645508,30.540000915527344,31.280000686645508,180340411.0
2025-01-10,31.299999237060547,31.540000915527344,30.5,30.700000762939453,207172797.0
2025-01-13,30.579999923706055,31.1200008392334,29.799999237060547,29.860000610351562,186367189.0
2025-01-14,30.100000381469727,30.31999969482422,29.739999771118164,30.079999923706055,149079733.0
2025-01-15,30.079999923706055,30.239999771118164,29.479999542236328,29.780000686645508,218646548.0
2025-01-16,30.31999969482422,30.979999542236328,29.81999969482422,30.899999618530273,274345540.0
2025-01-17,30.940000534057617,31.700000762939453,30.920000076293945,31.700000762939453,212881147.0
2025-01-20,32.0,32.18000030517578,31.15999984741211,31.979999542236328,223400719.0
2025-01-21,31.899999618530273,32.880001068115234,31.860000610351562,32.58000183105469,315832844.0
2025-01-22,32.720001220703125,33.400001525878906,32.52000045776367,33.31999969482422,258464821.0
2025-01-23,33.41999816894531,33.58000183105469,32.459999084472656,33.0,309662046.0
2025-01-24,33.040000915527344,33.220001220703125,32.380001068115234,32.459999084472656,132101107.0
2025-01-27,31.940000534057617,32.540000915527344,31.84000015258789,32.400001525878906,139282302.0
2025-01-28,32.65999984741211,33.0,32.31999969482422,32.84000015258789,189835574.0
2025-01-29,32.900001525878906,32.91999816894531,32.29999923706055,32.400001525878906,124564235.0
2025-01-30,32.459999084472656,32.65999984741211,31.940000534057617,31.979999542236328,130750634.0
2025-01-31,31.940000534057617,32.20000076293945,30.719999313354492,30.719999313354492,252534592.0
2025-02-03,30.280000686645508,30.3799991607666,28.959999084472656,29.1200008392334,360806402.0
2025-02-04,29.360000610351562,30.18000030517578,29.139999389648438,29.700000762939453,250283163.0
2025-02-05,29.700000762939453,29.920000076293945,28.760000228881836,29.100000381469727,202623534.0
2025-02-06,29.31999969482422,29.540000915527344,29.059999465942383,29.5,149199635.0
2025-02-07,29.479999542236328,29.520000457763672,28.920000076293945,29.059999465942383,188203151.0
2025-02-10,29.100000381469727,29.139999389648438,28.719999313354492,28.799999237060547,143348909.0
2025-02-11,28.799999237060547,29.059999465942383,28.6200008392334,28.700000762939453,185304849.0
2025-02-12,28.780000686645508,29.100000381469727,28.059999465942383,28.280000686645508,254266811.0
2025-02-13,28.6200008392334,29.020000457763672,28.399999618530273,28.65999984741211,265321873.0
2025-02-14,28.760000228881836,28.940000534057617,28.420000076293945,28.700000762939453,281996108.0
2025-02-17,28.760000228881836,28.920000076293945,28.3799991607666,28.719999313354492,200329403.0
2025-02-18,28.739999771118164,28.959999084472656,28.239999771118164,28.559999465942383,195263313.0
2025-02-19,28.600000381469727,28.8799991607666,28.139999389648438,28.219999313354492,257029462.0
2025-02-20,28.31999969482422,28.81999969482422,28.299999237060547,28.420000076293945,279132015.0
2025-02-21,28.479999542236328,28.81999969482422,27.719999313354492,28.100000381469727,300258581.0
2025-02-24,28.479999542236328,28.700000762939453,28.040000915527344,28.31999969482422,211982771.0
2025-02-25,28.31999969482422,28.719999313354492,28.260000228881836,28.399999618530273,223692568.0
2025-02-26,28.459999084472656,29.3799991607666,28.18000030517578,29.280000686645508,293401039.0
2025-02-27,29.200000762939453,29.81999969482422,29.079999923706055,29.540000915527344,235241293.0
2025-02-28,29.399999618530273,29.940000534057617,29.200000762939453,29.399999618530273,179126289.0
2025-03-03,29.920000076293945,31.959999084472656,29.899999618530273,31.15999984741211,441305255.0
2025-03-04,31.239999771118164,31.719999313354492,31.0,31.219999313354492,207627916.0
2025-03-05,31.600000381469727,31.81999969482422,30.940000534057617,31.479999542236328,294536090.0
2025-03-06,31.700000762939453,31.780000686645508,30.899999618530273,31.579999923706055,310405189.0
2025-03-07,31.600000381469727,31.799999237060547,31.34000015258789,31.719999313354492,284078942.0
2025-03-10,31.739999771118164,32.2400016784668,31.579999923706055,31.899999618530273,254747924.0
2025-03-11,31.979999542236328,32.08000183105469,31.520000457763672,31.559999465942383,222352562.0
2025-03-12,31.700000762939453,33.36000061035156,31.700000762939453,33.060001373291016,326454619.0
2025-03-13,33.040000915527344,33.70000076293945,32.939998626708984,33.2599983215332,201540322.0
2025-03-14,33.31999969482422,34.400001525878906,33.13999938964844,33.959999084472656,199859330.0
2025-03-17,34.0,34.68000030517578,33.2400016784668,33.58000183105469,254439957.0
2025-03-18,33.380001068115234,33.560001373291016,32.939998626708984,33.0,113403039.0
2025-03-19,30.600000381469727,31.040000915527344,29.700000762939453,29.700000762939453,337558898.0
2025-03-20,28.84000015258789,29.440000534057617,26.739999771118164,26.739999771118164,1023118425.0
2025-03-21,26.559999465942383,26.780000686645508,24.079999923706055,24.079999923706055,470599898.0
2025-03-24,24.600000381469727,25.040000915527344,22.479999542236328,24.200000762939453,600815444.0
2025-03-25,24.8799991607666,25.860000610351562,24.299999237060547,25.520000457763672,521320169.0
2025-03-26,25.139999389648438,25.5,24.399999618530273,24.799999237060547,297254794.0
2025-03-27,25.100000381469727,25.200000762939453,24.139999389648438,24.299999237060547,302423595.0
2025-03-28,24.260000228881836,24.399999618530273,23.65999984741211,24.040000915527344,248507137.0
2025-04-02,24.0,24.479999542236328,23.719999313354492,24.15999984741211,229252566.0
2025-04-03,24.31999969482422,24.799999237060547,23.959999084472656,23.959999084472656,168374518.0
2025-04-04,23.979999542236328,24.6200008392334,23.760000228881836,24.020000457763672,318138340.0
2025-04-07,23.420000076293945,24.5,23.280000686645508,24.5,330593137.0
2025-04-08,25.0,25.040000915527344,24.15999984741211,24.219999313354492,257188311.0
2025-04-09,23.959999084472656,24.15999984741211,23.299999237060547,23.31999969482422,223913417.0
2025-04-10,24.200000762939453,24.299999237060547,23.079999923706055,23.079999923706055,203238383.0
2025-04-11,23.139999389648438,23.520000457763672,22.579999923706055,23.520000457763672,213516644.0
2025-04-14,23.84000015258789,23.979999542236328,23.600000381469727,23.68000030517578,105618950.0
2025-04-15,23.700000762939453,24.059999465942383,23.559999465942383,23.559999465942383,138373232.0
2025-04-16,23.459999084472656,23.700000762939453,23.0,23.139999389648438,202818471.0
2025-04-17,23.219999313354492,23.6200008392334,22.799999237060547,22.979999542236328,330729226.0
2025-04-18,23.079999923706055,23.1200008392334,22.040000915527344,22.15999984741211,182736429.0
2025-04-21,22.260000228881836,24.139999389648438,21.920000076293945,23.6200008392334,409328688.0
2025-04-22,23.979999542236328,24.040000915527344,23.34000015258789,23.399999618530273,170665104.0
2025-04-24,23.360000610351562,24.34000015258789,23.260000228881836,24.299999237060547,242486263.0
2025-04-25,24.280000686645508,24.3799991607666,23.459999084472656,23.520000457763672,182558151.0
2025-04-28,23.700000762939453,24.0,22.559999465942383,22.559999465942383,292411915.0
2025-04-29,22.600000381469727,22.920000076293945,22.5,22.739999771118164,190253104.0
2025-04-30,22.780000686645508,22.920000076293945,22.3799991607666,22.760000228881836,165911569.0
2025-05-02,22.920000076293945,23.31999969482422,22.739999771118164,23.079999923706055,182278289.0
2025-05-05,23.260000228881836,23.459999084472656,22.520000457763672,22.520000457763672,130355323.0
2025-05-06,22.559999465942383,23.719999313354492,22.520000457763672,23.219999313354492,285104719.0
2025-05-07,23.260000228881836,23.8799991607666,23.1200008392334,23.6200008392334,242463868.0
2025-05-08,23.780000686645508,23.899999618530273,23.479999542236328,23.65999984741211,90327081.0
2025-05-09,23.81999969482422,24.31999969482422,23.34000015258789,24.18000030517578,364359068.0
2025-05-12,24.739999771118164,25.15999984741211,24.520000457763672,25.0,434989920.0
2025-05-13,24.860000610351562,25.739999771118164,24.639999389648438,25.540000915527344,471315306.0
2025-05-14,25.479999542236328,25.959999084472656,25.31999969482422,25.6200008392334,338508509.0
2025-05-15,25.739999771118164,25.8799991607666,25.139999389648438,25.239999771118164,245440302.0
2025-05-16,25.299999237060547,26.860000610351562,25.239999771118164,26.68000030517578,436596115.0
2025-05-20,26.559999465942383,27.34000015258789,26.479999542236328,27.0,357655553.0
2025-05-21,26.84000015258789,27.299999237060547,26.559999465942383,26.600000381469727,250955081.0
2025-05-22,26.799999237060547,27.459999084472656,26.600000381469727,26.81999969482422,354408031.0
2025-05-23,26.780000686645508,27.200000762939453,26.3799991607666,26.420000076293945,233782193.0
2025-05-26,26.700000762939453,26.799999237060547,25.479999542236328,25.940000534057617,274304505.0
2025-05-27,25.959999084472656,26.31999969482422,25.3799991607666,25.459999084472656,203943438.0
2025-05-28,25.479999542236328,25.700000762939453,25.31999969482422,25.600000381469727,180531586.0
2025-05-29,25.860000610351562,26.139999389648438,25.700000762939453,25.959999084472656,198929561.0
2025-05-30,25.920000076293945,26.100000381469727,25.399999618530273,25.459999084472656,190542244.0
2025-06-02,25.479999542236328,25.940000534057617,25.3799991607666,25.8799991607666,249271410.0
2025-06-03,26.31999969482422,27.600000381469727,26.200000762939453,27.360000610351562,326675414.0
2025-06-04,27.219999313354492,27.579999923706055,27.200000762939453,27.579999923706055,166142571.0
2025-06-05,27.440000534057617,27.520000457763672,27.260000228881836,27.3799991607666,53330877.0
2025-06-10,27.700000762939453,28.739999771118164,27.559999465942383,28.479999542236328,310741826.0
2025-06-11,28.399999618530273,28.68000030517578,28.18000030517578,28.3799991607666,210283168.0
2025-06-12,27.959999084472656,28.440000534057617,27.559999465942383,27.65999984741211,196682136.0
2025-06-13,26.0,27.5,25.899999618530273,27.5,245641643.0
2025-06-16,27.600000381469727,28.280000686645508,27.1200008392334,27.8799991607666,257450767.0
2025-06-17,27.8799991607666,28.079999923706055,27.139999389648438,27.139999389648438,186600017.0
2025-06-18,27.100000381469727,27.559999465942383,26.940000534057617,27.059999465942383,167643555.0
2025-06-19,27.34000015258789,27.559999465942383,26.399999618530273,26.420000076293945,230537874.0
2025-06-20,26.799999237060547,27.280000686645508,26.65999984741211,26.84000015258789,142029294.0
2025-06-23,26.5,27.34000015258789,26.399999618530273,26.959999084472656,150263290.0
2025-06-24,28.399999618530273,28.479999542236328,27.579999923706055,28.059999465942383,226995169.0
2025-06-25,28.1200008392334,28.1200008392334,27.760000228881836,28.0,137973190.0
2025-06-26,27.860000610351562,28.299999237060547,27.719999313354492,27.739999771118164,209991643.0
2025-06-27,27.84000015258789,28.959999084472656,27.559999465942383,28.81999969482422,280039530.0
2025-06-30,29.139999389648438,31.700000762939453,28.979999542236328,31.700000762939453,351890889.0
2025-07-01,32.02000045776367,32.2400016784668,31.479999542236328,32.0,284641088.0
2025-07-02,32.02000045776367,32.84000015258789,31.719999313354492,32.29999923706055,256051845.0
2025-07-03,32.939998626708984,33.2599983215332,31.700000762939453,31.8799991607666,233134122.0
2025-07-04,31.84000015258789,32.20000076293945,31.520000457763672,32.08000183105469,151536514.0
2025-07-07,31.639999389648438,32.2599983215332,31.559999465942383,31.920000076293945,156520074.0
2025-07-08,32.220001220703125,32.5,31.719999313354492,32.34000015258789,207380061.0
2025-07-09,32.18000030517578,33.70000076293945,31.860000610351562,33.70000076293945,237884004.0
2025-07-10,34.0,34.65999984741211,33.97999954223633,34.2599983215332,196443073.0
2025-07-11,34.720001220703125,34.86000061035156,33.68000030517578,34.220001220703125,180057928.0
2025-07-14,34.20000076293945,34.20000076293945,32.7599983215332,32.81999969482422,181650550.0
2025-07-16,32.65999984741211,33.02000045776367,31.360000610351562,31.860000610351562,236172844.0
2025-07-17,32.20000076293945,33.400001525878906,31.959999084472656,33.29999923706055,246313477.0
2025-07-18,33.279998779296875,33.36000061035156,32.79999923706055,32.880001068115234,129218675.0
2025-07-21,33.060001373291016,33.70000076293945,33.060001373291016,33.31999969482422,194853366.0
2025-07-22,33.34000015258789,33.720001220703125,32.900001525878906,33.18000030517578,193234403.0
2025-07-23,33.220001220703125,33.2599983215332,32.63999938964844,32.880001068115234,166701526.0
2025-07-24,33.060001373291016,33.900001525878906,32.619998931884766,33.380001068115234,297957912.0
2025-07-25,33.400001525878906,33.47999954223633,33.119998931884766,33.29999923706055,109867411.0
2025-07-28,33.439998626708984,33.47999954223633,32.599998474121094,32.63999938964844,111373329.0
2025-07-29,32.65999984741211,33.099998474121094,32.63999938964844,32.86000061035156,117599709.0
2025-07-30,32.86000061035156,33.63999938964844,32.779998779296875,33.560001373291016,163149068.0
2025-07-31,33.79999923706055,34.040000915527344,33.34000015258789,33.65999984741211,157033648.0
2025-08-01,33.599998474121094,33.65999984741211,33.08000183105469,33.2599983215332,122452647.0
2025-08-04,33.5,34.68000030517578,33.5,34.02000045776367,229739745.0
2025-08-05,34.060001373291016,34.119998931884766,33.31999969482422,33.560001373291016,140770442.0
2025-08-06,33.599998474121094,33.599998474121094,32.900001525878906,33.08000183105469,156993867.0
2025-08-07,33.20000076293945,34.31999969482422,33.20000076293945,33.70000076293945,201170746.0
2025-08-08,33.720001220703125,33.79999923706055,33.2599983215332,33.5,94224745.0
2025-08-11,33.79999923706055,33.84000015258789,33.439998626708984,33.439998626708984,93705612.0
2025-08-12,33.439998626708984,33.720001220703125,33.119998931884766,33.119998931884766,108877844.0
2025-08-13,33.20000076293945,33.70000076293945,33.13999938964844,33.2599983215332,106798287.0
2025-08-14,33.20000076293945,33.41999816894531,32.720001220703125,32.7599983215332,107221502.0
2025-08-15,32.7400016784668,33.0,32.58000183105469,32.63999938964844,115872525.0
2025-08-18,32.70000076293945,32.7599983215332,32.15999984741211,32.36000061035156,93023933.0
2025-08-19,32.5,32.84000015258789,32.15999984741211,32.380001068115234,101985992.0
2025-08-20,32.380001068115234,33.31999969482422,32.31999969482422,33.08000183105469,143677729.0
2025-08-21,33.400001525878906,33.79999923706055,33.18000030517578,33.79999923706055,167489611.0
2025-08-22,33.81999969482422,34.36000061035156,33.400001525878906,34.2599983215332,170147194.0
2025-08-25,34.58000183105469,34.779998779296875,33.900001525878906,33.91999816894531,150467196.0
2025-08-26,33.79999923706055,34.439998626708984,33.619998931884766,34.08000183105469,166109673.0
2025-08-27,34.15999984741211,34.18000030517578,33.29999923706055,33.31999969482422,111534991.0
2025-08-28,33.34000015258789,33.720001220703125,33.2400016784668,33.29999923706055,100251344.0
2025-08-29,33.36000061035156,33.599998474121094,32.68000030517578,32.880001068115234,126982544.0
2025-09-01,32.91999816894531,33.68000030517578,32.880001068115234,33.41999816894531,166675920.0
2025-09-02,33.58000183105469,34.099998474121094,30.280000686645508,31.579999923706055,382529287.0
2025-09-03,31.540000915527344,31.600000381469727,29.239999771118164,29.239999771118164,430939253.0
2025-09-04,29.459999084472656,30.479999542236328,29.200000762939453,30.219999313354492,329532413.0
2025-09-05,30.459999084472656,31.420000076293945,29.860000610351562,30.299999237060547,311255647.0
2025-09-08,29.600000381469727,30.31999969482422,29.520000457763672,30.020000457763672,119805488.0
2025-09-09,30.219999313354492,30.979999542236328,29.81999969482422,30.84000015258789,210024989.0
2025-09-10,31.020000457763672,31.639999389648438,30.68000030517578,31.540000915527344,228635491.0
2025-09-11,31.579999923706055,32.68000030517578,30.8799991607666,31.0,426619277.0
2025-09-12,31.059999465942383,31.280000686645508,30.31999969482422,31.100000381469727,185326663.0
2025-09-15,31.059999465942383,33.279998779296875,30.459999084472656,33.02000045776367,392061400.0
2025-09-16,33.099998474121094,34.099998474121094,32.7400016784668,34.040000915527344,263035946.0
2025-09-17,34.02000045776367,34.459999084472656,33.880001068115234,34.34000015258789,157022659.0
2025-09-18,34.47999954223633,34.779998779296875,33.2400016784668,33.52000045776367,198714207.0
2025-09-19,33.70000076293945,34.84000015258789,33.31999969482422,34.68000030517578,267600963.0
2025-09-22,35.79999923706055,36.20000076293945,35.5,35.58000183105469,156633383.0
2025-09-23,35.08000183105469,35.619998931884766,34.619998931884766,34.97999954223633,146951209.0
2025-09-24,35.0,35.31999969482422,33.400001525878906,34.560001373291016,261017410.0
2025-09-25,34.7599983215332,34.91999816894531,34.08000183105469,34.540000915527344,146794213.0
2025-09-26,34.459999084472656,34.68000030517578,33.84000015258789,34.15999984741211,179790596.0
2025-09-29,33.7599983215332,34.939998626708984,33.7599983215332,34.099998474121094,163457649.0
2025-09-30,34.279998779296875,34.540000915527344,33.459999084472656,33.939998626708984,200168913.0
2025-10-01,33.86000061035156,35.79999923706055,33.720001220703125,35.34000015258789,264075646.0
2025-10-02,35.2400016784668,35.400001525878906,33.81999969482422,34.18000030517578,182310934.0
2025-10-03,34.400001525878906,34.459999084472656,32.439998626708984,32.439998626708984,270879886.0
2025-10-06,32.63999938964844,32.63999938964844,31.219999313354492,31.399999618530273,165040278.0
2025-10-07,31.520000457763672,31.739999771118164,30.940000534057617,31.459999084472656,161300172.0
2025-10-08,31.459999084472656,32.119998931884766,31.219999313354492,31.399999618530273,156727962.0
2025-10-09,31.81999969482422,32.099998474121094,30.8799991607666,31.200000762939453,156055473.0
2025-10-10,31.219999313354492,31.579999923706055,30.719999313354492,30.959999084472656,121580954.0
2025-10-13,30.15999984741211,30.8799991607666,30.1200008392334,30.280000686645508,107504475.0
2025-10-14,30.299999237060547,30.440000534057617,28.639999389648438,28.760000228881836,186734504.0
2025-10-15,28.84000015258789,29.15999984741211,28.059999465942383,28.34000015258789,254012465.0
2025-10-16,28.18000030517578,29.059999465942383,28.079999923706055,28.420000076293945,196704101.0
2025-10-17,28.280000686645508,28.559999465942383,27.139999389648438,28.1200008392334,190818947.0
2025-10-20,28.34000015258789,29.6200008392334,27.579999923706055,29.3799991607666,236288857.0
2025-10-21,29.3799991607666,30.139999389648438,29.260000228881836,29.739999771118164,154529622.0
2025-10-22,29.860000610351562,30.559999465942383,29.65999984741211,30.239999771118164,145459880.0
2025-10-23,30.280000686645508,31.0,29.8799991607666,30.360000610351562,258302504.0
2025-10-24,31.219999313354492,33.380001068115234,30.8799991607666,32.7599983215332,461229015.0
2025-10-27,32.58000183105469,32.900001525878906,31.68000030517578,32.040000915527344,166180369.0
2025-10-28,31.899999618530273,32.380001068115234,31.860000610351562,32.36000061035156,65036598.0
2025-10-30,32.720001220703125,32.79999923706055,31.8799991607666,32.099998474121094,165516900.0
2025-10-31,32.18000030517578,33.720001220703125,32.08000183105469,33.599998474121094,235192128.0
2025-11-03,33.79999923706055,34.599998474121094,33.41999816894531,33.439998626708984,222134201.0
2025-11-04,33.41999816894531,34.400001525878906,33.119998931884766,33.279998779296875,201107005.0
2025-11-05,33.29999923706055,34.20000076293945,33.2599983215332,33.97999954223633,184765469.0
2025-11-06,34.2599983215332,34.560001373291016,33.939998626708984,34.400001525878906,150415405.0
2025-11-07,34.29999923706055,34.34000015258789,33.02000045776367,33.540000915527344,169002302.0
2025-11-10,33.70000076293945,33.91999816894531,32.7400016784668,32.939998626708984,145012452.0
2025-11-11,32.880001068115234,33.119998931884766,31.239999771118164,32.0,209095352.0
2025-11-12,32.2400016784668,32.400001525878906,31.799999237060547,32.220001220703125,125592135.0
2025-11-13,32.400001525878906,32.5,31.84000015258789,32.02000045776367,119176817.0
2025-11-14,31.899999618530273,32.540000915527344,31.559999465942383,31.959999084472656,116433717.0
2025-11-17,32.20000076293945,32.70000076293945,31.799999237060547,32.099998474121094,156297544.0
2025-11-18,32.0,32.900001525878906,31.760000228881836,32.439998626708984,178500786.0
2025-11-19,32.560001373291016,33.97999954223633,32.380001068115234,33.70000076293945,225689276.0
2025-11-20,33.84000015258789,34.31999969482422,33.58000183105469,34.29999923706055,142328603.0
2025-11-21,34.02000045776367,34.040000915527344,33.279998779296875,33.70000076293945,192899032.0
2025-11-24,33.58000183105469,34.619998931884766,33.540000915527344,34.279998779296875,203966628.0
2025-11-25,34.400001525878906,35.060001373291016,34.18000030517578,34.540000915527344,219000846.0
2025-11-26,34.58000183105469,34.900001525878906,34.15999984741211,34.70000076293945,180743823.0
2025-11-27,35.060001373291016,35.439998626708984,34.81999969482422,35.040000915527344,160270810.0
2025-11-28,34.97999954223633,35.439998626708984,34.86000061035156,35.29999923706055,161387999.0
2025-12-01,35.2400016784668,37.34000015258789,35.040000915527344,36.900001525878906,229515327.0
2025-12-02,36.91999816894531,37.040000915527344,36.13999938964844,36.220001220703125,193112574.0
2025-12-03,36.34000015258789,37.63999938964844,36.0,36.959999084472656,424749028.0
2025-12-04,36.91999816894531,37.13999938964844,35.08000183105469,35.099998474121094,233054965.0
2025-12-05,34.97999954223633,35.880001068115234,34.880001068115234,35.86000061035156,321533078.0
2025-12-08,36.279998779296875,37.31999969482422,36.15999984741211,36.619998931884766,223148632.0
2025-12-09,36.65999984741211,36.65999984741211,35.900001525878906,36.540000915527344,195907096.0
2025-12-10,36.619998931884766,36.79999923706055,35.380001068115234,35.959999084472656,241127775.0
2025-12-11,36.099998474121094,36.560001373291016,35.52000045776367,35.7599983215332,290462583.0
2025-12-12,35.959999084472656,36.47999954223633,35.63999938964844,36.400001525878906,161170355.0
2025-12-15,36.47999954223633,37.060001373291016,36.31999969482422,37.0,137285448.0
2025-12-16,36.97999954223633,36.97999954223633,36.20000076293945,36.68000030517578,131993102.0
2025-12-17,36.52000045776367,36.7400016784668,36.040000915527344,36.41999816894531,176121542.0
2025-12-18,36.5,37.119998931884766,36.34000015258789,37.119998931884766,167353609.0
2025-12-19,37.08000183105469,37.220001220703125,36.58000183105469,36.84000015258789,140551610.0
2025-12-22,36.900001525878906,37.599998474121094,36.70000076293945,37.2400016784668,154823860.0
2025-12-23,37.099998474121094,37.560001373291016,36.68000030517578,36.7400016784668,133432430.0
2025-12-24,36.79999923706055,36.959999084472656,35.939998626708984,35.939998626708984,149373329.0
2025-12-25,36.099998474121094,36.29999923706055,35.7400016784668,35.7400016784668,60879616.0
2025-12-26,35.7400016784668,35.959999084472656,34.79999923706055,35.18000030517578,156718682.0
2025-12-29,35.15999984741211,35.81999969482422,34.91999816894531,35.7400016784668,134644530.0
2025-12-30,35.7400016784668,35.880001068115234,35.20000076293945,35.779998779296875,100714332.0
2025-12-31,35.86000061035156,36.560001373291016,35.779998779296875,36.220001220703125,111894838.0
2026-01-02,36.380001068115234,38.279998779296875,36.380001068115234,38.119998931884766,170314158.0
2026-01-05,38.5,38.599998474121094,37.720001220703125,38.2400016784668,186325305.0
2026-01-06,38.279998779296875,38.91999816894531,37.91999816894531,38.68000030517578,205264335.0
2026-01-07,38.79999923706055,38.81999969482422,37.540000915527344,37.63999938964844,179799169.0
2026-01-08,37.560001373291016,38.13999938964844,37.439998626708984,37.619998931884766,168081069.0
2026-01-09,37.779998779296875,38.380001068115234,37.47999954223633,37.63999938964844,183437049.0
2026-01-12,37.7599983215332,38.18000030517578,37.15999984741211,37.2599983215332,169064817.0
2026-01-13,37.279998779296875,37.79999923706055,37.099998474121094,37.540000915527344,204624485.0
2026-01-14,37.65999984741211,37.68000030517578,37.040000915527344,37.2400016784668,228053902.0
2026-01-15,37.02000045776367,37.040000915527344,35.959999084472656,36.18000030517578,321172704.0
2026-01-16,36.2400016784668,36.41999816894531,35.900001525878906,36.20000076293945,279881151.0
2026-01-19,36.36000061035156,37.81999969482422,36.36000061035156,37.5,276402245.0
2026-01-20,37.540000915527344,38.13999938964844,36.939998626708984,37.63999938964844,222665342.0
2026-01-21,37.70000076293945,38.58000183105469,37.619998931884766,38.58000183105469,229883422.0
2026-01-22,38.7599983215332,38.900001525878906,37.220001220703125,37.900001525878906,338552641.0
2026-01-23,38.02000045776367,38.86000061035156,37.959999084472656,38.65999984741211,181584757.0
2026-01-26,38.13999938964844,38.5,37.58000183105469,38.220001220703125,265071554.0
2026-01-27,38.36000061035156,38.380001068115234,36.84000015258789,36.97999954223633,266767558.0
2026-01-28,36.959999084472656,38.2599983215332,36.7400016784668,37.79999923706055,315116977.0
2026-01-29,38.040000915527344,41.439998626708984,37.91999816894531,40.400001525878906,450961518.0
2026-01-30,40.31999969482422,41.41999816894531,39.65999984741211,41.08000183105469,273721785.0
2026-02-02,39.939998626708984,41.060001373291016,38.91999816894531,40.31999969482422,318746313.0
2026-02-03,40.70000076293945,41.08000183105469,39.380001068115234,40.959999084472656,328374540.0
2026-02-04,41.08000183105469,41.2599983215332,39.34000015258789,39.5,225026838.0
2026-02-05,39.459999084472656,39.58000183105469,38.20000076293945,38.2599983215332,226573885.0
2026-02-06,38.279998779296875,38.52000045776367,37.880001068115234,38.2599983215332,186959527.0
2026-02-09,38.779998779296875,39.84000015258789,38.599998474121094,39.70000076293945,187949673.0
2026-02-10,39.63999938964844,39.91999816894531,39.2400016784668,39.7599983215332,150732543.0
2026-02-11,39.5,40.20000076293945,39.08000183105469,39.779998779296875,198042508.0
2026-02-12,39.97999954223633,42.65999984741211,39.86000061035156,42.619998931884766,318638757.0
2026-02-13,42.560001373291016,42.79999923706055,41.540000915527344,41.81999969482422,146248147.0
2026-02-16,42.0,42.63999938964844,41.31999969482422,42.15999984741211,138576756.0
2026-02-17,42.0,43.15999984741211,41.68000030517578,41.68000030517578,158725953.0
2026-02-18,41.7400016784668,43.939998626708984,41.720001220703125,43.18000030517578,205607711.0
2026-02-19,43.31999969482422,43.36000061035156,40.65999984741211,41.15999984741211,227421183.0
2026-02-20,41.18000030517578,42.0,40.84000015258789,42.0,165291655.0
2026-02-23,42.5,43.65999984741211,42.439998626708984,43.18000030517578,160162512.0
2026-02-24,42.900001525878906,43.70000076293945,42.560001373291016,43.02000045776367,174209495.0
2026-02-25,43.060001373291016,43.5,42.65999984741211,43.20000076293945,163800428.0
2026-02-26,43.29999923706055,44.29999923706055,42.58000183105469,44.02000045776367,174544651.0
2026-02-27,44.20000076293945,44.5,42.880001068115234,43.29999923706055,197069782.0
2026-03-02,40.36000061035156,41.7400016784668,39.52000045776367,39.52000045776367,190972253.0
2026-03-03,39.279998779296875,39.97999954223633,37.02000045776367,37.08000183105469,243310018.0
2026-03-04,37.220001220703125,37.58000183105469,36.459999084472656,36.81999969482422,184993729.0
2026-03-05,37.2400016784668,38.15999984741211,37.099998474121094,37.380001068115234,117683000.0
2026-03-06,36.900001525878906,37.439998626708984,35.119998931884766,35.36000061035156,145961159.0
2026-03-09,34.02000045776367,35.2400016784668,33.2599983215332,34.900001525878906,212159667.0
2026-03-10,36.380001068115234,37.2400016784668,35.63999938964844,37.0,186691324.0
2026-03-11,36.900001525878906,37.13999938964844,36.02000045776367,36.63999938964844,166908961.0
2026-03-12,36.29999923706055,36.959999084472656,35.86000061035156,35.86000061035156,229621125.0
2026-03-13,35.65999984741211,35.779998779296875,34.2599983215332,34.79999923706055,141415199.0
2026-03-16,35.20000076293945,35.29999923706055,34.52000045776367,34.97999954223633,109037793.0
2026-03-17,35.220001220703125,36.2599983215332,35.099998474121094,35.97999954223633,154212347.0
2026-03-18,36.20000076293945,36.459999084472656,35.31999969482422,35.439998626708984,148117136.0
2026-03-19,34.91999816894531,35.34000015258789,34.779998779296875,34.779998779296875,52223647.0
2026-03-23,33.599998474121094,34.86000061035156,32.2599983215332,34.79999923706055,307884431.0
2026-03-24,34.29999923706055,34.84000015258789,33.2599983215332,33.34000015258789,163485999.0
2026-03-25,34.0,34.65999984741211,33.779998779296875,34.040000915527344,133407932.0
2026-03-26,33.880001068115234,34.36000061035156,33.119998931884766,33.18000030517578,89374690.0
2026-03-27,33.34000015258789,33.58000183105469,32.81999969482422,33.18000030517578,96006629.0
2026-03-30,33.08000183105469,33.400001525878906,32.540000915527344,32.720001220703125,100696788.0
2026-03-31,32.84000015258789,33.65999984741211,32.84000015258789,33.02000045776367,120740713.0
2026-04-01,34.400001525878906,34.560001373291016,33.880001068115234,34.2599983215332,137307732.0
2026-04-02,33.5,34.68000030517578,33.439998626708984,34.619998931884766,130128615.0
2026-04-03,34.58000183105469,34.97999954223633,34.099998474121094,34.41999816894531,114340454.0
2026-04-06,34.560001373291016,35.560001373291016,34.52000045776367,35.13999938964844,137588936.0
2026-04-07,35.02000045776367,35.34000015258789,34.18000030517578,34.34000015258789,133865568.0
2026-04-08,36.7599983215332,37.7599983215332,36.540000915527344,37.540000915527344,232495949.0
2026-04-09,37.400001525878906,37.779998779296875,36.959999084472656,37.63999938964844,126504072.0
2026-04-10,38.0,38.81999969482422,38.0,38.65999984741211,140239623.0
2026-04-13,37.779998779296875,38.2400016784668,37.15999984741211,38.060001373291016,186876184.0
2026-04-14,38.68000030517578,39.2599983215332,37.119998931884766,37.68000030517578,369019421.0
2026-04-15,37.81999969482422,37.97999954223633,37.31999969482422,37.58000183105469,133657024.0
2026-04-16,37.97999954223633,38.08000183105469,37.2599983215332,37.47999954223633,118009776.0
2026-04-17,37.5,39.36000061035156,37.13999938964844,39.29999923706055,396574274.0
2026-04-20,38.400001525878906,39.18000030517578,38.099998474121094,38.720001220703125,208125006.0
2026-04-21,38.939998626708984,39.220001220703125,38.31999969482422,38.540000915527344,137726376.0
2026-04-22,38.7400016784668,39.13999938964844,37.81999969482422,37.939998626708984,154038696.0
2026-04-24,37.7599983215332,37.880001068115234,37.13999938964844,37.63999938964844,140129355.0
2026-04-27,37.63999938964844,38.13999938964844,37.400001525878906,37.599998474121094,118994240.0
2026-04-28,37.5,37.70000076293945,36.880001068115234,37.060001373291016,112520252.0
2026-04-29,37.540000915527344,37.7599983215332,36.52000045776367,36.560001373291016,156123097.0
2026-04-30,36.279998779296875,37.08000183105469,36.08000183105469,37.040000915527344,151045353.0
2026-05-04,37.18000030517578,37.29999923706055,35.79999923706055,35.84000015258789,160923325.0
2026-05-05,35.84000015258789,36.279998779296875,35.720001220703125,36.08000183105469,123304581.0
2026-05-06,36.79999923706055,38.81999969482422,36.31999969482422,37.7599983215332,363584241.0
2026-05-07,37.91999816894531,39.0,37.70000076293945,38.65999984741211,175405110.0
2026-05-08,38.29999923706055,39.63999938964844,38.119998931884766,39.29999923706055,144004040.0
2026-05-11,38.939998626708984,39.900001525878906,38.70000076293945,39.720001220703125,157392053.0
2026-05-12,39.599998474121094,39.91999816894531,37.880001068115234,37.880001068115234,130001510.0
2026-05-13,38.13999938964844,38.29999923706055,37.18000030517578,37.439998626708984,114452933.0
2026-05-14,37.79999923706055,38.2599983215332,37.279998779296875,37.81999969482422,156665568.0
2026-05-15,37.31999969482422,37.36000061035156,36.459999084472656,36.81999969482422,139717176.0
2026-05-18,36.5,37.08000183105469,36.040000915527344,36.34000015258789,183174843.0
2026-05-20,36.2400016784668,36.36000061035156,35.279998779296875,35.68000030517578,188649338.0
2026-05-21,35.58000183105469,35.779998779296875,32.119998931884766,32.119998931884766,148761385.0
2026-05-22,31.979999542236328,33.34000015258789,30.420000076293945,32.86000061035156,454860921.0
2026-05-25,33.20000076293945,33.58000183105469,32.63999938964844,33.34000015258789,155250706.0
2026-05-26,33.2400016784668,33.560001373291016,33.0,33.15999984741211,79016540.0
2026-05-27,33.15999984741211,33.15999984741211,33.15999984741211,33.15999984741211,0.0
2026-05-28,33.15999984741211,33.15999984741211,33.15999984741211,33.15999984741211,0.0
2026-05-29,33.15999984741211,33.15999984741211,33.15999984741211,33.15999984741211,0.0
2026-06-01,33.34000015258789,34.2400016784668,33.20000076293945,33.41999816894531,202246675.0
2026-06-02,33.939998626708984,35.380001068115234,33.880001068115234,34.97999954223633,214127283.0
2026-06-03,34.79999923706055,35.560001373291016,34.29999923706055,34.380001068115234,190615910.0
2026-06-04,34.70000076293945,35.31999969482422,34.279998779296875,35.20000076293945,188412673.0
2026-06-05,35.380001068115234,35.5,33.599998474121094,33.599998474121094,163122643.0
2026-06-08,33.099998474121094,35.220001220703125,32.959999084472656,34.939998626708984,211209141.0
2026-06-09,34.97999954223633,35.65999984741211,34.880001068115234,35.540000915527344,126270321.0
2026-06-10,35.41999816894531,35.70000076293945,34.58000183105469,34.79999923706055,120223637.0
2026-06-11,34.900001525878906,35.7400016784668,34.29999923706055,35.02000045776367,171725150.0
2026-06-12,36.0,38.29999923706055,35.939998626708984,38.099998474121094,261822310.0
2026-06-15,40.880001068115234,40.91999816894531,39.81999969482422,40.459999084472656,191796943.0
2026-06-16,40.2400016784668,40.7400016784668,39.91999816894531,40.5,114675627.0
2026-06-17,40.619998931884766,41.18000030517578,40.279998779296875,40.900001525878906,128840916.0
2026-06-18,40.91999816894531,42.81999969482422,40.91999816894531,42.70000076293945,159108415.0
2026-06-19,42.20000076293945,43.7599983215332,42.15999984741211,43.380001068115234,161190035.0
2026-06-22,43.58000183105469,44.20000076293945,43.47999954223633,43.84000015258789,87100896.0
2026-06-23,43.47999954223633,43.959999084472656,42.5,42.880001068115234,142444167.0
2026-06-24,42.880001068115234,43.0,41.7599983215332,42.720001220703125,120872356.0
2026-06-25,43.459999084472656,43.65999984741211,40.119998931884766,40.5,229428658.0
2026-06-26,40.5,41.13999938964844,40.2599983215332,40.65999984741211,121592255.0
2026-06-29,40.7400016784668,40.939998626708984,39.880001068115234,40.08000183105469,128557315.0
2026-06-30,40.08000183105469,40.540000915527344,39.779998779296875,40.13999938964844,153876471.0
2026-07-01,40.02000045776367,40.7599983215332,39.560001373291016,40.599998474121094,198637773.0
2026-07-02,40.70000076293945,41.099998474121094,40.099998474121094,40.5,177435196.0
2026-07-03,40.900001525878906,40.97999954223633,38.0,38.02000045776367,275143601.0
2026-07-06,38.119998931884766,38.400001525878906,37.34000015258789,37.459999084472656,189540500.0
2026-07-07,37.29999923706055,38.18000030517578,37.279998779296875,37.599998474121094,186417614.0
2026-07-08,37.31999969482422,37.65999984741211,36.20000076293945,36.220001220703125,243657258.0
2026-07-09,36.5,36.599998474121094,35.63999938964844,35.86000061035156,150059188.0
2026-07-10,35.86000061035156,36.400001525878906,34.939998626708984,35.13999938964844,296883351.0
2026-07-13,34.720001220703125,34.779998779296875,33.81999969482422,34.099998474121094,288059515.0
2026-07-14,34.0,34.380001068115234,33.779998779296875,33.959999084472656,337066313.0
2026-07-16,34.02000045776367,34.13999938964844,32.959999084472656,33.52000045776367,555856569.0
2026-07-17,33.380001068115234,33.560001373291016,32.68000030517578,33.220001220703125,279785376.0
2026-07-20,33.220001220703125,33.63999938964844,32.880001068115234,32.900001525878906,217440166.0
2026-07-21,33.13999938964844,33.720001220703125,32.79999923706055,32.86000061035156,222413410.0
2026-07-22,32.959999084472656,33.29999923706055,32.70000076293945,33.13999938964844,227707617.0
2026-07-23,33.20000076293945,33.459999084472656,32.86000061035156,33.2599983215332,277903303.0
2026-07-24,33.15999984741211,33.86000061035156,33.060001373291016,33.36000061035156,281126686.0
2026-07-27,34.0,34.560001373291016,32.86000061035156,32.900001525878906,304490720.0
2026-07-28,32.939998626708984,33.08000183105469,32.439998626708984,32.7400016784668,255915106.0
2026-07-29,33.0,33.36000061035156,31.700000762939453,31.84000015258789,309105233.0
2026-07-30,31.8799991607666,32.060001373291016,30.799999237060547,31.0,272016620.0
2026-07-31,31.219999313354492,32.79999923706055,31.18000030517578,32.7599983215332,279386134.0
2026-08-03,33.29999923706055,34.279998779296875,33.08000183105469,34.0,269348588.0
2026-08-04,33.900001525878906,35.31999969482422,33.5,34.86000061035156,301695236.0
2026-08-05,34.599998474121094,34.84000015258789,33.86000061035156,34.279998779296875,205267098.0
2026-08-06,34.36000061035156,34.779998779296875,33.959999084472656,34.040000915527344,175918586.0
2026-08-07,34.08000183105469,34.5,33.79999923706055,34.02000045776367,159856270.0
2026-08-10,34.099998474121094,34.41999816894531,33.720001220703125,34.0,161230154.0
2026-08-11,33.81999969482422,34.540000915527344,33.0,34.060001373291016,187686319.0
2026-08-12,34.060001373291016,35.779998779296875,34.0,35.70000076293945,273007160.0
2026-08-13,35.70000076293945,36.060001373291016,34.58000183105469,35.540000915527344,242039476.0
2026-08-14,35.459999084472656,35.81999969482422,35.119998931884766,35.41999816894531,130193364.0
2026-08-17,35.41999816894531,35.619998931884766,34.900001525878906,34.91999816894531,156960288.0
2026-08-18,34.68000030517578,35.400001525878906,34.400001525878906,34.86000061035156,162779521.0
2026-08-19,34.84000015258789,35.720001220703125,34.70000076293945,35.619998931884766,185316710.0
2026-08-20,35.7599983215332,35.959999084472656,34.63999938964844,34.79999923706055,179018668.0
2026-08-21,34.880001068115234,35.58000183105469,34.84000015258789,35.099998474121094,227903244.0
2026-08-24,36.52000045776367,36.7599983215332,36.099998474121094,36.52000045776367,251344562.0
2026-08-25,36.380001068115234,36.880001068115234,36.34000015258789,36.65999984741211,170533767.0
2026-08-26,36.84000015258789,38.02000045776367,36.84000015258789,37.08000183105469,280854549.0
2026-08-27,37.279998779296875,37.5,36.65999984741211,36.86000061035156,224443328.0
2026-08-28,36.900001525878906,37.459999084472656,36.63999938964844,37.220001220703125,185014963.0
2026-08-31,37.36000061035156,37.400001525878906,36.29999923706055,36.52000045776367,237373163.0
2026-09-01,36.599998474121094,37.36000061035156,36.060001373291016,36.81999969482422,248952295.0
2026-09-02,36.400001525878906,36.58000183105469,34.84000015258789,36.08000183105469,332754630.0
2026-09-03,36.2599983215332,36.65999984741211,35.779998779296875,35.900001525878906,263620843.0
2026-09-04,36.0,36.36000061035156,35.47999954223633,35.900001525878906,214419481.0
2026-09-07,35.900001525878906,36.380001068115234,35.68000030517578,36.2599983215332,190615254.0
2026-09-08,36.36000061035156,37.619998931884766,36.02000045776367,37.619998931884766,381765420.0
2026-09-09,37.380001068115234,37.880001068115234,36.47999954223633,36.599998474121094,346032270.0
2026-09-10,36.79999923706055,36.900001525878906,35.720001220703125,36.20000076293945,219766767.0
2026-09-11,36.2599983215332,36.91999816894531,36.08000183105469,36.70000076293945,193109298.0
2026-09-14,36.41999816894531,36.900001525878906,36.29999923706055,36.63999938964844,133804769.0
2026-09-15,36.7400016784668,36.7599983215332,34.68000030517578,34.68000030517578,230525709.0
2026-09-16,34.70000076293945,34.7599983215332,31.219999313354492,32.119998931884766,478797152.0
