Date,Open,High,Low,Close,Volume
2021-09-17,8.650560483485974,8.763027934118812,8.509977510902036,8.584955215454102,3914867.0
2021-09-20,8.388139154445858,8.528723031508747,8.275672589078434,8.33190631866455,2768617.0
2021-09-21,8.378766850229187,8.47248943642565,8.294417595218158,8.303789138793945,2589461.0
2021-09-22,8.350649558898356,8.416254826094479,8.238183003502977,8.341277122497559,2086968.0
2021-09-23,8.35064976969085,8.397511059073011,8.022622531625231,8.210066795349121,3746741.0
2021-09-24,8.172577903062153,8.247555608188938,8.041366472187908,8.106971740722656,2898416.0
2021-09-27,8.135087871466697,8.228809542389563,8.088226589102955,8.200693130493164,3583434.0
2021-09-28,8.210066755625546,8.238183171596901,7.9757612036531595,8.106971740722656,2960849.0
2021-09-29,8.106971931158188,8.172578095038796,8.069483077714171,8.078855514526367,2078611.0
2021-09-30,8.088227951338563,8.1632056582266,8.060111534706744,8.078855514526367,2267831.0
2021-10-01,8.06011136565951,8.097600218317265,7.994505203154882,8.003877639770508,2864090.0
2021-10-04,8.0132499911676,8.060111279942623,7.966388702392578,7.966388702392578,3129352.0
2021-10-05,7.975760821549084,8.050738523083824,7.957015949263047,8.022622108459473,2553856.0
2021-10-06,8.022621926049291,8.031993468174523,7.6383600971648224,7.657104969024658,4534443.0
2021-10-07,7.694594740342921,7.760200012098999,7.666478322991001,7.741456031799316,2840900.0
2021-10-08,7.741455652245082,7.872666189324144,7.703966799678957,7.7976884841918945,2876679.0
2021-10-11,7.778944694817252,7.844549964959236,7.73208340451379,7.7695722579956055,3579911.0
2021-10-12,7.750827972804425,7.957016211929005,7.741455536352016,7.844549655914307,5067213.0
2021-10-13,7.872665680468155,8.069482367170094,7.835176830325151,7.882038116455078,6177392.0
2021-10-14,7.835177219461897,7.975761084833823,7.816433240361816,7.844549655914307,4309128.0
2021-10-15,7.891410149635523,8.041365542553264,7.816432453176653,7.900782585144043,8865258.0
2021-10-18,7.928899850133508,8.0132499911676,7.882038561358486,7.966388702392578,7484658.0
2021-10-19,8.013249336312676,8.322532565626089,8.013249336312676,8.285043716430664,9971542.0
2021-10-20,8.285042579366017,8.51934807813178,8.247553735315678,8.313158988952637,8741486.0
2021-10-21,8.322532066558477,8.453743477776593,8.228809502287735,8.369393348693848,7763405.0
2021-10-22,8.406882995492582,8.659932513011949,8.350649272819,8.603699684143066,9246272.0
2021-10-25,8.556839589618578,8.84737799812755,8.528723171267186,8.716167449951172,9761083.0
2021-10-26,8.809887118067602,8.88486481231293,8.734909423822273,8.781770706176758,5348887.0
2021-10-27,8.791144776293367,8.819261193413006,8.688050650984833,8.77239990234375,4592905.0
2021-10-28,8.772399309327582,8.847377012447966,8.753655330449847,8.819260597229004,2614904.0
2021-11-01,8.959845435242567,9.700251004422913,8.959845435242567,9.231639862060547,13452507.0
2021-11-02,9.250382197522631,9.428454900475536,9.100426801649444,9.344104766845703,9898907.0
2021-11-03,9.38159438317616,9.456572087245513,8.987960989909697,9.372221946716309,11025304.0
2021-11-04,9.447198454662162,9.775226538787017,9.437826019388966,9.672131538391113,9194313.0
2021-11-05,9.672132189089467,10.215720958240329,9.465943962035473,9.625271797180176,10939565.0
2021-11-08,9.625272728306559,9.737739288617039,9.522177711001708,9.72836685180664,9081079.0
2021-11-09,9.625272304890478,9.625272304890478,9.437827152147294,9.540922164916992,10458020.0
2021-11-10,9.625272869515934,9.990788972436176,9.569039141633322,9.906438827514648,17826751.0
2021-11-11,9.840832710266113,10.15948838865491,9.812716295644956,9.840832710266113,11318133.0
2021-11-12,9.840830989259537,9.962669956383104,9.803342145052634,9.91580867767334,4597707.0
2021-11-15,10.047021440717113,10.346932235011613,9.99078771988456,10.271954536437988,11708998.0
2021-11-16,10.290697560347143,10.525003070123402,10.037648074567166,10.168859481811523,10963605.0
2021-11-17,10.159489845393459,10.496889550640184,10.131373426740774,10.37505054473877,11533225.0
2021-11-18,10.318817270067028,10.534377960275728,9.812717286745732,10.29069995880127,12393671.0
2021-11-19,10.431282369358108,10.487515196385992,10.187604402091493,10.271954536437988,7066189.0
2021-11-22,10.328190225500544,10.534378488968711,10.328190225500544,10.4125394821167,7003189.0
2021-11-23,10.39379416303834,10.478144302602791,10.047022062232603,10.3281888961792,17900446.0
2021-11-24,10.459400694416955,10.796801293465782,10.440656713250261,10.581239700317383,16097151.0
2021-11-25,10.618728179445334,10.928011455055989,10.618728179445334,10.843661308288574,11255593.0
2021-11-26,10.796800166190206,10.796800166190206,10.262582904741226,10.403166770935059,9056540.0
2021-11-29,10.543749096752075,10.543749096752075,10.168860597500542,10.346932411193848,7763187.0
2021-11-30,10.375049696920376,10.45002740307047,10.196977868265094,10.309444427490234,6396726.0
2021-12-01,10.365678787231445,10.478145353327026,10.300072619988745,10.365678787231445,10844066.0
2021-12-02,10.40316590553316,10.543748866227663,10.384421034078072,10.440654754638672,8210891.0
2021-12-03,10.599984060973084,10.721822167157042,10.571866749880057,10.665589332580566,10908789.0
2021-12-06,10.731194136904925,10.768682989591742,10.55312231009373,10.684332847595215,8229758.0
2021-12-07,10.749937912690545,10.853032023603237,10.693704192498839,10.815543174743652,10546821.0
2021-12-08,10.890522517033535,11.03110639183995,10.749939536031913,10.806172370910645,13953070.0
2021-12-09,10.824915926449938,10.937382476312223,10.73119335466236,10.759309768676758,15017239.0
2021-12-10,10.77805512287778,10.787427559236894,10.590610864719112,10.637472152709961,8854121.0
2021-12-13,10.64684273248133,10.85303184471276,10.599982342532744,10.740565299987793,13367349.0
2021-12-14,10.824916822743132,10.918638508486096,10.571866394247134,10.618727684020996,16542544.0
2021-12-15,10.721821304853833,11.190432393058723,10.56249435716451,11.012360572814941,28942286.0
2021-12-16,11.096710153986315,11.302899272698843,10.853032185853754,11.265410423278809,18346714.0
2021-12-17,11.43410958477501,12.286981563472635,10.450026188660575,10.609354019165039,30441840.0
2021-12-20,10.37504897473592,11.434110117643014,10.290698837737303,10.796799659729004,14096566.0
2021-12-21,11.480971942730744,11.509088358447613,10.178232763785875,10.403166770935059,18348440.0
2021-12-22,10.309443904833179,11.181060811895675,9.840832818249853,10.496888160705566,14590650.0
2021-12-23,10.778054038092659,11.387248039245605,10.496887232251053,11.387248039245605,12731290.0
2021-12-24,11.359133146740973,11.527833431580241,10.84366074935802,11.302900314331055,9790807.0
2021-12-27,11.396622404669646,11.883978403169035,11.38724996766663,11.799628257751465,12028392.0
2021-12-28,11.837115804904219,11.99644364114336,11.509087696457822,11.64967155456543,8168093.0
2021-12-29,11.574694678880485,11.752766505934988,11.24666654706907,11.509088516235352,6289760.0
2021-12-30,11.471599663497312,11.74339406929929,11.29352783644281,11.509088516235352,7190968.0
2021-12-31,11.574694931776301,11.62155532836914,11.152944212002566,11.62155532836914,5121799.0
2022-01-03,11.790254278106737,12.043304681250229,11.780881842330015,11.846487998962402,6896574.0
2022-01-04,11.874604628363947,12.202632736075314,11.771510514359795,11.855859756469727,9994479.0
2022-01-05,11.865232380852564,11.893348795335735,11.677788127956928,11.827743530273438,5107571.0
2022-01-06,11.715278260809894,11.724650697931693,11.415367423350697,11.462227821350098,6460582.0
2022-01-07,11.434111545541208,11.574695422696662,11.40599512763204,11.499717712402344,3760570.0
2022-01-10,11.499715882404697,11.743392955181479,11.462226139418627,11.640298843383789,7605729.0
2022-01-11,11.715277914323813,12.277611611733265,11.462227482348128,12.137027740478516,12991887.0
2022-01-12,12.23074805345185,13.1585976777084,11.996442538611028,12.943037033081055,15831480.0
2022-01-13,12.914921555051354,13.777166043166135,12.914921555051354,13.524116516113281,15658271.0
2022-01-14,13.524115625301963,13.861515270416715,13.111737387468146,13.252321243286133,11688909.0
2022-01-17,13.374162001509651,13.824028254669196,13.261694544414972,13.730305671691895,9962654.0
2022-01-18,13.730305180682274,13.861516613397285,12.55877740438499,12.577522277832031,9672068.0
2022-01-19,12.605638362075855,13.355416297912598,12.605638362075855,13.355416297912598,11677591.0
2022-01-20,13.38353230301486,14.245776768708156,13.38353230301486,14.198915481567383,21323616.0
2022-01-21,14.198915860199486,14.789365948787042,13.842772213563881,14.142683029174805,17574347.0
2022-01-24,14.283264768764456,14.714386975927907,13.730303579815175,14.0302152633667,15144838.0
2022-01-25,14.198915324042542,14.508198564413826,13.439765877242007,14.433220863342285,10165325.0
2022-01-26,14.433221747773814,14.995555434073472,14.086449635617436,14.911205291748047,13701937.0
2022-01-27,14.639408658263815,16.401386260986328,14.58317583447102,16.401386260986328,17536100.0
2022-01-28,16.870000270139514,17.919689962385288,16.495111732769434,17.46982192993164,29996710.0
2022-01-31,17.71350087102591,17.910318480900127,17.29175191434056,17.432334899902344,10254395.0
2022-02-01,17.432335699126078,18.219602599497623,17.29175270711896,17.80722427368164,12211952.0
2022-02-02,17.900943185063397,17.975920884564434,16.97309348338458,17.057443618774414,10106582.0
2022-02-03,17.010583708165008,17.066816543388658,16.438879343570445,16.588834762573242,8842876.0
2022-02-04,16.6075773152445,17.329238863247298,16.448249464225828,16.916860580444336,9423834.0
2022-02-07,16.982470101139878,17.38547421794027,16.841885315798795,16.93560791015625,7466685.0
2022-02-08,16.879373927812832,16.982468953399458,16.691928751766188,16.75753402709961,5017419.0
2022-02-09,16.795021843306333,17.2448880688819,16.61694912532912,17.029327392578125,9941263.0
2022-02-10,17.057444207147714,17.42296028137207,16.87937149433687,17.42296028137207,8073212.0
2022-02-11,17.282377987086203,17.54479906081632,16.954349857314064,17.104305267333984,7154673.0
2022-02-14,16.795023509004388,17.760363111284097,16.51385753703653,17.572917938232422,11050877.0
2022-02-15,17.77910416435755,18.004037273718705,17.55417105499639,17.638521194458008,8685223.0
2022-02-16,17.704126070739886,18.135249194879968,17.676010549945786,17.966548919677734,6903538.0
2022-02-17,17.947804662927368,18.61323335042262,17.947804662927368,18.125877380371094,9570989.0
2022-02-18,18.247716379945594,18.93188997412948,17.92906067515024,18.64134979248047,9600077.0
2022-02-21,18.725701713179255,18.819424303645174,18.032157403907032,18.219602584838867,5098672.0
2022-02-22,17.78847736811057,18.097760630276113,17.479194105945027,17.52605628967285,6864465.0
2022-02-23,17.610407022917894,17.872828110149637,17.132423458533466,17.273006439208984,4867753.0
2022-02-24,15.942150642580122,16.551344745860295,15.548517227172852,15.548517227172852,7518014.0
2022-02-25,15.839052663486415,17.057442429975673,15.670352404464117,16.879369735717773,7415405.0
2022-02-28,16.30766342610316,17.38546843359102,16.232685733085116,17.07618522644043,10210906.0
2022-03-01,17.29174974962167,17.666638260058114,17.02932689851145,17.42296028137207,6281560.0
2022-03-02,17.488565501888274,17.966549021808557,17.18865469431698,17.900943756103516,7473301.0
2022-03-03,17.91968573559149,18.87565083349518,17.91968573559149,18.275829315185547,8437260.0
2022-03-04,18.228972629914924,18.57574384522905,17.713499343818167,17.722871780395508,5317631.0
2022-03-07,17.338612866566592,17.41359058043114,16.701301404913078,17.0387020111084,9843489.0
2022-03-08,16.804397350621695,17.62915224822573,16.804397350621695,16.93560791015625,8900969.0
2022-03-09,17.15116697160071,17.479195126408186,16.870001003256945,16.944978713989258,6559666.0
2022-03-10,17.085559930336807,17.460448445209064,17.02932710000833,17.291749954223633,8363723.0
2022-03-11,17.807220969700698,18.800675954848106,17.554170558473434,18.3039493560791,17870546.0
2022-03-14,18.34143819525243,19.775388806923832,18.34143819525243,19.644176483154297,12450212.0
2022-03-15,19.681664693762396,20.412698597355792,19.194308758033465,19.587942123413086,9847500.0
2022-03-16,19.86911286937645,20.056556251096836,18.913145723490743,19.213056564331055,6647579.0
2022-03-17,19.36300968289837,19.456732256421734,18.838165773820677,19.269287109375,5555438.0
2022-03-18,19.30677436308567,20.600139990502587,19.100584370412687,20.337718963623047,16633512.0
2022-03-21,21.31243410710622,21.518622362016906,20.806335013194683,21.068756103515625,9485300.0
2022-03-22,21.087496607365047,21.368662513752888,20.768840960067237,21.050006866455078,6540566.0
2022-03-23,21.08750185305535,21.162479565917383,20.5439129879032,20.8250789642334,5219636.0
2022-03-24,21.087500526209933,21.18122310829278,20.543911695260903,20.63763427734375,5839797.0
2022-03-25,20.731354768451272,20.937542998149627,20.412699094075112,20.562654495239258,3615393.0
2022-03-28,20.61888965011897,21.743557073351113,20.61888965011897,21.61234474182129,10571453.0
2022-03-29,21.74355567550372,22.961943816002943,21.16247712708119,22.455842971801758,16301817.0
2022-03-30,22.56830943631755,22.793242539158125,21.987230913272338,22.418354034423828,9181782.0
2022-03-31,22.437099886453527,22.755755576296615,22.174677027874083,22.455842971801758,4527366.0
2022-04-01,22.77449921838193,23.430555487063515,22.399610688110815,22.47458839416504,13066208.0
2022-04-04,22.68077685267374,22.943197911849033,22.380864261658644,22.624542236328125,6509599.0
2022-04-05,22.568308679731587,23.186875138708544,22.568308679731587,23.07440948486328,12600735.0
2022-04-06,23.61799790789809,24.83638593693019,23.58050816541252,23.95539665222168,20989564.0
2022-04-07,24.011633892961136,24.761410948609385,23.65548845082109,24.667688369750977,10104252.0
2022-04-08,24.68643323399012,26.20473221802332,24.68643323399012,25.904821395874023,11066955.0
2022-04-11,26.148497514311874,26.65459833117406,25.21127536836801,25.492443084716797,10841284.0
2022-04-12,25.47369821277167,25.754864141511078,24.817641995567215,25.492443084716797,10755091.0
2022-04-13,25.792353790463164,25.848586618482187,24.873876519845222,25.286252975463867,8295602.0
2022-04-14,25.398721284473844,25.86733237168698,25.17378817712467,25.661142349243164,6733659.0
2022-04-15,25.67988676442968,26.710831495460564,25.32374313103834,26.673341751098633,15085737.0
2022-04-18,26.80455551477462,27.198188913763133,25.979798970413217,26.24222183227539,10067309.0
2022-04-19,26.33594454342077,26.598365618996652,25.586165700438016,25.904821395874023,8679865.0
2022-04-20,25.961055423347286,26.692087588752923,25.604909989464495,26.42966651916504,9085381.0
2022-04-21,26.52338816418546,26.785811029851537,26.148499632955005,26.185989379882812,5504942.0
2022-04-22,26.129755921786746,26.33594596384232,24.87387973320362,25.26751136779785,7104128.0
2022-04-25,25.06132249782901,25.267510747210856,24.405268002008825,24.761411666870117,8831139.0
2022-04-26,24.930112884471313,25.192533977526935,23.711722853821545,24.311546325683594,9968752.0
2022-04-27,24.311546054907026,24.98634544217524,23.899167757771647,24.648944854736328,7329863.0
2022-04-28,24.742664505011557,24.930109650832083,23.992887496948242,23.992887496948242,4965228.0
2022-04-29,24.142845154884004,25.267510772087096,24.142845154884004,25.173789978027344,9260585.0
2022-05-05,25.454952239990234,25.886075338036743,25.342486588401965,25.454952239990234,6589780.0
2022-05-06,25.521120062496465,25.861402240250325,24.802747577725423,25.464406967163086,6742403.0
2022-05-09,25.577832645537068,26.76881844094479,25.558929482722412,26.617582321166992,9434599.0
2022-05-10,26.731010866130127,26.82553209079154,26.012638380867237,26.523059844970703,3768040.0
2022-05-11,27.619523787188417,27.714046818661206,25.993734496788587,26.277301788330078,10136359.0
2022-05-12,25.974829284033348,25.974829284033348,24.3868481395288,24.76494026184082,11956759.0
2022-05-13,25.33207334732015,26.050445813368263,25.256455287887544,25.502214431762695,7983322.0
2022-05-16,25.521117781637745,26.334013221232656,25.350976707966566,25.84249496459961,6564028.0
2022-05-17,26.031543488475773,26.220587741703174,25.29426603312153,25.8046875,5891095.0
2022-05-18,25.766879772680582,26.107161957828634,25.369884490966797,25.369884490966797,5279692.0
2022-05-20,25.464408765129683,25.74797606469522,25.010698561797135,25.40769386291504,5609412.0
2022-05-23,25.577835431286942,26.63649018790918,25.577835431286942,26.088258743286133,10037910.0
2022-05-24,26.371824819802864,26.863343141159863,26.03154443052845,26.277301788330078,7509991.0
2022-05-25,26.3340180390736,26.65539528083183,26.088258865795137,26.371826171875,4426904.0
2022-05-26,26.409633230267016,26.844436625935284,25.993732997501496,26.73101043701172,8964760.0
2022-05-27,26.844438287428027,27.128007383041513,26.277301899077933,26.334016799926758,8053633.0
2022-05-30,26.80662813265845,28.526940331907728,26.80662813265845,28.0543270111084,15225850.0
2022-05-31,28.35680063249978,28.640367917674045,27.638428133464565,28.262277603149414,13299454.0
2022-06-01,28.659272983436985,30.13382611663146,28.451323760447007,29.320932388305664,14275889.0
2022-06-02,29.396552246580757,29.699024517719216,29.131888107896135,29.150793075561523,5514011.0
2022-06-03,29.188600825504913,31.116862430181595,29.188600825504913,30.58753776550293,12650178.0
2022-06-06,31.211386261801575,31.85414071027991,30.852199103945157,30.94672393798828,7386741.0
2022-06-07,31.04124557033547,32.11880345217735,30.81438957143276,31.797426223754883,9358236.0
2022-06-08,31.92975690677627,32.13770793549419,29.850259239735117,30.058208465576172,7603524.0
2022-06-09,30.190541943819802,31.003435697123134,29.925877813164707,30.965625762939453,7011576.0
2022-06-10,30.814388249994447,31.89194969138017,30.493011035353856,31.646188735961914,8267819.0
2022-06-13,31.47604896297348,31.589475159431338,29.472169332033683,29.680118560791016,12570637.0
2022-06-14,29.869163948061193,30.05820820549639,29.188599573239323,29.661212921142578,8583652.0
2022-06-15,30.70096443980845,31.476050087168613,30.60644320700995,31.381528854370117,12392480.0
2022-06-16,31.36261875154986,31.929753266989756,30.719864377649543,31.45713996887207,9880990.0
2022-06-17,31.570574941676142,31.740716045402543,31.022341695056866,31.608381271362305,6000240.0
2022-06-20,31.665096150430987,31.816332286322293,31.09796154227707,31.268102645874023,5755799.0
2022-06-21,31.646187661802315,32.79936532326832,31.51385650833969,32.780460357666016,9765947.0
2022-06-22,32.44017685269278,32.9316951208552,32.270035775030664,32.74264907836914,6607872.0
2022-06-23,32.61032025365261,33.89582910723892,32.55360535514018,33.47992706298828,8706606.0
2022-06-24,33.66896984502212,34.1793930647404,33.06402540939449,34.047061920166016,6565023.0
2022-06-27,32.95060348510742,32.95060348510742,32.95060348510742,32.95060348510742,106838.0
2022-06-28,34.14159057917948,34.7843450835971,32.44018308161979,32.7048454284668,7718948.0
2022-06-29,32.837174780370006,32.87498110527527,31.211383819580078,31.211383819580078,7275642.0
2022-06-30,31.21138808351494,31.75961772994864,30.833295936781816,31.003437042236328,6554585.0
2022-07-01,30.908914467417716,31.079055565490496,30.24725504221843,30.965625762939453,6913051.0
2022-07-04,31.26810009073555,31.68399852901215,29.245313783450907,29.47216796875,6810985.0
2022-07-05,29.5477857521447,30.341774491772902,29.188598609980797,29.963685989379883,7297386.0
2022-07-06,30.058204769139707,30.625342885238663,29.150788110285312,30.114919662475586,6191257.0
2022-07-07,30.266158945302216,30.700962355867667,29.982589857524165,30.209444046020508,3264387.0
2022-07-08,30.303967494372767,30.32287245993674,29.982588488415523,30.001493453979492,1477967.0
2022-07-13,30.058207213539745,30.56863047781157,29.528880786162016,29.963685989379883,4884628.0
2022-07-14,30.077112869861455,31.81633011689839,29.869163647909343,31.15467071533203,8461357.0
2022-07-18,31.665095419885667,32.49689595097433,31.494954320214035,32.3078498840332,5190025.0
2022-07-19,32.25113115015609,32.459082159658045,31.854137701928792,32.194419860839844,4419598.0
2022-07-20,32.34566229035998,32.64813457827855,31.476051758278512,32.043190002441406,6791960.0
2022-07-21,32.23222903148286,34.028161203995204,32.23222903148286,33.839115142822266,12828953.0
2022-07-22,33.933636744743126,35.899706218750794,33.858016885173846,34.63310241699219,14241879.0
2022-07-25,35.06790871473551,35.86189927761555,34.0659707322168,34.27391815185547,8423498.0
2022-07-26,34.55748301973722,35.42708969116211,34.14158104144442,35.42708969116211,8914841.0
2022-07-27,36.14547215436489,37.22303006194557,35.956426085055995,36.33451461791992,9277558.0
2022-07-28,36.58027488977556,37.015078316838256,35.88080552844332,36.0887565612793,6472406.0
2022-07-29,36.258891076285174,36.78821563720703,35.65394666051555,36.78821563720703,4957257.0
2022-08-01,36.90165310257496,37.979211018236334,36.90165310257496,37.790164947509766,6731369.0
2022-08-02,37.69563936463493,37.84687548261151,36.84493394742076,37.109596252441406,5386731.0
2022-08-03,37.26083821516854,37.56331410432166,36.67479861680207,36.9394645690918,4358241.0
2022-08-04,37.14740548453893,37.29864159967038,36.7315070693658,36.977264404296875,5113197.0
2022-08-05,37.14741111834155,38.03592658452594,36.599181470002684,36.80712890625,9153514.0
2022-08-08,36.9016502004313,37.525499660738376,36.50465312255209,37.260833740234375,9100026.0
2022-08-09,37.41207842600515,37.71455071315063,36.69370403971907,36.73151397705078,6554110.0
2022-08-10,36.59917711799484,37.695639890046166,36.48574732361629,37.676734924316406,7313925.0
2022-08-11,37.94140013047044,38.16825613079818,36.84493727468631,37.0906982421875,7506070.0
2022-08-12,37.24193573703771,37.54440801137728,36.788223719774415,37.35536193847656,5147434.0
2022-08-15,37.82797252021774,39.094576427498524,37.82797252021774,38.94334030151367,9540579.0
2022-08-16,39.45376678093181,40.0398063659668,37.75235571832385,40.0398063659668,9584144.0
2022-08-17,40.32337370378003,41.38202667236328,40.22885246945712,41.38202667236328,6728539.0
2022-08-18,41.30640564034752,41.325310606181745,39.5293785152196,40.90940856933594,8393914.0
2022-08-19,42.53520324142496,44.992791319739084,42.53520324142496,44.5768928527832,18282764.0
2022-08-22,44.595800073300296,45.29526587605306,42.91329754725572,44.19880294799805,7868230.0
2022-08-23,44.217696805674926,45.12511703303181,43.5938474276032,43.76398849487305,6799373.0
2022-08-24,43.953038334485676,44.236605602589734,43.0834315648661,43.65056610107422,7354161.0
2022-08-25,44.69031395270691,44.898264965334825,43.574946239844635,43.65056610107422,6870401.0
2022-08-26,43.820705003574325,44.25550836675827,43.007809564554535,44.028656005859375,6729874.0
2022-08-29,43.97194898734359,45.14402814197716,43.839617818828884,44.709224700927734,7443443.0
2022-08-31,44.898265877155346,47.97025248980282,44.557983706218444,46.788719177246094,9241822.0
2022-09-01,47.733943536400375,51.373064522121645,47.733943536400375,50.99497604370117,10952259.0
2022-09-02,51.089502364367725,52.081989677255734,49.90796899051207,50.1442756652832,7347159.0
2022-09-05,50.56962618179784,51.79842011553193,50.09701285299599,50.52236557006836,5801610.0
2022-09-06,51.04224389899985,51.373071815302936,48.49013098289908,49.81344985961914,7355322.0
2022-09-07,50.427843062070714,52.60186735923331,49.19904907177471,51.373069763183594,9920221.0
2022-09-08,51.56211722694803,53.499831295780815,51.23128931486212,52.41282272338867,7419891.0
2022-09-09,53.216262994092794,53.31078782844245,51.278548961846575,52.554603576660156,6646328.0
2022-09-12,52.50733850724547,52.554599117533485,50.99497734350843,51.42033004760742,7798471.0
2022-09-13,52.50734652420093,54.06697214210704,50.7586784362793,50.7586784362793,14845915.0
2022-09-14,50.52237070681562,53.405311584472656,50.23880340185416,53.405311584472656,9062343.0
2022-09-15,53.074477731011676,56.902644934514164,53.074477731011676,55.673851013183594,8663679.0
2022-09-16,55.673851013183594,56.80812010625581,54.539578314357875,55.673851013183594,6164392.0
2022-09-19,56.71360312905567,60.21094270983152,56.666342514265544,57.469783782958984,9589468.0
2022-09-20,57.564303573740276,60.44724409234144,57.564303573740276,58.32048416137695,8013213.0
2022-09-21,58.41500851035697,60.39998671565652,57.56430665587459,60.30546188354492,6978613.0
2022-09-22,60.58903325899843,64.65351117036582,60.58903325899843,64.60624694824219,9245518.0
2022-09-23,64.70075418865211,65.74050915844995,62.9520865208654,64.41719055175781,5713215.0
2022-09-26,64.18088691270964,64.36992934613471,62.573997382570134,62.62126159667969,4040027.0
2022-09-27,62.66852891044218,63.18839923382778,60.352719323156315,60.82533264160156,5988385.0
2022-09-28,62.810305903404824,63.23566220855726,57.89513037269318,59.123924255371094,9375212.0
2022-09-29,59.73832424773063,61.77055935614796,53.21625900268555,53.21625900268555,7306078.0
2022-09-30,53.92518400434687,56.71360356756981,50.14427709984221,55.53207015991211,30427271.0
2022-10-03,56.33550631067551,57.800610487511754,54.445053030374275,56.99716567993164,10421683.0
2022-10-04,57.942396284296784,59.83284969393618,57.13895502750153,59.50202178955078,9671134.0
2022-10-05,59.691067851665466,61.62877826964137,58.55679508473108,59.50202178955078,9207804.0
2022-10-06,60.06915537408878,61.01438566898862,58.934882625962636,59.643802642822266,7167080.0
2022-10-07,59.73832496410313,61.15616133247032,59.12392619968275,59.45475769042969,7434280.0
2022-10-10,59.78558741191969,62.054132882499516,59.02940679031096,61.62877655029297,7691804.0
2022-10-11,61.723305060795106,61.86508329352542,59.785587483065186,60.399986267089844,5186707.0
2022-10-12,60.58903035530653,60.96712247965237,57.84787507393718,58.2259635925293,5262047.0
2022-10-13,58.36775069657398,60.25820416043062,58.32049008112833,59.83285140991211,5747107.0
2022-10-14,60.68355202488519,61.29795082997745,59.31297617710878,59.40749740600586,5208300.0
2022-10-17,59.92737262412848,62.29043931110904,59.36023445580098,61.723304748535156,15187537.0
2022-10-18,62.38496242954893,65.69325589172198,61.86508485803304,62.66853332519531,14209433.0
2022-10-19,63.04662239373614,63.802806690973064,59.97463901066547,60.73081970214844,7930949.0
2022-10-20,60.77807675564467,60.87259797877256,58.03691801589347,60.02189254760742,13222818.0
2022-10-21,60.872602032619845,61.297951170775264,58.745841918827665,59.36023712158203,7218481.0
2022-10-24,59.64380188249527,59.78558732636121,57.5643060774856,57.89513397216797,10012903.0
2022-10-25,57.89513240955104,59.50201843839541,55.34301972912217,58.79309844970703,16113245.0
2022-10-26,59.12392711375189,59.407494391809344,58.13143983767402,58.65131378173828,7211304.0
2022-10-27,58.98215106670361,60.77808334692768,58.98215106670361,60.21094512939453,10624603.0
2022-10-28,60.39997875127455,61.53424774101892,60.258193324679915,60.35271453857422,5466319.0
2022-10-31,60.77807640772665,61.95960971882937,60.21093825494523,60.68354797363281,7457803.0
2022-11-01,61.392467438191204,65.12611699642774,60.730811674203444,63.33018493652344,15150006.0
2022-11-02,64.22814255434156,69.6631953324715,64.08636433803028,69.28511047363281,22709502.0
2022-11-03,69.71047158805183,72.64067301928198,68.29263148795586,68.57620239257812,21254585.0
2022-11-04,69.00155026460541,71.69544496277138,69.00155026460541,71.27009582519531,10545933.0
2022-11-07,72.78246351402902,75.61814391067949,72.54615681430815,73.91673278808594,11213680.0
2022-11-08,73.91672728769048,76.75240747332833,72.54615141590189,76.09075164794922,14741527.0
2022-11-09,83.3689965332419,83.51078198815884,79.21000459906358,79.54083251953125,23150931.0
2022-11-10,72.8297182306584,77.60310861494914,72.16805523091514,73.01876068115234,27971193.0
2022-11-11,74.67290496826172,76.09074493601352,72.40435957755743,74.67290496826172,23563819.0
2022-11-14,74.67290137774506,77.03596787704079,73.49136812809719,75.28730010986328,18798018.0
2022-11-15,75.90170540586024,76.42157575375902,72.78245447243854,74.2002944946289,17219844.0
2022-11-16,74.20031048717802,74.48388143733764,70.46666717529297,70.46666717529297,15727495.0
2022-11-17,70.37212754687344,73.01876528987992,66.68574904901769,71.0337905883789,16347622.0
2022-11-18,72.2625781959804,74.0112533569336,71.69544361933681,74.0112533569336,12162810.0
2022-11-21,74.6729031300779,75.14551644102777,72.45162201091492,73.68041229248047,10179575.0
2022-11-22,74.15303180839408,77.17776157848004,73.39685477450314,76.46884155273438,14638457.0
2022-11-23,76.65788808181892,78.69012703924822,75.14552672216497,77.03598022460938,10652185.0
2022-11-24,77.41407198525205,78.87916911550946,75.28731180550066,75.85444641113281,12733289.0
2022-11-25,75.90169608570179,77.50857836226821,74.67289866608766,76.98870086669922,11031893.0
2022-11-28,77.74490058513601,78.0757285070265,75.75992584228516,75.75992584228516,12828514.0
2022-11-29,76.0907372768849,76.5633505518966,73.30232183891833,74.6256332397461,8487402.0
2022-11-30,74.24756427242721,80.39153816193524,74.05851459507612,79.49356842041016,17803344.0
2022-12-01,81.19496942773674,82.61280938091663,79.44630159444958,79.87165069580078,11942448.0
2022-12-02,80.1079612756807,84.50326678797525,79.87165460525097,81.71484375,15468810.0
2022-12-05,83.1799437978484,83.84159955709215,79.3045160404773,79.91891479492188,11203785.0
2022-12-06,79.9189233358002,82.7546035410467,78.69012569559031,82.23472595214844,10941399.0
2022-12-07,82.70733946808285,82.99091037371936,77.13050027879059,78.50108337402344,10386523.0
2022-12-08,78.50108800823008,78.92643718028705,75.52362216930685,77.69763946533203,7473076.0
2022-12-09,80.39152603433301,82.14019381986236,78.92642190479108,80.24974060058594,7298473.0
2022-12-12,80.34426771125753,82.42376352035777,79.77713314618539,81.80937194824219,8197228.0
2022-12-13,81.57306461654527,86.86633253344287,81.24222951238957,85.68479919433594,18384245.0
2022-12-14,85.54301771457595,85.54301771457595,81.24223327636719,81.24223327636719,11038532.0
2022-12-15,81.7621065937175,83.51077448318922,78.7846411540726,80.72235870361328,9920608.0
2022-12-16,81.33675643847823,81.99841221148972,79.49356013679122,79.58808135986328,2681945.0
2022-12-19,79.44628975769734,82.80183948670683,79.2099831340415,80.62782287597656,11981618.0
2022-12-20,83.03816376263926,84.3142183593437,80.72236124312036,81.57306671142578,11146529.0
2022-12-21,81.5730677220384,82.0456810756736,79.96617799277425,80.15522766113281,6761275.0
2022-12-22,80.48605458030528,81.00592493603035,78.31203029561532,79.02095031738281,6363975.0
2022-12-23,79.06820873740841,80.62783411320562,77.65036879786675,80.01343536376953,7123360.0
2022-12-26,81.19496519631254,81.47852884526662,78.92641994714712,79.30451202392578,7070056.0
2022-12-27,79.35177166347145,79.58807831787311,76.0907427173314,76.27978515625,8187653.0
2022-12-28,76.2797917876714,76.37432022685536,72.49888498854999,73.9639892578125,10855651.0
2022-12-29,74.86195908759717,77.69763946533203,74.86195908759717,77.69763946533203,9094120.0
2022-12-30,77.93393983576368,78.54833864335613,76.84693488176265,77.50859069824219,7830189.0
2023-01-02,78.35930229499535,79.11547939972083,77.65038220284191,77.79216766357422,8183770.0
2023-01-03,77.98120169804014,78.40655082269924,75.1927858552586,75.38182830810547,9369686.0
2023-01-04,76.42157780401608,78.1229887608933,74.7674310670828,75.09825897216797,11627599.0
2023-01-05,75.42908731049553,75.94895762562453,71.69543782717193,72.45162200927734,8807353.0
2023-01-06,69.89951177578926,73.68041858635814,68.33989348563556,72.68793487548828,10833254.0
2023-01-09,73.25506750242587,73.77494505962663,68.57619833364802,69.19058990478516,8469596.0
2023-01-10,68.76524883954919,70.89200911293732,62.2904467828692,65.4096908569336,10092642.0
2023-01-11,65.40968080988814,67.11109165186208,62.05413055419922,62.05413055419922,9877589.0
2023-01-12,63.80279235279771,64.8425401192087,57.658819755861636,63.661006927490234,12707688.0
2023-01-13,63.04660770969235,68.81249540731112,62.621258648756125,66.96929931640625,11860417.0
2023-01-16,66.96930603538065,68.52893143446646,65.07885275442986,68.38714599609375,8124542.0
2023-01-17,68.52894053738663,69.52143152632436,66.87479369682902,68.15084838867188,10131478.0
2023-01-18,68.48166503317981,70.65568912152163,67.86727350567631,68.7652359008789,10292642.0
2023-01-19,68.52893709607085,69.47416381463735,67.11109701822112,67.48918914794922,8040206.0
2023-01-20,67.63097577973204,69.8995141747231,67.3946690959615,68.52893829345703,9986682.0
2023-01-23,68.8597557067549,71.97900634141773,67.77274368488715,69.00154113769531,14170847.0
2023-01-24,68.67072053777233,69.33237633681468,66.5912174908399,67.77275085449219,8821541.0
2023-01-25,68.292626547632,68.57619743174058,62.90483744162582,65.5987319946289,13054732.0
2023-01-26,65.22063861715611,65.59873071810769,63.37744954083929,64.5589828491211,10302800.0
2023-01-27,64.36993241358961,70.98651885986328,62.384957922008894,70.98651885986328,25665178.0
2023-01-30,73.72767642465828,74.38933217463583,67.39466094970703,67.39466094970703,23044024.0
2023-01-31,67.11110034091867,67.48919248936627,64.27542004482352,65.6932601928711,13338650.0
2023-02-01,65.78776726981985,66.07133812300913,59.54927340321309,60.35271453857422,10742942.0
2023-02-02,60.49449941598598,64.74801890617249,57.51703433055416,63.661006927490234,22364644.0
2023-02-03,63.09388244194492,66.73300380715636,62.71579031834339,66.40217590332031,9558251.0
2023-02-06,64.79530010577086,66.118611858222,61.58152753944341,64.08638000488281,2497412.0
2023-02-07,63.33018461094262,63.33018461094262,57.706085405685826,58.32048416137695,7133584.0
2023-02-08,52.838172912597656,52.838172912597656,52.838172912597656,52.838172912597656,88.0
2023-02-15,60.541771785346,64.13362884521484,60.06915483922747,64.13362884521484,4381034.0
2023-02-16,67.58370404066105,68.85975854877775,60.967117631085834,61.53425216674805,10528337.0
2023-02-17,61.86507872071252,64.22814524497971,60.11641093505614,60.494503021240234,6030985.0
2023-02-20,60.7780742137737,63.51922562737693,60.21093608146471,62.99935531616211,6770370.0
2023-02-21,62.38495840153224,67.44191949632474,62.10138752419521,67.11109161376953,9931439.0
2023-02-22,67.01656736921676,69.28511265107517,65.88229112253423,68.90702056884766,7534414.0
2023-02-23,69.42688990043419,73.25506046072638,68.95427660713918,72.87696838378906,8697953.0
2023-02-24,73.53863922626444,73.63316045278259,70.65569494266322,71.60092163085938,6204287.0
2023-02-27,71.69544318552569,73.25506867048918,69.23785522726881,72.82971954345703,7277247.0
2023-02-28,73.34959436901588,74.6256490394112,71.64819054565804,74.5783920288086,6592337.0
2023-03-01,74.86194741269249,75.75991705250617,73.96398498438582,74.67290496826172,4953282.0
2023-03-02,74.20030154944521,74.5311294771093,71.2228357774525,71.78997039794922,5403693.0
2023-03-03,71.41188005443657,71.64818672938638,67.86727993018937,70.2303466796875,6906490.0
2023-03-06,70.98651040438786,73.96397539285513,70.70294677451378,73.72766876220703,5734449.0
2023-03-07,73.91672939157505,74.72017790291369,72.21532555867002,73.25507354736328,5205928.0
2023-03-08,72.35711469809708,77.0832487159608,72.02627954764004,76.37432861328125,9433566.0
2023-03-09,76.98870903274549,77.5085865834569,76.1380108028645,76.94145202636719,5326341.0
2023-03-10,76.79967000777157,78.4065525264081,75.66540084302902,77.60311126708984,6898195.0
2023-03-13,77.17776602478172,77.22502303564951,73.25507354736328,73.25507354736328,8077272.0
2023-03-14,73.34957618242863,73.72766823104287,68.48165818384703,68.62344360351562,8282636.0
2023-03-15,68.85976092605243,69.85225180635564,66.07134515606853,66.87478637695312,7949980.0
2023-03-16,67.39466517531353,68.95428342826301,66.4021742766118,67.91453552246094,5970457.0
2023-03-17,69.00154113769531,71.27008639822223,68.1980999777084,69.00154113769531,7356159.0
2023-03-20,68.62345765475379,70.08856193881182,66.68574722754033,67.58370971679688,6451107.0
2023-03-21,67.583705053509,68.85975958074937,65.88229420951716,67.06382751464844,4763950.0
2023-03-22,67.8672820658325,68.33989543060429,66.02408561631792,67.34740447998047,5227225.0
2023-03-23,67.44193108808363,68.81251428210922,66.8747964474388,67.72550201416016,4325145.0
2023-03-24,67.8200209025995,68.48167675850948,66.54396620248285,66.82752990722656,3988803.0
2023-03-27,67.11109886032706,67.5364480107542,65.88230120785882,65.9295654296875,4094487.0
2023-03-28,65.97682761025334,66.1186058483374,62.52674865722656,62.52674865722656,5318477.0
2023-03-29,62.526754908640946,63.75554543443805,61.15617170756831,63.37746047973633,5219552.0
2023-03-30,63.47196463946542,64.36992698252195,61.81781816746188,62.33768844604492,4406592.0
2023-03-31,62.33769868406408,62.33769868406408,60.39998825409568,61.297950744628906,3996542.0
2023-04-03,60.541770596456566,63.991842144163684,59.12392699745116,63.09387969970703,8735481.0
2023-04-04,63.141142994492924,65.12611751372998,62.85757211538462,64.51171875,4612536.0
2023-04-05,64.74803161621094,67.20561969510864,64.13363279360958,64.74803161621094,5572512.0
2023-04-06,65.17338076412311,66.1186075030459,64.36993947834029,64.74803161621094,3175715.0
2023-04-07,64.93706555324607,67.11108965192523,64.65350189570538,66.16586303710938,4257712.0
2023-04-10,66.44943646015358,68.62345343088474,66.07134435739385,68.245361328125,5544924.0
2023-04-11,68.4816685290663,69.47415940517159,67.82001275266751,68.19810485839844,4581319.0
2023-04-12,68.57618589638058,70.08854686371198,68.10357264337038,70.0412826538086,4751312.0
2023-04-13,70.13581925912682,70.56117560711864,68.81250762939453,68.81250762939453,3445345.0
2023-04-14,69.00154489866445,69.52142243661334,67.11109161376953,67.11109161376953,4340995.0
2023-04-17,67.30013142974819,67.82000894739711,66.16586238770451,66.26038360595703,2719072.0
2023-04-18,66.16587352516908,66.59122268465629,63.23567199707031,63.23567199707031,7287451.0
2023-04-19,63.471968623542914,64.46445224213853,62.76304866247171,62.99935531616211,3667263.0
2023-04-20,62.99935641644608,62.99935641644608,61.39246681638297,62.19591522216797,1627748.0
2023-04-24,63.3774574608917,63.99184908877094,62.29044523913103,62.57400894165039,2775147.0
2023-04-25,62.668529705491,62.85757215066462,60.589026751046,60.68354797363281,3325572.0
2023-04-26,60.68354701634348,61.43973120812315,58.6985725273055,58.98214340209961,3935624.0
2023-04-27,58.22595913191148,59.123925154125516,56.99716523055443,57.706085205078125,4967173.0
2023-04-28,57.84787158257668,58.17869946709716,54.5868389256103,55.673851013183594,4600943.0
2023-05-02,55.81563360553203,56.71359965454639,52.932693010909965,53.6416130065918,4238082.0
2023-05-03,53.64161329995789,54.114226632997166,50.80593330172223,52.318294525146484,5328970.0
2023-05-04,52.31829485317218,53.87792030428178,51.609374849168475,52.271034240722656,3702323.0
2023-05-05,52.17651433624885,52.60186707056615,50.522367618378894,50.80593490600586,3308011.0
2023-05-08,51.514851146749315,52.69638442993164,50.47510329985024,52.69638442993164,4001651.0
2023-05-09,53.21626060778518,53.688873941079464,51.23128605025064,51.70389938354492,5251442.0
2023-05-10,53.64161541359029,53.78340086139025,48.868221282958984,48.868221282958984,9267847.0
2023-05-11,48.962743728189615,52.93269670198959,48.962743728189615,52.41282272338867,12410264.0
2023-05-12,52.64912446213966,55.10671227884314,51.75115843481411,53.21625900268555,10763554.0
2023-05-15,51.51485281684729,55.67385155078408,50.0970128310625,51.13676071166992,8883545.0
2023-05-16,51.04224174237332,55.15397644042969,50.947720514781516,55.15397644042969,8173388.0
2023-05-17,54.8231493730076,56.004682764667244,53.68887659586359,54.397796630859375,7408820.0
2023-05-18,55.815635681152344,57.753349686923215,55.10671565910785,55.815635681152344,14413450.0
2023-05-22,56.43003589627358,58.79310269590184,56.19372921631076,56.85538864135742,11522467.0
2023-05-23,56.76085882971332,56.85538365686376,55.15397282569054,55.76837158203125,4482743.0
2023-05-24,55.48480954475656,56.430036270882724,53.877923389191324,55.53207015991211,6491659.0
2023-05-25,55.673854106436025,57.94239602437468,55.48480804516938,57.65882873535156,5342224.0
2023-05-26,57.327998295575384,59.73832555424081,56.949906189773394,58.69857406616211,6558624.0
2023-05-29,60.39999123651919,61.95961682843671,59.12393295065379,61.43973922729492,10706821.0
2023-05-30,61.865086013861045,64.08637457774076,61.014387734043154,63.0466194152832,8795726.0
2023-05-31,63.40759454706058,65.16495714121416,61.93520555750903,64.3575210571289,7534443.0
2023-06-01,65.31736329762585,65.9412558115706,63.397675998039794,64.30952453613281,4627677.0
2023-06-02,65.8932759460694,67.90894638839885,64.40551518078776,65.46134185791016,9099725.0
2023-06-05,67.18905269459006,67.81295250564494,65.9412530724803,67.3330307006836,8887411.0
2023-06-06,67.47701373562174,69.20472796842826,66.70913586124587,67.5250015258789,8238856.0
2023-06-07,69.39670677963397,71.60434303389502,69.20473363381123,70.02059936523438,8913150.0
2023-06-08,69.87661136075128,70.98042555310433,68.14889009120101,70.78845977783203,6431145.0
2023-06-09,71.60433104642757,76.40354904314559,71.02842635142652,75.82764434814453,10573140.0
2023-06-12,75.97162919191301,76.69151195622736,72.9481201171875,72.9481201171875,8042633.0
2023-06-13,72.66016303478933,73.33205799894579,68.67681765476105,69.78063201904297,7470074.0
2023-06-14,69.68464743727033,71.79630785841542,67.71697235107422,67.71697235107422,9205207.0
2023-06-15,68.1489094935996,69.68465810208941,67.71698271475239,69.25273132324219,5513927.0
2023-06-16,70.54850721359253,71.26838994026184,68.34086392259633,69.1087417602539,4917940.0
2023-06-19,69.15674356664933,69.20473135925775,65.3653564453125,65.3653564453125,4822502.0
2023-06-20,65.36534903858355,67.14105827046738,64.59747853661993,65.65330505371094,4885105.0
2023-06-21,66.13323428207853,67.14106580202674,64.50149555169219,64.7894515991211,6109866.0
2023-06-22,64.78944683057735,69.7326431274414,64.50149080434218,69.7326431274414,8044860.0
2023-06-23,70.3565507732636,71.50836035991735,69.30071677529979,70.88446044921875,8852997.0
2023-06-26,71.50834538386418,72.56417183767861,70.74046760489448,71.74830627441406,6674523.0
2023-06-27,71.70032138832521,72.85213822097688,70.5965069928618,72.42020416259766,3033196.0
2023-07-03,73.81198649623772,75.92363983581235,73.76399137910009,75.44371795654297,8479106.0
2023-07-04,77.93930027818715,79.33107794356329,76.78749084472656,76.78749084472656,11380971.0
2023-07-05,76.78749866271826,77.89132042060014,74.24391130491041,77.07545471191406,11317218.0
2023-07-06,77.31541415261005,79.09112356029885,76.40355822977833,76.45155334472656,8518057.0
2023-07-07,76.30757301732113,78.6111993277323,75.77965606094682,77.50737762451172,8319315.0
2023-07-10,79.37906480365679,82.0186347705901,79.283081905828,81.58670806884766,10421687.0
2023-07-11,83.69835868731485,84.754192501907,81.2027668009685,82.0666275024414,10083861.0
2023-07-12,82.0186369311415,82.0186369311415,79.52304490672486,79.9549789428711,8935201.0
2023-07-13,79.71502113237408,80.91482574109116,78.08328247070312,78.08328247070312,8417887.0
2023-07-14,78.32324249846297,79.52304709348546,76.93147209744731,79.18710327148438,8325619.0
2023-07-17,80.14694263233858,82.69052970144308,80.00296462408254,81.58670806884766,11881801.0
2023-07-18,82.45057469967358,85.04214974176327,79.23509979248047,79.23509979248047,18649171.0
2023-07-19,78.8031641858325,83.6503776696679,77.12343775601197,83.45840454101562,14325226.0
2023-07-20,84.94616531528723,88.06565726189382,83.0744730765337,87.7297134399414,18382006.0
2023-07-21,87.92168167891138,92.81688309675083,87.10581599644252,92.38495635986328,17491148.0
2023-07-24,93.29679972548804,93.58475574931165,87.34577203269087,88.4975814819336,17754068.0
2023-07-25,88.68955896399622,89.02550279294927,84.70620616148543,85.5220718383789,13702532.0
2023-07-26,85.42608080033811,88.01765560327298,84.51423230527506,87.77769470214844,9331729.0
2023-07-27,88.44960164604974,89.98535015746518,87.48975791103678,89.9373550415039,10351663.0
2023-07-28,90.7052270016883,92.1449925096516,89.12148347832346,90.84920501708984,14834289.0
2023-07-31,92.4329473588545,99.91972351074219,91.90503041680607,99.91972351074219,23801068.0
2023-08-01,100.30366360699689,108.07839587652255,98.76791519819353,103.66311645507812,23154806.0
2023-08-02,102.79924781871047,105.29483970738846,101.16751663231247,102.51129913330078,11890060.0
2023-08-03,102.60729810551824,108.27037768220389,101.45548121432998,107.11856079101562,15476095.0
2023-08-04,107.50249509579959,110.86194806754332,104.71894688317808,108.3663558959961,12114045.0
2023-08-07,110.28603545315433,112.20572272884709,108.17437505607681,108.654296875,8465176.0
2023-08-08,108.8462798439403,110.66998438544803,105.00690494519831,106.44667053222656,10224884.0
2023-08-09,106.54264872233072,110.19005764383719,103.56713477216816,107.98241424560547,13101762.0
2023-08-10,108.36635388300043,117.10092998267683,107.40651019461784,110.28604125976562,22143542.0
2023-08-11,110.76596015252373,118.34872655330359,109.9020993913923,117.58084869384766,18212872.0
2023-08-14,119.50053867391769,120.36439945423798,115.66116393740627,117.38888549804688,13501771.0
2023-08-15,117.38888413630598,117.77281574708249,111.53383187262524,113.35753631591797,8050695.0
2023-08-16,113.645493369183,118.54069468087293,110.95792813141834,116.5250244140625,11161321.0
2023-08-17,115.8531201869752,128.13912125940973,115.27721548861668,126.4113998413086,18448290.0
2023-08-18,126.41141111966465,129.86685426415966,119.78849551311038,120.26841735839844,20227889.0
2023-08-21,123.81984787844539,130.92268600684943,121.80417740084353,128.13914489746094,19390152.0
2023-08-22,128.1391305762752,128.71504263953324,121.9961295934066,122.18810272216797,15127153.0
2023-08-23,122.76400812907988,122.85999103246877,115.46919762613227,116.23706817626953,12753033.0
2023-08-24,116.81297404996675,120.17242696226847,110.86194610595703,110.86194610595703,16926559.0
2023-08-25,111.29518429617698,119.86375975580984,109.75476796917526,118.61216735839844,12736949.0
2023-08-28,119.57493014857286,121.69300905486364,117.45685858756663,118.80472564697266,11332088.0
2023-08-29,118.90100013882505,123.52225652363005,118.4196195714614,122.75204467773438,11005774.0
2023-08-31,124.7738564203671,126.0254342181224,120.44142370896617,123.71481323242188,8590605.0
2023-09-01,126.60309680983251,127.27702670644767,122.36694609390659,123.71481323242188,7388494.0
2023-09-04,123.90735955727358,126.41054447381228,122.27066850749193,124.29247283935547,12891513.0
2023-09-05,125.15895422873842,129.87647816574753,124.1961930423635,126.60309600830078,13675167.0
2023-09-06,127.56585607718442,128.62489924914743,123.42598007392411,125.44778442382812,11317348.0
2023-09-07,125.83288229819239,127.6621373401469,123.71481065696528,124.38874053955078,6516890.0
2023-09-08,124.6775709437573,125.92916339713673,122.27066802978516,122.27066802978516,6384469.0
2023-09-11,122.84831356045919,124.87011037950568,119.38237510705319,120.05630493164062,8318226.0
2023-09-12,120.24887109021842,121.98183678167118,117.84196817546339,119.2861099243164,6855378.0
2023-09-13,119.86375823206251,120.34513878721135,114.76112140937101,115.43505859375,6886065.0
2023-09-14,117.45685843673407,123.42597453392969,114.27974375402006,122.75204467773438,13695148.0
2023-09-15,122.75204370954914,124.38873468756267,119.38237976458113,120.63397216796875,7551500.0
2023-09-18,120.34514745076498,121.40418327927473,115.14623561183495,115.53134155273438,6881655.0
2023-09-19,120.24886993526606,122.27066689518462,117.64941040512674,121.1153564453125,12653519.0
2023-09-20,121.11535640226657,123.81109057805634,117.0717551385819,117.16802978515625,23049608.0
2023-09-21,116.97547915016872,120.6339744403043,114.3760269960566,119.96003723144531,11465928.0
2023-09-22,119.8637632616415,119.8637632616415,116.49409923420579,117.0717544555664,8874563.0
2023-09-25,117.4568571463891,118.9009988326152,116.3978213788802,117.64940643310547,11845837.0
2023-09-26,118.80472516832626,122.84831898496878,116.39782233811415,117.74568939208984,18975793.0
2023-09-27,117.93824784758745,118.99728370614142,114.95368957519531,114.95368957519531,14731180.0
2023-09-28,115.14623214673783,117.16802909401174,113.60581577478078,114.08719635009766,10664182.0
2023-09-29,117.16803028167416,121.59673749570824,116.2052691212815,119.18983459472656,14566962.0
2023-10-02,120.34514905877614,124.96640572074715,119.96004311273107,123.71481323242188,13165605.0
2023-10-03,124.67756298184395,126.1217046380043,121.88555431087707,123.2334213256836,10423516.0
2023-10-04,124.58128655186356,124.870117834092,118.99727630615234,118.99727630615234,8251028.0
2023-10-05,119.67120939544797,121.40417499329104,115.820164939862,120.44141387939453,10125361.0
2023-10-06,118.90100727007083,124.38874312903704,118.13079537798068,123.71481323242188,9134191.0
2023-10-09,120.73024379453668,121.9818288213623,115.33878308637912,116.30154418945312,8564076.0
2023-10-10,117.93823477187179,119.86375697222888,117.16802295361525,118.22706604003906,7299789.0
2023-10-11,118.03451205730076,121.01907006566401,115.62760925292969,115.62760925292969,9644628.0
2023-10-12,117.36058573130929,118.51589617395591,110.5249830308667,114.08719635009766,9927258.0
2023-10-13,114.56857762192234,114.76112691510582,110.62125834938365,111.19891357421875,6346437.0
2023-10-16,114.08719634233344,115.24250678490144,110.6212576693448,111.1026382446289,9161884.0
2023-10-17,111.39146044187149,116.39782275376066,110.04360072836724,115.8201675415039,8781922.0
2023-10-18,112.6430515455163,113.50953802646178,110.717529296875,110.717529296875,6110794.0
2023-10-19,111.5840183551827,112.93188542942148,109.65849606206578,110.0436019897461,5856876.0
2023-10-20,108.69573412897086,109.94731920326944,103.88192843101187,106.0,7117428.0
2023-10-23,107.82924699763758,109.56221997678486,105.2297948742012,108.8882827758789,7130768.0
2023-10-24,109.17711795349517,111.39146423339844,108.02180014437256,111.39146423339844,10884817.0
2023-10-25,111.87284551602387,112.93188868398626,100.31971142437452,100.51226806640625,8900968.0
2023-10-26,101.4750300953902,104.17075699897575,99.06812713935763,102.63034057617188,11983919.0
2023-10-27,102.82288906791786,102.91916370946942,99.06811928513218,101.57129669189453,6954094.0
2023-10-30,101.57130594834834,102.63034179249686,100.31971345826418,100.80109405517578,5937477.0
2023-10-31,101.95640888657769,102.14895818154692,96.27611654156821,97.43142700195312,6759178.0
2023-11-01,98.10536262215464,99.2606730636651,94.83197324416216,98.2016372680664,7319760.0
2023-11-02,100.31970909437958,101.2824702463229,98.68301807418982,100.22343444824219,5184538.0
2023-11-03,100.31970863225553,100.8010892060097,97.62398182640295,99.16439819335938,4954188.0
2023-11-06,100.60853572597519,105.2297919797318,100.51226108428949,104.55585479736328,6128254.0
2023-11-07,105.03723089460875,105.7111680483838,103.20798339905365,103.97819519042969,4072718.0
2023-11-08,105.4223499794127,110.23615591454569,105.4223499794127,109.65850067138672,7836540.0
2023-11-09,107.44414149412444,108.69573391120005,105.42234457408922,106.96276092529297,7242706.0
2023-11-10,107.05903312578972,109.94731647283749,106.67393455574421,108.59945678710938,7266723.0
2023-11-13,108.88827577551106,109.85103684752316,99.74204559139616,100.12715148925781,9581135.0
2023-11-14,98.68301479734608,98.97184607145208,96.27611199741081,97.8165283203125,8694383.0
2023-11-15,98.32795389456747,100.93330395802951,98.03846728220486,99.48588562011719,5535489.0
2023-11-16,99.48589121191645,101.70526906623996,99.003418405494,100.25785064697266,5005680.0
2023-11-17,100.93330033097982,101.99473893491587,100.06484788705029,100.83680725097656,3680731.0
2023-11-20,101.31927908863416,102.380717682887,99.48588113749744,99.7753677368164,5325200.0
2023-11-21,100.16135104084228,100.74031689848725,98.0384664135436,98.42444610595703,7324299.0
2023-11-22,98.61743556479945,99.38939497540808,96.9770310196943,97.26651763916016,6444097.0
2023-11-23,97.45950381083705,99.0999083559422,97.26651763916016,97.26651763916016,6054882.0
2023-11-24,97.3630069538867,98.03846589054412,96.01208171862156,97.17001342773438,5209139.0
2023-11-27,97.94197504821821,100.93330483345844,97.94197504821821,100.54732513427734,6273883.0
2023-11-28,100.5473233713054,101.12629659090068,97.36300747328285,98.42444610595703,4890325.0
2023-11-29,98.42444421783043,98.9069169836041,96.68753931626513,97.74898529052734,5019535.0
2023-11-30,97.55599689667548,98.71393601258843,96.68754440022842,97.26651763916016,4207354.0
2023-12-01,98.52093829660339,99.19640459269905,96.3498108286285,97.36300659179688,3441159.0
2023-12-04,97.74898828483356,98.42444723282772,95.5778607723447,96.59104919433594,4734638.0
2023-12-05,96.5910431596447,97.55598866046422,95.91558425385101,96.01207733154297,3686384.0
2023-12-06,96.01209060351054,96.15683392103165,92.53828779275864,92.63478088378906,5608082.0
2023-12-07,92.63477641292963,95.674356486369,92.20055384327425,95.62610626220703,5680074.0
2023-12-08,95.52961612108906,97.55600044520685,90.02942904677637,90.51190185546875,10205200.0
2023-12-11,88.77499839369973,89.30572143757288,86.31438408039833,86.50737762451172,9476512.0
2023-12-12,86.84510241607195,87.0380885877719,84.96346147517062,86.0731430053711,5684320.0
2023-12-13,85.44593692716005,86.8933553458339,84.2879977750505,85.10820007324219,5087387.0
2023-12-14,86.8450997716764,87.66530201935217,85.30118835923666,87.0380859375,7552792.0
2023-12-15,87.1828320472038,90.6083918153881,87.1828320472038,90.222412109375,8372352.0
2023-12-18,90.31889862503279,92.58651911021697,87.42406208344872,87.66529846191406,7775373.0
2023-12-19,87.81004448019125,88.24426703009341,83.95026230523779,85.25293731689453,5477281.0
2023-12-20,85.25294414283721,86.12139667412613,83.61253953191991,84.1915054321289,4036057.0
2023-12-21,84.23974876467602,87.42406463623047,83.371296304452,87.42406463623047,4427105.0
2023-12-22,87.42407367059914,87.52056676238443,84.33625056176403,84.8669662475586,3000320.0
2023-12-25,84.43273792079003,84.43273792079003,81.8273878097287,82.11686706542969,3038157.0
2023-12-26,82.30986198698915,84.38448912135301,81.9721251400456,83.70903015136719,3366407.0
2023-12-27,83.61253862179029,85.92840955936867,82.69583587464949,83.85377502441406,3874680.0
2023-12-28,84.23975685532372,87.56881635030707,83.75728403796666,86.50737762451172,3665171.0
2023-12-29,86.6521126197704,87.61705816180816,85.34943024845926,87.42406463623047,4200219.0
2024-01-02,88.29251911582556,89.6916872390011,87.90653941779252,89.54695129394531,4771377.0
2024-01-03,89.06447966190802,90.12591832374156,87.03808806155706,87.71355438232422,3879671.0
2024-01-04,87.71355423283133,89.20921545679067,86.55561512575422,89.16097259521484,3631364.0
2024-01-05,89.73993891812262,89.78818914189107,87.23108188312435,88.24427032470703,3502679.0
2024-01-08,88.24426482593967,90.70487884579171,88.24426482593967,89.64344024658203,4371845.0
2024-01-09,90.60838620235712,91.09085896449753,87.66529940852064,88.0030288696289,3759140.0
2024-01-10,87.95478964077805,90.029424075999,87.56880994274502,89.54695129394531,4506633.0
2024-01-11,90.70488582856811,92.20055444392582,89.06448126368278,90.56014251708984,5116349.0
2024-01-12,89.73994231193483,92.10405612698504,88.82324692127065,91.23561096191406,4674994.0
2024-01-15,91.23561277730376,92.49003768622816,90.36716023300166,91.91107177734375,4785589.0
2024-01-16,92.39353680672264,94.32342791495705,92.20055064067934,93.35848236083984,4308057.0
2024-01-17,93.21374113523125,93.21374113523125,91.04261359002268,91.8628158569336,3286518.0
2024-01-18,92.3452915828831,95.19188553878507,92.20055563149124,93.59972381591797,4604377.0
2024-01-19,93.93745601757716,94.08219933509827,92.00756474916489,92.63478088378906,3287441.0
2024-01-22,92.2487961992793,93.8409578825298,91.33210084083686,91.66983032226562,4262334.0
2024-01-23,92.44179452641448,93.35848993239145,89.88468712822753,89.93292999267578,4641872.0
2024-01-24,89.98117401623641,91.71807897956056,89.20921461877003,91.52508544921875,3790076.0
2024-01-25,92.15229597182024,94.51640952055814,91.66982321804107,94.37167358398438,5206240.0
2024-01-26,95.04713990122585,100.45083369225569,94.9023965914227,99.9683609008789,7797178.0
2024-01-29,101.02979813123868,105.56504672278611,100.93330504672713,104.69659423828125,7490361.0
2024-01-30,104.69659438088675,105.17906716605212,102.38072353970286,103.24917602539062,4613483.0
2024-01-31,103.53865814208984,104.9860764346897,101.60876708529004,103.53865814208984,4134530.0
2024-02-01,103.5386638106305,107.97741201189287,103.5386638106305,107.01246643066406,5201832.0
2024-02-02,107.68792453165695,108.07390423345224,104.50360855623445,105.9510269165039,4317077.0
2024-02-05,105.95102539825061,111.16172553099213,104.98607983856509,109.2318344116211,8168577.0
2024-02-06,109.32833703930966,113.76708523006903,108.45988454586856,112.60914611816406,8181001.0
2024-02-07,113.09161439817697,114.05655993864589,110.8722440722686,112.89862823486328,5788117.0
2024-02-08,112.89863421509716,114.44254568923827,112.0301817102832,113.47760009765625,6276269.0
2024-02-09,113.86357980667918,115.4074912808203,111.35472274095603,113.47760009765625,6595582.0
2024-02-12,114.82852623618369,116.27594463411877,112.8021419514647,114.5390396118164,5782190.0
2024-02-13,115.21450442065354,115.21450442065354,110.00379678477412,110.96874237060547,5354824.0
2024-02-14,110.38977086825555,111.06522979914948,107.59142733950179,110.19677734375,5376205.0
2024-02-15,113.67058570586507,114.24955154804763,111.83718773732852,112.2231674194336,5707698.0
2024-02-16,112.22316832074252,113.47759309522118,111.0652292651274,113.28460693359375,4946866.0
2024-02-19,114.05656575919944,124.47798107287123,113.47759987776224,120.5217056274414,26279779.0
2024-02-20,126.50437190807051,126.89034425197615,123.51303470914789,124.86395263671875,13830840.0
2024-02-21,124.86395662295175,128.9167399828501,123.03056584501799,127.66230773925781,12483158.0
2024-02-22,127.66230607744235,135.67135751807368,127.46931990184068,130.943115234375,12574648.0
2024-02-23,131.618568322998,133.83794605288725,128.7237316467687,131.8115692138672,8382946.0
2024-02-26,132.4870323911571,133.83795032697844,128.144777238144,128.8202362060547,6672213.0
2024-02-27,128.82022866335782,130.26764696294612,125.82889162131522,127.37281036376953,7973499.0
2024-02-28,127.37281629159004,127.56580246240316,123.99550676870697,125.24993896484375,6674897.0
2024-02-29,125.15343137580227,128.14476838636315,125.05694565785204,127.9517822265625,6356021.0
2024-03-01,128.1447700059014,128.91672937876052,123.03055572509766,123.03055572509766,6033824.0
2024-03-04,123.03056101400064,123.60953424950928,120.52170398728171,121.10066986083984,6178243.0
2024-03-05,121.1971627958032,125.24993862958505,120.03923105012294,122.54808807373047,6703299.0
2024-03-06,121.29365554164372,122.74107390067026,119.363764396275,119.84623718261719,5569541.0
2024-03-07,120.32871062765372,125.24993896484375,120.32871062765372,125.24993896484375,5329694.0
2024-03-08,125.15343601799985,128.14477313951556,123.22354490060926,124.76746368408203,9550442.0
2024-03-11,128.0482794510684,128.6272527063977,125.63591542703206,127.85529327392578,7221740.0
2024-03-12,128.33776235862925,129.10972176872454,123.99550724123202,126.5043716430664,6565618.0
2024-03-13,125.92539604888391,126.60085499861883,122.25859996245042,124.57447814941406,4812611.0
2024-03-14,124.7674658418932,125.34642435278282,121.1971627958032,122.54808807373047,5228748.0
2024-03-15,123.60953424950928,123.89900614336258,120.52170398728171,121.10066986083984,4226833.0
2024-03-18,120.90768802332889,122.1621129006685,118.10934427857009,119.5567626953125,4747797.0
2024-03-19,119.26726823908837,122.83757118322026,118.88128854756731,122.45159149169922,3795031.0
2024-03-20,121.87262402775916,124.09200170326649,121.0041715737802,123.03055572509766,4448534.0
2024-03-21,124.09200090914729,127.17982365692306,121.67962972488792,126.11837768554688,9533441.0
2024-03-22,127.85528523524476,129.59219016812634,124.47797581393641,125.15343475341797,7058147.0
2024-03-25,125.15343803089884,129.68867928492892,123.9955062866211,123.9955062866211,8343131.0
2024-03-26,123.99550692300639,125.73241191028785,121.96912267914503,123.80252075195312,6589615.0
2024-03-27,124.38147725757482,125.82889560296428,121.67963409668471,124.57447814941406,4779274.0
2024-03-28,124.57447420745898,127.85528313029896,124.38147332172693,127.37281036376953,5406335.0
2024-03-29,128.1447814131111,130.07467265510405,125.34643027788034,126.02190399169922,4553589.0
2024-04-01,127.37281322479248,127.85528600215912,120.42520817549303,123.51303100585938,6858199.0
2024-04-02,123.51303718025441,124.67096895903902,119.65325476837147,119.94274139404297,4327717.0
2024-04-03,119.36376425246425,123.03056036902721,117.62686664089533,121.29365539550781,5024673.0
2024-04-04,122.16210947913173,126.1183849016961,120.71469110292885,123.60953521728516,4278403.0
2024-04-05,124.96045661359697,135.96083068847656,124.96045661359697,135.96083068847656,8781518.0
2024-04-08,135.38185692201995,139.53112552682936,134.99586988674704,137.40823364257812,5944132.0
2024-04-15,135.188881819075,139.72412310604867,133.06598976126082,138.95216369628906,6480629.0
2024-04-16,137.79423817427255,140.3030879645581,131.23260498046875,131.23260498046875,8741484.0
2024-04-17,133.16248194488006,135.5748457482293,131.13609046050658,132.29403686523438,6915826.0
2024-04-18,133.16249479696066,133.16249479696066,122.06562023054727,127.66230773925781,11612256.0
2024-04-19,114.92501418003006,117.72335776318435,114.92501418003006,115.0215072631836,45635301.0
2024-04-22,111.45121201615702,113.47759621678799,110.67925262451172,110.67925262451172,26360964.0
2024-04-24,112.22316886033217,112.89862779122609,110.19677734375,110.19677734375,10455456.0
2024-04-25,111.45121580512773,113.09162036570434,110.10029050479666,110.7757568359375,8463249.0
2024-04-26,111.06523219653596,112.9951233115477,110.58275941778302,112.12667083740234,9687759.0
2024-04-29,113.18811647279105,113.4775957219329,111.83719122427809,112.31966400146484,8545662.0
2024-04-30,112.70565070557589,114.82852811245439,112.03018435833215,112.51265716552734,13569680.0
2024-05-02,113.57408955476849,115.98645345662807,112.41615782665605,114.82852172851562,11346584.0
2024-05-03,114.92501848502928,115.79347098984324,112.80214112832908,113.47760009765625,8562031.0
2024-05-06,113.86357730260961,114.63553670367867,112.51265203171398,112.99512481689453,6250941.0
2024-05-07,112.99512381850087,113.6705901289557,111.1617257786241,113.381103515625,7050512.0
2024-05-08,116.17945116911048,117.33738293891547,114.53903923961099,114.7320327758789,13231036.0
2024-05-09,114.73202452072073,116.08294972959236,114.34604483790739,114.92501068115234,9157480.0
2024-05-10,115.3109951453162,116.75841349442058,114.44254266346347,114.63553619384766,8468942.0
2024-05-13,114.73202825983842,115.31099412195188,111.93368467068132,112.12667083740234,6030179.0
2024-05-14,112.12667233117945,114.05656347190165,111.06523367617234,112.99512481689453,5650894.0
2024-05-15,112.41615973175207,112.80213943498082,111.35472106933594,111.35472106933594,3856668.0
2024-05-16,111.93368860082091,112.51265448326264,106.33700122599963,110.7757568359375,5462999.0
2024-05-17,111.06523711089115,114.346053623969,110.77575784800088,113.09162139892578,9920327.0
2024-05-20,112.99512405244397,117.72335878761533,112.80213788445755,117.5303726196289,13650191.0
2024-05-21,118.88129183562502,119.36376462288315,114.24955749511719,114.24955749511719,14265690.0
2024-05-22,114.82851964465263,117.53037011048337,114.82851964465263,117.04789733886719,8382660.0
2024-05-23,117.24088141608226,119.74973831144379,114.92501068115234,114.92501068115234,10685493.0
2024-05-24,114.92501814040482,121.39015800178782,113.86357946523765,116.3724365234375,30933342.0
2024-05-27,116.46892892576112,116.85490863135932,113.09161938519033,113.86357879638672,9019947.0
2024-05-28,114.44254514653475,116.17945014792599,113.67059309410021,115.11801147460938,7156912.0
2024-05-29,117.04790135566078,119.65325146701724,115.02150975577186,115.50398254394531,12677212.0
2024-05-30,117.61364414971987,120.24024858535267,116.93266740647543,119.17015075683594,10797124.0
2024-05-31,119.55928033699675,120.43481763073407,115.76529034547437,116.83538818359375,8111239.0
2024-06-03,117.41907187404142,118.19732886003027,114.98702807033709,117.61363983154297,6347392.0
2024-06-04,117.61364197169435,119.65655731957807,117.12723320210257,117.71092224121094,6850009.0
2024-06-05,118.19733101452786,118.87830032317429,113.43052358797641,115.66800689697266,6001766.0
2024-06-06,115.66800460437838,118.00276813661817,114.79246735203738,114.8897476196289,4623405.0
2024-06-07,115.37616071469179,116.15441772868319,112.3604277739908,113.04139709472656,4826402.0
2024-06-10,112.84683208254843,113.52780137631208,109.63653130450007,110.12294006347656,3410315.0
2024-06-11,110.12294349105558,110.80392022802329,108.17730839459163,109.2474136352539,4368325.0
2024-06-12,109.24741256384766,110.70663887188476,107.593618294867,110.22023010253906,4638094.0
2024-06-13,111.38760804041091,112.84683434661717,110.99847954102081,111.58216857910156,5197452.0
2024-06-14,112.55498831391904,112.8468365496614,108.95556632381101,109.63653564453125,5776957.0
2024-06-20,102.14584454342604,104.86973670005433,101.65943575988591,103.2159423828125,12176034.0
2024-06-21,103.21593801457264,103.79962704571646,101.46487092114117,101.65943145751953,6770963.0
2024-06-24,101.95128184885309,102.34040292987214,98.93554151689338,99.71379852294922,5583901.0
2024-06-25,99.90835694207935,102.43768844705045,99.90835694207935,101.65943145751953,8036788.0
2024-06-26,101.8539907948397,102.2431192850242,98.93553825146884,99.22738647460938,5966108.0
2024-06-27,99.61651718488486,101.27030402751514,99.51923691567285,100.68661499023438,7184628.0
2024-06-28,101.17302700308866,105.55070605610692,101.17302700308866,104.57788848876953,14419129.0
2024-07-01,105.06429613421666,105.93983341973691,98.7409820150277,100.78389739990234,6282471.0
2024-07-02,100.68661279429693,101.46486977503697,99.22738652191582,101.27030181884766,4351155.0
2024-07-03,101.75671600457565,102.63225329911207,100.78389843775943,101.85399627685547,4328480.0
2024-07-04,101.8539899124342,103.99419287890316,101.8539899124342,103.60506439208984,5546588.0
2024-07-05,103.89691708917155,106.03711272584374,103.89691708917155,105.8425521850586,7507602.0
2024-07-08,107.00993137649985,107.59362042687897,104.09147870259531,104.86973571777344,5491172.0
2024-07-09,104.9670136364524,105.25885444409622,102.14584129717626,102.72953033447266,4096020.0
2024-07-10,102.7295304031577,103.41050713213278,101.5621523277844,102.0485610961914,5252682.0
2024-07-11,102.72953047271228,104.09147650957578,102.14584143463044,103.41050720214844,4528653.0
2024-07-12,103.31321621879155,104.0914731927746,102.24311844607129,102.9240951538086,3962433.0
2024-07-16,103.02138079173996,104.0914786202567,102.04856323454129,102.14584350585938,4665674.0
2024-07-17,102.14584028223173,102.63224904548045,100.78389426073356,100.97846221923828,4393231.0
2024-07-18,101.27030503688255,101.85399407998096,100.39476776123047,100.39476776123047,7085230.0
2024-07-19,100.39476559313572,101.07574231371844,97.96272178107324,98.25457000732422,7105415.0
2024-07-22,98.64369641943186,100.97845991413014,98.15728766728674,100.20020294189453,5808340.0
2024-07-23,100.20020835022515,101.75671495670065,99.1301105221488,100.78389739990234,5018043.0
2024-07-24,100.7838985534484,103.41051044007268,100.00564895230748,102.53497314453125,7456840.0
2024-07-25,103.11865552499201,104.96701026880395,100.97845998289937,102.24311828613281,7967387.0
2024-07-26,102.34040400637784,103.02138074934201,100.20020835022515,100.78389739990234,5740291.0
2024-07-29,100.00564789026271,101.36758653329798,99.22739087537774,100.1029281616211,4652445.0
2024-07-30,100.10292803938721,103.89691799380303,99.32467102545255,102.82681274414062,7765071.0
2024-07-31,102.43768744471868,103.02137647015121,100.58933267917507,101.95127868652344,4794288.0
2024-08-01,103.21594249955646,105.06429736350135,102.63225344304993,103.89691925048828,5226190.0
2024-08-02,103.89691913297409,106.03711481174702,101.65943575988591,103.2159423828125,8266676.0
2024-08-05,94.36330093383789,100.78389518307871,93.68233162786113,97.28175354003906,9382017.0
2024-08-06,99.22739186704216,100.00564888970493,95.87117422857817,96.7467041015625,7101630.0
2024-08-07,97.7681623119711,100.49205438001361,97.13582942953171,99.32466888427734,4122780.0
2024-08-08,98.74097992060372,103.11865883333985,98.74097992060372,102.72953033447266,5307421.0
2024-08-09,103.50778507196881,104.28603463070023,101.27030181884766,101.27030181884766,3836069.0
2024-08-12,101.56215116462656,101.85399196912313,99.61651611328125,99.61651611328125,4421455.0
2024-08-13,99.32467114673612,100.1029281616211,97.47631630289102,100.1029281616211,4310153.0
2024-08-14,100.20020289628599,102.2431181699639,99.81107441034531,100.88117218017578,3726328.0
2024-08-15,100.88117552865836,101.6594325263719,97.13582949893063,100.68661499023438,6211006.0
2024-08-16,102.63224886903669,102.63224886903669,98.25457000732422,98.25457000732422,3349176.0
2024-08-19,98.54642159639361,99.81107996861635,96.98990756595187,98.06001281738281,6713685.0
2024-08-20,97.96272166324901,98.8382589189402,97.23310852050781,97.23310852050781,4908952.0
2024-08-21,97.23311183105068,98.06001269191823,95.67660522460938,95.67660522460938,5958778.0
2024-08-22,96.16300964355469,96.94126662249839,95.4820403534854,96.16300964355469,3672271.0
2024-08-23,96.26028974870532,96.79534234858133,92.66086792665699,92.75814819335938,4540811.0
2024-08-26,93.39048324874547,93.6823314777013,91.88261310248825,92.51494598388672,3725340.0
2024-08-27,92.36901967941768,93.39048103453636,91.8339745016958,93.0986328125,4382649.0
2024-08-28,93.34183836783777,94.46058000374693,92.46630853469978,93.14727783203125,2799895.0
2024-08-29,93.39048432064206,93.82824924709152,92.0771821192848,93.58504486083984,3338973.0
2024-09-02,93.6823304682684,95.72524578292042,93.6823304682684,95.19019317626953,3072226.0
2024-09-03,95.3847600600446,95.82252497182309,93.24455707954998,93.77960968017578,3143954.0
2024-09-04,92.90407667146728,93.97417449951172,91.7853349967808,93.97417449951172,2581369.0
2024-09-05,94.07144934484934,94.80106247034303,92.27173845303328,93.04999542236328,4174827.0
2024-09-06,92.66087350472344,92.8554340498405,91.8826164802371,91.97990417480469,2300793.0
2024-09-09,91.6394098999061,92.32038663557529,90.4720318130573,90.52067565917969,2543912.0
2024-09-10,91.00708664980998,91.2016471950224,88.23455063747406,88.57504272460938,2827406.0
2024-09-11,87.79678669706811,88.38047576134485,86.67804499436569,86.92124938964844,3902783.0
2024-09-12,87.55358018905918,88.33183720398772,85.8025056164744,88.1859130859375,2990330.0
2024-09-13,88.28318904865606,91.25028542350248,87.84542413787938,91.05571746826172,2605667.0
2024-09-16,90.95844375139431,91.54213281512978,89.98562617116549,90.32611083984375,1857242.0
2024-09-17,90.52067239597244,92.66086795204563,90.52067239597244,92.41766357421875,4555115.0
2024-09-18,92.2231084046097,92.46631279658176,90.90979875035335,91.63941192626953,1911611.0
2024-09-19,92.4663064280012,93.5364041945739,92.02853409939746,92.70951080322266,3084785.0
2024-09-20,92.758149277791,93.63368653236552,90.90979450080232,91.4448471069336,3037684.0
2024-09-23,91.68805038504625,92.12581529606531,90.18018027463198,90.37474822998047,2249633.0
2024-09-24,90.37474719766111,92.8067909466724,90.08289897897635,91.34756469726562,4023595.0
2024-09-25,91.44485033556869,93.82825038083047,90.66659332135602,92.27174377441406,4974707.0
2024-09-26,93.5850404931509,94.16873693052041,90.90979236923849,91.34756469726562,4110469.0
2024-09-27,88.72095411160616,91.93125486950338,88.72095411160616,91.7366943359375,3232485.0
2024-09-30,91.59077236196882,92.95271839473587,90.71523509647507,91.83397674560547,3692923.0
2024-10-01,91.83397553392619,92.2717404498927,85.55929806568462,87.35901641845703,4685993.0
2024-10-02,87.2130908371566,87.99134038821475,82.54356384277344,82.54356384277344,4005487.0
2024-10-03,82.64084960770818,85.80250671039992,81.9598802774705,82.4462890625,4434736.0
2024-10-04,82.68949133043834,84.24599791813894,80.88978035647176,84.05143737792969,3963979.0
2024-10-07,84.92697783587782,85.85115156952229,83.41910761571145,83.85687255859375,2778980.0
2024-10-08,83.27318132966496,85.2674602887587,82.78677255154541,84.1000747680664,3072460.0
2024-10-09,83.56502743803854,84.4405647007671,82.3976419470642,84.00279235839844,3248819.0
2024-10-10,84.19736356426962,87.40765708870761,83.12725830078125,83.12725830078125,4608114.0
2024-10-11,83.07862196744016,85.51066589258765,82.05716055007458,82.4462890625,4251859.0
2024-10-14,82.44629012143746,82.93269891271437,79.91696589119933,80.45201110839844,3307942.0
2024-10-15,80.35473094428447,83.12725957394748,80.25745067029807,82.49493408203125,3062098.0
2024-10-16,82.49492977657555,85.07289030171141,81.95987716456125,84.68376922607422,3391682.0
2024-10-17,87.40765706745856,87.94270969907268,84.05143942408723,84.8296890258789,4252508.0
2024-10-18,84.97560992285604,85.70522307174491,83.32182308751142,83.66230773925781,2690544.0
2024-10-21,83.95415370252546,84.44056245532802,82.20307922363281,82.20307922363281,2895557.0
2024-10-22,82.20308144148007,84.44056473354279,81.52211213798728,83.66230773925781,3426834.0
2024-10-23,83.6623088163488,84.63512636072495,81.81395399763235,82.68949127197266,3609605.0
2024-10-24,83.02997490229613,85.36473846435547,83.02997490229613,85.36473846435547,3728173.0
2024-10-25,85.12153418870757,86.62940433456818,84.24599692407911,86.38619995117188,3153669.0
2024-10-28,86.38620104951887,87.69950325215501,85.94842870063425,87.11581420898438,1128090.0
2024-10-30,87.1158108905214,88.33183277664254,86.38619775884872,86.96988677978516,3630500.0
2024-10-31,86.96988879819835,87.40765371855827,83.22454278642431,84.00279235839844,3975724.0
2024-11-01,84.0027902630105,85.41338010166726,82.98133633364722,83.22454071044922,3217130.0
2024-11-04,82.6894878601274,83.02997250220857,80.11151998949819,80.84113311767578,4125089.0
2024-11-05,81.13298462608611,82.05715832376458,79.47919034864982,81.32754516601562,3036903.0
2024-11-06,81.42482441558997,84.34327701001267,80.25744634662439,84.00279235839844,4820593.0
2024-11-07,84.0027966146005,90.812519679951,83.6623119457348,89.98562622070312,8433493.0
2024-11-08,89.49921093637859,91.73669417859149,88.52639342620057,91.05571746826172,6015950.0
2024-11-11,91.73669636872738,92.07718102101676,90.32610649208745,90.81251525878906,5490719.0
2024-11-12,90.47202833831948,91.0070809370807,89.45056698505114,89.69377136230469,3128047.0
2024-11-13,89.2073637187062,91.73669521124799,87.89406154958408,90.42338562011719,5146886.0
2024-11-14,90.61795578073247,92.17446236797997,90.47203166461358,91.88261413574219,3812791.0
2024-11-15,91.88261302771677,92.70951386841581,91.10436345448247,91.15299987792969,3548997.0
2024-11-18,91.25028651320599,92.56358868322795,89.30465146961532,92.12581634521484,4058040.0
2024-11-19,92.32038984811648,92.61223066897965,89.15873271237282,90.32611083984375,3709596.0
2024-11-20,90.95843719420455,92.02853497091112,88.33183288574219,88.33183288574219,4055789.0
2024-11-21,88.62367998824573,92.70951827443825,88.62367998824573,92.36902618408203,3058766.0
2024-11-22,92.41767004226139,94.07145695842452,90.5206787312502,93.73097229003906,4555883.0
2024-11-25,94.4605821939936,95.43339973960015,94.07145369134922,94.94699096679688,4190576.0
2024-11-26,94.94698772625749,95.3847600600446,93.19592065713493,93.77960968017578,3220044.0
2024-11-27,94.36329973584367,94.75242822946538,92.75814933840954,93.14727783203125,3336135.0
2024-11-28,92.8554308140762,94.89835357666016,92.75815054490764,94.89835357666016,3598496.0
2024-11-29,95.2874789326648,95.38476662821132,92.32038976872398,93.73097229003906,4304593.0
2024-12-02,92.80679431948393,94.0228162381826,91.78533293897354,93.53640747070312,3129211.0
2024-12-03,93.97417026542973,97.47631182760558,93.09863301938361,95.82252502441406,6276797.0
2024-12-04,96.50349531846732,96.79534354418794,95.3361172596022,95.53067779541016,3608399.0
2024-12-05,95.67660208213626,98.25457000732422,95.28747358780451,98.25457000732422,3316626.0
2024-12-06,98.64369634945632,99.51923358709816,97.47631089193102,98.15728759765625,4172444.0
2024-12-09,98.74097876973671,99.03282699598769,96.98990425624825,98.25457000732422,4530446.0
2024-12-10,98.25457006803776,99.61651608803608,97.08719200632991,97.57360076904297,4910082.0
2024-12-11,97.47631403941155,97.96272280691761,95.5306789693873,95.5793228149414,3507511.0
2024-12-12,96.06573591469342,96.45486443064844,94.07145690917969,94.07145690917969,4148654.0
2024-12-13,94.2660238464469,96.55214364739913,92.70951722167149,96.06573486328125,4041395.0
2024-12-16,96.64942286548435,97.0385513729355,94.80106802159807,94.99563598632812,2644442.0
2024-12-17,94.55786570963821,96.11437977363961,94.0228204943957,95.43340301513672,2677176.0
2024-12-18,95.53067661542455,95.67660072648243,92.61222408230151,92.75814819335938,3703116.0
2024-12-19,91.63940881909332,93.00135485235978,91.250287742739,91.49349212646484,2610873.0
2024-12-20,91.78533169698821,92.80679306367679,90.22882514651741,92.12581634521484,3267247.0
2024-12-23,93.39048425308015,93.7309689091844,88.47775268554688,88.47775268554688,4696822.0
2024-12-24,88.47775272265329,88.8182448009092,87.31037463780375,88.13726806640625,3476143.0
2024-12-25,89.01280543695701,90.22882736915588,88.86688132069138,89.15872955322266,3292264.0
2024-12-26,89.59649337486299,90.95843940652827,89.59649337486299,90.47203063964844,3531022.0
2024-12-27,90.4720284715095,91.8339744705361,90.32610436054084,90.7152328491211,4107308.0
2024-12-30,90.71523725063379,91.34757014750649,89.25601091416246,89.88834381103516,3731801.0
2024-12-31,90.86116022025753,91.25028872280002,88.47775278094038,89.49921417236328,5306486.0
2025-01-02,89.40193071926379,90.61795260765963,89.11008249724536,90.37474822998047,3959692.0
2025-01-03,90.76388097560748,94.60650735435883,90.5693130111335,94.31465911865234,6644920.0
2025-01-06,94.46058552439231,95.04427458793361,93.00135915453453,93.39048767089844,3939044.0
2025-01-07,93.39048663557615,93.58504718059665,92.12582082691577,92.32038879394531,4132343.0
2025-01-08,91.97990417480469,93.34184283464221,91.44485154271919,91.97990417480469,3824367.0
2025-01-09,92.1258175918074,94.0228162381826,91.59077240078527,93.53640747070312,4040761.0
2025-01-10,93.63368532900273,94.02281381736914,90.81251306585703,91.39620208740234,3128424.0
2025-01-13,91.29892504842711,91.54212943450284,87.89406364336689,88.47775268554688,3713140.0
2025-01-14,88.72095485845453,89.35328773087949,86.24027463556864,86.67803955078125,6575497.0
2025-01-15,86.6780417493399,88.28319218251465,85.31609570234285,88.13726806640625,4884342.0
2025-01-16,89.06144932062442,89.69377478802751,86.58076160908855,88.81824493408203,4751184.0
2025-01-17,88.86688135818518,89.30465370716679,87.94270765812767,88.81824493408203,4365273.0
2025-01-20,89.15873055923295,89.35329110177652,86.82396693866536,87.1644515991211,5127480.0
2025-01-21,86.8239637497628,87.89406153846738,85.60794184850562,85.65658569335938,5766969.0
2025-01-22,85.65658670334167,87.55357792286695,85.4133823202226,87.40765380859375,3956172.0
2025-01-23,87.45629550962096,88.23454506331431,87.06716702176999,87.31037139892578,4339888.0
2025-01-24,87.31037139892578,88.08862837462772,86.72668237815361,87.31037139892578,4152976.0
2025-01-27,86.62940415921335,86.6780405825889,85.02425374764512,86.04570770263672,5258003.0
2025-01-28,86.0943517222928,87.06716925587803,85.60794295550019,86.38619995117188,4164613.0
2025-01-29,86.4348385149854,87.16445168324134,84.78105163574219,84.78105163574219,4653824.0
2025-01-30,84.8783285300914,86.62940303304,84.8783285300914,85.31609344482422,4207334.0
2025-01-31,85.80250454399975,85.85114839007812,83.32182425618863,83.71095275878906,5273775.0
2025-02-03,82.78677031874886,83.32182292905334,80.50065060764645,80.93841552734375,5913770.0
2025-02-04,81.03570662214528,84.53784839286989,80.45201014201697,83.4677505493164,8540275.0
2025-02-05,83.32182200168546,84.781048280447,81.47346723085245,82.59220886230469,6855033.0
2025-02-06,82.68949136721405,83.75958918285858,82.68949136721405,83.71095275878906,3057796.0
2025-02-07,83.27318141180356,85.12153625488281,83.07862086916741,85.12153625488281,4966067.0
2025-02-10,85.36473951900706,86.33755706338322,82.34900661584277,82.68949127197266,7970156.0
2025-02-11,82.73813625072097,83.22454502956822,80.74385728864367,81.37619018554688,8236357.0
2025-02-12,81.66802989630831,82.10580224456187,80.50065181164986,80.64657592773438,4886037.0
2025-02-13,81.08434307120618,82.34900888250878,81.08434307120618,81.76531982421875,3913840.0
2025-02-14,82.15444079889627,82.3003649187647,80.93841883667456,81.08434295654297,3654724.0
2025-02-17,81.71667051778095,83.37045730945643,81.27890560881055,81.52210998535156,7532530.0
2025-02-18,81.23026278423623,81.47346716382975,80.01424088626862,80.88977813720703,5702114.0
2025-02-19,80.88977689009711,81.376185641785,78.21452875581375,78.7982177734375,9319286.0
2025-02-20,78.7982177734375,79.47918705699712,78.55501339759356,78.7982177734375,6213597.0
2025-02-21,78.79822103942318,79.47919035120725,74.85830701864849,75.5392837524414,9209596.0
2025-02-24,76.22025310147609,76.70666187356211,75.1015114412765,75.19879913330078,5046671.0
2025-02-25,75.24743331296338,75.87976618221691,73.64228292855321,73.73957061767578,5439912.0
2025-02-26,73.20452109700953,74.8583079735869,73.10724082580069,73.88549041748047,5444001.0
2025-02-27,73.88548838850149,75.44200237313531,73.44772346907868,74.8096694946289,6771810.0
2025-02-28,74.37189700882897,75.58791891820817,73.49636717168292,74.12869262695312,6428813.0
2025-03-03,74.6637443610857,76.90122761693146,74.6637443610857,75.44200134277344,7563810.0
2025-03-04,75.10151236261352,75.24743648043128,73.5936496038539,73.88549041748047,5772380.0
2025-03-05,74.32326277460976,77.48491983211206,74.32326277460976,77.29035186767578,8147693.0
2025-03-06,77.6794803763362,79.0900702859983,76.9498672092034,78.99278259277344,9387732.0
2025-03-07,79.28463083018669,80.79250101109811,78.6522979342558,80.6952133178711,8784986.0
2025-03-10,84.34327591496556,84.44056360445687,82.20308034231236,82.93269348144531,15544248.0
2025-03-11,80.74385285165381,81.95987473194981,78.45773320109906,80.84113311767578,12821015.0
2025-03-12,81.23026165026579,81.57074629254183,80.01423976927379,80.16016387939453,9780556.0
2025-03-13,80.45200802367839,82.25172642000484,80.45200802367839,82.0085220336914,11043247.0
2025-03-14,82.00851980734704,83.51638250834995,82.00851980734704,82.93269348144531,8279449.0
2025-03-17,87.55358014787946,89.9369801942126,85.60794503348214,88.52639770507812,23337617.0
2025-03-18,87.79678669706811,89.59649773775854,86.7266888422259,86.92124938964844,13694958.0
2025-03-19,80.25744407685603,84.39191846869407,80.11151996686003,81.1816177368164,19648904.0
2025-03-20,81.91123432558362,85.21881546320293,81.81395405547899,84.05143737792969,14871630.0
2025-03-21,84.05143612843783,84.68376900773106,76.60938053492872,78.21453094482422,15104029.0
2025-03-24,79.2846308724297,84.10007480937492,76.85258698063738,83.75959014892578,13516153.0
2025-03-25,84.48920225945007,91.34756891730548,84.39192198939719,90.18018341064453,16349936.0
2025-03-26,89.15872735694428,92.80679306367679,88.03998572247791,92.12581634521484,16993692.0
2025-03-27,93.5364041945739,96.9412654476743,92.07717794324516,92.70951080322266,16376097.0
2025-03-28,91.93125703180935,97.96272277832031,90.81251538247022,97.96272277832031,16952836.0
2025-04-02,97.28175053970293,104.28603360975812,96.3089330343059,101.56214904785156,20868584.0
2025-04-03,101.46487205850475,104.1887567083787,98.54641944806272,102.0485610961914,21023136.0
2025-04-04,101.65943245374109,104.57788506006858,99.32466888427734,99.32466888427734,15649450.0
2025-04-07,96.50349770429409,103.99419727022978,95.53068015718625,101.07574462890625,18219816.0
2025-04-08,103.11865890091302,103.41050713075686,100.00564575195312,100.00564575195312,9756693.0
2025-04-09,99.71379626708928,101.36758309003264,96.11437439503197,96.21165466308594,12545740.0
2025-04-10,99.71380083896103,99.81108111147529,95.384765625,95.384765625,11301094.0
2025-04-11,96.30893600463867,98.15729080630118,95.96845135165029,97.28175354003906,9735958.0
2025-04-14,97.96272166324901,99.42194794873143,97.0385479845803,97.23310852050781,6860191.0
2025-04-15,97.76816118754428,98.060009413624,95.91980640705961,96.55213928222656,7534084.0
2025-04-16,95.96844792433804,96.30893256516671,93.04999542236328,93.04999542236328,6600552.0
2025-04-17,94.0999984741211,99.19999694824219,93.05000305175781,98.4000015258789,15560580.0
2025-04-18,99.0,101.0,95.69999694824219,96.0,7622389.0
2025-04-21,95.5,98.75,94.0999984741211,97.4000015258789,7373290.0
2025-04-22,97.44999694824219,99.5,96.19999694824219,98.69999694824219,7739335.0
2025-04-24,99.8499984741211,101.69999694824219,97.0999984741211,97.9000015258789,7477749.0
2025-04-25,98.0,101.0,97.44999694824219,99.5999984741211,8494084.0
2025-04-28,100.4000015258789,100.5999984741211,95.55000305175781,96.30000305175781,7058221.0
2025-04-29,96.0,98.0,94.30000305175781,94.44999694824219,6476341.0
2025-04-30,94.9000015258789,95.4000015258789,91.5,91.6500015258789,5979821.0
2025-05-02,92.6500015258789,93.19999694824219,90.30000305175781,90.4000015258789,5349542.0
2025-05-05,90.69999694824219,91.44999694824219,88.1500015258789,88.8499984741211,4739010.0
2025-05-06,88.30000305175781,89.80000305175781,88.0,88.0,5841386.0
2025-05-07,87.9000015258789,89.0999984741211,85.3499984741211,86.8499984741211,5462987.0
2025-05-08,87.9000015258789,88.80000305175781,86.5,88.5999984741211,2769730.0
2025-05-09,87.94999694824219,88.80000305175781,85.75,87.30000305175781,7018068.0
2025-05-12,87.1500015258789,89.5999984741211,86.05000305175781,89.0,13545352.0
2025-05-13,89.25,91.80000305175781,89.0,90.94999694824219,8046764.0
2025-05-14,90.5,91.5999984741211,88.6500015258789,89.19999694824219,5155277.0
2025-05-15,89.0,89.6500015258789,86.25,86.25,4593532.0
2025-05-16,86.44999694824219,88.30000305175781,85.9000015258789,87.30000305175781,5358389.0
2025-05-20,87.55000305175781,88.1500015258789,85.3499984741211,85.44999694824219,4143753.0
2025-05-21,85.19999694824219,86.25,84.19999694824219,84.25,3810019.0
2025-05-22,85.0,86.19999694824219,84.44999694824219,85.0999984741211,4398069.0
2025-05-23,84.94999694824219,86.0,84.05000305175781,84.75,4107466.0
2025-05-26,84.94999694824219,86.9000015258789,84.6500015258789,86.44999694824219,4269543.0
2025-05-27,86.44999694824219,86.55000305175781,83.25,83.5999984741211,4000602.0
2025-05-28,83.4000015258789,84.19999694824219,82.0999984741211,82.44999694824219,3810418.0
2025-05-29,83.0,83.8499984741211,82.19999694824219,82.5999984741211,3067343.0
2025-05-30,82.0999984741211,82.55000305175781,80.69999694824219,81.05000305175781,4519722.0
2025-06-02,80.0,81.05000305175781,78.9000015258789,79.4000015258789,4877361.0
2025-06-03,79.75,82.5,79.75,82.30000305175781,3854362.0
2025-06-04,82.4000015258789,83.6500015258789,81.44999694824219,83.55000305175781,2926790.0
2025-06-05,83.5,84.8499984741211,83.0,84.5,1270843.0
2025-06-10,85.19999694824219,85.75,84.5,84.5999984741211,3967258.0
2025-06-11,84.4000015258789,85.19999694824219,83.75,84.0,3890700.0
2025-06-12,83.0,83.05000305175781,80.30000305175781,80.30000305175781,4741700.0
2025-06-13,75.94999694824219,79.25,75.5999984741211,78.94999694824219,6816397.0
2025-06-16,78.6500015258789,79.25,77.30000305175781,77.80000305175781,6184878.0
2025-06-17,77.8499984741211,78.6500015258789,77.44999694824219,78.1500015258789,3584903.0
2025-06-18,77.69999694824219,77.8499984741211,75.5999984741211,75.5999984741211,2968621.0
2025-06-19,75.80000305175781,77.55000305175781,75.3499984741211,75.3499984741211,3680261.0
2025-06-20,76.8499984741211,77.4000015258789,75.75,77.0999984741211,2929138.0
2025-06-23,76.3499984741211,76.8499984741211,75.1500015258789,75.3499984741211,2269450.0
2025-06-24,78.0,78.80000305175781,76.94999694824219,78.1500015258789,3787092.0
2025-06-25,80.19999694824219,80.8499984741211,78.75,79.0999984741211,4269650.0
2025-06-26,79.30000305175781,79.80000305175781,78.05000305175781,78.30000305175781,2466504.0
2025-06-27,78.30000305175781,79.30000305175781,76.80000305175781,79.0999984741211,2728911.0
2025-06-30,79.30000305175781,83.3499984741211,78.94999694824219,82.9000015258789,8950196.0
2025-07-01,83.19999694824219,85.5,82.4000015258789,84.94999694824219,8188871.0
2025-07-02,84.94999694824219,87.19999694824219,84.9000015258789,85.4000015258789,6589045.0
2025-07-03,86.5,87.0,85.44999694824219,86.0,3880464.0
2025-07-04,86.1500015258789,87.80000305175781,85.3499984741211,87.3499984741211,4816051.0
2025-07-07,86.30000305175781,87.19999694824219,84.69999694824219,84.80000305175781,3768623.0
2025-07-08,85.19999694824219,85.9000015258789,83.8499984741211,84.44999694824219,5601555.0
2025-07-09,84.5,87.1500015258789,84.5,86.5999984741211,4113596.0
2025-07-10,87.25,89.5,87.25,89.5,3956603.0
2025-07-11,90.0,91.1500015258789,89.1500015258789,89.94999694824219,3931712.0
2025-07-14,90.3499984741211,90.69999694824219,85.9000015258789,86.0,4092698.0
2025-07-16,86.0,87.44999694824219,83.8499984741211,85.0999984741211,3636380.0
2025-07-17,85.6500015258789,87.5999984741211,85.19999694824219,87.5,3558525.0
2025-07-18,87.25,87.44999694824219,86.0,87.19999694824219,2164053.0
2025-07-21,87.30000305175781,89.80000305175781,87.30000305175781,89.1500015258789,3654943.0
2025-07-22,89.1500015258789,92.25,89.1500015258789,92.0999984741211,5946028.0
2025-07-23,92.44999694824219,92.44999694824219,91.0,91.3499984741211,2573038.0
2025-07-24,91.5,92.0999984741211,90.44999694824219,91.75,3515589.0
2025-07-25,91.80000305175781,92.0999984741211,90.0999984741211,91.69999694824219,2422870.0
2025-07-28,92.0,92.3499984741211,90.19999694824219,91.0,2342568.0
2025-07-29,91.1500015258789,91.4000015258789,89.44999694824219,90.0,2369395.0
2025-07-30,90.0,93.25,89.30000305175781,93.19999694824219,5003111.0
2025-07-31,93.30000305175781,93.94999694824219,92.05000305175781,93.94999694824219,5164512.0
2025-08-01,94.25,94.9000015258789,93.05000305175781,93.94999694824219,3342623.0
2025-08-04,94.5,96.4000015258789,94.30000305175781,96.05000305175781,3642376.0
2025-08-05,96.05000305175781,96.69999694824219,95.19999694824219,95.80000305175781,3144136.0
2025-08-06,95.75,98.30000305175781,95.30000305175781,98.0,3883124.0
2025-08-07,98.0,99.1500015258789,96.6500015258789,96.80000305175781,5020885.0
2025-08-08,96.6500015258789,97.0,95.19999694824219,95.44999694824219,3058543.0
2025-08-11,95.55000305175781,96.9000015258789,95.5,95.94999694824219,2685512.0
2025-08-12,95.94999694824219,96.05000305175781,92.6500015258789,92.6500015258789,3467682.0
2025-08-13,92.69999694824219,93.80000305175781,92.25,92.55000305175781,2218535.0
2025-08-14,92.55000305175781,93.4000015258789,90.8499984741211,90.8499984741211,2199720.0
2025-08-15,90.6500015258789,92.80000305175781,90.4000015258789,90.5999984741211,3285495.0
2025-08-18,90.9000015258789,92.5999984741211,90.4000015258789,90.5,4422944.0
2025-08-19,88.19999694824219,89.44999694824219,87.1500015258789,87.80000305175781,6526862.0
2025-08-20,88.0,90.6500015258789,87.19999694824219,90.30000305175781,7351068.0
2025-08-21,90.69999694824219,92.8499984741211,90.69999694824219,92.3499984741211,4915217.0
2025-08-22,93.5,94.5999984741211,92.05000305175781,94.4000015258789,4380086.0
2025-08-25,95.0,95.69999694824219,93.69999694824219,93.94999694824219,3889398.0
2025-08-26,93.80000305175781,93.8499984741211,92.19999694824219,92.19999694824219,4201916.0
2025-08-27,92.25,92.6500015258789,89.30000305175781,89.75,4100880.0
2025-08-28,89.75,90.5,88.5999984741211,88.8499984741211,3764228.0
2025-08-29,88.94999694824219,89.0999984741211,87.75,87.75,3043665.0
2025-09-01,87.75,90.0999984741211,87.55000305175781,87.75,3141770.0
2025-09-02,88.0999984741211,88.30000305175781,81.25,83.05000305175781,7523804.0
2025-09-03,83.05000305175781,83.0999984741211,80.05000305175781,81.1500015258789,5126336.0
2025-09-04,81.19999694824219,82.05000305175781,81.0999984741211,81.44999694824219,3952648.0
2025-09-05,81.9000015258789,82.0999984741211,80.19999694824219,80.19999694824219,4627070.0
2025-09-08,79.25,80.0999984741211,78.05000305175781,78.5,3660368.0
2025-09-09,79.0,79.9000015258789,78.3499984741211,79.4000015258789,4447175.0
2025-09-10,79.80000305175781,80.0,78.80000305175781,79.0999984741211,2960815.0
2025-09-11,79.1500015258789,81.25,78.0999984741211,78.94999694824219,3835828.0
2025-09-12,78.94999694824219,79.25,77.0,78.0999984741211,3850142.0
2025-09-15,78.05000305175781,83.55000305175781,77.1500015258789,83.25,7257869.0
2025-09-16,83.3499984741211,85.19999694824219,81.55000305175781,85.19999694824219,8072409.0
2025-09-17,85.19999694824219,85.5,83.8499984741211,83.8499984741211,4562848.0
2025-09-18,84.5,85.0,82.5999984741211,82.5999984741211,3278550.0
2025-09-19,82.6500015258789,85.19999694824219,82.3499984741211,85.19999694824219,3380160.0
2025-09-22,87.0999984741211,87.1500015258789,85.25,86.30000305175781,4439679.0
2025-09-23,85.0,85.05000305175781,83.5,83.6500015258789,3580876.0
2025-09-24,84.05000305175781,85.44999694824219,82.44999694824219,85.44999694824219,4148253.0
2025-09-25,85.5,85.94999694824219,83.80000305175781,85.19999694824219,4006442.0
2025-09-26,85.05000305175781,85.5999984741211,82.9000015258789,84.25,3417103.0
2025-09-29,83.94999694824219,84.25,82.05000305175781,82.69999694824219,2985857.0
2025-09-30,82.69999694824219,83.19999694824219,81.5,82.30000305175781,4192194.0
2025-10-01,82.30000305175781,83.55000305175781,81.0999984741211,82.80000305175781,4230229.0
2025-10-02,82.8499984741211,83.4000015258789,80.69999694824219,80.80000305175781,4207100.0
2025-10-03,81.0999984741211,81.4000015258789,79.44999694824219,79.44999694824219,4448274.0
2025-10-06,80.44999694824219,80.44999694824219,77.5999984741211,77.80000305175781,4340605.0
2025-10-07,78.0,80.0,77.6500015258789,79.4000015258789,4049141.0
2025-10-08,79.4000015258789,80.5999984741211,78.5,78.5,2780313.0
2025-10-09,79.25,80.1500015258789,77.69999694824219,78.5,2785531.0
2025-10-10,78.55000305175781,79.4000015258789,78.19999694824219,78.80000305175781,2264809.0
2025-10-13,77.9000015258789,79.0999984741211,77.0999984741211,78.5,3050894.0
2025-10-14,78.8499984741211,79.19999694824219,76.9000015258789,77.3499984741211,2430158.0
2025-10-15,77.44999694824219,78.25,76.5,77.94999694824219,3856969.0
2025-10-16,77.5999984741211,79.5999984741211,77.4000015258789,77.55000305175781,4178435.0
2025-10-17,77.4000015258789,78.0,75.5,76.55000305175781,3523303.0
2025-10-20,76.69999694824219,78.9000015258789,75.30000305175781,78.25,4185555.0
2025-10-21,79.0,79.44999694824219,77.69999694824219,78.55000305175781,3161926.0
2025-10-22,79.0,80.1500015258789,78.69999694824219,79.4000015258789,4253555.0
2025-10-23,79.69999694824219,80.4000015258789,78.3499984741211,79.75,5100298.0
2025-10-24,80.0,83.3499984741211,78.5,82.44999694824219,10282183.0
2025-10-27,82.44999694824219,82.6500015258789,80.30000305175781,81.69999694824219,5247979.0
2025-10-28,81.4000015258789,81.4000015258789,80.30000305175781,80.5999984741211,1796090.0
2025-10-30,80.6500015258789,81.55000305175781,79.9000015258789,80.19999694824219,3562359.0
2025-10-31,80.05000305175781,80.94999694824219,79.4000015258789,80.69999694824219,4561140.0
2025-11-03,81.6500015258789,83.5999984741211,81.5999984741211,82.0999984741211,5302840.0
2025-11-04,82.0999984741211,82.6500015258789,80.0999984741211,82.19999694824219,4408824.0
2025-11-05,82.19999694824219,84.5,81.55000305175781,83.4000015258789,5690514.0
2025-11-06,83.5999984741211,85.30000305175781,83.4000015258789,84.4000015258789,3967322.0
2025-11-07,84.5999984741211,84.69999694824219,82.4000015258789,83.5,3897335.0
2025-11-10,86.44999694824219,87.1500015258789,85.19999694824219,85.94999694824219,7651569.0
2025-11-11,85.94999694824219,87.8499984741211,82.80000305175781,87.4000015258789,11693745.0
2025-11-12,88.0,89.94999694824219,86.69999694824219,87.55000305175781,9549608.0
2025-11-13,87.55000305175781,89.94999694824219,87.30000305175781,89.55000305175781,8515349.0
2025-11-14,89.5999984741211,90.0,86.0999984741211,87.80000305175781,6081680.0
2025-11-17,88.4000015258789,89.69999694824219,87.6500015258789,88.25,7166984.0
2025-11-18,88.69999694824219,93.4000015258789,88.69999694824219,92.0,15561286.0
2025-11-19,92.44999694824219,93.5,91.5,92.6500015258789,13547115.0
2025-11-20,93.44999694824219,95.4000015258789,93.0,93.8499984741211,13026526.0
2025-11-21,93.3499984741211,94.5999984741211,92.0,93.80000305175781,10007178.0
2025-11-24,93.80000305175781,95.3499984741211,93.19999694824219,93.8499984741211,12391058.0
2025-11-25,94.69999694824219,95.80000305175781,92.6500015258789,94.0999984741211,11908168.0
2025-11-26,95.5999984741211,97.19999694824219,93.75,95.25,11012268.0
2025-11-27,95.5,96.30000305175781,94.94999694824219,95.30000305175781,6960593.0
2025-11-28,94.8499984741211,95.55000305175781,93.25,93.80000305175781,7652469.0
2025-12-01,93.75,95.0999984741211,92.05000305175781,92.9000015258789,8050995.0
2025-12-02,92.9000015258789,94.5,92.30000305175781,93.69999694824219,7354195.0
2025-12-03,94.0,95.6500015258789,93.4000015258789,94.75,9044644.0
2025-12-04,94.75,96.30000305175781,94.05000305175781,95.25,6498706.0
2025-12-05,95.9000015258789,99.3499984741211,95.6500015258789,98.5999984741211,16704972.0
2025-12-08,99.5,100.69999694824219,98.0999984741211,98.30000305175781,10069920.0
2025-12-09,98.4000015258789,98.69999694824219,95.3499984741211,95.94999694824219,9451877.0
2025-12-10,96.30000305175781,97.1500015258789,94.69999694824219,95.0999984741211,7715765.0
2025-12-11,95.4000015258789,96.6500015258789,95.3499984741211,95.69999694824219,5066077.0
2025-12-12,96.25,98.19999694824219,96.25,97.3499984741211,8429085.0
2025-12-15,97.80000305175781,99.9000015258789,97.0,99.8499984741211,7632234.0
2025-12-16,100.0,101.30000305175781,98.30000305175781,98.75,7770201.0
2025-12-17,100.0,101.4000015258789,99.19999694824219,99.94999694824219,9854213.0
2025-12-18,100.0,101.4000015258789,99.25,99.9000015258789,8691459.0
2025-12-19,100.4000015258789,101.19999694824219,99.30000305175781,100.19999694824219,8458746.0
2025-12-22,103.0,105.69999694824219,100.80000305175781,104.30000305175781,17766249.0
2025-12-23,104.19999694824219,104.30000305175781,100.5999984741211,103.80000305175781,13308691.0
2025-12-24,103.5,107.4000015258789,102.5,106.5999984741211,15566551.0
2025-12-25,106.80000305175781,107.80000305175781,105.30000305175781,105.30000305175781,6014663.0
2025-12-26,105.30000305175781,106.0999984741211,103.69999694824219,104.69999694824219,8773678.0
2025-12-29,105.0,106.30000305175781,103.80000305175781,103.80000305175781,6206586.0
2025-12-30,104.0,104.5999984741211,101.19999694824219,101.5,8095631.0
2025-12-31,101.9000015258789,103.0,101.5,102.0,6567971.0
2026-01-02,102.19999694824219,105.4000015258789,102.19999694824219,105.4000015258789,11033581.0
2026-01-05,106.0,106.19999694824219,104.4000015258789,104.69999694824219,8675558.0
2026-01-06,104.9000015258789,105.9000015258789,104.0,104.69999694824219,10099786.0
2026-01-07,105.19999694824219,105.80000305175781,101.30000305175781,101.69999694824219,12661494.0
2026-01-08,102.9000015258789,103.4000015258789,99.75,103.0999984741211,11344651.0
2026-01-09,103.19999694824219,104.0999984741211,101.0999984741211,101.30000305175781,7643599.0
2026-01-12,101.4000015258789,101.69999694824219,98.5999984741211,98.75,11209187.0
2026-01-13,98.6500015258789,101.30000305175781,97.5,101.0,13296002.0
2026-01-14,101.5,102.5999984741211,99.80000305175781,102.0,12162232.0
2026-01-15,101.0999984741211,104.80000305175781,100.4000015258789,104.80000305175781,9947248.0
2026-01-16,105.19999694824219,106.0,104.0999984741211,105.80000305175781,9272455.0
2026-01-19,107.0,108.0,106.0,106.9000015258789,13299277.0
2026-01-20,106.80000305175781,108.0999984741211,105.0999984741211,105.69999694824219,9616398.0
2026-01-21,106.0,107.5,105.4000015258789,106.9000015258789,7994445.0
2026-01-22,107.30000305175781,112.0,106.19999694824219,111.80000305175781,14497093.0
2026-01-23,111.80000305175781,112.0999984741211,109.80000305175781,110.30000305175781,10517791.0
2026-01-26,109.5,111.0999984741211,108.5,109.5999984741211,9517582.0
2026-01-27,109.5999984741211,110.30000305175781,106.4000015258789,106.5999984741211,10732123.0
2026-01-28,106.5999984741211,108.69999694824219,106.0,107.5999984741211,12949143.0
2026-01-29,107.80000305175781,110.4000015258789,107.4000015258789,109.5,14672437.0
2026-01-30,109.5,110.0999984741211,106.30000305175781,108.0,13862414.0
2026-02-02,105.5,107.0,103.0999984741211,104.9000015258789,10538579.0
2026-02-03,105.4000015258789,110.19999694824219,105.0999984741211,109.19999694824219,11952524.0
2026-02-04,109.69999694824219,111.4000015258789,109.19999694824219,110.19999694824219,15484564.0
2026-02-05,111.4000015258789,114.30000305175781,109.4000015258789,110.9000015258789,18850413.0
2026-02-06,111.0,112.30000305175781,109.0,111.19999694824219,8433613.0
2026-02-09,112.69999694824219,114.30000305175781,111.80000305175781,114.0999984741211,9305830.0
2026-02-10,114.19999694824219,114.5999984741211,111.9000015258789,112.80000305175781,6666986.0
2026-02-11,111.9000015258789,112.9000015258789,110.0,110.0999984741211,9231488.0
2026-02-12,109.80000305175781,114.5999984741211,109.80000305175781,114.0,11641366.0
2026-02-13,114.0,115.5,112.80000305175781,113.80000305175781,8064049.0
2026-02-16,114.69999694824219,117.0,114.5,115.80000305175781,9332819.0
2026-02-17,115.5,115.5999984741211,112.80000305175781,112.80000305175781,7579005.0
2026-02-18,113.0,114.19999694824219,109.0999984741211,110.30000305175781,10611461.0
2026-02-19,110.4000015258789,111.0,104.4000015258789,105.0,7986476.0
2026-02-20,105.5999984741211,106.19999694824219,102.80000305175781,104.80000305175781,5580189.0
2026-02-23,106.19999694824219,106.9000015258789,104.4000015258789,105.0999984741211,5908656.0
2026-02-24,105.0,105.0,102.30000305175781,105.0,6656464.0
2026-02-25,103.4000015258789,105.9000015258789,102.80000305175781,105.19999694824219,9805307.0
2026-02-26,104.5,106.5,104.30000305175781,104.80000305175781,5949514.0
2026-02-27,105.0,105.80000305175781,101.69999694824219,102.4000015258789,9833773.0
2026-03-02,96.0,101.5999984741211,95.9000015258789,100.69999694824219,6395249.0
2026-03-03,100.0,101.4000015258789,97.94999694824219,97.94999694824219,5539896.0
2026-03-04,98.55000305175781,100.30000305175781,97.75,98.69999694824219,5091293.0
2026-03-05,99.19999694824219,100.4000015258789,97.5,97.5,4093131.0
2026-03-06,97.30000305175781,97.80000305175781,93.0,93.05000305175781,5765426.0
2026-03-09,91.0,93.1500015258789,89.69999694824219,92.6500015258789,6280529.0
2026-03-10,95.0,96.8499984741211,93.9000015258789,96.19999694824219,6237744.0
2026-03-11,92.0,94.69999694824219,91.9000015258789,93.44999694824219,6964079.0
2026-03-12,93.0,94.94999694824219,92.25,92.80000305175781,5749469.0
2026-03-13,92.6500015258789,92.69999694824219,89.5999984741211,89.80000305175781,6359666.0
2026-03-16,89.80000305175781,90.5,89.0999984741211,89.0999984741211,5122419.0
2026-03-17,89.5,92.0999984741211,89.5,92.0,3856587.0
2026-03-18,92.19999694824219,92.9000015258789,89.44999694824219,90.0,3362816.0
2026-03-19,89.5,90.69999694824219,89.0999984741211,89.69999694824219,2527316.0
2026-03-23,88.94999694824219,91.0,86.05000305175781,91.0,5886891.0
2026-03-24,90.80000305175781,90.8499984741211,88.69999694824219,89.0999984741211,3538234.0
2026-03-25,90.0,90.5,88.8499984741211,90.0,6410616.0
2026-03-26,89.0999984741211,90.05000305175781,87.8499984741211,87.8499984741211,2920973.0
2026-03-27,88.05000305175781,88.44999694824219,86.25,86.94999694824219,4042039.0
2026-03-30,86.80000305175781,88.3499984741211,86.3499984741211,87.75,3941128.0
2026-03-31,87.6500015258789,88.4000015258789,86.69999694824219,88.4000015258789,4965871.0
2026-04-01,90.0,90.25,88.69999694824219,89.0,4485661.0
2026-04-02,87.80000305175781,89.6500015258789,87.3499984741211,89.44999694824219,4040513.0
2026-04-03,89.5,89.8499984741211,88.4000015258789,89.19999694824219,3191256.0
2026-04-06,89.4000015258789,91.19999694824219,89.30000305175781,91.19999694824219,6551241.0
2026-04-07,90.0999984741211,91.0999984741211,87.19999694824219,87.25,5545836.0
2026-04-08,90.75,92.0999984741211,89.75,90.94999694824219,12523046.0
2026-04-09,90.80000305175781,91.4000015258789,90.1500015258789,91.0,4922412.0
2026-04-10,92.0,94.0,90.94999694824219,93.94999694824219,10547125.0
2026-04-13,93.0,93.5,91.69999694824219,93.0,5047883.0
2026-04-14,94.0,94.5999984741211,92.69999694824219,94.25,6640708.0
2026-04-15,94.55000305175781,95.19999694824219,93.9000015258789,94.05000305175781,4489734.0
2026-04-16,95.0999984741211,95.75,92.6500015258789,93.19999694824219,5588245.0
2026-04-17,93.05000305175781,95.94999694824219,92.75,95.55000305175781,7369797.0
2026-04-20,94.30000305175781,94.9000015258789,93.69999694824219,94.4000015258789,4578264.0
2026-04-21,94.8499984741211,96.0999984741211,93.4000015258789,93.9000015258789,7626573.0
2026-04-22,94.5,94.5999984741211,91.6500015258789,92.4000015258789,4411550.0
2026-04-24,92.6500015258789,93.6500015258789,91.9000015258789,93.0,5814537.0
2026-04-27,93.75,95.69999694824219,93.69999694824219,95.0999984741211,7248344.0
2026-04-28,96.19999694824219,97.1500015258789,95.3499984741211,96.0999984741211,10464828.0
2026-04-29,96.55000305175781,98.05000305175781,95.69999694824219,97.1500015258789,6273040.0
2026-04-30,96.5999984741211,96.75,94.25,95.6500015258789,6037658.0
2026-05-04,93.94999694824219,95.19999694824219,92.94999694824219,93.4000015258789,6481521.0
2026-05-05,93.3499984741211,95.19999694824219,92.9000015258789,94.6500015258789,5938529.0
2026-05-06,95.44999694824219,100.9000015258789,94.69999694824219,100.30000305175781,9812508.0
2026-05-07,100.69999694824219,102.0999984741211,98.80000305175781,99.94999694824219,5740461.0
2026-05-08,99.6500015258789,100.0,98.0,99.1500015258789,5089641.0
2026-05-11,99.3499984741211,101.5999984741211,99.0,100.9000015258789,6145793.0
2026-05-12,104.0,104.80000305175781,101.0,101.0,6895452.0
2026-05-13,101.80000305175781,102.5,99.94999694824219,100.4000015258789,3822903.0
2026-05-14,100.9000015258789,101.0999984741211,97.5999984741211,97.5999984741211,4692902.0
2026-05-15,96.30000305175781,97.80000305175781,95.44999694824219,97.0,4504046.0
2026-05-18,96.3499984741211,96.3499984741211,92.8499984741211,92.8499984741211,4984428.0
2026-05-20,92.8499984741211,96.19999694824219,91.69999694824219,95.44999694824219,6435875.0
2026-05-21,95.44999694824219,96.0,90.69999694824219,90.69999694824219,3748879.0
2026-05-22,88.0,96.69999694824219,88.0,96.30000305175781,7436064.0
2026-05-25,96.94999694824219,98.0,96.05000305175781,96.9000015258789,3963427.0
2026-05-26,96.69999694824219,97.30000305175781,96.05000305175781,96.05000305175781,1519767.0
2026-05-27,96.05000305175781,96.05000305175781,96.05000305175781,96.05000305175781,0.0
2026-05-28,96.05000305175781,96.05000305175781,96.05000305175781,96.05000305175781,0.0
2026-05-29,96.05000305175781,96.05000305175781,96.05000305175781,96.05000305175781,0.0
2026-06-01,96.4000015258789,97.94999694824219,94.55000305175781,96.05000305175781,5541623.0
2026-06-02,96.69999694824219,99.9000015258789,96.69999694824219,99.69999694824219,3610839.0
2026-06-03,98.5,102.0999984741211,98.4000015258789,100.4000015258789,4180381.0
2026-06-04,101.5,102.5,97.3499984741211,101.0999984741211,5880801.0
2026-06-05,100.4000015258789,102.4000015258789,98.05000305175781,98.5,4556480.0
2026-06-08,97.0,101.80000305175781,95.69999694824219,101.19999694824219,4246443.0
2026-06-09,101.0999984741211,106.69999694824219,101.0,104.5,7059285.0
2026-06-10,104.30000305175781,107.0,103.5999984741211,105.9000015258789,6080470.0
2026-06-11,105.30000305175781,108.0,105.30000305175781,106.0,5867824.0
2026-06-12,107.5999984741211,111.69999694824219,102.30000305175781,107.0,15390790.0
2026-06-15,109.19999694824219,110.9000015258789,105.30000305175781,109.4000015258789,11135470.0
2026-06-16,108.9000015258789,109.4000015258789,99.9000015258789,103.80000305175781,13885034.0
2026-06-17,104.4000015258789,105.80000305175781,100.5999984741211,100.69999694824219,5606548.0
2026-06-18,100.69999694824219,102.9000015258789,100.0,102.9000015258789,5255973.0
2026-06-19,101.9000015258789,104.30000305175781,100.9000015258789,103.5999984741211,4484027.0
2026-06-22,103.80000305175781,104.4000015258789,102.0999984741211,102.19999694824219,2711983.0
2026-06-23,101.30000305175781,102.4000015258789,99.44999694824219,100.0,2987575.0
2026-06-24,100.0,103.19999694824219,99.94999694824219,102.0,4728937.0
2026-06-25,102.0,102.5,100.30000305175781,101.5,2952002.0
2026-06-26,101.5,105.9000015258789,101.4000015258789,105.19999694824219,5768971.0
2026-06-29,105.19999694824219,108.5999984741211,104.5999984741211,107.5,5784918.0
2026-06-30,107.5999984741211,108.30000305175781,105.5999984741211,107.69999694824219,4966652.0
2026-07-01,107.19999694824219,109.69999694824219,105.30000305175781,105.30000305175781,5147907.0
2026-07-02,105.5,106.80000305175781,104.9000015258789,106.69999694824219,3703165.0
2026-07-03,106.9000015258789,107.9000015258789,104.0,104.9000015258789,3265417.0
2026-07-06,104.80000305175781,106.30000305175781,102.5999984741211,103.69999694824219,2763728.0
2026-07-07,103.80000305175781,104.0999984741211,101.4000015258789,102.0999984741211,3959716.0
2026-07-08,101.9000015258789,101.9000015258789,98.0999984741211,98.3499984741211,4579434.0
2026-07-09,98.6500015258789,99.4000015258789,97.1500015258789,98.94999694824219,4811452.0
2026-07-10,99.5,100.9000015258789,98.19999694824219,100.30000305175781,3032646.0
2026-07-13,99.0,99.30000305175781,97.80000305175781,99.0,2382732.0
2026-07-14,98.30000305175781,100.80000305175781,97.30000305175781,99.75,3199050.0
2026-07-16,99.0,104.30000305175781,98.9000015258789,104.0999984741211,4970851.0
2026-07-17,104.0,106.69999694824219,102.0999984741211,104.5999984741211,3481403.0
2026-07-20,104.19999694824219,111.0,103.9000015258789,110.5,6114360.0
2026-07-21,110.5,110.69999694824219,107.4000015258789,109.5999984741211,3935488.0
2026-07-22,110.0,110.19999694824219,106.0,107.80000305175781,2906124.0
2026-07-23,107.4000015258789,108.9000015258789,106.0,107.0999984741211,2662422.0
2026-07-24,106.5,108.5,105.0,105.5999984741211,2271634.0
2026-07-27,106.19999694824219,106.9000015258789,102.5999984741211,103.19999694824219,2368330.0
2026-07-28,103.0,105.19999694824219,103.0,103.5,2046120.0
2026-07-29,103.5,104.4000015258789,100.30000305175781,101.5,2529321.0
2026-07-30,100.80000305175781,103.80000305175781,100.5,100.9000015258789,3744358.0
2026-07-31,101.30000305175781,101.69999694824219,99.1500015258789,101.0,2640710.0
2026-08-03,102.0,103.19999694824219,100.0,102.9000015258789,3891512.0
2026-08-04,103.4000015258789,104.0999984741211,101.5,103.9000015258789,3658214.0
2026-08-05,103.80000305175781,103.80000305175781,100.0,101.0999984741211,3617899.0
2026-08-06,101.0999984741211,102.5999984741211,100.30000305175781,100.30000305175781,2128368.0
2026-08-07,100.9000015258789,102.80000305175781,99.1500015258789,101.80000305175781,3179132.0
2026-08-10,102.30000305175781,107.5999984741211,101.0,107.0,6441561.0
2026-08-11,106.5,106.69999694824219,101.4000015258789,104.69999694824219,4723389.0
2026-08-12,104.4000015258789,104.5,101.0999984741211,101.5,4469130.0
2026-08-13,101.5,102.5999984741211,100.9000015258789,102.5,3393243.0
2026-08-14,102.4000015258789,105.0,102.4000015258789,103.4000015258789,2504748.0
2026-08-17,103.5999984741211,104.80000305175781,102.80000305175781,103.80000305175781,2711269.0
2026-08-18,103.0,107.4000015258789,101.5999984741211,107.0,5319790.0
2026-08-19,106.5,116.30000305175781,106.0999984741211,113.0999984741211,10483835.0
2026-08-20,113.0,113.30000305175781,106.30000305175781,107.69999694824219,15314390.0
2026-08-21,107.69999694824219,110.0,106.19999694824219,106.30000305175781,11801277.0
2026-08-24,107.5999984741211,107.80000305175781,103.80000305175781,104.0,6914810.0
2026-08-25,104.19999694824219,106.30000305175781,102.19999694824219,105.9000015258789,9652590.0
2026-08-26,106.0,109.80000305175781,106.0,108.5,6198892.0
2026-08-27,110.0999984741211,111.30000305175781,108.4000015258789,109.5999984741211,4499316.0
2026-08-28,109.5,111.19999694824219,108.80000305175781,110.19999694824219,3043049.0
2026-08-31,109.9000015258789,110.30000305175781,105.9000015258789,108.30000305175781,3920345.0
2026-09-01,108.30000305175781,110.0,106.80000305175781,107.9000015258789,3288617.0
2026-09-02,106.9000015258789,111.0,104.80000305175781,110.4000015258789,4877057.0
2026-09-03,110.5,112.5999984741211,110.0999984741211,111.69999694824219,5040675.0
2026-09-04,111.5,113.5,109.9000015258789,112.0,4207554.0
2026-09-08,113.9000015258789,115.0,112.5999984741211,115.0,3192557.0
2026-09-09,115.0,119.9000015258789,114.0,116.30000305175781,6371890.0
2026-09-10,117.0999984741211,117.19999694824219,115.0,116.5999984741211,2792653.0
2026-09-11,117.5999984741211,118.5,115.9000015258789,117.4000015258789,4216852.0
2026-09-14,116.69999694824219,117.0,112.69999694824219,113.19999694824219,3086607.0
2026-09-15,113.0,114.4000015258789,108.80000305175781,109.0,3549806.0
2026-09-16,108.69999694824219,109.30000305175781,101.5,104.5999984741211,4963337.0
