Date,Open,High,Low,Close,Volume
2021-09-17,7.2349686869438194,7.288924217224121,7.200633392018474,7.288924217224121,22902270.0
2021-09-20,7.230063582737527,7.347784996032715,7.092721933893141,7.347784996032715,23315236.0
2021-09-21,7.337975401093957,7.367405989468287,7.220253983163305,7.22515869140625,33293302.0
2021-09-22,7.249683928232454,7.308544635772705,7.190823220692202,7.308544635772705,19372210.0
2021-09-23,7.27911451589424,7.382120871035511,7.269304164079204,7.308544635772705,29414166.0
2021-09-24,7.264398927823132,7.298734221112891,7.181012814590898,7.2006330490112305,19636256.0
2021-09-27,7.220253554728404,7.269303908730629,7.181013084413301,7.230063438415527,19977292.0
2021-09-28,7.200633245933942,7.234968540162702,7.131962189693121,7.171202659606934,18301696.0
2021-09-29,7.205538075438276,7.26439924908565,7.185917840150253,7.234968662261963,21894576.0
2021-09-30,7.234968551424807,7.440981252684653,7.210443140744673,7.426266193389893,53277822.0
2021-10-01,7.357594771382552,7.465506292342147,7.337974537370196,7.387025356292725,40343858.0
2021-10-04,7.401740673931993,7.548892668066915,7.401740673931993,7.465506553649902,51025642.0
2021-10-05,7.490031741669205,7.504746800310974,7.382120220135249,7.391930103302002,35779774.0
2021-10-06,7.362500313870757,7.387025724554674,7.2055379661636625,7.274209022521973,43895008.0
2021-10-07,7.313449750634116,7.607753753662109,7.313449750634116,7.607753753662109,99431242.0
2021-10-08,7.6420888146631185,7.76962057658081,7.553797522907286,7.73528528213501,143678606.0
2021-10-11,7.764715146411025,7.833386200835543,7.720569501979784,7.759809970855713,65939350.0
2021-10-12,7.70095111777311,8.103166722062666,7.70095111777311,8.014875411987305,169049268.0
2021-10-13,8.039397773248687,8.166929520591944,7.970727192204818,7.9952521324157715,170140262.0
2021-10-14,8.000158548127427,8.196360906938956,8.000158548127427,8.127690315246582,141070152.0
2021-10-15,8.157121028511082,8.181646909875644,7.985444536792705,8.08845043182373,86642802.0
2021-10-18,8.044303780710989,8.07373389912243,7.8677221346757396,7.980538368225098,89867770.0
2021-10-19,7.995254020147656,8.117880621288368,7.995254020147656,8.044304847717285,58942452.0
2021-10-20,8.06392364902614,8.098258939548074,7.9609168418938365,7.9952521324157715,91938432.0
2021-10-21,7.9854441438579515,8.162025803160297,7.951107911637125,8.147311210632324,87305072.0
2021-10-22,8.147309249300228,8.294460752555631,8.108068786061024,8.191454887390137,98214642.0
2021-10-25,8.09335599472346,8.245412724180785,8.09335599472346,8.181647300720215,79233384.0
2021-10-26,8.215981530974972,8.412183887884929,8.215981530974972,8.323892593383789,81357380.0
2021-10-27,8.112974829721795,8.142404946411228,8.024683544086953,8.08354377746582,121761514.0
2021-10-28,8.088450163513942,8.112976044064933,8.059020042419434,8.059020042419434,21549112.0
2021-11-01,8.08354377746582,8.157119536972674,8.02958871946295,8.08354377746582,55145814.0
2021-11-02,8.073734604770857,8.127690606213113,7.990349417911632,8.005064010620117,33224556.0
2021-11-03,8.005063644897284,8.108070466984058,7.617563639238244,7.965823173522949,71054410.0
2021-11-04,8.044305165217844,8.19145765373469,8.000159512219467,8.181647300720215,87697692.0
2021-11-05,8.206170510551885,8.260126505142965,8.12768957418298,8.201265335083008,90015534.0
2021-11-08,8.211075663919758,8.397468588969128,8.211075663919758,8.29936695098877,116160188.0
2021-11-09,8.318987059347537,8.52990493478232,8.299367292284574,8.4367094039917,122013752.0
2021-11-10,8.441614040591089,8.475950271805614,8.289557330336176,8.377848625183105,82248038.0
2021-11-11,8.363134075761767,8.564241632851633,8.363134075761767,8.431805610656738,112299320.0
2021-11-12,8.466140252945944,8.54462119910342,8.451424724703916,8.515191078186035,79140104.0
2021-11-15,8.632911709213477,8.917405346950932,8.623101357947835,8.838924407958984,128620152.0
2021-11-16,8.843829609511163,8.907595021791531,8.740822792053223,8.740822792053223,94973666.0
2021-11-17,8.740822706390576,8.887975167664553,8.740822706390576,8.88306999206543,67439712.0
2021-11-18,8.907595908589382,9.216615456161124,8.853639906665212,9.143038749694824,157489212.0
2021-11-19,9.244764096510318,9.432927062970062,9.23981231522773,9.279425621032715,82372096.0
2021-11-22,9.413121778793103,9.432927961354064,9.165538357818395,9.249716758728027,62038250.0
2021-11-23,9.279426914812582,9.591382567919847,9.279426914812582,9.551769256591797,163089762.0
2021-11-24,9.655753067561559,10.438116611667803,9.655753067561559,10.398503303527832,151995132.0
2021-11-25,10.477729948395643,10.893670157228085,10.40840689507549,10.537150382995605,173648686.0
2021-11-26,10.398503552206197,10.596570097642777,10.160823697682302,10.240050315856934,126525372.0
2021-11-29,10.378696384664668,11.260093688964844,10.358890202426707,11.260093688964844,168603494.0
2021-11-30,11.289803492556228,11.616613529035881,10.497537309851488,10.76492691040039,310690406.0
2021-12-01,10.933283513523246,11.180866927275545,10.636183228129335,10.814443588256836,197947728.0
2021-12-02,10.88376671291652,11.111543946172265,10.82434722212339,10.84415340423584,108781946.0
2021-12-03,10.933283655849452,11.042220019314486,10.863960601322228,10.873863220214844,83052296.0
2021-12-06,10.962992853997688,11.299706435383055,10.735216575093316,11.161060333251953,115317972.0
2021-12-07,11.279900910778991,11.57700025804425,11.08183341999443,11.428450584411621,215510868.0
2021-12-08,11.537386676651268,12.14149080927502,11.517580494713448,11.834486961364746,222898702.0
2021-12-09,11.963229961344338,12.814916527940827,11.943423780214793,12.398977279663086,252201382.0
2021-12-10,12.438591848715857,12.517818470185858,11.90381168156544,12.131587982177734,139113092.0
2021-12-13,12.250427528145073,12.953564479864342,12.21081421865902,12.755497932434082,202470152.0
2021-12-14,13.003080906086476,13.181341264877082,12.765401057336177,12.963467597961426,102453296.0
2021-12-15,13.17143785289735,13.17143785289735,12.597044406264068,12.63665771484375,119571244.0
2021-12-16,12.775304417783246,13.547765387755867,12.696077796933103,13.537861824035645,170126778.0
2021-12-17,13.76563839689418,14.38954875685091,12.191008567810059,12.191008567810059,169112710.0
2021-12-20,12.032553877220726,12.686174901699566,10.972897138059484,11.983037948608398,120480416.0
2021-12-21,12.359363480065868,12.864433867475345,10.784733772277832,10.784733772277832,73273946.0
2021-12-22,10.249954109379805,10.834250195422676,9.829062100592129,9.942950248718262,113309938.0
2021-12-23,10.101403506209683,10.249954127222889,9.244765086186703,9.819158554077148,101531212.0
2021-12-24,9.858771508161274,10.705507278442383,9.804302854644167,10.705507278442383,80723248.0
2021-12-27,10.883767255466037,11.200674685164907,10.636183827755948,10.804540634155273,93720370.0
2021-12-28,10.903573563233309,10.992703741620593,10.319276566655109,10.477729797363281,52641402.0
2021-12-29,10.398503753704523,10.824347542986851,10.111307021142345,10.715410232543945,78238534.0
2021-12-30,10.863960539579034,10.972896902424951,10.408407017155366,10.457923889160156,57873860.0
2021-12-31,10.537150200154668,10.566859944711242,10.259856102774144,10.339082717895508,38037822.0
2022-01-03,10.388600068987156,10.794636726379395,10.319277013663347,10.794636726379395,61064146.0
2022-01-04,10.903573623987905,11.27990052124458,10.814443445103988,11.141253471374512,106163426.0
2022-01-05,11.151157350931243,11.438354077454605,10.953090805821303,11.398740768432617,89890050.0
2022-01-06,11.269997562276426,11.765164409769472,11.230384252255215,11.51758098602295,118434816.0
2022-01-07,11.616613388061523,11.725550695203248,11.359127354035119,11.616613388061523,64605930.0
2022-01-10,11.725550964218776,12.250427552047006,11.69584121816022,11.983037948608398,143423396.0
2022-01-11,12.141490611407033,12.171200356057474,11.606710485420308,11.884003639221191,118264414.0
2022-01-12,12.072167454330472,12.141491455944546,11.884004465848433,11.963231086730957,71043126.0
2022-01-13,11.983036795269673,12.329652984473983,11.943423489519017,12.032552719116211,150168774.0
2022-01-14,12.022651178573804,12.052360924435664,11.775067759328135,11.953327178955078,76699158.0
2022-01-17,12.141490560577465,12.329653535183537,11.992939949035645,11.992939949035645,103946860.0
2022-01-18,11.983037832254823,12.10187775979093,11.289803504943848,11.289803504943848,74117382.0
2022-01-19,11.279901386228392,11.547290998928792,10.933284207201238,11.497774124145508,105702304.0
2022-01-20,11.547289839995148,11.606710272662575,10.97289641685155,11.161060333251953,87775316.0
2022-01-21,11.071929849725738,11.170962642153384,10.923379244400703,11.042219161987305,55845374.0
2022-01-24,11.032317016891069,11.161060502577223,10.32918009934715,10.339082717895508,81098178.0
2022-01-25,10.418310308075593,10.566859975750566,10.111306465236696,10.477729797363281,60528668.0
2022-01-26,10.547053416055443,10.735217345967516,10.497537487141974,10.576764106750488,49702876.0
2022-01-27,10.438116011474818,11.042219161987305,10.38859914303314,11.042219161987305,80088846.0
2022-01-28,11.05212386170146,11.170963791515305,10.824347565672209,10.854057312011719,60787524.0
2022-01-31,10.962992959093901,11.042219573772813,10.655990063327048,10.695603370666504,50038984.0
2022-02-01,10.794636361904173,10.883766541142947,10.606473384754578,10.646086692810059,52156078.0
2022-02-02,10.725313009976464,10.804539623879158,10.467826042564838,10.527246475219727,54389088.0
2022-02-03,10.438115963414738,10.616376311201735,10.150919261122192,10.269759178161621,60105416.0
2022-02-04,10.309373496802792,10.339083242867893,10.081597202877347,10.160823822021484,41525386.0
2022-02-07,10.141016397423073,10.448020245939537,9.923143673397991,10.428213119506836,59446254.0
2022-02-08,10.428212510969969,10.576763117179262,10.309372592675965,10.438116073608398,71427850.0
2022-02-09,10.537150181157964,10.695603411115027,10.507439492199202,10.586666107177734,62481950.0
2022-02-10,10.606473016497077,10.675796067073328,10.457923352560618,10.497536659240723,50218310.0
2022-02-11,10.388600001387745,10.804540219535628,10.269760073982033,10.76492691040039,87931308.0
2022-02-14,10.804540025037358,11.022413693586998,10.418310504035468,10.814443588256836,197455530.0
2022-02-15,10.883767185665977,10.962993806468642,10.72531394406065,10.77483081817627,95464866.0
2022-02-16,10.794636031103552,11.081832741818616,10.77482984991065,11.02241325378418,122901710.0
2022-02-17,11.052123919713866,11.071931047014711,10.735217438546844,10.745121002197266,90832464.0
2022-02-18,10.81444336486814,10.883766417060963,10.56685995623005,10.725313186645508,46936258.0
2022-02-21,10.854056949636231,10.933283566867054,10.586666408140372,10.705507278442383,65623882.0
2022-02-22,10.428212688367893,10.695603217419862,10.35888963763104,10.63618278503418,61527616.0
2022-02-23,10.68570002365656,10.715409768647598,10.398503303527832,10.398503303527832,44621566.0
2022-02-24,9.606236488051307,9.982563399039417,9.35865306854248,9.35865306854248,75921236.0
2022-02-25,9.457687188908624,10.249954351623241,9.442831843145335,10.170727729797363,93572160.0
2022-02-28,10.032079324049112,11.032316471036504,9.982562455934307,11.0125093460083,124740042.0
2022-03-01,11.151156974805266,11.884003639221191,11.12144628569907,11.884003639221191,188166302.0
2022-03-02,11.735454285238681,11.874100393617692,11.309610507889943,11.369029998779297,150491696.0
2022-03-03,11.48787034496821,12.082069949011283,11.46806321927224,11.794873237609863,178406074.0
2022-03-04,11.844390892908802,12.260331115551791,11.844390892908802,11.983037948608398,128084502.0
2022-03-07,12.082069587418458,12.230620192325198,11.66612940480872,12.032552719116211,134407832.0
2022-03-08,12.0127466615083,13.062499746880537,11.943423611848544,12.834723472595215,209810550.0
2022-03-09,13.042694027735415,13.082307335294098,12.329653547223351,12.379170417785645,114997446.0
2022-03-10,12.428687860397298,12.597044661384523,12.052360949040905,12.091974258422852,111703594.0
2022-03-11,12.111780024470088,12.408880306847966,12.032553408430088,12.052360534667969,75158122.0
2022-03-14,12.08207094793055,12.181104695686825,11.884004396873816,11.933521270751953,47524964.0
2022-03-15,11.89390651104901,12.161296086275302,11.775066594897803,11.864195823669434,61533468.0
2022-03-16,11.933520457033115,12.052360379563739,11.576999744985493,11.606710433959961,55985130.0
2022-03-17,11.656227405842495,11.874100126815728,11.636420279687243,11.775067329406738,72941318.0
2022-03-18,11.77506769315256,11.8443907479259,11.537386894226074,11.537386894226074,54295536.0
2022-03-21,11.676034349917852,12.02265152462076,11.636421039476591,11.963231086730957,97519306.0
2022-03-22,12.082069587418458,12.141490018272295,11.973133232718082,12.032552719116211,67647036.0
2022-03-23,12.101877853013548,12.141491162497397,11.794873996171864,11.844390869140625,61046080.0
2022-03-24,11.854293719081845,11.992939821701917,11.68593692779541,11.68593692779541,53305316.0
2022-03-25,11.775067400429423,11.923617069666781,11.656227476148384,11.804777145385742,76045094.0
2022-03-28,11.903810237454863,11.913712855595408,11.666129457423276,11.676033020019531,62684776.0
2022-03-29,11.725550940689077,11.953327234107263,11.705743813719254,11.844390869140625,104451518.0
2022-03-30,11.943424846569417,12.230621582007815,11.943424846569417,12.07216739654541,155028838.0
2022-03-31,12.131587543037814,12.191007979217323,11.884004123792145,11.953327178955078,91759364.0
2022-04-01,12.002843572521765,12.309847415690838,11.943424083170173,12.270234107971191,132780732.0
2022-04-04,12.428687389588335,12.616850365910866,12.428687389588335,12.547527313232422,202074508.0
2022-04-05,12.696078120149073,12.99317842812858,12.616851497281985,12.884242057800293,303253200.0
2022-04-06,12.953564536361581,13.012984973077721,12.646561622619629,12.646561622619629,147904948.0
2022-04-07,13.072403538784195,13.191243459337466,12.814916572024245,12.923853874206543,148144138.0
2022-04-08,13.250664203599454,13.973607306754957,13.102113591071014,13.815154075622559,310757492.0
2022-04-11,13.825058053762058,14.181577834514005,13.696314563487686,13.854767799377441,211629196.0
2022-04-12,13.815154269303125,14.003318192252614,13.587377982470949,13.765637397766113,156870566.0
2022-04-13,13.884478347812145,14.191481253102841,13.577474498065673,13.795348167419434,210551940.0
2022-04-14,13.943897140976016,13.983510447562937,13.755734170802079,13.775540351867676,82523382.0
2022-04-15,13.785443889389265,13.805250070418598,13.62699066333169,13.636894226074219,63319118.0
2022-04-18,13.676507661927518,14.072640730817694,13.587377485313295,13.943897247314453,189148064.0
2022-04-19,14.161770997002169,14.201384304141733,13.626990878390192,13.72602367401123,152201464.0
2022-04-20,13.805250786219688,13.953801401692797,13.666604678458384,13.795348167419434,114289236.0
2022-04-21,13.825058700785714,14.132062568031976,13.825058700785714,14.122159004211426,185998482.0
2022-04-22,14.033028582082707,14.260804879379133,13.339795182084076,13.369504928588867,227745600.0
2022-04-25,13.201148124302025,13.518054605568642,12.943661136044993,13.369504928588867,135618228.0
2022-04-26,13.498248326890387,13.557667819478139,12.52772081821764,12.676271438598633,116886062.0
2022-04-27,12.547526741262114,12.62675335341335,12.240522910834295,12.448493003845215,131936316.0
2022-04-28,12.56733309027642,12.676270391784199,12.210813330824116,12.260330200195312,101803198.0
2022-04-29,12.389074974183151,12.398978537980858,11.963231175440027,12.131587982177734,104533418.0
2022-05-05,12.349461534364378,12.36926771729694,12.161297601998056,12.210814476013184,107242210.0
2022-05-06,12.161297568353245,12.161297568353245,11.85429465032926,11.933521270751953,103899272.0
2022-05-09,11.923617265810854,12.01274744660177,11.735454285384526,11.755260467529297,92121604.0
2022-05-10,11.854294087758337,11.884003832892954,11.775067471095513,11.834486961364746,17613802.0
2022-05-11,12.062264472083157,12.101877781332373,11.755260617059903,11.814681053161621,170257316.0
2022-05-12,11.656227924888622,11.745357163188867,11.180867265008317,11.210577011108398,179777664.0
2022-05-13,11.349223816634773,11.497773488313934,11.279900762445267,11.369029998779297,100357342.0
2022-05-16,11.398740248219042,11.576999658454726,11.190770149230957,11.190770149230957,106594606.0
2022-05-17,11.339319659735962,11.349223222517676,11.131349563598633,11.131349563598633,95908244.0
2022-05-18,11.091735957209707,11.180866130925216,10.933282734806893,11.0125093460083,103454982.0
2022-05-20,11.012510013488917,11.517580398852548,10.972896705487207,11.279900550842285,310364650.0
2022-05-23,11.398740215210738,11.804776849093646,11.398740215210738,11.68593692779541,195676700.0
2022-05-24,11.755260267468381,11.7849700124078,11.408644057959776,11.418546676635742,88426238.0
2022-05-25,11.458159773823038,11.804776921408026,11.458159773823038,11.715646743774414,135682030.0
2022-05-26,11.745357192424418,11.933521121923496,11.735454573336943,11.874100685119629,117617450.0
2022-05-27,11.90381078561675,11.92361696726561,11.616613123834348,11.636420249938965,73835448.0
2022-05-30,11.804777243915236,12.082070402885444,11.784970117475192,11.97313404083252,173568008.0
2022-05-31,12.002843804406332,12.230621036536572,11.963230495921392,12.111780166625977,148980246.0
2022-06-01,12.171200507217923,12.369267048107018,12.091973890862286,12.3296537399292,128986168.0
2022-06-02,12.40888028469679,12.448493592646075,12.250427052899648,12.299943923950195,84012552.0
2022-06-03,12.349460817045847,12.369266998827966,12.042456971549028,12.052360534667969,74734852.0
2022-06-06,12.141490351644517,12.41878349951282,12.141490351644517,12.290040016174316,106955790.0
2022-06-07,12.309848501450983,12.369267996043526,12.121684564844308,12.191008567810059,71126118.0
2022-06-08,12.260330394665358,12.309847264821979,11.51758017568329,11.57699966430664,99333856.0
2022-06-09,11.576999435392665,11.755259786649427,11.438353335042493,11.735453605651855,79265630.0
2022-06-10,11.616613441433522,11.715647185752683,11.468063769410563,11.50767707824707,68793954.0
2022-06-13,11.418546995888578,11.55719405024193,11.279900885991015,11.289803504943848,54016368.0
2022-06-14,11.339320957238524,11.616614135665678,11.299707646034646,11.527484893798828,81791282.0
2022-06-15,11.586904042446116,11.685937789727049,11.497773858784438,11.51758098602295,63454830.0
2022-06-16,11.527484584893912,11.57700051422999,11.161061229963211,11.269997596740723,62741514.0
2022-06-17,11.29970697074146,11.537386823760507,11.279900788551094,11.50767707824707,63029874.0
2022-06-20,11.567097296823663,11.834486890342061,11.4977732993179,11.804777145385742,68164362.0
2022-06-21,11.864196734323823,12.062264220901172,11.84439055233955,11.97313404083252,73445844.0
2022-06-22,11.893907520365808,11.943424392411403,11.755260467529297,11.755260467529297,62076322.0
2022-06-23,11.765164129769,11.91371380269924,11.507677148531183,11.537386894226074,65776270.0
2022-06-24,11.606711444718254,12.319751041996305,11.606711444718254,12.161297798156738,200372498.0
2022-06-27,11.874100685119629,11.874100685119629,11.874100685119629,11.874100685119629,1129318.0
2022-06-28,11.923617577638144,11.94342470475669,11.339320550022252,11.487871170043945,93385540.0
2022-06-29,11.884003938489858,11.893907501774653,11.161060818903831,11.23038387298584,120535146.0
2022-06-30,11.200674346227178,11.5274843853586,10.992704235465746,11.319514274597168,122527312.0
2022-07-01,11.27990034924904,11.57699968172426,11.27990034924904,11.329416275024414,71045460.0
2022-07-04,11.37893281823009,11.458159430540645,11.052122806335127,11.071929931640625,68344040.0
2022-07-05,11.190770895258884,11.289803697668303,10.6857004862667,10.715410232543945,78704514.0
2022-07-06,10.784733460055907,10.933283125249533,10.66589353900986,10.913476943969727,69640516.0
2022-07-07,10.913476671387738,11.002605901604323,10.814442934095027,10.933282852172852,40607450.0
2022-07-08,10.913476824640748,11.032316744387389,10.883766136362292,10.992703437805176,18883080.0
2022-07-13,10.992704091484061,11.012510273725074,10.774830420098208,10.873863220214844,39638602.0
2022-07-14,10.883766694983846,10.923380003599256,10.695603715174586,10.705507278442383,47759898.0
2022-07-18,10.863960945122923,10.943187565505749,10.814444071269703,10.883767127990723,44651662.0
2022-07-19,10.85405619525578,11.06202628714626,10.834249070096824,11.042219161987305,54203426.0
2022-07-20,11.081832321145926,11.131349188932091,10.943186224691505,10.982799530029297,52161648.0
2022-07-21,11.00260619977492,11.15115680973971,11.00260619977492,11.052123069763184,70390616.0
2022-07-22,11.091736112490405,11.220479593608983,11.0224130628326,11.071929931640625,55550756.0
2022-07-25,11.071930075819813,11.200673558614897,11.042219387474674,11.131349563598633,53313822.0
2022-07-26,11.151156737133103,11.220479787991856,11.012509690959863,11.02241325378418,42598684.0
2022-07-27,11.052123414341493,11.230383774074669,11.022413669204553,11.062026977539062,56232926.0
2022-07-28,11.170963040668186,11.190770166533744,10.913477015606137,10.94318675994873,50876244.0
2022-07-29,10.972896312286204,11.062026488210117,10.873862573602807,10.992703437805176,50049296.0
2022-08-01,11.032317491754082,11.428450584411621,11.022413928323695,11.428450584411621,99987490.0
2022-08-02,11.448257264239363,11.47796700891462,11.220480036513708,11.250189781188965,68389868.0
2022-08-03,11.279901057578218,11.577000408709997,11.269997494018945,11.487871170043945,82253388.0
2022-08-04,11.62651653446326,11.67603340461988,11.56709704583991,11.57699966430664,54752906.0
2022-08-05,11.63642032103528,11.775067371247433,11.547290141931448,11.666130065917969,107172236.0
2022-08-08,11.705743282407033,11.94342407297783,11.705743282407033,11.884003639221191,82138506.0
2022-08-09,11.963229559356623,12.082069475507831,11.755259469978085,11.864195823669434,74653268.0
2022-08-10,11.80477702384951,11.94342407297783,11.784969897778714,11.884003639221191,58954528.0
2022-08-11,12.002844327507857,12.161297568353245,11.913714143418373,11.933521270751953,82995538.0
2022-08-12,11.97313480721121,12.260331547784384,11.804777999517713,12.161297798156738,154211320.0
2022-08-15,12.280136963800919,12.379170707241157,12.091973984611393,12.111780166625977,95126082.0
2022-08-16,12.151394878263677,12.181104624634937,11.527484537732347,11.90381145477295,118787010.0
2022-08-17,11.98303746035591,12.319750105696958,11.933520589305363,12.299943923950195,143957642.0
2022-08-18,12.398977104874907,12.854529653445551,12.131586579977474,12.834723472595215,285236814.0
2022-08-19,12.913951226702755,13.012984973077721,12.567334058846175,12.646561622619629,136942474.0
2022-08-22,12.646561295913752,12.923854456362063,12.507914243461709,12.775303840637207,159738244.0
2022-08-23,12.805013801232732,13.141727377686896,12.795110238523911,12.864433288574219,228436528.0
2022-08-24,12.963466889540815,13.062499682213666,12.527719579521987,12.557430267333984,143601980.0
2022-08-25,12.597043670314052,13.042693601913466,12.557430364048676,12.973370552062988,187597498.0
2022-08-26,13.062499771959708,13.795347353943551,12.943659853262368,13.220953941345215,337086564.0
2022-08-29,13.250664337787681,13.40911757052472,12.983273799202104,13.102113723754883,101966038.0
2022-08-31,13.250664162703256,13.37940764871492,12.904047012329102,12.904047012329102,110908952.0
2022-09-01,12.854530989310257,13.01298517485837,12.597044944763184,12.597044944763184,116253712.0
2022-09-02,12.64656205128245,13.567571768182287,12.626754923553762,13.4883451461792,233916422.0
2022-09-05,13.597279325605006,14.37964374469073,13.597279325605006,14.250900268554688,288766444.0
2022-09-06,14.409355023499009,14.68664818542185,13.696314519813063,13.963705062866211,262502204.0
2022-09-07,13.993414102359381,14.538097779853754,13.894380363012864,14.19148063659668,244877192.0
2022-09-08,14.359838279424661,14.726261625633907,13.765637696976498,13.884478569030762,242440954.0
2022-09-09,13.973607765160825,14.746068708955569,13.973607765160825,14.518291473388672,286149790.0
2022-09-12,14.845100972842234,15.964179039001465,14.607421126937712,15.964179039001465,393813008.0
2022-09-13,16.736637812169285,16.934705291875314,14.85500431060791,14.85500431060791,508454116.0
2022-09-14,14.686648290967048,16.340505599975586,14.171675272266645,16.340505599975586,372344892.0
2022-09-15,16.815865721765952,17.855717236965692,16.419732620747222,16.76634979248047,630451656.0
2022-09-16,16.766347802871106,17.469483737626483,16.489053720607792,16.736637115478516,353236218.0
2022-09-19,16.786156207236623,16.984221804882875,15.06297492980957,15.06297492980957,211126912.0
2022-09-20,15.112491899226244,15.538334731386842,14.359838089913135,15.231331825256348,271222364.0
2022-09-21,15.251137762556455,16.073114612745524,15.10258809351728,15.389784812927246,290315412.0
2022-09-22,15.409593022055482,15.686886197827551,15.211525523476745,15.310559272766113,143955020.0
2022-09-23,15.350171905337973,15.409592341177246,14.864908633064418,14.904521942138672,92047380.0
2022-09-26,14.855005139596292,15.300655104893023,14.755971394216667,14.934231758117676,121404764.0
2022-09-27,14.973844476825704,15.270944756791467,14.656938015238627,14.696551322937012,110987658.0
2022-09-28,14.656938129778874,14.904521540942516,14.171674870567514,14.231094360351562,111182566.0
2022-09-29,14.359837686543004,15.211524271395968,14.12215784115926,14.805487632751465,268269508.0
2022-09-30,14.85500472019976,14.894618028342062,14.379645022492134,14.508387565612793,128202462.0
2022-10-03,14.617325150996166,15.835435108017956,14.617325150996166,15.785918235778809,187730150.0
2022-10-04,15.875050293605675,16.152342527734472,15.429399361739142,15.508625984191895,176585898.0
2022-10-05,15.647271632948787,15.736401811274693,15.171910996695866,15.330364227294922,132534356.0
2022-10-06,15.459108307583232,15.815629034593005,15.409592379459243,15.568045616149902,129674008.0
2022-10-07,15.617562214051823,15.983984609112584,15.52843203386698,15.587851524353027,193732298.0
2022-10-10,15.7463022866873,16.241469037142316,15.7463022866873,16.231565475463867,209799654.0
2022-10-11,16.271181298150395,16.271181298150395,15.924564161477445,15.974080085754395,154275802.0
2022-10-12,16.34050485140325,16.45934571780724,15.587851067941962,15.657175064086914,190112260.0
2022-10-13,15.676981532337214,15.766111711543024,15.300654633721436,15.389784812927246,133435172.0
2022-10-14,15.597755952838876,15.68688613796803,15.379882271907146,15.419495582580566,103597310.0
2022-10-17,15.518528381717758,16.40982828954778,15.429398202043602,16.19195556640625,269637726.0
2022-10-18,16.350409735793736,16.8257694620055,16.152342238749682,16.57818603515625,249000380.0
2022-10-19,16.687122455204133,16.964414669545736,16.221664428710938,16.221664428710938,169460380.0
2022-10-20,16.350408574052697,16.449442315538107,15.95427549702256,16.102825164794922,190703354.0
2022-10-21,16.092922367796,16.13253662184045,15.766112327575684,15.766112327575684,119903678.0
2022-10-24,15.82553154467897,16.063211398079936,15.736402307995444,15.785918235778809,121275966.0
2022-10-25,15.855241623166686,16.122632156271482,15.686884830720498,15.795821189880371,177619610.0
2022-10-26,15.914660852306834,16.44944190979004,15.884952052832077,16.44944190979004,204725050.0
2022-10-27,16.51876647637693,16.538573603785444,15.964180131319871,16.02359962463379,128615440.0
2022-10-28,15.84533729422077,15.974079828615297,15.74630355834961,15.74630355834961,36046072.0
2022-10-31,15.785917396778164,16.07311410715415,15.696788164831739,15.954275131225586,103502914.0
2022-11-01,16.003791168242575,16.697025458680237,15.974080479597024,16.508861541748047,224811198.0
2022-11-02,16.54847447220598,18.033974955050105,16.459346181033954,17.766586303710938,464580694.0
2022-11-03,17.786393751065496,17.905234635579173,17.02383817736995,17.0832576751709,267146266.0
2022-11-04,17.1624824973483,17.56851915263416,17.033739950830757,17.3902587890625,221552396.0
2022-11-07,17.538809117439722,18.113204483250474,17.459582496105767,17.657649993896484,264840192.0
2022-11-08,17.736875973500517,18.42020673835239,17.479388991253266,17.915136337280273,334216540.0
2022-11-09,17.92504044108514,19.202569938500847,17.855717383950164,18.925277709960938,387477764.0
2022-11-10,18.687597632070332,19.15305378812183,18.38059282699333,18.83614730834961,242358210.0
2022-11-11,19.073826884315334,20.05425699986139,19.01440739247025,19.242183685302734,312310864.0
2022-11-14,19.271893322838185,21.06439871961839,19.222377392304406,20.64845848083496,341255252.0
2022-11-15,20.8960418736036,21.539758413938983,20.163195147338985,20.371164321899414,275989874.0
2022-11-16,20.6009367197709,20.750218484767952,19.625625265467523,19.824668884277344,180090024.0
2022-11-17,19.934141189827063,20.790024114492088,18.938926985809704,20.372034072875977,297473220.0
2022-11-18,20.16304083913682,20.471556723702133,19.58581665274663,19.764955520629883,158703510.0
2022-11-21,19.924190523268685,20.690505981445312,19.8644762992041,20.690505981445312,240463814.0
2022-11-22,20.79997944544213,21.317491360778018,20.610888188257725,21.19806480407715,230449522.0
2022-11-23,21.267730019117305,22.113660639348275,20.690505812095164,21.884761810302734,232863104.0
2022-11-24,21.924570805221936,23.656243387786848,21.80514425894618,22.840167999267578,326856612.0
2022-11-25,22.840168856057463,24.034424872511714,22.700837563805663,23.984664916992188,270875618.0
2022-11-28,24.143898340484892,24.4524142316928,23.327822945419776,23.39748764038086,211459310.0
2022-11-29,23.497009271176214,23.62638628967738,22.989449771110618,23.387535095214844,144642028.0
2022-11-30,23.268108404440373,24.422558684507404,23.14868375706069,24.143898010253906,237300268.0
2022-12-01,24.422559564511463,24.512127104163287,23.61643462365953,23.755765914916992,175583934.0
2022-12-02,23.815477886125,24.721122723819914,22.860071195786052,23.407440185546875,281581902.0
2022-12-05,23.58657808223812,25.079399431791913,23.18849087044737,24.77088165283203,252690338.0
2022-12-06,24.78083523973311,25.37796418851885,24.213563402763867,24.40265464782715,173264330.0
2022-12-07,25.17891968604408,25.950212245930093,23.994616099010077,24.571840286254883,281600348.0
2022-12-08,24.611648572232763,25.452605849710025,24.213563241762756,25.37796401977539,212859162.0
2022-12-09,25.726290082442844,27.268871491020665,25.527246462784774,26.62198257446289,253710578.0
2022-12-12,26.920543983414397,29.1348960101015,26.796142205490632,29.010494232177734,246724492.0
2022-12-13,29.85642918874017,30.876523473044664,29.110018459021667,29.532983779907227,274086088.0
2022-12-14,29.532983997073657,30.553080187099923,28.065044403076172,28.065044403076172,294442282.0
2022-12-15,29.110016034160843,29.85642670170343,27.890878230863855,29.010494232177734,272779202.0
2022-12-16,29.15977754851466,29.483222947735864,28.56265050106104,28.66217041015625,49637768.0
2022-12-19,29.11001743980751,30.15499166553801,29.0353756101608,29.582744598388672,180215518.0
2022-12-20,29.582743764833975,30.97604332595575,29.309060227541924,30.354034423828125,298376262.0
2022-12-21,30.453555291197198,30.67747886872036,29.28417745222979,29.48322105407715,201398326.0
2022-12-22,29.632505245885486,29.881308819567515,28.662170928881448,28.910974502563477,132599028.0
2022-12-23,28.985615467203072,29.483222599687245,28.687051947000796,28.86121368408203,103901768.0
2022-12-26,29.25929988761021,29.93107067553567,29.15977807848563,29.458343505859375,156308990.0
2022-12-27,29.48322313279787,29.682266748678842,28.73681242057514,28.836334228515625,125531674.0
2022-12-28,28.861215242327987,29.234420611840847,27.94064275681786,29.060258865356445,184648602.0
2022-12-29,29.060258509562733,29.657385574895965,28.81145493293367,29.259300231933594,127069110.0
2022-12-30,29.557865142660706,31.4985318672831,29.532983266859155,30.926284790039062,358105196.0
2023-01-02,31.34924941991208,32.344463687210876,31.22484763649973,32.14542007446289,188727498.0
2023-01-03,32.36934821991228,34.68321854419203,32.12054463266143,34.3846549987793,263514414.0
2023-01-04,34.38465218992647,34.40953406519556,32.220061916955885,32.419105529785156,221434950.0
2023-01-05,32.667909795793335,32.99135519900737,30.553079431663146,30.926284790039062,173804532.0
2023-01-06,29.33394138544331,31.92149890215538,28.114803508526787,31.299489974975586,297530190.0
2023-01-09,32.09566005560035,32.34446362192283,28.86121369340806,29.408580780029297,217603688.0
2023-01-10,29.408581128516502,30.25451364368123,28.512888658785855,28.935855865478516,237561544.0
2023-01-11,28.960736184183656,29.65738504742234,26.174135036567073,26.273656845092773,203951162.0
2023-01-12,27.21910948748948,28.114801912125483,25.875569901425223,27.816238403320312,221155860.0
2023-01-13,27.567435865936805,28.761691843537978,27.020066881926606,27.492794036865234,199425798.0
2023-01-16,27.617196352241045,28.985615991316052,27.617196352241045,28.836334228515625,146993280.0
2023-01-17,28.91097382330035,29.532982742891324,28.43824856298767,29.30906105041504,168262172.0
2023-01-18,30.951164933222593,32.070779116120164,30.503317741487066,31.374130249023438,298097778.0
2023-01-19,31.00092367047619,31.52341077482287,30.47843656612951,30.702360153198242,192089780.0
2023-01-20,31.00092351009117,31.34924887726039,30.50331638505529,31.075565338134766,110104066.0
2023-01-23,31.374129722200152,31.772215053602434,29.856428328479875,30.304275512695312,140799240.0
2023-01-24,30.254512831076376,31.3492488861084,29.085136846200232,31.3492488861084,204104444.0
2023-01-25,31.299489617711796,31.299489617711796,29.333941050615007,30.677480697631836,169864126.0
2023-01-26,30.677480339079455,31.423891034451504,30.30427499139343,30.32915496826172,206501790.0
2023-01-27,30.055470920577083,30.901401509189256,29.50810194758156,30.627717971801758,207715584.0
2023-01-30,30.62771917815074,30.752120963519527,29.38370132446289,29.38370132446289,108799986.0
2023-01-31,29.18466013703993,29.63250543357177,28.26408576965332,28.26408576965332,156786684.0
2023-02-01,28.338728556681186,28.6621720764858,26.398059844970703,26.398059844970703,129450268.0
2023-02-02,26.572221234941345,27.318631922459694,24.45241381938574,26.59710121154785,233363462.0
2023-02-03,26.59710160650253,28.761691873160686,26.273656211153348,28.5875301361084,167600982.0
2023-02-06,27.89088056047375,30.08035279409776,26.497580910995133,29.259300231933594,30408262.0
2023-02-07,28.811452718057772,29.25929798262966,26.348297119140625,26.348297119140625,170916522.0
2023-02-08,23.73586082458496,23.73586082458496,23.73586082458496,23.73586082458496,4.0
2023-02-15,27.368392126753342,28.960735321044922,26.67174138605685,28.960735321044922,94406834.0
2023-02-16,31.598054447484817,31.598054447484817,27.965522583559828,28.338727951049805,142396750.0
2023-02-17,27.642074774666884,28.68705085192597,27.39327121792241,27.816238403320312,82366398.0
2023-02-20,27.915760754617718,27.96552260926118,26.796144651118816,27.24399185180664,71808286.0
2023-02-21,27.09470991885536,28.16456416117741,26.895666297938366,27.0698299407959,124192444.0
2023-02-22,27.069827530417456,28.04015987587971,26.821023975535752,27.368391036987305,86426064.0
2023-02-23,27.39327204007283,27.592315650730473,26.845904958095137,27.044946670532227,43745688.0
2023-02-24,27.094707975579624,27.36839151104598,26.37317727428067,26.522459030151367,52712686.0
2023-02-27,26.522459587533668,27.592315673828125,25.776048894273508,27.592315673828125,85697052.0
2023-02-28,27.617196344055007,28.015281677478345,27.119589202720682,27.467914581298828,76802488.0
2023-03-01,28.16456220149973,28.31384585591071,27.51767332586072,27.61719512939453,84501442.0
2023-03-02,27.46791301997293,28.512887198088546,27.46791301997293,27.542552947998047,137556126.0
2023-03-03,27.2688714801997,27.716718675142324,26.174135368956,27.169349670410156,87782650.0
2023-03-06,27.293751456677576,28.015282204838577,27.219111523004763,27.716718673706055,72420102.0
2023-03-07,28.065041960064786,28.761690780017013,27.716716600978426,27.816238403320312,96838936.0
2023-03-08,27.69183902704464,28.413367885615404,27.492795405095055,28.338727951049805,84350828.0
2023-03-09,28.612411318930434,29.08513849427863,28.288965909949916,28.98561668395996,135708190.0
2023-03-10,28.836333870297267,29.184659244651602,28.164563098709497,28.214324951171875,98627910.0
2023-03-13,28.36360514332593,28.83633227535879,28.08992161369232,28.288963317871094,90549308.0
2023-03-14,28.388487041893747,29.408581302287356,28.363607064463775,28.836334228515625,198723722.0
2023-03-15,28.786571275062276,28.786571275062276,27.194230001764513,27.51767349243164,112831378.0
2023-03-16,27.76647724909123,28.040160788726773,27.169348318291526,27.96552085876465,71741646.0
2023-03-17,28.214325808782615,28.736812937085496,28.065044043299025,28.537769317626953,144880540.0
2023-03-20,28.264084538474048,28.985615254936317,27.49279386841599,27.592315673828125,143023580.0
2023-03-21,27.64207504651234,28.015280385299327,26.522459030151367,26.522459030151367,102215032.0
2023-03-22,26.6966221980949,27.368391036987305,26.323416865772344,27.368391036987305,73005758.0
2023-03-23,27.16934798560222,28.164562225341797,27.06982808020468,28.164562225341797,65092508.0
2023-03-24,28.189445315644026,28.68705245697422,27.791358084003384,28.015281677246094,69556066.0
2023-03-27,28.264085428349137,28.488009023021377,27.61719652013426,28.18944549560547,69735456.0
2023-03-28,28.21432454638528,28.363606305189535,26.49757957458496,26.49757957458496,60075182.0
2023-03-29,26.497580611760718,26.995187759399414,25.999973464122018,26.995187759399414,68165344.0
2023-03-30,26.99518598900258,27.34351134914994,26.323417143034494,26.348297119140625,75131346.0
2023-03-31,26.497581687573582,26.721505292746514,25.776050914558894,25.850692749023438,76935354.0
2023-04-03,25.676528943678694,25.726290799089725,24.601697543669367,25.40284538269043,81018788.0
2023-04-04,25.47748767874602,26.472702026367188,25.30332402897988,26.472702026367188,66286316.0
2023-04-05,26.522459536776353,26.671741295498585,25.850690673416022,25.950212478637695,54832594.0
2023-04-06,25.800930533400823,26.34829954932374,25.800930533400823,26.32341957092285,41599006.0
2023-04-07,26.298535949582725,26.522459536776353,25.925330603666865,25.950212478637695,35896384.0
2023-04-10,26.074613613385452,27.044945970104653,26.074613613385452,26.89566421508789,49765000.0
2023-04-11,26.995187937656294,27.11958972538743,26.472700808829657,26.62198257446289,45532638.0
2023-04-12,26.646863552839665,27.517676099652864,26.597103595167194,27.393274307250977,98529140.0
2023-04-13,27.443034245400362,27.56743602910894,26.845905303955078,26.845905303955078,57240710.0
2023-04-14,26.89566666702598,27.268872037701332,26.273657715900402,26.32341957092285,42177496.0
2023-04-17,26.447818713943498,26.646860419448874,25.82580982507578,25.900449752807617,52505902.0
2023-04-18,26.348299562231087,27.044948448900602,25.7262906108008,25.776050567626953,55175532.0
2023-04-19,25.77604766884316,26.821023728660055,25.427722315570858,26.37317657470703,56692662.0
2023-04-20,25.950214562235928,26.099496332944316,25.726290957062997,25.850692749023438,14089458.0
2023-04-24,25.975092618872825,26.37317794404448,25.552125418573738,25.577007293701172,40194408.0
2023-04-25,25.626765616139334,25.850689190487554,24.780833167612975,24.830595016479492,33953932.0
2023-04-26,24.78083380584044,24.95499743402815,24.084184987751083,24.104087829589844,61892452.0
2023-04-27,24.08418708340543,24.462367686335636,23.566675186157227,23.566675186157227,61630948.0
2023-04-28,23.57662556860803,23.725907323010613,21.914617733626127,22.25299072265625,55590330.0
2023-05-02,22.252990126124903,22.491841306410304,21.41701004601578,21.456817626953125,58279312.0
2023-05-03,21.45681883376612,21.606100592563113,20.36208277222059,21.088590621948242,71373566.0
2023-05-04,20.899499893188477,21.695670558402654,20.70045627777463,20.899499893188477,48500006.0
2023-05-05,20.899499349329755,21.048781107895145,19.983902159049343,20.103328704833984,38148790.0
2023-05-08,20.3521334764924,20.919405331642935,20.023712828867325,20.720361709594727,44267002.0
2023-05-09,20.720361193147486,21.05873420326322,19.834621083373094,19.924190521240234,65017160.0
2023-05-10,19.954046446758852,20.11328058681978,19.297205144452363,19.4166316986084,33066224.0
2023-05-11,19.41663051815621,21.09854315579456,19.40667814772988,20.879594802856445,111256504.0
2023-05-12,20.919405863881966,21.148304706306668,20.063520924807868,20.53127098083496,66770276.0
2023-05-15,20.53126835653696,21.964377353192624,20.03366125058073,20.163040161132812,115817526.0
2023-05-16,20.292417581539162,21.387153616301788,20.252609999336787,21.277679443359375,93555782.0
2023-05-17,21.3373943669226,21.95442614804039,21.21796781994013,21.536436080932617,90362982.0
2023-05-18,21.62600550667766,21.675767358822725,20.660648353710187,20.98906898498535,54758428.0
2023-05-22,21.098541912628928,21.38715304510471,20.312321779259566,20.700454711914062,66820336.0
2023-05-23,20.660648164486147,20.979116422415554,20.451652183832127,20.541221618652344,47858222.0
2023-05-24,20.511366922465005,20.67060105544023,19.95404555883112,20.1331844329834,50114648.0
2023-05-25,20.192900585275662,20.312325247303843,19.80476568813213,20.023714065551758,46186762.0
2023-05-26,20.023710257510146,22.024089100933498,20.023710257510146,21.765335083007812,122829696.0
2023-05-29,22.939689759309122,23.934904098510742,22.501796816779315,23.934904098510742,117416060.0
2023-05-30,24.43250951158953,25.178920212329178,23.994616600541082,24.382749557495117,171001340.0
2023-05-31,24.342940416400886,24.571841143812883,23.437295572017014,23.63633918762207,110750694.0
2023-06-01,23.72590845405428,24.323037398350998,23.666196129090785,23.73586082458496,68833498.0
2023-06-02,24.293180643093827,24.770883046249953,24.18370646387115,24.412607192993164,134435160.0
2023-06-05,24.880355861248933,25.601886560869254,24.810691168552715,25.427722930908203,103202290.0
2023-06-06,26.074613380622868,27.21910935649537,25.900449752807617,25.900449752807617,182043016.0
2023-06-07,26.547340054200532,27.219110829462966,26.37317831518097,27.02006721496582,161013452.0
2023-06-08,26.89566611715439,27.293751458091926,26.34829901064286,27.169349670410156,112848506.0
2023-06-09,27.368392426151644,27.81623960695872,26.821025336916843,27.666955947875977,106546850.0
2023-06-12,27.865999375277294,28.164562895009897,26.89566508881549,26.94542694091797,90213886.0
2023-06-13,26.945428353106344,27.044948266085925,25.800930371634493,25.875572204589844,81987718.0
2023-06-14,25.875573409231087,26.621984180651214,25.377966228284336,25.999975204467773,85248970.0
2023-06-15,26.02485413545017,26.398059506125517,25.875572366824166,26.32341957092285,55001784.0
2023-06-16,26.572221037260956,27.06982815857131,26.12437386879343,26.149253845214844,76744852.0
2023-06-19,26.07461512807376,26.12437508322976,24.53203184136973,24.631553649902344,61362146.0
2023-06-20,24.53203060595864,24.905235945496205,24.054328226923477,24.123992919921875,79865244.0
2023-06-21,24.183705944676316,25.004758474778157,24.09413650872991,24.382749557495117,87859892.0
2023-06-22,24.432508876251394,25.601886749267578,24.044375929390295,25.601886749267578,97847542.0
2023-06-23,26.174135904076174,26.37317952772463,25.55212695295059,26.32341957092285,71721224.0
2023-06-26,26.472698274111966,27.368390680370922,26.422936424851745,27.29374885559082,76546926.0
2023-06-27,27.119589373941984,27.169349329101337,26.870785801703985,27.094709396362305,27652004.0
2023-07-03,27.816239625702796,28.61241028298457,27.492794228433,28.488008499145508,123337278.0
2023-07-04,28.88609283221253,29.781785265339174,28.488007517291855,29.632503509521484,165159914.0
2023-07-05,29.63250403065883,30.080351204208554,28.463128041597564,29.607624053955078,140414348.0
2023-07-06,29.73202563912781,30.03058915404004,29.15977668762207,29.15977668762207,100299000.0
2023-07-07,29.010495968356537,29.906188443367668,28.91097416041739,29.38370132446289,103586036.0
2023-07-10,30.602839379566724,30.901402906908398,30.25451399885436,30.652599334716797,127667630.0
2023-07-11,31.797095719976973,32.095659232620115,30.976043212877553,31.54829216003418,152843776.0
2023-07-12,31.299489626006746,31.971258500582902,30.901402398473607,31.498531341552734,137298190.0
2023-07-13,31.299488540812867,34.509052939419824,31.299488540812867,33.837284088134766,330152130.0
2023-07-14,34.21048912213003,35.65355051347899,33.289916719586365,34.58369445800781,216331796.0
2023-07-17,34.80761889079617,37.569340113047005,34.48417727796934,36.82292938232422,225620128.0
2023-07-18,37.320533587778215,38.41526772110998,34.58369445800781,34.58369445800781,259386594.0
2023-07-19,34.558817350429564,35.70331539022596,33.911930290213725,35.6286735534668,174493980.0
2023-07-20,36.82292729865676,37.12149081476306,35.653551312649796,36.648765563964844,152610080.0
2023-07-21,36.424841798802724,36.52436550649639,35.230587678008874,35.9272346496582,101943644.0
2023-07-24,36.02675516724394,36.5243622723262,34.35977212450655,34.981781005859375,118180550.0
2023-07-25,34.98178240107892,36.4248400262199,34.21048983886267,35.28034591674805,184744208.0
2023-07-26,35.30522306850703,37.121489786115944,34.956899608775345,36.97220993041992,153631664.0
2023-07-27,37.295656796098996,37.61910222389349,36.325324309157025,36.44972610473633,127180366.0
2023-07-28,36.77316839389493,37.619099013056356,36.574124778668356,37.1463737487793,146447036.0
2023-07-31,37.32053408626391,38.04206289335526,36.997088698228076,37.121490478515625,134665650.0
2023-08-01,37.07173296137776,38.4899125905449,36.549243931265046,37.096614837646484,177627908.0
2023-08-02,37.27077719126363,39.16168212890625,37.096615443860436,39.16168212890625,158411726.0
2023-08-03,39.21144592951149,39.510009467768406,37.7683843987548,38.06694793701172,124222306.0
2023-08-04,38.11670199531132,38.4899073094882,37.420051316226306,38.16646194458008,103358154.0
2023-08-07,39.2114452014331,39.58465056643491,38.41527071894288,39.01240158081055,93382256.0
2023-08-08,39.08704163925339,39.23632150061473,37.643980200780405,37.81814193725586,86349174.0
2023-08-09,37.49469622577195,38.91287577713299,37.37029444413605,38.564552307128906,97013926.0
2023-08-10,38.6391904957053,40.08225178603801,36.748282074380974,37.27077102661133,174970668.0
2023-08-11,37.270770573492676,39.26119886797623,37.17124688090409,39.03727340698242,143994248.0
2023-08-14,39.55976621733549,40.380818728304256,38.46503206700452,38.76359558105469,111411464.0
2023-08-15,38.86311927870803,39.758813704690404,38.11670852253653,39.31096649169922,99237052.0
2023-08-16,37.96742592919805,38.365509359439486,37.07173156738281,37.07173156738281,136096148.0
2023-08-17,37.66885895770985,37.71862270883412,36.87268829345703,36.87268829345703,91263838.0
2023-08-18,36.94732974976774,37.245893271285716,34.80761755208015,35.15594482421875,94952460.0
2023-08-21,34.90714226787527,37.09661448315473,34.73298052498241,36.748287200927734,103062902.0
2023-08-22,36.74828824990139,36.922449997765675,35.9023575908798,36.424842834472656,69584162.0
2023-08-23,36.47460555562212,37.1712525273622,36.07651831767813,36.20092010498047,104425132.0
2023-08-24,36.32532222850903,38.489912588316855,36.32532222850903,36.82292938232422,186398638.0
2023-08-25,36.82292766412892,38.196324407578324,36.524364145059344,37.59919357299805,83352906.0
2023-08-28,37.917662555078195,39.410483975300814,37.917662555078195,39.171634674072266,114588213.0
2023-08-29,39.23134791911032,39.609530435734754,38.07689942307283,38.455081939697266,63295810.0
2023-08-31,38.51479408974769,39.31096476881519,38.21623055965254,38.335655212402344,102372288.0
2023-09-01,38.534698486328125,39.15173028252679,38.25603590381806,38.534698486328125,70189686.0
2023-09-04,38.813358325403364,39.11192186092589,38.216231254358306,38.375465393066406,80330654.0
2023-09-05,38.375460525479866,38.395365264848806,37.65890509396143,38.31574630737305,55299481.0
2023-09-06,38.81335792476024,41.89852075404928,38.75364369969559,40.98292541503906,262034834.0
2023-09-07,41.06253954827809,42.75440458463397,40.62464663152059,41.79899978637695,145721826.0
2023-09-08,41.79899912867052,43.33163000786765,41.480530867595945,43.29182052612305,127507385.0
2023-09-11,43.45105460916839,43.74961812904433,41.12225307983019,41.32129669189453,80393859.0
2023-09-12,41.46062475017663,42.85392619344933,40.66445412392409,42.55535888671875,103169982.0
2023-09-13,42.21698332172526,42.59516576980002,40.70426112230777,41.10234451293945,69785727.0
2023-09-14,41.04263723283433,41.50043487548828,39.350772252981606,41.50043487548828,68822478.0
2023-09-15,41.56014525802438,42.177180824212044,40.405696884091505,40.6246452331543,81368095.0
2023-09-18,40.306177596790256,40.34598707840209,38.25603485107422,38.25603485107422,57030959.0
2023-09-19,38.25603218797625,39.86828191305274,37.99727816839408,39.41048049926758,84333215.0
2023-09-20,39.41048323709018,39.78866571946625,37.81814193725586,37.81814193725586,53073789.0
2023-09-21,37.6788142461694,39.748858029245945,37.2608222633493,39.66924285888672,62283935.0
2023-09-22,39.66923909426104,41.32129453417808,39.490100232401524,40.326080322265625,75305563.0
2023-09-25,40.42560434704889,42.19708840646979,40.42560434704889,42.097564697265625,68432473.0
2023-09-26,42.376223721929044,42.3961246656545,40.60473981152449,40.80378341674805,60832577.0
2023-09-27,40.80378793815229,41.1620657079667,39.92799825598835,40.40570068359375,44659256.0
2023-09-28,40.306175911662514,40.86349724160424,40.047421884885864,40.127037048339844,44688324.0
2023-09-29,40.226557669455985,41.04263683717513,40.08722828359499,40.604740142822266,58901834.0
2023-10-02,40.644551032332735,41.83880891837342,40.644551032332735,41.34120178222656,78343290.0
2023-10-03,41.34119758447108,42.15727290117293,40.90330091940322,41.10234451293945,60202474.0
2023-10-04,41.00282735771021,41.26158138911086,40.38579559326172,40.38579559326172,46406796.0
2023-10-05,40.44550944534058,41.58005316517766,39.74885866053706,41.460628509521484,76083346.0
2023-10-06,40.823690576849,41.460627114167714,40.56493273578751,40.72416687011719,39234858.0
2023-10-09,41.420819289883724,44.12780347831184,41.420819289883724,43.670005798339844,236318919.0
2023-10-10,42.79421407941741,43.829237842716644,42.35632116253289,42.67478942871094,132732566.0
2023-10-11,42.993257323125576,43.252011363492336,41.48053117363984,41.77909469604492,74384917.0
2023-10-12,41.77909504692537,43.869047314195676,41.75919030573905,42.893733978271484,175339595.0
2023-10-13,42.71459789506231,43.789431210707946,42.3961296081543,42.3961296081543,93499381.0
2023-10-16,42.41602827983629,42.615071879775996,40.306175231933594,40.306175231933594,60473167.0
2023-10-17,40.30617869116724,40.86350005954173,39.98771042250789,40.72416687011719,45576709.0
2023-10-18,41.46062494344974,41.63976380974676,39.45029173001505,39.510005950927734,56641759.0
2023-10-19,39.52991209202067,41.3212970220297,39.5100073510111,40.90330505371094,85686621.0
2023-10-20,40.9232119124442,42.51555710764161,39.39058473980701,39.92799758911133,102129926.0
2023-10-23,39.96780363806286,41.20187096336498,39.43038703850673,40.604740142822266,53915395.0
2023-10-24,40.74407398346875,41.99804618620377,40.54503415130004,41.739288330078125,53687009.0
2023-10-25,41.65967146949446,42.31651275980027,38.57450484207408,39.450294494628906,83796649.0
2023-10-26,39.86828376473358,41.89851792616706,39.251248203368704,41.26158142089844,73241388.0
2023-10-27,41.002830831016055,41.719382561369045,40.02752125090229,41.6795768737793,43546904.0
2023-10-30,41.56014842168601,42.33641817452699,41.10235074465245,41.6795768737793,50211763.0
2023-10-31,41.73928555803262,42.25679743947277,40.82369024225164,41.14215850830078,50969876.0
2023-11-01,41.44072169087947,41.759189954298165,39.808570891748374,41.34120178222656,43257321.0
2023-11-02,41.400913903259536,43.55057666753568,41.241679765033204,43.19230270385742,86190501.0
2023-11-03,42.99325561516433,43.7297120214108,42.575263663249544,43.21220016479492,62031952.0
2023-11-06,43.670002344032866,44.80454598136924,43.610288122326345,44.12779998779297,49055482.0
2023-11-07,44.127802790836576,44.42636632545209,42.67479080498409,42.97335433959961,41836304.0
2023-11-08,43.09277410653496,43.41124234686273,42.61507174604331,42.6946907043457,46174900.0
2023-11-09,42.3563215031184,42.615075547803244,41.54024608991998,42.475746154785156,37101855.0
2023-11-10,42.376224841293464,42.99325661698843,41.739284528465156,41.95823287963867,31546183.0
2023-11-13,41.95822999555092,42.097559374378385,40.80378168984228,40.9232063293457,27916607.0
2023-11-14,40.98292782908278,41.54024923985723,40.545034875472396,41.122257232666016,36394911.0
2023-11-15,41.28148579141998,41.540243617142906,40.52512464729967,40.80378341674805,30794034.0
2023-11-16,40.8037810831784,41.79899525593885,40.8037810831784,41.54024124145508,37283142.0
2023-11-17,41.56014292303243,42.35631731255037,41.44071828318108,42.0179443359375,33802389.0
2023-11-20,42.29660627926561,44.88416185071482,42.276701538384785,44.38655471801758,87684062.0
2023-11-21,44.18751660370929,46.23765563964844,43.86904833023445,46.23765563964844,79281023.0
2023-11-22,45.92628305430712,47.38204356697185,45.66703573890931,46.06587600708008,84592375.0
2023-11-23,45.88639650154818,47.70111242503122,45.86645410854454,46.384944915771484,69027368.0
2023-11-24,46.46471121149191,48.17971899304295,45.36790620920199,47.66122817993164,79159062.0
2023-11-27,47.86064710545568,49.49588527297915,47.86064710545568,49.25658416748047,66608998.0
2023-11-28,49.236643692958765,49.715249726224606,47.98029952746614,48.39908218383789,45802248.0
2023-11-29,48.45890183891788,49.017277403320804,47.760937137942165,47.86064529418945,44130651.0
2023-11-30,47.52163332715033,49.41611876825228,47.50169093471929,48.69820785522461,65551625.0
2023-12-01,49.33635013516586,49.475943081210836,47.840704907045385,48.359195709228516,31513859.0
2023-12-04,48.478844863942236,49.51582643839357,47.98029646895091,48.95745086669922,59969592.0
2023-12-05,49.0571640048328,50.253680942242866,48.83780148861458,49.43606185913086,48783953.0
2023-12-06,49.55571560879273,49.834901517538064,47.162681579589844,47.162681579589844,60273339.0
2023-12-07,47.162680435359874,47.38204296040789,45.80662810528607,46.68407440185547,45758455.0
2023-12-08,46.78377843184009,47.60140127923771,45.74680068602267,46.045928955078125,43106358.0
2023-12-11,46.065871346831464,46.76383984370906,45.5473805721116,46.045928955078125,44543430.0
2023-12-12,46.045929016572195,46.24534913074959,45.04883224930752,45.686973571777344,37644641.0
2023-12-13,45.647092294727045,46.26529507652819,45.22831344604492,45.22831344604492,39398580.0
2023-12-14,45.60721016645281,47.182621162305814,45.50749820239723,46.4647102355957,39382612.0
2023-12-15,46.50459557570781,49.81495674937328,46.50459557570781,49.45600128173828,82705139.0
2023-12-18,49.456001364619894,50.25368187342227,47.36209953807003,47.382041931152344,48425326.0
2023-12-19,47.382040893800756,48.91757089491813,46.60430659873046,48.25948715209961,49615614.0
2023-12-20,48.25948992595487,48.25948992595487,45.88639831542969,45.88639831542969,36916613.0
2023-12-21,45.88639706463846,47.661228223893886,45.68697693577746,47.48175048828125,45267266.0
2023-12-22,47.48174924196009,47.64128458013682,45.467613220214844,45.467613220214844,29274980.0
2023-12-25,45.46761442747374,45.96616284796632,43.73266805418823,44.05173873901367,39458445.0
2023-12-26,44.47051645255058,44.80952952198606,42.9948136219557,43.393653869628906,47958048.0
2023-12-27,43.513302386294704,44.07167794618374,42.775452907335875,42.895103454589844,42364922.0
2023-12-28,43.03469813067905,45.52744015354883,43.03469813067905,44.649993896484375,40091534.0
2023-12-29,44.82947243246323,45.18842789879016,44.13150389278559,44.84941482543945,36849927.0
2024-01-02,45.30807925240853,46.98320225574054,45.008950959732665,46.76384353637695,46539543.0
2024-01-03,46.60430698527351,47.12279398387247,45.78668409450783,46.4647102355957,39344694.0
2024-01-04,46.52453555674982,47.44186657132832,46.42482740029714,47.32221221923828,43861988.0
2024-01-05,47.4817505324103,47.78087882416851,46.684073819847555,47.30227279663086,33674790.0
2024-01-08,47.50168991088867,48.09995026005791,47.24244642211765,47.50168991088867,43664505.0
2024-01-09,48.060070395611525,48.438968275174794,46.66413324161384,46.80372619628906,52583306.0
2024-01-10,46.80372604470303,47.760941937532294,46.34506239407774,47.342159271240234,57482399.0
2024-01-11,47.621342767929285,47.70111233980131,46.50459538707873,46.743900299072266,31073331.0
2024-01-12,47.00314490695255,48.31931244484566,46.08581763056393,47.40198516845703,76692839.0
2024-01-15,47.54157766802633,48.279427200102646,47.02308685443677,47.48175048828125,46519666.0
2024-01-16,47.52163558966294,48.25948893025097,47.06297195277929,47.9404182434082,53819627.0
2024-01-17,47.72105355665745,48.63838078884245,47.46180625808521,48.15977478027344,54705288.0
2024-01-18,48.53867304189459,49.29646494431918,48.15977518887106,48.25948715209961,58145208.0
2024-01-19,48.33925139026947,48.49878672276716,46.96325677021289,47.32221221923828,39019339.0
2024-01-22,47.36210176709054,47.90053499478587,46.783783751353475,46.98320388793945,38100419.0
2024-01-23,47.56152015001778,48.63838276208029,46.963259762318515,47.12279510498047,78260713.0
2024-01-24,47.90053169172178,48.5586154345403,47.302271323217916,48.25948715209961,55825331.0
2024-01-25,49.3562916657126,49.5158270017801,47.98029701486632,48.33925247192383,55345537.0
2024-01-26,48.438967222137734,49.25658634199463,48.11989272801593,49.03722381591797,58229593.0
2024-01-29,49.85484112528519,51.54990648426939,49.495885660603534,51.25077819824219,77168938.0
2024-01-30,51.35048798119013,51.749328244240665,50.453099291137754,50.70237350463867,53800307.0
2024-01-31,50.75223039032491,50.95164671429867,49.77507214546518,50.45309829711914,38591732.0
2024-02-01,50.45309729549662,51.64961423369809,50.40324321549291,51.151065826416016,52346448.0
2024-02-02,51.3504853502951,51.898887831175706,50.75222878999307,51.001502990722656,42299635.0
2024-02-05,51.05135805701274,52.49714920991729,51.00150397662759,52.19801712036133,63952284.0
2024-02-06,52.34758296620215,52.39743704639784,51.25077798740691,52.148162841796875,49009713.0
2024-02-07,52.3475825612138,52.54700268407625,51.10121154785156,51.10121154785156,46596542.0
2024-02-08,51.15106602478342,51.69946851419594,50.752229579584544,51.20092010498047,45379738.0
2024-02-09,51.50005517615616,52.44729416562916,51.051360821150524,51.94874572753906,84705277.0
2024-02-12,53.195114542051805,53.74352084333646,52.29772967413817,53.29482650756836,76921848.0
2024-02-13,53.34467899722127,55.43858076351369,52.846130595378085,54.790470123291016,98030608.0
2024-02-14,54.890181907681836,54.890181907681836,53.095408303226876,54.74061965942383,57461272.0
2024-02-15,54.74061959941262,56.33597306748524,54.64090763039389,55.68785858154297,50932459.0
2024-02-16,55.737711145773225,59.775952316685846,55.53829103040001,58.130741119384766,86096310.0
2024-02-19,58.33016586303711,59.676245092273525,57.88147151875076,58.33016586303711,71032522.0
2024-02-20,58.47972850955166,59.377113342285156,58.08088827036627,59.377113342285156,44216203.0
2024-02-21,59.825811074722715,60.473925549481265,58.7788601416396,60.22465133666992,68778436.0
2024-02-22,60.22465165441938,62.51797366365895,59.62639125834211,62.21884536743164,75583390.0
2024-02-23,62.21884512578961,64.16318094552715,61.07218222381184,63.11623001098633,60833216.0
2024-02-26,63.31565501277608,67.05476849778253,63.26580092703391,66.30694580078125,76750918.0
2024-02-27,66.30693648266698,67.10461695693533,63.01651783898844,63.06637191772461,50795224.0
2024-02-28,63.06637394555569,64.61187706142779,60.72319793701172,60.72319793701172,63130683.0
2024-02-29,60.822906303405766,61.77014904754397,58.82871265411377,59.825809478759766,71158874.0
2024-03-01,59.82581009960419,60.723198772547285,58.82871326461079,59.028133392333984,36058195.0
2024-03-04,59.227554751136,60.12493963910918,58.0310377635491,58.38002014160156,37331908.0
2024-03-05,58.38001606842628,59.028130500873495,56.43567657470703,56.43567657470703,46990196.0
2024-03-06,56.385827211998084,57.23336183328425,54.74061965942383,54.74061965942383,68492897.0
2024-03-07,55.03974589496987,57.08379364013672,54.98989181408728,57.08379364013672,42697326.0
2024-03-08,57.48263525362838,58.92842265152228,57.23336103969872,58.38002014160156,48483564.0
2024-03-11,59.82580716906995,59.87566124765303,56.28611433895779,56.43567657470703,43414821.0
2024-03-12,56.53538912664966,57.23335764497816,54.79046973263963,55.63800048828125,47136214.0
2024-03-13,55.93713179934243,56.73481232275093,55.03974691594181,55.43858337402344,34663801.0
2024-03-14,55.58814880795448,56.63509972881476,54.98989222564078,56.236263275146484,33423937.0
2024-03-15,56.43567700697387,57.53248576231455,55.88727453111474,57.48263168334961,30402466.0
2024-03-18,57.48263309806645,57.53248717825836,54.690758963849646,54.989891052246094,32974425.0
2024-03-19,54.98989144028353,56.435678794163564,54.840325395029886,56.036842346191406,36266869.0
2024-03-20,55.837421218320884,56.4356777813539,55.43858097388389,55.787567138671875,35420455.0
2024-03-21,56.23626167404478,58.38001753598621,56.23626167404478,57.73190689086914,98022438.0
2024-03-22,57.781762401508786,58.28031081946205,56.03684293867233,56.186405181884766,64620917.0
2024-03-25,56.186404393847155,57.83161567146722,54.840325205701674,55.03974533081055,57628255.0
2024-03-26,55.43858052822674,55.7875666902093,52.696564329726584,52.84613037109375,45063574.0
2024-03-27,53.84323032669218,56.28611838927589,51.94874477522987,55.53829574584961,70104564.0
2024-03-28,55.5382947483283,56.78466579831941,55.08960040960698,55.28902053833008,44828792.0
2024-03-29,55.63800168965757,56.63509850776478,55.338873404949915,55.937129974365234,36930435.0
2024-04-01,55.438584425206585,55.68785864259263,54.042651090018374,54.74061965942383,36518259.0
2024-04-02,54.840325647863956,55.837422477825115,51.64961503126372,52.2977294921875,40110433.0
2024-04-03,52.048455284697205,53.14526027620546,51.40034082377343,52.2977294921875,27609868.0
2024-04-04,52.64671360536202,54.59105324892498,52.247877142338,53.69366455078125,35320938.0
2024-04-05,53.94293447837405,58.38001592669949,53.94293447837405,58.28030776977539,51084435.0
2024-04-08,58.479733100402264,59.07798970252303,57.98118466409405,58.629295349121094,42430061.0
2024-04-15,59.277407000912824,59.87566357440264,57.93132400512695,57.93132400512695,64499800.0
2024-04-16,57.68205158187399,59.02813461926774,57.38292328588293,58.38002014160156,38372646.0
2024-04-17,58.52958663997158,59.17769731898215,57.083795427374675,57.53248977661133,31102475.0
2024-04-18,57.582339841279484,58.380016515585716,56.73480908800832,57.48263168334961,29092246.0
2024-04-19,57.78176037657213,58.729003098212154,56.9342258135795,58.52958297729492,38894193.0
2024-04-22,59.07798564578239,59.42696800578529,57.63219451904297,57.63219451904297,42585102.0
2024-04-24,57.98117888557161,58.42986939063342,57.18349842407876,58.130741119384766,38922466.0
2024-04-25,58.33016549677086,58.72900575665936,56.984086275986726,57.2832145690918,37597178.0
2024-04-26,57.38292169764462,59.67624364159863,57.23335945559998,58.92842102050781,58760762.0
2024-04-29,59.32725796421808,62.06927408861471,58.479727229035326,61.86985397338867,67954497.0
2024-04-30,61.37130797493852,61.820002300749096,60.27450300395486,60.573631286621094,50125618.0
2024-05-02,60.82290706721522,62.16898627594226,60.7231989049475,61.91971206665039,50934416.0
2024-05-03,62.0194206237793,63.01651740614353,61.321452115399865,62.0194206237793,48311287.0
2024-05-06,62.119133399607435,62.86695604198704,61.67043905345515,62.21884536743164,38288783.0
2024-05-07,62.26869904455772,62.86695563312148,60.87276193307878,62.11913299560547,47045760.0
2024-05-08,62.31855353163319,62.66753590996128,61.471022725052045,62.21884536743164,40599227.0
2024-05-09,62.21884176927192,63.814195125972255,62.21884176927192,63.215938568115234,54756132.0
2024-05-10,63.215938568115234,64.36260140823403,63.01651844762209,63.215938568115234,44107142.0
2024-05-13,63.21594222393777,63.71449065219084,62.119133399607435,62.21884536743164,37212454.0
2024-05-14,61.969568749832206,62.667533479418005,60.623485763582806,60.67333984375,45554121.0
2024-05-15,60.82290610188022,61.27160043220876,59.37711495020938,59.77595520019531,28428829.0
2024-05-16,59.9255204180561,61.02232925819072,59.77595816959869,60.523780822753906,35385724.0
2024-05-17,60.822908284187676,61.77015105917415,60.773054202056315,61.271602630615234,45859069.0
2024-05-20,61.77014642818824,63.21593752334084,61.720292349794505,62.0194206237793,48112332.0
2024-05-21,62.218841329143494,63.31564627866351,61.122032576001075,61.221744537353516,73861881.0
2024-05-22,61.421165073761806,61.82000533933562,60.7730543967327,61.32145690917969,32854072.0
2024-05-23,61.371310833710474,62.41826177362212,60.32435989379883,60.32435989379883,48867670.0
2024-05-24,60.32435482363158,60.72319505465824,58.97827570025568,59.07798385620117,27191679.0
2024-05-27,59.32726126267942,60.32435809062361,59.028132975020675,59.87566375732422,32310422.0
2024-05-28,59.97537775237702,60.07508591709741,59.277409188466294,59.426971435546875,21384092.0
2024-05-29,59.825811176658796,60.32435960313095,57.233360880452636,57.3829231262207,29777252.0
2024-05-30,58.52958475433054,60.07508408202323,58.52958475433054,59.92551803588867,53570111.0
2024-05-31,60.124940054557875,60.72320045429648,58.18060041174709,58.479732513427734,47345786.0
2024-06-03,58.7788601416396,60.42406766402089,58.18059974871879,60.22465133666992,34921062.0
2024-06-04,60.22465035505058,60.573632725849244,59.028133392333984,59.028133392333984,31677411.0
2024-06-05,59.3272608740855,59.67624324013112,58.3301640526723,58.828712463378906,44861364.0
2024-06-06,59.17769304782944,61.2217445130866,58.978276732448414,60.27450180053711,45916727.0
2024-06-07,60.82290508970545,61.520873613754425,59.97537432711755,60.47392272949219,33499436.0
2024-06-10,60.473920818680924,60.573628974556364,57.93132100401156,58.130741119384766,21200128.0
2024-06-11,57.93132340723624,58.330163654528164,56.43567818532526,56.83451843261719,41799829.0
2024-06-12,56.83452081241928,58.28031201486325,56.68495476251648,57.432777404785156,33627842.0
2024-06-13,58.42987299245454,60.32435849984925,58.130744702766584,59.97537612915039,38365449.0
2024-06-14,60.32435912120171,60.9724735918868,58.62929372401367,59.177696228027344,35075769.0
2024-06-20,60.12494055295537,60.82290912329145,59.875666335236964,60.523780822753906,25040106.0
2024-06-21,60.52378018165473,61.32145690917969,60.12493991608092,61.32145690917969,38508112.0
2024-06-24,61.520878033604575,61.96957238870182,60.573635240315426,61.57073211669922,35918879.0
2024-06-25,61.67043667389738,62.16898508291392,59.72610092163086,59.72610092163086,35275730.0
2024-06-26,59.72610072093253,60.224649128273796,58.38001773893762,58.72900390625,25244854.0
2024-06-27,58.87856634412923,60.2246493306474,58.57943805944381,59.72610092163086,28291433.0
2024-06-28,59.8258076384823,60.17478999492449,58.13074232800082,58.42987060546875,39111123.0
2024-07-01,58.92842106562781,59.17769527284894,55.38872808381217,56.08669662475586,31245872.0
2024-07-02,56.28611952969798,56.78466796875,55.28902265159393,56.78466796875,23244482.0
2024-07-03,57.03394071569414,58.42987402682401,56.78466650260424,58.33016586303711,31200970.0
2024-07-04,60.52377841680435,61.0223268324228,59.526681585567445,59.92551803588867,38457594.0
2024-07-05,60.025228801129266,61.421162054779145,59.67624263499994,60.573631286621094,43403645.0
2024-07-08,60.92261617446774,63.81419856855442,60.3243595843366,63.11623001098633,64180844.0
2024-07-09,63.01651925600704,64.81129275622413,62.86695321281291,64.36260223388672,60439874.0
2024-07-10,64.46231218335183,65.25998509045905,63.913905878828906,64.81129455566406,63812135.0
2024-07-11,65.11042625327902,65.40955073890306,64.01361365092212,64.71158599853516,33859844.0
2024-07-12,64.66172751581765,65.90809854583435,63.41535648580094,63.614776611328125,42547337.0
2024-07-16,63.71448635216205,63.864052391992956,62.667531680590436,63.06637191772461,27807460.0
2024-07-17,63.11623080617768,63.56492515624039,62.567828291044464,63.315650939941406,24499278.0
2024-07-18,63.56492375981869,64.66172876599005,62.61768099796746,62.96666717529297,30979314.0
2024-07-19,62.817100524902344,63.51506906923688,62.368406188999955,62.817100524902344,22694242.0
2024-07-22,63.215937957555525,64.61187498390274,62.81709772042135,63.06637191772461,32933526.0
2024-07-23,63.06637234765832,64.61187542437239,62.86695222773176,64.11332702636719,48903634.0
2024-07-24,64.21303679166655,64.21303679166655,62.46811735497586,62.617679595947266,22064147.0
2024-07-25,62.218842161205416,64.41245208958091,61.96956795992434,64.26288604736328,30015677.0
2024-07-26,64.16317849411922,65.2101331922829,63.86405401410459,64.4124526977539,42463138.0
2024-07-29,64.7614390197299,65.70868561578612,62.41826288379368,62.517974853515625,52626884.0
2024-07-30,62.617679397548656,63.31564793073799,62.268697032765246,62.56782531738281,29716379.0
2024-07-31,62.56782431030273,63.16608086990844,61.37130738746887,62.31855010986328,34319173.0
2024-08-01,62.56782750276234,64.01361489618304,62.26869920769677,63.11623001098633,50069907.0
2024-08-02,62.16898486704593,62.61767919432733,60.07508307789606,60.62348556518555,35195251.0
2024-08-05,57.781760142123765,58.42987077794702,55.438580387192964,56.585243225097656,51367351.0
2024-08-06,57.83161607530382,58.52958461624751,55.887276498254444,56.08669662475586,48593727.0
2024-08-07,56.48553724050604,58.5794390731615,56.38582527480371,58.08089065551758,44247119.0
2024-08-08,57.63219630189419,59.476827728805524,57.63219630189419,59.028133392333984,43719342.0
2024-08-09,59.12784034775608,59.576534675071066,57.233358682103045,57.781761169433594,32652977.0
2024-08-12,57.98118149325167,58.629292142835205,56.48553626612004,56.88437271118164,30906473.0
2024-08-13,56.535391705424026,58.180599212646484,56.38582565766626,58.180599212646484,34581985.0
2024-08-14,58.08089168400625,58.38001997916501,57.08379483106194,57.3829231262207,25520321.0
2024-08-15,57.4826320970075,58.67914521526602,56.88437173425581,58.52958297729492,30218220.0
2024-08-16,58.529586839318796,59.077989355310216,57.43277800371326,57.58234405517578,23237167.0
2024-08-19,57.881469124816434,58.77885777627381,57.5823408422048,58.67914581298828,22745522.0
2024-08-20,58.08088985158429,58.97827851237108,57.632195521190894,57.8814697265625,28174555.0
2024-08-21,57.58233940022983,58.28030791126012,56.236260260374706,56.43567657470703,26117163.0
2024-08-22,56.684956662268604,57.33307116207157,55.23916921499285,55.98699188232422,27944723.0
2024-08-23,55.88727569350945,56.335970020771065,54.591050595348946,54.940032958984375,27850817.0
2024-08-26,55.33887464190842,55.388728723203634,54.09250359141498,54.34177780151367,27668305.0
2024-08-27,54.3417781390975,56.38582591388031,54.192212090660114,56.33597183227539,36574618.0
2024-08-28,56.036842132513726,57.38292132017353,55.88727608783041,56.934226989746094,24028719.0
2024-08-29,56.93422836369852,58.77885981027705,56.03684348481022,58.2304573059082,32734135.0
2024-09-02,58.23045311979743,59.775952358686666,58.23045311979743,59.07798385620117,29417709.0
2024-09-03,59.077985031962065,59.27740515144423,57.38291972179732,57.48263168334961,23944935.0
2024-09-04,56.93422961791169,57.183503834809066,55.68785853342481,56.635101318359375,21959468.0
2024-09-05,56.78466256293342,57.931321581419176,56.53538836713795,57.333065032958984,30715782.0
2024-09-06,57.083794034811056,57.98118271139249,56.934227987506624,57.183502197265625,16075510.0
2024-09-09,56.984088164395615,57.28321646741357,55.837425231933594,55.837425231933594,17754464.0
2024-09-10,55.9869892615055,57.13364834889676,55.93713137645243,56.28611755371094,28094519.0
2024-09-11,56.78466748126483,57.03394169865087,54.591053607543124,54.74061965942383,37445725.0
2024-09-12,55.23916465528786,55.937129377618895,53.942935762678864,55.787567138671875,29329975.0
2024-09-13,55.88727723663716,58.529585389540415,55.38872881560807,58.180599212646484,26844490.0
2024-09-16,58.13074495507434,58.38001916483334,56.98408587235649,57.183502197265625,16299253.0
2024-09-17,57.432775592677935,58.330164256535184,57.38292151215754,57.93132400512695,17527220.0
2024-09-18,57.7319101066383,58.380020787856274,57.48263588994923,57.58234405517578,23483211.0
2024-09-19,58.130746329341214,58.5794406782395,57.63219789803705,58.479732513427734,36242935.0
2024-09-20,58.62929313688759,59.22755352005718,58.18059880041605,59.028133392333984,31901880.0
2024-09-23,59.426970241235104,59.87566458070472,58.82871365769068,59.12784194946289,35309263.0
2024-09-24,59.22755135639078,63.61477498791671,59.22755135639078,62.26869583129883,78142361.0
2024-09-25,62.01942406335271,62.66753472566,60.97247314453125,60.97247314453125,30400995.0
2024-09-26,61.2217434416304,61.4211597535214,58.7290015067696,59.07798385620117,37548400.0
2024-09-27,59.127837934173925,59.67624039911883,58.33016127574293,59.07798385620117,28656470.0
2024-09-30,58.82870966271509,59.67624039911883,58.62928954720176,59.07798385620117,27972735.0
2024-10-01,59.1776962663532,59.626390607608656,56.93422836369852,58.2304573059082,37759264.0
2024-10-02,58.28031020326081,59.67624347659714,56.036842346191406,56.036842346191406,46633981.0
2024-10-03,56.18640339230355,58.42987120163706,55.68785499022944,57.63219451904297,42269757.0
2024-10-04,57.48263421271133,61.37130959742283,56.88437382794009,60.97247314453125,39808119.0
2024-10-07,61.42116267760422,61.42116267760422,58.38001813301846,58.828712463378906,27616198.0
2024-10-08,58.5794386740362,58.82871288115975,57.482633684141554,57.98118209838867,29016706.0
2024-10-09,57.88146873208635,58.6791454148459,57.38292032990882,58.579437255859375,24880481.0
2024-10-10,58.57943661227976,58.828710810629886,56.286114748183074,56.5353889465332,22562691.0
2024-10-11,56.53539034740306,57.68204940605284,55.488439449115,55.937129974365234,29313295.0
2024-10-14,56.08669296062557,57.28320983784337,54.840322005945,55.18930435180664,42077682.0
2024-10-15,55.23916862589769,56.435681837969504,54.54120004977397,55.837425231933594,35292948.0
2024-10-16,56.58524442647982,56.98408467516392,55.68785576875184,56.88437271118164,27564873.0
2024-10-17,56.63509948362567,58.77885920094359,56.63509948362567,58.08089065551758,28678178.0
2024-10-18,58.92842201678271,60.47392516939753,58.72900569068509,59.177696228027344,34854332.0
2024-10-21,58.92842268932251,59.327262953314865,57.13364910860222,57.432777404785156,24244193.0
2024-10-22,57.53248854748222,58.72900551867657,56.83451999731697,58.180599212646484,29023761.0
2024-10-23,58.080890217765436,61.371308988691155,57.1835015513209,60.822906494140625,65759516.0
2024-10-24,60.0750832744986,61.1220341724998,60.0750832744986,60.67333984375,34359414.0
2024-10-25,60.2246493186227,61.07218009233261,59.6263889457488,60.67333984375,28316140.0
2024-10-28,60.22465053603734,60.723198955032274,60.025230407714844,60.025230407714844,7089169.0
2024-10-30,60.075085833789856,61.82000533933562,59.87566570100295,61.32145690917969,39535478.0
2024-10-31,61.07218009233261,62.46811715874921,60.473923523081204,60.67333984375,32641509.0
2024-11-01,60.822906454061666,64.11332902644172,60.822906454061666,63.66463088989258,44140353.0
2024-11-04,64.31274780513733,65.21013650526274,62.76724842480818,63.315650939941406,48800889.0
2024-11-05,64.16318068429727,66.60607252765108,63.46521593319346,64.96086120605469,54259395.0
2024-11-06,64.76143465319052,65.50925725938092,62.76724484030526,63.365501403808594,40269872.0
2024-11-07,63.56491742216354,65.16027069091797,63.46520926922472,65.16027069091797,30815245.0
2024-11-08,64.86115343516008,66.15737478180353,64.61187922150803,65.0605697631836,35606906.0
2024-11-11,65.21013041183123,66.30693533960891,64.71158202581914,65.60897064208984,34627082.0
2024-11-12,65.65882171727064,67.10461661868877,65.50925567819363,65.80838775634766,38586169.0
2024-11-13,65.80838820513557,68.00199810240883,65.55911400738884,67.80258178710938,56324521.0
2024-11-14,68.10171527552453,68.89938816046161,67.20432662363098,68.15156555175781,36258173.0
2024-11-15,68.50054525928567,69.49764203224322,67.25417429308874,67.50344848632812,31127041.0
2024-11-18,67.5034551259611,67.70287906451473,66.306941923621,67.25418090820312,25156586.0
2024-11-19,67.25417511233701,68.20142162253225,66.30693620938654,67.70287322998047,39450126.0
2024-11-20,67.30403293262829,67.90228948169158,65.21013120728435,65.80838775634766,25645008.0
2024-11-21,65.30984001255683,67.95214803833062,64.7115834575549,67.8524398803711,27754435.0
2024-11-22,67.60316747071792,69.0988127014219,67.60316747071792,68.30113220214844,37108888.0
2024-11-25,68.61257961495659,69.4615041279315,68.0133446090875,68.91220092773438,35049758.0
2024-11-26,68.96213384675038,69.36161873318207,67.31423202131944,67.46404266357422,24455130.0
2024-11-27,67.6138515418921,68.61257908383844,67.31423785112007,68.3129653930664,27601257.0
2024-11-28,68.31296443594495,70.06073760986328,68.31296443594495,70.06073760986328,28599089.0
2024-11-29,69.81105764310746,71.70864152221536,68.91220131935252,69.36162567138672,36825237.0
2024-12-02,69.36161877562931,70.26047501002223,69.21181575296865,70.11066436767578,21238229.0
2024-12-03,70.11066436767578,70.80977815873064,69.66124006032221,70.11066436767578,25353035.0
2024-12-04,70.36035143461703,71.30914715984783,69.81105586497576,70.2105484008789,30704942.0
2024-12-05,70.26047830910153,71.15933458570024,69.96086463002605,70.90965270996094,23510896.0
2024-12-06,71.20927673805643,71.55882985355201,70.51016288737883,71.1093978881836,23089633.0
2024-12-09,70.90965040775767,71.25920349850662,69.41155920195997,71.15933227539062,36646944.0
2024-12-10,71.10939516267791,71.55882711082035,69.91092520700374,70.90965270996094,28454917.0
2024-12-11,70.9096563029475,71.2092776168909,68.76239053885051,69.21182250976562,29563072.0
2024-12-12,69.41155976803994,70.51015847064727,68.91219602870152,69.1119384765625,21842593.0
2024-12-13,68.91219602870152,69.21181732017895,68.16315041969389,69.1119384765625,13791857.0
2024-12-16,69.16187628996623,69.21181571061308,67.41410324292737,67.46404266357422,16669227.0
2024-12-17,67.5639168998853,68.56264439989931,67.5639168998853,67.96340942382812,21700007.0
2024-12-18,67.91347242159894,70.90965502843419,67.31423742416916,70.65997314453125,45206572.0
2024-12-19,70.01079285755418,71.10939153075883,69.66123977330984,69.81105041503906,26172219.0
2024-12-20,70.06073473713855,70.90965157715317,68.91219660314886,69.711181640625,22794354.0
2024-12-23,69.91092616080624,72.85716928685143,69.6612442816605,71.95832061767578,44640850.0
2024-12-24,71.95832116180003,73.35653359983995,70.75984356102626,72.55755615234375,35526356.0
2024-12-25,72.65742858680518,73.90583801269531,72.40774670162716,73.90583801269531,15689030.0
2024-12-26,73.90583584065928,74.55501024698069,72.80723710210023,74.30532836914062,21477208.0
2024-12-27,74.30532794545496,74.80469169828774,72.90710791358593,73.85589599609375,30264543.0
2024-12-30,73.90583471520574,74.55500911164138,73.10684967041016,73.10684967041016,15733468.0
2024-12-31,73.10685157901126,73.70609418809542,72.30787413304286,72.40774536132812,27815526.0
2025-01-02,72.85716807954869,73.70609255032582,72.10812245452378,73.4064712524414,26506697.0
2025-01-03,73.35653306525623,75.25411687122136,73.35653306525623,74.75475311279297,27667543.0
2025-01-06,75.20418059105972,75.70354431976614,74.50506679905926,75.40392303466797,21399430.0
2025-01-07,75.40392475581497,78.25029655047476,75.10430346387774,77.2016372680664,46375846.0
2025-01-08,76.95195727847839,77.85080593688318,76.05310100038746,76.50252532958984,28639553.0
2025-01-09,76.55246371599308,78.35016862814362,76.40265306839235,78.1004867553711,23867081.0
2025-01-10,77.80087322244691,79.59857813789223,77.40138070134148,78.25029754638672,27031090.0
2025-01-13,78.2502979733554,79.24902547172545,77.75093422417038,78.6997299194336,23151017.0
2025-01-14,78.400110929741,80.14788410333395,78.10048962353625,78.4500503540039,33725336.0
2025-01-15,78.45004502415831,80.04800743608435,77.20163569926518,78.20036315917969,41783078.0
2025-01-16,78.25029681153332,80.44750184713604,77.35144055240883,80.14788055419922,30229393.0
2025-01-17,80.69718701539674,81.79578576824505,79.94814137213385,80.94686889648438,21433875.0
2025-01-20,81.19654942889636,82.29514816349693,80.84698870543083,82.24520874023438,19993143.0
2025-01-21,82.24520453924141,82.34507576097903,79.94813596053302,80.54737091064453,20518796.0
2025-01-22,80.64724342997481,81.8956527709961,80.04800847022179,81.8956527709961,19910869.0
2025-01-23,82.09539466187317,84.09284959398383,81.44622790468591,83.94304656982422,32844398.0
2025-01-24,83.99298193304485,85.4411413920459,83.29387572503481,85.0416488647461,24082576.0
2025-01-27,84.89183633442111,86.88929130699573,84.19273014189442,85.74075317382812,45575561.0
2025-01-28,85.74075175642582,89.83553285857471,84.54228184056768,89.53591918945312,51430881.0
2025-01-29,89.53592034700357,90.4847084076837,87.38865473528509,88.08776092529297,34854634.0
2025-01-30,88.08776150008312,89.1364284116237,87.08903401087724,88.68700408935547,24681032.0
2025-01-31,88.68700653296828,89.93541592887331,88.38738523007657,88.58712768554688,23591558.0
2025-02-03,88.03783171462283,88.88674857596162,87.33871788434848,88.13770294189453,20492281.0
2025-02-04,88.43732438389883,89.48598370144707,87.43859687022267,88.28751373291016,27977135.0
2025-02-05,88.38738548605883,88.63706736596295,85.39120292720938,86.0903091430664,32504292.0
2025-02-06,86.78941760494385,88.33744059269002,85.49106886195665,85.84062194824219,27242522.0
2025-02-07,85.84062425396387,86.24011677174325,84.94177561356777,85.5909423828125,22943950.0
2025-02-10,85.6408803432189,85.74075156603766,81.3463491848391,81.44622802734375,51630303.0
2025-02-11,81.24648068123497,82.1952763789829,80.89692757982726,81.6459732055664,24098781.0
2025-02-12,81.79578561421694,82.14533872314412,78.00061798095703,78.00061798095703,50265805.0
2025-02-13,78.1004856069336,80.09794055974199,77.151697552224,79.54864501953125,48323805.0
2025-02-14,79.74839225286301,80.69718798419846,78.10049029396367,79.1990966796875,42286606.0
2025-02-17,79.19909290928793,80.79705536742212,78.99934283971737,80.59730529785156,30049968.0
2025-02-18,80.59730829899698,84.19273348828678,80.3476264175011,83.89311218261719,44845386.0
2025-02-19,83.64342758184438,84.94177637128773,83.19400325763725,83.69336700439453,27999402.0
2025-02-20,83.89310973128836,84.64215535388915,82.04546538614365,83.99298095703125,31337511.0
2025-02-21,83.94304787054422,84.04291909476011,81.54610039093292,82.64469909667969,20946566.0
2025-02-24,82.99425061320427,84.44241000569995,82.64469752525216,83.64342498779297,20137572.0
2025-02-25,83.94304877940715,84.49234432838485,80.54737378149954,80.89692687988281,33624825.0
2025-02-26,82.59476020669045,87.03910209993876,82.59476020669045,85.89056396484375,77775026.0
2025-02-27,85.89056515163846,90.23502826037131,84.94177707283784,89.8854751586914,86597843.0
2025-02-28,89.88547825324497,94.18000970655234,89.38611448517138,93.33108520507812,99828367.0
2025-03-03,93.88038261354025,99.42332314551194,93.43095829783917,97.92523193359375,78386555.0
2025-03-04,97.82535890576663,101.77033723681157,96.82663137178356,101.57058715820312,88344020.0
2025-03-05,101.97007307402306,105.86511172755911,100.17236820140434,105.26587677001953,75414801.0
2025-03-06,105.86511311699671,112.05722045898438,104.7665144104745,112.05722045898438,76781475.0
2025-03-07,111.85747670108356,113.85493164217434,105.56549058877324,108.06230926513672,96915667.0
2025-03-10,108.06231125799387,111.05849372488487,107.86256880807557,110.1596450805664,51755935.0
2025-03-11,110.15964865010892,118.44908250530119,109.56040604156442,116.85111999511719,90000097.0
2025-03-12,116.95098764120364,117.94971513193926,113.65519149358774,115.75251770019531,61955099.0
2025-03-13,115.952257990403,119.7474254323729,114.05467426941804,116.15200805664062,72620847.0
2025-03-14,116.95098876953125,117.65010259160277,115.65264759086035,116.95098876953125,35017698.0
2025-03-17,117.15074052886526,121.74488557281,116.85111922656368,121.54513549804688,57042667.0
2025-03-18,121.6450108735681,123.8422082954517,120.04704079981344,123.24297332763672,58847122.0
2025-03-19,117.55022705003852,122.84348599866868,110.95862688624234,112.1571044921875,78521688.0
2025-03-20,113.25569797402862,120.84602531270778,113.05594790583238,117.35047912597656,76894160.0
2025-03-21,117.35048285436847,117.5502253092248,107.86257147465356,110.35939025878906,69700458.0
2025-03-24,112.15710421763686,120.44653811162227,111.95735414062513,120.24679565429688,73404180.0
2025-03-25,122.64373782804395,125.54004142987245,114.0546753877556,117.35047912597656,100179556.0
2025-03-26,116.85111394421807,118.34920514863113,113.85493153539197,115.85238647460938,51094163.0
2025-03-27,117.55022621217073,118.04958997283362,114.8536649524656,116.85111999511719,42818807.0
2025-03-28,116.85111761720076,119.74742889404297,114.75379138903439,119.74742889404297,36533871.0
2025-04-02,119.5476798863635,120.54640739625687,116.45162612963124,118.14946746826172,26643644.0
2025-04-03,118.04959025272375,120.54640906195806,115.65265029160786,117.15074157714844,45528015.0
2025-04-04,117.15073912522067,118.24933785435317,115.15328411963931,117.2506103515625,30956862.0
2025-04-07,113.35557340033428,117.65010477967519,113.35557340033428,116.55149841308594,36119623.0
2025-04-08,118.74869782228092,119.74742529325101,116.95098532666039,118.6488265991211,30048916.0
2025-04-09,117.35048129361697,119.54767874655917,116.15201134104596,116.95098876953125,36638755.0
2025-04-10,120.34666181137199,123.54258671201535,120.04704051832405,122.94335174560547,43491599.0
2025-04-11,122.84348456730899,123.24297709796919,118.74870327233594,119.0483169555664,32305299.0
2025-04-14,120.14692085569939,120.54640575848028,118.1494658630506,119.148193359375,24518993.0
2025-04-15,119.14819076238975,119.74742572318608,116.0521294955178,116.45162200927734,31099483.0
2025-04-16,116.65137387762648,121.84475377765199,116.65137387762648,121.04576873779297,57457601.0
2025-04-17,121.14565169246657,133.13038197882358,121.14565169246657,128.33648681640625,88444266.0
2025-04-18,128.63610433428792,130.43381687218985,126.7385205708772,129.7346954345703,25485816.0
2025-04-21,130.0343200050238,131.1329263723411,126.5387736863975,127.73725128173828,24934299.0
2025-04-22,128.83584844604235,132.5311371753024,128.83584844604235,131.53240966796875,42482740.0
2025-04-24,132.13164481870157,134.62846344626823,131.43253865085723,134.32884216308594,41709151.0
2025-04-25,134.9280956762294,135.8269443593288,132.13165553860395,135.12783813476562,31222511.0
2025-04-28,135.62720482168123,141.12020636627577,133.8294921773939,138.42364501953125,38791893.0
2025-04-29,138.42364393781426,139.22261378292234,136.6259313075752,137.22515869140625,26663636.0
2025-04-30,135.127837859615,136.52605030589427,131.83203396267362,134.82821655273438,39393812.0
2025-05-02,134.82820637641035,135.12782766067667,128.8358416485699,129.63482666015625,27383518.0
2025-05-05,129.73469026199732,130.63355411479634,128.03685663698352,129.63482666015625,24859653.0
2025-05-06,129.53495963694388,138.42364393781426,129.33521717566688,137.22515869140625,42909071.0
2025-05-07,137.32503845648773,146.31358642818512,137.22515960549742,144.01651000976562,53124006.0
2025-05-08,144.4159997340381,154.7028805886981,144.01649959833117,154.4032745361328,45723588.0
2025-05-09,155.00251238196253,155.60175500643533,148.9102834835631,149.01014709472656,36613645.0
2025-05-12,148.11128478186404,148.2111483838473,137.02540392382758,140.22132873535156,65721237.0
2025-05-13,140.12147718294497,141.4198260353498,135.2277030837842,136.6259307861328,52831124.0
2025-05-14,137.3250380806301,139.12275071792385,136.32631053095278,137.82440185546875,39980565.0
2025-05-15,141.4198161987317,141.61955864535307,136.32629999334162,137.3250274658203,39271203.0
2025-05-16,137.32503861486313,143.61702525018237,136.42618991240596,138.42364501953125,47312639.0
2025-05-20,137.6246541458095,137.72451775334565,129.7346976605773,132.13165283203125,45130917.0
2025-05-21,132.8307647705078,134.72834102862296,131.03305212423535,132.8307647705078,27390598.0
2025-05-22,133.2302432172714,137.82439584105555,130.9331821447517,136.82566833496094,32790134.0
2025-05-23,135.92682401189816,138.32376400724937,134.22897500587047,136.0266876220703,25281752.0
2025-05-26,136.42617768357064,138.12401132456375,134.92808648751108,136.12655639648438,15398955.0
2025-05-27,135.62719893279217,138.7232450707832,135.02795633092427,137.42491149902344,25937494.0
2025-05-28,137.82438885220705,138.52349502314829,133.92935787169768,134.92808532714844,20977030.0
2025-05-29,135.02795121592425,136.02667868828962,130.83329887986406,132.03176879882812,19670153.0
2025-05-30,131.43254409613644,132.4312715885406,128.43636161892397,129.43508911132812,29057534.0
2025-06-02,130.53367991981247,132.4312712947946,129.03558868452913,129.13546752929688,20620160.0
2025-06-03,129.2353346592633,130.23406217668997,126.73852348538286,127.43762969970703,32067776.0
2025-06-04,127.7372523522675,134.82821627697095,127.7372523522675,134.52859497070312,39191709.0
2025-06-05,134.22896315828365,139.52222169013393,133.82947827410953,139.32247924804688,15261303.0
2025-06-10,138.82311522435847,140.9204489601873,137.32502405287258,139.02285766601562,29996112.0
2025-06-11,140.02158717708429,142.71814827762213,138.0241322523345,141.1201934814453,40042707.0
2025-06-12,144.21624783665823,148.01141546170135,141.7194290358894,144.515869140625,52557913.0
2025-06-13,148.91028165546092,150.50823656881602,140.52096121269855,141.3199462890625,48698994.0
2025-06-16,141.3199490824403,144.81549552617557,138.3237664163815,138.72325134277344,33034762.0
2025-06-17,139.32247908965115,145.31484378167914,138.42363048159552,144.3161163330078,45384727.0
2025-06-18,144.41600774520805,145.4147352808198,141.02032498050443,141.3199462890625,23678474.0
2025-06-19,141.81930735477837,145.2149748154114,141.519686051929,143.91664123535156,30274928.0
2025-06-20,143.816754358637,146.71305789927757,143.11764818393465,146.11383056640625,31320852.0
2025-06-23,146.2137050718791,147.61193276492,143.71688623363409,146.91282653808594,33863987.0
2025-06-24,142.91791233744945,143.8167609979376,138.42363855626388,142.41854858398438,44459926.0
2025-06-25,143.21751375044596,149.80912117802794,142.91790769958737,148.21115112304688,39703153.0
2025-06-26,148.71052281650157,149.40964427756705,140.12147521972656,140.12147521972656,22953982.0
2025-06-27,140.52096064308176,146.31358337402344,140.32121818464364,146.31358337402344,35646531.0
2025-06-30,146.31357726618563,151.70669961574328,144.91536487611427,150.6081085205078,44361621.0
2025-07-01,150.60810620551845,153.00504604861814,147.81166622898755,148.21115112304688,26946538.0
2025-07-02,148.8104013794951,150.40837151690314,145.314855038366,145.41473388671875,35818693.0
2025-07-03,146.51331381044906,150.30848116685527,146.51331381044906,149.609375,42289082.0
2025-07-04,150.8078564196361,151.50696263993206,148.81040136772037,151.00759887695312,28599538.0
2025-07-07,150.20860379430638,151.4070889370541,148.31102771724184,151.1074676513672,22896439.0
2025-07-08,152.3059384260729,153.30466589116193,151.40708980324152,152.00631713867188,26600839.0
2025-07-09,152.10620386516257,152.60556762359099,147.21242988894085,149.50950622558594,32979888.0
2025-07-10,151.00758996570147,154.00377236676448,149.2098774771893,152.30593872070312,33507736.0
2025-07-11,152.3059401574073,154.6030164010983,151.70669757579333,153.8040313720703,26734047.0
2025-07-14,153.70415395059865,156.8002152519594,151.2073352363955,155.3021240234375,31432471.0
2025-07-16,155.30212478405792,165.189520844979,154.50313974372534,161.49423217773438,62542623.0
2025-07-17,160.7951211080426,165.98850085371996,160.1958785361149,161.6939697265625,33834459.0
2025-07-18,162.29322137005383,168.68507137749464,162.29322137005383,165.98851013183594,41835450.0
2025-07-21,166.58775232905867,176.67489107356445,166.58775232905867,176.5750274658203,33414388.0
2025-07-22,177.37401224283644,178.17298206101006,173.4789658020641,176.27540588378906,28536377.0
2025-07-23,178.0731217476936,181.56866810467267,176.97451536832253,179.87083435058594,37748666.0
2025-07-24,180.3701902892149,187.46114630491397,178.27285647028623,182.36764526367188,41750398.0
2025-07-25,182.86700956354193,186.76204067983235,182.2677669736332,182.9668731689453,25124710.0
2025-07-28,184.06548802949794,184.76459425719113,178.47260772920683,181.06930541992188,20263642.0
2025-07-29,181.0692933184604,182.0680207882375,177.07438343935206,179.07183837890625,20734021.0
2025-07-30,178.77222309720236,181.36892070162574,176.37528318494412,180.07057189941406,25425784.0
2025-07-31,180.27031054981254,186.7620391845703,180.27031054981254,186.7620391845703,36147227.0
2025-08-01,187.76076932102853,188.459875520626,183.26649558728053,184.16534423828125,20662476.0
2025-08-04,186.0629344061511,188.2601318359375,183.56611568153656,188.2601318359375,20992141.0
2025-08-05,188.26013893328948,188.45988139091446,184.86447143554688,184.86447143554688,14575760.0
2025-08-06,185.76332207353494,188.1602620690572,179.37147192589362,181.36892700195312,36492060.0
2025-08-07,181.8682780438545,183.26649040350034,177.87336817129864,178.772216796875,21739606.0
2025-08-08,180.07056700088305,182.46750684793642,179.5712032627993,180.2703094482422,20700951.0
2025-08-11,181.3689140113033,181.46877761432978,178.37273161181727,178.47259521484375,13886398.0
2025-08-12,178.4725990511672,178.7722203454306,171.7811279296875,171.7811279296875,21753767.0
2025-08-13,171.7811350034087,175.67616627110903,170.1831648611163,173.97833251953125,25254554.0
2025-08-14,174.2779499278349,175.17679858816075,168.58520618723568,169.78367614746094,16553058.0
2025-08-15,170.18316650390625,171.88101551124615,168.88483289505504,170.18316650390625,14923094.0
2025-08-18,170.18315756760833,172.2804913845605,166.78749020998032,171.48150634765625,22600903.0
2025-08-19,171.98087583008405,172.9796033497005,169.3841934227047,172.1806182861328,16197940.0
2025-08-20,173.4789653470119,182.26777047821972,172.97960159227705,181.26904296875,38944686.0
2025-08-21,182.16789051279696,183.06675440942303,178.47260179832702,180.07057189941406,20439294.0
2025-08-22,180.07057300526085,182.66725538625863,178.77222419507578,181.26904296875,24210182.0
2025-08-25,182.26776410555254,182.86700668603189,179.47132412893546,179.97068786621094,14214828.0
2025-08-26,180.2703091603405,185.76331027048937,178.8720967916877,185.26394653320312,33825828.0
2025-08-27,185.16407584752642,185.16407584752642,181.6685295325239,183.06675720214844,18713287.0
2025-08-28,184.76458627720172,186.56229881317864,182.76713129042116,183.5661163330078,19222348.0
2025-08-29,183.5661209614345,187.26140973227692,182.76713589870226,183.06675720214844,35688973.0
2025-09-01,183.26649513565192,184.66470753140123,177.97323636996302,178.27285766601562,23196336.0
2025-09-02,178.7722277070358,179.37147032023864,168.48533110953855,173.97833251953125,25999625.0
2025-09-03,172.77985672611763,178.77222169927776,170.4827804385318,178.57247924804688,27613522.0
2025-09-04,178.57247719847965,183.9655995166753,178.47259835432448,181.76840209960938,24151693.0
2025-09-05,181.8682846078862,182.36764835997886,174.77731323242188,174.77731323242188,22814460.0
2025-09-08,173.57884187777245,175.3765544187068,171.78112933683806,173.2792205810547,14491964.0
2025-09-09,173.2792156841731,174.2779431520934,170.58265456866263,173.4789581298828,23875219.0
2025-09-10,179.87083185774662,180.66980167962785,174.3778305157645,177.17425537109375,39929582.0
2025-09-11,177.17425561738824,177.47387692069648,170.88228444477824,171.88101196289062,24580157.0
2025-09-12,171.8810135794878,176.67489352001724,171.08202850960868,173.6787109375,21574800.0
2025-09-15,173.47895901170625,186.16279487089392,171.68124651243727,184.96432495117188,39453729.0
2025-09-16,184.96432441981466,196.24994788013439,184.5648395275122,194.95159912109375,53887807.0
2025-09-17,194.95160318135896,199.04639198991444,193.85301208496094,193.85301208496094,31237472.0
2025-09-18,194.35238430349872,196.5495818314569,191.15644400169833,191.95542907714844,20834723.0
2025-09-19,192.1551627146882,204.139892578125,191.4560565205288,204.139892578125,45499411.0
2025-09-22,209.73277617800207,217.92233867612578,205.03875994951173,213.3282012939453,68105717.0
2025-09-23,212.52921398423595,214.22704767786442,209.03366775173,210.93124389648438,31683071.0
2025-09-24,211.33074979860464,217.52285738852646,207.33583970970378,217.22323608398438,41049717.0
2025-09-25,218.72132300060062,220.5190355525896,215.32565558857766,218.022216796875,35589650.0
2025-09-26,217.72258946070608,222.01712064931917,213.82755840555228,217.0234832763672,44830105.0
2025-09-29,217.02349253183186,220.2194175389443,213.3282037661277,216.02476501464844,28386846.0
2025-09-30,216.22450114405433,218.82119870850775,213.0285762304462,214.72640991210938,39223793.0
2025-10-01,214.82629667373743,218.4217066192852,206.83647647557885,217.82247924804688,41278766.0
2025-10-02,217.9223316143565,221.61762021749155,215.72513422109014,216.72386169433594,28112699.0
2025-10-03,217.92233074889498,219.32055834950924,212.6290721138397,215.82501220703125,24107108.0
2025-10-06,215.92487492612716,216.9236023913168,212.72895008539464,214.9261474609375,20279138.0
2025-10-07,215.12589991943318,216.72387003386504,206.23723116125868,209.23341369628906,32163159.0
2025-10-08,209.13353044275107,215.92488042692827,208.13480295211832,215.32565307617188,27020145.0
2025-10-09,214.72641380653124,223.01585515484388,209.23341252310834,218.9210662841797,40301031.0
2025-10-10,218.92106085636303,219.72004588928937,211.83010488265003,213.2283172607422,29717793.0
2025-10-13,211.03113036435838,215.62526786368707,209.3332966094027,213.72769165039062,19071746.0
2025-10-14,213.72767955852004,216.6239831390316,209.83264850343593,211.730224609375,20036093.0
2025-10-15,211.83011463537633,212.22959955054594,202.84156688970614,207.2359619140625,33134559.0
2025-10-16,207.1360850093941,210.33202531823304,203.54067502100952,203.74041748046875,22182650.0
2025-10-17,203.74040359928932,204.8390099105244,193.35364402134877,194.6519775390625,28317714.0
2025-10-20,195.05148599417538,205.9376097710054,190.25759089232113,203.64053344726562,39630987.0
2025-10-21,203.84028766492824,207.13607620433837,202.3421964236065,205.33837890625,21489361.0
2025-10-22,205.6379817830694,215.92487786227855,205.6379817830694,207.33583068847656,28052729.0
2025-10-23,208.73404713923935,211.13098703934776,205.63798579884147,206.2372283935547,26059011.0
2025-10-24,207.53557988474762,215.4255211278403,203.64053344726562,203.64053344726562,53541269.0
2025-10-27,203.94014923454588,208.73404420678668,200.3447394348943,208.5343017578125,31221468.0
2025-10-28,208.8339204516423,211.1309814453125,206.73658666508834,211.1309814453125,12129563.0
2025-10-30,211.13099149303588,211.6303552527066,205.43824768066406,205.43824768066406,24507408.0
2025-10-31,205.73786705218342,207.73532207210752,201.143714410609,203.34092712402344,26205355.0
2025-11-03,204.23976972032736,205.73786094076985,201.24358727944235,202.34219360351562,25081750.0
2025-11-04,202.34219363067172,203.64052716373192,195.5508437158799,197.04893493652344,23546197.0
2025-11-05,198.7467706947615,203.940150599715,192.8542845940325,193.85301208496094,44519407.0
2025-11-06,194.15262212083073,195.45097093352803,187.16152954101562,187.16152954101562,42870800.0
2025-11-07,187.26141140579193,189.65835137603702,184.46497128092423,184.86447143554688,25678773.0
2025-11-10,185.7633111245908,188.3600086661672,183.76585616626187,186.1627960205078,25412471.0
2025-11-11,188.06038769722926,188.55975143766833,179.87082540190286,181.16915893554688,34898259.0
2025-11-12,182.76713617637697,185.86319758440342,180.96942359234137,183.3663787841797,23347877.0
2025-11-13,183.56611049738152,184.4649591171092,177.07438199671887,177.57374572753906,21915538.0
2025-11-14,177.5737593698683,177.5737593698683,171.28177283026955,175.7760467529297,32083989.0
2025-11-17,178.07311912836084,188.95924295564774,177.7734978257239,188.06039428710938,45680469.0
2025-11-18,188.06038909848706,189.65834393617544,184.36510043957833,187.96051025390625,28742274.0
2025-11-19,187.96050649466417,190.95668889969934,183.96559662128396,184.0654754638672,36852150.0
2025-11-20,184.8644711591915,186.56230490552474,183.26650102183518,184.56484985351562,22196256.0
2025-11-21,183.46623832237972,185.76331461549958,181.3689197203442,184.4649658203125,27716401.0
2025-11-24,184.26522308366899,184.86446567725093,181.36891943989136,184.16534423828125,25804960.0
2025-11-25,185.0,185.39999389648438,179.39999389648438,180.10000610351562,28775390.0
2025-11-26,180.3000030517578,185.6999969482422,180.10000610351562,184.10000610351562,23280248.0
2025-11-27,184.3000030517578,186.10000610351562,183.39999389648438,184.5,13460544.0
2025-11-28,184.5,185.0,182.8000030517578,183.39999389648438,13710754.0
2025-12-01,183.39999389648438,188.1999969482422,181.5,187.1999969482422,18915360.0
2025-12-02,187.10000610351562,188.89999389648438,185.5,187.6999969482422,19794223.0
2025-12-03,187.6999969482422,191.8000030517578,185.6999969482422,185.89999389648438,25981247.0
2025-12-04,185.6999969482422,187.60000610351562,183.0,185.10000610351562,14532958.0
2025-12-05,185.10000610351562,188.6999969482422,184.10000610351562,188.1999969482422,14533185.0
2025-12-08,190.0,194.39999389648438,186.6999969482422,193.6999969482422,27158085.0
2025-12-09,193.8000030517578,202.8000030517578,191.89999389648438,202.0,40458135.0
2025-12-10,202.0,209.89999389648438,200.89999389648438,205.8000030517578,52526261.0
2025-12-11,206.8000030517578,209.89999389648438,204.5,204.89999389648438,26064583.0
2025-12-12,205.0,207.10000610351562,203.3000030517578,204.0,16173224.0
2025-12-15,207.0,214.1999969482422,205.89999389648438,212.1999969482422,36336874.0
2025-12-16,212.1999969482422,212.60000610351562,207.0,209.3000030517578,21248733.0
2025-12-17,209.3000030517578,209.60000610351562,200.0,201.0,33541318.0
2025-12-18,202.0,205.89999389648438,201.8000030517578,204.39999389648438,27863503.0
2025-12-19,204.39999389648438,211.3000030517578,204.1999969482422,211.10000610351562,32709015.0
2025-12-22,211.8000030517578,216.3000030517578,209.6999969482422,212.8000030517578,30091977.0
2025-12-23,212.60000610351562,223.89999389648438,211.8000030517578,221.6999969482422,43793581.0
2025-12-24,221.60000610351562,229.5,221.0,224.6999969482422,33914596.0
2025-12-25,225.1999969482422,228.0,220.3000030517578,222.6999969482422,13579327.0
2025-12-26,222.6999969482422,227.0,222.0,226.10000610351562,21511696.0
2025-12-29,226.3000030517578,228.0,221.0,221.0,23826351.0
2025-12-30,222.0,231.3000030517578,222.0,229.0,34829885.0
2025-12-31,229.8000030517578,237.3000030517578,229.1999969482422,231.6999969482422,33390707.0
2026-01-02,232.0,233.6999969482422,228.5,230.1999969482422,20364261.0
2026-01-05,233.0,242.5,233.0,240.0,34329300.0
2026-01-06,240.0,258.0,238.8000030517578,257.0,54994067.0
2026-01-07,259.0,270.0,257.75,263.5,46562786.0
2026-01-08,264.0,268.5,260.25,262.75,39424305.0
2026-01-09,265.0,280.0,263.5,280.0,46746602.0
2026-01-12,285.75,294.75,280.0,283.0,73292826.0
2026-01-13,283.0,292.75,282.5,289.75,55044032.0
2026-01-14,292.0,292.5,283.0,288.0,46382182.0
2026-01-15,289.25,304.5,285.75,302.5,57149729.0
2026-01-16,303.25,312.5,301.0,309.25,50889702.0
2026-01-19,310.0,325.0,305.75,316.0,53303143.0
2026-01-20,317.5,338.25,317.0,336.75,72992317.0
2026-01-21,338.5,339.25,303.25,303.25,109808705.0
2026-01-22,295.0,304.75,287.5,300.25,85588015.0
2026-01-23,302.75,306.75,296.75,300.75,51219152.0
2026-01-26,300.75,324.25,300.75,323.25,64694547.0
2026-01-27,328.5,333.5,308.0,310.5,70509406.0
2026-01-28,312.25,316.25,307.5,307.5,54249535.0
2026-01-29,310.25,323.0,309.0,319.0,58984283.0
2026-01-30,317.0,317.25,303.25,303.25,52704794.0
2026-02-02,300.0,306.0,293.75,299.5,36840843.0
2026-02-03,304.25,306.5,291.75,296.75,50541184.0
2026-02-04,299.0,304.0,297.25,302.5,46636544.0
2026-02-05,302.75,303.0,283.75,285.0,41435454.0
2026-02-06,285.0,292.75,283.0,288.0,41861945.0
2026-02-09,291.0,294.25,287.25,292.0,28749581.0
2026-02-10,292.25,298.25,291.0,298.25,38575272.0
2026-02-11,298.0,300.0,291.5,294.0,39497827.0
2026-02-12,295.0,303.5,292.5,301.5,40207260.0
2026-02-13,302.0,304.0,298.5,302.25,38043567.0
2026-02-16,303.25,304.5,295.25,296.5,33971514.0
2026-02-17,296.75,301.75,293.25,294.0,32315707.0
2026-02-18,294.75,315.5,294.75,310.25,83188891.0
2026-02-19,313.25,321.25,304.5,307.0,74721661.0
2026-02-20,307.25,314.75,306.0,313.25,42689070.0
2026-02-23,314.5,316.25,308.75,310.5,35880813.0
2026-02-24,312.75,315.5,305.25,309.0,32333409.0
2026-02-25,309.75,314.75,303.75,306.25,59100784.0
2026-02-26,308.25,312.75,304.0,311.0,34047361.0
2026-02-27,312.25,324.75,307.5,322.0,73945610.0
2026-03-02,324.0,347.0,324.0,340.0,58565606.0
2026-03-03,344.25,345.5,318.0,322.25,36583772.0
2026-03-04,322.0,339.25,321.75,333.0,46372048.0
2026-03-05,333.5,350.0,330.0,345.0,46519728.0
2026-03-06,346.0,350.0,333.5,333.5,34172215.0
2026-03-09,333.5,337.75,318.5,319.0,36349526.0
2026-03-10,319.25,336.0,319.25,334.25,30058029.0
2026-03-11,334.5,335.75,326.5,335.75,19131976.0
2026-03-12,336.75,338.25,329.75,330.0,23419978.0
2026-03-13,330.0,333.5,320.25,322.25,22428192.0
2026-03-16,324.0,328.25,314.75,320.5,18105422.0
2026-03-17,321.75,343.75,321.5,341.25,33575822.0
2026-03-18,341.0,355.5,338.0,348.75,41934787.0
2026-03-19,348.0,351.5,338.75,338.75,12565804.0
2026-03-23,338.75,356.5,338.0,353.25,44437394.0
2026-03-24,353.25,359.0,347.0,352.0,30707912.0
2026-03-25,352.0,355.0,337.0,337.5,23956540.0
2026-03-26,340.0,343.25,335.0,338.0,22025311.0
2026-03-27,340.0,341.0,328.0,330.75,14929459.0
2026-03-30,330.75,332.75,320.5,320.5,18317233.0
2026-03-31,321.0,324.75,316.0,320.25,18067512.0
2026-04-01,321.5,327.5,317.75,320.25,17723482.0
2026-04-02,325.0,336.5,323.25,336.5,24822094.0
2026-04-03,336.5,338.5,330.0,330.5,12968325.0
2026-04-06,330.5,342.5,327.75,337.0,21266430.0
2026-04-07,338.5,344.75,337.0,342.0,21595112.0
2026-04-08,341.5,366.5,338.0,362.25,53570213.0
2026-04-09,362.25,379.0,362.25,376.75,35915324.0
2026-04-10,377.0,399.5,376.5,398.5,34383162.0
2026-04-13,398.75,429.0,388.5,415.25,77119327.0
2026-04-14,415.75,425.25,408.5,411.75,38474453.0
2026-04-15,412.25,421.25,411.25,416.75,21183260.0
2026-04-16,420.0,422.5,406.0,411.0,15450028.0
2026-04-17,412.5,417.5,407.0,414.0,20981008.0
2026-04-20,418.0,421.5,408.0,408.0,17267189.0
2026-04-21,409.0,412.25,396.5,396.5,13215889.0
2026-04-22,399.0,406.75,391.0,396.5,23228306.0
2026-04-24,399.0,404.5,390.25,392.0,18264062.0
2026-04-27,393.75,416.25,391.0,415.0,31236856.0
2026-04-28,420.75,424.75,414.25,414.5,28763388.0
2026-04-29,415.5,434.25,415.5,425.5,38292607.0
2026-04-30,427.25,431.0,418.25,420.25,27047316.0
2026-05-04,422.0,443.5,421.5,431.75,35686201.0
2026-05-05,432.75,434.5,424.25,427.25,15706669.0
2026-05-06,430.75,450.0,429.5,434.0,30033225.0
2026-05-07,437.0,437.0,423.0,428.0,17211142.0
2026-05-08,431.0,434.5,426.25,428.5,17958234.0
2026-05-11,430.0,438.75,425.0,431.75,21073942.0
2026-05-12,433.0,433.25,419.25,419.25,13835481.0
2026-05-13,420.0,423.5,410.75,412.75,13698866.0
2026-05-14,414.75,421.0,413.75,415.5,10379851.0
2026-05-15,415.5,419.0,410.5,415.0,15045515.0
2026-05-18,416.75,419.0,402.0,402.0,14506796.0
2026-05-20,402.0,403.25,389.25,393.5,21017807.0
2026-05-21,397.75,409.25,377.75,377.75,20097708.0
2026-05-22,370.5,412.0,370.5,410.0,28455776.0
2026-05-25,411.25,413.0,396.0,401.75,15337705.0
2026-05-26,399.75,401.75,380.25,380.25,23629428.0
2026-05-27,380.25,380.25,380.25,380.25,0.0
2026-05-28,380.25,380.25,380.25,380.25,0.0
2026-05-29,380.25,380.25,380.25,380.25,0.0
2026-06-01,385.0,398.25,383.0,384.0,28628121.0
2026-06-02,385.0,408.5,383.0,407.75,27766669.0
2026-06-03,409.5,409.5,381.25,383.5,33258536.0
2026-06-04,388.5,393.5,356.75,362.25,44493259.0
2026-06-05,362.75,367.75,355.0,363.0,24157367.0
2026-06-08,366.0,377.25,359.5,368.0,28237277.0
2026-06-09,368.5,368.75,357.25,357.25,19113351.0
2026-06-10,357.25,382.75,356.0,376.75,36066569.0
2026-06-11,380.5,389.75,373.25,377.75,24887395.0
2026-06-12,377.75,382.75,365.25,371.25,26510524.0
2026-06-15,372.0,385.5,369.75,375.75,30445838.0
2026-06-16,382.0,397.0,378.5,394.0,30390789.0
2026-06-17,398.0,399.25,384.75,395.0,22440362.0
2026-06-18,393.5,412.5,390.0,410.75,25136272.0
2026-06-19,408.75,412.75,400.5,402.5,19250277.0
2026-06-22,402.75,407.25,393.75,394.75,15420310.0
2026-06-23,393.0,396.25,387.25,392.0,15103312.0
2026-06-24,392.0,392.75,367.5,367.5,25534326.0
2026-06-25,374.25,389.0,371.25,373.5,30370634.0
2026-06-26,376.0,379.0,354.25,361.5,30569254.0
2026-06-29,364.25,367.75,354.0,357.5,27586033.0
2026-06-30,359.0,367.0,342.5,345.0,45256637.0
2026-07-01,345.0,372.25,342.5,371.25,51344130.0
2026-07-02,372.5,388.75,371.75,384.75,48201664.0
2026-07-03,386.0,399.75,382.25,399.5,42574152.0
2026-07-06,403.75,411.25,396.5,401.75,53832210.0
2026-07-07,402.75,410.0,382.75,383.0,65463431.0
2026-07-08,383.0,389.0,375.25,377.0,46688381.0
2026-07-09,378.5,382.0,358.25,358.75,39044596.0
2026-07-10,359.0,375.25,355.0,370.0,54713081.0
2026-07-13,370.0,370.5,352.5,352.5,35331632.0
2026-07-14,352.75,353.25,345.5,348.5,38210676.0
2026-07-16,349.0,363.0,349.0,352.5,39755676.0
2026-07-17,350.25,353.25,344.5,351.5,44877273.0
2026-07-20,353.25,361.75,348.75,354.5,40499377.0
2026-07-21,355.5,363.5,353.5,360.0,34390421.0
2026-07-22,362.0,376.0,360.0,370.0,47861304.0
2026-07-23,371.5,381.0,370.0,376.25,40700422.0
2026-07-24,376.25,391.25,371.5,380.25,42885683.0
2026-07-27,381.25,382.5,360.5,360.5,33473184.0
2026-07-28,360.5,366.25,355.5,358.0,23084210.0
2026-07-29,357.5,362.75,352.0,354.5,23389684.0
2026-07-30,354.5,356.0,335.5,337.5,33703835.0
2026-07-31,341.0,348.75,339.75,342.25,35132678.0
2026-08-03,344.0,344.5,331.75,336.25,30271176.0
2026-08-04,337.75,351.25,336.5,349.25,31914222.0
2026-08-05,354.0,361.5,341.5,346.75,44255746.0
2026-08-06,346.75,364.5,344.75,363.0,41509167.0
2026-08-07,365.0,368.5,350.5,353.75,34419991.0
2026-08-10,354.0,362.5,349.5,356.25,24549019.0
2026-08-11,355.25,357.75,346.75,356.25,28492033.0
2026-08-12,361.0,382.75,360.0,381.0,57068181.0
2026-08-13,379.5,395.75,378.25,395.75,40507326.0
2026-08-14,398.25,407.5,387.5,387.5,54376880.0
2026-08-17,387.5,394.0,380.5,389.0,33600898.0
2026-08-18,388.5,390.0,378.75,381.25,27561732.0
2026-08-19,380.5,405.0,379.0,403.0,41440825.0
2026-08-20,403.5,408.75,394.25,402.25,26923899.0
2026-08-21,403.0,408.0,400.0,403.25,31717255.0
2026-08-24,406.0,410.0,396.75,399.75,32277245.0
2026-08-25,399.75,412.75,396.5,403.75,38377691.0
2026-08-26,404.25,405.25,396.0,398.25,29752710.0
2026-08-27,400.0,408.0,393.5,403.75,31779482.0
2026-08-28,403.75,411.0,402.0,404.0,26903505.0
2026-08-31,404.25,406.75,385.25,386.25,33990305.0
2026-09-01,386.75,396.5,382.5,384.5,32059546.0
2026-09-02,385.5,391.75,380.75,380.75,23651001.0
2026-09-03,383.5,388.5,373.0,380.25,26909299.0
2026-09-04,380.5,393.75,379.75,388.25,33219537.0
2026-09-08,392.0,392.0,384.0,390.0,26814796.0
2026-09-09,392.0,406.25,391.0,402.25,49335597.0
2026-09-10,404.0,407.0,390.25,398.5,26436478.0
2026-09-11,398.5,400.75,391.5,393.75,24340606.0
2026-09-14,390.25,391.0,370.75,372.5,35221158.0
2026-09-15,375.5,379.5,368.25,377.0,26299817.0
2026-09-16,378.0,381.75,347.5,360.0,46419314.0
