Date,Open,High,Low,Close,Volume
2021-09-17,29.791110019750306,30.379521928556187,29.769318956672635,30.357730865478516,6035584.0
2021-09-20,29.878276693619274,30.117998279002524,29.46420669555664,29.46420669555664,2872836.0
2021-09-21,29.59496668906001,29.856482660430537,29.355241775512695,29.355241775512695,4204520.0
2021-09-22,29.44241834436423,29.682139951782926,29.289864300585847,29.660348892211914,2213666.0
2021-09-23,29.594965869498626,29.703931131665147,28.766829211961877,28.854000091552734,6768964.0
2021-09-24,28.636072823926348,28.636072823926348,28.004075561627463,28.287385940551758,7581160.0
2021-09-27,28.41813885264963,28.67965814038334,27.807934386208714,28.004072189331055,7068558.0
2021-09-28,27.829724969791382,27.960484603621314,27.41565833825596,27.459243774414062,5184624.0
2021-09-29,27.829727718975512,28.069452629559958,27.72076245513821,27.960487365722656,4144504.0
2021-09-30,28.11303841704514,28.134832800224007,27.459246825951066,27.85152244567871,8978858.0
2021-10-01,27.76434582736908,27.76434582736908,27.481035514391515,27.546415328979492,4650756.0
2021-10-04,27.502831532051335,27.56821135448493,27.15414302532071,27.175935745239258,4228250.0
2021-10-05,27.132350648455553,27.263108632298056,27.001592664613046,27.066970825195312,3884314.0
2021-10-06,27.023388332499234,27.306698713959598,26.65290706075397,26.674699783325195,7181808.0
2021-10-07,26.979796765314525,26.979796765314525,26.718279165766887,26.783658981323242,4572626.0
2021-10-08,26.8054533026151,27.372072308183583,26.587522787959692,26.958003997802734,10741030.0
2021-10-11,27.110562570976995,27.502836589681895,27.001597288668147,27.393871307373047,5918142.0
2021-10-12,27.328489379915062,27.41566192631791,27.08876612431576,27.154144287109375,4351692.0
2021-10-13,27.110557970628722,27.372073938722416,26.827247619628906,26.827247619628906,6176976.0
2021-10-14,26.870832863829175,26.936211019990726,26.28241948230805,26.34779930114746,13102578.0
2021-10-15,26.522144661867888,26.74007519043764,26.151663428370497,26.413179397583008,14351224.0
2021-10-18,26.456764221191406,26.71828016786975,26.391384403182897,26.456764221191406,13190398.0
2021-10-19,26.587522815841535,26.914418588167457,26.543937377935897,26.718280792236328,8147614.0
2021-10-20,26.892626178392998,26.892626178392998,26.50035058202084,26.54393768310547,7218220.0
2021-10-21,26.565732824647075,26.979801177978516,26.217044297565142,26.979801177978516,12539666.0
2021-10-22,26.936213752441276,27.328489379915062,26.870835589647665,27.154144287109375,10452782.0
2021-10-25,26.979796765314525,27.066967635819292,26.718279165766887,26.783658981323242,18009414.0
2021-10-26,26.892626390937583,27.219522169605355,26.870833671561982,27.088764190673828,21700026.0
2021-10-27,27.241318329179485,27.742559251507636,27.175938500118207,27.50283432006836,30146464.0
2021-10-28,27.50283084684401,27.524625228897523,27.088764190673828,27.088764190673828,9635900.0
2021-11-01,26.54393686104072,28.02586499846484,26.456764324249093,27.895105361938477,27633162.0
2021-11-02,28.004073424967856,28.200209574066466,27.4810398144562,27.916902542114258,15221974.0
2021-11-03,27.938692912574535,28.13483238220215,27.306695714049418,28.13483238220215,12504426.0
2021-11-04,28.330972260237445,28.919384095955717,28.265592428411775,28.745038986206055,10485654.0
2021-11-05,28.810419405531157,28.832213791702937,28.243801943985826,28.570697784423828,7940162.0
2021-11-08,28.766829741197757,29.28986167907715,28.570693595831976,29.28986167907715,10951180.0
2021-11-09,29.18089616699791,29.20269054978938,28.570693353107956,28.61427879333496,18637080.0
2021-11-10,28.63607071926113,29.377036527016397,28.63607071926113,28.94117546081543,18998702.0
2021-11-11,28.919379913923827,29.11551938103711,28.766829211961877,28.854000091552734,8679792.0
2021-11-12,28.87579177807143,29.246272969775568,28.87579177807143,29.115516662597656,9542782.0
2021-11-15,29.180896414905945,29.507792207419556,29.07193115073474,29.28986167907715,16861886.0
2021-11-16,29.420623004183113,29.725724431121073,28.723245938784817,28.919382095336914,15621632.0
2021-11-17,28.941852748452586,29.413728713989258,28.874440916602147,29.413728713989258,10370910.0
2021-11-18,29.43619944172658,30.26760286235434,29.076671970191725,30.087839126586914,18993412.0
2021-11-19,30.222666793994687,30.379958797887156,29.88561103049289,29.997962951660156,8570610.0
2021-11-22,30.020433127507037,30.60466102960584,30.020433127507037,30.37995719909668,13401762.0
2021-11-23,30.379959760249896,30.582195281982422,29.840671893047112,30.582195281982422,16342554.0
2021-11-24,30.76195487797478,31.233834321948066,30.694546467728788,31.009130477905273,15321164.0
2021-11-25,31.009129851747414,31.188893609093444,30.67207409248929,30.986658096313477,7240054.0
2021-11-26,30.986655779142048,31.188891276798916,30.761951956439905,31.054067611694336,10948258.0
2021-11-29,31.121478868114185,31.346182686656523,30.829363218267506,31.21135902404785,8548954.0
2021-11-30,31.211356872885446,31.570884329256955,30.964184746749478,31.188888549804688,16615884.0
2021-12-01,31.346187616650067,31.952887336391875,31.323715859778304,31.525951385498047,11710754.0
2021-12-02,31.52594121678657,31.72817324856754,31.323705756298,31.503469467163086,6823982.0
2021-12-03,31.570883356437992,31.77311540147297,31.346179560306762,31.413591384887695,9937946.0
2021-12-06,31.503465003303685,32.94157105774542,31.301233000177824,32.80674743652344,17253390.0
2021-12-07,34.716742641692754,35.12121023199785,33.95275097122302,34.851566314697266,31432172.0
2021-12-08,35.27849245671809,35.43578441250336,34.22238540649414,34.22238540649414,20050314.0
2021-12-09,34.26733596470154,34.581919972566205,33.52581259906793,33.63816452026367,25796200.0
2021-12-10,33.63815895732752,34.69426615617126,33.36851507679201,34.62685775756836,30517396.0
2021-12-13,34.784149543662664,35.593081180808156,34.424622085792706,35.16614532470703,21388596.0
2021-12-14,35.32344097833909,36.22225628785769,35.32344097833909,36.064964294433594,17364302.0
2021-12-15,36.76154315865507,37.795178584443725,36.51436760645132,37.480594635009766,17011784.0
2021-12-16,37.772710770322796,38.4692905045103,36.89636387874066,38.22211837768555,25341068.0
2021-12-17,38.87376026042457,39.72763544899633,34.40215568287633,34.716739654541016,29631576.0
2021-12-20,33.70556889353763,35.503199234526306,31.323707320244527,32.20005416870117,26887242.0
2021-12-21,33.70557277678107,33.99768842658814,28.98679258803172,29.391260147094727,41947066.0
2021-12-22,28.986793728579563,30.312544938480887,28.694678067278574,29.6384334564209,35098876.0
2021-12-23,30.110311686992645,30.290075427581996,27.45880594224718,28.762088775634766,30011914.0
2021-12-24,29.0766727439532,29.391260147094727,28.55985498998834,29.391260147094727,20232640.0
2021-12-27,29.481143331792293,29.8856109324087,28.604799721047172,28.717151641845703,21586506.0
2021-12-28,28.98679260063275,29.323848328547086,27.908213585565246,28.132917404174805,18237872.0
2021-12-29,28.155390144769086,28.96432186290324,27.90821456414826,28.627267837524414,16941398.0
2021-12-30,28.851969654391173,29.009265074290116,27.661040414801665,27.705982208251953,17465376.0
2021-12-31,27.84080454982855,28.043038337301983,27.548688888549805,27.548688888549805,13631008.0
2022-01-03,27.818331875465528,29.03173105668435,27.77339008564195,28.964319229125977,26399264.0
2022-01-04,29.211495137134147,30.424894332885742,29.211495137134147,30.424894332885742,36482818.0
2022-01-05,30.78442392569212,31.323711732469118,30.514780022303622,31.143951416015625,24701394.0
2022-01-06,30.784426012241997,31.278773773412215,30.604662254895967,30.986658096313477,15151610.0
2022-01-07,31.27877295252678,32.71687954484462,31.211361116702623,32.67193603515625,24950392.0
2022-01-10,32.739350507753294,33.166289883219,32.06523895263672,32.06523895263672,17355000.0
2022-01-11,32.35735243874291,32.40229252027725,31.36865693015358,31.863004684448242,17696172.0
2022-01-12,32.24499686129135,32.492172424742655,31.885469392399997,32.334877014160156,15690526.0
2022-01-13,32.17758413049558,32.28993603278691,31.638296370980374,31.660764694213867,13587138.0
2022-01-14,31.683236607453154,31.90794041317977,31.256300748055768,31.570884704589844,12085604.0
2022-01-17,31.683246253243556,32.44723805382398,31.683246253243556,32.2225341796875,12325088.0
2022-01-18,32.22252352256454,32.379818925404166,30.62712860107422,30.62712860107422,11169322.0
2022-01-19,30.6271281675466,31.728175399591308,30.22266064785603,31.593355178833008,21849622.0
2022-01-20,31.885468186415217,32.13264374051775,30.717009099774337,31.458532333374023,17052572.0
2022-01-21,31.52594944196991,31.593361279720654,30.80689783961517,31.3461856842041,12738890.0
2022-01-24,31.436062001780495,31.52594558401825,30.020430725793695,30.087839126586914,15808646.0
2022-01-25,30.514780742145494,30.761952897453956,29.750785664362517,30.649600982666016,14052546.0
2022-01-26,30.784421920776367,31.054065806603607,30.492306282501847,30.784421920776367,11240728.0
2022-01-27,30.132782183864094,32.312408447265625,30.132782183864094,32.312408447265625,18253618.0
2022-01-28,32.40229141784563,32.559583412218466,31.615828017273124,31.728179931640625,11660954.0
2022-01-31,31.997827238800863,32.110179165101016,31.593363047087255,31.61583137512207,8402014.0
2022-02-01,31.795598190311797,32.44723805382398,31.795598190311797,32.2225341796875,10790668.0
2022-02-02,32.3573491450861,32.40228922204599,31.570885797809698,31.70570945739746,7253834.0
2022-02-03,31.77311540147297,32.244994744831686,31.16641583766021,31.413591384887695,10217610.0
2022-02-04,31.593356591305884,31.683236742496437,30.80689326791058,30.85183334350586,10003908.0
2022-02-07,30.851840918443706,31.8180682101623,30.447373281362804,31.77312469482422,11048064.0
2022-02-08,31.750649428210473,32.26746888329164,31.188889896319658,31.975353240966797,13205684.0
2022-02-09,32.28993612967204,32.58205176224758,32.06523232441516,32.46969985961914,12268688.0
2022-02-10,32.5371116869378,32.716875416884896,32.222524302353385,32.46969985961914,10615672.0
2022-02-11,32.31241231320767,33.3685196570146,32.06523672204271,33.23369598388672,19315694.0
2022-02-14,32.85169751332547,33.59322079863565,31.97535399440954,32.91910934448242,25267600.0
2022-02-15,33.03145802890902,34.24485715644704,33.03145802890902,33.84039306640625,17295578.0
2022-02-16,34.154977009484156,34.1999170829656,33.63815759267803,33.84039306640625,11095254.0
2022-02-17,33.88533861278096,34.04263060972448,33.346047357778126,33.57075119018555,12405096.0
2022-02-18,33.7055772838026,34.042633056640625,33.41346159493459,34.042633056640625,8477916.0
2022-02-21,34.334742125026565,34.829089810793,34.087566567789366,34.62685775756836,13260238.0
2022-02-22,33.817927485915156,34.17745499678369,33.346048056488776,33.95275115966797,15052508.0
2022-02-23,34.1549817365048,34.44709739762446,33.86286607538514,33.885337829589844,12178294.0
2022-02-24,31.45853378588563,32.289937207342426,30.51477845805068,31.975353240966797,17299406.0
2022-02-25,32.26747543102098,33.30111112222101,32.08771165859657,32.8292350769043,14125736.0
2022-02-28,32.35734456569488,33.05392766046719,32.04276064278922,32.85169219970703,14274414.0
2022-03-01,33.03146299592884,33.72804624011544,32.85169924626375,33.00899124145508,14810298.0
2022-03-02,33.12134561286347,33.683105229287264,33.12134561286347,33.66063690185547,10126756.0
2022-03-03,34.154985248835416,34.53698110863987,34.154985248835416,34.24486541748047,12975336.0
2022-03-04,34.110042445188384,34.2223943613921,33.54828286416983,33.57075119018555,12422050.0
2022-03-07,33.18875483002262,34.19992205968368,33.14381475000157,33.907806396484375,16001050.0
2022-03-08,33.61568910206038,34.78414815026937,33.36851355608772,34.37968063354492,13068044.0
2022-03-09,34.514504425510886,35.23355588672823,34.514504425510886,34.73920822143555,12364310.0
2022-03-10,34.963918070746985,35.008858151970934,33.95275081402021,34.132511138916016,12568272.0
2022-03-11,33.99769297267061,34.469568997418676,33.72804904014192,34.042633056640625,13113486.0
2022-03-14,34.26733373632693,34.82909330577492,34.22239365651276,34.80662155151367,10970018.0
2022-03-15,34.492041024317345,34.761684958961155,34.24486541748047,34.24486541748047,9014592.0
2022-03-16,34.37968357685981,34.58191563818163,33.93027594840412,34.33474349975586,6979796.0
2022-03-17,34.492034768324935,35.32343817797618,34.37968286354212,35.21108627319336,12361578.0
2022-03-18,35.3234401757974,36.19978713989258,35.25602834337343,36.19978713989258,14124734.0
2022-03-21,36.17731132910245,36.671658996926254,35.795315559816224,36.55930709838867,12641784.0
2022-03-22,36.55931313378027,37.750244140625,36.51437305268787,37.750244140625,9209896.0
2022-03-23,37.68284077616268,37.90754466084905,37.098612733203616,37.79519271850586,9689064.0
2022-03-24,37.79517883039845,37.84011890508034,37.210951002118065,37.5030632019043,5804240.0
2022-03-25,37.12107271920624,38.06482813698018,37.05366088321344,37.750244140625,9040766.0
2022-03-28,37.75024679551662,38.01989072974286,37.255899011317055,37.32331085205078,5810292.0
2022-03-29,37.525540306454616,37.84012430280979,37.30083647228423,37.750244140625,6824456.0
2022-03-30,37.75024396319722,38.6490592956543,37.68283212752126,38.6490592956543,7304768.0
2022-03-31,38.55917401706243,38.55917401706243,37.81765078044432,38.042354583740234,9753804.0
2022-04-01,38.042359810788184,38.22212356386618,37.750244140625,37.750244140625,8762466.0
2022-04-04,37.75023798111382,37.88506163110094,36.626718993580674,36.739070892333984,17139416.0
2022-04-05,36.828956604003906,37.36824785672111,36.62672452717768,36.828956604003906,19069092.0
2022-04-06,36.78401741877308,36.87390101076789,36.04249407118106,36.31214141845703,11850490.0
2022-04-07,36.49190525514806,37.008724815528076,36.46943692651949,36.85143280029297,13102886.0
2022-04-08,36.963781877908076,37.45812964281317,36.941310122304365,37.43566131591797,12847462.0
2022-04-11,37.435655432623605,37.817651216893644,37.27836002553479,37.525535583496094,16078182.0
2022-04-12,37.525540306454616,38.244591890058174,37.23342463629143,37.750244140625,21844668.0
2022-04-13,37.81765695326672,38.6265887199459,37.59295311329331,38.334476470947266,16655102.0
2022-04-14,38.64905295814853,38.78387660739264,38.17717361450195,38.17717361450195,8055450.0
2022-04-15,38.17717480849302,38.28952671014098,37.79517902863155,38.042354583740234,4905422.0
2022-04-18,38.064823150634766,38.31199870732651,37.77271094744557,38.064823150634766,5153446.0
2022-04-19,38.24459142927267,39.05352659402306,38.10977118761985,38.44682693481445,19132534.0
2022-04-20,38.58164754248972,39.188347207454065,38.22212346596304,39.00858688354492,12267904.0
2022-04-21,39.345643009539096,40.491630514587506,39.1209391737992,40.311866760253906,15025150.0
2022-04-22,40.17704914273874,40.469164834040285,38.649062274068704,38.78388595581055,11194532.0
2022-04-25,38.469295625692304,39.32317087909432,37.50306845549288,39.00858688354492,9451688.0
2022-04-26,39.008577936749795,39.50292557153585,37.07612403956805,37.1660041809082,13532098.0
2022-04-27,37.21095003351451,38.17717361450195,37.00871455964833,38.17717361450195,9835110.0
2022-04-28,38.132243195156455,38.40188713320421,37.45813163568271,37.72777557373047,7362692.0
2022-04-29,37.84012786342387,38.109775232767866,37.39072015279552,37.54801559448242,9875268.0
2022-05-05,37.84012318398789,38.671530088802776,37.772714778696574,38.244590759277344,12940656.0
2022-05-06,38.04236248622365,38.04236248622365,36.94131156412923,37.32331085205078,14959882.0
2022-05-09,37.32331316449299,37.59295711542558,36.60425805706093,37.07613754272461,13397282.0
2022-05-10,37.39070900090712,37.63788453951538,37.255888785154376,37.570472717285156,2818212.0
2022-05-11,38.154712283631085,38.694000122011865,37.07613317816107,37.41318893432617,12359776.0
2022-05-12,37.07613136268314,37.435658856471264,36.46943171703544,36.96377944946289,11834806.0
2022-05-13,37.143549353062994,37.27836961404937,36.40202591715691,36.716609954833984,8341298.0
2022-05-16,36.7166073907546,36.85143107103451,36.02002751919802,36.76155090332031,6391606.0
2022-05-17,36.85142654262229,38.222121218434815,36.85142654262229,37.81765365600586,19865550.0
2022-05-18,37.52554437590808,37.75024823444646,36.53684876982276,36.85143280029297,19374580.0
2022-05-20,36.604256856227586,36.7840206271883,36.10990905761719,36.10990905761719,15649480.0
2022-05-23,36.33459731073971,36.64918463200287,35.008846498059114,36.087425231933594,17142650.0
2022-05-24,36.08743466922904,36.1323747472455,35.09873580932617,35.09873580932617,19099858.0
2022-05-25,35.09873540186853,36.28966631337414,35.09873540186853,35.795318603515625,11982518.0
2022-05-26,35.97507709485258,37.076124262061036,35.907665274089126,36.806480407714844,12971720.0
2022-05-27,36.8289510398535,36.98624644107442,36.357075122314285,36.739070892333984,10374572.0
2022-05-30,37.076127971717696,37.70529931394905,36.82895241375639,37.525535583496094,13879408.0
2022-05-31,37.52554527051521,37.66036896033594,37.05366578485154,37.07613754272461,16172348.0
2022-06-01,37.18848091247915,38.78387935029834,37.18848091247915,38.10976791381836,15326960.0
2022-06-02,38.64905539425937,39.99727825684981,37.93000388661941,39.54787063598633,11221438.0
2022-06-03,39.54787975105065,40.199519580010566,39.32317588882877,39.615291595458984,9255014.0
2022-06-06,39.997278561668026,40.19951062111458,39.615282766764494,39.75010299682617,6414808.0
2022-06-07,39.77257579161004,39.99727960964173,38.693996779316265,39.075992584228516,10769950.0
2022-06-08,39.12093313583794,39.57034073795574,37.66035842895508,37.66035842895508,10326274.0
2022-06-09,37.795179664609826,38.28952735443763,36.446956822147826,36.98624801635742,17136878.0
2022-06-10,36.85142807287672,37.25589565210119,36.17731658373874,36.62672424316406,10641312.0
2022-06-13,36.58178885578868,37.52554437590808,36.44696516918214,36.85143280029297,10185018.0
2022-06-14,37.09860120660077,38.19964852798291,37.09860120660077,37.59294891357422,12898842.0
2022-06-15,38.07343890104283,38.599695084187815,37.66158957549026,38.25648498535156,9314742.0
2022-06-16,38.37089168578886,38.37089168578886,36.88364779493415,37.36414337158203,18250072.0
2022-06-17,37.50142116535019,38.16496276855469,37.15821107479001,38.16496276855469,10487400.0
2022-06-20,38.370893560357324,38.62258239686201,37.31838454250626,37.86751937866211,8512678.0
2022-06-21,38.23361267458387,38.43953737111773,37.84463837241997,38.11920928955078,6599038.0
2022-06-22,38.00480438027801,38.897149351221564,37.93616165374833,38.66834259033203,10584414.0
2022-06-23,38.759867551424314,39.12595979987877,38.48530011074068,38.82851028442383,8426720.0
2022-06-24,39.034426634200415,39.05730521071232,38.46240985170225,38.62257385253906,7054314.0
2022-06-27,37.890403747558594,37.890403747558594,37.890403747558594,37.890403747558594,50056.0
2022-06-28,37.98192201188715,38.82850632232302,37.821757978774535,38.46241760253906,16993830.0
2022-06-29,38.30225224402043,38.4852983599203,37.11245772764266,37.15821838378906,9271078.0
2022-06-30,37.29550016226029,37.47854626009245,36.42603381604297,36.998050689697266,14600706.0
2022-07-01,37.02092862200423,37.936155517523176,36.9522859065776,37.79887008666992,6330528.0
2022-07-04,37.890401451549494,38.50817901505336,37.570069887696796,37.86751937866211,5463196.0
2022-07-05,37.981920410645444,38.14208443700586,36.677722636976426,36.998050689697266,7412196.0
2022-07-06,37.27261654589787,38.3480110168457,37.066691876443144,38.3480110168457,7803254.0
2022-07-07,38.439531762907784,38.98866653442383,37.95903621934594,38.98866653442383,6385836.0
2022-07-08,38.98866396778399,39.423398833653,38.7369786687884,39.0801887512207,2473954.0
2022-07-13,39.08019188651269,39.08019188651269,37.890397536889616,38.3480110168457,6604610.0
2022-07-14,38.14209253684598,39.011559067702876,36.83789448621796,37.524314880371094,10034022.0
2022-07-18,37.98191435787844,38.66833449687624,37.98191435787844,38.62257385253906,5833826.0
2022-07-19,38.53105052454092,39.0801887512207,38.279365225545334,39.0801887512207,5751412.0
2022-07-20,39.35476917617287,39.35476917617287,38.43954198602932,39.05731964111328,6187458.0
2022-07-21,39.125949925151524,39.125949925151524,38.32512638867181,38.64545440673828,7391354.0
2022-07-22,38.87426666772009,39.171716150465066,38.57682067628917,38.782745361328125,6996968.0
2022-07-25,38.897148906320766,39.812375939410664,38.897148906320766,39.46916580200195,9364866.0
2022-07-26,39.606450223301934,41.09369411338886,39.537807499342826,40.38439178466797,13705132.0
2022-07-27,40.65895862823942,41.59706769633876,39.949659800618335,41.34537887573242,10339078.0
2022-07-28,41.78011565494259,41.871636962159386,40.84200654505711,41.32250213623047,13183468.0
2022-07-29,41.41402494389579,42.42077332501177,40.9106507533378,42.14620590209961,9559654.0
2022-08-01,42.146201005926656,43.839372984596594,42.146201005926656,43.54192352294922,10322940.0
2022-08-02,43.5190438508714,43.74785060454718,42.649577488640624,42.763980865478516,7324962.0
2022-08-03,42.832623159538606,43.31311873395619,42.46653445212355,43.038551330566406,6600424.0
2022-08-04,43.610565185546875,44.36562461969302,43.47327974771282,43.610565185546875,6344616.0
2022-08-05,43.65632904727145,44.068181899770174,43.130072818596076,43.724971771240234,6043984.0
2022-08-08,43.88513660008932,45.39525909837731,43.862254527911034,45.14357376098633,8216198.0
2022-08-09,45.14357989324656,45.62407205243386,44.70884490200338,44.84613037109375,6142930.0
2022-08-10,45.30373930699617,47.31723953001438,45.16645385196446,47.134193420410156,11237028.0
2022-08-11,48.04942320333437,51.29847874072554,47.683330963354656,50.74934387207031,24948184.0
2022-08-12,50.74934890347418,51.20696250316048,49.330747442709566,49.83412170410156,13087478.0
2022-08-15,50.01715957370763,50.29172698986667,48.690079655739154,49.101932525634766,9919720.0
2022-08-16,49.28497305569457,50.79509901760852,47.591804484966545,50.61205291748047,16084880.0
2022-08-17,51.71032287475582,52.35098244049342,50.017154407240646,51.6645622253418,15657878.0
2022-08-18,50.337489832227476,50.6578179164523,47.59180856865143,48.96464920043945,27798388.0
2022-08-19,48.96464614632046,49.92563383036861,47.68332690671355,48.69007873535156,17106872.0
2022-08-22,48.69006980883961,50.79509089543269,48.1409315962631,50.5662841796875,14896998.0
2022-08-23,50.74934264401352,51.80185169868597,50.291729100769594,50.65781784057617,11548038.0
2022-08-24,50.93238707457935,51.48152191177934,49.513782344403445,50.84086227416992,14759806.0
2022-08-25,51.481520679863834,52.076419648690106,50.79510040413231,51.06966781616211,12012694.0
2022-08-26,51.25270939798807,51.93912961313969,50.52052853342242,51.6645622253418,12543580.0
2022-08-29,51.48151687509248,51.52727752516313,50.4290044668984,51.38999557495117,10511350.0
2022-08-31,51.38999560264903,51.38999560264903,50.06291580200195,50.06291580200195,13321646.0
2022-09-01,49.87987686171531,50.7951039600954,49.513784625837545,50.01716232299805,15396802.0
2022-09-02,50.200200641795476,52.122179478251596,49.651065826416016,49.651065826416016,23566334.0
2022-09-05,49.742588525667266,52.213702246743715,49.605306563632745,52.1221809387207,17307064.0
2022-09-06,52.99164247658852,53.54077725705847,51.16118855327028,51.710323333740234,17990954.0
2022-09-07,51.756091292912544,52.808603843989125,51.02391031844436,52.03065872192383,14061048.0
2022-09-08,52.39674938519796,55.14243057568868,52.39674938519796,54.91362380981445,18124764.0
2022-09-09,55.371231994911724,56.92711855088275,54.68481176356984,55.46275329589844,13601596.0
2022-09-12,55.73732372093431,56.377979805175315,55.188185445609975,55.4169921875,9421808.0
2022-09-13,56.74407407458082,57.01864147667891,53.266212168272524,53.58654022216797,12943172.0
2022-09-14,53.58653970097153,55.09666563479404,52.21369921251975,54.86785888671875,8669292.0
2022-09-15,54.91361960386619,55.55427919750741,53.54077911376953,53.54077911376953,8441220.0
2022-09-16,53.81535272297875,55.46276080291717,53.586545948228576,55.09667205810547,9726020.0
2022-09-19,55.14242394225168,55.5542767695437,52.945877857570096,52.991641998291016,6715824.0
2022-09-20,53.35773713449323,54.456010309588095,52.21370330445986,53.220455169677734,8673232.0
2022-09-21,54.04415618101643,54.63905515538342,52.900122377475384,53.128929138183594,10111146.0
2022-09-22,53.35773349985613,54.86785944915866,53.31197284803477,53.9068717956543,8528072.0
2022-09-23,53.90687213965213,56.423746410341394,53.81534734411141,54.959381103515625,14061544.0
2022-09-26,56.37798918219584,57.20169498652759,54.45601362717427,54.54753494262695,14671840.0
2022-09-27,54.91362649886335,56.42375262410783,54.82210518455765,55.828853607177734,11906206.0
2022-09-28,55.783092382356,57.47626111898158,54.95938659672964,55.09667205810547,13038386.0
2022-09-29,55.600038898153464,55.691560199402666,51.66456359210249,53.449256896972656,9600838.0
2022-09-30,53.44925853614218,53.49501918817016,51.75608648059541,52.94588088989258,9456752.0
2022-10-03,53.31197470568049,56.60679063002095,53.08316794728701,56.42374801635742,11997722.0
2022-10-04,56.97288161669701,56.97288161669701,55.60004109581275,56.65255355834961,10657572.0
2022-10-05,56.789833526415656,57.88810660291556,55.96613133752612,56.835594177246094,13109864.0
2022-10-06,57.29320931221357,58.89485657643551,56.88135995160767,58.62029266357422,14616624.0
2022-10-07,58.84909408931823,59.21517927333314,57.201682830741944,57.842342376708984,19861652.0
2022-10-10,58.29995901169223,58.29995901169223,56.51526571199795,57.110164642333984,8402546.0
2022-10-11,57.2016874184333,57.567779614436844,56.011893018392676,56.240699768066406,9743692.0
2022-10-12,56.28646096268731,56.97288121832983,54.730574351634786,54.959381103515625,12962404.0
2022-10-13,56.24069902075969,56.97287991172389,55.14242593865646,56.51526641845703,12646864.0
2022-10-14,57.61354671542774,58.62029862147735,57.064408359951315,58.162681579589844,13933136.0
2022-10-17,58.57453719429348,63.333715548278235,58.48301587645319,63.150672912597656,20587164.0
2022-10-18,63.425233566976914,64.4777390254636,62.189671537226744,62.92185592651367,14892980.0
2022-10-19,63.562520390750386,66.21668042274086,63.19643513058239,64.66079711914062,13983054.0
2022-10-20,64.7065367627487,65.89633448398246,63.69978860465767,64.15740203857422,11790376.0
2022-10-21,64.06589776697292,65.75906652571719,63.42524158235469,64.98112487792969,8851180.0
2022-10-24,65.11841368749057,66.49125442447507,64.38622916804721,65.25569915771484,8597136.0
2022-10-25,65.57601333761788,66.03362681941196,62.69304700578962,64.06588745117188,12993832.0
2022-10-26,64.38621410040295,64.38621410040295,62.326953476833815,62.601524353027344,12998336.0
2022-10-27,62.92186595775463,63.104908592943794,60.95412620764088,61.77783203125,14274480.0
2022-10-28,61.777828416989145,61.777828416989145,60.404987785500495,60.771080017089844,4896222.0
2022-10-31,60.99988144707089,61.50325211162467,60.45074663909045,61.32020950317383,15181990.0
2022-11-01,61.77781534593242,64.20316801159444,61.732051208180906,63.33369827270508,12823202.0
2022-11-02,63.837092544011796,64.93536231085722,63.01338672756329,64.43199157714844,9679578.0
2022-11-03,64.52349630026157,64.66078173146839,62.50999991798509,64.0201187133789,11640430.0
2022-11-04,64.47773784039546,66.12514919469855,63.74556044719342,65.85057830810547,11877766.0
2022-11-07,66.35395036651174,67.63526942528705,66.07937950297878,67.31494140625,10860846.0
2022-11-08,67.72680022676113,68.87083401437533,66.85733734122556,67.49799346923828,11926468.0
2022-11-09,63.516747841084076,63.92859715033947,61.77781534593242,63.33369827270508,34700856.0
2022-11-10,64.43199179206061,65.8505896637486,63.28795787168535,65.16416931152344,19138336.0
2022-11-11,65.80482132708738,65.85057848655842,61.64053577069754,62.18967056274414,24475628.0
2022-11-14,62.326964762683765,62.784578317450354,61.64054443053388,61.91511535644531,15709262.0
2022-11-15,62.326957814909306,62.60152871021349,60.725310551766704,61.32020950317383,21162278.0
2022-11-16,61.36597782609441,62.28120489593845,59.16943146194303,59.30671691894531,22481878.0
2022-11-17,59.581273144693576,59.581273144693576,56.789831640948364,57.659297943115234,13336212.0
2022-11-18,57.430503729764155,59.81009292602539,57.430503729764155,59.81009292602539,12769420.0
2022-11-21,60.313461368686035,60.816832034719106,57.338973585537005,58.66604995727539,21764098.0
2022-11-22,58.20843932087612,60.404985650133916,58.07115735736884,60.2677001953125,21092760.0
2022-11-23,60.633791336646446,60.90836224141083,59.03214401831993,59.4897575378418,18315300.0
2022-11-24,60.038894658904916,61.04564304379651,59.306717189269406,60.67955780029297,25331896.0
2022-11-25,60.86259489599861,61.1829229462941,60.31346009797381,60.542266845703125,17638236.0
2022-11-28,60.679557481385736,61.77782717138115,60.40498656757268,60.99988555908203,19106976.0
2022-11-29,61.777822220854745,62.281199861631364,60.542267172963214,61.274444580078125,19436858.0
2022-11-30,61.777825621424114,61.8693469295228,60.679555958983414,61.54901885986328,32907406.0
2022-12-01,61.960861290042565,62.18966802594764,59.71855807122384,59.947364807128906,28104914.0
2022-12-02,59.443991254532435,59.443991254532435,56.240700224421566,56.286460876464844,36853922.0
2022-12-05,55.82884237601111,57.33896819746146,53.86110309246231,55.18818283081055,41244694.0
2022-12-06,55.23394604193686,58.48300456666216,55.005139300269654,58.07115173339844,27979634.0
2022-12-07,58.025390911887364,58.025390911887364,54.135676315037394,54.73057174682617,29999096.0
2022-12-08,54.730575746953065,55.920370188803645,54.18144092496481,55.737327575683594,20883944.0
2022-12-09,56.01189347289122,56.515267627995186,55.37123387034346,56.286460876464844,17538118.0
2022-12-12,56.33221721676337,57.933864354883525,56.33221721676337,57.24744415283203,18712282.0
2022-12-13,57.43050347461817,61.4117401675679,57.43050347461817,60.81684112548828,40401280.0
2022-12-14,61.32595676313878,61.74250760678323,58.36379663589295,59.10433578491211,22856400.0
2022-12-15,59.706020429440514,60.63169516478067,58.54892701026531,59.47460174560547,15450054.0
2022-12-16,59.93744777780547,60.72427000411971,59.42832377483454,59.520896911621094,4690798.0
2022-12-19,61.04825809219782,61.4648160432133,60.215156314845196,60.67799377441406,19555004.0
2022-12-20,60.86311559750333,63.223589065383514,60.63169690701853,62.66817855834961,26311142.0
2022-12-21,63.084727991573395,64.79722465938987,62.205332848079465,64.2418212890625,31188774.0
2022-12-22,64.56582005711935,64.93609140539851,63.501292579193766,63.917850494384766,16833674.0
2022-12-23,64.38068614731222,64.42696565061544,62.52933651906271,63.3624382019043,13682960.0
2022-12-26,63.82527052610081,64.10297577315791,62.668177100592544,62.807029724121094,14553948.0
2022-12-27,63.131017635196784,64.19554505249069,62.89959893849542,63.45500946044922,15512864.0
2022-12-28,63.547578872660985,63.6864315104605,61.4185239259711,62.25163269042969,18547016.0
2022-12-29,62.34419460529026,63.917845958211856,62.06649641054273,63.177303314208984,10799550.0
2022-12-30,63.73270954002187,64.75095042309144,63.223592629656274,63.3624382019043,19365892.0
2023-01-02,63.825289849695274,64.88981753592434,63.77901033606615,64.4732666015625,13880730.0
2023-01-03,64.98235805850543,66.1394513790795,63.77898524251068,64.79722595214844,27983002.0
2023-01-04,65.028661709869,65.6303518071968,62.85332710784296,63.22359848022461,20367576.0
2023-01-05,63.64014955527882,63.68643612534555,60.539140043962135,60.86312484741211,13968738.0
2023-01-06,59.706026915373144,60.909407026974996,57.39183982563,59.89115905761719,20854578.0
2023-01-09,60.35399577680895,61.557375874478495,58.780351398938116,60.53913497924805,20519082.0
2023-01-10,60.44656665127617,61.60366013952925,59.3820392296157,60.168861389160156,14604386.0
2023-01-11,60.863121810212434,61.557377952534246,57.57697677612305,57.57697677612305,15435492.0
2023-01-12,59.474602124047664,59.89115293266618,56.09588790608945,58.317508697509766,21636928.0
2023-01-13,58.317513774280116,58.7803511851871,56.83643547184545,56.975284576416016,19071816.0
2023-01-16,57.299272620786454,59.33575439453125,57.16041998568149,59.33575439453125,13078106.0
2023-01-17,59.335757462047646,61.60366511977169,58.96548963457445,60.9556884765625,12292964.0
2023-01-18,61.418522968330855,62.57561649472118,60.631700782853116,62.205345153808594,16950432.0
2023-01-19,62.20534835219602,63.269875863677186,61.603665337407286,62.62190628051758,12482684.0
2023-01-20,62.76075892329143,63.269875863677186,61.97392963501919,62.62190628051758,11634672.0
2023-01-23,62.76075337034513,65.30635903406012,62.714466806069595,63.45500946044922,20583394.0
2023-01-24,63.408724767545884,64.01041480919464,62.34419731883474,63.3624382019043,18227930.0
2023-01-25,63.77900005439073,64.8435275690096,61.187107589435115,63.13102340698242,21059502.0
2023-01-26,62.9458840582683,63.964124887919745,61.55737190992414,61.97392272949219,14850234.0
2023-01-27,61.55737676156148,62.20534632358986,59.706027084522034,61.788795471191406,12228688.0
2023-01-30,62.06649238420104,62.06649238420104,59.33574774113354,59.38203430175781,14404546.0
2023-01-31,59.289478084371694,59.33575759034036,57.623260498046875,57.623260498046875,13440790.0
2023-02-01,57.85467316435709,58.132374889312196,55.123931884765625,55.123931884765625,15499612.0
2023-02-02,56.234745712465305,57.160420539007944,53.08744988975264,56.281028747558594,20164400.0
2023-02-03,57.85467868714821,58.872919619574276,56.83643775472214,58.78035354614258,22191590.0
2023-02-06,58.086089642595226,60.030005174342016,57.391833591090105,59.47460174560547,4812720.0
2023-02-07,59.24319254557292,59.47461126645406,55.07765556971232,55.54049301147461,11532878.0
2023-02-08,54.29083251953125,54.29083251953125,54.29083251953125,54.29083251953125,200.0
2023-02-15,59.70601992173628,61.09453201293945,58.31750783053311,61.09453201293945,10597092.0
2023-02-16,64.79723960439571,64.79723960439571,61.46481155149452,62.06650161743164,17793886.0
2023-02-17,61.97392963501919,63.917852509175574,60.86312261750592,62.62190628051758,12013854.0
2023-02-20,62.62190884660392,63.96413463629501,61.92765266662459,62.29792404174805,7004348.0
2023-02-21,62.29792552775232,63.501298697684014,62.066506795572465,62.15907287597656,7151964.0
2023-02-22,62.297911983583944,63.08473408946487,61.09453201293945,61.09453201293945,8195864.0
2023-02-23,61.32594766384067,62.02020367512944,60.95567637868586,61.8350715637207,7857624.0
2023-02-24,61.83507987316522,62.251630710979946,61.04825063810003,61.187103271484375,5662434.0
2023-02-27,61.557374063917855,62.66818099652694,60.122575302154395,62.57561492919922,12056620.0
2023-02-28,62.71446455645343,63.73270537294672,62.48304586805323,63.08473587036133,11504704.0
2023-03-01,63.54758310810296,64.75095623711363,63.26987781399489,64.42697143554688,10257296.0
2023-03-02,64.42696807694932,65.81548035042813,63.13102187590136,65.6303482055664,14472294.0
2023-03-03,65.445206533685,65.67662523721619,62.20534468424835,63.3624382019043,14179804.0
2023-03-06,63.64013263157436,65.07493117402107,63.0384426924084,64.79722595214844,14726298.0
2023-03-07,65.30636943623739,66.18575779883871,64.10298919677734,64.10298919677734,10876218.0
2023-03-08,64.05669480996326,64.5658187866211,62.992174415323404,64.5658187866211,7324730.0
2023-03-09,64.56581351337103,65.58405432118602,64.38068138916388,64.70466613769531,9028382.0
2023-03-10,64.88981169754693,66.13947145053585,64.33440814758956,65.53778839111328,15019094.0
2023-03-13,66.32460004446382,68.03709699164996,65.72291001914486,66.78743743896484,23494128.0
2023-03-14,66.9725707680808,67.57426080414702,63.778995513916016,63.778995513916016,21775456.0
2023-03-15,63.77900995594424,64.84353763582874,62.02022601470115,63.501304626464844,16881472.0
2023-03-16,63.82527147547567,67.20398574068436,63.593852786931755,67.11141967773438,18022250.0
2023-03-17,68.17595717920302,69.42561687040248,66.27832082647643,67.25028228759766,22054422.0
2023-03-20,67.0188432959289,68.96275856792658,66.13944817745929,66.46343994140625,16852412.0
2023-03-21,66.60229896280092,67.34284162693272,64.79723592969472,64.93608856201172,14235064.0
2023-03-22,65.16750099543015,66.13945520351213,64.19553972501059,65.02864837646484,11834068.0
2023-03-23,65.2600793976077,65.95433556141204,64.56582323380336,65.30636596679688,7943804.0
2023-03-24,65.86176691781287,66.50973648716754,65.30636342088907,65.6303482055664,11847892.0
2023-03-27,66.23203212700467,66.37087769160404,64.75094685612366,65.26007080078125,8237848.0
2023-03-28,65.26008418406245,67.89825638754603,64.79724670757973,66.09319305419922,17133072.0
2023-03-29,66.23204509396452,68.22224057446915,65.5840683955082,67.9908218383789,14482686.0
2023-03-30,68.1296601787314,68.87020280357089,67.06513280390134,68.03709411621094,9929388.0
2023-03-31,67.80566528475599,69.2867432505222,66.97255672203224,68.82390594482422,12211692.0
2023-04-03,68.68505334064746,70.11985181324596,66.41715336766201,68.82390594482422,16622350.0
2023-04-04,68.82392236545097,71.8323655702692,68.49993758663055,71.73979949951172,16105908.0
2023-04-05,71.97121324490735,73.03574064106168,70.90668584875301,70.95297241210938,9968560.0
2023-04-06,70.81412064914886,72.43405151367188,70.582701954217,72.43405151367188,11438640.0
2023-04-07,72.38777440147415,72.71176626655308,71.04554862054921,71.6009521484375,5772428.0
2023-04-10,71.73979626984227,74.0539832462888,71.73979626984227,73.91513061523438,8267708.0
2023-04-11,73.91513961062115,75.34993853556664,72.9431851996308,74.00770568847656,11067818.0
2023-04-12,74.14654525940779,75.67390999283158,74.05397919787801,74.60938262939453,8532524.0
2023-04-13,74.93338341900765,75.62763962262665,73.96142897134465,75.11852264404297,11647900.0
2023-04-14,75.25736935522521,77.201285159407,75.16479621884709,76.64588165283203,14069478.0
2023-04-17,76.22932836054427,76.22932836054427,74.56311773952129,75.02595520019531,10581850.0
2023-04-18,74.97966766357422,75.90534257300106,74.60939628733566,74.97966766357422,8590284.0
2023-04-19,74.9796699908513,75.90534492900996,74.51683252177197,75.11852264404297,6785068.0
2023-04-20,74.97964901126898,74.97964901126898,72.80431492773049,73.3597183227539,5137270.0
2023-04-24,73.35973800756993,73.91514155162628,71.97122561625946,72.20264434814453,8645922.0
2023-04-25,72.24891084970524,72.4803295173054,69.9810036698213,70.49012756347656,9056384.0
2023-04-26,69.88844732886763,71.83236299442146,68.36108249795453,71.09182739257812,10836150.0
2023-04-27,71.09182423946442,73.35972457163336,70.81411898712874,73.26715850830078,12293200.0
2023-04-28,73.12831293764616,73.73000300086667,71.04554453119421,72.29520416259766,12133946.0
2023-05-02,72.34149512881496,73.22088346229943,70.76784355529136,71.13811492919922,8234516.0
2023-05-03,71.23067051793976,72.66546923217264,67.85196326720596,72.38776397705078,9283220.0
2023-05-04,72.4340544522486,74.10027194829,70.86041008780603,72.1563491821289,8876308.0
2023-05-05,72.15634995807336,73.12831135160604,71.18439562687915,72.66547393798828,10575496.0
2023-05-08,73.12830431105955,75.76647590221883,72.52661431881745,75.07221984863281,9004306.0
2023-05-09,72.66547598939647,76.92357890242204,72.20263856271242,76.59959411621094,21537128.0
2023-05-10,76.59958868136552,76.87729394260785,72.94317609492443,73.40601348876953,13357382.0
2023-05-11,73.31344991542574,80.7188491821289,73.17460432904632,80.7188491821289,19535782.0
2023-05-12,82.24621308685848,88.03168118613578,80.90398731276173,82.06108093261719,20191742.0
2023-05-15,73.86885070800781,74.56310679713444,73.86885070800781,73.86885070800781,25759752.0
2023-05-16,66.50974214343086,72.48034966455808,66.50974214343086,70.30500793457031,56565292.0
2023-05-17,70.53641859474365,71.23067471107906,67.43540935424643,67.89824676513672,22367492.0
2023-05-18,68.91648064652242,69.28675195003876,65.49148697925612,65.58405303955078,15380076.0
2023-05-22,66.00061707203055,66.50973398239614,62.76075522259389,63.3624382019043,13337464.0
2023-05-23,63.36243868019892,64.1029813620241,62.02021301452151,62.205345153808594,12227852.0
2023-05-24,62.34419027888126,63.177298929985945,61.74250030517578,61.74250030517578,11588796.0
2023-05-25,61.881357808338294,62.57561389533313,61.3722409152783,61.557373046875,11050450.0
2023-05-26,61.78879527265698,62.57561747040288,61.18710521708474,62.25163269042969,22335234.0
2023-05-29,62.94590102984595,65.12123590296824,62.06651259039435,63.501304626464844,24758764.0
2023-05-30,64.38067987018248,65.86175801590899,64.38067987018248,65.07493591308594,23263688.0
2023-05-31,65.35263686462682,66.00061343622177,64.75094685612366,65.26007080078125,18955204.0
2023-06-01,65.6303402774832,67.29655056697797,65.39892159319189,66.55601501464844,14490464.0
2023-06-02,67.944542583067,69.1479157778402,66.9725810629115,67.52798461914062,17221944.0
2023-06-05,68.45364481765631,72.34148299824881,68.17594663054547,71.3232421875,21495858.0
2023-06-06,71.32324203354806,73.35972365064988,70.3049941626593,71.78607940673828,16094284.0
2023-06-07,72.75804441802293,75.11851819547441,72.75804441802293,74.37797546386719,21520122.0
2023-06-08,74.51682515594378,75.39621343533314,73.08202631868892,74.65567779541016,14654236.0
2023-06-09,75.02595106164074,76.32189023017054,73.91513697989389,75.72020721435547,14953738.0
2023-06-12,78.26579720988619,78.63606143291967,76.18302917480469,76.18302917480469,16234798.0
2023-06-13,76.3681754028689,77.94181982865922,75.1647952685549,76.59959411621094,16550628.0
2023-06-14,77.11494229336164,77.53658855592691,73.78859635987003,75.52204132080078,14874742.0
2023-06-15,75.56891069846249,78.80155181884766,75.00671317518629,78.80155181884766,9837116.0
2023-06-16,78.70784084418283,84.37668224066586,78.1924890267832,82.87747955322266,23809156.0
2023-06-19,82.92433398306056,84.142434403885,81.09719050055227,81.94048309326172,13818938.0
2023-06-20,80.58182994428887,81.4251295943816,77.16178573202411,77.77083587646484,13185666.0
2023-06-21,78.23933329940357,78.37988442968691,74.21023902449421,74.44448852539062,13863212.0
2023-06-22,75.10039795639385,78.19248734822925,73.60120244986203,77.91139221191406,18162088.0
2023-06-23,79.17633133842831,79.92593260112335,76.9743874587619,78.70783233642578,12923628.0
2023-06-26,79.03578466225855,81.09718467647936,78.47358725791754,80.58183288574219,10923778.0
2023-06-27,80.34758073913036,80.53497748486178,79.59797945874948,79.87908172607422,3139960.0
2023-07-03,80.67552650816856,83.81446838378906,80.48812976733917,83.81446838378906,11507432.0
2023-07-04,84.04873148273276,85.36053032696135,82.64323425292969,82.64323425292969,11560444.0
2023-07-05,84.42351226201797,84.79831286464575,81.33142337497421,84.61091613769531,18732310.0
2023-07-06,85.12626912058288,87.09396354285374,84.00187435035026,85.82901763916016,15992160.0
2023-07-07,85.92271759569914,87.00026677379222,84.1424270348028,84.89202117919922,13928926.0
2023-07-10,85.78216872533177,87.28136407751252,85.73531596640565,86.85971069335938,13138056.0
2023-07-11,88.64002138037772,88.87427091211694,86.25068044587464,87.00027465820312,11704498.0
2023-07-12,87.04712077491197,87.79671492998241,85.4542197915226,87.37506866455078,9897514.0
2023-07-13,87.60932408208433,88.07782314134681,85.73532784503439,86.20382690429688,13324988.0
2023-07-14,87.14083366656887,87.60933277230312,86.06328429363431,86.5786361694336,9246086.0
2023-07-17,87.60932608376213,91.59156817847858,87.28137816453118,91.169921875,16350058.0
2023-07-18,91.26361743534349,95.76120407862061,91.26361743534349,93.41870880126953,18135526.0
2023-07-19,93.37186657670105,94.44941587317028,90.84196729602611,93.65296173095703,10545824.0
2023-07-20,94.40254909568215,95.57379660307274,92.1537524517467,94.44940185546875,11486806.0
2023-07-21,95.10530090332031,95.19899927742041,93.13760645230751,95.10530090332031,7865496.0
2023-07-24,95.94860213417374,96.27655002324214,91.82580926790978,92.90335845947266,9587274.0
2023-07-25,93.18444970315664,93.69980147073672,89.67070714800401,90.98250579833984,9164538.0
2023-07-26,91.16990797606661,95.94859633146538,90.5140050888692,95.33954620361328,10030394.0
2023-07-27,95.57380676269531,95.76120352430735,94.07461122361435,95.57380676269531,8335236.0
2023-07-28,95.9954628669283,102.50760465542012,95.9486172460991,101.75800323486328,17372682.0
2023-07-31,101.75798991772335,103.6319860751353,101.14893973681886,101.24264526367188,9207618.0
2023-08-01,101.38320021175886,102.64815347368263,100.11825409856387,100.63360595703125,6678660.0
2023-08-02,100.25879758938846,104.56898745787821,100.07140082721736,103.16349029541016,11362690.0
2023-08-03,104.28788524905086,111.26851782354197,104.28788524905086,106.95832824707031,19805156.0
2023-08-04,106.95833006081999,110.51891840231548,105.69338410859491,108.12957763671875,10886750.0
2023-08-07,109.16028500362572,110.61263500265038,105.6933946913282,106.67723846435547,12638162.0
2023-08-08,107.66107506376545,108.92602097436742,105.74022624300598,108.31697082519531,11237182.0
2023-08-09,108.78546669495657,119.13929748535156,108.78546669495657,119.13929748535156,26447668.0
2023-08-10,119.13929300430821,129.02461727277256,119.13929300430821,124.94868469238281,30223826.0
2023-08-11,125.04238641833119,130.00847892317606,122.65303854079252,127.75968933105469,14464676.0
2023-08-14,129.39942949671092,130.24272197758387,124.1522349786321,127.66597747802734,14836596.0
2023-08-15,127.6659973758177,128.13449644875647,118.76451498998087,121.48180389404297,15694318.0
2023-08-16,121.48180169173429,122.79360765065576,116.84366381321524,119.93576049804688,19216184.0
2023-08-17,119.93575959158416,121.20071277500932,117.82751381751335,118.29601287841797,12340316.0
2023-08-18,118.38969818313576,118.38969818313576,109.25396750465858,110.0972671508789,26314586.0
2023-08-21,110.09728158800797,119.9357620703406,109.11343068028332,118.15546417236328,23547634.0
2023-08-22,119.46725792143924,120.1700064974477,114.220069983655,117.59326171875,18445600.0
2023-08-23,118.0617517541956,118.76450027654201,113.84526062011719,113.84526062011719,15028986.0
2023-08-24,114.78226039030723,117.54640176062352,112.48661804199219,112.48661804199219,19754004.0
2023-08-25,112.67402421825126,121.06015455421397,112.67402421825126,120.40425872802734,19068786.0
2023-08-28,122.27825582027435,124.62075114250183,119.5609598167448,119.93576049804688,16217080.0
2023-08-29,120.21683846684459,121.80973210409972,118.38968819604692,120.45108795166016,10376440.0
2023-08-31,120.54480514312125,120.7790546784149,118.15546417236328,118.15546417236328,12104702.0
2023-09-01,118.905052783339,122.27824429979468,118.43655376303327,121.43495178222656,10962112.0
2023-09-04,123.68375205258049,125.65145382694513,122.1377108709059,122.93415069580078,12934652.0
2023-09-05,123.21524600146975,123.77745056152344,121.7628961358776,123.77745056152344,8644036.0
2023-09-06,124.01170685530262,124.19910361974226,120.5916551400884,121.24755096435547,9650450.0
2023-09-07,123.2152623326787,128.8372514885424,123.2152623326787,127.90025329589844,20091740.0
2023-09-08,127.99392286488717,128.69667131188152,125.79197201199001,126.49472045898438,9242734.0
2023-09-11,127.71282062659867,128.88406803825595,126.21361822069588,126.49472045898438,9735058.0
2023-09-12,126.49474674584464,127.80653840052256,125.51089585610784,126.72899627685547,13326376.0
2023-09-13,127.15061615002169,129.07146476463035,126.354176488567,126.49472045898438,14070830.0
2023-09-14,126.54159352282794,128.32188415527344,123.9179960401798,128.32188415527344,15218568.0
2023-09-15,129.07146476463035,134.08440940550494,126.49472045898438,126.49472045898438,18864578.0
2023-09-18,126.49474499830559,127.15064081658328,125.04239506661152,125.55774688720703,11844270.0
2023-09-19,125.65146018937699,132.67894645729612,125.65146018937699,129.35260009765625,12678452.0
2023-09-20,129.3994197588759,130.19585942033058,126.49472045898438,126.49472045898438,7947906.0
2023-09-21,126.49474139093293,129.91477867992757,126.16678634241843,129.16519165039062,8595370.0
2023-09-22,130.2427296110147,130.43012636247468,127.10378040860152,128.08763122558594,6978740.0
2023-09-25,128.8372349932536,130.89862789365446,126.77584209285273,130.10218811035156,9040814.0
2023-09-26,130.28958076281376,132.86632538154183,128.1813351656726,129.02462768554688,9589474.0
2023-09-27,129.1183175205874,129.63366924120734,126.354176488567,126.49472045898438,9063858.0
2023-09-28,126.77582269727287,127.52542390022427,126.11992700623556,126.49472045898438,8128630.0
2023-09-29,127.61914460361699,130.19588950467093,126.77585199134579,128.6967010498047,11868048.0
2023-10-02,128.88406393149833,136.56744384765625,128.55610894770274,136.56744384765625,16552496.0
2023-10-03,137.2702367477551,137.92613263040298,131.36714520900853,133.28799438476562,13632952.0
2023-10-04,133.42852309054874,136.5674724296993,132.02302594718992,135.81787109375,31266082.0
2023-10-05,136.80170002515652,138.39459367280796,133.75645670267872,137.87924194335938,22518472.0
2023-10-06,137.69188732546453,146.92132562914892,136.8954474067826,145.23472595214844,20565774.0
2023-10-09,143.17332265719017,149.5449130469457,140.5028721644936,146.6402130126953,18718732.0
2023-10-10,147.57719779014587,152.87123122998455,146.17170066833495,149.91969299316406,18260804.0
2023-10-11,149.96654089256947,151.37203796879325,149.45118910512963,150.20079040527344,14195580.0
2023-10-12,150.85669107437133,154.79208015595069,146.68705247249017,149.91969299316406,16183906.0
2023-10-13,150.48189756087086,152.3558937232854,149.07640043905994,149.91969299316406,8695576.0
2023-10-16,150.52874662567774,152.16849338324485,148.79530863186676,149.77915954589844,10569508.0
2023-10-17,150.10710336820048,151.37205661157407,144.95361345401628,146.6402130126953,11730694.0
2023-10-18,146.59336567078185,146.59336567078185,139.61273193359375,139.61273193359375,13981964.0
2023-10-19,140.54972657225497,141.11193119752699,137.5513352648717,137.69187927246094,9960324.0
2023-10-20,137.270210181256,139.8938075015492,131.08601751895455,133.4285125732422,12375580.0
2023-10-23,134.2718483753885,139.23794182269765,133.61595247799858,136.05213928222656,10594704.0
2023-10-24,136.38006964288374,142.65795374628323,135.63046834006238,141.25245666503906,9262830.0
2023-10-25,141.25246450447,141.7678163223524,132.2572769662973,132.7726287841797,8988254.0
2023-10-26,134.22497391115328,136.23951404842907,129.91477705785115,130.10218811035156,22925822.0
2023-10-27,130.57067669709616,131.8356154155049,127.66597718527495,129.82107543945312,11320462.0
2023-10-30,129.77423066254892,131.78877076251595,128.93093813173846,130.61752319335938,7516584.0
2023-10-31,131.17973215439739,132.91318433399155,127.33803427946472,127.4317398071289,11722984.0
2023-11-01,127.9939569114306,130.0084972763697,125.88571100965163,129.25889587402344,10705096.0
2023-11-02,129.96162179727847,136.0989616538988,129.96162179727847,135.63046264648438,9907452.0
2023-11-03,135.63048470770562,135.7710287138084,131.41399295513446,133.99073791503906,9161646.0
2023-11-06,135.51336327778924,137.85585875363694,134.57636508745017,136.33323669433594,5785512.0
2023-11-07,136.56747614220728,139.7298448007318,135.630478021163,138.7928466796875,7521308.0
2023-11-08,142.1894432179885,146.2888093733671,140.08119776665094,143.59494018554688,14727358.0
2023-11-09,143.59493674483954,144.64905944525026,140.0811944101371,143.36068725585938,7770214.0
2023-11-10,143.24360182741856,143.59497615733045,136.9188638890043,137.62161254882812,7121260.0
2023-11-13,137.62157601369938,137.73870075924296,132.5852119553257,133.0537109375,6825808.0
2023-11-14,133.87360469804824,135.86472567780922,132.468107535864,134.459228515625,7160516.0
2023-11-15,135.74762299346267,137.38736994938026,134.57637516780724,135.98187255859375,5701722.0
2023-11-16,136.68459115099552,141.95520520566114,136.33321688068446,141.25245666503906,7358778.0
2023-11-17,141.25244207451811,144.6490596700082,140.19831937246948,144.41481018066406,7140766.0
2023-11-20,145.2347175391267,146.64021480563437,142.5408477783203,142.5408477783203,6401790.0
2023-11-21,144.29768925672138,148.04568118546737,142.30656854457504,146.75730895996094,9812656.0
2023-11-22,146.757329222844,146.8744539867888,144.53195870789264,145.00045776367188,5647388.0
2023-11-23,145.00045776367188,148.1628263901817,143.59496059633418,145.00045776367188,7493910.0
2023-11-24,145.00042972896148,150.27104308744555,144.5319307637629,148.27992248535156,7900278.0
2023-11-27,148.6312937981997,152.0279112293642,147.81142062515997,150.15391540527344,6566318.0
2023-11-28,150.15392509781114,150.97379832377422,146.5230579542603,147.69430541992188,5648912.0
2023-11-29,148.0457033988757,149.21695105234784,144.53196043845935,146.1717071533203,5025544.0
2023-11-30,146.05458575409727,148.39708111502907,144.18058946535186,144.29771423339844,8026226.0
2023-12-01,146.75733260983532,147.5772059763707,141.48671811067922,143.12646484375,5829028.0
2023-12-04,143.1264497213108,145.7031943153115,140.9010793901284,144.18057250976562,5777226.0
2023-12-05,144.18059453925622,145.11759271660313,141.95522386805732,144.6490936279297,3997030.0
2023-12-06,144.7662166802647,148.51420934512592,143.71209374327248,146.6402130126953,13588926.0
2023-12-07,146.9915527390918,151.55941772460938,145.93743005012618,151.55941772460938,10598078.0
2023-12-08,151.5594209494661,151.5594209494661,147.81142908672817,150.7395477294922,11623850.0
2023-12-11,150.73957134744396,153.19919139274026,147.1087036615304,148.16282653808594,10700526.0
2023-12-12,148.27995808919272,148.98270670572916,144.64909023708768,145.46896362304688,6566652.0
2023-12-13,145.23468623887624,145.70318522674359,140.7839458541365,141.4866943359375,7268442.0
2023-12-14,143.00931703121492,147.81143168992077,141.25244581461524,146.75730895996094,7739186.0
2023-12-15,146.7572979741089,152.4964101853869,146.28879901808622,150.15391540527344,9544548.0
2023-12-18,150.15394414745785,152.02794033026544,147.81144891894837,148.98269653320312,4696460.0
2023-12-19,148.98270140701783,149.0998261722749,143.00933837890625,143.00933837890625,8804522.0
2023-12-20,144.42879306642632,145.96652796393946,142.8910581689132,143.8373565673828,6357374.0
2023-12-21,143.36419830692324,147.38596624622636,142.53618726059614,146.32138061523438,5655378.0
2023-12-22,147.38596507921358,148.33226341038028,144.66535737710933,146.43966674804688,5767998.0
2023-12-25,146.79453776920357,147.149399665503,141.3533220259454,142.41790771484375,3846430.0
2023-12-26,142.89105932918596,144.90194344226225,139.69730220841774,143.7190704345703,6605702.0
2023-12-27,143.71904485365923,146.439652287103,141.47158653907528,144.78363037109375,5334808.0
2023-12-28,144.78365389195883,149.04199665348705,144.78365389195883,145.49337768554688,5462790.0
2023-12-29,145.4933786748948,148.56884846802265,141.70818508335282,142.29962158203125,6389998.0
2024-01-02,144.0739298975745,144.90194098893986,140.64359823334652,142.41790771484375,8118422.0
2024-01-03,142.53617416394889,142.65446144541275,137.09495921661141,138.27783203125,7608890.0
2024-01-04,138.39614754668938,144.07393821527148,137.80471101871206,143.1276397705078,7067966.0
2024-01-05,143.2458900842752,145.37506103515625,141.82644278368784,145.37506103515625,7221038.0
2024-01-08,146.55795573889273,151.28944744959145,146.55795573889273,150.93458557128906,7816886.0
2024-01-09,151.40771713615024,152.5905899262764,148.80539699787266,151.171142578125,8031230.0
2024-01-10,149.515141513342,151.76260012786219,147.50425748982397,150.57972717285156,8706352.0
2024-01-11,151.7625994133931,156.02094203138387,151.17116293867215,155.31121826171875,8633094.0
2024-01-12,155.3112174190692,159.80613460256092,153.77348259313783,158.50497436523438,14574282.0
2024-01-15,159.21471230353353,162.0536076194955,158.62327577937478,160.1610107421875,5648504.0
2024-01-16,160.27928377977057,160.6341456626778,157.32210142221024,158.50497436523438,4254068.0
2024-01-17,158.26840793755568,158.26840793755568,155.1929381271099,157.67697143554688,4973768.0
2024-01-18,158.5049801944347,159.6878531809603,157.08553261060393,157.91354370117188,4351112.0
2024-01-19,158.50497436523438,159.56956001395608,155.66607930197642,158.50497436523438,5306574.0
2024-01-22,158.5049566553229,164.18274614745386,156.37578559577378,163.4730224609375,5530974.0
2024-01-23,167.02164588146263,170.8068389892578,166.54849674298822,170.8068389892578,8536750.0
2024-01-24,170.80685339745497,175.65663247591456,169.1508312731029,174.0006103515625,6471734.0
2024-01-25,175.06519702500322,175.7749207967262,170.8068543946653,172.34458923339844,5090674.0
2024-01-26,172.3445767976399,176.01148268695138,171.27999121687205,175.1834716796875,5880242.0
2024-01-29,176.48462373466901,177.66749654790405,173.2908671389344,176.011474609375,5936458.0
2024-01-30,176.60292028478673,176.7212075723184,174.35546182168497,175.065185546875,4805428.0
2024-01-31,175.18346794508886,183.9367269781318,174.473744239707,180.2698211669922,8815212.0
2024-02-01,180.62466920250878,182.51726560541653,176.957763671875,176.957763671875,7769200.0
2024-02-02,178.37723787285725,178.96867433795293,173.17259698001527,174.2371826171875,6814322.0
2024-02-05,174.7103402780932,178.37724653985413,174.23719108302728,178.0223846435547,4756872.0
2024-02-06,178.8503852551963,180.03325817355076,176.48463941848735,179.0869598388672,6014742.0
2024-02-07,181.68925467914437,181.68925467914437,175.30174181933072,176.957763671875,5831008.0
2024-02-08,176.95778334534285,185.47446810527913,176.3663469036806,182.7538604736328,8303930.0
2024-02-09,183.93671682773893,187.9584842696316,181.80754582908986,187.60362243652344,6110450.0
2024-02-12,189.259646274268,191.15224273701068,183.8184314438828,185.82931518554688,5249252.0
2024-02-13,187.84021216944643,188.07678674396715,179.7966766357422,179.7966766357422,4293198.0
2024-02-14,181.21611944083466,182.63556685159838,177.904075482386,180.2698211669922,8128430.0
2024-02-15,181.4527158695381,190.44255055407845,180.38813018321096,188.90481567382812,10030452.0
2024-02-16,188.90479616291015,189.25965802170083,184.52816657115832,184.64645385742188,5920866.0
2024-02-19,185.35620938814603,187.72195551945612,183.46361248309796,184.5281982421875,6419652.0
2024-02-20,185.11959413511562,188.1950634306511,184.17329589033548,187.13047790527344,5725244.0
2024-02-21,187.95851854095554,191.62542481834362,186.89393284752032,190.3242645263672,8785652.0
2024-02-22,190.91565880705994,191.2705206264039,185.71101879001495,186.77560424804688,7001924.0
2024-02-23,187.24879806132256,187.60365996541856,184.8830520340159,186.89393615722656,4147300.0
2024-02-26,187.36708536268787,190.20598059545588,184.76476473265055,186.89393615722656,6322478.0
2024-02-27,187.3670863560268,187.48537365801923,181.21614665241984,182.16244506835938,7911232.0
2024-02-28,182.1624343080577,182.1624343080577,177.90409168786934,180.15155029296875,7571844.0
2024-02-29,181.80756811963613,186.7756343922612,179.79668415214505,183.70016479492188,10137432.0
2024-03-01,183.81843969390147,184.88302525197426,178.85037375622846,180.2698211669922,4498696.0
2024-03-04,180.50640220744359,183.93673357311584,174.7103250723422,176.48463439941406,8423926.0
2024-03-05,176.36633645334553,179.56009304908014,172.10799432569934,176.011474609375,9578766.0
2024-03-06,175.5383395469773,179.79668201577192,173.1725937309803,176.12977600097656,7660022.0
2024-03-07,176.1297926667449,182.5173069743367,176.1297926667449,182.16244506835938,8920860.0
2024-03-08,183.46358905335651,185.5927602996237,182.87215259606006,183.81845092773438,8226712.0
2024-03-11,188.78652210198987,189.14138398564023,184.52817949818558,184.88304138183594,6719874.0
2024-03-12,185.23789672851564,188.66822814941406,183.81844924400593,188.66822814941406,7341788.0
2024-03-13,188.31336302525787,188.31336302525787,182.5172858969679,182.7538604736328,6816678.0
2024-03-14,183.58187403347927,184.52817235323946,181.33441552404878,184.05502319335938,5101802.0
2024-03-15,184.05502609595598,184.8830371388041,179.0869598388672,179.0869598388672,7698228.0
2024-03-18,179.32351799388923,181.21611448986695,178.25893246490176,179.20523071289062,4614914.0
2024-03-19,178.3772147944797,184.40986595795349,176.83948018418246,182.87213134765625,5435220.0
2024-03-20,182.87214985766443,183.34529901641648,180.2698294845282,180.97955322265625,5387032.0
2024-03-21,183.58188199996948,184.05503118038177,178.85039019584656,181.6892852783203,8561268.0
2024-03-22,182.28070768492745,185.7110389781545,175.3017578125,175.3017578125,10495658.0
2024-03-25,175.89318441541008,176.957769929693,168.4410858154297,168.4410858154297,11798780.0
2024-03-26,168.67765810307316,169.86053088079456,162.1718578256054,163.9461669921875,9578674.0
2024-03-27,164.89248194442115,167.96795147853518,161.93529970008075,165.36563110351562,7846618.0
2024-03-28,166.5485252933855,166.9033872080731,163.7096299758846,166.31195068359375,8971890.0
2024-03-29,168.4410932968858,171.3982754123508,167.25822045069984,170.8068389892578,6973820.0
2024-04-01,172.69942858465788,174.47373778244545,167.02163915173762,171.5165557861328,6617748.0
2024-04-02,172.22629961794252,174.59204549181536,169.74226645037604,172.58116149902344,6824202.0
2024-04-03,171.5165635338524,176.72120408246587,170.21540339669906,175.4200439453125,8580840.0
2024-04-04,175.420047007109,180.97954950834574,174.8286105708072,179.7966766357422,8552350.0
2024-04-05,180.506406600387,192.3351357354058,178.613809938784,191.6254119873047,12070274.0
2024-04-08,191.15227562126128,192.92658511032002,189.14139153366136,190.3242645263672,6399782.0
2024-04-09,190.3242645263672,190.3242645263672,190.3242645263672,190.3242645263672,0.0
2024-04-15,188.31334804289665,192.68997736298908,185.82931518554688,185.82931518554688,8098318.0
2024-04-16,184.52818890007174,186.89393491161113,182.39901748968632,185.4744873046875,5956024.0
2024-04-17,185.9476411623927,187.8402380190074,181.216149020856,183.46360778808594,7817808.0
2024-04-18,183.22701933009537,183.46359391928854,174.0006103515625,174.0006103515625,8451312.0
2024-04-19,174.00062331023798,179.32355196350835,172.22631375914787,175.77493286132812,9698326.0
2024-04-22,180.38811348580026,180.38811348580026,173.88231267155828,175.065185546875,5538410.0
2024-04-24,177.66753086836442,178.02239278088445,173.17261330977732,174.11891174316406,4732546.0
2024-04-25,173.64572559052232,178.61379130905223,173.52743831150968,176.3663330078125,7541090.0
2024-04-26,176.95776746189765,184.52815323566867,176.95776746189765,182.87213134765625,7500142.0
2024-04-29,184.29161891285486,184.40990621639327,180.26985059254866,183.46360778808594,7524116.0
2024-04-30,183.4635960187099,186.89392760126475,181.45271198755702,183.10873413085938,9812712.0
2024-05-02,184.0550162206124,191.03396606445312,183.9367289351236,191.03396606445312,8532358.0
2024-05-03,191.03397965931194,197.42149353027344,189.85110672024499,197.42149353027344,8313682.0
2024-05-06,197.42150761952658,199.5506790617983,194.5826123631643,197.539794921875,5628890.0
2024-05-07,197.53977272561738,201.08839139733507,195.17402694447227,198.24949645996094,7144344.0
2024-05-08,199.0775028501238,200.85181214468818,195.64717154729934,198.72264099121094,6404728.0
2024-05-09,198.72264835133274,201.08839416503906,198.13121189790613,201.08839416503906,5644446.0
2024-05-10,200.85183599066778,202.50785819553784,199.43238838649344,200.97012329101562,11621618.0
2024-05-13,201.7981285489221,205.58332205042592,200.37868098585818,201.56155395507812,7012184.0
2024-05-14,202.27127661106027,218.3583489029341,202.1529893147965,215.6377410888672,15253148.0
2024-05-15,214.3365496400194,222.49837189452344,213.86340052381627,222.0252227783203,9546292.0
2024-05-16,221.90696234925267,221.90696234925267,216.34745956118502,220.84237670898438,6310784.0
2024-05-17,220.8423754707262,230.8967953502183,220.01436442182685,230.30535888671875,6960668.0
2024-05-20,230.30534132619343,230.5419158935547,225.45556269528745,230.5419158935547,4211224.0
2024-05-21,231.2516395956385,235.5099818081413,227.11158466681633,230.5419158935547,7553170.0
2024-05-22,231.4882400040774,232.55282567604303,227.34818461310005,229.47735595703125,5727742.0
2024-05-23,229.477343013043,233.7356854607077,227.11159720878481,229.2407684326172,8011690.0
2024-05-24,228.057898014497,228.41275988900088,220.842373232918,221.19723510742188,5199742.0
2024-05-27,221.19720690905174,228.05786894152502,218.003450445659,225.69212341308594,5188626.0
2024-05-28,225.6921623321042,230.42365420489466,223.68127828616826,227.9396209716797,6346202.0
2024-05-29,227.93958166510305,229.12245442932257,223.3263778846469,225.69212341308594,4394258.0
2024-05-30,225.57387711864953,225.69216441656178,221.1972470958965,224.62757873535156,3880878.0
2024-05-31,225.69214010238647,235.15512291590372,225.10070367654163,227.11158752441406,10501436.0
2024-06-03,228.88589591192851,235.98313299446895,227.93959763425647,235.03683471679688,7694620.0
2024-06-04,235.03687222023322,235.15515952381662,224.74587680847665,232.78941345214844,12280668.0
2024-06-05,232.78937348865327,242.72550528390067,231.48821337260895,238.4671630859375,8044370.0
2024-06-06,238.94034386633874,242.25238823676324,235.62829949591423,236.81117248535156,3616290.0
2024-06-07,235.1551370823637,239.17690502039204,232.90767852875962,233.49911499023438,4423802.0
2024-06-10,233.49908833444854,234.9185356799467,228.64930990399645,229.95046997070312,3590458.0
2024-06-11,230.54193984541516,240.59636000286014,230.54193984541516,235.8648681640625,5754232.0
2024-06-12,236.57459270746705,236.57459270746705,231.1333770751953,231.1333770751953,5961352.0
2024-06-13,243.4352195072537,254.08107458774583,242.72549583522087,248.87643432617188,12210268.0
2024-06-14,249.1130653919406,261.88809438639913,249.1130653919406,261.6515197753906,10790406.0
2024-06-20,263.30752606345857,271.3510623493144,263.30752606345857,269.4584655761719,6498718.0
2024-06-21,271.1144668100603,275.8459583774261,266.85612439943105,271.5876159667969,7558602.0
2024-06-24,273.0070963033494,276.08256619238193,263.07096281570585,265.20013427734375,5979814.0
2024-06-25,265.2000882736327,271.3510269847071,260.7051715232321,269.93157958984375,9342752.0
2024-06-26,269.69499439720175,270.64129262315686,262.59775770253856,264.7269287109375,6444192.0
2024-06-27,264.4903541544487,268.03897250178034,262.8343322590273,264.7269287109375,9180028.0
2024-06-28,265.9098070617116,266.38295618459716,257.1565482883278,257.86627197265625,13200208.0
2024-07-01,259.2857388382784,263.3075066852225,258.3394405213504,262.1246337890625,7577434.0
2024-07-02,262.12469245766175,266.14646120475584,259.5223715036597,262.36126708984375,9190236.0
2024-07-03,262.5978324196555,262.834407043457,253.60799671519885,260.2320861816406,7166726.0
2024-07-04,260.70516439100453,261.41488806902,257.15654600092734,258.10284423828125,6571646.0
2024-07-05,258.81259196625166,261.8880615234375,256.44684615303186,261.8880615234375,5286260.0
2024-07-08,262.5977925818844,267.09270975220494,262.5977925818844,264.2538146972656,7245558.0
2024-07-09,264.9635287398466,266.85612537370264,261.8880592098305,262.1246337890625,7055336.0
2024-07-10,263.54410217172756,265.9098481517251,256.9200134277344,256.9200134277344,9294008.0
2024-07-11,259.52233027408,269.9316124363949,258.1028827064916,269.6950378417969,10452184.0
2024-07-12,269.9315733913728,273.7167663574219,268.27555146872635,273.7167663574219,6026574.0
2024-07-16,273.7167647676932,281.05057609681893,273.24361564968507,277.02880859375,8257088.0
2024-07-17,277.74099029950645,283.91301230616216,276.3166775287398,282.9634704589844,7434962.0
2024-07-18,283.4382679423348,294.12061472408107,283.4382679423348,289.61029052734375,10118480.0
2024-07-19,290.3224522068405,295.30754746141423,287.7112118353972,291.74676513671875,5807260.0
2024-07-22,292.45888203823114,295.30750751262946,287.9485583704337,292.22149658203125,4246102.0
2024-07-23,292.6962872761052,294.59537105405235,288.66073424796747,291.984130859375,5159756.0
2024-07-24,293.8832359344507,299.58048768116055,293.64585044500444,296.4944763183594,8157992.0
2024-07-25,297.9187548141106,297.9187548141106,289.13549271998943,291.0345764160156,6068566.0
2024-07-26,291.27192051478795,293.40838936941964,289.8476079450335,290.7971496582031,3385040.0
2024-07-29,291.0345486496048,293.4084030431579,282.7260582721691,284.38775634765625,5972022.0
2024-07-30,285.0999328960354,293.4084238630306,283.43823470263635,292.22149658203125,7349812.0
2024-07-31,292.22146857709146,297.6813335464441,289.8476142425903,296.96917724609375,9030014.0
2024-08-01,297.6813160017425,299.5803993574155,290.55975341796875,290.55975341796875,8032492.0
2024-08-02,290.55975279516105,291.0345236330616,278.2157110097457,279.1652526855469,5468814.0
2024-08-05,261.12400208888033,275.1297440191021,261.12400208888033,264.6847839355469,8739200.0
2024-08-06,269.1951168094061,272.04374238410884,264.4474075182349,268.2455749511719,6840950.0
2024-08-07,269.4324419575353,273.4679939516129,263.9725774949597,264.922119140625,5345774.0
2024-08-08,264.9222168192527,265.3969878171366,258.9875793457031,258.9875793457031,5674596.0
2024-08-09,261.3613562098217,274.4175547489136,261.3613562098217,268.0081481933594,8373222.0
2024-08-12,271.56894769965277,278.69051101345485,266.1090824924045,267.0586242675781,6770856.0
2024-08-13,268.008216182565,271.33161301742405,263.0231209302764,270.8568420410156,4162712.0
2024-08-14,271.8063605671198,273.46805884132925,265.63433840577034,269.6698913574219,5879440.0
2024-08-15,270.61942787437175,272.5185115787533,264.4474058351317,271.5689697265625,4998780.0
2024-08-16,272.043699744794,276.3166374371206,263.97259521484375,263.97259521484375,5549378.0
2024-08-19,266.82129214884617,274.65501335962193,263.4978952715474,272.2811584472656,4358414.0
2024-08-20,271.5690298928909,273.23072850237537,266.3465485487968,266.8213195800781,3708904.0
2024-08-21,266.8212203430615,269.66984547127925,263.97259521484375,263.97259521484375,3186828.0
2024-08-22,266.8213195800781,268.9577892208439,263.26053684546855,266.8213195800781,4224140.0
2024-08-23,266.5838949741461,267.7708223783053,259.2249450683594,259.2249450683594,5265168.0
2024-08-26,260.17449990768364,262.0735838486156,254.95201907012063,256.1389465332031,5573854.0
2024-08-27,254.95196621340537,264.922154836276,252.10334089258518,263.0230712890625,6692650.0
2024-08-28,263.49786195005504,268.7203420968129,262.3109346439737,262.78570556640625,4134890.0
2024-08-29,263.49784511990015,264.21000145806204,256.37628173828125,256.37628173828125,8607348.0
2024-09-02,258.27536284722225,267.53339515516495,258.03797740342884,267.0586242675781,6258050.0
2024-09-03,267.0586332081687,268.24556046687167,262.3109241733568,266.5838623046875,4820950.0
2024-09-04,265.15955484843573,268.2455657822134,262.07354391465805,264.6847839355469,7577618.0
2024-09-05,265.15958388515804,265.87174033247715,258.2754048944064,259.9371032714844,6831566.0
2024-09-06,260.1744887539241,264.21004195539916,259.2249468241652,259.9371032714844,4192804.0
2024-09-09,258.2753354318596,265.15951257112795,258.2753354318596,260.41180419921875,6106898.0
2024-09-10,261.3613505499704,268.00814238956997,260.88657970428466,265.8716735839844,7034364.0
2024-09-11,265.6343116048177,271.3315622558594,264.6847698296441,267.0586242675781,7996190.0
2024-09-12,268.2455657822134,269.9072639773245,255.66413659065827,264.6847839355469,7297434.0
2024-09-13,264.9221414036688,269.66985003097466,260.64920363909346,269.4324645996094,4860818.0
2024-09-16,269.43250588967766,272.28113150260816,267.533422147724,269.6698913574219,4712302.0
2024-09-17,271.0941699423052,289.37284865119966,271.0941699423052,283.67559814453125,11008198.0
2024-09-18,284.1503910712359,293.1710384068307,283.91300561503607,292.22149658203125,7708216.0
2024-09-19,294.12060379140974,295.7823021179149,287.9485814358192,289.3728942871094,7849022.0
2024-09-20,289.6102514434279,291.7467205114532,270.6194152832031,270.6194152832031,9558328.0
2024-09-23,273.2306734264406,277.7409973144531,268.9577350062183,277.7409973144531,7560516.0
2024-09-24,277.50360641019495,281.77654474670777,274.4175953893801,275.6045227050781,6331430.0
2024-09-25,275.36713327072647,276.0792896498749,264.2100166640677,266.1091003417969,9428844.0
2024-09-26,268.00821462647167,268.9577565737753,255.66416931152344,255.66416931152344,9999248.0
2024-09-27,254.7145931136656,254.95197856857115,236.4359130859375,236.4359130859375,20728460.0
2024-09-30,236.1985203817449,240.47145843890212,233.11250956268697,235.6050567626953,15438446.0
2024-10-01,236.5546294313922,237.86024956372802,225.51620467618923,229.5517578125,10877332.0
2024-10-02,230.7485865646166,232.9028783478962,222.84951669259132,223.08888244628906,15196998.0
2024-10-03,224.5250514484825,231.3469746534737,224.1660028587461,228.59426879882812,16827248.0
2024-10-04,230.98791832239863,234.81776981789952,228.35489541924176,230.2698211669922,10517204.0
2024-10-07,231.22732633023648,231.22732633023648,220.57554991026183,221.413330078125,12698550.0
2024-10-08,225.72191181991562,235.29654222585054,224.28571725902538,231.46669006347656,14973312.0
2024-10-09,232.06507055538216,235.53587357039302,225.12346452536042,232.18475341796875,10235730.0
2024-10-10,229.91078683979487,231.70602983958503,222.25108337402344,222.25108337402344,8638142.0
2024-10-11,222.6101509388936,229.43207491927905,221.4133221704049,223.08888244628906,11198284.0
2024-10-14,223.20853747089345,226.08092615684595,219.8574173372822,224.16600036621094,11427956.0
2024-10-15,225.00378150471005,229.43204741730275,222.37075852965492,223.9266357421875,13600228.0
2024-10-16,226.20060839895473,226.3202912605415,221.53297679707154,225.96124267578125,10567842.0
2024-10-17,225.96122356376262,228.23519774157592,224.0462979403409,225.12344360351562,11389990.0
2024-10-18,225.36285306057547,227.63682767988027,220.33617232316485,220.69522094726562,9409688.0
2024-10-21,220.8148682872967,221.77233113081886,213.39453125,213.39453125,10398686.0
2024-10-22,214.35201484605622,221.17393826661748,213.87328337794665,220.45584106445312,9706214.0
2024-10-23,220.45583031739903,220.69519603978492,215.07010156371663,216.14724731445312,7735148.0
2024-10-24,217.82282992743043,229.43206866532094,217.82282992743043,227.63682556152344,17862026.0
2024-10-25,227.63680322316998,229.19268042711383,222.84948874949657,227.51712036132812,9145142.0
2024-10-28,228.1155555922792,228.35492133791644,225.6022152630883,226.3203125,2494602.0
2024-10-30,226.7990213846989,233.86031017715126,223.80694986247332,232.90284729003906,15506222.0
2024-10-31,231.70601674495913,233.8603082229598,223.32821655273438,223.32821655273438,10984964.0
2024-11-01,224.1660152476321,227.27776986399004,222.25108932987337,222.61013793945312,8321060.0
2024-11-04,221.77237872149493,222.6101588893581,216.74569771431587,221.413330078125,10742174.0
2024-11-05,222.49045092541238,224.2856939398724,217.34408761729364,220.2164764404297,6706346.0
2024-11-06,220.93456315558572,236.37365234684822,220.45583170779466,235.77523803710938,19842706.0
2024-11-07,236.1343037751291,237.21144961090008,231.94540330268637,233.7406463623047,8310092.0
2024-11-08,233.62097452428443,237.8098751945457,232.54382863764584,236.25399780273438,9746636.0
2024-11-11,237.33111857396764,238.64763007387367,232.18475543797138,235.05714416503906,9439942.0
2024-11-12,232.30445232512844,232.42413519598117,225.00379720311255,225.48252868652344,13158130.0
2024-11-13,225.3628294652492,228.83363246816594,224.7644151544015,225.7218780517578,12555860.0
2024-11-14,227.87616894685365,229.07299756527198,225.24314598633327,227.51712036132812,7496302.0
2024-11-15,228.59429478133697,228.95334341188357,223.08888244628906,223.08888244628906,11719238.0
2024-11-18,223.80695527633162,225.12346677795708,218.8999578611821,220.09678649902344,9684236.0
2024-11-19,221.05426212164872,222.13140795765028,217.94250748431097,219.0196533203125,10333664.0
2024-11-20,219.97710013174796,221.0542458886499,212.31739697155652,212.5567626953125,7687128.0
2024-11-21,214.2323187841128,219.6180474686296,213.0354901875535,218.4212188720703,9059810.0
2024-11-22,219.01963730387936,224.8840975376991,217.34407723707372,224.16600036621094,11898968.0
2024-11-25,225.24315450681297,231.70602929074914,225.0037887740746,228.9533233642578,12244986.0
2024-11-26,228.1155522114739,229.55174666401203,226.43999201684608,227.0384063720703,5402856.0
2024-11-27,228.35490903241185,230.50920062705725,227.51712896782755,228.9533233642578,7778034.0
2024-11-28,229.55174332292972,233.50127800992485,229.07301184571818,232.6634979248047,9169602.0
2024-11-29,232.06504961958404,232.78314673032025,226.08090703011567,226.6793212890625,11739470.0
2024-12-02,225.24316470448085,234.33906296034723,224.0463359866037,233.2619171142578,8626392.0
2024-12-03,233.86032160724778,241.52002507851893,233.74063874050916,240.3231964111328,10506228.0
2024-12-04,240.32320163798357,245.82861362769833,239.12637294456732,242.4774932861328,8637928.0
2024-12-05,243.4349614421449,245.82861888012076,241.04130400416904,244.6317901611328,5328004.0
2024-12-06,246.30734141822,248.9403645043234,243.67431833211657,246.5467071533203,8463570.0
2024-12-09,248.940355424192,251.812744140625,246.30733243412843,251.812744140625,6752712.0
2024-12-10,251.5733784142556,253.96703567794972,249.89781832966966,251.812744140625,7720850.0
2024-12-11,255.1638683333273,264.02040034864916,254.68513687303962,257.5575256347656,10055984.0
2024-12-12,258.9937552836404,261.38741291103076,255.88200036803286,256.60009765625,6542430.0
2024-12-13,256.36070169257755,256.36070169257755,250.85528979815246,253.2489471435547,7013192.0
2024-12-16,253.24892084965697,253.48828655934474,244.39238959120962,245.58921813964844,7524086.0
2024-12-17,246.3073639828306,250.13721609529443,242.71687762739575,248.2222900390625,9267282.0
2024-12-18,248.46350916273732,249.18718928651228,244.36265512801253,244.6038818359375,6141518.0
2024-12-19,243.63896480119558,245.32755168595637,241.70915121861188,242.1916046142578,4475796.0
2024-12-20,242.19160425187118,243.63896443664333,238.69381713867188,238.69381713867188,5470144.0
2024-12-23,239.05565327879367,240.6236267866768,234.59295944866483,236.88461303710938,5523354.0
2024-12-24,237.3670609964434,238.69380778046823,233.9898873643802,235.79908752441406,4258416.0
2024-12-25,242.67406414352985,248.9459584454501,242.67406414352985,246.53369140625,6430896.0
2024-12-26,247.73981788075568,253.28803191313872,247.49859118369554,249.91085815429688,5888194.0
2024-12-27,249.91085417882692,253.529254577169,249.1871740991585,251.84066772460938,5768744.0
2024-12-30,252.80557250976562,258.5950131015923,249.18717213987395,252.80557250976562,7624784.0
2024-12-31,252.80556809236782,261.0072754541431,249.91084784703537,254.9766082763672,10475360.0
2025-01-02,255.70031634831832,261.9722109002582,253.77050264002912,256.1827697753906,9978764.0
2025-01-03,256.6652232024629,259.3187170513606,253.28804921295682,256.1827697753906,7841504.0
2025-01-06,256.66517497583766,258.836214989731,255.2178149665754,257.38885498046875,6299950.0
2025-01-07,256.66521197614003,257.8713454910655,253.0468114313636,254.25294494628906,7450866.0
2025-01-08,254.49411942271257,258.59497253189375,252.32307954138136,257.63006591796875,11067282.0
2025-01-09,258.8362403002487,261.007280526439,252.56434631347656,252.56434631347656,9020570.0
2025-01-10,253.77048027082336,256.6652005780951,251.8406667326422,252.3231201171875,9284158.0
2025-01-13,252.0818924357873,252.80557250976562,247.01613191793894,252.80557250976562,8050282.0
2025-01-14,254.73539517597087,256.4239820758116,248.22227427658524,248.4635009765625,8622240.0
2025-01-15,248.94595691215702,250.15209042432832,242.9152893513005,247.2573699951172,10488922.0
2025-01-16,249.42841914343455,251.35823283119805,241.70916439238047,243.15652465820312,11923762.0
2025-01-17,244.121426385606,247.25737356249618,241.46793262054504,245.56878662109375,9932844.0
2025-01-20,248.4634954945384,252.32312260901665,246.53368193729924,251.1169891357422,10859294.0
2025-01-21,250.39330805982405,255.2178419338091,249.1871745913278,251.5994415283203,8584858.0
2025-01-22,251.5994415283203,253.04680169051582,247.98104112283153,251.5994415283203,9144256.0
2025-01-23,252.8055815761529,254.25294177601637,247.73982087663074,248.4635009765625,11930286.0
2025-01-24,248.94595538781311,250.152088892599,246.53368837824127,247.98104858398438,8422250.0
2025-01-27,246.7749083204864,246.7749083204864,242.4328278221787,243.88018798828125,8670494.0
2025-01-28,244.36261016991722,252.56431673040802,242.43279686156643,252.0818634033203,13546590.0
2025-01-29,252.08188572610504,267.7616202449537,252.08188572610504,263.6607666015625,32254496.0
2025-01-30,263.9020176952241,268.72655183956095,263.41956428079044,266.5555114746094,13388328.0
2025-01-31,267.2791787997159,269.2089923650568,263.90200506036933,265.349365234375,11831888.0
2025-02-03,263.90200223700947,268.0028560194858,256.42397475131725,259.3186950683594,10336152.0
2025-02-04,261.4897413854877,261.9721947828779,255.94152731550042,256.4239807128906,6450356.0
2025-02-05,257.1476528673287,264.38445360468313,256.6651994848384,260.2835998535156,17348884.0
2025-02-06,262.4546615058113,266.31428888089675,261.24852795109706,264.6257019042969,8681196.0
2025-02-07,264.62568883309916,271.13880970683994,262.4546485418522,270.8975830078125,13371394.0
2025-02-10,271.1387898430404,271.62124320575043,264.62566944645494,265.590576171875,11918216.0
2025-02-11,265.5906090744859,272.10373027794736,261.4897549834175,271.62127685546875,11401048.0
2025-02-12,271.6212671664798,274.9984410033632,267.0379598164238,268.9677734375,13746086.0
2025-02-13,270.89759504105945,280.305436721025,268.9677813631178,279.5817565917969,16610618.0
2025-02-14,277.4107221627278,277.89317559257603,269.69146728515625,269.69146728515625,12417638.0
2025-02-17,270.17392595752483,271.62128627515443,267.2792053222656,267.2792053222656,7329076.0
2025-02-18,267.27916506503493,274.27473887991397,265.5905782821331,272.10369873046875,10495272.0
2025-02-19,272.34496536942214,273.7923256813943,266.3142974028716,267.76165771484375,10350422.0
2025-02-20,260.5248156396028,262.21340240763726,250.15206835024824,258.112548828125,32578744.0
2025-02-21,258.11255618929863,261.0072764456272,245.3275417238474,247.01612854003906,14323674.0
2025-02-24,250.39333047672193,253.28805106026786,247.2573831778805,248.2222900390625,8966112.0
2025-02-25,249.18716066207358,250.39329406314846,243.1564936566991,243.39772033691406,9441972.0
2025-02-26,243.63894174613205,248.9459285960478,243.1564883961397,246.05120849609375,10709496.0
2025-02-27,246.05121693712601,251.84065733564663,244.60385683749587,249.4283905029297,11778162.0
2025-02-28,249.42840144945228,250.63453491874364,243.88018749071205,244.1214141845703,14079226.0
2025-03-03,247.01614533777354,254.73539987957895,246.7749186333421,253.52926635742188,14519380.0
2025-03-04,254.2529474918449,256.423987840447,251.11700032164188,253.04681396484375,10344634.0
2025-03-05,255.7002898185484,265.1081306703629,255.21783644153228,261.73095703125,14682790.0
2025-03-06,264.62566656235003,269.2089734581428,260.5248130240091,267.0379333496094,12226992.0
2025-03-07,266.314252352908,271.8624659435936,265.34934564148443,267.5203857421875,11330280.0
2025-03-10,254.73537753490692,261.4897246665143,247.73980372002785,249.4283905029297,24615494.0
2025-03-11,250.3932977253562,253.0467912465305,245.80999073423698,249.18716430664062,18499954.0
2025-03-12,250.63452196948103,253.04678878343177,247.49857511134508,250.39329528808594,20516434.0
2025-03-13,251.35822351051098,257.8713444651979,251.35822351051098,254.7353973388672,23901682.0
2025-03-14,257.1476679566477,258.5950281890491,253.04681396484375,253.04681396484375,19269440.0
2025-03-17,254.01169897721417,254.4941523465916,248.7047119140625,248.7047119140625,13705626.0
2025-03-18,248.94594806173572,249.42840144945228,244.1214141845703,244.1214141845703,13830782.0
2025-03-19,226.75311259197483,235.79911442410148,219.75753784179688,219.75753784179688,32807602.0
2025-03-20,220.72242246085696,231.09517018306116,214.93298187171973,219.3956756591797,62773436.0
2025-03-21,219.6368927728562,221.20486619737412,197.5646514892578,197.5646514892578,36833758.0
2025-03-24,200.21815590236497,206.61066328960916,192.4989016989003,199.73570251464844,49168914.0
2025-03-25,204.56023368856398,219.63690185546875,202.38919347252968,219.63690185546875,44579592.0
2025-03-26,219.63691006666136,229.52720475390257,218.55138991806172,223.0140838623047,33418112.0
2025-03-27,226.63248486975817,230.97456547396854,221.32549746461217,222.77285766601562,18210404.0
2025-03-28,222.7728612205726,223.73776803690424,218.79262060320448,221.0842742919922,15543756.0
2025-04-02,218.91322332647349,221.2048769039958,214.45052951761426,215.17420959472656,12351994.0
2025-04-03,215.65666648735433,218.91322688733118,213.24439952440855,213.48562622070312,9825498.0
2025-04-04,213.7268579799107,215.65667159598215,209.74661739676338,211.0733642578125,12955612.0
2025-04-07,206.97251040632554,222.89347274527367,202.6304297684306,218.31016540527344,26154582.0
2025-04-08,221.80793766286922,226.99431140920058,219.03383077529662,225.5469512939453,14007886.0
2025-04-09,224.3408178233011,225.1851112237114,220.2399641641655,221.8079376220703,12826458.0
2025-04-10,229.64781255307403,233.2662129609481,221.92855834960938,221.92855834960938,16293656.0
2025-04-11,223.3759021883156,228.07982237478657,220.2399553973349,222.41099548339844,13485358.0
2025-04-14,224.34084978226429,226.02943682363616,223.49655626157835,224.82330322265625,8162242.0
2025-04-15,225.5469701207917,228.20046388691867,223.01408970767054,223.85838317871094,8661912.0
2025-04-16,223.6171327586769,227.83859966620315,218.55137246964537,220.48118591308594,13172944.0
2025-04-17,220.48119182534697,226.27063231091407,218.7926050170566,221.3254852294922,15825566.0
2025-04-18,222.04916070014787,222.41100072301612,216.01849365234375,216.01849365234375,7698946.0
2025-04-21,216.38033661351838,217.58647003945774,213.2443897060761,214.57113647460938,9054984.0
2025-04-22,215.65666786130092,217.94832149069953,215.05360111672235,216.50096130371094,8899188.0
2025-04-24,217.1040287419261,224.2202163506892,216.2597352968186,223.4965362548828,15183508.0
2025-04-25,224.70266673724709,226.27064025715273,223.7377599557667,224.9438934326172,8389098.0
2025-04-28,225.78819580078124,227.95923614501953,223.49654210408528,224.34083557128906,8855592.0
2025-04-29,224.340836590734,225.90881017980902,222.65224964865322,223.85838317871094,7525694.0
2025-04-30,224.82327216374637,227.47676571932706,216.98340484043976,217.5864715576172,11520940.0
2025-05-02,218.7926017274248,227.11492230029816,218.06892167760972,226.75308227539062,10249656.0
2025-05-05,227.83859846863567,229.64779856235168,226.2706250540818,228.68289184570312,12409146.0
2025-05-06,228.20046997070312,229.52721688913743,227.5974031895966,228.20046997070312,7469220.0
2025-05-07,229.16535980847416,237.12584072813695,229.16535980847416,236.40216064453125,13604802.0
2025-05-08,239.29688047512104,240.50301394525775,233.26621312443754,236.6433868408203,5498548.0
2025-05-09,229.8890434563938,231.81885704259648,224.58205609433645,230.9745635986328,19580284.0
2025-05-12,235.91971490754554,242.19160916889132,235.67848820518608,240.02056884765625,13156794.0
2025-05-13,240.0205560549341,244.12140977647567,238.5731959179194,238.81442260742188,11042362.0
2025-05-14,239.41748785228287,242.67404814044994,236.28154090812197,239.53810119628906,11621156.0
2025-05-15,239.6587308235053,242.43283792412967,237.8495305404894,239.0556640625,7263074.0
2025-05-16,239.53810366734803,240.98546381035314,235.55786327408393,238.33197021484375,8858366.0
2025-05-20,236.7639968231898,237.6082902402873,226.39124912742093,227.11492919921875,15061896.0
2025-05-21,225.7881789621433,228.92412589217304,225.0644989013672,225.0644989013672,8924658.0
2025-05-22,226.75310613225915,232.30132043123996,225.7881992976538,229.88905334472656,12877358.0
2025-05-23,230.61273347068058,232.90438720286832,228.9241465101212,229.88905334472656,11357706.0
2025-05-26,231.81885205645895,233.98989229424055,229.64781181867733,233.38682556152344,7436058.0
2025-05-27,233.5074429176573,235.3166431468747,230.6127225509095,231.45701599121094,6942118.0
2025-05-28,230.37150319417316,232.66315689086915,230.2508898417155,231.57763671875,7934102.0
2025-05-29,232.6631386087548,233.74865869557635,231.6982318649134,233.0249786376953,10093662.0
2025-05-30,233.02498559390799,233.02498559390799,227.95922503751868,229.64781188964844,11630486.0
2025-06-02,231.45703240382818,236.64340676201715,230.00967211782196,234.4723663330078,10374782.0
2025-06-03,236.76399428414672,241.46791470038806,236.0403142201096,239.53810119628906,9436280.0
2025-06-04,240.02055126526886,248.7047119140625,234.95479088680588,248.7047119140625,12823206.0
2025-06-05,247.98104112283153,251.5994415283203,245.568774185839,251.5994415283203,3977454.0
2025-06-10,253.288040670244,257.1476679566477,249.6696400892405,253.04681396484375,8049998.0
2025-06-11,250.8757486508761,252.5643354206416,247.25734842994999,250.39329528808594,9384214.0
2025-06-12,248.46349518093936,250.39330873574278,241.70914773912742,243.88018798828125,10617212.0
2025-06-13,239.77932936543166,239.77932936543166,229.40658171682645,238.81442260742188,13497906.0
2025-06-16,237.8495143802024,241.95036807641281,234.9547941240539,239.53810119628906,9455592.0
2025-06-17,239.5381099480995,245.08632397509476,239.2968832512736,242.67405700683594,8132354.0
2025-06-18,242.18772911951177,242.43088949011369,232.461314295435,234.16343688964844,9760850.0
2025-06-19,235.62240061474148,237.9324241501801,231.0023535438642,231.24551391601562,8506606.0
2025-06-20,236.35188136560586,236.35188136560586,227.23336742403154,228.2060089111328,9625172.0
2025-06-23,225.65282428075398,226.74704595021885,219.57381500594917,222.1269989013672,10176706.0
2025-06-24,232.46130876599645,240.12086025776307,231.73182767154248,237.8108367919922,14510866.0
2025-06-25,238.0539962432317,239.14821788071336,229.54338350726326,231.73182678222656,10112320.0
2025-06-26,231.85341687533946,232.33973762389812,227.35494995117188,227.35494995117188,7919964.0
2025-06-27,228.32759699538883,230.2728800368831,224.4370309124003,227.71969604492188,10011540.0
2025-06-30,229.0570605616789,245.59196514574913,228.570739838618,240.607177734375,22105308.0
2025-07-01,240.85036257005507,243.16038623932872,238.4187587076618,241.21510314941406,12787354.0
2025-07-02,241.45825923979282,249.72571222484112,241.21509885787964,248.99623107910156,14320842.0
2025-07-03,252.64363413843617,253.85943603515625,244.1330208613955,246.8077850341797,9605166.0
2025-07-04,246.56460571289062,248.26672823753583,244.13300210625462,246.56460571289062,5703424.0
2025-07-07,243.16038145078673,245.105664502393,241.33667858990583,242.91722106933594,6241676.0
2025-07-08,244.86247974145607,245.10564009869685,235.25764563044564,237.3245086669922,8591406.0
2025-07-09,237.81085099845097,240.97193592992323,235.86556796369882,239.75613403320312,7441708.0
2025-07-10,241.7014154957865,246.32146267327136,241.7014154957865,242.67405700683594,8085670.0
2025-07-11,244.13302592298206,246.32146938245103,238.9050776586951,241.09352111816406,9176802.0
2025-07-14,241.0935145513806,245.10566078445953,239.99929285144998,242.67405700683594,8650470.0
2025-07-16,242.30931963127497,242.55248001223964,234.89292801185312,236.8382110595703,11203544.0
2025-07-17,238.90507948014044,244.37618817052535,236.23031523150783,241.21510314941406,12900262.0
2025-07-18,241.21507206323378,241.94455312794113,238.0539874495019,238.17556762695312,7824920.0
2025-07-21,239.26980626038792,243.8898533324889,238.90506570206415,242.30931091308594,10479024.0
2025-07-22,242.55246798197427,247.29409517560686,241.9445670597137,245.10565185546875,14670984.0
2025-07-23,246.07828869769497,246.80776979067232,242.79562377929688,242.79562377929688,7221960.0
2025-07-24,244.37617344138897,250.69834310255925,243.16037158347163,247.29409790039062,14851194.0
2025-07-25,248.2667425793911,250.21202557707485,246.07829920699686,248.50990295410156,8211880.0
2025-07-28,249.72570381534908,252.15730755259688,246.80777933065173,250.45518493652344,7113104.0
2025-07-29,251.67100157451813,254.1026054544652,250.21203924654992,251.42784118652344,8098342.0
2025-07-30,251.9141383244441,255.31838343693659,251.67097795926608,252.88677978515625,7321416.0
2025-07-31,254.1025979691918,258.47948482416353,252.64363568420123,257.9931640625,9305594.0
2025-08-01,259.2089473839962,259.2089473839962,253.61625902580494,256.77734375,7257084.0
2025-08-04,257.0205078125,258.965790747694,256.5341870787015,257.0205078125,7438228.0
2025-08-05,257.50682530566314,258.7226271248589,255.80470275878906,255.80470275878906,5521764.0
2025-08-06,255.80471596021331,260.18160273519794,255.80471596021331,259.6952819824219,7606522.0
2025-08-07,260.91108117180124,261.39740191955855,257.0205151897427,257.5068359375,7047054.0
2025-08-08,257.9931409518223,259.9384238242206,256.77733915657336,258.4794616699219,4634232.0
2025-08-11,259.2089602105236,263.58584696829985,259.2089602105236,261.64056396484375,6151834.0
2025-08-12,261.88372064634814,262.85636213435686,259.9384376703307,261.39739990234375,4822534.0
2025-08-13,261.1542231968471,261.1542231968471,252.88677106584822,255.31837463378906,8940370.0
2025-08-14,254.3457619762241,260.18161119938793,253.37312043903012,258.236328125,8301716.0
2025-08-15,252.88678667057542,259.69527708093705,249.96886220899185,254.3457489013672,8328170.0
2025-08-18,254.3457258093448,257.50681035573245,254.10256545962267,254.83204650878906,10650560.0
2025-08-19,255.8046989515863,257.020500752687,247.53724670410156,247.53724670410156,7671612.0
2025-08-20,248.26674207423397,251.91414768746955,247.05094020315545,249.4825439453125,7415534.0
2025-08-21,250.9415022448015,259.93843594931474,250.9415022448015,257.263671875,13359860.0
2025-08-22,257.9931582183984,258.47947896904566,253.85943183789624,254.5889129638672,6865608.0
2025-08-25,257.02052360744784,259.4521274258721,255.80472169823568,256.0478820800781,6893512.0
2025-08-26,256.53418156638077,261.39738879986663,255.31837975800929,260.66790771484375,10379038.0
2025-08-27,261.15424901331295,262.12689053663996,257.75000368166826,257.9931640625,6690456.0
2025-08-28,259.208945544798,265.04479422498105,258.9657851831237,260.66790771484375,9629256.0
2025-08-29,260.66792452830185,261.15424528301884,254.10259433962264,257.75,11188428.0
2025-09-01,257.74999631137865,257.74999631137865,252.88678883380547,257.5068359375,7623074.0
2025-09-02,258.4794826938079,260.4247657244292,245.59198261594165,247.78042602539062,13062004.0
2025-09-03,248.26673889160156,249.9688614892913,243.88985221182799,248.26673889160156,9609198.0
2025-09-04,248.2667186796203,254.34572746217714,247.29407727441122,250.9414825439453,9168440.0
2025-09-05,251.9141471788721,254.10259054239512,248.5099019467252,250.45518493652344,7525590.0
2025-09-08,248.02358858394427,248.50990934587358,236.59505067860567,236.8382110595703,11459096.0
2025-09-09,237.20296139753876,243.40355136743855,235.0145178787506,236.47348022460938,16174566.0
2025-09-10,237.932438483605,241.57984428560204,236.4734761628062,240.24246215820312,9081080.0
2025-09-11,240.24244044017206,245.1056477365318,236.47345478549326,237.8108367919922,11351536.0
2025-09-12,237.81083309052545,239.99927633982477,235.3792294801929,237.5676727294922,7021840.0
2025-09-15,238.29714619624716,256.04785198433495,237.08134442993978,255.07521057128906,17848780.0
2025-09-16,255.56153499058314,259.93842141287666,253.61625213623046,255.31837463378906,14180248.0
2025-09-17,255.31840124452748,258.74878283514494,252.37807416685538,253.60321044921875,9528350.0
2025-09-18,255.31837119497905,256.7885345607851,250.172799414658,251.1529083251953,9732664.0
2025-09-19,252.13303094161185,260.95401161595396,251.8880037006579,260.708984375,14871218.0
2025-09-22,266.83466378525173,267.5697455036684,263.64930967211285,265.6095275878906,7999398.0
2025-09-23,264.384404263975,269.03992204063445,262.6692135041531,263.6493225097656,11018792.0
2025-09-24,263.89435462916106,265.3645181646996,258.50375499885325,262.91424560546875,8474202.0
2025-09-25,265.8545564350329,265.8545564350329,259.9739026521382,260.708984375,6891654.0
2025-09-26,261.68911290622026,263.89435823969967,257.2786222392615,257.7686767578125,9549558.0
2025-09-29,257.76867801274096,267.07971391053957,257.2786234918042,262.1791687011719,13064988.0
2025-09-30,263.4042856212905,266.58963977298987,260.708985954468,265.1194763183594,11179840.0
2025-10-01,264.38440062401054,282.5164169782059,263.6493188799215,278.1059265136719,17164380.0
2025-10-02,277.86090087890625,280.0661461239769,276.1457101327402,277.86090087890625,7397642.0
2025-10-03,278.8409904743997,282.271371728039,274.18547305874625,276.14569091796875,11243360.0
2025-10-06,276.39072456937333,281.78132380742846,272.7153159979721,275.16558837890625,7406052.0
2025-10-07,275.41062838438324,280.55620062288153,274.9205738854787,277.86090087890625,6632182.0
2025-10-08,271.980251888577,275.9006879518358,267.0797068095036,272.4703063964844,24840034.0
2025-10-09,275.41061218879366,276.1456938939239,265.36449555201386,266.3446044921875,12402044.0
2025-10-10,267.5697696910185,271.0001513537239,264.87446981317856,266.58966064453125,7287854.0
2025-10-13,263.64932709299165,271.24517201853325,263.404299837329,267.56976318359375,9596264.0
2025-10-14,268.0597919222409,270.02000977907625,264.87443790488334,266.83465576171875,7705118.0
2025-10-15,267.8147888183594,273.20538841031174,266.0995980391018,267.8147888183594,9029110.0
2025-10-16,267.8147499572358,267.8147499572358,258.50371564948193,264.3843688964844,14291992.0
2025-10-17,263.1592731512023,263.6493276635881,254.093264672064,258.25872802734375,10901138.0
2025-10-20,259.2388319845093,263.89434976116877,255.56342321346239,263.6493225097656,12124196.0
2025-10-21,263.8943335554982,264.8744425009225,255.80843475574756,256.7885437011719,9810776.0
2025-10-22,258.2587229788968,267.0797040294094,257.2786139732843,263.6493225097656,11780546.0
2025-10-23,263.89435115723546,271.0001414855176,263.4042966518367,268.059814453125,9035246.0
2025-10-24,271.0000993730283,287.66194996739176,268.5498272267984,283.9865417480469,19523540.0
2025-10-27,283.9865558061001,285.94677362011976,274.4304939627542,277.12579345703125,11063522.0
2025-10-28,277.8608735424891,281.29125469733464,276.1456829650663,277.3708190917969,5113650.0
2025-10-30,278.3509457236842,279.8211091694079,258.9937936883224,260.708984375,26426174.0
2025-10-31,260.70899230164366,265.8545645181235,257.52363807239425,264.1393737792969,19232432.0
2025-11-03,264.8744652876213,268.30484689171635,262.1791654558324,262.6692199707031,13740828.0
2025-11-04,262.66920068588615,263.8943368831151,258.01368313641615,260.9540100097656,11674648.0
2025-11-05,260.9539890019144,262.91420675967527,256.29847182723233,259.48382568359375,11157436.0
2025-11-06,262.17914626258994,271.7352086030021,261.68909178359445,270.2650451660156,21248458.0
2025-11-07,272.96036090439173,275.6556606978821,268.79489758717926,272.4703063964844,10664424.0
2025-11-10,274.43052634214746,277.86090792142426,264.6294361156422,267.56976318359375,10587432.0
2025-11-11,272.47027906813065,283.2514771607545,265.6095166455518,271.980224609375,30985702.0
2025-11-12,273.2053704741589,281.29126933124166,270.2650436170379,275.16558837890625,14742910.0
2025-11-13,275.4106171954683,277.37083511145033,268.30482725003367,270.2650451660156,9087362.0
2025-11-14,269.284928082763,269.77498254697184,261.4440566554214,266.83465576171875,9365332.0
2025-11-17,268.0598064846463,268.79488822089303,260.9540163675944,264.6294250488281,12431504.0
2025-11-18,263.1592789818259,271.2451786153457,261.689115412095,266.58966064453125,9931116.0
2025-11-19,267.32468499231123,274.9205284705529,266.09954894743356,270.75506591796875,10951264.0
2025-11-20,272.9603448004909,274.6755354769751,268.0598000105359,270.2650451660156,6358390.0
2025-11-21,268.7948929724032,270.5100837206319,264.1393752272112,268.54986572265625,9641820.0
2025-11-24,267.8147956919447,268.3048502128815,260.95403239882995,262.1791687011719,13001164.0
2025-11-25,263.89435462916106,266.589654444315,261.44408206993023,262.91424560546875,9043250.0
2025-11-26,263.40427293689976,268.3048175496793,261.93410955306587,267.0796813964844,7646358.0
2025-11-27,269.2849313127084,269.52995854775185,264.87444108192705,266.3446044921875,6389730.0
2025-11-28,267.07967633863626,269.03989414662624,263.15924072265625,263.15924072265625,8040716.0
2025-12-01,262.9142184756218,267.0796813964844,261.4440550917879,267.0796813964844,10533228.0
2025-12-02,267.07969741890713,272.2252695710145,264.6294249655226,269.2849426269531,10994036.0
2025-12-03,270.01999613155834,273.94043164708006,256.54349904695243,259.48382568359375,31605666.0
2025-12-04,259.97391393800444,261.44407744755017,257.5236414220949,258.9938049316406,14379018.0
2025-12-05,259.2388159749112,260.2189249199959,250.90788994169097,252.13302612304688,20198426.0
2025-12-08,253.603178629943,261.1990226275548,251.39793359837827,258.50372314453125,17498852.0
2025-12-09,258.50375853563895,260.46397660984286,256.54354046143504,257.7686767578125,8442486.0
2025-12-10,259.2388480295607,264.62944789406953,258.50376622985493,261.1990661621094,15501538.0
2025-12-11,262.66922250465365,272.22528563681925,260.2189499066625,271.4902038574219,22994640.0
2025-12-12,271.98024866182885,273.6954394191557,269.2849489003152,272.9603576660156,9167330.0
2025-12-15,273.9404146814721,282.271339636007,272.71527865874634,281.04620361328125,13001474.0
2025-12-16,281.0462258617539,281.5362803096384,276.8807630547358,277.6158447265625,12666932.0
2025-12-17,277.86308403395566,278.6047114824449,270.44680954906363,272.67169189453125,12048420.0
2025-12-18,273.6605189299781,274.8965646342688,267.9747086902405,269.21075439453125,12115434.0
2025-12-19,269.45796231356536,272.9188902698864,268.96354403409094,271.9300537109375,10829840.0
2025-12-22,273.16609884191445,273.66051712036136,266.24424294365775,266.9858703613281,7268796.0
2025-12-23,267.480286841299,270.94121476715685,263.7721497778799,264.760986328125,10832950.0
2025-12-24,268.9635682036911,279.59356216762376,268.7163590417392,272.9189147949219,26676182.0
2025-12-25,272.91889630617015,274.15494203219447,270.94122314453125,270.94122314453125,4467326.0
2025-12-26,271.4356396911116,272.4244762655783,267.4802933932447,268.7163391113281,6080310.0
2025-12-29,268.71633375635685,269.21075203373744,261.54726873433816,262.04168701171875,9187112.0
2025-12-30,262.78331794809543,267.23308250413095,260.31122652807574,266.491455078125,11306014.0
2025-12-31,266.9858962714061,270.6940337196201,264.51380463926347,265.25543212890625,11517730.0
2026-01-02,265.2553975085966,268.9635344728361,264.760979246698,268.4691162109375,6487932.0
2026-01-05,268.7163395799811,278.6047053418939,268.46913043593327,273.6605224609375,17091928.0
2026-01-06,274.89653950352823,286.2681589434224,272.42444832094253,283.5488586425781,20283444.0
2026-01-07,285.7737465229717,291.9539746052159,284.0432826599433,290.2235107421875,14300116.0
2026-01-08,290.2235263102763,293.1900359488822,284.29050703306456,292.69561767578125,11507298.0
2026-01-09,295.66213562668014,298.8758544921875,292.4484167611727,298.8758544921875,11064284.0
2026-01-12,302.5839938408724,312.4723596526656,298.62864751615507,306.044921875,16722608.0
2026-01-13,306.04491114875947,323.8439689861671,305.55049287549815,317.91094970703125,24976112.0
2026-01-14,320.63026952398275,324.0911976452902,306.53934788723103,307.2809753417969,20549430.0
2026-01-15,308.02259375860064,310.9891034898231,304.06724745030397,308.76422119140625,16927476.0
2026-01-16,309.25861836216734,320.13581996723155,307.5281544704526,319.88861083984375,19027372.0
2026-01-19,323.3495557112394,323.84397399214345,307.03375244140625,307.03375244140625,16874790.0
2026-01-20,307.03373081244314,309.25861291977964,303.3255939668822,305.55047607421875,16375824.0
2026-01-21,306.5393336119706,308.76421587205755,301.8423599517872,302.0895690917969,11516096.0
2026-01-22,307.5281558295789,316.18047532639184,305.0560645447752,309.5058288574219,25338884.0
2026-01-23,310.9890914589238,316.1804832877293,308.7642092465785,310.74188232421875,13941170.0
2026-01-26,309.01145031101896,314.6972609967417,307.5281953495261,312.966796875,13844058.0
2026-01-27,313.95562719726564,315.1916729736328,309.0114440917969,309.0114440917969,11884592.0
2026-01-28,309.505826701549,318.1581461380939,309.505826701549,314.9444274902344,14208370.0
2026-01-29,319.1470206253617,335.9572432454427,316.67492906358507,333.73236083984375,27239368.0
2026-01-30,334.72116920746953,334.72116920746953,324.33838552451994,328.2937316894531,16458762.0
2026-02-02,322.6079321444975,336.4516441752192,315.4388669857309,329.0353698730469,24157040.0
2026-02-03,333.48511121703837,345.35114927368613,331.26022908141687,337.93487548828125,24217158.0
2026-02-04,341.14864041862404,342.6318953769659,336.45166638387485,340.4070129394531,12439578.0
2026-02-05,338.6765239120675,345.10396159215054,334.4739685058594,334.4739685058594,16242180.0
2026-02-06,334.4739643057828,339.41814707453045,333.2379186135958,337.68768310546875,10275110.0
2026-02-09,341.1486391587691,350.29537803476506,340.407011682337,348.07049560546875,12583698.0
2026-02-10,348.0704662893701,349.0593028413285,342.8790743915883,345.3511657714844,11474832.0
2026-02-11,343.12630018873676,351.5314112884609,338.67653548888285,345.1039733886719,13809828.0
2026-02-12,347.57606959869753,350.2953702854583,341.1486316118084,346.8344421386719,19109962.0
2026-02-13,347.0816332921544,353.0146526646698,345.35116930850404,349.8009338378906,17119542.0
2026-02-16,352.02580593684536,358.2060342714107,349.55371460301916,354.00347900390625,14119540.0
2026-02-17,354.00349969822963,354.00349969822963,345.598388671875,345.598388671875,11716404.0
2026-02-18,346.5872072909741,355.4867361515126,341.6430245906749,348.56488037109375,19178724.0
2026-02-19,351.03698642012,351.03698642012,338.18211086107334,341.14862060546875,13680448.0
2026-02-20,341.39581715990926,344.60953593114664,332.4962882549442,338.1820983886719,11256302.0
2026-02-23,344.11510256032295,347.32882119055586,339.9125474284799,340.6541748046875,10350802.0
2026-02-24,339.9125885739005,344.36235336977705,338.67654279726816,341.3958435058594,9660366.0
2026-02-25,342.8790580118845,343.62068539042497,335.46278422647964,337.93487548828125,7824460.0
2026-02-26,338.6765208789783,338.6765208789783,327.30490046990315,334.9683837890625,10716394.0
2026-02-27,337.19329664823266,337.6877149717638,322.85516526582984,330.02423095703125,17585190.0
2026-03-02,311.48352394641284,337.68769342126984,310.494687362456,333.4851379394531,13281000.0
2026-03-03,334.47396250048604,340.1597726538572,322.60792391953754,322.8551330566406,11488690.0
2026-03-04,322.3607408177952,327.5521331162413,315.68609357693595,326.0688781738281,12220942.0
2026-03-05,328.2937272892442,330.5186094771984,318.8997802734375,318.8997802734375,8187774.0
2026-03-06,318.8997911831031,319.88862774491116,305.05607931779014,307.03375244140625,11017558.0
2026-03-09,300.853514718301,316.427690089914,300.35909645253554,316.18048095703125,11671384.0
2026-03-10,323.3495375359196,325.3272105483717,318.6525641313458,322.60791015625,9140998.0
2026-03-11,328.7881649887931,344.8567595183206,328.7881649887931,343.3735046386719,20977320.0
2026-03-12,342.3846566921065,356.4755775812401,340.1597744464538,350.29534912109375,17486448.0
2026-03-13,350.2953689121964,353.50908789304225,344.609558407623,349.5537414550781,8759726.0
2026-03-16,349.5537217504633,349.80093088890067,334.9683825826575,337.68768310546875,8827652.0
2026-03-17,339.6653717395871,342.13746323696404,336.9460710924725,340.1597900390625,6002502.0
2026-03-18,340.159798900463,343.1263087745949,330.0242234971788,333.73236083984375,8860042.0
2026-03-19,332.00187639004923,342.137451171875,327.7993209927068,342.137451171875,5221776.0
2026-03-23,338.676523197593,342.6318694539153,322.855138172304,342.137451171875,14796400.0
2026-03-24,340.6541879189374,340.9013970538568,332.7434956015165,335.95721435546875,8170950.0
2026-03-25,338.9237241055103,350.0481351811835,338.9237241055103,348.56488037109375,14077254.0
2026-03-26,348.56488458823304,348.56488458823304,332.7434997558594,332.7434997558594,10619588.0
2026-03-27,335.95721066878144,338.6765111230541,331.5074462890625,331.5074462890625,7222734.0
2026-03-30,330.7658449789974,337.1932829232829,327.5521260068547,334.72119140625,5661412.0
2026-03-31,336.6988465517192,341.14861104359215,332.99070947515844,337.68768310546875,8328070.0
2026-04-01,343.1262660587128,346.09277556354317,340.40696567928495,340.6541748046875,8782760.0
2026-04-02,337.6876975942692,351.2842007916958,336.6988609980927,347.8232727050781,11682626.0
2026-04-03,349.553728470754,350.04814675713413,339.4181535999613,341.6430358886719,8435422.0
2026-04-06,341.6430358886719,344.1151273205725,338.67652617039107,341.6430358886719,9360274.0
2026-04-07,341.64303715745524,344.8567560308611,337.93489999583306,338.9237365722656,8748508.0
2026-04-08,351.03698352412033,365.62232298040425,351.03698352412033,359.19488525390625,15830450.0
2026-04-09,358.94765421824786,368.8360193482271,357.95881770524994,365.3750915527344,9522176.0
2026-04-10,367.8472079544982,371.5553451314588,363.15023419701464,371.3081359863281,9531852.0
2026-04-13,365.6223162374189,367.8471984863281,360.9253426008327,367.8471984863281,10411160.0
2026-04-14,370.0720872676119,377.488361561552,367.5999958362985,371.80255126953125,11313430.0
2026-04-15,373.53301225842074,378.7244042223035,370.81371170591075,372.2969665527344,6987262.0
2026-04-16,375.0162884505121,378.2300074682159,367.84722294948057,368.8360595703125,6890688.0
2026-04-17,369.8248697916667,380.94928098192406,367.1055692784927,378.22998046875,11981354.0
2026-04-20,373.533003267157,377.98276770051825,370.8137027801029,373.78021240234375,6853456.0
2026-04-21,375.0162532362827,378.22997195221654,372.04974365234375,372.04974365234375,5825344.0
2026-04-22,374.76905848751846,380.94928702458174,372.0497579312106,377.24114990234375,8719812.0
2026-04-23,377.24114990234375,377.24114990234375,377.24114990234375,377.24114990234375,0.0
2026-04-24,376.25229178980777,376.49950091713356,369.3304362246865,375.75787353515625,7459866.0
2026-04-27,376.4995080282522,377.73555368822673,371.55532538835394,372.04974365234375,6016610.0
2026-04-28,371.80255645333904,372.04976559991707,360.43093571075025,360.92535400390625,6961636.0
2026-04-29,362.161408834969,365.37512782121786,356.72280747362475,359.4421081542969,5912010.0
2026-04-30,357.4644070790575,367.59998155363655,356.22836141142585,366.61114501953125,10873618.0
2026-05-01,366.61114501953125,366.61114501953125,366.61114501953125,366.61114501953125,0.0
2026-05-04,367.84721010809074,368.5888375478248,358.7004716847041,360.92535400390625,8468556.0
2026-05-05,361.4197520877782,371.3081173979773,360.1837064240033,369.3304443359375,7269616.0
2026-05-06,373.7801991949924,388.11832852919184,373.285780942089,386.1406555175781,15160486.0
2026-05-07,386.63509532383506,390.5904415675572,384.90463134220664,387.6239318847656,6647390.0
2026-05-08,388.61278091623814,396.77068280570114,384.1630162492583,390.5904541015625,7895122.0
2026-05-11,391.0848733447612,391.5792916422894,381.4437165429624,382.9269714355469,8914592.0
2026-05-12,398.00669358726043,401.22041223113274,383.4213551266093,386.1406555175781,14140928.0
2026-05-13,388.85998206707535,402.7036940796349,388.85998206707535,401.9620666503906,15626826.0
2026-05-14,406.9062350729237,420.2555283256199,404.68135286414105,409.3783264160156,8115738.0
2026-05-15,408.38949647088026,408.38949647088026,393.5569481729064,400.72601318359375,6634672.0
2026-05-18,398.2539218392342,398.5011309775577,383.6685826781449,388.11834716796875,8402236.0
2026-05-20,386.63510603877404,394.79300789253335,381.19650480293456,388.3655700683594,10839321.0
2026-05-21,388.3655607266572,395.28741667850085,370.81371170591075,372.2969665527344,8847731.0
2026-05-22,368.34162915458654,391.08487068627915,367.8472108604193,388.3655700683594,12459095.0
2026-05-25,388.6127716970916,393.06253625850866,371.5553408783261,374.5218505859375,10897046.0
2026-05-26,375.7579159161361,376.49954338176,367.60001379427257,368.8360595703125,6394478.0
2026-05-27,368.8360595703125,368.8360595703125,368.8360595703125,368.8360595703125,0.0
2026-05-28,368.8360595703125,368.8360595703125,368.8360595703125,368.8360595703125,0.0
2026-05-29,368.8360595703125,368.8360595703125,368.8360595703125,368.8360595703125,0.0
2026-06-01,369.577682340988,375.01628368647414,365.6223359079072,367.1055908203125,10572396.0
2026-06-02,369.82489506601894,377.7355880086076,366.1167577491805,376.4995422363281,11495125.0
2026-06-03,375.2634797584354,380.94929005780557,370.0720877459669,376.7467346191406,10514304.0
2026-06-04,378.2300074682159,381.19651733071174,365.8695497078167,368.8360595703125,9543504.0
2026-06-05,369.5776464261307,375.5106654991923,366.8583460176441,373.03857421875,8120554.0
2026-06-08,368.0943916578653,376.252292883325,366.1167186335114,373.03857421875,7769593.0
2026-06-09,375.0162693682245,383.4213802176112,369.82487737301506,379.4660339355469,9422573.0
2026-06-10,378.2299924993327,383.1741754078207,375.51069189966427,376.2523193359375,11935037.0
2026-06-11,377.7355742084839,381.1965022444255,369.3304632640543,376.2523193359375,12160034.0
2026-06-12,380.70205608167146,385.64623862818667,371.55531837061835,375.75787353515625,12078529.0
2026-06-15,385.64627710332724,394.5458065749425,380.702094063541,389.60162353515625,14450466.0
2026-06-16,389.84881971290076,393.3097477255708,380.9492905374636,381.69091796875,10742628.0
2026-06-17,392.62478617749184,394.86125647850287,377.7149841707516,380.199951171875,11927623.0
2026-06-18,380.69693337874423,389.3943176269531,376.22399290823677,389.3943176269531,10773997.0
2026-06-19,385.91536848512413,386.9093552680865,379.95144778735016,380.9454345703125,10485576.0
2026-06-22,383.92738171177365,384.6728717733499,375.4784943472427,376.7209777832031,7455805.0
2026-06-23,374.7330315887033,380.69695251584443,371.5025744198351,380.4484558105469,7361006.0
2026-06-24,380.69694943351544,382.18792965322893,370.75708130209205,371.7510681152344,6703810.0
2026-06-25,373.9875249951562,380.69693574257764,367.27811424773483,373.2420349121094,9885840.0
2026-06-26,372.248046875,375.72700058411215,366.2841262308077,372.248046875,7644194.0
2026-06-29,372.24805781526385,374.7330248233764,365.78714359417114,368.76910400390625,7486796.0
2026-06-30,369.26609794935246,371.2540715587702,362.059693615213,363.0536804199219,13876620.0
2026-07-01,362.80519043303644,366.53264101967727,358.8292431406196,362.3081970214844,11455538.0
2026-07-02,362.55668505688647,363.30217515638657,351.12583686455145,355.35028076171875,13209936.0
2026-07-03,357.3382383715205,361.8111787683824,352.36830459722955,354.853271484375,10601694.0
2026-07-06,361.81119638119105,369.0176007047175,359.823222774701,368.76910400390625,13197769.0
2026-07-07,367.7750985369176,374.73300580653495,364.7931382785101,371.9995422363281,12619740.0
2026-07-08,372.2480560526083,374.7330230489542,362.80518146649405,373.49053955078125,12352951.0
2026-07-09,374.73301717679794,374.9815138725385,360.56870551958474,362.80517578125,9660307.0
2026-07-10,364.7931435809039,372.74503771890727,363.0536667382157,370.26007080078125,12114097.0
2026-07-13,369.76307204252254,375.2299991829362,367.27810516051636,371.9995422363281,9633122.0
2026-07-14,371.99956247555417,382.18792724609375,371.25407237039275,382.18792724609375,13051019.0
2026-07-16,385.66685787164823,395.85522202934,383.43038769069153,393.86724853515625,12996064.0
2026-07-17,390.139808061827,394.1157551503552,381.44242380567164,383.67889404296875,10914531.0
2026-07-20,382.68492431640624,398.8372100830078,381.6909375,397.5947265625,12564572.0
2026-07-21,399.58269145470535,405.7951089213519,387.654849918744,390.6368103027344,11356312.0
2026-07-22,392.12779124190166,397.3462219238281,389.64282425050817,397.3462219238281,10418869.0
2026-07-23,396.600712306063,399.3341758620571,386.41234814281194,388.1518249511719,9683297.0
2026-07-24,387.6548414963942,390.88529850886414,377.9634704589844,377.9634704589844,9471182.0
2026-07-27,383.67889822345893,384.9213817021618,376.7209907427226,380.9454345703125,8412127.0
2026-07-28,382.6849267296063,389.8913311939949,380.9454497899262,387.1578674316406,9304325.0
2026-07-29,386.4123736501203,390.63681760642385,381.19394288056884,384.1759033203125,8271235.0
2026-07-30,384.17588359942323,390.88529424443254,378.4604597166375,380.6969299316406,10230556.0
2026-07-31,381.9394299973287,387.9033508300781,376.9694959700375,387.9033508300781,10260904.0
2026-08-03,390.63679226595997,392.62476576349667,374.2360109112823,376.7209777832031,12448487.0
2026-08-04,377.21797220720845,383.4303894042969,375.2299987041402,383.4303894042969,8850984.0
2026-08-05,383.1819035671676,384.42438704176925,377.71497627892,379.9514465332031,7635337.0
2026-08-06,379.9514465332031,383.4304002620879,375.2300093297166,379.9514465332031,8164971.0
2026-08-07,380.94542252546154,388.6488198498512,379.70293908604384,383.4303894042969,9082908.0
2026-08-10,384.67288626954394,388.6488334144488,381.1939325177522,381.9394226074219,6758927.0
2026-08-11,380.94542692575016,380.94542692575016,372.74503613087103,374.98150634765625,8316193.0
2026-08-12,373.49052715301514,383.92738819122314,368.0235999425252,381.69091796875,13019609.0
2026-08-13,378.9574601577414,379.7029502432976,370.7570692166231,374.23602294921875,12428736.0
2026-08-14,374.7330218029467,376.22400199579664,371.9995581160552,372.4965515136719,8746367.0
2026-08-17,373.4905246514925,380.945425343139,371.00555775427694,379.70294189453125,9447817.0
2026-08-18,391.1337885350357,407.0375766330295,390.6367951569734,402.56463623046875,22807179.0
2026-08-19,402.5646357175683,414.74097346458115,399.83117214170824,413.9954833984375,13254079.0
2026-08-20,415.48647187690085,417.2259487328448,401.0736636419366,408.528564453125,9081013.0
2026-08-21,408.52855624671747,415.9834569081539,406.7890794257156,413.9954833984375,8340700.0
2026-08-24,414.49249441541275,414.98948781399235,404.0556330452405,409.77105712890625,8642282.0
2026-08-25,410.26803433538197,414.9894714355469,407.2860740615936,414.9894714355469,8502633.0
2026-08-26,416.48047546277274,420.2079260188238,411.0135479805645,415.7349853515625,10861972.0
2026-08-27,415.4864676760763,417.9714345880145,410.26803716100596,411.26202392578125,8392363.0
2026-08-28,412.25600529749903,414.98946886487244,408.77705166629653,413.0014953613281,7640798.0
2026-08-31,413.2500101599828,414.49249365414994,399.0856983264777,403.0616455078125,16366862.0
2026-09-01,403.06164132169033,409.5225554242575,396.8492239153758,405.79510498046875,10795363.0
2026-09-02,404.5526189903846,408.03157271634615,397.8432082331731,403.80712890625,7502972.0
2026-09-03,403.8071219376692,410.2680358886719,400.07967158132146,410.2680358886719,8507455.0
2026-09-04,411.01352976548407,415.2379735417919,409.0255562236921,413.25,7977273.0
2026-09-08,414.2439851704166,417.971435546875,409.2740513351386,417.971435546875,8551640.0
2026-09-09,418.21994098864104,425.9233385944924,414.4924905341968,424.9293518066406,10390619.0
2026-09-10,426.42031988099563,428.6567900901617,419.9594059434048,427.414306640625,8866030.0
2026-09-11,427.4143050963197,434.86920576660435,425.6748282732533,432.1357421875,7576616.0
2026-09-14,427.662825925604,432.1357665802588,425.4263555982766,427.16583251953125,6112869.0
2026-09-15,426.4203247143716,428.90529164161154,413.25,413.25,8206511.0
2026-09-16,413.25,419.25,390.0,405.5,17630049.0
