Date,Open,High,Low,Close,Volume
2021-09-17,8.143662968511581,8.275512700847626,7.879963503839493,7.895474910736084,5849917.0
2021-09-20,7.794647942484294,8.035079874588217,7.763624339553155,7.864450454711914,2077144.0
2021-09-21,8.104883586422783,8.120395786429281,7.7868937886601035,7.802404403686523,2766256.0
2021-09-22,7.841184111279448,7.895475226322572,7.76362548871642,7.848939418792725,1695966.0
2021-09-23,7.879962837418838,8.089371171507862,7.825670936647304,8.050591468811035,2449722.0
2021-09-24,8.027324344459577,8.291023799322174,8.019569037544779,8.17468547821045,3565199.0
2021-09-27,8.174685982110425,8.244489296076233,8.050592346434584,8.12039566040039,2286042.0
2021-09-28,8.120394065242014,8.159173764548527,7.934253252048467,7.9730329513549805,3977437.0
2021-09-29,7.996302929278447,8.004058237548588,7.887719896105223,7.903232097625732,2227906.0
2021-09-30,7.9032314089529025,8.058348655700684,7.794649177731446,8.058348655700684,4191386.0
2021-10-01,7.98854501298759,8.004057212521555,7.794648858733144,7.825671672821045,3976342.0
2021-10-04,7.81016201425457,7.94976707220825,7.771382303162919,7.77913761138916,4163500.0
2021-10-05,7.786892655929628,7.918741581865043,7.763624359304637,7.810160160064697,4043160.0
2021-10-06,7.7946498128218655,7.817917322480812,7.717091183128673,7.77913761138916,2472511.0
2021-10-07,7.786893551456176,7.856696071888974,7.779136659199179,7.825671672821045,2806152.0
2021-10-08,7.833428565078042,7.879963578699908,7.802404166010112,7.825671672821045,3096685.0
2021-10-11,7.8334292014335976,7.887719526742754,7.810161692732508,7.872208118438721,2514599.0
2021-10-12,7.856696497697492,8.058348762647846,7.825672096948137,7.980790138244629,6480061.0
2021-10-13,7.988545894622803,8.01957029711466,7.918743366486429,7.988545894622803,2920717.0
2021-10-14,7.996302445148717,8.042837461912592,7.926499127512838,7.949766635894775,8357943.0
2021-10-15,7.98854501298759,7.996301905244587,7.810161058267108,7.825671672821045,3014756.0
2021-10-18,7.841183665128711,7.903230876644762,7.8334283580566995,7.887718677520752,2732800.0
2021-10-19,7.903231142804431,7.91874254996083,7.825671729552377,7.856696128845215,1942023.0
2021-10-20,7.864451165847801,7.895474771584221,7.79464864730835,7.79464864730835,2150676.0
2021-10-21,7.794648290975711,8.143662452697754,7.794648290975711,8.143662452697754,6813850.0
2021-10-22,8.112639487578862,8.353071449376037,8.050592274053779,8.283268928527832,5406670.0
2021-10-25,8.275512831100421,8.477165878870066,8.275512831100421,8.376338958740234,5061985.0
2021-10-26,8.453896631331247,8.50043163566232,8.384093332344785,8.46940803527832,2967131.0
2021-10-27,8.469409355880044,8.477165455307887,8.360827133850172,8.407362937927246,3225391.0
2021-10-28,8.407364253191945,8.546969309793317,8.39960736006062,8.531457901000977,2775608.0
2021-11-01,8.531457128342304,8.562479943117378,8.345316277241709,8.384095191955566,3058896.0
2021-11-02,8.399605751037598,8.492676563433365,8.35307074108469,8.399605751037598,3994042.0
2021-11-03,8.399606285303712,8.438385991057727,8.298780159829272,8.430630683898926,3129754.0
2021-11-04,8.461652900800829,8.57023591075683,8.453897594188929,8.562479019165039,2987365.0
2021-11-05,8.577993409166147,8.717599266220892,8.570238100572658,8.663308143615723,5431833.0
2021-11-08,8.647793903795666,8.702085013608391,8.609014200005165,8.655550003051758,4375194.0
2021-11-09,8.686573607586167,8.779644421189394,8.655550003051758,8.655550003051758,5434596.0
2021-11-10,8.671061393761871,9.027831656542613,8.671061393761871,8.996808052062988,7235433.0
2021-11-11,9.035588461446347,9.423381566502616,8.919250133684454,9.400114059448242,8482966.0
2021-11-12,9.4001143528476,9.625034915543544,9.268264613764131,9.500941276550293,5983739.0
2021-11-15,9.578499232320727,10.377353777322558,9.376846967267474,10.206725120544434,7557864.0
2021-11-16,10.20672470284634,10.29979473137289,9.54747602581653,9.578498840332031,7808528.0
2021-11-17,9.617278170142301,9.880977630615234,9.617278170142301,9.880977630615234,5205357.0
2021-11-18,9.950780453469182,10.377353263008104,9.950780453469182,10.16794490814209,8404265.0
2021-11-19,10.18345805281667,10.369598918026545,9.873223541630242,9.896491050720215,5246188.0
2021-11-22,9.904245336557585,10.237747322413849,9.904245336557585,10.152433395385742,4422285.0
2021-11-23,10.315307295440412,11.152941544213352,10.315307295440412,11.059870719909668,15649071.0
2021-11-24,11.300303809104358,12.075890125850654,11.10640683367272,11.246012687683105,15836173.0
2021-11-25,11.33908315469052,11.897505760192871,11.33908315469052,11.897505760192871,9534499.0
2021-11-26,11.944038364048751,11.99832947273729,11.424394781959895,11.951793670654297,8131111.0
2021-11-29,12.052620401474746,12.331832058203034,11.672583413830665,11.913015365600586,8061781.0
2021-11-30,11.944038561783165,12.254273020859367,11.711362717476012,12.037109375,9217296.0
2021-12-01,12.238761347568987,12.642067429657589,12.03710989150467,12.595532417297363,9093874.0
2021-12-02,12.742893623245504,12.905766959882184,12.29305331883991,12.432659149169922,6662371.0
2021-12-03,12.486950315391638,13.433167585940918,12.455927499873019,13.301316261291504,9820684.0
2021-12-06,13.409898052054398,13.712375608847172,12.541240329010906,12.603286743164062,14581600.0
2021-12-07,12.820453141432791,12.882499561272615,12.680847309935682,12.874743461608887,7341065.0
2021-12-08,12.921278608564874,12.96781441453968,12.735137762135693,12.882499694824219,6232446.0
2021-12-09,12.882500038015092,12.913523645328096,12.673090886774826,12.828208923339844,7774812.0
2021-12-10,13.037616934766868,13.231513088450173,12.7584060613681,12.882499694824219,13212655.0
2021-12-13,12.898012053019851,13.099665113808733,12.866989236735472,12.975570678710938,8804387.0
2021-12-14,13.115175006991347,13.161710018532634,12.913522761985782,13.091907501220703,7327318.0
2021-12-15,13.89851996094644,14.317336706893412,13.239271232605816,13.49521541595459,17254074.0
2021-12-16,13.727889855010536,14.146706581115723,13.572772607748618,14.146706581115723,13508583.0
2021-12-17,14.968829648025805,15.248041331378335,12.781674367561216,13.898519515991211,15299441.0
2021-12-20,13.898520254215667,14.526746178882252,13.262539021397961,13.960567474365234,14125223.0
2021-12-21,13.945052908690265,13.945052908690265,12.564508438110352,12.564508438110352,6694612.0
2021-12-22,11.804433920249064,12.114668410390838,11.30805778503418,11.30805778503418,9512365.0
2021-12-23,11.478689375197124,11.633805846056251,10.540228109206806,11.246012687683105,6255544.0
2021-12-24,11.401129243246416,11.509711479348102,11.176209463100125,11.447664260864258,7488958.0
2021-12-27,11.478686121371972,11.78892056012936,10.904751458682915,11.052112579345703,10600244.0
2021-12-28,11.191720652981047,11.253767870253549,10.703100600062749,10.819438934326172,4743595.0
2021-12-29,10.873730587193506,11.897505760192871,10.834950876364545,11.897505760192871,9990313.0
2021-12-30,12.393880122741715,12.61880068351319,11.82770146329114,11.90526008605957,15692981.0
2021-12-31,12.021596749739567,12.254272585785838,11.424394565481885,11.680337905883789,6669935.0
2022-01-03,11.866479154524155,12.176714406090316,11.486442179902795,12.037109375,5378647.0
2022-01-04,12.060377837799106,12.300809007930892,12.013842031250675,12.130180358886719,5082894.0
2022-01-05,12.303019221450514,12.491571218640223,12.18517392217366,12.468002319335938,3256222.0
2022-01-06,12.42872108799806,12.55442215187189,12.130180358886719,12.130180358886719,4596745.0
2022-01-07,12.12232505140527,12.240170362928989,11.823784291266623,11.902347564697266,4613101.0
2022-01-10,11.957342153407616,12.177319644108351,11.902347780732432,11.988767623901367,4235185.0
2022-01-11,12.090898277328263,12.122323743861996,11.768788650179502,11.973052978515625,3490250.0
2022-01-12,12.012334915768028,12.13018021363295,11.70593762297248,11.823782920837402,4958251.0
2022-01-13,11.839495037861212,11.910201728850334,11.658798822963433,11.666654586791992,4111221.0
2022-01-14,11.666656341989958,11.988766790081453,11.658800576979532,11.863065719604492,5320781.0
2022-01-17,11.918058659638707,12.153749258190848,11.894489760334578,12.130180358886719,4389450.0
2022-01-18,12.138037415379948,12.350158334449334,11.533100128173828,11.533100128173828,4587659.0
2022-01-19,11.430965672410462,11.611661900876506,11.226701347933693,11.580236434936523,4750903.0
2022-01-20,11.611662379333467,11.776645480249922,11.234558378025982,11.31312084197998,3991369.0
2022-01-21,11.320979116867791,12.043760907248377,11.320979116867791,11.81592845916748,7502955.0
2022-01-24,11.753077149923692,12.436577683685474,11.713795113288123,11.729507446289062,9489447.0
2022-01-25,12.216600269238665,12.216600269238665,11.540954738695907,11.878777503967285,6075850.0
2022-01-26,11.957339522843082,12.028047016587552,11.643085689795619,11.666654586791992,4663810.0
2022-01-27,11.47024853183762,11.760932707901292,11.313121190818306,11.705938339233398,3328033.0
2022-01-28,11.745219656512592,11.988766016746126,11.627375161403085,11.823782920837402,4948503.0
2022-01-31,11.870921152666764,12.303019523620605,11.870921152666764,12.303019523620605,5062514.0
2022-02-01,12.303019834005033,12.483715272838142,12.13018096291633,12.138036727905273,3381394.0
2022-02-02,12.224457029018199,12.232312794305443,11.92591627370456,11.941629409790039,2414862.0
2022-02-03,11.980910198597291,12.004479901848313,11.753076958636623,11.768789291381836,1813701.0
2022-02-04,11.760934096486608,11.996623931709717,11.658801914832148,11.910204887390137,2830543.0
2022-02-07,11.933771980807734,12.098755081269887,11.745219980673193,12.090898513793945,2763314.0
2022-02-08,12.083042169809294,12.303019641160931,12.035904369592645,12.177318572998047,3498949.0
2022-02-09,12.200887256419117,12.263738190762055,11.988766356455999,12.122323989868164,3953345.0
2022-02-10,12.130181485634012,12.216601326280127,11.996623039245605,11.996623039245605,2693686.0
2022-02-11,11.980909564831702,12.075185964582358,11.839496169338855,12.035903930664062,1942551.0
2022-02-14,11.753076820938295,11.8316392864994,11.210989707625204,11.4309663772583,4922847.0
2022-02-15,11.438823718167706,11.713795577241173,11.368117012729748,11.533100128173828,2893268.0
2022-02-16,11.59594876652881,11.690224361593348,11.564523300588828,11.580236434936523,1795620.0
2022-02-17,11.595949706301672,11.729507345303977,11.4152542659469,11.517386436462402,1879492.0
2022-02-18,11.517385120533259,11.658799311188728,11.485960458392382,11.627374649047852,1586517.0
2022-02-21,11.635230213919247,11.70593690665824,11.085287397297893,11.226700782775879,3517087.0
2022-02-22,10.951729755533057,10.951729755533057,10.566769997221297,10.88887882232666,4526289.0
2022-02-23,10.849599003215348,10.959587749263871,10.60605260878726,10.661046981811523,4486308.0
2022-02-24,9.616153463187079,10.056108427654733,9.600441932678223,9.600441932678223,7369280.0
2022-02-25,9.741854993263503,10.52748848635751,9.490452050701892,10.040395736694336,5489511.0
2022-02-28,9.741855548624988,9.977546171918213,9.443314788175012,9.624011039733887,5114780.0
2022-03-01,9.639720706913986,9.8125611596349,9.482594993021753,9.616151809692383,2614083.0
2022-03-02,9.624009424177714,9.741853913286585,9.459026336669922,9.459026336669922,2512069.0
2022-03-03,9.427602388441509,10.221092556499713,9.427602388441509,10.056109428405762,7333584.0
2022-03-04,10.056107870532097,10.22109097306717,9.781136032973643,10.04825210571289,5347767.0
2022-03-07,10.048251886815848,10.354649185242737,9.953975486240102,10.331079483032227,4911055.0
2022-03-08,10.213235505399009,10.527488584462944,10.173953469138281,10.221091270446777,3789881.0
2022-03-09,10.283941751591382,10.983155383449265,10.166097253542851,10.920305252075195,7925573.0
2022-03-10,10.99886812270434,11.572380710286032,10.99886812270434,11.336690902709961,9353600.0
2022-03-11,11.375972112109652,11.643087387354349,11.124569169568277,11.242414474487305,6452842.0
2022-03-14,11.32097889158239,11.470248866461086,11.187420447130782,11.203133583068848,3812155.0
2022-03-15,11.19527530670166,11.234557337796902,11.030292221061304,11.19527530670166,3285842.0
2022-03-16,11.203133026514884,11.289552058859131,11.13242632657265,11.187419891357422,2477346.0
2022-03-17,11.203133169520715,11.258127537762928,11.124569098241444,11.15599536895752,2926313.0
2022-03-18,11.210989927897636,11.97305372581678,11.210989927897636,11.949484825134277,11850036.0
2022-03-21,11.918060653302014,12.263740041602581,11.863067080896625,11.910204887390137,4942037.0
2022-03-22,11.965197761834872,12.10661116357885,11.894490258207426,11.957341194152832,4134801.0
2022-03-23,12.012336537207355,12.318733871360777,11.918060125638792,12.051618576049805,8415211.0
2022-03-24,12.098755296739563,12.389439468216464,12.059473261415707,12.145893096923828,4445116.0
2022-03-25,12.208742821396864,12.216600191505474,12.051617093621147,12.130180358886719,3087304.0
2022-03-28,12.21660021037569,12.515140137192743,12.177318176304516,12.193031311035156,4014038.0
2022-03-29,12.25588255596558,12.884389538958674,12.161606147276641,12.4601469039917,11747512.0
2022-03-30,12.507284372582848,12.522996704558063,12.130180377623446,12.193031311035156,4309396.0
2022-03-31,12.295162506890742,12.632986068725586,12.177318011780235,12.632986068725586,5331460.0
2022-04-01,12.570135296131706,12.61727309477579,12.35801359672248,12.499427795410156,4523694.0
2022-04-04,12.570135296131706,12.727261826782268,12.460145761369802,12.499427795410156,7371787.0
2022-04-05,12.538710098880225,13.002233965864107,12.538710098880225,12.805826187133789,9861201.0
2022-04-06,12.750831277214768,12.750831277214768,12.41300849923496,12.452290534973145,6511885.0
2022-04-07,12.48371381261245,12.750829859878422,12.460144914891558,12.648696899414062,4651839.0
2022-04-08,12.711549567258968,12.939383614317542,12.664411765369431,12.750831604003906,4540581.0
2022-04-11,12.829394531115168,13.080797472384921,12.735118929861173,12.790112495422363,7401244.0
2022-04-12,12.80582563080167,12.91581436743497,12.538709554152609,12.790112495422363,6807358.0
2022-04-13,12.879269538579221,12.944112774140983,12.56316466607843,12.652322769165039,5887519.0
2022-04-14,12.709060212806294,12.709060212806294,12.5469541874382,12.579376220703125,3938668.0
2022-04-15,12.58748144611781,12.82253457194057,12.579376765641792,12.676639556884766,4262697.0
2022-04-18,12.684744069201098,12.725270783809309,12.603692296367338,12.619901657104492,2673481.0
2022-04-19,12.676639598515546,12.854954992443712,12.628008202734351,12.733376502990723,8384684.0
2022-04-20,12.806321859672824,12.830637554265355,12.619900154144704,12.668532371520996,6956911.0
2022-04-21,12.749584680316854,13.252112060792536,12.733374493678186,13.025163650512695,11250084.0
2022-04-22,13.00895572408439,13.00895572408439,12.611798189333005,12.644219398498535,6325936.0
2022-04-25,12.619901520283854,12.660428234452688,12.474007336935223,12.595585823059082,5499112.0
2022-04-26,12.700954532314833,12.806322826232233,12.433481043418157,12.522638320922852,6424224.0
2022-04-27,12.538851162809081,12.822535709418785,12.384851453616049,12.75769329071045,5293395.0
2022-04-28,12.75769247267292,12.83874507676545,12.636113152438444,12.782008171081543,3328899.0
2022-04-29,12.822534112057937,12.863059997558594,12.733376004488655,12.863059997558594,2446404.0
2022-05-05,12.927903734320454,13.000850832619264,12.81442908998109,12.879271507263184,5335481.0
2022-05-06,12.846852243270911,13.000851962460006,12.79011450207473,12.960325241088867,4574368.0
2022-05-09,13.017060590910269,13.479060491794646,13.017060590910269,13.26832389831543,7577790.0
2022-05-10,12.879270330320871,12.88737583878828,12.563165438387816,12.741480827331543,3063865.0
2022-05-11,12.64421862114052,12.798219148161097,12.603692733318669,12.725271224975586,3930448.0
2022-05-12,12.700954948621524,12.725270645846296,12.546954428609538,12.595585823059082,4179296.0
2022-05-13,12.619901740392661,12.757692074055162,12.563165664672852,12.563165664672852,3070388.0
2022-05-16,12.563165581759126,12.644218182784218,12.538849884270732,12.619901657104492,2431889.0
2022-05-17,12.619902870480828,12.676640607664067,12.522640071175644,12.644219398498535,2468525.0
2022-05-18,12.644219398498535,12.798219934986959,12.571271470828236,12.644219398498535,3872044.0
2022-05-20,12.733376610279683,12.790112687041562,12.546954877895438,12.555060386657715,3516737.0
2022-05-23,12.619904052239448,12.652326092632471,12.36053601101016,12.409168243408203,2622900.0
2022-05-24,12.409167395780463,12.457798796665173,12.360535166704318,12.401061058044434,3588210.0
2022-05-25,12.409166198084852,12.61990197218187,12.409166198084852,12.555060386657715,5760389.0
2022-05-26,12.644218182784218,12.652323691344126,12.555060073199218,12.619901657104492,3511940.0
2022-05-27,12.619902149057323,12.676639882997119,12.579377089252013,12.636113166809082,1907734.0
2022-05-30,12.652323405296029,12.903586711250563,12.595585674850746,12.863059997558594,2682696.0
2022-05-31,12.871165417394936,12.911691302616816,12.684743695162103,12.74958610534668,2312471.0
2022-06-01,12.798218318155962,13.13863972910064,12.725270399701357,13.041376113891602,6208979.0
2022-06-02,13.098112880527816,13.162955289997926,12.854954259110553,12.87116527557373,3332963.0
2022-06-03,12.936007735372836,13.3007456922691,12.936007735372836,13.252114295959473,6713926.0
2022-06-06,14.155269797467612,14.155269797467612,13.477902087072936,13.5734281539917,6932121.0
2022-06-07,13.616849989897204,13.90342903137207,13.434481433668536,13.90342903137207,6568683.0
2022-06-08,13.981588015007214,14.658955799227222,13.530008387938713,13.816587448120117,11400098.0
2022-06-09,13.894744483755689,14.554745045499999,13.54737620293832,14.511322975158691,10627715.0
2022-06-10,14.502640338301653,15.718430159483093,14.216061297191867,15.55342960357666,16350176.0
2022-06-13,15.562113530578737,15.79658773588775,14.667638778686523,14.667638778686523,10750009.0
2022-06-14,14.780533209300584,16.126585769911046,14.719743973920846,15.874744415283203,20854588.0
2022-06-15,15.900797235728962,16.795271978968334,15.753165514153194,16.30027198791504,33569752.0
2022-06-16,16.1960607304338,16.1960607304338,15.336323639596856,15.718429565429688,21229118.0
2022-06-17,15.831324842446262,16.5781679235793,15.831324842446262,16.143957138061523,52773982.0
2022-06-20,16.326324460147827,16.812641720228044,15.89211368560791,15.89211368560791,6361714.0
2022-06-21,15.961589917248066,16.161328164597073,15.588169982287395,15.614221572875977,5783892.0
2022-06-22,15.631588030751791,16.352377857025594,15.631588030751791,16.15264129638672,7726448.0
2022-06-23,16.143954720717176,16.63027026389059,15.987638596315824,16.27421760559082,6150989.0
2022-06-24,16.413167239433548,16.50000972716887,16.03974570163955,16.09185218811035,2652260.0
2022-06-27,15.640273094177246,15.640273094177246,15.640273094177246,15.640273094177246,32315.0
2022-06-28,16.41316517354941,16.456587240142984,15.761849082088064,15.80527114868164,2428882.0
2022-06-29,15.848695826470731,16.057116833093986,15.553432319658725,15.614221572875977,2215674.0
2022-06-30,15.596850094857201,15.857377551213302,14.971587181091309,14.971587181091309,6208340.0
2022-07-01,14.9281672773817,15.388429650176652,14.632903810570784,14.954218864440918,3636243.0
2022-07-04,15.01500960793342,15.45790314711039,15.01500960793342,15.136588096618652,2388318.0
2022-07-05,15.093166111925024,15.431851649536025,14.771851059575777,14.988956451416016,3262828.0
2022-07-06,15.197378615258446,15.588169013632506,15.09316729023109,15.414484024047852,3727284.0
2022-07-07,15.336325275825992,15.874747394961053,15.310272031609172,15.605535507202148,2752213.0
2022-07-08,15.64027162938206,16.05711355759681,15.553429146908341,15.65764045715332,1296245.0
2022-07-13,15.848692957007303,16.986324699997134,15.735798886669851,16.916851043701172,6803461.0
2022-07-14,16.942902044958625,17.837376700793886,15.909480094909668,15.909480094909668,6240949.0
2022-07-18,16.248167573675275,16.248167573675275,15.952905749318072,16.117904663085938,2379681.0
2022-07-19,16.282902232535616,17.663692474365234,16.12658610608208,17.663692474365234,5295835.0
2022-07-20,17.66369697784903,18.16738148240474,17.385802307250415,17.472644805908203,4123959.0
2022-07-21,17.490009542183405,17.767904174039653,16.725799304578732,16.73448371887207,2981372.0
2022-07-22,16.83869393601346,17.133957406247593,16.378431557882323,16.482641220092773,2596905.0
2022-07-25,16.52606240163788,16.838693027789677,16.430535502778444,16.456588745117188,1563678.0
2022-07-26,16.543431405317968,16.64764272982953,16.265536748464218,16.28290557861328,2377613.0
2022-07-27,16.3871145708565,17.021061873626493,16.317640916530785,16.586851119995117,4348556.0
2022-07-28,16.69974534557821,16.760534586642162,16.22211417460496,16.291587829589844,4012906.0
2022-07-29,16.36974500738434,16.64763961219627,16.23948211842656,16.25684928894043,5392407.0
2022-08-01,16.274218104167872,16.673692840585467,16.256849277283955,16.491323471069336,2375188.0
2022-08-02,16.52606321501489,16.604221289495268,16.196062088012695,16.196062088012695,1710843.0
2022-08-03,16.2481678935643,16.62158945928625,16.239485134885808,16.39579963684082,1849880.0
2022-08-04,16.517376841514174,16.56948166619389,16.378429538113252,16.43053436279297,2112273.0
2022-08-05,16.473958261182997,16.526064753275172,16.23080125695097,16.26553726196289,1396074.0
2022-08-08,16.33500999343329,16.517379392552236,16.300273990409487,16.465272903442383,2249238.0
2022-08-09,16.5000087273879,17.281587756882388,16.439219486571368,16.986324310302734,5771301.0
2022-08-10,16.986323427038975,17.055797078128567,16.71711323611462,16.83869171142578,2376338.0
2022-08-11,16.9342220060366,17.116589755653234,16.7865902607543,17.029748916625977,2985563.0
2022-08-12,17.03843280958707,17.82001193155724,16.925537072099296,17.68106460571289,3386033.0
2022-08-15,17.854745113548187,18.54948328937518,17.5768505057704,17.646324157714844,3103715.0
2022-08-16,17.715797957150127,17.767902782446626,16.830007645196986,17.35106086730957,3094034.0
2022-08-17,17.06448233268026,17.559482328140238,16.74316730169654,17.455272674560547,5181966.0
2022-08-18,17.472642285112983,17.594220771863903,16.968957853224317,17.316326141357422,2750517.0
2022-08-19,17.62895574472513,17.83737836183669,17.229482650756836,17.229482650756836,5126555.0
2022-08-22,17.229485496601196,17.368432826704204,16.99501125590881,17.029748916625977,4016560.0
2022-08-23,17.038432964269894,17.142642631407835,16.951590470733084,16.977642059326172,2765131.0
2022-08-24,16.99500916905689,17.029746825508546,16.413166674552613,16.456588745117188,2337579.0
2022-08-25,16.482642100561282,16.803958831703458,16.343694772603257,16.517379760742188,3187860.0
2022-08-26,16.543430980724395,16.725800379843342,16.3784320676915,16.465272903442383,1971457.0
2022-08-29,16.46527101434512,16.46527101434512,16.230798465783412,16.239482879638672,1303032.0
2022-08-31,16.256852129874908,16.430537116425597,16.05711555480957,16.05711555480957,2130541.0
2022-09-01,16.074484384741197,16.4913263648035,16.039746724877944,16.05711555480957,2610227.0
2022-09-02,16.100534311220112,16.456586969519883,16.0657966585165,16.27421760559082,2019520.0
2022-09-05,16.41316540647421,16.595534775990338,16.352376168762998,16.491323471069336,3358390.0
2022-09-06,16.59553488877638,16.92553431990104,15.78790265339293,16.777902603149414,4767040.0
2022-09-07,16.960273452676223,17.0210626961008,16.326324462890625,16.326324462890625,4186193.0
2022-09-08,16.47395926206605,16.74317118508312,16.33501192081083,16.352380752563477,3667610.0
2022-09-09,16.456587091552205,16.673692453412354,16.34369137581075,16.5607967376709,3057213.0
2022-09-12,16.76921993849444,17.325010865842444,16.708430694030444,16.96027374267578,6704734.0
2022-09-14,16.065800170898438,16.586853480690625,16.065800170898438,16.28290557861328,3839114.0
2022-09-15,16.291588462240576,16.656325579170687,16.230799218816,16.326324462890625,3224129.0
2022-09-16,16.500007996648122,16.777902603149414,16.18737573614291,16.777902603149414,6501429.0
2022-09-19,16.97763980443381,17.255536078119256,16.569482292318042,16.586851119995117,6345583.0
2022-09-20,16.63027064623311,16.908165248721215,16.282902393122985,16.439218521118164,4631133.0
2022-09-21,16.439219429161916,16.63895597868516,16.239482879638672,16.239482879638672,3117802.0
2022-09-22,16.239485475999047,16.265537065347363,15.987642403079704,16.03974723815918,3518599.0
2022-09-23,16.065801664508026,16.117906503416496,15.544748306274414,15.544748306274414,4896147.0
2022-09-26,15.544746560067196,15.857378871164643,15.475272897199183,15.683693885803223,3128399.0
2022-09-27,15.683692796239662,15.84869335523196,15.310271263122559,15.310271263122559,2843579.0
2022-09-28,15.336325488401288,15.336325488401288,14.563430786132812,14.563430786132812,5357080.0
2022-09-29,14.598165339460468,14.763165892635882,13.668954574768721,13.851323127746582,6321929.0
2022-09-30,13.877376656308163,15.02369289385694,13.877376656308163,14.685009002685547,6262913.0
2022-10-03,14.676324188230272,15.22343070440158,14.632903772323269,15.188693046569824,4624213.0
2022-10-04,15.284218676221835,15.318954674777782,14.902112753811087,15.110533714294434,3877909.0
2022-10-05,15.11921769304299,15.127902106527761,14.780533849049442,14.867376327514648,4047059.0
2022-10-06,14.902114630839693,15.579484080017046,14.876061386354221,15.431852340698242,7442889.0
2022-10-07,15.45790145980484,15.510007940453129,15.110533204062062,15.127902030944824,3446593.0
2022-10-10,15.284222455349092,15.701064479382794,15.197379952912996,15.544748306274414,5513216.0
2022-10-11,15.631588605620292,15.761851512723915,15.33632513278129,15.353693962097168,4627007.0
2022-10-12,15.362377093822431,15.423166334968682,14.841323852539062,14.841323852539062,5215364.0
2022-10-13,14.858692936460914,15.110534319318536,14.737112795690656,14.832639694213867,2880416.0
2022-10-14,14.988956707678827,15.188693274054852,14.936851876533499,14.98027229309082,3747312.0
2022-10-17,15.006325747711964,15.318956395359496,15.006325747711964,15.206062316894531,7643474.0
2022-10-18,15.240796774013623,15.735798423998515,15.214745188907756,15.371061325073242,9280300.0
2022-10-19,15.431851974686586,15.787904692296026,15.414483145441558,15.701062202453613,7175454.0
2022-10-20,15.727115724327835,15.996325956853665,15.570799571124851,15.579483985900879,10842313.0
2022-10-21,15.579484219692592,15.70106271561592,15.336325571463158,15.683693885803223,7652967.0
2022-10-24,15.779221074933647,16.59553787048515,15.770536659872345,16.39579963684082,13132214.0
2022-10-25,16.38711497042145,16.395797728089125,15.813955237780783,15.848692893981934,6688690.0
2022-10-26,15.926851745302637,16.326324872915297,15.926851745302637,16.143957138061523,6580689.0
2022-10-27,16.19606124497909,16.222114487244003,15.74448165068303,15.813955307006836,4912270.0
2022-10-28,15.822639351832546,16.03106031593992,15.65764045715332,15.65764045715332,1908936.0
2022-10-31,15.692375173864924,16.27421760559082,15.692375173864924,16.27421760559082,7960863.0
2022-11-01,16.335008511097023,16.456588651604335,16.083167128784062,16.17000961303711,4831910.0
2022-11-02,16.2568505332854,16.586851644045655,16.100536048400816,16.456588745117188,9009384.0
2022-11-03,16.586853208931345,16.925537109375,16.42185263798425,16.925537109375,10926572.0
2022-11-04,17.15132818096508,17.351064769844424,16.569485589077026,16.604223251342773,16212913.0
2022-11-07,16.638958319128427,16.890801387207592,16.604222315203984,16.803958892822266,10513140.0
2022-11-08,16.847377552566932,16.90816679537401,16.55211409631886,16.6215877532959,10459898.0
2022-11-09,16.803958954227326,18.254223149698547,16.803958954227326,17.611591339111328,35457940.0
2022-11-10,17.87211854439483,19.105277426350984,17.785276042998465,18.549488067626953,21037209.0
2022-11-11,19.1052759922103,19.34843464659079,18.56685384907593,19.053171157836914,21003940.0
2022-11-14,19.07053666311147,19.52211627185693,18.94895817475026,19.157379150390625,13531129.0
2022-11-15,19.27895929513451,19.765274904962027,18.740537199109895,19.157379150390625,15790865.0
2022-11-16,19.22685412030989,19.33106544342917,18.375801330969793,19.00106430053711,11621512.0
2022-11-17,19.001063010238067,19.05316949645072,18.25422159473277,18.288957595825195,7971474.0
2022-11-18,18.341062545776367,18.740535634983832,18.167377585714185,18.341062545776367,8079610.0
2022-11-21,18.51474789472056,18.51474789472056,18.028432271760284,18.393169403076172,7298141.0
2022-11-22,18.445270676903537,19.60895550684337,18.445270676903537,19.313692092895508,14773375.0
2022-11-23,19.487380049434044,20.095274140718214,19.27895907616096,19.800010681152344,15490505.0
2022-11-24,19.92159065046299,21.380539107010602,19.92159065046299,21.085275650024414,26004987.0
2022-11-25,21.10264093498567,21.25895706369234,20.581589381140095,20.61632537841797,18420034.0
2022-11-28,20.755276004282905,21.120013144217502,20.46001252641286,20.633697509765625,16783019.0
2022-11-29,20.842117893232718,22.613698709221197,20.65106574217586,21.86685562133789,40461937.0
2022-11-30,21.988435547047672,22.68317384931556,21.88422587835632,22.28369903564453,21737467.0
2022-12-01,22.717905837140353,22.735274664312566,22.005800486904914,22.231590270996094,37124691.0
2022-12-02,22.613698196319415,22.92632883128688,22.05790727209887,22.631065368652344,72985339.0
2022-12-05,22.978431815075034,23.273695253989533,22.526853899425685,23.152116775512695,162615990.0
2022-12-06,23.34316775586153,24.246326855391498,22.856852209551327,23.013168334960938,145935556.0
2022-12-07,22.943697404930383,22.943697404930383,20.720538701911767,20.79001235961914,116919519.0
2022-12-08,20.546853322300887,21.137380229303165,19.41790599283133,19.991064071655273,73153009.0
2022-12-09,20.02580107682243,21.12001246124178,19.817380097368652,20.824748992919922,95300365.0
2022-12-12,21.189484650338198,21.50211692601101,20.946327686043873,21.27632713317871,68919497.0
2022-12-13,21.450014539137992,21.76264519399489,21.172118231156734,21.258960723876953,125658607.0
2022-12-14,21.311064633942607,21.588959251905962,20.234220504760742,20.234220504760742,101917557.0
2022-12-15,20.824749833981688,22.24896240234375,20.807381004230045,22.24896240234375,205365605.0
2022-12-16,22.908960705160098,24.29843557375088,22.752646211073735,23.707908630371094,83859531.0
2022-12-19,23.70790639546216,23.82948653235623,22.70053758338311,23.082643508911133,101356549.0
2022-12-20,23.2389601594527,23.846854231859336,23.03053919265191,23.065275192260742,74697501.0
2022-12-21,23.186852139938566,24.055273543585965,22.94369355061964,23.221588134765625,116881079.0
2022-12-22,23.343169198534124,25.027907372851164,23.343169198534124,24.246328353881836,168423911.0
2022-12-23,24.40264523354261,26.660541534423828,24.211591437568114,26.660541534423828,182729577.0
2022-12-26,27.320542142661893,29.31791111636974,26.886331352170387,28.050016403198242,236815650.0
2022-12-27,28.171591128353963,28.275804089331253,26.382643374472885,26.538959503173828,119938129.0
2022-12-28,26.747382742831356,28.36264733566649,26.67790908595579,27.685277938842773,198355154.0
2022-12-29,27.963174463917948,30.29054447389749,27.963174463917948,29.647911071777344,148927014.0
2022-12-30,29.87370450067483,30.012651824794762,28.623175270829933,28.779491424560547,119020789.0
2023-01-02,29.31790719999888,30.04738136308996,29.300541685932536,29.38738250732422,72475314.0
2023-01-03,29.456858395898436,30.915806914944536,28.518964812377614,30.429492950439453,180374135.0
2023-01-04,30.828964732304613,31.593176616623342,29.943174362182617,29.943174362182617,133455004.0
2023-01-05,30.255808713540656,30.55107219041265,28.744753670074456,29.24843978881836,83988119.0
2023-01-09,30.65527625208053,30.724751557594953,29.092118318419903,29.752117156982422,152523472.0
2023-01-10,29.578440340544777,29.96054464486929,27.16422774097927,28.22370147705078,98221927.0
2023-01-11,28.501596017029605,28.727387483187787,25.913700103759766,25.913700103759766,95097642.0
2023-01-12,26.78212048135057,28.27580659331629,25.44475051192849,27.98054313659668,131069488.0
2023-01-13,27.598436136391346,28.466855988507625,27.12948772673833,27.251066207885742,79548682.0
2023-01-16,27.459489011713302,28.136858389183264,27.112119080877882,27.945804595947266,84227593.0
2023-01-17,28.050013572781012,29.265804988582644,27.997910403349433,28.484224319458008,87343546.0
2023-01-18,28.65791316370631,29.543703604480008,27.911070048185415,28.258440017700195,106252403.0
2023-01-19,28.0500157240177,28.53633299018845,27.216331821523863,27.494226455688477,67620058.0
2023-01-20,27.737382052292727,28.015274999653023,26.13948642438919,26.538959503173828,75885478.0
2023-01-23,26.83422680144422,26.868964460110156,25.583699247976863,25.79212188720703,68779232.0
2023-01-24,25.861593476173123,26.608434857445207,25.49685637131649,26.087383270263672,78743327.0
2023-01-25,26.208964856923767,26.452121851369352,24.52422644388904,25.357912063598633,72086098.0
2023-01-26,25.3058070913353,26.2784400966003,25.097386088003418,25.826860427856445,52777682.0
2023-01-27,25.65317496472807,26.087385766516565,24.750015701944275,25.080015182495117,46544843.0
2023-01-30,25.184226547159927,25.392647533611868,24.767384574256038,24.85422706604004,33886991.0
2023-01-31,24.64580266339315,26.83422534945028,24.57632900620321,25.774751663208008,78957645.0
2023-02-01,25.792121768847913,25.89633143160205,24.350542068481445,24.350542068481445,57256222.0
2023-02-02,24.29843557375088,24.697910364547738,21.918960627366175,23.707908630371094,74733892.0
2023-02-03,23.707907844490183,24.90633052077216,23.551593355585403,24.71527671813965,43536446.0
2023-02-06,24.228962245952236,24.663173044827307,23.030541169865458,24.628437042236328,9728707.0
2023-02-07,24.29843253265446,24.50685348840052,22.179485321044922,22.179485321044922,26313434.0
2023-02-08,20.303693771362305,20.303693771362305,20.303693771362305,20.303693771362305,250.0
2023-02-15,22.874227090832278,24.38528060913086,22.544225926197786,24.38528060913086,48268367.0
2023-02-16,25.201593407608033,25.531592862942645,23.117382049560547,23.117382049560547,60585526.0
2023-02-17,22.90896026428258,23.82948832013348,22.613698454657655,23.37790870666504,44024537.0
2023-02-20,23.499485778050566,24.24632881245295,22.61369708986976,23.482118606567383,45969597.0
2023-02-21,23.325804645611125,25.757384456758405,23.152119663508,24.628437042236328,108185409.0
2023-02-22,24.75001381906467,26.48685689408675,24.628435333855567,26.07001495361328,104317005.0
2023-02-23,26.22633069611269,27.35527801513672,25.878960761290585,27.35527801513672,70988158.0
2023-02-24,27.164225845041013,27.268435500262445,26.347909149354308,26.48685646057129,48881541.0
2023-02-27,26.50422348445961,27.39001377546016,26.313169702254104,27.00790786743164,47011437.0
2023-02-28,27.18159268933459,28.501593786382998,26.99054055280755,28.414752960205078,62644577.0
2023-03-01,28.571067954719194,28.91843455830167,28.2063292112778,28.27580451965332,50349749.0
2023-03-02,28.397384180927236,28.814226110270635,27.841594941802708,27.945804595947266,48836162.0
2023-03-03,28.05001737343822,28.71001965296319,26.660544120910192,28.258440017700195,60894916.0
2023-03-06,28.623173271756997,28.98791204257652,28.171593671714643,28.605804443359375,53927341.0
2023-03-07,28.744751243854168,29.213699663909924,28.44948779190409,28.623172760009766,49180923.0
2023-03-08,28.744755009970575,30.290547784597955,28.51896684078626,28.866336822509766,81088703.0
2023-03-09,29.09212153227041,29.404753816092477,28.848964561637814,28.90106773376465,37547353.0
2023-03-10,28.83159637451172,29.16159749396988,28.50159525505356,28.83159637451172,42155050.0
2023-03-13,28.970542227660395,29.00527988327274,27.9805422320648,28.171592712402344,44949773.0
2023-03-14,28.18896188339152,28.414753334855455,27.164225876090647,27.35527801513672,30158999.0
2023-03-15,27.268437721328205,27.35528021200795,25.80948917833321,25.844226837158203,49731307.0
2023-03-16,26.174223472911223,26.521593397923755,25.548960589377273,25.931066513061523,25725572.0
2023-03-17,26.278436439915822,27.424752626920963,26.035277808339742,26.05264663696289,35086053.0
2023-03-20,26.087383361543434,26.400013983669734,24.80211824788606,25.271066665649414,31170298.0
2023-03-21,25.39264600504946,25.444750834430202,24.663171768188477,24.663171768188477,20104931.0
2023-03-22,24.81949094679994,24.993175941144937,24.506858619532096,24.802122116088867,12402001.0
2023-03-23,24.87159606959736,25.809491405842433,24.750017565982425,25.601070404052734,23295938.0
2023-03-24,25.705277157427496,26.174223913882923,25.39264488220215,25.39264488220215,25243843.0
2023-03-27,25.618436380839476,25.878962189955953,25.16685676574707,25.16685676574707,15992304.0
2023-03-28,25.28843481676265,25.392644469221192,24.055276220119463,24.246328353881836,27264989.0
2023-03-29,24.14212194342033,24.836860278429164,23.39528042799318,24.38528060913086,25010962.0
2023-03-30,24.715275538350948,25.53159222678353,24.489487401916758,25.045276641845703,31878854.0
2023-03-31,25.08001272808994,25.878960591448653,24.975803073433315,25.44474983215332,47013640.0
2023-04-03,25.410013001216345,26.400012969970703,25.410013001216345,26.400012969970703,47290596.0
2023-04-04,26.556331500884514,27.598438045732156,26.486857841653517,27.372648239135742,40890386.0
2023-04-05,27.459489405308485,27.476856576993118,26.660541534423828,26.660541534423828,28427005.0
2023-04-06,26.834227003146154,27.18159531050291,26.521596354716447,26.764753341674805,31209958.0
2023-04-07,26.93843789371558,26.93843789371558,26.313173294067383,26.313173294067383,18942699.0
2023-04-10,26.556332766931533,27.251069392362385,26.400016612113898,27.216333389282227,24213435.0
2023-04-11,27.26843598001849,27.911067719799018,27.146857494660257,27.80685806274414,27259812.0
2023-04-12,28.020597151295245,28.301682922125345,27.388157936562585,27.634105682373047,27422713.0
2023-04-13,27.721946745662816,27.96789618340955,27.23004954556282,27.247617721557617,27425818.0
2023-04-14,27.37059134346398,27.880056714732813,26.948965175943588,27.054370880126953,35054933.0
2023-04-17,27.159778904976857,27.194913582074904,25.824627667381094,25.947603225708008,23971425.0
2023-04-18,26.527336396134466,26.861123327036623,25.42056655883789,25.42056655883789,23425133.0
2023-04-19,25.824627229079063,26.58004204089122,25.332730030300517,26.40436363220215,36228644.0
2023-04-20,26.334091965883292,26.685447099356676,26.123278885799262,26.650312423706055,11182917.0
2023-04-24,26.843555833692637,27.563834236058312,26.843555833692637,27.142208099365234,28170679.0
2023-04-25,27.19491418367319,27.704381253709904,25.789493560791016,25.789493560791016,60523384.0
2023-04-26,25.912465711706908,26.105710615567833,25.29759297381412,25.807058334350586,37983179.0
2023-04-27,25.912463283374034,25.98273430322847,25.33272695072662,25.402997970581055,27734849.0
2023-04-28,25.403000280354146,25.490839482007306,23.962443404658636,24.015146255493164,27046602.0
2023-05-02,24.067850473634262,24.507044831457492,23.242164611816406,23.242164611816406,24574574.0
2023-05-03,23.20702749680433,23.365137717076273,22.047554782001217,22.644859313964844,23776358.0
2023-05-04,22.3989111328125,23.470544709358364,21.959716796875,21.959716796875,28504674.0
2023-05-05,21.889446258544922,22.13539569529926,21.274573504355814,21.889446258544922,35387818.0
2023-05-08,22.01241843287708,22.679993987695642,21.67863149316447,22.644859313964844,20957213.0
2023-05-09,22.64486193935224,23.066488125364113,21.92458177734003,22.117828369140625,22138861.0
2023-05-10,21.871879801526955,22.100261080305813,21.028627395629883,21.028627395629883,24772410.0
2023-05-11,20.870515244904283,22.978647742538428,20.817812393196625,22.43404769897461,61191400.0
2023-05-12,22.34620907905486,22.469182961379897,21.18673625886597,21.344844818115234,43712810.0
2023-05-15,20.290779891330185,22.082692019898406,20.15023782930105,20.80024528503418,38151347.0
2023-05-16,20.87051578958046,21.836743698202362,20.8529476134216,21.344844818115234,48876613.0
2023-05-17,21.415114169831387,22.188097106335672,21.274572122356677,21.81917381286621,48848643.0
2023-05-18,21.977282718494376,22.398908835659466,20.81781005859375,20.81781005859375,39829874.0
2023-05-22,20.97592029068688,21.204301541451155,20.290778213787448,20.343481063842773,34250312.0
2023-05-23,20.501591659819475,21.01105702060824,20.37861778233739,20.642133712768555,43329055.0
2023-05-24,20.729971433910478,21.186733911063875,20.694835085486382,21.134029388427734,42414545.0
2023-05-25,21.134031053715397,21.450251512876097,20.448888959391805,20.466455459594727,39969577.0
2023-05-26,20.53672669582846,21.151599444818224,20.431320991963243,20.940786361694336,31691474.0
2023-05-29,21.555659018677595,22.609724429797943,21.30970958505279,22.43404769897461,44596607.0
2023-05-30,22.662427212736905,23.59352041730964,22.539453333994388,23.18946075439453,56505490.0
2023-05-31,23.312438286524188,23.59352241915252,22.557023423540354,22.715133666992188,50853814.0
2023-06-01,22.961079622294157,23.417842139246215,22.715131863468784,22.820537567138672,34684034.0
2023-06-02,23.94487630931811,25.086780956136213,23.54081663364524,23.980010986328125,114636645.0
2023-06-05,24.419203076468897,24.82326271470394,24.050279787381832,24.612449645996094,69254835.0
2023-06-06,24.61245098925342,25.01650897414713,24.384069733507378,24.77056121826172,65403750.0
2023-06-07,25.666515207073445,26.790853258438027,25.596244183575244,25.842193603515625,93447947.0
2023-06-08,25.648949706810424,26.140846890457993,25.28002640022639,25.8948974609375,60362486.0
2023-06-09,26.263822492804913,26.720585031036467,25.824628131134617,26.544906616210938,67053719.0
2023-06-12,26.79085418026078,27.282751361673444,26.12327859636117,26.26382064819336,88735975.0
2023-06-13,26.298957241277623,26.386796443330816,25.350297544968683,25.52597427368164,47479370.0
2023-06-14,25.525975431533478,25.94760328543505,24.26109689600927,24.54218101501465,56068575.0
2023-06-15,24.77056165665632,25.016509416894564,24.594883249006035,24.981374740600586,36615631.0
2023-06-16,25.034074940669733,25.315159022817834,24.54217779691055,24.577312469482422,32251480.0
2023-06-19,24.594880877800705,24.665151899007263,23.277297973632812,23.277297973632812,29093698.0
2023-06-20,23.242162108940423,23.997576859174043,22.961078018265585,23.207027435302734,30569740.0
2023-06-21,23.36513893217023,23.78676509122633,23.25973155470949,23.452978134155273,35670454.0
2023-06-22,23.593520754627033,24.9462384663149,22.75026674084011,24.893535614013672,75023931.0
2023-06-23,25.29759438259241,25.807059771500104,24.594884079062325,25.20975685119629,75863890.0
2023-06-26,25.22732194737438,26.053007764586386,25.209755447309515,25.807058334350586,51416944.0
2023-06-27,25.75435597181199,25.91246620314839,25.52597471270313,25.736787796020508,17407083.0
2023-07-03,26.263817845952428,26.73814847682201,25.930030927313016,26.31652069091797,69312202.0
2023-07-04,26.808424707392504,27.265187253613924,26.088146209716797,26.088146209716797,97265843.0
2023-07-05,26.123279441939616,26.720584019257146,25.91246635736757,26.492202758789062,50451884.0
2023-07-06,26.790855047447828,27.177346540193312,26.42193173059838,26.492202758789062,40533682.0
2023-07-07,26.492201917524827,27.704379209563033,26.457067242241926,27.66924285888672,69944689.0
2023-07-10,28.108438592813712,28.51249659339653,27.827354474948535,28.213844299316406,56103902.0
2023-07-11,28.653037523637394,28.8111477525567,27.65167497433969,28.055734634399414,48510361.0
2023-07-12,28.090870511223518,28.108438687497646,27.440863067622356,27.458431243896484,39407598.0
2023-07-13,27.511134672495935,28.301685867424528,27.28275340233807,27.300321578979492,56918251.0
2023-07-14,27.63410687354831,28.196275088654186,27.335456265818387,27.9678955078125,49285049.0
2023-07-17,28.6881729654511,30.111161629838332,28.67060479048499,29.320613861083984,73401314.0
2023-07-18,29.496293791125026,29.56656314385042,27.897624969482422,27.897624969482422,51213673.0
2023-07-19,27.897625911585045,28.56520153895496,27.493566229711416,28.231412887573242,71575461.0
2023-07-20,28.582765444719985,28.951687043134797,27.93275641554929,28.75844383239746,65617322.0
2023-07-21,28.74088058444947,29.162506776665985,28.371955572018074,29.10980224609375,59032906.0
2023-07-24,29.496296252256798,29.548997433501427,28.03816936518774,28.108440399169922,55127224.0
2023-07-25,28.196274184461608,28.319251409510922,27.265184364595576,27.546268463134766,44702912.0
2023-07-26,27.528702643028147,28.055736210570096,27.194913990914387,27.950328826904297,39806206.0
2023-07-27,28.10843613824605,28.617903151629374,28.09086796356524,28.371952056884766,38545198.0
2023-07-28,28.653036085537508,29.039529226069607,28.56519856311841,28.934120178222656,63879552.0
2023-07-31,29.33818225160076,29.636834526645323,29.021961801461014,29.53142547607422,72666476.0
2023-08-01,29.619266429960682,31.077391458853196,29.584130079677298,30.181434631347656,102553274.0
2023-08-02,30.198999794714407,30.40981117381671,29.671964645385742,29.671964645385742,68488124.0
2023-08-03,29.865211978428437,30.076026713798715,28.688171137011853,28.75844383239746,49955145.0
2023-08-04,28.898984889575235,29.77737344730352,28.582764472667222,29.461153030395508,42759357.0
2023-08-07,29.51385916317465,29.794943280859208,28.96925910400919,29.14493751525879,44867282.0
2023-08-08,29.26790879483128,29.654398584576686,28.776009957238923,28.934120178222656,46477504.0
2023-08-09,29.05709926589427,29.443589080448568,28.688174276321927,29.215206146240234,58925986.0
2023-08-10,29.496295114558347,30.058463364732457,28.038168283730542,28.14357566833496,64469657.0
2023-08-11,28.213845729585145,29.127370834350586,28.17871272616122,29.127370834350586,61886500.0
2023-08-14,29.689538220223277,31.25307242848859,29.689538220223277,30.023326873779297,97622343.0
2023-08-15,30.339547933427266,30.831443484128293,29.303048950468487,29.865217208862305,63377615.0
2023-08-16,29.953054202538535,30.761173572496936,29.60170072277203,30.40981674194336,65890064.0
2023-08-17,30.515220214154315,30.726031593256618,29.601695302613795,29.671964645385742,80160616.0
2023-08-18,29.812509192616815,30.058460289999527,27.66924212036981,28.284114837646484,67624988.0
2023-08-21,28.108437278053977,29.250341872317552,27.827353173336384,28.986825942993164,71824454.0
2023-08-22,29.127367924558307,29.215205450524003,28.196274735702517,28.336816787719727,53214596.0
2023-08-23,28.49492934684304,29.285480548372856,28.301686103747944,28.354387283325195,74839270.0
2023-08-24,28.54763074126178,29.021961410074642,27.071937561035156,27.071937561035156,66479324.0
2023-08-25,27.247618741501846,27.6165420742349,26.650314138467987,27.493566513061523,54068366.0
2023-08-28,27.880055300516155,28.248978597231215,27.75708142674226,27.915191650390625,43919782.0
2023-08-29,28.038168015217465,28.371954991713384,27.598973655126585,27.757083892822266,39100250.0
2023-08-31,27.93275717111009,29.39088213193724,27.79221512732386,28.811145782470703,81071864.0
2023-09-01,29.109800186561284,29.496293348505514,28.670605848560573,29.285478591918945,55957994.0
2023-09-04,29.671972827568016,30.585497991017284,29.408456855631176,29.777381896972656,81566240.0
2023-09-05,29.742241114885978,29.953052520751953,29.21520589864728,29.953052520751953,45474449.0
2023-09-06,30.269275042893945,30.374684103796415,29.390886306762695,29.390886306762695,53392087.0
2023-09-07,29.496294917907413,30.304410934448242,29.408454035161412,30.304410934448242,53954249.0
2023-09-08,30.515223148465658,30.884144772763023,29.84764589861312,30.07602882385254,52847237.0
2023-09-11,30.304407392513877,32.184158503343944,29.83007673348573,30.49765396118164,166740727.0
2023-09-12,30.708467835662752,33.53688049316406,30.6206303068704,33.53688049316406,163050481.0
2023-09-13,32.922008318010555,34.29229590645406,32.254434375407,32.44767761230469,210477905.0
2023-09-14,32.535514917601944,33.67741944040998,32.06118426402754,32.92200469970703,144727919.0
2023-09-15,32.90443993573765,34.0990491052405,31.973350057168112,32.23686599731445,120843995.0
2023-09-18,32.236868380316714,32.97471507774149,30.901717053986765,30.936853408813477,75152575.0
2023-09-19,30.989548485531525,31.200363222175458,30.234133759505063,30.35711097717285,66641784.0
2023-09-20,30.55035750928459,30.884146149085833,29.144936948206084,29.30304718017578,58977379.0
2023-09-21,29.23277565516792,30.726037155752426,29.162506299674742,30.690900802612305,62558101.0
2023-09-22,30.849006140981846,31.534151515239284,30.093591422392628,30.444948196411133,53328777.0
2023-09-25,30.86657930518439,31.288205491702037,30.63819971069915,31.059825897216797,52190672.0
2023-09-26,31.14766166032282,31.2179343628111,30.216571807861328,30.216571807861328,53041093.0
2023-09-27,30.321974464809074,30.95441532052411,30.058458558523323,30.269269943237305,52667004.0
2023-09-28,30.83144120069934,31.094960484243497,30.111162754128912,30.216571807861328,47581076.0
2023-09-29,30.39224840425822,30.69090070340978,30.216573340699576,30.585494995117188,40361164.0
2023-10-02,30.778746060434706,31.059830223935588,30.690905165098467,30.796314239501953,46480371.0
2023-10-03,30.86657954928678,32.30713653564453,30.813878369797216,32.30713653564453,102215352.0
2023-10-04,32.149022948529854,32.23686382317908,30.98955020945414,31.094959259033203,62268524.0
2023-10-05,31.270634748323747,31.83280630165681,30.357113094579464,31.780101776123047,59938074.0
2023-10-06,31.44631576538086,31.832808949874444,31.30577370305239,31.44631576538086,33894596.0
2023-10-09,30.72603516220188,30.72603516220188,29.338182811083648,29.373315811157227,40679519.0
2023-10-10,29.86521298034398,30.093592546435776,29.654398237901304,29.847644805908203,31253919.0
2023-10-11,29.953051317468148,30.251703589436456,28.670604705810547,28.670604705810547,42315246.0
2023-10-12,29.07466371419948,29.26791029436648,27.686811354308578,28.248979568481445,44083138.0
2023-10-13,28.19627612310146,28.670606828544067,27.809786298733588,28.213844299316406,33004483.0
2023-10-16,28.459795669862896,28.951691205129165,27.669244487060638,28.40709114074707,44767046.0
2023-10-17,28.477358253139386,29.10979914958277,28.090868455749966,29.03952980041504,32330469.0
2023-10-18,28.248982467134283,28.617907489782738,28.07330404448203,28.108440399169922,32944071.0
2023-10-19,28.19627530086208,28.670605992472602,28.055734921421326,28.44222640991211,29976245.0
2023-10-20,27.932760877010708,28.213845001875217,27.1597795336333,27.493566513061523,25329255.0
2023-10-23,28.108436242712155,28.28411463938645,27.317886808464547,28.003028869628906,25856613.0
2023-10-24,28.12600579840375,28.740878541559766,28.07330127157773,28.617904663085938,28241037.0
2023-10-25,28.82871442170019,29.09223033920065,26.2989559173584,26.2989559173584,29404743.0
2023-10-26,26.703014713101872,27.1949118896161,26.211117536587643,26.808422088623047,34939611.0
2023-10-27,26.84355895905226,27.58140562186831,26.738153250303412,27.388160705566406,30626751.0
2023-10-30,27.317886947426533,27.757081265953026,27.15977672469406,27.3530216217041,20430470.0
2023-10-31,27.528700591951896,27.634106292370724,26.615175586223902,26.720582962036133,15965621.0
2023-11-01,27.05437087880522,27.247617462121053,25.859763404222477,26.386796951293945,18729765.0
2023-11-02,26.615177785163155,27.511134689713938,26.52734025268815,27.493566513061523,21229450.0
2023-11-03,27.493566141926497,27.528702494757027,26.650313778716008,27.00166893005371,24243444.0
2023-11-06,27.405729146117743,27.7746524810791,27.265187082836608,27.7746524810791,18499660.0
2023-11-07,27.77464949419192,28.47735805963472,27.739513144453426,28.284114837646484,22731535.0
2023-11-08,28.61790517913225,28.705742707972643,28.0030307494952,28.477359771728516,18188472.0
2023-11-09,28.108435091354373,28.371951000178505,27.651672619025476,28.12600326538086,21357516.0
2023-11-10,28.14357646403529,29.742243727212028,28.090871932546204,29.232776641845703,41693273.0
2023-11-13,29.338180932628084,30.181433194565667,28.934119625178024,29.09222984313965,33889098.0
2023-11-14,29.09223129672671,29.51385744876196,28.600335794745646,29.35574722290039,25531828.0
2023-11-15,29.513860848650143,29.70710744713931,28.863855045929235,28.951692581176758,19879969.0
2023-11-16,28.98682563697956,29.355747263981634,28.916552936148612,29.074663162231445,21446075.0
2023-11-17,29.10979947190986,29.53142562394511,29.10979947190986,29.35574722290039,18569097.0
2023-11-20,29.53142902761824,29.830081338579685,29.51386085041025,29.601701736450195,19918641.0
2023-11-21,29.777376014809835,30.199002156779077,29.390882871581326,29.68953514099121,31449811.0
2023-11-22,29.707106768460577,31.11252740503626,29.601701058414175,30.70846939086914,59200657.0
2023-11-23,30.796314836290875,30.83144784431866,29.865221432408713,29.882789611816406,28531797.0
2023-11-24,29.917919473120588,30.409814986556764,29.759809243576992,30.2341365814209,21510877.0
2023-11-27,30.357115151736682,30.51522538826555,30.093595856997226,30.392248153686523,19562928.0
2023-11-28,30.4449479011377,31.51658303579291,30.251701342223086,31.35847282409668,52751254.0
2023-11-29,31.358477366050636,31.639561482936863,30.673331899201855,31.024688720703125,28167885.0
2023-11-30,31.0949604934346,31.481450304873714,30.79630820934491,30.884145736694336,27039410.0
2023-12-01,31.182797388429947,31.499017841734283,30.62062918290527,30.655765533447266,20850205.0
2023-12-04,30.6908977053353,30.936848801708084,30.49765448414056,30.620628356933594,22292479.0
2023-12-05,30.603060975408944,30.673330325632126,29.707104142252387,29.724672317504883,23898415.0
2023-12-06,29.83007959255847,29.95305347502927,28.49492835998535,28.49492835998535,23668430.0
2023-12-07,28.494923577430956,28.916549682617188,28.055730974406874,28.916549682617188,23416603.0
2023-12-08,28.969263076782227,29.285483590239803,28.723315277776315,28.969263076782227,18419012.0
2023-12-11,29.039530469172778,29.794941906359533,28.89898841681398,28.986825942993164,31026181.0
2023-12-12,28.96925720054973,30.199002647708035,28.898987851139218,30.09359359741211,28302045.0
2023-12-13,29.882780740227552,30.761169345110947,29.68953417490149,29.830076217651367,33607064.0
2023-12-14,30.128730929750983,30.86657755194348,29.84764682137164,30.216571807861328,37193961.0
2023-12-15,30.339547443392583,31.76253624331667,30.321979266753143,31.44631576538086,42983436.0
2023-12-18,31.270634748323747,32.605785904764524,31.235501748754704,31.780101776123047,39408933.0
2023-12-19,31.867934105202192,32.00847613292357,30.76116605574462,31.9030704498291,33247533.0
2023-12-20,32.5003813159003,33.290932472007235,32.27200173235103,32.67605972290039,50633518.0
2023-12-21,32.658487333900496,32.67605550741275,31.481446514871124,32.377403259277344,31655062.0
2023-12-22,32.43010503654293,32.623351598011375,31.323336890829427,31.376041412353516,24714800.0
2023-12-25,31.18279504026394,31.200363214211997,29.707101936492748,29.81250762939453,16174358.0
2023-12-26,30.12873175530628,30.497656751904856,29.548995347040204,29.988189697265625,18867379.0
2023-12-27,29.7773801577429,30.181438181165095,29.408455137949503,29.601701736450195,25681902.0
2023-12-28,29.9530545779034,30.32197958968665,29.83008069090469,30.040895462036133,17351810.0
2023-12-29,30.09359680728962,30.39224911340973,29.83008085501591,29.865217208862305,15936124.0
2024-01-02,30.111162750544874,30.14629910178483,29.794942290959032,29.953052520751953,21211911.0
2024-01-03,30.131347825801523,30.50576280042629,29.27554702758789,29.27554702758789,22776235.0
2024-01-04,29.25771517329102,29.68561553955078,28.90112983441631,29.68561553955078,19859462.0
2024-01-05,29.68561715986178,29.828250623066975,29.275546378228107,29.667787551879883,13633972.0
2024-01-08,29.810418020248513,30.291807185448107,29.810418020248513,30.149173736572266,21147386.0
2024-01-09,30.291805563372993,30.737535492323126,29.75693100889263,30.024368286132812,22086679.0
2024-01-10,30.042200784084777,31.71814643049328,29.953052749321138,31.522024154663086,30866587.0
2024-01-11,31.593337734137346,32.16387492853175,31.04063354652833,31.43287467956543,23764702.0
2024-01-12,31.111950665135364,31.55768059786997,30.57707270546413,31.183265686035156,23906364.0
2024-01-15,31.2902437674557,31.50419565777733,30.808857965369405,31.04063606262207,18467923.0
2024-01-16,31.37939264962636,31.664659577297055,31.094125721955667,31.236759185791016,18468476.0
2024-01-17,31.022804260253906,31.218926529119408,30.791026179398973,31.022804260253906,15841315.0
2024-01-18,31.218927399194524,31.361560853076547,30.951490098246953,31.0762939453125,19299131.0
2024-01-19,31.18326823370232,31.236757054234324,30.57707520360544,30.648393630981445,13700514.0
2024-01-22,30.630566977746625,30.96932273914822,30.273981607781774,30.594907760620117,16662110.0
2024-01-23,30.826686623628106,31.183268562316478,30.345297435716486,30.380956649780273,20165762.0
2024-01-24,30.434441111869834,31.361560244435044,30.167003816112487,31.32590103149414,23526083.0
2024-01-25,31.450705439274458,31.93209462064697,31.254586565887337,31.504194259643555,23527795.0
2024-01-26,31.557686121706332,32.591779610631676,31.397223045782564,32.46697235107422,26483292.0
2024-01-29,32.538287795902086,33.037506586319715,32.395654341589875,32.80572509765625,27602648.0
2024-01-30,32.94835531174945,32.94835531174945,32.146043485388184,32.27084732055664,18192385.0
2024-01-31,32.2886816277737,33.62587160042275,32.19953358920712,33.215797424316406,42689950.0
2024-02-01,33.269284051861014,35.44444503958712,33.269284051861014,34.46384048461914,45828498.0
2024-02-02,34.51733070653912,35.37313145116822,34.12508614809671,34.8382568359375,28782960.0
2024-02-05,34.695618858569034,35.23049685719447,34.28554810674437,34.48167037963867,25636172.0
2024-02-06,34.67779541015625,35.19484044256219,34.57081776153431,34.67779541015625,31073674.0
2024-02-07,34.83825301388081,35.676224059316255,34.62430115087096,35.12351989746094,48476259.0
2024-02-08,35.21266452333617,35.78319829049643,35.016542265631266,35.12351989746094,24848290.0
2024-02-09,35.2661581958395,36.03281092563278,34.873913626412744,35.212669372558594,38454746.0
2024-02-12,35.604903435868,36.17544056838899,35.21266234536852,35.81885528564453,40520807.0
2024-02-13,35.89017645913794,36.03280991657612,34.8382568359375,34.8382568359375,25145201.0
2024-02-14,34.873907958991154,35.81885661282217,34.57081147762268,35.64056396484375,26204113.0
2024-02-15,35.6762253642721,36.2467591523012,35.64056615235788,35.801029205322266,29204771.0
2024-02-16,35.94366734585458,36.942101605281074,35.854522705078125,35.854522705078125,38473222.0
2024-02-19,36.0862928321314,36.56768194744023,35.4444406783863,35.55141830444336,33219588.0
2024-02-20,35.694057141475305,36.104127901484354,35.44444604354168,35.96149444580078,20547721.0
2024-02-21,36.10411852290993,36.37155575776466,34.92739196902996,35.26614761352539,21491457.0
2024-02-22,35.35530307351894,35.65839960619762,35.14135117959576,35.51576614379883,14147933.0
2024-02-23,35.58707915005124,36.67466136437347,35.480104909500625,36.514198303222656,32742929.0
2024-02-26,36.83512541726692,36.94209966069769,35.51576507945449,35.71188735961914,21772568.0
2024-02-27,35.64056827630432,35.711886704382884,33.94679641723633,33.94679641723633,24364116.0
2024-02-28,33.85764534745104,34.19640104916163,33.16230773925781,33.16230773925781,28304464.0
2024-02-29,33.411914821273676,34.01810779225731,33.233622170869765,33.697181701660156,20497298.0
2024-03-01,33.82198584109026,34.089426519427384,33.073159423175184,33.14447784423828,14935887.0
2024-03-04,33.358433409164775,34.26772306743805,33.03751064799498,33.10882568359375,28225984.0
2024-03-05,33.21579908267772,33.91114021561341,33.10882483170689,33.6080436706543,24187949.0
2024-03-06,33.590215008892436,34.32121197899035,33.447581536694074,33.98245620727539,25071154.0
2024-03-07,35.19483826699029,35.301812508349585,34.0894298380947,34.23206329345703,42844663.0
2024-03-08,34.41035230506165,34.51732994627143,33.9289665222168,33.9289665222168,31346209.0
2024-03-11,34.321205953668716,34.428180188874876,33.10881995250011,33.2514533996582,24065515.0
2024-03-12,33.28711747003061,33.48323976374162,32.28868319419751,32.44914627075195,19706151.0
2024-03-13,32.50262585244255,32.680918505521426,32.039066314697266,32.039066314697266,16426054.0
2024-03-14,32.110384275154495,32.57394380624408,32.05689545980396,32.27084732055664,16048639.0
2024-03-15,32.30650653079033,32.80572187146415,32.19952890008926,32.27084732055664,20440316.0
2024-03-18,32.30651280277579,33.037509751234865,32.30651280277579,32.44914627075195,16160130.0
2024-03-19,32.41348046949695,32.59177311841338,32.12821359149044,32.25301742553711,15759172.0
2024-03-20,32.28868353927795,32.41348740000964,31.611172008662805,31.62900161743164,18982518.0
2024-03-21,31.896435407067578,31.967753834226368,31.415049626344842,31.504194259643555,23082844.0
2024-03-22,31.61116743377381,32.28867886633691,31.539852409669606,31.84294891357422,29250546.0
2024-03-25,31.62899727252028,32.05689762224071,30.969318841944908,31.022804260253906,28935873.0
2024-03-26,31.04063622092596,31.076295436269746,30.04220199584961,30.04220199584961,22748506.0
2024-03-27,30.327467493337892,31.07629397714808,30.220493252979235,30.791027069091797,18830490.0
2024-03-28,30.8266886661843,31.29024487712913,30.57707755184856,30.701881408691406,20098261.0
2024-03-29,30.862341204027533,31.129778497521592,30.612733516853034,31.022804260253906,16555088.0
2024-04-01,31.129780789322115,31.14761039695431,30.202664996997644,30.470102310180664,18454792.0
2024-04-02,30.61273771838484,31.058467735600313,30.131348483636085,30.327470779418945,20158751.0
2024-04-03,30.23831915201366,30.345296791935464,29.79258918762207,29.79258918762207,13586294.0
2024-04-04,29.863906489442726,31.32590017347867,29.863906489442726,31.129777908325195,18160351.0
2024-04-05,31.522021624997397,32.6274299621582,31.040632477855013,32.6274299621582,22607847.0
2024-04-08,32.69875143088018,33.233626043774464,32.43131412443304,32.84138488769531,15952807.0
2024-04-15,32.52045470132427,32.87703999918714,31.735969086415622,31.825117111206055,17278368.0
2024-04-16,31.557684414671925,31.932095971141123,31.432877161865605,31.468536376953125,16050361.0
2024-04-17,31.77163024874314,31.93209330257717,31.05846300984171,31.11195182800293,14627333.0
2024-04-18,31.111953190817562,31.45070551872828,30.594904794559433,30.791027069091797,15852694.0
2024-04-19,30.68404479619931,31.82511565682484,30.345292519424657,31.7359676361084,16262130.0
2024-04-22,32.09255760361854,32.41348372375869,31.91426493680181,32.21736145019531,20990054.0
2024-04-24,32.484795196364864,32.55611361554946,31.896431840689548,32.23518753051758,14898593.0
2024-04-25,33.10882084011618,33.23362468464418,32.73440930653217,33.019676208496094,27523916.0
2024-04-26,33.144483119742034,34.9630623385147,33.09099429543106,34.67779541015625,30939435.0
2024-04-29,34.838256709713214,35.12352362355602,34.24988987418135,34.856082916259766,19976446.0
2024-04-30,34.85608253526108,34.85608253526108,33.60804065100316,34.23206329345703,24526646.0
2024-05-02,34.428180405648774,34.69561769567289,34.17857272171289,34.41035079956055,16424957.0
2024-05-03,34.41035305252671,34.552986509921595,33.71501537280789,34.000282287597656,14034139.0
2024-05-06,34.00028249464066,34.73127939332203,33.83981942901305,34.588645935058594,14645943.0
2024-05-07,34.55298618087198,34.802597279423374,33.9289669361181,34.26771926879883,17969272.0
2024-05-08,34.41035492020032,35.19484067877625,34.41035492020032,34.980892181396484,28735385.0
2024-05-09,34.98089103186801,35.19483952221709,34.58864646514481,34.90957260131836,14344537.0
2024-05-10,34.9987149976587,35.711885654886466,34.83825534049715,35.31964111328125,18864208.0
2024-05-13,35.33746974384733,35.33746974384733,34.321206006208975,34.37469482421875,25144767.0
2024-05-14,34.365478015762704,34.54974402011968,33.2230351149965,33.352020263671875,28960917.0
2024-05-15,33.48101109641032,33.60999626698348,33.2046138002418,33.370452880859375,15089955.0
2024-05-16,33.53629070882419,33.9785270690918,33.29674381706538,33.9785270690918,10629710.0
2024-05-17,34.10750566419039,34.91827392578125,34.033797861054175,34.91827392578125,11968866.0
2024-05-20,34.899846974997196,35.24994849614972,34.678727080170056,34.91827392578125,16423019.0
2024-05-21,35.01040803679795,35.673764261108715,34.86299593301575,35.45264434814453,27409408.0
2024-05-22,35.65533935631674,36.83463625429527,35.47107333736209,36.5582389831543,22556891.0
2024-05-23,36.55824107430976,38.41932129450088,36.41082895363037,37.62697982788086,30161773.0
2024-05-24,37.2584457564573,37.71910904802143,36.392400033566254,36.521385192871094,14211712.0
2024-05-27,36.5950903922756,37.42428214910682,36.24498533161437,37.074180603027344,15484667.0
2024-05-28,37.22159304932547,37.42428249509225,36.39239777024664,36.963619232177734,11439964.0
2024-05-29,39.04582075973739,39.11952505726221,37.27687192957677,37.40585708618164,31624773.0
2024-05-30,37.16631143615984,37.94022584268967,36.908341138843795,37.53484344482422,19172102.0
2024-05-31,37.534843376854035,38.32718121925874,37.09260356142493,38.30875778198242,27751654.0
2024-06-03,38.43774630507567,38.935259990595,37.921802151498504,38.76942443847656,22478131.0
2024-06-04,38.73256844542964,38.824699693264684,37.49799074569827,37.6638298034668,18387711.0
2024-06-05,37.70068389530266,38.36404019150506,37.129462370562905,38.01393508911133,17517678.0
2024-06-06,38.06921331242215,38.49302268801859,37.82966995239258,37.82966995239258,12495575.0
2024-06-07,37.99551001977273,38.52987761300839,37.44271195845286,37.608551025390625,14955386.0
2024-06-10,37.22159491153392,37.62697733793067,36.88991678330842,36.98204803466797,8715101.0
2024-06-11,36.94519554968278,37.25844673677168,36.65037131649112,36.72407913208008,12131807.0
2024-06-12,36.68722629679282,37.166316568380424,36.5582411303235,36.88991928100586,10412836.0
2024-06-13,37.25844370823886,38.9536846685852,37.203166365622415,38.787845611572266,23801393.0
2024-06-14,38.8247058458496,39.11953010314097,38.4746007223477,38.69572067260742,15865984.0
2024-06-20,39.064247477993696,39.3774986484009,38.19819826385394,38.95368576049805,19428531.0
2024-06-21,39.027394793157875,39.58018933960304,38.345611572265625,38.345611572265625,18232050.0
2024-06-24,38.34561025896215,39.24850986167614,38.2719059620987,38.99053955078125,19256876.0
2024-06-25,38.95368819289294,39.451205408944254,38.43774753735716,38.4745979309082,15801805.0
2024-06-26,38.437745250340605,38.60358431249041,38.01393236119004,38.179771423339844,12178387.0
2024-06-27,38.36403862840719,38.419319489032425,37.571697199022275,37.99551010131836,17645624.0
2024-06-28,38.23504985751883,38.4745932017765,37.77438660622342,37.92179870605469,23361835.0
2024-07-01,38.14292206918171,38.47459668791846,36.22656108315419,36.48453140258789,18415158.0
2024-07-02,36.42925381023256,37.313726483375866,36.20813388465574,37.2952995300293,13626296.0
2024-07-03,37.25844302002495,37.51641683426983,36.797779762294056,37.42428207397461,12926674.0
2024-07-04,37.42428615118795,38.60358660937427,37.42428615118795,38.4745979309082,18743612.0
2024-07-05,38.69571479268129,38.91683470934119,38.06921246249037,38.32718276977539,26735556.0
2024-07-08,38.529876618735976,38.86155474405246,37.40585708618164,37.40585708618164,21357222.0
2024-07-09,37.5348478430616,37.81124512465656,36.94519585718834,37.037330627441406,17757714.0
2024-07-10,37.03732639960705,37.77438690458505,36.853060394717126,37.497989654541016,17027986.0
2024-07-11,37.75596399307261,38.345612460155934,37.59012492238267,38.161346435546875,15369267.0
2024-07-12,38.2350509851406,39.06424626775951,38.124492785652016,38.82469940185547,20659651.0
2024-07-16,39.50648659997962,40.280401104307145,39.34064752658214,39.911869049072266,25644643.0
2024-07-17,40.003997129384935,40.18826314237217,39.61704166523542,39.801307678222656,16268864.0
2024-07-18,39.93029238550852,40.15141230153187,39.43277521039237,39.52490997314453,15575905.0
2024-07-19,39.506486665145545,40.42781329017032,39.156381563553126,40.298828125,20976571.0
2024-07-22,40.42780742768912,40.99902886828802,40.26196837806659,40.66735076904297,14442052.0
2024-07-23,40.75948792828751,40.796338319033396,39.70917271393809,40.188262939453125,14161429.0
2024-07-24,40.09613607479679,43.30235238265637,40.09613607479679,41.93878936767578,53496543.0
2024-07-25,41.9572128213875,43.2286409568851,41.79137375769965,42.989097595214844,22298055.0
2024-07-26,43.2102181888822,43.320776394862484,41.82822831309171,42.1414794921875,14925820.0
2024-07-29,42.1414763952333,43.173361109241256,41.92035648494072,43.08122634887695,19160653.0
2024-07-30,43.2839173344188,43.56031457375133,42.2520326674393,43.09965133666992,18653228.0
2024-07-31,43.37606055149452,43.63403088991355,42.675850326382474,42.952247619628906,16580110.0
2024-08-01,43.22863826290685,44.00255267369304,43.1917878735031,43.89199447631836,13035896.0
2024-08-02,43.025947218491574,43.54188779675512,42.252032836514665,42.71269607543945,15334485.0
2024-08-05,41.23857399476239,43.283920018924015,39.6538947508347,41.459693908691406,34701865.0
2024-08-06,42.04934603511752,42.98909960168332,41.29385849398108,42.233612060546875,21495902.0
2024-08-07,42.36259977435017,43.21022213652219,42.17833373782736,42.84169006347656,11167508.0
2024-08-08,42.65742024791816,42.95224447440316,41.84665186779342,42.1046257019043,17552538.0
2024-08-09,42.381023827557755,42.52843594376598,40.79634094238281,40.79634094238281,10568241.0
2024-08-12,40.79633469561867,41.128012784945895,40.2251132721004,40.53836441040039,13795841.0
2024-08-13,40.53837016501164,41.27543073782272,40.317250235877296,41.25700378417969,9524832.0
2024-08-14,41.44127244293399,41.64396543132265,40.92532825184572,41.128021240234375,7072087.0
2024-08-15,41.18329796156149,41.58868038297428,40.5199417132661,41.55182647705078,10006089.0
2024-08-16,41.79137202229403,42.17832747844255,41.312281804266,41.459693908691406,9388264.0
2024-08-19,41.920358798378395,44.039409199555855,41.920358798378395,43.76301193237305,26874108.0
2024-08-20,43.57874647769246,44.02098281380081,43.081229281602326,43.26549530029297,13842149.0
2024-08-21,43.19178637935944,43.707726958981034,42.62056143109039,42.67584228515625,8927854.0
2024-08-22,42.896968186184985,45.237135102284206,42.896968186184985,44.86860656738281,21360287.0
2024-08-23,44.88703180621735,45.47668025119525,43.339202880859375,43.339202880859375,19613331.0
2024-08-26,44.13154627079631,44.13154627079631,42.04934615242537,42.19675827026367,14433605.0
2024-08-27,42.178328575795284,43.523468017578125,41.8466504535634,43.523468017578125,12924129.0
2024-08-28,43.50504379051466,45.8267872770239,43.22864299494905,45.218711853027344,27227874.0
2024-08-29,45.144997505203584,45.734645889877264,44.70276121669832,44.960731506347656,12621501.0
2024-09-02,45.16343333208653,47.26405699394748,45.05287511687866,46.757328033447266,17834756.0
2024-09-03,47.17192122087854,47.2640524723074,46.11239425653684,46.71125793457031,12076156.0
2024-09-04,46.1123986680005,46.757328033447266,45.27399154729439,46.757328033447266,11778219.0
2024-09-05,46.98765808950076,47.678653061405186,46.526994774897815,47.63258743286133,10662359.0
2024-09-06,47.632584059725744,47.632584059725744,46.388791089628576,46.43486022949219,6163727.0
2024-09-09,46.11239262179939,46.57305589177656,44.94230749430753,45.14500045776367,8791240.0
2024-09-10,45.32926967839072,45.49510874849195,44.057837979142,44.51850128173828,9491266.0
2024-09-11,44.389514731889115,44.96073622517121,43.24706823074295,43.30234909057617,11701309.0
2024-09-12,43.83671898231329,44.26052835226141,43.00752368060449,43.910423278808594,9270310.0
2024-09-13,43.91042067478952,45.97419357299805,43.652450380481575,45.97419357299805,9327028.0
2024-09-16,45.734651127244724,45.734651127244724,44.242103043295536,44.3158073425293,10649021.0
2024-09-17,44.48164637516349,45.05287138805471,44.33423426222621,44.739620208740234,8125065.0
2024-09-18,44.6843405806208,44.887033559467206,44.11311906655977,44.13154602050781,8631646.0
2024-09-19,44.51850359554079,45.273991169897805,44.33423756200883,45.200286865234375,10920471.0
2024-09-20,45.237135140733784,45.32926991047401,44.020984296819535,44.13154602050781,10295398.0
2024-09-23,44.35266523671547,44.53693127323828,42.62057011673272,42.84169006347656,17888175.0
2024-09-24,42.970671174872415,43.74458564348427,42.62056609001463,42.9153938293457,18229308.0
2024-09-25,42.97067198474427,43.3760579373511,42.252038362696965,42.34416961669922,12398174.0
2024-09-26,42.491580534988465,42.98909772758394,41.47812271118164,41.47812271118164,15887395.0
2024-09-27,41.55182744354777,42.030917687951224,41.42284228439723,41.754520416259766,9175431.0
2024-09-30,41.31228602427476,42.123054438724594,41.220154767565944,41.7360954284668,8624985.0
2024-10-01,42.381019478652526,43.468185042097545,41.699236314536506,42.41787338256836,26213517.0
2024-10-02,41.95721012736561,43.13650693601849,41.95721012736561,42.41787338256836,12252716.0
2024-10-03,42.69426755864816,42.86010659974673,41.256997040654305,41.496543884277344,14412915.0
2024-10-04,41.68081328784283,41.97563749291096,40.51993990512803,41.957210540771484,8942635.0
2024-10-07,41.95721315525823,42.69427371385714,41.60710807195551,41.82822799682617,7282214.0
2024-10-08,41.69923963910238,42.76797833579708,40.92532516807643,42.1414794921875,9343048.0
2024-10-09,41.994064143876564,42.381019592285156,41.275427073917896,42.381019592285156,8844915.0
2024-10-10,42.381017165623135,42.786399542827574,40.92531967163086,40.92531967163086,11622452.0
2024-10-11,40.98060650869829,42.23361123976814,40.9069022087082,41.25700378417969,11879419.0
2024-10-14,41.29385445802188,41.55182475966033,39.24850845336914,39.24850845336914,12926367.0
2024-10-15,39.43277745996111,40.72263609542076,39.26693839212824,40.55679702758789,11290405.0
2024-10-16,40.261972029588904,41.75452009697528,40.16983726334162,41.44126892089844,11732949.0
2024-10-17,41.40441341884866,43.65245242450501,41.40441341884866,43.247066497802734,19606930.0
2024-10-18,43.320778378649536,44.29738586751276,43.17336625906473,43.984134674072266,19818003.0
2024-10-21,44.03940684932058,44.8133212648804,42.196753813662134,42.30731201171875,18341961.0
2024-10-22,42.417874945644584,44.42636709350696,42.19675502858316,44.334232330322266,18730289.0
2024-10-23,44.40793901196154,44.5737780668963,42.933814469717205,43.431331634521484,10950514.0
2024-10-24,43.873572071006045,44.48164749145508,43.67088260724443,44.48164749145508,12195903.0
2024-10-25,44.555353550492654,44.6843387081418,43.74458518366404,44.11311721801758,7587216.0
2024-10-28,44.02097823361771,44.31580242701483,43.9104200397392,44.14996337890625,2560589.0
2024-10-30,44.186821834946194,44.68433903053846,44.00255581643995,44.426368713378906,15590998.0
2024-10-31,44.463218792045126,44.85017777963922,43.33920276478467,43.37605667114258,10298444.0
2024-11-01,43.43133567817405,45.12657677511145,43.43133567817405,44.905460357666016,13631622.0
2024-11-04,44.8317471719505,45.1265713696169,43.763008576764356,44.039405822753906,12810676.0
2024-11-05,44.22367577244627,44.86860508037751,43.744585529828264,44.00255584716797,12502339.0
2024-11-06,44.66591434153955,48.277516537771085,44.57378308490688,47.862918853759766,40260104.0
2024-11-07,48.139310669837315,48.78423993675149,46.71125526675849,47.77077865600586,19303956.0
2024-11-08,48.09324826943825,50.120167452169746,47.86291662400472,49.42917251586914,20398159.0
2024-11-11,49.521303490503016,49.70556950873291,47.67865033736802,47.955047607421875,16198019.0
2024-11-12,47.95504805931837,50.765093441412844,47.95504805931837,50.6729621887207,24807747.0
2024-11-13,50.534759074182766,51.36395436209415,49.70556730085321,50.25836181640625,29278563.0
2024-11-14,50.67295704901142,51.73248392041432,50.16622818143764,50.58082580566406,14947354.0
2024-11-15,50.81115982470991,51.04149145852168,49.52130126953125,49.52130126953125,9889110.0
2024-11-18,49.06063952678102,49.19883991719627,47.862915696649225,48.64604187011719,12407933.0
2024-11-19,48.92243845507511,49.613433368364774,46.480925203534106,47.1258544921875,15828235.0
2024-11-20,48.41571318932928,48.507847960099966,45.052873134297464,45.108150482177734,17003923.0
2024-11-21,44.979164928915786,46.29666226560095,44.81332585754408,46.112396240234375,16001704.0
2024-11-22,46.15845700879843,47.31011515287605,45.69779375116738,47.2640495300293,14061199.0
2024-11-25,47.49438235765265,48.36964327216049,47.35618548562414,47.81684875488281,9312733.0
2024-11-26,47.816851429763425,47.816851429763425,46.29666115033744,46.52699279785156,9218932.0
2024-11-27,46.94158533931273,47.724711449494535,46.04789751990069,47.17191696166992,13537749.0
2024-11-28,47.264050935305875,48.18537747796128,47.21798531108947,47.586517333984375,10514581.0
2024-11-29,47.67864859787513,48.59997514082924,46.98765369065955,48.323577880859375,12633529.0
2024-12-02,50.672961932656236,50.765093184882815,48.46177673339844,48.46177673339844,15294588.0
2024-12-03,48.59997429272338,49.84376369817363,48.59997429272338,49.244903564453125,12535463.0
2024-12-04,49.47523289667146,49.75163013897164,48.78423803363018,49.1067008972168,7639835.0
2024-12-05,49.244905541162545,49.521302807403764,48.876373509786305,49.38310241699219,6265449.0
2024-12-06,49.65950416130268,49.75163541364329,49.106706103513,49.42917251586914,7466198.0
2024-12-09,50.25836278994257,52.699879562522824,50.21229716518447,51.7785530090332,27502155.0
2024-12-10,51.456082519930426,52.10101175906938,49.19883545481649,49.337032318115234,13017613.0
2024-12-11,49.47523992204467,49.93590322948534,48.73817933305602,49.06064224243164,12719707.0
2024-12-12,49.24490784079485,50.02803405081228,48.3696468613399,48.784244537353516,8332927.0
2024-12-13,48.69210598197614,49.52130126953125,47.862914209002845,49.52130126953125,8705235.0
2024-12-16,49.65949889639879,49.981961759985396,48.92243489748947,49.1067008972168,6384187.0
2024-12-17,49.15276712895367,50.85722325437286,48.830304261362244,50.350494384765625,16561700.0
2024-12-18,50.67296220740058,50.8572282274348,49.383103581743036,49.9359016418457,11126895.0
2024-12-19,49.38310197028331,49.5673679843046,47.95504651213663,48.36964416503906,10158394.0
2024-12-20,48.36964316337963,48.59997479749096,46.80338734850621,46.84945297241211,9243259.0
2024-12-23,47.07978820800781,47.44832025661044,46.434862394826354,47.07978820800781,8125187.0
2024-12-24,47.26405423230913,47.35618900175083,46.48092802225616,47.07978820800781,6304009.0
2024-12-25,47.54044907246502,48.00111235229349,47.35618657219916,47.402252197265625,5613868.0
2024-12-26,47.632587011181656,48.047184693570415,46.9876576735305,47.3561897277832,9350896.0
2024-12-27,47.49438474751447,48.646042978611234,47.356187868532054,48.2314453125,9471881.0
2024-12-30,48.46177485667299,48.507843995584196,46.2045276332978,46.388790130615234,11038353.0
2024-12-31,45.14500606662471,45.734654563120934,44.16839854768892,44.77647399902344,20157072.0
2025-01-02,45.218711928979346,46.11239635517436,44.813325969245994,45.91891860961914,15290149.0
2025-01-03,45.91891587185206,46.757322900519476,45.51353345087044,46.665191650390625,13549888.0
2025-01-06,46.80339283341202,47.21799052631563,46.15846347940443,46.204532623291016,8707666.0
2025-01-07,46.20452519708204,46.57305368686743,45.863631862938924,45.97419357299805,10479045.0
2025-01-08,45.863631686431916,45.90048558964312,44.7764661437729,44.85017395019531,11024378.0
2025-01-09,44.997589754191885,45.771504212453934,44.73961943963185,45.62409210205078,10439881.0
2025-01-10,45.67936832239957,45.88205775700583,44.75804184730073,45.03443908691406,13577543.0
2025-01-13,44.887031678494445,45.052870742495344,43.87357034131319,44.11311721801758,8840245.0
2025-01-14,44.334237914029075,45.3661263041685,44.149971879034005,45.089725494384766,13889096.0
2025-01-15,45.18186026917344,46.48093071974431,44.7027699840192,45.089725494384766,29343837.0
2025-01-16,45.531958393591204,46.57305842443798,45.14500291276686,46.52699279785156,26507190.0
2025-01-17,46.57305776554127,46.89552417624813,46.01104799122479,46.480926513671875,12217034.0
2025-01-20,46.71125567966639,47.44831619926285,46.388789286067954,47.310115814208984,15843707.0
2025-01-21,47.079783697277236,47.3101153269402,46.158457178625376,46.29665756225586,12951823.0
2025-01-22,46.3427231852721,46.57305481493506,45.91891383019187,46.29665756225586,9676290.0
2025-01-23,46.48092848255296,47.17192344458919,46.342728084312874,46.61912536621094,10549377.0
2025-01-24,46.80338896439784,47.4943838905885,46.80338896439784,46.94158935546875,15082801.0
2025-01-27,46.388790347019935,46.52699073523457,45.80835715151497,46.1584587097168,12495947.0
2025-01-28,46.29666210861266,46.34272773615257,44.831752659518045,44.86860656738281,20419821.0
2025-01-29,45.07129595800176,45.23713502854078,44.371089282623096,44.48164749145508,15392110.0
2025-01-30,44.61062937759086,45.660944585387576,44.444793833814366,45.14500045776367,16239029.0
2025-01-31,45.181857755069146,45.36612377981089,44.334235447089966,44.86860656738281,10191538.0
2025-02-03,44.62905505932719,44.62905505932719,43.08122623511176,43.118080139160156,12083584.0
2025-02-04,43.283926406091204,44.26053393863568,42.8601169826517,43.9657096862793,12030206.0
2025-02-05,44.02098897648441,44.62906446308318,42.89697278282151,43.560325622558594,14858216.0
2025-02-06,43.96570737034656,44.59220975224788,43.836722206057836,44.40794372558594,13121875.0
2025-02-07,44.51850026460718,45.49510770904793,44.22367603884808,45.476680755615234,13615530.0
2025-02-10,45.93733861076113,46.15845499661917,44.850173088977975,45.03443908691406,13919978.0
2025-02-11,45.03444406891403,46.57305776554127,44.90545891046408,46.480926513671875,19406819.0
2025-02-12,46.57305688774162,48.55391039683679,46.57305688774162,47.402252197265625,27816329.0
2025-02-13,49.337039806025565,49.70557185991775,47.31012053878286,48.0932502746582,36279205.0
2025-02-14,48.139314059845056,49.29097229094183,47.955048039953176,48.2314453125,19722436.0
2025-02-17,48.231445103089506,48.32357986992642,47.31011852221229,47.72471618652344,11034829.0
2025-02-18,47.72471772251345,49.93590299361717,47.49438606988107,49.29097366333008,21180467.0
2025-02-19,49.2909729917947,49.7977019177659,47.44831979583976,47.54045104980469,14628887.0
2025-02-20,47.72471756908063,48.50784729426227,47.49438591718875,48.047183990478516,10895120.0
2025-02-21,47.862916522553704,48.277514186371675,45.47668054033692,45.8636360168457,11947901.0
2025-02-24,46.434860791472204,46.98765533070655,45.42139945009994,45.93734359741211,8466709.0
2025-02-25,46.01104329633903,46.15845539303759,44.03940518502773,44.14996337890625,12329088.0
2025-02-26,44.11312119775632,45.36612601010193,43.85514734460252,44.77647399902344,15928890.0
2025-02-27,44.68433580607466,45.67937012545658,44.57377760878168,45.40296936035156,15446782.0
2025-02-28,45.16342761066198,45.38454401306609,44.35265926782258,44.7580451965332,17224452.0
2025-03-03,44.794898560379636,45.34769663224443,43.91042586289447,44.51850128173828,25081241.0
2025-03-04,44.59220712865201,44.92388173963077,44.205248143970564,44.53692626953125,19209457.0
2025-03-05,45.43982385527947,46.80338668823242,45.43982385527947,46.80338668823242,24944496.0
2025-03-06,49.70557134098479,49.70557134098479,48.00111500275589,49.29097366333008,32856374.0
2025-03-07,49.29097188791318,50.626896127978625,48.59997695490505,50.39656448364258,22446870.0
2025-03-10,50.44263302597097,50.811165084048376,49.29097473770679,49.61343765258789,21285362.0
2025-03-11,49.93590514450829,51.54822678238257,49.79770474114331,50.903297424316406,20629311.0
2025-03-12,52.51561467684447,52.79201194591147,50.304429495144554,50.626895904541016,33968919.0
2025-03-13,50.67296044192928,52.46954792415042,50.53476005307308,51.7785530090332,27271193.0
2025-03-14,52.05495360001274,53.759406427100664,51.317893013017475,52.976280212402344,33745450.0
2025-03-17,53.43694194552952,54.17400251082732,52.83807825927268,53.851539611816406,25796309.0
2025-03-18,53.52906930392203,56.70764649476701,53.43693805793071,56.29304885864258,39498956.0
2025-03-19,52.42348231978217,58.68850218303198,52.42348231978217,53.9897346496582,62860994.0
2025-03-20,55.14139091607485,56.66158108266189,54.91105928565752,56.06271743774414,47394866.0
2025-03-21,55.74025749109963,56.569452810023144,52.2392172276329,54.772865295410156,81567616.0
2025-03-24,55.740257266502994,57.628976024682984,52.976277567337554,55.003196716308594,45907794.0
2025-03-25,55.878455921751055,57.39864260032702,54.12793409415006,56.845848083496094,37424859.0
2025-03-26,56.7537179625651,60.39296230190084,56.29305465600343,59.10310363769531,35758368.0
2025-03-27,59.79409789401825,61.91314486177133,57.26044973773921,58.08964157104492,33511576.0
2025-03-28,57.95143829108358,58.872764791644016,56.84584578749474,58.642433166503906,17232393.0
2025-04-02,58.550309654438955,60.070496563622456,55.924530029296875,55.924530029296875,24987352.0
2025-04-03,55.97059003814028,58.596369399528875,55.97059003814028,57.76717758178711,20647183.0
2025-04-04,57.76717471366485,57.85930596175675,54.864994709205995,54.91106033325195,19061676.0
2025-04-07,53.11447837904853,55.970589351654056,52.97627798716227,55.27959442138672,24805404.0
2025-04-08,56.10878884975061,56.47731736460684,54.40433260682663,54.72679901123047,16069833.0
2025-04-09,54.63466340083891,57.12224577458394,54.542532152196515,56.38518524169922,26386541.0
2025-04-10,58.36603323076519,58.41210236811061,56.61551496367309,57.721107482910156,16897828.0
2025-04-11,57.58290825440276,59.93229372284783,57.26044537401082,59.51769256591797,20486676.0
2025-04-14,59.97835648076877,60.254757255045305,58.78063267903718,58.826698303222656,10549309.0
2025-04-15,58.82670438373316,59.84016227889515,58.64244186794531,58.96490478515625,11112873.0
2025-04-16,58.91735218380999,59.86839901929375,57.348123454079484,58.86980056762695,11870446.0
2025-04-17,58.774687053211494,60.91454581874461,56.872593597586814,57.77608871459961,18683991.0
2025-04-18,58.29916811621714,58.29916811621714,56.63483621616552,56.96770477294922,7180986.0
2025-04-21,57.06280540683795,57.871193698919306,56.11175865005732,56.92014694213867,9519789.0
2025-04-22,58.15651016329195,58.58447829805679,57.30056663785142,58.39427185058594,10007398.0
2025-04-24,58.869798374963246,62.388668632824746,58.869798374963246,61.58028030395508,23877485.0
2025-04-25,61.294963548311074,61.58028049156314,58.01385498046875,58.01385498046875,15424695.0
2025-04-28,58.441822673815295,61.627831417334676,57.918747694418194,61.05719757080078,18809838.0
2025-04-29,60.86699118861888,61.39006979651039,60.201257746902286,60.53412628173828,9138796.0
2025-04-30,60.96209999639996,62.24601175823227,59.39287491282221,60.86699676513672,14589279.0
2025-05-02,60.86699440614503,61.91314442131842,58.964900830953,59.63063430786133,12388035.0
2025-05-05,60.48657584086737,61.770487586921995,60.20126252262808,60.629234313964844,8930735.0
2025-05-06,60.24881487805851,61.627837127065504,60.20126326242689,60.86699676513672,12742309.0
2025-05-07,60.629234306215565,61.15231295553569,58.53693059280209,58.91735076904297,11306436.0
2025-05-08,59.44042370449236,59.82084386738333,58.299166843775,59.250213623046875,4850465.0
2025-05-09,61.485174314979844,65.95509117224191,60.96209569606344,64.71873474121094,24818564.0
2025-05-12,67.52432329511569,71.18585205078125,66.1453083273687,71.18585205078125,33645545.0
2025-05-13,71.37606668874682,71.7564796117266,65.62223052978516,65.62223052978516,35915273.0
2025-05-14,65.62223524205825,67.61943225476459,64.19566491070916,64.67118835449219,35011030.0
2025-05-15,64.52852198949971,64.67118045639455,61.43761998239261,62.959293365478516,25142070.0
2025-05-16,62.959294778182404,63.43481817456116,61.43762136095263,61.865596771240234,16837196.0
2025-05-20,62.95929662765761,63.24461357623073,60.81944490904912,61.0096549987793,18799417.0
2025-05-21,60.676783163870496,62.769086782201654,60.58167993810997,61.390071868896484,17056032.0
2025-05-22,61.81804393288228,61.86559917673371,59.297768382897864,59.53553009033203,19628402.0
2025-05-23,59.297764243245716,61.199857769931455,58.82224086157428,59.15510940551758,19995688.0
2025-05-26,60.72433537224399,61.4376204563093,60.248811982867124,60.439022064208984,16486732.0
2025-05-27,60.39146814281508,60.53412660535822,58.489374658002006,58.53692626953125,10346987.0
2025-05-28,58.489377717077275,58.917349499134815,57.53833092492968,58.29916763305664,11474564.0
2025-05-29,58.727140082687626,59.25021509872368,57.776093279729125,58.01385498046875,9170190.0
2025-05-30,57.918751903110014,59.060005167285944,57.348121643066406,57.348121643066406,14304126.0
2025-06-02,56.4921815469174,58.82224331180122,55.63623797307249,58.01385498046875,14726356.0
2025-06-03,58.15651177410717,60.29636701902265,58.15651177410717,59.39287185668945,8781046.0
2025-06-04,59.25021400455516,60.29636764526367,59.06000392188493,60.29636764526367,8556317.0
2025-06-05,60.15370482490176,60.53412496272358,59.63062985636324,59.91594314575195,2864632.0
2025-06-10,60.153707352013434,60.86699241942861,59.72573558597323,60.486572265625,8892298.0
2025-06-11,60.263552147937716,61.88842266131779,60.167973030842845,61.45831298828125,11563272.0
2025-06-12,60.215760917410954,61.123777089038256,58.92542464191023,59.929019927978516,13362937.0
2025-06-13,57.34834443661312,59.785648345947266,56.53591101553825,59.785648345947266,12466527.0
2025-06-16,59.068792848566794,60.64587374719426,58.304149000729936,59.546695709228516,9874371.0
2025-06-17,59.690070428976824,61.31494094986542,59.64228087020855,60.9326171875,9694538.0
2025-06-18,60.93261764710208,60.980407206230815,59.021006113075345,59.49890899658203,8683677.0
2025-06-19,59.54669610994375,60.02459897382148,58.11298751831055,58.11298751831055,6780320.0
2025-06-20,59.21216800196299,59.21216800196299,57.68287658691406,57.68287658691406,7031624.0
2025-06-23,57.68287391123131,58.590890077092666,57.25276425286862,57.73066711425781,6971055.0
2025-06-24,60.215764972928994,60.59808874866133,59.49891062801317,60.12018585205078,10363787.0
2025-06-25,60.12018016550601,61.219358182186994,59.73785642593626,60.21575927734375,10229477.0
2025-06-26,60.550292461880986,61.79284284674688,60.45471334586494,60.88482666015625,10077603.0
2025-06-27,60.88482860655681,60.980407725628375,58.87763429106678,60.072391510009766,11526475.0
2025-06-30,60.072391096828206,63.51329040527344,59.97681197841404,63.51329040527344,20869602.0
2025-07-01,63.89561900149474,65.902809808808,63.752246666925245,65.37712097167969,14459728.0
2025-07-02,65.2337449279394,65.85502014760175,63.36992656117176,63.75224304199219,16470270.0
2025-07-03,64.23014043239753,65.32931845113411,64.1823545224987,64.7558364868164,10508082.0
2025-07-04,64.66026004759854,65.56827258761699,63.800033419454216,64.70804595947266,8047452.0
2025-07-07,63.56108234867905,64.08677842784903,62.461904278190396,63.08317947387695,7887372.0
2025-07-08,63.17875629298524,63.51328683473813,61.21935895287891,61.697261810302734,9327073.0
2025-07-09,61.69726706438132,61.88842530674214,60.74145762202844,61.219364166259766,12917396.0
2025-07-10,61.69726494297036,62.50969838339824,61.69726494297036,62.031795501708984,10401425.0
2025-07-11,62.605276755247395,63.08317963124165,61.31494044850674,62.175167083740234,11544539.0
2025-07-14,62.366323227039146,62.74864697346478,60.40692223035406,61.36272430419922,11982358.0
2025-07-16,61.31493729402474,61.31493729402474,59.3555326863665,60.21575927734375,10517238.0
2025-07-17,60.502506172967664,61.55389473650095,60.12018604213627,61.219364166259766,10436841.0
2025-07-18,61.07599396113696,62.748654162697406,60.50250827579316,62.605281829833984,11058431.0
2025-07-21,62.65306932118477,65.1381627925834,62.414117885623,64.32572937011719,21294221.0
2025-07-22,64.42130449842938,65.61606160228668,63.99118756570956,65.0425796508789,17693165.0
2025-07-23,65.32931940527264,66.90640029934382,65.2815334946759,65.5204849243164,15048819.0
2025-07-24,65.56826962253305,66.61965443506705,64.56467801193101,65.28153228759766,13413471.0
2025-07-25,65.47269603599176,66.38070861157397,64.89921402550725,66.0939712524414,9698792.0
2025-07-28,66.4284987886682,66.52407790402101,64.89921106636568,66.14175415039062,10257799.0
2025-07-29,66.332916212603,66.76302585536064,63.60887145996094,63.60887145996094,16707380.0
2025-07-30,63.13097621489287,66.0461795391662,62.84423155706028,65.8072280883789,16223940.0
2025-07-31,65.95059638079493,66.85860892132402,65.56827262449143,66.52407836914062,7490095.0
2025-08-01,66.38070741073221,67.38430638008934,65.56827396955796,65.85501861572266,14857467.0
2025-08-04,65.85502332992021,67.71884178675332,65.85502332992021,66.81082916259766,12716686.0
2025-08-05,67.00199196897819,68.19674934107915,66.42850988881378,66.47630310058594,9658505.0
2025-08-06,66.76302980530292,67.04977444558534,65.61606582861154,66.52407836914062,7643864.0
2025-08-07,66.85860810031562,70.06056313934647,66.81082218900144,69.39149475097656,17090824.0
2025-08-08,69.43929290771484,69.8216166865952,68.57906622828891,69.43929290771484,6275591.0
2025-08-11,70.39509553109045,70.72962608792734,69.1047592163086,69.1047592163086,6786273.0
2025-08-12,69.20034785112307,69.5348784539696,67.86221814751673,68.29232788085938,6044785.0
2025-08-13,68.62685617753988,70.15614392824706,68.00558097787844,70.01277160644531,9131792.0
2025-08-14,69.96498158703446,70.01277479388396,67.81441853875816,68.5312728881836,9295374.0
2025-08-15,68.53126714930393,71.01636785298281,68.43568803582835,70.06056213378906,13688505.0
2025-08-18,72.59344346452906,72.64123666869875,69.20033744283579,70.15614318847656,17074415.0
2025-08-19,70.44288448665141,71.39869028588532,68.5312728881836,68.5312728881836,14946748.0
2025-08-20,68.72243339021793,70.29951430189438,67.9577858899448,69.91719055175781,13613853.0
2025-08-21,70.29951223856423,71.49426936503733,69.821609387975,70.72962188720703,10872596.0
2025-08-22,70.68183542332277,71.30311064675837,69.39149906216849,69.96498107910156,10902545.0
2025-08-25,70.25172853151656,71.44648581946753,69.6304532833381,70.82521057128906,14781777.0
2025-08-26,70.82520504036296,70.96857736216471,69.72602696284181,70.01277160644531,9200301.0
2025-08-27,70.06055871404048,70.34729604047122,68.6746361135269,68.81800842285156,8649729.0
2025-08-28,68.96139106338019,69.4392939712453,68.00558524764996,68.77022552490234,7590752.0
2025-08-29,68.77021930134812,70.44287932750396,68.005579093294,69.91719055175781,13912459.0
2025-09-01,70.10835221122707,70.2039313303833,68.62685763375718,69.72602844238281,7639617.0
2025-09-02,69.67823153657618,69.91718294287979,64.51687970197457,65.75942993164062,17012980.0
2025-09-03,65.75943904114636,66.09396959786953,63.417710559645734,65.47269439697266,15822449.0
2025-09-04,65.52048433058899,66.38070363572464,64.75583684578078,66.04617309570312,11186273.0
2025-09-05,66.38070558488224,68.00557971475664,65.95059591968496,66.14175415039062,11734003.0
2025-09-08,64.75583842662428,66.04617470804679,64.27793556000712,64.8514175415039,9730437.0
2025-09-09,64.89920891514866,65.85501462143299,63.704451782293276,63.84782409667969,12081628.0
2025-09-10,64.1345656132945,64.2779379370254,62.65307104732661,63.51329040527344,11323309.0
2025-09-11,63.17876029250735,66.09397082422718,63.17876029250735,63.89561462402344,14670354.0
2025-09-12,64.13457120156203,65.85502465180336,63.75224740237284,65.23374938964844,11622125.0
2025-09-15,65.233744190932,71.73322638252066,65.233744190932,71.54206085205078,34426448.0
2025-09-16,71.68542611142202,72.73681090261248,70.58624811926981,71.01636505126953,24572909.0
2025-09-17,70.87299528776488,73.02355814839837,70.5862506561262,71.8765869140625,21407388.0
2025-09-18,72.16333801445991,74.21832194616329,71.35090454161521,71.63764190673828,20764704.0
2025-09-19,71.63763450393489,72.83239163236756,71.11194574275581,72.545654296875,14941858.0
2025-09-22,74.07494147092301,74.21831378382662,71.92437865402525,72.163330078125,14771155.0
2025-09-23,71.87659335711729,72.73682003692562,71.1119530912362,71.63764190673828,11483918.0
2025-09-24,71.6376404194115,73.11914229789049,70.15614583315188,71.92438507080078,16354517.0
2025-09-25,72.16333193788907,72.73681391206426,69.4870730021129,70.44287872314453,11133111.0
2025-09-26,70.39509458934248,70.77741834584955,68.3401107788086,68.3401107788086,12212551.0
2025-09-29,68.29231772746363,68.86580700961697,67.38430518441939,67.43209838867188,7961639.0
2025-09-30,67.76662968553407,68.00558112498078,66.76303072297014,67.28872680664062,11235861.0
2025-10-01,67.28872962237936,69.34371354605709,66.6674543953764,68.14895629882812,14024406.0
2025-10-02,68.24452302416381,68.72242583624869,67.43208970206317,67.57545471191406,8941465.0
2025-10-03,67.95778792020376,68.57906312120907,66.71524481041233,67.28872680664062,11969005.0
2025-10-06,67.71883599321285,68.14895295645185,64.8036328282825,65.09037017822266,14527451.0
2025-10-07,65.18594696578442,66.7152419463671,64.75583731013236,66.42849731445312,14718726.0
2025-10-08,67.23466777253527,67.86348268827786,65.59008172894697,67.18629455566406,14479849.0
2025-10-09,67.9118526582651,67.96022587808082,65.78356383928109,66.12215423583984,9519706.0
2025-10-10,66.12215581690377,68.68578153337751,65.92867769444877,67.71837615966797,15150082.0
2025-10-13,66.02541747642205,67.81511596117792,66.02541747642205,67.33141326904297,9703641.0
2025-10-14,67.33141160628125,67.86348750677693,66.26726718600706,67.23467254638672,10516468.0
2025-10-15,67.2346712621898,71.68473435879567,66.12215364285909,71.24940490722656,21554931.0
2025-10-16,71.24941167643945,71.78148023660572,67.86349265809544,68.39556121826172,16806324.0
2025-10-17,68.44392346321268,68.87925288631045,66.65422517388683,68.20207214355469,13061474.0
2025-10-20,68.44392516743163,70.18525766461411,66.94444399592913,69.79829406738281,16627956.0
2025-10-21,70.13688709545723,70.42711164951834,68.87925720214844,68.87925720214844,12787428.0
2025-10-22,69.0727401250921,72.70051001211671,68.78251558184343,72.1684341430664,24092709.0
2025-10-23,72.16843247234793,72.99072548489387,71.49125172806694,72.07169342041016,14400269.0
2025-10-24,72.41029328526159,74.7804409623954,71.58800016491618,73.03910827636719,32004879.0
2025-10-27,73.03910160064697,74.2483582496643,72.55539894104004,73.5228042602539,15085904.0
2025-10-28,73.42606950578093,74.15162353769435,73.23258400217365,73.32933044433594,4548399.0
2025-10-30,73.66791888451563,75.74784186332484,72.99073071103139,74.73206329345703,15201284.0
2025-10-31,74.73205948296466,75.7478380010392,74.29673004991368,75.16738891601562,15002835.0
2025-11-03,75.16739035063074,76.03805661406659,73.232579712203,73.5228042602539,16739952.0
2025-11-04,73.52280711905412,74.00650979746895,72.652140821764,73.47443389892578,10587802.0
2025-11-05,73.52280664976846,74.15162160383751,72.8456258565969,73.23258209228516,9925136.0
2025-11-06,73.47443851801086,75.36088351085328,73.32933360993788,75.02229309082031,10983491.0
2025-11-07,75.02229519060747,75.45762468844599,74.0065165213605,75.36088562011719,9311000.0
2025-11-10,75.55435444286597,75.65109349926934,72.7005116850237,73.76465606689453,13741006.0
2025-11-11,73.76465855812539,74.63532485659424,70.28200074496716,71.10429382324219,14777970.0
2025-11-12,71.39451693523105,72.21680999683159,70.1852602620782,71.87821960449219,11235619.0
2025-11-13,71.87822633516046,72.21681675920543,70.91082090605046,71.39452362060547,10403012.0
2025-11-14,70.9591824693835,72.21681240366338,70.71733112669254,71.58799743652344,7789962.0
2025-11-17,71.92659217818536,73.0391098978054,71.15267226332796,71.39452362060547,11348196.0
2025-11-18,71.29776789403715,72.55539774049238,70.9591775140582,72.1684341430664,13660300.0
2025-11-19,72.5553972939272,74.15161751053692,71.92658237456982,73.42606353759766,15876221.0
2025-11-20,73.7646603750833,74.34510212812081,72.84562821450034,73.57118225097656,9494967.0
2025-11-21,73.28095293045044,73.61954331603192,72.31354761123657,73.5228042602539,7712544.0
2025-11-24,73.86140162517621,76.81199107987352,73.37769891986305,75.6511001586914,27196252.0
2025-11-25,75.74784065476268,78.74679571600979,74.10324715744095,74.8771743774414,30977440.0
2025-11-26,75.21577198049287,75.55436240393999,74.2967397767482,74.63533020019531,9808770.0
2025-11-27,75.07065736467374,77.68265636617389,74.92554507891526,76.66687774658203,19267673.0
2025-11-28,76.8119888305664,77.44080380520326,76.18317385592955,76.8119888305664,7112766.0
2025-12-01,76.8119900323405,77.19895366745727,76.23154827002406,76.66687774658203,10817031.0
2025-12-02,76.57013036166266,77.68264792395063,75.79620317553626,77.0538330078125,13210467.0
2025-12-03,77.10220430203093,78.3114610030083,76.08643310164022,77.58590698242188,11093114.0
2025-12-04,77.73102071305141,78.65006025137271,77.24731802363515,77.44080352783203,8007813.0
2025-12-05,77.44079827672589,78.11797904370347,76.3282806903626,77.15057373046875,9940665.0
2025-12-08,77.39242906285727,78.98864938842215,77.39242906285727,78.45657348632812,7237607.0
2025-12-09,78.4565775034767,79.18213156309095,77.29569396038093,78.89191436767578,7779022.0
2025-12-10,78.89191299474153,79.0370178995651,77.73102209113087,78.1663589477539,6072237.0
2025-12-11,78.45657474717582,78.98865065782064,77.44080352783203,77.44080352783203,6680666.0
2025-12-12,77.68265653656505,78.45657642777869,77.44080518667626,77.53754425048828,5222631.0
2025-12-15,77.73101828046717,79.56908991887019,77.68265244146953,78.6016845703125,10648931.0
2025-12-16,78.9886472364109,79.37561084732597,77.58590506943341,78.11798095703125,7952796.0
2025-12-17,78.26309997243503,78.31146581501575,76.32828913198283,77.63428497314453,11031005.0
2025-12-18,77.6342817415857,77.87613308657507,75.651097760386,75.94132232666016,10596009.0
2025-12-19,76.13479231278927,76.18316552890376,75.1190212008338,75.699462890625,8264597.0
2025-12-22,75.6994666985156,76.9570965735892,75.6994666985156,76.13479614257812,7051554.0
2025-12-23,76.13479663559886,76.4250211873312,74.92553997124234,75.50598907470703,6130206.0
2025-12-24,75.45761585584599,76.13479663559886,74.68368863837105,75.50598907470703,6609930.0
2025-12-25,75.9413158841076,76.42501853305095,75.60272550599058,75.79620361328125,2698762.0
2025-12-26,75.79620716115737,76.8603515625,75.07065315378053,76.8603515625,6192261.0
2025-12-29,78.35983654144007,78.84353923614032,75.40924715148161,75.55435943603516,10186931.0
2025-12-30,75.55435869853372,76.42502501663888,74.82880466356562,75.94132232666016,6735167.0
2025-12-31,76.32828807858779,77.82776203081366,76.08643672686902,76.27991485595703,9868545.0
2026-01-02,76.27990958473583,77.48916625976562,76.08643146901787,77.48916625976562,6869770.0
2026-01-05,77.58590980558985,78.35983707466363,77.15058032968426,78.1663589477539,7712909.0
2026-01-06,78.31145763404682,80.05279016082893,78.11797952250075,79.76256561279297,10441324.0
2026-01-07,79.90768516201882,80.00442422659948,78.55331611573698,78.65006256103516,6267271.0
2026-01-08,78.65005586910496,80.39138102554902,77.39242599440905,80.0044174194336,10070033.0
2026-01-09,80.24626949338682,80.2946427123678,78.31145882561893,78.74679565429688,8379723.0
2026-01-12,79.2304971197591,79.27886295728968,77.34405231886194,77.39242553710938,13386144.0
2026-01-13,77.39243024546576,78.79516509137791,77.19895212213902,78.31146240234375,13368322.0
2026-01-14,78.19742588136164,78.9305267489994,77.80643726045729,78.34404754638672,9056946.0
2026-01-15,78.34404495105622,79.12601470947266,77.07333383958432,79.12601470947266,14067272.0
2026-01-16,79.17489624023438,82.49828843811217,78.88165290079391,82.1072998046875,16497379.0
2026-01-19,82.49828847322146,83.0847676948641,80.68997443253672,80.7877197265625,11946821.0
2026-01-20,80.73884338695778,80.88546505680607,78.24630482948854,78.73503875732422,13392554.0
2026-01-21,78.88165028078322,79.37038419195905,78.34404745298241,78.63728332519531,10186473.0
2026-01-22,78.9305243107425,80.34784962806425,78.39291404142048,80.29898071289062,17406867.0
2026-01-23,80.6410929992366,82.5960285870969,80.54334771134108,82.20503997802734,15171439.0
2026-01-26,82.10729733179069,82.205042622831,80.4944739284187,82.15617370605469,15418428.0
2026-01-27,82.2050400647471,83.32912952045008,81.17870335453021,82.49828338623047,13157730.0
2026-01-28,82.69377429753281,90.02478278946812,82.69377429753281,88.94956970214844,29890434.0
2026-01-29,88.94957485494416,93.73916883863104,88.50971730294235,91.93085479736328,26233920.0
2026-01-30,91.93085225118526,95.98733777337148,90.56239579982099,95.64522552490234,22978226.0
2026-02-02,93.25043230578103,93.73916621990202,90.70901744384946,92.27296447753906,16571543.0
2026-02-03,92.27296199778809,94.81437679142147,91.39323948451451,94.0812759399414,13868375.0
2026-02-04,94.71663162305428,95.69409942626953,93.98353077064286,95.69409942626953,9942511.0
2026-02-05,95.49860122679542,95.64522288852288,93.34817504641744,93.93465423583984,8723866.0
2026-02-06,93.93465935648419,93.93465935648419,91.19775383748735,92.37071228027344,9157190.0
2026-02-09,92.8594437233893,95.35198966948589,92.71282205759167,95.05874633789062,7930403.0
2026-02-10,95.10762003139145,95.20536532000536,92.51732886694172,93.20155334472656,9521449.0
2026-02-11,92.81056983194625,94.52113857787724,92.02860002258483,93.8369140625,9586833.0
2026-02-12,93.836914127028,99.99496459960938,93.54367078738588,99.99496459960938,15695078.0
2026-02-13,100.19045508395767,101.7544021596243,97.74678544776359,98.8219985961914,11718439.0
2026-02-16,99.21298729791094,101.85214752382574,99.11524200389334,100.5814437866211,10491849.0
2026-02-17,100.58143851847504,101.55890632243012,97.74678039550781,97.74678039550781,12827401.0
2026-02-18,97.9422735087164,99.8972091672336,95.84072364180058,97.25804901123047,16479094.0
2026-02-19,97.55129234300313,98.919741337975,96.18283589054356,97.25804901123047,11109938.0
2026-02-20,97.30692793009803,99.70172119140625,96.81819400268918,99.70172119140625,10926907.0
2026-02-23,100.09270476819653,102.340876246208,98.91973892718019,100.67918395996094,11565319.0
2026-02-24,100.67918395996094,101.07017257363304,98.7242483490879,100.67918395996094,9386127.0
2026-02-25,101.07017258328781,101.65665177510823,98.4310050338646,99.5062255859375,10453610.0
2026-02-26,98.91973893662954,100.09270477775792,97.84452584204418,99.5062255859375,6998276.0
2026-02-27,99.79946641635735,102.04764546387813,97.74678541415761,99.40847778320312,15482182.0
2026-03-02,93.83690906729541,97.55128970087085,93.64141848973354,95.54747772216797,13402738.0
2026-03-03,94.81437658216723,96.67156689331541,90.9045053829026,91.00225067138672,9416086.0
2026-03-04,91.00225331633273,92.12634281029004,89.7315496141317,90.95338439941406,10089316.0
2026-03-05,92.85944354534374,93.59254441543855,90.46465035269574,91.0999984741211,13116101.0
2026-03-06,91.09999840494167,92.17521897958773,87.58111572265625,87.58111572265625,10943829.0
2026-03-09,85.52843726388535,90.02478790283203,85.23519392455687,90.02478790283203,11398132.0
2026-03-10,92.71282446816925,92.85944613777912,90.02478786944407,91.34436798095703,14996873.0
2026-03-11,90.95338158519229,90.95338158519229,87.53224429225634,88.65632629394531,16010724.0
2026-03-12,87.9721019875366,90.95338176010922,87.92322561454853,89.24281311035156,13490240.0
2026-03-13,88.85182705934567,92.370709748753,88.6074601023384,91.53986358642578,15988940.0
2026-03-16,91.93085219086561,93.05493422688555,91.24662023688856,92.1263427734375,9366983.0
2026-03-17,92.61507924397787,94.96100358703795,92.61507924397787,93.8369140625,9395838.0
2026-03-18,94.3256453698694,96.18283573393433,92.76169833709969,94.03240203857422,11031894.0
2026-03-19,93.10380788880241,93.88578511128341,90.85562896728516,90.85562896728516,5176467.0
2026-03-23,90.31802889668958,95.3031133334007,89.24281577622055,95.20536804199219,18298962.0
2026-03-24,94.32564268083742,95.49860105760413,91.4909845699158,91.58872985839844,8812229.0
2026-03-25,92.46845494429284,93.00606523214717,91.05112957811355,91.83309936523438,9686176.0
2026-03-26,91.68648513266196,92.02859738052885,89.43830614812921,89.7804183959961,7177504.0
2026-03-27,90.75788620513165,91.00225316177308,89.4871825050888,90.36689758300781,7408487.0
2026-03-30,89.8781661998342,92.61507917425864,89.73155198771224,91.34436798095703,9727612.0
2026-03-31,91.34436798095703,93.2993036891208,90.70901984179413,91.34436798095703,10151945.0
2026-04-01,93.59254195885167,93.78803253608403,91.3932394062938,92.61507415771484,7799787.0
2026-04-02,91.34436801566632,92.95719146701185,90.51352183087859,92.22409057617188,8199579.0
2026-04-03,92.2240880830511,92.27296445744763,91.29549662941851,91.53986358642578,4563897.0
2026-04-06,91.88197835286459,94.3745243656449,91.88197835286459,93.8369140625,9352490.0
2026-04-07,93.83691137213683,93.98353303765333,90.46465035269574,91.0999984741211,7709319.0
2026-04-08,95.5,96.4000015258789,94.5,95.05000305175781,15693011.0
2026-04-09,94.9000015258789,95.5,94.05000305175781,94.75,8671514.0
2026-04-10,95.55000305175781,102.30000305175781,95.30000305175781,102.19999694824219,21125954.0
2026-04-13,100.30000305175781,101.69999694824219,98.75,100.30000305175781,12965590.0
2026-04-14,101.80000305175781,108.0,101.5,104.5999984741211,18500698.0
2026-04-15,104.69999694824219,105.5,103.0,104.19999694824219,8136383.0
2026-04-16,104.5999984741211,106.9000015258789,102.5999984741211,103.80000305175781,8805276.0
2026-04-17,103.80000305175781,108.5999984741211,103.4000015258789,108.0,11140402.0
2026-04-20,106.0,108.19999694824219,104.9000015258789,107.5,9321027.0
2026-04-21,107.80000305175781,108.0999984741211,104.5999984741211,105.5,7453994.0
2026-04-22,105.5999984741211,107.4000015258789,105.30000305175781,106.80000305175781,8676997.0
2026-04-24,106.69999694824219,108.19999694824219,105.5999984741211,106.5,6701436.0
2026-04-27,106.80000305175781,108.19999694824219,106.0999984741211,106.30000305175781,10102021.0
2026-04-28,106.4000015258789,106.4000015258789,102.5999984741211,103.69999694824219,8391477.0
2026-04-29,104.0,106.69999694824219,104.0,104.9000015258789,8403818.0
2026-04-30,105.0,105.30000305175781,103.5,104.5999984741211,6050980.0
2026-05-04,105.19999694824219,105.80000305175781,102.0,103.4000015258789,6790251.0
2026-05-05,103.5999984741211,106.80000305175781,102.5999984741211,106.0999984741211,10329276.0
2026-05-06,107.0,110.80000305175781,106.5999984741211,110.5,14525679.0
2026-05-07,111.0,113.5,110.5,111.4000015258789,9725586.0
2026-05-08,111.4000015258789,114.30000305175781,110.80000305175781,111.30000305175781,10962316.0
2026-05-11,108.19999694824219,109.0,104.9000015258789,105.19999694824219,19801946.0
2026-05-12,104.5,104.5,100.69999694824219,101.0999984741211,16034594.0
2026-05-13,101.4000015258789,104.5,101.4000015258789,102.0,13789979.0
2026-05-14,102.4000015258789,104.69999694824219,102.0999984741211,103.69999694824219,9658545.0
2026-05-15,104.0,104.0,99.0,101.69999694824219,7007681.0
2026-05-18,101.69999694824219,101.69999694824219,98.19999694824219,98.19999694824219,8404353.0
2026-05-20,98.0,99.6500015258789,96.1500015258789,98.80000305175781,8997053.0
2026-05-21,98.80000305175781,98.9000015258789,92.5,95.25,7889941.0
2026-05-22,93.0,99.30000305175781,92.5,98.94999694824219,17571530.0
2026-05-25,100.19999694824219,100.4000015258789,97.9000015258789,99.0,7548521.0
2026-05-26,99.05000305175781,100.5,97.30000305175781,100.5,3045198.0
2026-05-27,100.5,100.5,100.5,100.5,0.0
2026-05-28,100.5,100.5,100.5,100.5,0.0
2026-05-29,100.5,100.5,100.5,100.5,0.0
2026-06-01,100.5,101.80000305175781,97.6500015258789,98.5,14084145.0
2026-06-02,98.5,99.75,98.5,99.19999694824219,10634352.0
2026-06-03,99.19999694824219,99.19999694824219,95.5,95.9000015258789,10293825.0
2026-06-04,96.19999694824219,97.25,93.75,94.94999694824219,14312062.0
2026-06-05,95.1500015258789,95.1500015258789,92.5,93.3499984741211,10013303.0
2026-06-08,93.0,95.55000305175781,91.55000305175781,94.94999694824219,10206512.0
2026-06-09,95.0999984741211,97.80000305175781,95.0999984741211,96.1500015258789,10988389.0
2026-06-10,96.0,96.19999694824219,92.80000305175781,93.80000305175781,8544227.0
2026-06-11,93.8499984741211,94.30000305175781,90.94999694824219,92.80000305175781,9885053.0
2026-06-12,94.4000015258789,95.30000305175781,92.75,93.0,15143162.0
2026-06-15,95.5,96.69999694824219,94.30000305175781,96.0999984741211,16760607.0
2026-06-16,96.1500015258789,96.5,93.44999694824219,94.1500015258789,16961393.0
2026-06-17,94.4000015258789,94.69999694824219,92.44999694824219,92.6500015258789,10668385.0
2026-06-18,93.0,94.6500015258789,92.4000015258789,94.30000305175781,14608542.0
2026-06-19,93.4000015258789,94.69999694824219,92.9000015258789,94.4000015258789,9401333.0
2026-06-22,94.5,94.69999694824219,91.9000015258789,92.69999694824219,12961712.0
2026-06-23,92.1500015258789,92.44999694824219,89.9000015258789,90.1500015258789,12447939.0
2026-06-24,90.44999694824219,90.44999694824219,89.0999984741211,89.30000305175781,8378511.0
2026-06-25,90.05000305175781,90.6500015258789,88.6500015258789,89.69999694824219,12747582.0
2026-06-26,89.5,91.25,89.1500015258789,90.8499984741211,9580496.0
2026-06-29,91.0,91.4000015258789,89.55000305175781,91.4000015258789,8957725.0
2026-06-30,92.30000305175781,92.55000305175781,90.0,90.5,17202901.0
2026-07-01,90.5,94.1500015258789,89.94999694824219,93.55000305175781,18535023.0
2026-07-02,93.5,93.8499984741211,91.8499984741211,92.05000305175781,11655202.0
2026-07-03,92.5,95.3499984741211,91.69999694824219,93.69999694824219,20136788.0
2026-07-06,94.30000305175781,94.44999694824219,91.0,91.05000305175781,11429260.0
2026-07-07,91.05000305175781,92.19999694824219,90.0999984741211,91.05000305175781,10339602.0
2026-07-08,91.0,91.0,88.75,89.5999984741211,14867916.0
2026-07-09,90.0,90.44999694824219,88.0,88.5,8271723.0
2026-07-10,88.8499984741211,90.6500015258789,88.25,90.30000305175781,11330554.0
2026-07-13,90.0,90.75,89.0,89.80000305175781,7229553.0
2026-07-14,89.9000015258789,90.3499984741211,88.44999694824219,89.69999694824219,9800886.0
2026-07-16,90.25,92.1500015258789,90.0999984741211,92.1500015258789,8122500.0
2026-07-17,92.1500015258789,92.19999694824219,90.05000305175781,90.69999694824219,7033451.0
2026-07-20,90.80000305175781,90.80000305175781,89.0999984741211,89.69999694824219,11243857.0
2026-07-21,90.1500015258789,91.9000015258789,89.94999694824219,91.19999694824219,9955572.0
2026-07-22,91.5999984741211,92.1500015258789,90.5999984741211,91.05000305175781,10173888.0
2026-07-23,91.05000305175781,91.44999694824219,89.25,89.94999694824219,11629601.0
2026-07-24,90.3499984741211,90.3499984741211,88.25,88.80000305175781,8348093.0
2026-07-27,89.5999984741211,90.55000305175781,88.0999984741211,88.6500015258789,8553069.0
2026-07-28,88.5,90.0,87.8499984741211,88.75,9039053.0
2026-07-29,88.80000305175781,89.94999694824219,87.0999984741211,87.55000305175781,8194693.0
2026-07-30,87.75,88.19999694824219,85.25,85.25,9960052.0
2026-07-31,85.44999694824219,87.69999694824219,84.75,87.5999984741211,15331035.0
2026-08-03,88.0,88.75,86.4000015258789,87.05000305175781,7939854.0
2026-08-04,87.05000305175781,87.19999694824219,85.55000305175781,85.8499984741211,12221440.0
2026-08-05,85.80000305175781,87.44999694824219,85.1500015258789,87.0999984741211,15550329.0
2026-08-06,87.55000305175781,88.05000305175781,85.75,85.8499984741211,16261778.0
2026-08-07,86.30000305175781,87.69999694824219,86.0,86.3499984741211,9755483.0
2026-08-10,86.69999694824219,87.44999694824219,85.55000305175781,86.19999694824219,9741184.0
2026-08-11,86.19999694824219,86.55000305175781,84.5999984741211,85.9000015258789,8451687.0
2026-08-12,86.1500015258789,87.05000305175781,85.0999984741211,86.6500015258789,13021209.0
2026-08-13,86.5999984741211,87.1500015258789,85.5,85.8499984741211,12278486.0
2026-08-14,86.05000305175781,87.69999694824219,85.8499984741211,87.6500015258789,14925184.0
2026-08-17,86.4000015258789,87.0,79.8499984741211,80.1500015258789,52418759.0
2026-08-18,80.0,81.75,78.5,81.0,33998045.0
2026-08-19,80.94999694824219,83.5999984741211,80.69999694824219,83.0999984741211,23161767.0
2026-08-20,83.1500015258789,84.1500015258789,82.1500015258789,82.8499984741211,13559963.0
2026-08-21,83.19999694824219,84.19999694824219,83.05000305175781,83.25,12252832.0
2026-08-24,84.0,84.5999984741211,82.75,82.94999694824219,10793790.0
2026-08-25,83.0999984741211,84.05000305175781,82.44999694824219,83.94999694824219,16256176.0
2026-08-26,84.0,89.25,83.94999694824219,87.75,35516469.0
2026-08-27,88.0,88.44999694824219,87.0,87.44999694824219,13396394.0
2026-08-28,87.1500015258789,90.3499984741211,86.75,89.0,18743353.0
2026-08-31,89.55000305175781,89.80000305175781,86.80000305175781,87.4000015258789,18611522.0
2026-09-01,87.6500015258789,89.30000305175781,87.44999694824219,88.9000015258789,13972508.0
2026-09-02,88.80000305175781,89.0,85.30000305175781,86.80000305175781,14774428.0
2026-09-03,87.0,87.8499984741211,86.25,86.9000015258789,9982330.0
2026-09-04,86.9000015258789,88.19999694824219,86.69999694824219,87.25,9449641.0
2026-09-08,89.05000305175781,89.6500015258789,87.8499984741211,89.6500015258789,15164832.0
2026-09-09,90.8499984741211,91.3499984741211,88.9000015258789,90.3499984741211,19775049.0
2026-09-10,90.55000305175781,90.8499984741211,88.8499984741211,89.75,10033241.0
2026-09-11,89.75,91.6500015258789,89.30000305175781,91.25,11059783.0
2026-09-14,90.4000015258789,91.05000305175781,88.80000305175781,89.30000305175781,12522450.0
2026-09-15,89.30000305175781,89.5999984741211,85.80000305175781,85.80000305175781,12539133.0
2026-09-16,85.94999694824219,86.75,79.25,81.94999694824219,19409897.0
