Date,Open,High,Low,Close,Volume
2021-09-17,7.735514583636922,7.743580998144149,7.549990896248826,7.574190139770508,152127066.0
2021-09-20,7.501594496713861,7.525792972750859,7.316070795748386,7.324137210845947,139936918.0
2021-09-21,7.404799938201904,7.4612633062495375,7.348335800898575,7.404799938201904,149526413.0
2021-09-22,7.445130448623572,7.646786212921143,7.445130448623572,7.646786212921143,139181718.0
2021-09-23,7.695183962918484,7.7113167933639195,7.396733522979186,7.404799938201904,354905496.0
2021-09-24,7.356402241488314,7.364468656738847,7.0821502770157725,7.114415168762207,239336274.0
2021-09-27,7.178945065362917,7.219276372995325,7.098283219353814,7.195077896118164,166162952.0
2021-09-28,7.1628124130921895,7.211209362854849,7.106349048617205,7.130547523498535,159299932.0
2021-09-29,7.178945464336495,7.32413787218002,7.178945464336495,7.3080058097839355,187861646.0
2021-09-30,7.324136965361214,7.4693293552281235,7.235408710029024,7.4531965255737305,249317224.0
2021-10-01,7.396733924224713,7.501595020041285,7.380601092904131,7.485462188720703,164277487.0
2021-10-04,7.493528014339187,7.574190626079234,7.4370646476745605,7.4370646476745605,164612907.0
2021-10-05,7.445130879674985,7.5096614357015765,7.3886675085644224,7.485462188720703,162815555.0
2021-10-06,7.4451302934440236,7.509660844389467,7.364468450959653,7.4370646476745605,154556172.0
2021-10-07,7.541925250997225,7.598388614036563,7.47739547345066,7.574190139770508,177561053.0
2021-10-08,7.574190259824344,7.630653623758648,7.485461237349707,7.501594066619873,161841619.0
2021-10-11,7.525793713249137,7.638721227959404,7.517727297357884,7.6145219802856445,144311226.0
2021-10-12,7.58225643106083,7.7274488275393916,7.558057954732966,7.662919044494629,192434349.0
2021-10-13,7.69518400651132,7.7032504217797335,7.525793132153134,7.566124439239502,161036717.0
2021-10-14,7.53386009918345,7.598389887545366,7.461263894962355,7.469330310821533,158680320.0
2021-10-15,7.501595005889597,7.5177270679240085,7.1708796569989275,7.203144550323486,329506686.0
2021-10-18,7.211210030264566,7.219276445723453,7.057951982824326,7.098283290863037,240099859.0
2021-10-19,7.146680336473811,7.316071216997453,7.146680336473811,7.283806324005127,203568437.0
2021-10-20,7.27574078641195,7.380601113262021,7.219276645889905,7.348336219787598,198220752.0
2021-10-21,7.3483358127570435,7.437064841838735,7.146680047397847,7.2515411376953125,478944606.0
2021-10-22,7.283806669007685,7.404800600401664,7.235409711854706,7.35640287399292,376782530.0
2021-10-25,7.26767384367439,7.372534932175626,7.219276122344711,7.324137210845947,426474663.0
2021-10-26,7.356401855414344,7.501594245281253,7.356401855414344,7.4531965255737305,272365102.0
2021-10-27,7.493527995931057,7.727448646295746,7.469329520170757,7.7113165855407715,306391488.0
2021-10-28,7.711317900001973,7.9452385902404785,7.638721691090746,7.9452385902404785,196122762.0
2021-11-01,7.985568321779237,8.195290510811237,7.937171366929223,8.17109203338623,270286644.0
2021-11-02,8.195290565490723,8.332416553906889,8.138827194703737,8.195290565490723,340278304.0
2021-11-03,8.17109072637454,8.38887852687468,7.791977717497283,8.372746467590332,447246852.0
2021-11-04,8.509872312209609,8.566335672785742,8.421143295012149,8.42920970916748,252085325.0
2021-11-05,8.429211826204195,8.59860271973152,8.372748451447016,8.558271408081055,299894438.0
2021-11-08,8.590536274776495,8.719596625476857,8.509874421001525,8.69539737701416,295234195.0
2021-11-09,8.671198873186013,8.792192038132807,8.534072875976562,8.534072875976562,319142683.0
2021-11-10,8.53407237860381,8.727661738938446,8.509873900875915,8.655065536499023,349619162.0
2021-11-11,8.606667641995024,8.695395896820253,8.461475252957692,8.550204277038574,331517127.0
2021-11-12,8.590536250384295,8.622801145653826,8.501807980707031,8.534072875976562,186583443.0
2021-11-15,9.381026268005371,9.381026268005371,9.381026268005371,9.381026268005371,14837964.0
2021-11-16,9.856933898758438,10.08278813765021,9.71980791854594,9.735939979553223,332518764.0
2021-11-17,9.744006406134714,9.77627129744288,9.590748364734841,9.598814010620117,238391959.0
2021-11-18,9.606880403496918,10.115053017364614,9.558483451274672,9.873065948486328,585903143.0
2021-11-19,9.889199461475085,9.937596417038627,9.719808578491211,9.719808578491211,178007663.0
2021-11-22,9.792403942843464,9.8166024185538,9.614946659371109,9.631078720092773,150631736.0
2021-11-23,9.631079664336564,9.687543805537395,9.324563557272624,9.332629203796387,397787117.0
2021-11-24,9.405224786860147,9.606880552510685,9.381026310373677,9.542350769042969,420541692.0
2021-11-25,9.574617234083611,9.590750067229346,9.453624062513898,9.469756126403809,163524304.0
2021-11-26,9.397157855270848,9.397157855270848,9.19550210070061,9.227766990661621,169002203.0
2021-11-29,9.251967376201014,9.29229868594061,9.163238340922755,9.195503234863281,185822456.0
2021-11-30,9.163237866566366,9.340695158680646,9.163237866566366,9.21163558959961,245035471.0
2021-12-01,9.276165885251844,9.510086559414052,9.268099469425897,9.389093399047852,334426883.0
2021-12-02,9.421356913000379,9.461687447710759,9.38102560903436,9.397157669067383,169697906.0
2021-12-03,9.42135763062737,9.477820998927239,9.389092738848058,9.405224800109863,150813859.0
2021-12-06,9.429423028481077,9.590748252387819,9.389092491760069,9.550416946411133,248004252.0
2021-12-07,9.639145444244543,9.64721185949193,9.49395381607003,9.542350769042969,251790326.0
2021-12-08,9.58268158895849,9.70367473449673,9.566548759283707,9.66334342956543,410614582.0
2021-12-09,9.679476807500352,9.719808114716077,9.558483655108878,9.566549301147461,277325529.0
2021-12-10,9.56654816663566,9.582680995311016,9.421356554835533,9.461687088012695,151096196.0
2021-12-13,9.461687562280913,9.71174103449358,9.364892893143779,9.614946365356445,330074543.0
2021-12-14,9.63914658917847,10.010193272818462,9.62301452602323,9.808537483215332,678063044.0
2021-12-15,9.937596115908626,9.985993839261354,9.66334414517317,9.67141056060791,348352820.0
2021-12-16,9.744007301040526,10.026325702857344,9.711742406769098,10.01019287109375,374121222.0
2021-12-17,10.123119543788228,10.953941079124537,9.20356897964277,9.381026268005371,656202412.0
2021-12-20,9.195502039011888,9.631078435191279,8.776058472332602,9.340694427490234,285157157.0
2021-12-21,9.95372804516454,9.985992934725218,8.8647866762943,9.179369926452637,500717974.0
2021-12-22,8.9777152789238,9.687543705845409,8.9777152789238,9.582682609558105,444475907.0
2021-12-23,9.70367682222619,9.744008135834704,9.364895018724006,9.469756126403809,343875872.0
2021-12-24,9.469753924457665,9.493953168549359,9.381025670555054,9.453621864318848,151162138.0
2021-12-27,9.453623241257187,9.54235150808324,9.413291931152344,9.413291931152344,202712855.0
2021-12-28,9.397157802169508,9.437489106706783,9.026111185086748,9.066442489624023,182499858.0
2021-12-29,9.034177650895549,9.284231125035134,8.98578070058186,9.227766990661621,162409388.0
2021-12-30,9.251967668800757,9.40522572755121,9.219702773839831,9.243901252746582,235220932.0
2021-12-31,9.195502293027566,9.235833598636288,9.034177839848352,9.090641975402832,140695710.0
2022-01-03,9.106775256848705,9.308431042668433,9.106775256848705,9.243901252746582,169236298.0
2022-01-04,9.268099678176341,9.364894362500612,9.139040099077313,9.21970272064209,183862957.0
2022-01-05,9.219702060100383,9.27616542959697,9.20356922924095,9.235834121704102,164659874.0
2022-01-06,9.179370806798861,9.332628854596358,9.163237975843481,9.260032653808594,223955311.0
2022-01-07,9.260032745576067,9.502019827514813,9.260032745576067,9.477821350097656,388789472.0
2022-01-10,9.542352337047966,9.614948547692123,9.469756126403809,9.469756126403809,226449293.0
2022-01-11,9.526219129014308,9.606880977287641,9.421358033928817,9.502019882202148,230410361.0
2022-01-12,9.574616139499282,9.61494744849706,9.518152768455836,9.558484077453613,166235208.0
2022-01-13,9.55041771602784,9.639145980922137,9.542351300331337,9.582682609558105,177638969.0
2022-01-14,9.566549301147461,9.574615716441746,9.469754625383143,9.566549301147461,118345939.0
2022-01-17,9.695609806912131,9.719808283960639,9.631079252689922,9.67141056060791,206368074.0
2022-01-18,9.647212136208193,9.768205291366748,9.292298316955566,9.292298316955566,314908728.0
2022-01-19,9.413291243207965,9.711741685363174,9.397158412642748,9.703675270080566,266284829.0
2022-01-20,9.735939807178454,9.808536003565129,9.477820681586426,9.631078720092773,316515563.0
2022-01-21,9.598814250371605,9.64721197317054,9.526218820056764,9.623013496398926,156826318.0
2022-01-24,9.61494746901609,9.735940627011894,9.405225277184673,9.421358108520508,231715124.0
2022-01-25,9.485887164550707,9.5665490072484,9.421357382690282,9.550416946411133,129484465.0
2022-01-26,9.55848383802074,9.598814376752532,9.518152530033232,9.534284591674805,86605730.0
2022-01-27,9.461687562280913,9.614946365356445,9.445555502052548,9.614946365356445,99329314.0
2022-01-28,9.623013326774698,9.65527821832002,9.493953760593408,9.518152236938477,124394141.0
2022-01-31,9.574616247950061,9.614947557404667,9.550417769979596,9.606881141662598,133263397.0
2022-02-01,9.647211550070113,9.735939807178454,9.623013074359777,9.631078720092773,150576827.0
2022-02-02,9.69560902103201,9.93759531041424,9.69560902103201,9.913396835327148,287602316.0
2022-02-03,9.76013905214446,9.8166024185538,9.60688024438244,9.631078720092773,156869217.0
2022-02-04,9.6391455578281,9.65527838851298,9.566549358257552,9.623013496398926,72306695.0
2022-02-07,9.614946659371109,9.647211550070113,9.526218402262767,9.631078720092773,85793003.0
2022-02-08,9.623013369833037,9.744006521355459,9.61494695459669,9.679476737976074,136183116.0
2022-02-09,9.719808100645784,9.7359401619553,9.671410378205833,9.703675270080566,100967611.0
2022-02-10,9.70367515849932,9.735940050003045,9.639145375491873,9.655278205871582,86043561.0
2022-02-11,9.590748183660775,9.647211550070113,9.534284047995763,9.631078720092773,79761374.0
2022-02-14,9.558484261950806,9.582682740114256,9.461688810785507,9.526219367980957,86728225.0
2022-02-15,9.534284228003784,9.647211732210213,9.518152166977544,9.598814010620117,89179142.0
2022-02-16,9.606880313225085,9.623013143318031,9.534284116318187,9.550416946411133,68067877.0
2022-02-17,9.574615604828868,9.631078972719259,9.518152236938477,9.518152236938477,115007865.0
2022-02-18,9.550416946411133,9.5665490072484,9.477820749504234,9.550416946411133,64111005.0
2022-02-21,9.598814081173936,9.614946911574444,9.502019406537968,9.518152236938477,83890434.0
2022-02-22,9.437488793030518,9.477820096227292,9.38102543010841,9.429422378540039,76636086.0
2022-02-23,9.453622466392604,9.461688112347868,9.381026268005371,9.381026268005371,63342351.0
2022-02-24,8.953516611375054,9.268099124315567,8.800257793411863,8.88092041015625,191408283.0
2022-02-25,8.929316455415654,9.23583329086991,8.929316455415654,9.179369926452637,144311434.0
2022-02-28,9.001912475938123,9.07450866836595,8.929316283510294,8.937382698059082,144868945.0
2022-03-01,9.018045356598849,9.54234999717782,9.018045356598849,9.37295913696289,283856942.0
2022-03-02,9.405224026086895,9.510085108053815,9.332627833243977,9.37295913696289,111799250.0
2022-03-03,9.461688573437616,9.558484022174786,9.397158787116657,9.502019882202148,154531936.0
2022-03-04,9.437490150460281,9.647212341844135,9.381026779416835,9.558484077453613,147460939.0
2022-03-07,9.55848396716248,9.655278646086833,9.421357979705716,9.477821350097656,159389609.0
2022-03-08,9.453623373628705,9.542351641697147,9.356828689575195,9.356828689575195,206245450.0
2022-03-09,9.445555858574021,9.574615422294873,9.413290967643809,9.550416946411133,180863274.0
2022-03-10,9.582681422451968,9.5907478371492,9.429422620227152,9.453621864318848,158601796.0
2022-03-11,9.429423152866644,9.534284242086999,9.413291091816575,9.493953704833984,174683696.0
2022-03-14,9.502019517304582,9.590748547030318,9.477821040677428,9.566549301147461,146919335.0
2022-03-15,9.542350587395957,9.66334373678079,9.542350587395957,9.574615478515625,157521445.0
2022-03-16,9.5988141930689,9.623013438951757,9.558483655108878,9.566549301147461,82785755.0
2022-03-17,9.5988141930689,9.647211915578913,9.550417239814593,9.566549301147461,254127349.0
2022-03-18,9.566549245529437,9.582682076024215,9.518152292556499,9.542350769042969,82583750.0
2022-03-21,9.566549245529437,9.574615660776827,9.518152292556499,9.542350769042969,139554145.0
2022-03-22,9.542350881485937,9.6391455578281,9.534284466143498,9.623013496398926,167530701.0
2022-03-23,9.679476725096524,9.832734768104713,9.679476725096524,9.81660270690918,327815783.0
2022-03-24,9.776271949733923,9.784338365413092,9.69561010070944,9.719808578491211,157500927.0
2022-03-25,9.711741979584671,9.800470242614324,9.703675564057686,9.752073287963867,109428624.0
2022-03-28,9.800470003471391,9.808536418801545,9.760139465332031,9.760139465332031,80986012.0
2022-03-29,9.768204689025879,9.800469579695646,9.735939798356112,9.768204689025879,126715382.0
2022-03-30,9.784339056338709,9.856935264066175,9.776272640089925,9.832736015319824,176665611.0
2022-03-31,9.848867654284929,9.921463853214844,9.784337870626272,9.840801239013672,253516104.0
2022-04-01,9.921464421588974,10.115053783655163,9.881133112177915,10.042457580566406,473620260.0
2022-04-04,10.082788632776117,10.19571614239527,9.994060369739747,10.187649726867676,338196320.0
2022-04-05,10.187649800474125,10.211848277976019,10.058590228123041,10.074722290039062,265811110.0
2022-04-06,10.090855491400202,10.131186801553426,10.01019287109375,10.01019287109375,176496101.0
2022-04-07,10.05052326824429,10.179582833606064,10.034390437946223,10.171516418457031,205647440.0
2022-04-08,10.260245174882298,10.7442185321728,10.252178759946874,10.728086471557617,423532534.0
2022-04-11,10.889411707314057,11.195928573608398,10.889411707314057,11.195928573608398,464147960.0
2022-04-12,11.147531162578403,11.25239225945756,10.905544844363456,11.074934959411621,351150433.0
2022-04-13,11.17979492221284,11.195927752060388,10.889410908258002,11.002338409423828,271795242.0
2022-04-14,11.083001320861449,11.107200567968995,10.970074578049198,11.050736427307129,237731524.0
2022-04-15,11.050735520142084,11.21205997467041,10.962007262465423,11.21205997467041,188436798.0
2022-04-18,11.236258961997684,11.679901009458177,11.17979482726647,11.63150405883789,290307960.0
2022-04-19,11.696034947791375,11.728299841015055,11.349186768695038,11.437915802001953,256596160.0
2022-04-20,11.494378748371982,11.5266436404042,11.349186349599142,11.4459810256958,183234705.0
2022-04-21,11.478246068497329,11.720233146545382,11.445981176041304,11.687968254089355,240420804.0
2022-04-22,11.62343831650086,11.752497884629738,11.357252764921123,11.4459810256958,238288878.0
2022-04-25,12.091280645193748,12.091280645193748,12.042883687732221,12.075148582458496,244715396.0
2022-04-26,12.083212852478027,12.091279267554478,12.07514720665726,12.083212852478027,147133884.0
2022-04-27,12.083214229198237,12.091280645193748,12.075148582458496,12.075148582458496,68650444.0
2022-04-28,12.091279267554478,12.196140355781296,12.083212852478027,12.083212852478027,157138301.0
2022-04-29,12.09934568263093,12.10741209770738,12.07514720665726,12.083212852478027,124207229.0
2022-05-05,12.10741209770738,12.115478512783831,12.083212852478027,12.083212852478027,66297040.0
2022-05-06,12.083212852478027,12.09934568263093,12.083212852478027,12.083212852478027,60414429.0
2022-05-09,12.083212614928321,12.10741185968193,12.083212614928321,12.091279029846191,64845147.0
2022-05-10,12.09934544476406,12.09934544476406,12.091279029846191,12.091279029846191,6928697.0
2022-05-11,12.091279267554478,12.10741209770738,12.083212852478027,12.083212852478027,84540979.0
2022-05-12,12.091279267554478,12.09934568263093,12.083212852478027,12.083212852478027,88840583.0
2022-05-13,12.091279267554478,12.09934568263093,12.083212852478027,12.083212852478027,50210740.0
2022-05-16,12.083214229198237,12.091280645193748,12.059015750467474,12.075148582458496,146325141.0
2022-05-17,12.002552377010437,12.091280645193748,11.881558444845083,12.075148582458496,67928310.0
2022-05-18,12.059015475073615,13.228618843760318,12.010618518717338,12.623651504516602,175313752.0
2022-05-20,12.542989007305732,13.785188515720074,12.421995084143418,13.107625007629395,246624606.0
2022-05-23,13.244750975263548,13.38994337516899,12.204207237537869,12.236472129821777,269946351.0
2022-05-24,12.381663988775411,12.470392246365716,12.08321278661888,12.19614028930664,186901833.0
2022-05-25,12.353665303375761,12.353665303375761,11.950112425300793,12.147770881652832,170996857.0
2022-05-26,12.131299596246315,12.180714605675444,12.073649406433105,12.073649406433105,92721640.0
2022-05-27,12.073647959529076,12.09835506857028,11.67009510834846,11.711274147033691,116671258.0
2022-05-30,11.777161973186184,11.925405433985206,11.760690041194655,11.83481216430664,94665118.0
2022-05-31,11.884225889758635,12.221892604822001,11.867753959548294,11.983055114746094,132289711.0
2022-06-01,12.040705472472366,12.526616424704422,12.040705472472366,12.378372192382812,133704673.0
2022-06-02,12.468966892127455,12.576032089365148,12.370137660544565,12.41131591796875,104831134.0
2022-06-03,12.452494206658583,12.551323432256089,12.37837209110424,12.403079986572266,88334548.0
2022-06-06,12.460729647449227,13.341958246437132,12.444257717830373,13.292542457580566,196546662.0
2022-06-07,13.243129056627827,13.31725117363608,12.831340215848543,12.88899040222168,118952277.0
2022-06-08,12.971348668708176,13.020763675890208,12.468966558577838,12.55955982208252,101872611.0
2022-06-09,12.55956043530682,12.70780467866609,12.394845045699256,12.600739479064941,47042819.0
2022-06-10,12.35366576976459,12.99605616987337,12.35366576976459,12.617210388183594,105113173.0
2022-06-13,12.518381080675512,12.68309646619264,12.411315883733149,12.419551849365234,64548094.0
2022-06-14,12.485437622273041,12.518380698370402,12.271307234927752,12.36190128326416,57730659.0
2022-06-15,12.35366500489557,12.518380381209205,12.221892703844663,12.287778854370117,71275376.0
2022-06-16,12.320722527168856,12.33719367288661,11.843047519980384,11.900697708129883,59215432.0
2022-06-17,11.900697730393832,12.436023712158203,11.884226584645262,12.436023712158203,60616834.0
2022-06-20,12.43602325684979,12.790161124439834,12.312486133846386,12.683095932006836,68281729.0
2022-06-21,12.69956817902254,12.95487682582652,12.69956817902254,12.864283561706543,55792976.0
2022-06-22,12.765453619456814,12.971348032673859,12.674860360394261,12.847811698913574,58444645.0
2022-06-23,12.930169633526463,12.963112709856249,12.608974835667283,12.666625022888184,55485127.0
2022-06-24,12.691331742684257,12.740746748368613,12.444258285112218,12.501909255981445,35695815.0
2022-06-27,12.2713075376911,12.452494853409366,12.221893315038333,12.328958511352539,28853830.0
2022-06-28,12.296015066699352,12.419551405061517,11.867754294250735,11.941876411437988,44201125.0
2022-06-29,11.859519172769737,11.99129227127046,11.423023189349966,11.431259155273438,50608049.0
2022-06-30,11.39831489116769,11.620680449992783,11.365371816326014,11.447729110717773,51592050.0
2022-07-01,11.34889989720693,11.653623536144378,11.34889989720693,11.554794311523438,35170939.0
2022-07-04,11.645389164740525,11.670096276254338,11.159478187561035,11.159478187561035,30660962.0
2022-07-05,11.159477842345414,11.406551306115125,11.011233606998609,11.093591690063477,43113628.0
2022-07-06,11.406551361083984,11.44772961738997,11.175949041561028,11.406551361083984,36713703.0
2022-07-07,11.431257364930117,11.777160025291858,11.431257364930117,11.735980987548828,30451194.0
2022-07-08,11.694803198385609,11.735982240525061,11.554794926366405,11.59597396850586,13477619.0
2022-07-13,11.61244555282831,11.61244555282831,11.315957086616175,11.5300874710083,45053300.0
2022-07-14,11.488908472066944,11.670095781477912,11.488908472066944,11.62891674041748,28418978.0
2022-07-18,11.727746698209181,12.221893650864175,11.727746698209181,12.18071460723877,37364528.0
2022-07-19,12.131299669195135,12.534853356589068,12.024235254733918,12.485438346862793,44091319.0
2022-07-20,12.50190956018603,12.551323781647895,12.33719339418011,12.468966484069824,36195364.0
2022-07-21,12.468966789080248,12.633682173690476,12.38660870406268,12.436023712158203,37027952.0
2022-07-22,12.47720196924208,12.551324088672908,12.361901592727374,12.436023712158203,26414436.0
2022-07-25,12.46896638154972,12.930169443384585,12.452494450914605,12.88899040222168,52867720.0
2022-07-26,12.930169901561248,13.045471063818068,12.361901626736367,12.427787780761719,80362522.0
2022-07-27,12.50190921216977,12.51838035705692,12.386608056260247,12.403079986572266,37775167.0
2022-07-28,12.485437991611366,12.543088180130907,12.081885101124765,12.098356246948242,49908962.0
2022-07-29,12.10659268783575,12.139535766200849,11.908934217645152,11.958349227905273,75303231.0
2022-08-01,11.958348690890263,12.147771186626931,11.958348690890263,12.114828109741211,48572203.0
2022-08-02,12.16424339023535,12.263072623106076,12.015999148216798,12.090121269226074,60548242.0
2022-08-03,12.123064079852751,12.24660042186418,12.057177926056669,12.221893310546875,53636349.0
2022-08-04,12.320722655552299,12.518381118774414,12.320722655552299,12.518381118774414,66624734.0
2022-08-05,12.559559544795688,13.177242801097115,12.493673393624192,12.913698196411133,114903911.0
2022-08-08,12.996055839428616,13.06194199235811,12.806633346112545,12.979584693908691,64711911.0
2022-08-09,12.888990622890276,13.300779470719677,12.773690248169977,13.201951026916504,59428986.0
2022-08-10,13.136063892136036,13.967876755383232,13.136063892136036,13.753747940063477,115748580.0
2022-08-11,13.869048425182733,14.931462828434316,13.827870169022898,14.882048606872559,119634415.0
2022-08-12,14.890284137485112,15.129122414617573,14.511439165157434,14.61850357055664,90737188.0
2022-08-15,14.676155225725283,15.269132209940377,14.593797136712087,15.07147216796875,91972334.0
2022-08-16,15.137357542909752,16.00211507659417,14.667918501893833,15.895049095153809,129620204.0
2022-08-17,15.960935254358246,17.476318359375,15.911521031826124,17.476318359375,137487518.0
2022-08-18,17.47631828064449,18.250481760792585,16.800984815965222,17.27865982055664,207886626.0
2022-08-19,17.3116021846324,17.459846409582674,16.669211066797775,16.817455291748047,87484424.0
2022-08-22,16.76804430774895,17.591622097782203,16.463319834262663,17.295133590698242,102007289.0
2022-08-23,17.37748954256727,19.024644919666542,17.27865952876741,19.0081729888916,129288031.0
2022-08-24,19.18936082114727,19.930582047979048,18.695215431059268,19.288190841674805,159495395.0
2022-08-25,19.46937531675312,21.215360641479492,19.37054687754863,21.215360641479492,131088051.0
2022-08-26,21.561263180107925,22.681329289469286,20.4906112900273,20.589441299438477,219306674.0
2022-08-29,20.671799305448666,20.91887197182526,19.716449358212923,19.947050094604492,142864485.0
2022-08-31,19.963523623170065,19.979995554474083,18.94228744506836,18.94228744506836,208928827.0
2022-09-01,18.958759438484307,19.46937674378311,18.250482098589377,18.711685180664062,232879038.0
2022-09-02,18.925816452899557,20.342371198340718,18.59638566472135,20.078824996948242,272345843.0
2022-09-05,20.095295802091158,21.34713429781302,19.96352349420989,20.836515426635742,295044278.0
2022-09-06,21.133003384723274,22.07188144798455,20.095295307558285,21.314189910888672,312515155.0
2022-09-07,21.281247731094698,21.742450799733497,19.848222732543945,19.848222732543945,142165759.0
2022-09-08,20.177653622912676,20.85298708467011,19.4858482301734,19.60114860534668,218924306.0
2022-09-09,19.765864433995393,21.561264038085938,19.765864433995393,21.561264038085938,113799174.0
2022-09-12,23.191947295133478,23.702566146850586,22.516613850267124,23.702566146850586,66068460.0
2022-09-13,25.102646962293065,26.05799693221513,24.344955444335938,24.344955444335938,156835785.0
2022-09-14,24.62497317676587,25.119120116172002,21.92363929748535,21.92363929748535,85616266.0
2022-09-15,21.693035375000484,22.813101479004665,19.732919692993164,19.732919692993164,72019922.0
2022-09-16,17.772808609524414,18.563444103171964,17.772808609524414,17.937524795532227,217060856.0
2022-09-19,16.94922795412264,17.212772550475034,16.150358200073242,16.150358200073242,203982271.0
2022-09-20,16.80098726438738,16.883345360805215,15.186775486337922,16.586856842041016,229477436.0
2022-09-21,16.405669475818474,16.81745836670664,15.853872299194336,15.853872299194336,139656425.0
2022-09-22,15.837399105423646,16.208009706051275,15.582090453241186,15.779748916625977,127296386.0
2022-09-23,15.779747390986735,16.002113729864185,15.326780319213867,15.326780319213867,69821010.0
2022-09-26,15.112651635110321,15.911521466406125,14.643212581109188,15.870343208312988,101239661.0
2022-09-27,15.870341640739973,16.883341769931963,15.680919158861737,16.158594131469727,171140065.0
2022-09-28,16.076238677277935,16.65274218201139,15.837400366554819,15.853872299194336,123609769.0
2022-09-29,15.936230796057592,16.331547764340726,15.145595288641326,15.483262062072754,107761258.0
2022-09-30,15.49973049347436,16.208007746440448,15.425608382310484,16.002113342285156,87092798.0
2022-10-03,16.01858800812164,17.59162139892578,15.960936245595649,17.59162139892578,105478490.0
2022-10-04,18.102237463267354,18.54697017513452,17.42690400081704,17.509262084960938,139438228.0
2022-10-05,17.706919031302817,17.772805178817862,16.850397542757538,17.048057556152344,81661547.0
2022-10-06,17.29513034118327,17.575146862851355,17.179829974913947,17.45984649658203,60144694.0
2022-10-07,17.459848472711823,17.72339309449844,17.212774211649478,17.443376541137695,57089882.0
2022-10-10,17.542204985118357,17.739865022265757,17.229246139526367,17.229246139526367,53014484.0
2022-10-11,17.27866037424526,18.316368501096814,17.196302287190402,17.87163734436035,99107885.0
2022-10-12,17.8222204392288,17.970464672521423,17.328075089386406,17.542203903198242,69388202.0
2022-10-13,17.55867698975812,17.772807388517347,17.32807623020961,17.426904678344727,55130943.0
2022-10-14,17.9210517768836,18.201068333620054,17.80575139617443,18.036352157592773,62199668.0
2022-10-17,18.23400794494989,19.831748962402344,18.23400794494989,19.831748962402344,85814920.0
2022-10-18,20.88593104158507,21.149475655093433,19.848222947758547,20.012937545776367,129996435.0
2022-10-19,20.111767160384908,21.4130198417823,19.897636773465113,21.116531372070312,116855966.0
2022-10-20,21.05064581965526,21.67656506751619,20.836515426635742,20.836515426635742,96613624.0
2022-10-21,20.83651603635518,21.10006223067944,20.556499481201172,20.556499481201172,57725905.0
2022-10-24,20.721213549585656,21.034173936280425,20.095294347045822,20.16118049621582,59175695.0
2022-10-25,20.309427334097943,20.671801986518926,19.979996545919732,20.078824996948242,89999027.0
2022-10-26,20.21059706342615,20.638856264074928,20.111767050445806,20.490612030029297,56714126.0
2022-10-27,20.58944368652853,20.638857911538228,19.683507850151297,19.699979782104492,56574319.0
2022-10-28,19.601149693453866,19.963524340921634,19.288190841674805,19.288190841674805,33753391.0
2022-10-31,19.370548316872643,19.650564866841453,18.645799044888726,19.354076385498047,72543212.0
2022-11-01,19.452907088690356,20.062354433387444,19.189360889955225,19.271718978881836,61331456.0
2022-11-02,19.271718367822857,19.798809177730465,19.205832212940635,19.337604522705078,51901460.0
2022-11-03,19.30466084365888,19.419961213706035,18.859928152020323,19.074058532714844,38695803.0
2022-11-04,19.17289106421864,19.699980334707146,18.97523258778545,19.43643569946289,70666241.0
2022-11-07,19.683504803300647,20.556496640639264,19.683504803300647,20.260009765625,73552875.0
2022-11-08,20.260010596260795,21.05064438984672,19.947050208162413,20.35883903503418,82002326.0
2022-11-09,20.45766892819242,20.688271235433692,19.864693586378763,19.947050094604492,51009050.0
2022-11-10,19.9799960100634,20.918874123903397,19.94705214670417,20.556499481201172,68483649.0
2022-11-11,21.08359064659727,21.264777185510606,19.979996339466286,20.12824058532715,59869283.0
2022-11-14,20.01293553712186,20.4741401353212,19.996465178568034,20.260009765625,48490496.0
2022-11-15,20.42472529475599,21.42949104309082,20.029408395829037,21.42949104309082,111438937.0
2022-11-16,21.445963880865314,23.191947710442033,21.16594733956248,21.72597885131836,159083174.0
2022-11-17,21.725977626294856,21.92363764382805,20.490611156385715,20.622385025024414,75277840.0
2022-11-18,20.375309895067424,21.314187868356296,20.375309895067424,20.90239906311035,67807052.0
2022-11-21,21.001231027312855,21.824808714658456,20.474141810083598,21.54479217529297,67114959.0
2022-11-22,21.709507306426648,22.335426507479962,21.478904999454468,22.071880340576172,66904235.0
2022-11-23,22.13776789305444,23.01076138639078,21.857752920132178,22.763687133789062,80076206.0
2022-11-24,22.846045609682943,23.29077832948105,22.088354049576775,22.31895637512207,81865315.0
2022-11-25,22.0718815452307,22.187183490434666,21.709508491303325,21.72597885131836,66451702.0
2022-11-28,21.84128009073505,22.714271977313228,21.84128009073505,22.253068923950195,80802027.0
2022-11-29,22.351898590208407,22.566028983726927,21.775395134596845,22.12129783630371,70264404.0
2022-11-30,21.98952497736955,22.467199975300993,21.94010918489921,21.956581115722656,55307847.0
2022-12-01,22.450727286448306,22.467199216715592,21.8577519344736,22.055410385131836,52957709.0
2022-12-02,21.98952535336015,22.137768020756557,21.198889939663587,21.297719955444336,44717130.0
2022-12-05,21.39654770502719,21.643621951024702,20.968286935311305,21.16594696044922,39706257.0
2022-12-06,21.16594785244527,21.70950901735742,21.133003989917345,21.24830436706543,41433351.0
2022-12-07,21.248302792680626,21.561263180107925,20.3423686321851,20.589441299438477,55534188.0
2022-12-08,20.655328912702597,21.44596433147892,20.325898142733223,21.2647762298584,62157254.0
2022-12-09,21.347133957080164,22.187183584552137,21.29771973512587,22.137767791748047,43435655.0
2022-12-12,22.104825678174837,23.17547606392802,21.940109509205207,22.961345672607422,102351716.0
2022-12-13,22.730744015171986,23.076646699542962,22.286011319187985,22.664857864379883,77444752.0
2022-12-14,22.730744133207548,23.653150249086835,22.253069144771906,22.417783737182617,122860749.0
2022-12-15,23.027230652598327,23.801394093945902,22.631913752235633,23.521377563476562,108237762.0
2022-12-16,23.653151648578138,24.09788437318514,23.653151648578138,23.76845359802246,28071006.0
2022-12-19,23.91669645415531,26.041526794433594,23.900224523638872,26.041526794433594,105931351.0
2022-12-20,25.926225885821857,25.942697816995334,24.377900485060817,24.872047424316406,93938263.0
2022-12-21,24.90498859846395,26.173298966622873,24.377899391358813,24.542613983154297,72977341.0
2022-12-22,24.756744842790944,25.119119465075876,24.06493945972415,24.509672164916992,49195238.0
2022-12-23,24.57555784402324,24.88851666802948,24.22965515914806,24.542613983154297,28566793.0
2022-12-26,24.822631226988467,25.514436616522236,24.822631226988467,24.888517379760742,31575093.0
2022-12-27,24.92146178420149,25.580323326270005,24.47672906516787,24.83910369873047,40356590.0
2022-12-28,24.789690566881937,25.300307891746908,23.702568189195336,24.097885131835938,55218693.0
2022-12-29,24.09788295844563,25.38266369157804,24.09788295844563,24.954402923583984,44544125.0
2022-12-30,25.201479436322323,25.465024064695122,24.67438860872683,24.740276336669922,35161085.0
2023-01-02,25.020288890685098,25.514435806208418,24.82263043864572,25.21794891357422,34373499.0
2023-01-03,25.399137418184658,25.44855164233992,24.427315441648627,24.5590877532959,33494882.0
2023-01-04,24.641444551359385,25.06970532722808,24.443786094231474,24.70733070373535,39106174.0
2023-01-05,24.789689221783522,24.987347682378797,23.62020881845746,23.817867279052734,43368818.0
2023-01-06,22.500143865010394,24.031998981752796,21.38007762301811,23.241363525390625,92632410.0
2023-01-09,23.504907477019376,23.71903628906484,21.693035973044392,22.00599479675293,53096255.0
2023-01-10,22.005994368700563,22.450727056259005,20.91887211580177,21.23183250427246,56119179.0
2023-01-11,21.248303344895877,21.627149891493115,19.667034149169922,19.667034149169922,53273576.0
2023-01-12,20.17765229190648,20.474140746622723,18.662269300234097,20.194124221801758,83416807.0
2023-01-13,19.96352256444633,20.55649792229532,19.634091810085778,19.89763641357422,53392828.0
2023-01-16,20.095296784889076,20.93534646685372,20.095296784889076,20.754159927368164,56436509.0
2023-01-17,20.82004628930912,21.396549777442452,20.4082574102782,20.918874740600586,97895535.0
2023-01-18,21.001228867810923,21.660090321598478,20.65532621186005,20.951814651489258,58008314.0
2023-01-19,20.869458694543503,21.4953779245745,20.78710061175131,21.116531372070312,46557752.0
2023-01-20,21.18241772428018,22.33542775256579,21.067117349791538,22.154239654541016,65375710.0
2023-01-23,22.648386597940316,24.04846930688018,22.07188158347101,22.368370056152344,73835800.0
2023-01-24,22.368369807621708,22.944874815685576,21.511849831730846,21.775394439697266,82963487.0
2023-01-25,21.989522058860278,22.05540820255969,20.24353689455151,21.00122833251953,85486406.0
2023-01-26,21.067116015259423,21.198888312284762,20.177652224913547,20.210596084594727,64263205.0
2023-01-27,19.848222788534457,20.144709690928018,18.991701230653565,19.61762046813965,66014374.0
2023-01-30,19.76586416114956,20.144709136897045,19.436433405967016,19.667034149169922,52673936.0
2023-01-31,19.535262862815046,20.358840579017446,19.40349055389065,19.798809051513672,64470844.0
2023-02-01,19.930582489079637,20.111769031398573,18.415199279785156,18.415199279785156,62440361.0
2023-02-02,18.448139144751494,18.975229911755623,17.295130742738845,18.019878387451172,85320501.0
2023-02-03,18.069293241392508,19.63409038952676,18.052821312153814,19.419960021972656,92333656.0
2023-02-06,18.85992913593485,19.518792242640536,18.464612214421322,18.56344223022461,15873001.0
2023-02-07,18.77757239272917,18.826988189586032,16.949230321973147,17.344547271728516,31696148.0
2023-02-08,16.199771881103516,16.199771881103516,16.199771881103516,16.199771881103516,10.0
2023-02-15,18.530497401278648,19.074058532714844,18.299895090334612,19.074058532714844,16410375.0
2023-02-16,20.836515636663005,20.836515636663005,18.876401359034286,18.92581558227539,55610527.0
2023-02-17,18.612855305553236,19.38701874060798,18.563441086121998,18.678741455078125,32797153.0
2023-02-20,18.77757126650024,19.17288976339537,18.579912803477583,18.72815704345703,27650860.0
2023-02-21,18.579911445365934,19.02464413279623,18.546969156028347,18.678741455078125,44632791.0
2023-02-22,18.678742684005854,19.123473829846564,18.612856530146125,18.76110076904297,46286447.0
2023-02-23,18.810515129095595,19.321132432524994,18.563442443029732,18.72815704345703,56279883.0
2023-02-24,18.744628889725334,18.84345733536344,18.26695388020829,18.316368103027344,27666140.0
2023-02-27,18.448141746447007,19.73292262868771,18.08576708756119,19.43643569946289,84469630.0
2023-02-28,19.568206634406156,19.83175125102849,19.10700355531707,19.172889709472656,61318882.0
2023-03-01,19.27171776091368,19.60114852495028,19.172889317127595,19.40349006652832,39292939.0
2023-03-02,19.337602641716774,19.930579548827136,19.337602641716774,19.551733016967773,52487396.0
2023-03-03,19.41996147549545,19.94705068378752,19.205831091914362,19.667034149169922,74343721.0
2023-03-06,19.81527849987219,21.34713348416759,19.76586427901259,21.16594696044922,90048224.0
2023-03-07,21.429491703622162,22.15423937399415,21.100060944362166,21.13300323486328,62803615.0
2023-03-08,21.083590701375954,23.241363525390625,20.968288748267994,23.241363525390625,75123624.0
2023-03-09,23.224890969401574,24.114354791969948,22.68132983176811,23.09311866760254,91118821.0
2023-03-10,23.027233188274042,24.16377136553043,22.829574716327258,23.439022064208984,81762370.0
2023-03-13,23.389606695329,23.68609517417769,22.104825905067713,22.12129783630371,70236539.0
2023-03-14,22.121297889633272,22.796631363439083,21.643622878586495,21.676565170288086,65238931.0
2023-03-15,21.824808660978526,21.94010903425139,21.264775583625,21.775394439697266,60849061.0
2023-03-16,21.940110952206375,22.318957537413347,21.5777378699996,21.989526748657227,43327097.0
2023-03-17,22.22012623930801,22.43425663241492,21.05064582824707,21.05064582824707,54255387.0
2023-03-20,21.133003317354103,21.67656446496728,20.86945870891738,21.33066177368164,48547813.0
2023-03-21,21.281247994065186,21.396548369937197,20.572970666051855,20.65532875061035,55985073.0
2023-03-22,20.83651531908765,21.561264579543632,20.572970704685403,21.511850357055664,52001732.0
2023-03-23,21.39655007630481,22.549558639526367,21.36360778236416,22.549558639526367,41960946.0
2023-03-24,22.56602843223791,22.664858446388784,21.923638838231476,22.170711517333984,39444131.0
2023-03-27,22.450728676288623,22.66485907047015,22.055411750499566,22.104825973510742,31383114.0
2023-03-28,21.907166797562972,22.401313724140287,21.49537795389017,21.54479217529297,44035139.0
2023-03-29,21.413018259558985,22.598970479926308,21.413018259558985,22.58249855041504,51027307.0
2023-03-30,22.582501160433747,23.65315156881444,22.500143074208346,23.356664657592773,60095499.0
2023-03-31,23.10958839714772,23.471963002640436,22.763685721643242,22.944873809814453,45438999.0
2023-04-03,22.78015915353587,23.307248381113045,22.33542801048008,23.17547607421875,47928441.0
2023-04-04,23.191949906632686,23.620210724574044,22.763689088691333,23.38960838317871,46629713.0
2023-04-05,23.422550236543835,23.488436389734332,22.681330620438292,22.763687133789062,33138822.0
2023-04-06,22.730745308914642,23.07664801297301,22.434256828050373,22.51661491394043,23456497.0
2023-04-07,22.483669685058874,22.829572368098997,22.417783534520265,22.467199325561523,20987722.0
2023-04-10,22.56602928524842,23.02723237007011,22.549557353792327,22.91193199157715,24030305.0
2023-04-11,22.994288383533288,23.801394115207195,22.829572222810164,23.73550796508789,37563747.0
2023-04-12,23.850808713441484,25.514435993907014,23.669622190451577,24.954402923583984,68738643.0
2023-04-13,24.970875355085674,25.349721910019714,24.262598037719727,24.262598037719727,56972900.0
2023-04-14,24.927099435071266,24.962556733236912,24.182477575038483,24.23566436767578,40608550.0
2023-04-17,24.25339179224221,24.66115998562328,23.987454470196827,24.147016525268555,30534562.0
2023-04-18,24.18247624579534,24.99801434810922,24.18247624579534,24.678890228271484,40191613.0
2023-04-19,24.802992925088077,26.948212573159378,24.359765739046715,26.15040397644043,71794368.0
2023-04-20,25.370323580667065,25.742634465608592,24.856180138678997,24.94482421875,32940630.0
2023-04-24,25.0866592273225,25.40578335725148,24.838453073624507,24.98028564453125,30544795.0
2023-04-25,24.998013807857,25.122116878099554,23.845622117113543,24.005184173583984,30435913.0
2023-04-26,23.898810119153044,24.62570415673545,23.774707042609087,24.02291488647461,46997959.0
2023-04-27,24.022913978041547,24.980284638494464,24.022913978041547,24.820722579956055,63612940.0
2023-04-28,24.82072252848397,25.104387658285095,23.75697660095221,24.271120071411133,60221766.0
2023-05-02,24.359767378666938,24.99801565162368,24.271121597336542,24.466142654418945,40643478.0
2023-05-03,24.572513678309146,24.82072150200913,23.668331537155407,24.25339126586914,52300708.0
2023-05-04,24.111560794928327,24.802994157408644,23.3314799619023,23.56195831298828,32232569.0
2023-05-05,23.49103998670391,23.703788825199627,22.604585647583008,22.604585647583008,32074841.0
2023-05-08,22.781878384297322,24.802993301196132,22.35637899425449,24.678890228271484,53078829.0
2023-05-09,24.554787352459815,26.114945595623272,24.4129547848995,25.175304412841797,88085322.0
2023-05-10,25.122116405168303,25.937654474504185,25.068929617605253,25.157573699951172,50460988.0
2023-05-11,25.157574479257402,27.657377243041992,25.104387690046785,27.657377243041992,81536450.0
2023-05-12,28.79203966905058,29.83805617382094,28.277896163916736,29.34164047241211,87083754.0
2023-05-15,26.41634178161621,27.19642263996097,26.41634178161621,26.41634178161621,65651722.0
2023-05-16,24.82072176364751,25.015741111681983,23.881080627441406,23.881080627441406,138841033.0
2023-05-17,24.076100614521643,24.519327800636958,23.15418894660611,23.313749313354492,86174975.0
2023-05-18,23.331479313215823,23.579687151510008,22.161359786987305,22.161359786987305,67096707.0
2023-05-22,22.445025889038664,22.46275538341895,21.097614750134497,21.36355209350586,57783050.0
2023-05-23,21.38128089904785,22.001797965367945,21.221718836321156,21.38128089904785,44569655.0
2023-05-24,21.43446781355311,21.71813295302742,20.884865337738436,20.920324325561523,37987867.0
2023-05-25,21.06215436783221,21.540838810558395,20.849405538756418,21.3458194732666,46477428.0
2023-05-26,21.416736357073994,22.072712354691,21.274903800333966,21.789047241210938,51477884.0
2023-05-29,22.14362886753936,22.83506385705168,21.416736583855293,22.28546142578125,81992183.0
2023-05-30,23.225105276858102,24.501598358154297,23.136459501295928,24.501598358154297,121250450.0
2023-05-31,24.395224296673728,24.696618913146015,23.739248275756836,23.739248275756836,135999773.0
2023-06-01,24.022913295307763,24.53705675222088,23.89880853620632,24.05837059020996,114460106.0
2023-06-02,25.707177327654144,25.955385165704524,25.05120128149697,25.40578269958496,190288607.0
2023-06-05,26.008572096589873,26.239050442289766,25.38805334349188,26.132675170898438,141182798.0
2023-06-06,25.973114299764326,26.185864852299108,25.4944297835052,25.742637634277344,65898531.0
2023-06-07,26.079487068458295,27.107773980135576,25.52988462701406,26.57590103149414,152475656.0
2023-06-08,26.416341640433117,27.675107013090287,26.380884342031134,26.87729835510254,100519094.0
2023-06-09,27.231878297570077,27.462356642248054,26.36315339970679,26.593631744384766,63472537.0
2023-06-12,26.770922988912215,26.930483357277225,25.778093338012695,25.778093338012695,49670971.0
2023-06-13,25.884469361155713,26.345424367812655,25.281680093860942,25.52988624572754,62962789.0
2023-06-14,25.583074605504724,26.912756209686425,25.441242036320883,25.990842819213867,109792126.0
2023-06-15,26.41634053629239,27.26733764247994,26.327696448603717,27.178691864013672,66227025.0
2023-06-16,27.373709775193433,27.568730815652753,26.646817473642344,26.664546966552734,64139443.0
2023-06-19,26.664548528363863,26.965943162383994,25.937656184236822,26.07948875427246,60099531.0
2023-06-20,26.079488607053687,27.444627508634884,26.026301816284963,27.178691864013672,79537582.0
2023-06-21,27.480086298336317,27.728294138097993,26.416340345960656,26.68227767944336,69852342.0
2023-06-22,26.753192008563758,27.355981224809383,25.49442678957362,26.91275405883789,157209979.0
2023-06-23,27.46235660991539,28.437458468327886,27.426899313502293,28.011959075927734,94832554.0
2023-06-26,29.430285499215152,29.518929582806706,28.774307783350547,28.80976676940918,56752947.0
2023-06-27,28.685663644712125,28.774307728133575,28.384269026902164,28.40199851989746,22347087.0
2023-07-03,28.66793573007049,29.3593690871797,28.632476742127658,29.004789352416992,72292774.0
2023-07-04,29.18207537244948,30.919528456142302,29.146619768682044,30.015344619750977,105395036.0
2023-07-05,30.050805356873635,30.121719950097404,28.987059406075822,29.784866333007812,58050514.0
2023-07-06,29.83805617382094,30.17490980626105,29.30618486496208,29.34164047241211,66856076.0
2023-07-07,29.32391197729524,29.78486527069722,29.07570245597682,29.2175350189209,38526019.0
2023-07-10,29.501201157638466,29.713951700136214,29.235265515682645,29.377098083496094,40977795.0
2023-07-11,30.139446642740353,31.380484033592776,29.465742852727935,31.096818923950195,97853783.0
2023-07-12,31.07909143648179,33.951201702250636,30.90179988613129,33.18885040283203,124421039.0
2023-07-13,33.330685037928724,35.54682110113024,33.20658195943828,35.014949798583984,114050514.0
2023-07-14,35.45817585734578,35.9014030555626,33.86255862007625,34.12849426269531,71069824.0
2023-07-17,34.341244805723655,34.90857507839236,33.383872434428845,34.12849426269531,64456150.0
2023-07-18,34.12849570425413,35.15678271228892,31.71733856201172,31.71733856201172,80163183.0
2023-07-19,31.84143935434533,33.18885040283203,31.309568084848895,33.18885040283203,71219591.0
2023-07-20,33.41933244225454,34.48307842676539,32.65698109699585,33.50797653198242,102766871.0
2023-07-21,33.24203645641844,33.82709616278921,32.56833267211914,32.56833267211914,36574412.0
2023-07-24,32.67470696015455,32.88745410448125,31.93008519190134,32.17829132080078,45560797.0
2023-07-25,32.35558191761158,34.34124103550801,32.33785242584275,33.66753387451172,104516848.0
2023-07-26,33.41933169587746,34.02212096091925,32.69243935536621,33.614349365234375,53926305.0
2023-07-27,34.03984820639556,35.369529724121094,33.80936818298569,35.369529724121094,74068316.0
2023-07-28,36.876498282457106,38.525303855266635,36.29143856773968,37.90478515625,93487058.0
2023-07-31,38.24164458923391,39.92590940378321,37.79841736241097,38.91535186767578,83996817.0
2023-08-01,38.48985058412721,39.394034528638386,37.49702254726518,37.86933517456055,45078409.0
2023-08-02,37.816142164824406,41.202397487041004,37.355185500340085,40.40459060668945,83307329.0
2023-08-03,40.440046210453666,42.3902464427935,40.227299061648566,40.40459060668945,92445474.0
2023-08-04,40.61734031895832,42.05339549946818,40.05001004426579,41.66335678100586,67966941.0
2023-08-07,41.840648020666286,42.30160471075512,40.98965261506619,41.48606491088867,41610773.0
2023-08-08,41.48606411310061,43.64901495435066,41.13148439169681,42.74483108520508,70174284.0
2023-08-09,42.744831492173276,46.98208236694336,42.63845453133976,46.98208236694336,85322476.0
2023-08-10,48.75498710422341,51.68028565416584,47.38098359850626,48.31175994873047,121377530.0
2023-08-11,48.533374734826985,50.705188527125664,47.33666273782308,49.19821548461914,94389497.0
2023-08-14,49.641445768254094,51.99055125098103,48.799313422660184,49.50847625732422,69768845.0
2023-08-15,49.64144265114724,51.14841569365377,47.159371194900864,49.19821548461914,95309445.0
2023-08-16,49.15389619193034,49.5971233832344,47.64692306518555,47.64692306518555,43511684.0
2023-08-17,47.6912466557763,49.15389778717058,47.646924611518486,48.04582977294922,44254030.0
2023-08-18,48.134470697041735,49.06524709148617,43.75538741008546,44.8989143371582,55714019.0
2023-08-21,42.939849773238144,45.65240144541283,42.37251950020806,44.09224319458008,96896952.0
2023-08-22,44.588656859408545,45.12053154284333,42.60300084294009,43.649017333984375,68226856.0
2023-08-23,43.71992784670749,45.43078499610978,43.329889153856776,43.87948989868164,67799060.0
2023-08-24,44.05678256691698,48.26744079589844,44.0035940877174,48.26744079589844,129979765.0
2023-08-25,49.1982176931037,49.64144487952806,46.40588506600822,47.11505126953125,108967638.0
2023-08-28,47.5139562594743,48.79931586372453,46.361566172805404,46.76047134399414,57217270.0
2023-08-29,46.89344048912905,48.09015261163518,45.253497772057166,45.563758850097656,57734404.0
2023-08-31,45.91833712789302,46.22859819604371,44.5000114440918,44.5000114440918,33697415.0
2023-09-01,44.76594851081266,45.475111375266955,44.45569081434993,45.07620620727539,30521405.0
2023-09-04,45.47511199309871,46.80479365009899,44.898918637331775,45.430789947509766,68729314.0
2023-09-05,45.342143910721234,46.36156444174539,44.765947198123314,46.00698471069336,74712807.0
2023-09-06,46.49452848389659,47.42530481803301,45.07619958190105,45.60807418823242,68120445.0
2023-09-07,45.82969559663413,46.71615004383574,45.51943451118036,46.45021438598633,47291670.0
2023-09-08,46.62750028102388,47.73556828562573,46.00698490369099,46.36156463623047,44993485.0
2023-09-11,46.93776201154163,47.07072814503124,43.96813768850042,44.544334411621094,51477027.0
2023-09-12,44.50001232206731,45.16485313350789,43.63128740090491,43.932682037353516,41004715.0
2023-09-13,43.897218580475666,45.47510619690287,43.17032630448865,43.578094482421875,55230507.0
2023-09-14,43.32989209829054,44.94323883872456,43.01076797265653,44.854591369628906,58503285.0
2023-09-15,44.677302683188465,45.696723204456795,44.056783932841796,44.32271957397461,42737220.0
2023-09-18,44.09224228727254,44.76594612724385,43.86176225512479,43.968135833740234,47391627.0
2023-09-19,44.021322077701264,44.72162181292006,43.453991845163735,44.36703872680664,43317515.0
2023-09-20,44.3670414318729,46.93776050904507,44.18088682201319,45.652400970458984,64818497.0
2023-09-21,45.652399649986855,47.42530837425819,44.677301204259635,46.09562683105469,104964637.0
2023-09-22,46.09562920541281,46.36156485144069,45.031883239746094,45.031883239746094,52605579.0
2023-09-25,45.16484887688755,46.27291679152387,45.031879374509224,45.696720123291016,56997929.0
2023-09-26,45.962653877565224,46.893433593256425,45.47510469126089,45.60807418823242,59341332.0
2023-09-27,45.741046089672174,45.96265969162127,44.89891710750975,45.031883239746094,42455913.0
2023-09-28,45.16485110284793,45.741044417923696,45.12052906038904,45.29781723022461,44031830.0
2023-09-29,45.563757903155754,48.40040930222497,45.563757903155754,47.203697204589844,75151115.0
2023-10-02,47.69124254483069,48.799310463537516,47.026401793606595,47.868534088134766,56418434.0
2023-10-03,48.04583050717253,48.13447459704278,46.45021321862102,47.24802017211914,32361981.0
2023-10-04,47.2036964747992,47.646923671745675,45.82969284057617,45.82969284057617,36116949.0
2023-10-05,46.184269926928074,46.937758147561965,44.632974826367374,46.71614456176758,50449835.0
2023-10-06,46.09563002758263,46.804792890157465,45.60808077090964,45.74104690551758,31455272.0
2023-10-09,44.54433285348322,45.253495685287355,43.87949206462526,44.14542770385742,38848549.0
2023-10-10,44.94323566974073,45.475106920591294,44.45568645953522,45.209171295166016,32884966.0
2023-10-11,45.25349530251854,46.18427172273585,44.54433247671274,45.12052917480469,32255893.0
2023-10-12,45.56375707466796,46.05130631367065,43.3830767016465,44.32271957397461,36017420.0
2023-10-13,43.87949056992678,44.2695292687441,42.9753067220932,43.08168029785156,24585838.0
2023-10-16,43.61355909203905,43.73766217249836,42.33706253518818,42.8512077331543,24391127.0
2023-10-17,42.86893144701394,43.914947814913,42.6029958273822,43.808570861816406,28793380.0
2023-10-18,42.54980671691042,43.34761694547442,41.893829042140595,42.000205993652344,25973892.0
2023-10-19,42.000208146597735,42.532079405201095,40.81235917959891,40.98965072631836,43956505.0
2023-10-20,40.510968922931,40.72371609663831,39.14582826234689,39.55359649658203,28937551.0
2023-10-23,39.943635350076796,40.812360231686164,39.4649491760609,40.77690124511719,29792228.0
2023-10-24,41.220130748171115,44.854592536785596,40.8300920186666,44.056785583496094,51172575.0
2023-10-25,44.16315813951647,44.500011759892985,40.26275740905056,40.333675384521484,35806691.0
2023-10-26,40.971924799341856,43.06395779328331,40.280488045114666,42.3193359375,65728529.0
2023-10-27,42.44343908571671,44.21634794698995,42.12431494963869,43.542640686035156,47721147.0
2023-10-30,43.453995027882335,44.5886555760638,42.44343755446382,42.939849853515625,34875994.0
2023-10-31,43.4362655801976,43.71993071754386,41.50379471855419,41.66335678100586,34643918.0
2023-11-01,41.929291628669525,42.28387473439923,39.9613651983795,41.361961364746094,36363723.0
2023-11-02,41.66335351650185,42.99303501170936,41.32649992421391,42.19522476196289,33106068.0
2023-11-03,42.24841677805074,42.727102967995556,41.48606544922496,42.709373474121094,32187897.0
2023-11-06,43.09941097671363,44.72162411405372,43.081681483340205,44.4556884765625,26710135.0
2023-11-07,44.500009580847625,44.67730112928826,43.63128471319905,44.1276969909668,20374873.0
2023-11-08,44.4113627663242,44.72162382602833,43.0462256009133,43.205787658691406,30469849.0
2023-11-09,42.76256364184202,43.560370608318486,42.4434395026293,42.8512077331543,26953547.0
2023-11-10,42.88666563166844,43.32989284006895,42.19522888710609,42.372520446777344,21864447.0
2023-11-13,41.89383117483109,42.088852214309085,40.4755055646866,40.70598220825195,28020376.0
2023-11-14,40.776905659086765,41.55698654027004,40.10320174912538,41.13148880004883,35135582.0
2023-11-15,41.397420306131814,41.53925287195679,40.75917206914187,40.954193115234375,30971304.0
2023-11-16,41.025108106760015,42.17750151955631,41.00737861316491,41.947021484375,26185565.0
2023-11-17,41.87610873317082,42.407980038194175,41.66335818222831,42.035667419433594,24538472.0
2023-11-20,42.35479039418706,43.45399534441109,42.337060900298184,43.11714172363281,23468846.0
2023-11-21,43.436262663993475,43.95040780438712,42.83347344221366,43.47172164916992,28706121.0
2023-11-22,43.45399615545452,44.14542952224996,43.06395742728496,43.8263053894043,32303880.0
2023-11-23,43.96813768850042,45.82969399135205,43.87949359950734,44.544334411621094,58179787.0
2023-11-24,44.54433239402417,46.09562755202501,43.755388540432556,45.785369873046875,38209670.0
2023-11-27,47.20369699556533,48.97660580291051,46.58317823668349,48.53337860107422,53303684.0
2023-11-28,48.04582433174567,49.37550579822449,47.77988871476087,48.31175994873047,47035851.0
2023-11-29,48.31176251530098,48.75498969434044,47.38098611562912,48.09014892578125,23926508.0
2023-11-30,47.86853501436916,49.10957245995628,47.513951920899984,47.91285705566406,24673499.0
2023-12-01,49.6857687528474,50.705192671812604,49.10957541819527,50.04035186767578,38562941.0
2023-12-04,50.17331316066025,51.325706481933594,48.93227914156146,51.325706481933594,43128827.0
2023-12-05,51.32570989265551,52.30080835685621,50.882482703190625,51.81325912475586,37760496.0
2023-12-06,51.81325985828735,55.04881635825441,51.680290346943366,53.18726348876953,51921537.0
2023-12-07,53.18726297019514,53.275907055856756,50.572221864516195,52.655391693115234,34012271.0
2023-12-08,52.83268366068864,53.76346353479158,50.61654754435849,51.14842224121094,33694534.0
2023-12-11,51.05977240508579,51.54732503336361,49.77441622233209,50.04035186767578,27831613.0
2023-12-12,49.907381077388756,53.142940927364336,49.774414948896336,52.655391693115234,47770958.0
2023-12-13,52.389450180711414,54.738555536097074,51.72460942521226,52.212162017822266,53663940.0
2023-12-14,53.320230246664956,55.84662377929688,52.43377590096183,55.40339660644531,51302169.0
2023-12-15,55.75798196682827,56.91036860528119,54.738558075154764,55.004493713378906,44635855.0
2023-12-18,54.51694539552515,55.669335434891885,54.29533179635634,55.0488166809082,27233832.0
2023-12-19,55.04881297523024,55.492040143731465,53.098616139068795,53.71913146972656,25799684.0
2023-12-20,53.719131996987386,55.66933223384525,53.320230246664956,55.40339660644531,31614066.0
2023-12-21,55.802304330625546,56.378497653166725,54.251009153579474,55.181785583496094,39549879.0
2023-12-22,55.2704321937375,55.44772375552204,53.231587687103456,53.45320129394531,30220754.0
2023-12-25,53.009975226306125,53.275910883954666,50.39493393272547,51.14842224121094,15474017.0
2023-12-26,51.59164579706554,51.76893735008018,48.48905545475212,49.8187370300293,33919418.0
2023-12-27,49.64144391115471,50.04034904746606,48.97660314448746,49.419830322265625,24508620.0
2023-12-28,50.08467452467211,50.705193292439276,49.19822010830623,49.90738296508789,20041745.0
2023-12-29,49.86305661403147,51.94622295995125,49.81873457335221,51.724609375,22696671.0
2024-01-02,52.56674419867386,53.320232452627785,51.63596777348852,52.16783905029297,16881291.0
2024-01-03,51.94622381201088,52.43377641214478,49.90737947332776,50.08467102050781,20141213.0
2024-01-04,49.99602990828097,51.192742005129446,48.75499238583757,51.05977249145508,31275024.0
2024-01-05,51.14841624782507,51.41435187431224,50.12899240114344,50.88248062133789,22935879.0
2024-01-08,51.680290649853454,55.62501339136915,51.680290649853454,55.0488166809082,62599601.0
2024-01-09,55.31475437168687,56.46714438327303,54.29533048746348,55.492042541503906,60396241.0
2024-01-10,55.40339990578056,57.13198327759678,55.27043039338462,56.555789947509766,41187587.0
2024-01-11,56.95469702347771,60.89941652452883,56.73308341638247,58.15140914916992,48524495.0
2024-01-12,57.974116461050556,61.34263896911769,57.30927569145848,60.10160827636719,66351606.0
2024-01-15,59.43677138475547,59.96864268250931,58.638961056569464,58.94921875,30258890.0
2024-01-16,58.86057245020171,59.702701409757324,56.20120929820263,56.51146697998047,41142548.0
2024-01-17,56.28985410889216,57.176308504307784,55.75798282426485,56.201210021972656,29536066.0
2024-01-18,57.57520867412804,57.885473114374115,55.6693338059764,55.802303314208984,28400991.0
2024-01-19,56.06823947247088,56.777405680924076,54.871527413427536,56.33417510986328,31685876.0
2024-01-22,56.02391731148401,56.06823935402994,54.64991370322987,55.314754486083984,27428721.0
2024-01-23,55.84662795957193,56.15688565116969,53.05429520897125,53.408878326416016,39476717.0
2024-01-24,53.763457103449625,56.422820124925025,53.45319605534453,55.226104736328125,46864332.0
2024-01-25,55.403398861492676,56.37849732883291,54.738558075154764,55.004493713378906,32847801.0
2024-01-26,55.137466608316785,56.201212608074904,54.56126987216084,55.97959899902344,33307202.0
2024-01-29,56.600111794665565,56.77740673161488,55.40339971347653,56.201210021972656,25433993.0
2024-01-30,56.821725274169424,57.08766429747965,55.270430085450464,56.37849807739258,49008987.0
2024-01-31,56.42282164962293,56.999018339134985,55.49204186171038,56.289852142333984,27691383.0
2024-02-01,56.24552873174505,58.37301712571266,56.24552873174505,57.397918701171875,30611971.0
2024-02-02,57.264951239467685,58.24004969878526,56.422822288945724,56.64443588256836,24516446.0
2024-02-05,57.796824171275716,58.90489217120899,56.95469519657056,57.57521057128906,25716069.0
2024-02-06,57.57520947225421,58.240050259523244,56.82172459930468,57.66386032104492,39001668.0
2024-02-07,57.79682051024065,58.1957290228147,56.73307800292969,56.73307800292969,33900071.0
2024-02-08,56.73308060223566,57.75250449692913,56.73308060223566,56.999019622802734,25022297.0
2024-02-09,57.08766223578514,57.84114709047196,55.979594283860386,57.131980895996094,29880133.0
2024-02-12,57.61953529397385,58.4616642584109,56.954694502120304,58.37302017211914,34156483.0
2024-02-13,58.5059886320254,59.08218532723556,57.30927658081055,57.30927658081055,39231796.0
2024-02-14,57.397923991818146,57.57521217149074,55.97959826510575,56.777408599853516,34286513.0
2024-02-15,56.95469702347771,58.638961790023686,56.95469702347771,58.15140914916992,36930585.0
2024-02-16,58.24004821141211,58.90488897530088,57.84114645832285,58.41734313964844,24075860.0
2024-02-19,58.860570741110564,60.54483537442728,58.77192665790654,59.126502990722656,44089893.0
2024-02-20,59.2151575550259,60.722127353443824,58.77193034806645,60.278900146484375,42317867.0
2024-02-21,60.54483979703954,61.69722648909027,59.879998979779714,60.63348388671875,32293760.0
2024-02-22,61.076710695698225,61.47561247818094,58.06276432469501,58.461666107177734,73537487.0
2024-02-23,58.550313779871026,59.12650370925436,57.97411708737758,58.816246032714844,43386925.0
2024-02-26,58.860570998430305,58.90488965867105,56.99901819056742,57.61953353881836,31945009.0
2024-02-27,57.75250319629224,58.062760871226395,56.289852142333984,56.289852142333984,23868328.0
2024-02-28,56.378499854938475,56.91037115521789,55.447723388671875,55.447723388671875,22093502.0
2024-02-29,55.66933277212826,56.42282100219459,55.27042763639373,55.93526840209961,26890578.0
2024-03-01,55.93526592228285,56.20120492201915,54.73855394968892,54.82719802856445,20175496.0
2024-03-04,55.04881763609882,55.66933640084955,53.09862063481826,53.408878326416016,20743774.0
2024-03-05,53.49752085475319,54.38397524095659,52.74403597910235,53.009971618652344,26402602.0
2024-03-06,52.74403513892223,53.49752000257052,51.94622485142575,52.30080795288086,26497367.0
2024-03-07,52.56674504652866,55.0488166809082,52.52242300300593,55.0488166809082,26192056.0
2024-03-08,55.13746214486493,56.60010981726814,54.51694341344158,56.289852142333984,37657003.0
2024-03-11,58.86057254480335,59.03786071664413,55.84662628173828,55.84662628173828,48191463.0
2024-03-12,55.979594393593,58.018435371265085,55.4477197466935,56.95469284057617,45364832.0
2024-03-13,56.99902094993096,57.57521090272486,54.51694591054803,56.068241119384766,42112367.0
2024-03-14,56.334179010342964,57.043341886342255,53.94075134498444,54.64991760253906,25463829.0
2024-03-15,54.51694436492809,55.492042830215325,53.67481202769541,53.98507308959961,19105710.0
2024-03-18,54.42829759001839,55.71365367213967,53.80777887842764,54.38397216796875,20322939.0
2024-03-19,54.38397599489213,56.821725590746475,53.985074220814646,56.555789947509766,33378342.0
2024-03-20,56.33417654098482,57.397922499133074,56.02391885307104,56.910369873046875,32009831.0
2024-03-21,57.309277922059884,60.72212598617929,57.08766432357018,60.23457336425781,70194062.0
2024-03-22,60.10160943570045,62.49503354715598,59.92431450252327,60.98806381225586,40240747.0
2024-03-25,61.07670261362424,63.82470959059749,60.58915004345223,61.12102127075195,49817005.0
2024-03-26,61.386962838405864,62.84961384710538,60.67779666354856,60.899410247802734,36699068.0
2024-03-27,61.076705173072,61.608576422660036,59.968637251801134,60.899410247802734,24146763.0
2024-03-28,61.2096708847358,64.17929137717253,61.2096708847358,63.3814811706543,43756272.0
2024-03-29,64.65038455489778,65.02114086272024,63.028331895814325,63.49177551269531,27774426.0
2024-04-01,64.41867016598633,67.57008853806465,62.61124268061232,64.69673919677734,27219775.0
2024-04-02,64.74307827846464,66.64320012456919,64.41866912882435,64.97480010986328,35198185.0
2024-04-03,64.88210886115827,65.76264893849567,63.86253427908638,64.5113525390625,20349141.0
2024-04-04,64.74307684239241,68.03352960390302,64.37232050606053,67.06029510498047,40655105.0
2024-04-05,69.19213832754497,70.58246927690654,67.19932921914229,68.86772918701172,32337253.0
2024-04-08,69.09944741592736,70.86052753619985,68.58965659905573,68.72869110107422,20752790.0
2024-04-15,68.68234645723965,70.16536470006753,68.26525000730295,69.14579010009766,23868610.0
2024-04-16,68.9140673245833,69.88730178974663,65.43824005126953,65.43824005126953,26419769.0
2024-04-17,65.66995999624771,69.51654348330848,65.66995999624771,68.40428161621094,33953332.0
2024-04-18,68.82138247103305,69.37751344031956,68.1725641854636,68.58966064453125,19527233.0
2024-04-19,68.17256559567657,73.03872405287528,67.89449656948672,72.94602966308594,30127936.0
2024-04-22,74.24367489016896,74.84615307849324,70.86053466796875,70.86053466796875,21434323.0
2024-04-24,71.46301153803972,74.15098620218681,71.46301153803972,73.87291717529297,20996211.0
2024-04-25,74.10464055021197,74.79980606033249,71.8801165750977,73.31678771972656,16495362.0
2024-04-26,73.68753873085562,76.09744424358472,73.50216410356444,74.93883514404297,24103533.0
2024-04-29,75.54131570985025,76.74627204060614,74.3827065731961,75.95841217041016,19436873.0
2024-04-30,76.05111045575421,78.46101616916954,75.8193886165491,76.42185974121094,27651579.0
2024-05-02,77.02433405491142,78.04390868170256,76.05110662226083,77.48777770996094,24252253.0
2024-05-03,78.04390921966515,79.1098310479443,77.39509092675907,78.73907470703125,17804107.0
2024-05-06,78.7390677247084,79.2488585322059,76.977987636819,78.1365966796875,16108282.0
2024-05-07,78.18294197803348,80.59284753253745,77.02433285840765,80.50016021728516,24629413.0
2024-05-08,80.59285093042025,81.93684180880366,78.87811077539646,79.71231079101562,13202458.0
2024-05-09,80.40747499866646,83.28082427594364,80.36112780403738,82.72469329833984,26190963.0
2024-05-10,82.86372529268212,83.37350906016617,80.17575073242188,80.17575073242188,15264443.0
2024-05-13,80.3147857166344,81.42704764463798,79.57327305023944,79.8976821899414,18024895.0
2024-05-14,81.65877347446254,84.48578269822626,81.33436431884766,83.41986083984375,26296830.0
2024-05-15,83.69792585295018,83.83695329040384,80.03671678224444,81.42704772949219,33720846.0
2024-05-16,81.79780346044579,82.77103794498466,81.61242883081403,82.3075942993164,37387709.0
2024-05-17,82.35393579078261,87.26644134521484,82.21490128045171,87.26644134521484,31398368.0
2024-05-20,87.3591295358184,90.2788259956304,87.2664422185332,88.84214782714844,22796917.0
2024-05-21,89.21290078985696,97.69392082471695,89.21290078985696,93.89368438720703,50085601.0
2024-05-22,93.80099094738453,94.54250360824156,91.76184173741093,93.3375473022461,26984626.0
2024-05-23,92.7814156465343,95.00594654083253,92.549693825703,92.68872833251953,22484991.0
2024-05-24,93.05949027486372,93.24486491407774,91.3910902355808,91.99356842041016,13146706.0
2024-05-27,92.22529041414536,93.15217775499104,90.8813065985548,91.3910903930664,16870183.0
2024-05-28,91.71549066757206,93.70829967175177,91.0203252292481,92.87409973144531,29928686.0
2024-05-29,93.05948513462798,94.54250338119165,91.76184151703896,92.41065979003906,20437927.0
2024-05-30,92.87410939351324,95.09864044189453,92.59604743220886,95.09864044189453,20663252.0
2024-05-31,95.46939501734025,102.32836267562232,95.37670769863152,99.91845703125,36751484.0
2024-06-03,99.45500865641114,101.49415785779524,96.95240874025195,100.65995788574219,23553566.0
2024-06-04,100.65995801749352,102.79180160757625,96.30359059447606,96.67434692382812,20963793.0
2024-06-05,97.04509515036996,98.62080776547515,95.5620769203094,96.95240783691406,15641930.0
2024-06-06,97.41585324801503,98.71349687477111,95.19132232666016,95.19132232666016,12058485.0
2024-06-07,95.74745777093374,96.39627603096825,91.90087418807256,92.64237976074219,11584441.0
2024-06-10,92.64238326399683,93.24486142629071,90.60323402255945,91.2520523071289,13330130.0
2024-06-11,91.0666766943311,95.84014767583263,91.0203295009656,95.19132232666016,16620547.0
2024-06-12,95.1913218535076,96.67434717476532,93.3375472735243,95.46939086914062,15913691.0
2024-06-13,96.39627815913228,98.4354273684784,94.72787820851177,95.46939086914062,14295018.0
2024-06-14,97.9719819550501,100.56726914881631,95.65476377189765,97.23047637939453,23642853.0
2024-06-20,98.99156287313933,102.69911193847656,97.60123197363788,102.69911193847656,21840551.0
2024-06-21,102.88448680722131,105.20170497855513,102.23566854788331,103.6259994506836,21941605.0
2024-06-24,103.81137354846756,106.03590439596672,103.44061722861959,105.7578353881836,15789670.0
2024-06-25,106.12859145657556,106.77740971108075,103.16255504799666,104.83094787597656,15014759.0
2024-06-26,104.83095330785882,105.75784061751555,103.34793502672584,104.73826599121094,13031571.0
2024-06-27,105.20170347974928,108.26043425096772,104.55288522965498,108.16773986816406,19261025.0
2024-06-28,109.00194778735498,110.11421681808059,102.69911823293278,104.18213653564453,23597131.0
2024-07-01,104.46019704496594,105.20170972186135,99.82576049334209,102.6064224243164,19521161.0
2024-07-02,102.79180405524959,105.10902232939142,102.23567308377334,104.73826599121094,20298380.0
2024-07-03,105.29439392214431,110.2068993501042,104.73826296672723,110.11421203613281,26580992.0
2024-07-04,112.15336570419184,112.15336570419184,108.81657276697997,110.29959106445312,22935842.0
2024-07-05,111.96799333028893,114.47058631584584,111.13379331124024,113.45101165771484,28390412.0
2024-07-08,114.09982424970761,116.3243551651924,113.54369328873362,114.74864959716797,19936773.0
2024-07-09,115.1193958432405,116.50972674507474,112.89487205757662,113.72906494140625,17512242.0
2024-07-10,114.00714063046642,115.58284624956895,110.94840963857438,114.28520965576172,22768112.0
2024-07-11,116.32436210998176,122.71987915039062,115.86091843623682,122.71987915039062,29619674.0
2024-07-12,122.81256103515625,126.7981790521024,120.40264851983707,122.81256103515625,30617785.0
2024-07-16,123.73945714071176,128.18851910249657,122.34912616160264,123.18331909179688,33738090.0
2024-07-17,123.4613792836877,123.73944828825178,120.68071752440115,122.81256103515625,20443752.0
2024-07-18,123.55407691357765,125.03708807160146,119.47576440686288,120.49534606933594,24035686.0
2024-07-19,120.40265627459623,122.16375065481054,119.56846335035333,121.60761260986328,19622234.0
2024-07-22,121.97837610375358,123.09063805122572,119.29039440891974,119.47576904296875,19517005.0
2024-07-23,119.56846162712431,119.84653064559039,115.58284341091795,116.32435607910156,22728202.0
2024-07-24,115.86091216990685,118.8269486928209,113.72906855734502,117.52931213378906,18497381.0
2024-07-25,116.32435538648078,117.90006095750275,113.63638081980608,115.675537109375,16138139.0
2024-07-26,115.86091173952269,117.43661731054466,114.09982446676418,115.675537109375,20303287.0
2024-07-29,114.47058215425331,117.99275674148129,114.1925131341499,116.97317504882812,14740586.0
2024-07-30,117.15855681867924,118.54888777680063,109.2800147226581,109.9288330078125,26532833.0
2024-07-31,111.2264750583513,116.50972979498745,110.76303141227484,114.74864959716797,34789954.0
2024-08-01,117.62199553387022,121.60760653689084,116.69510826736469,119.19770812988281,27123147.0
2024-08-02,117.62199998156414,118.45619996728084,114.37789442612393,115.11940002441406,20542978.0
2024-08-05,105.66515255957275,112.61680733322885,105.66515255957275,111.1337890625,25176221.0
2024-08-06,114.47058309125887,115.3974704037387,108.72388458251953,108.72388458251953,21696241.0
2024-08-07,109.74345949789807,110.8557214471366,106.31397218983278,107.51892852783203,21518186.0
2024-08-08,107.24085359598683,108.0750535477476,104.92363543642283,105.7578353881836,16215076.0
2024-08-09,106.40666377302628,107.61161300766626,101.9576019502002,102.51373291015625,18500270.0
2024-08-12,103.25524336960164,105.85052348459094,102.23566878615625,104.55288696289062,16003383.0
2024-08-13,104.1821324789151,107.8896816271214,101.86491426128616,107.70429992675781,21882995.0
2024-08-14,108.44581522983788,109.28001522284673,104.55289135791517,104.73826599121094,20553425.0
2024-08-15,105.20170984770122,106.31397179278581,103.53330985848534,105.66515350341797,22471648.0
2024-08-16,105.94322147280397,106.12859610461314,101.03071594238281,101.03071594238281,24182456.0
2024-08-19,101.67953531225918,103.71869164190326,100.4745860494408,103.53330993652344,22851257.0
2024-08-20,102.97717848762268,105.20170944077627,102.6064221501656,103.8113784790039,22826510.0
2024-08-21,103.81138019206932,105.47978020236322,103.44062384849411,104.18213653564453,16190415.0
2024-08-22,104.83095350881003,106.684728131677,103.90406619737654,105.66515350341797,20486407.0
2024-08-23,105.66515245350129,105.66515245350129,100.38189765946179,101.03071594238281,17537919.0
2024-08-26,101.86491148774083,102.69911143769167,99.36231163788827,100.8453369140625,22279723.0
2024-08-27,101.03071655545915,103.8113784790039,100.1038292476109,103.8113784790039,16851863.0
2024-08-28,104.27481746260942,104.55288647114517,99.6403811309379,102.69911193847656,17848878.0
2024-08-29,102.3283597303508,105.5724652929062,101.03071609101086,104.08944702148438,18181481.0
2024-09-02,104.36751172506625,107.70430469175894,104.1821370880902,106.96279907226562,38248910.0
2024-09-03,106.96279764049842,107.61161593281885,105.20171032644281,105.3870849609375,24545695.0
2024-09-04,103.71868623640272,106.03590439596672,103.53330454068443,105.7578353881836,26146097.0
2024-09-05,106.40666993805371,106.87011361013306,103.99675718596973,105.20171356201172,21147590.0
2024-09-06,105.29439125286079,106.12859120063327,103.81137305214783,103.90406036376953,18338807.0
2024-09-09,102.60642131229461,102.97717764672416,99.73307209574624,100.10382843017578,15466863.0
2024-09-10,100.28920109842718,100.93802643887531,96.8597209831613,98.80618286132812,18310553.0
2024-09-11,98.80618112534543,100.84533735316971,97.23047560203503,98.4354248046875,19480406.0
2024-09-12,99.5476983455485,101.77222930022899,96.85972373662578,101.67953491210938,24794121.0
2024-09-13,101.4941600077861,104.4601965583735,99.82576002833761,102.88449096679688,22791953.0
2024-09-16,102.60642044484646,105.01633306247032,102.14297679862477,103.44062042236328,19562271.0
2024-09-17,103.90406599820209,105.66515330086767,103.53330966002159,104.73826599121094,16038598.0
2024-09-18,104.55288836326301,106.9627938850271,104.27481934969498,105.85052490234375,16303380.0
2024-09-19,107.6116197449205,108.26044513181435,106.40667043484211,107.98237609863281,28534740.0
2024-09-20,108.07505691662925,110.4849624633789,106.87010767904884,110.4849624633789,17782648.0
2024-09-23,112.15336437008182,113.82176435463597,111.04110242810502,111.78260803222656,14698554.0
2024-09-24,112.15335967048766,117.99275230014852,111.3191597131663,116.78779602050781,22669955.0
2024-09-25,117.06587067345552,119.01232554838894,116.13898335876969,117.62200164794922,22143556.0
2024-09-26,118.64157339557472,121.32954088554715,114.56326789578408,114.74864959716797,27893268.0
2024-09-27,115.11939537216725,115.30477706793974,112.61680258774176,114.00713348388672,16707451.0
2024-09-30,113.543698977256,113.72907361633828,111.13379331124024,113.45101165771484,16982180.0
2024-10-01,113.6363773828107,116.04628285978607,107.98236647524847,112.80217742919922,26168522.0
2024-10-02,112.24605062145352,113.17293792150117,107.1481704711914,107.1481704711914,19594781.0
2024-10-03,107.88968404785399,109.3727023260934,103.25524750861274,103.8113784790039,29665974.0
2024-10-04,104.64558289836522,107.42624493957109,100.01114616302212,107.05548858642578,35609531.0
2024-10-07,107.0554800102494,108.53849823243728,104.36750550476523,105.47977447509766,19446617.0
2024-10-08,105.57246591116618,108.90925880930365,105.01633494007477,106.87010955810547,21883348.0
2024-10-09,106.8701057784542,111.31916046142578,104.73826221447975,111.31916046142578,19839504.0
2024-10-10,111.5972327744773,112.43143276208532,108.81657086350988,109.00194549560547,14267747.0
2024-10-11,109.28001811975236,113.45101112377657,108.81657445263855,110.67034912109375,20886270.0
2024-10-14,110.76303814409117,112.6168128410634,107.98237609863281,107.98237609863281,18500808.0
2024-10-15,108.26044529455991,109.83615096071934,106.31397620254157,108.90926361083984,25578863.0
2024-10-16,108.3531265258789,108.90925749023467,106.22128291232812,108.3531265258789,18343947.0
2024-10-17,108.1677421523462,109.0946294272475,106.40666198730469,106.40666198730469,23107211.0
2024-10-18,106.68472522599345,107.98236884097528,101.95760148074919,102.79180145263672,19395477.0
2024-10-21,102.97717610167358,103.90406338804614,100.10382692823642,100.65995788574219,18360168.0
2024-10-22,100.93802970550686,105.57246626616752,100.01114239337474,103.53330993652344,25039094.0
2024-10-23,103.53330482090652,104.46019208724083,100.5672683972722,102.69911193847656,23212666.0
2024-10-24,103.53330945801385,105.38708407371034,103.1625601921457,103.8113784790039,17119472.0
2024-10-25,103.34793137743645,104.64557497945295,101.49415682358108,103.06986236572266,26839120.0
2024-10-28,103.06986539091344,103.44062172688427,101.95760345458984,101.95760345458984,6099673.0
2024-10-30,102.1429816442456,102.97718166133652,100.56727600097656,100.56727600097656,33054876.0
2024-10-31,101.4941569115926,102.23566956241324,98.71349507839827,99.0842514038086,22425586.0
2024-11-01,99.54769528167884,100.84533888793612,97.69392072176522,97.8792953491211,28870744.0
2024-11-04,97.50854349006384,98.15736885871205,92.54969772942879,93.15217590332031,27013085.0
2024-11-05,93.70830436994183,94.35712972119369,90.60323333740234,90.60323333740234,23740641.0
2024-11-06,90.97399182736183,95.56208123045894,90.09344463084354,94.35713195800781,36053938.0
2024-11-07,94.54250087788806,98.06467530785659,94.2644318702,97.50853729248047,23181477.0
2024-11-08,97.6012317378419,102.05028636254487,96.76703178583865,101.77222442626953,34562726.0
2024-11-11,101.95759953868779,105.01633035348388,101.86491222615217,103.6259994506836,31830568.0
2024-11-12,103.16255581641683,104.46019233509284,102.32835586041892,103.6259994506836,20791928.0
2024-11-13,103.06986984181103,108.2604446263711,101.21609515349364,105.20171356201172,40566482.0
2024-11-14,105.85052372695311,106.5920363738414,104.73826182820937,105.47977447509766,24458225.0
2024-11-15,105.94322232240027,108.07505889165738,104.36750965303045,104.73826599121094,23978790.0
2024-11-18,105.29439277758124,106.31396736336112,104.1821308788375,105.47977447509766,22230744.0
2024-11-19,106.03590468296233,106.12859199527803,101.12339934275505,102.69911193847656,23474103.0
2024-11-20,103.25524688203747,105.01633417058027,100.56727229127097,101.03071594238281,22411981.0
2024-11-21,101.95760491016404,106.87011052083483,101.77223027532662,106.31397247314453,35417062.0
2024-11-22,106.40667090668717,111.50455134596663,105.66515819597444,110.7630386352539,41346699.0
2024-11-25,111.68992175399713,112.70949638888594,109.28001614291749,111.50454711914062,29353283.0
2024-11-26,111.59723120332353,112.98756213923308,110.02151856633942,111.6899185180664,23223176.0
2024-11-27,113.08024770058876,113.63637865201162,111.22647314812009,111.31916046142578,25266359.0
2024-11-28,111.22647679008656,113.26562603593591,110.94840776947576,112.98756408691406,20471950.0
2024-11-29,113.17293676871881,113.82176211509656,110.76303122746005,111.6899185180664,22682853.0
2024-12-02,110.76303075921695,112.24604900359999,109.46538714353598,111.96798706054688,18506289.0
2024-12-03,112.8948725348481,116.60242162208004,110.85571629391733,115.58283996582031,26521223.0
2024-12-04,116.046286148911,116.97317344106392,113.54369328873362,114.74864959716797,17422711.0
2024-12-05,115.3047866821289,116.04629231228027,113.54369931918694,115.3047866821289,16285925.0
2024-12-06,119.56845737921411,120.77341365430676,119.10501374596134,119.19770812988281,21869803.0
2024-12-09,120.49534653172348,122.34912109375,118.36350295675749,122.34912109375,20600251.0
2024-12-10,122.34912537185163,122.9052634171767,118.82695075220818,119.47576904296875,15079399.0
2024-12-11,119.5684578305199,119.75383245588525,113.63637788817637,116.78779602050781,25740589.0
2024-12-12,117.6219992324808,118.45619921288484,115.67553732593063,116.60242462158203,18260905.0
2024-12-13,115.39746873052728,118.4561996459961,114.56326874707317,118.4561996459961,17103441.0
2024-12-16,118.4561996459961,120.21727985690171,117.3439306441943,118.4561996459961,21133440.0
2024-12-17,118.73426227011429,121.88567325986665,117.52930601761709,120.95878601074219,22313133.0
2024-12-18,120.40266011510029,121.88568552014529,119.0123291015625,119.0123291015625,19049800.0
2024-12-19,117.06586525798404,119.383083437504,115.58283996582031,115.58283996582031,12666348.0
2024-12-20,115.95360516287724,117.06587421712281,115.02671782013387,116.23167419433594,14921005.0
2024-12-23,116.97317982557709,118.36351083969214,114.0998304773905,116.23167419433594,12832565.0
2024-12-24,116.50973092177938,117.52931261027928,115.58284362066232,117.2512435913086,11003306.0
2024-12-25,121.42224107535426,123.55408477783203,120.77342276847277,123.55408477783203,18580720.0
2024-12-26,124.85171368612663,125.87129535057088,120.95878994191877,121.42223358154297,31981591.0
2024-12-27,121.514927731809,122.90525864799363,120.30997144248015,120.49534606933594,17708483.0
2024-12-30,120.68072426839908,121.14416792084545,116.97317504882812,116.97317504882812,16032503.0
2024-12-31,116.78780501402085,117.71469235540197,114.74865569161807,115.3047866821289,21528476.0
2025-01-02,116.32435623727275,119.93921105271369,115.76822527117329,119.38308715820312,27479779.0
2025-01-03,120.12459934918635,121.60761053848854,118.82694864747198,119.6611557006836,21918936.0
2025-01-06,120.03189849853516,121.88567299272103,119.75382949577188,120.03189849853516,20229737.0
2025-01-07,120.0319017124927,120.68071997419501,117.71468353271484,117.71468353271484,15541996.0
2025-01-08,117.52930961000237,119.66115317678567,117.34392791155801,118.3635025024414,16949245.0
2025-01-09,118.91964392279337,121.70030583458194,117.52931296689908,121.23686218261719,20934343.0
2025-01-10,121.42223568764963,121.79298494850876,117.34393017389935,118.73426818847656,20235584.0
2025-01-13,118.64158021167438,119.10502388437624,116.88049284108949,118.08544921875,21165843.0
2025-01-14,118.73427239576095,121.70030901726712,116.32435968524943,117.99275970458984,38032879.0
2025-01-15,118.08544720583568,120.4953528484876,117.62200354103379,118.91964721679688,21465033.0
2025-01-16,120.49534930223957,121.05148734090565,118.27081836234198,120.30997467041016,20940322.0
2025-01-17,120.30997528583255,123.46138647258658,120.0319062650771,123.09063720703125,31204630.0
2025-01-20,124.20289611816406,125.12978340262796,121.42223426477233,124.20289611816406,23761998.0
2025-01-21,123.83215008615399,125.77860494830601,123.73945569802287,124.01752471923828,31503969.0
2025-01-22,124.7590381902711,127.7250747680664,124.4809691672826,127.7250747680664,29388980.0
2025-01-23,128.6519617599763,129.02271102757928,123.27601252066508,123.73945617675781,41589873.0
2025-01-24,123.8321536299227,124.29559729748502,121.88568456888963,122.627197265625,21664345.0
2025-01-27,120.30997548484059,124.48096837353799,120.03190646362518,124.01752471923828,23864013.0
2025-01-28,124.66634388603407,125.87130022434881,123.18331852454237,125.59323120117188,22749413.0
2025-01-29,125.7786128336053,127.07626363290342,124.29560153278018,124.94441986083984,26820125.0
2025-01-30,124.94440710860967,125.59322537044883,121.9783706665039,121.9783706665039,21118865.0
2025-01-31,122.25643292826177,123.0906400095211,117.6220033590043,117.99275970458984,31997623.0
2025-02-03,115.95359407873069,116.78779402177537,111.31915780802531,115.49015045166016,46311577.0
2025-02-04,116.0462875366211,118.17813116270148,114.47058194975398,116.0462875366211,37754999.0
2025-02-05,116.23166680788171,117.34392871985446,113.63637958449357,115.0267105102539,26622636.0
2025-02-06,116.04628214946324,118.8269439300886,115.39746389595275,118.27081298828125,23480562.0
2025-02-07,117.99275185479016,119.75383200387977,116.41703925877756,119.19770812988281,25154138.0
2025-02-10,119.38308194348456,119.75383119029706,118.085438364875,118.27081298828125,15000686.0
2025-02-11,117.80737039949774,120.2172758830236,117.71468308697533,120.12459564208984,13622848.0
2025-02-12,120.12459288051525,120.95878574562809,119.29038587222541,120.03189849853516,18183167.0
2025-02-13,121.14416875328718,121.60761240891809,119.93921242001117,120.68072509765625,22249410.0
2025-02-14,120.86609508574925,121.32953872356758,119.5684585571289,119.5684585571289,18484502.0
2025-02-17,119.66115270336013,120.30997096637657,118.64157104492188,118.64157104492188,12362334.0
2025-02-18,118.64157854804019,121.23686590741423,118.36350951968257,120.77342224121094,18219750.0
2025-02-19,120.8661021230578,121.42224017809134,118.8269528265652,118.91964721679688,21982830.0
2025-02-20,119.47576781924437,122.7198733829977,119.47576781924437,121.23686218261719,34256634.0
2025-02-21,121.42223286628723,121.70030187705925,116.88048381040608,118.64157104492188,25644853.0
2025-02-24,119.84653398110285,120.12460300730801,115.67554101755991,116.13898468017578,21661219.0
2025-02-25,116.04628337586912,118.17812692551387,115.21209049013643,116.78779602050781,33619334.0
2025-02-26,116.97317780244032,119.29039611922074,115.58284681237205,117.06587219238281,34830052.0
2025-02-27,116.97317525451258,119.93921180674923,116.78780062184366,117.90006256103516,36854595.0
2025-02-28,117.71468446850862,119.75383365428824,116.78779718922902,119.29039001464844,35393733.0
2025-03-03,120.68072597551922,130.69111183860085,120.58804572962563,127.44700622558594,59472540.0
2025-03-04,127.16894157895149,129.48615995372532,126.6128176549129,127.63238525390625,25423693.0
2025-03-05,129.3934756393501,131.15455589157705,125.40785733132378,129.30078125,34592664.0
2025-03-06,130.6911115466926,131.6179988626266,125.68592569792027,128.65196228027344,35424872.0
2025-03-07,128.65195699677983,131.89606246931947,128.28119359972595,131.52529907226562,32809447.0
2025-03-10,131.80337320824862,132.17413661971628,129.5788493121547,129.85691833496094,20267904.0
2025-03-11,130.69111448134976,131.2472525406694,126.6128158569336,126.6128158569336,20707229.0
2025-03-12,127.5397017319664,134.02791301483606,127.35431295219901,133.00833129882812,40107544.0
2025-03-13,133.47177219669751,133.93521585015827,131.80337221560322,132.91563415527344,18352229.0
2025-03-14,133.19370317598546,133.93521585015827,131.98874684835192,132.91563415527344,26481922.0
2025-03-17,133.10102059140894,134.95479517266435,131.61799526913356,132.17413330078125,25601379.0
2025-03-18,131.8960612706758,132.26681052118292,128.93002483708688,129.022705078125,24877956.0
2025-03-19,120.68072691654017,122.53450156700369,116.13898468017578,116.13898468017578,41355038.0
2025-03-20,115.21209284794206,117.90006032869184,106.40666360270141,108.63118743896484,72268532.0
2025-03-21,106.87010484616911,108.16774136430624,97.78660678967736,99.36231231689453,50753195.0
2025-03-24,104.18213015029372,106.59203562844519,98.80618117691928,102.69911193847656,60517866.0
2025-03-25,105.75783967495698,111.04110153586709,103.81137775634333,110.20690155029297,41084746.0
2025-03-26,108.44581324803431,111.22647512618904,107.70430058522419,110.4849624633789,30997065.0
2025-03-27,112.61680476118849,114.65595395292019,110.94840482497982,114.09982299804688,30066070.0
2025-03-28,114.76234106829003,114.85845546399132,110.91770657577149,113.41671752929688,22993684.0
2025-04-02,112.07109457508768,113.51283251730509,111.4944008648124,112.55167388916016,21654816.0
2025-04-03,112.74390889410942,114.47399000774072,109.18761760548264,109.57208251953125,27160147.0
2025-04-04,109.28373011702372,109.57208063085451,105.72744622275435,106.49637603759766,24727434.0
2025-04-07,101.5944611560237,106.8808334596269,100.72942428188061,105.53521728515625,37663409.0
2025-04-08,107.45753915436083,107.55365355198987,104.18959830356428,106.1119155883789,21124367.0
2025-04-09,104.57406590586913,105.53522457289714,101.40223937145329,101.69058990478516,23433627.0
2025-04-10,106.49638068472295,106.78472387807783,101.21000814290664,101.40223693847656,22865912.0
2025-04-11,101.21000835541635,104.09348429337057,98.61487561142245,103.32455444335938,26511673.0
2025-04-14,104.67018039305309,104.86240919339517,102.26728372348373,102.65174865722656,15233768.0
2025-04-15,102.94009075017857,103.80513500852803,101.59446716308594,101.59446716308594,21146732.0
2025-04-16,100.92165761649326,102.07504505602978,99.19156912412997,101.40223693847656,25833772.0
2025-04-17,101.59446706722397,104.7662935671596,100.5371940115983,100.63330841064453,46870537.0
2025-04-18,100.92165977621532,101.11388857589894,97.46149005049968,98.80711364746094,18397523.0
2025-04-21,98.51875751310429,102.17116316388658,97.36537011446686,98.13429260253906,41453396.0
2025-04-22,99.19156722624983,99.3838033512001,97.26924997509724,97.36537170410156,20321338.0
2025-04-24,97.55760364281375,100.63330841064453,96.11586565794458,100.63330841064453,31760788.0
2025-04-25,100.82554361652603,101.4022373385697,98.51876139529284,98.61487579345703,19810812.0
2025-04-28,99.09545283030387,99.9604970599342,96.98090678725937,97.36537170410156,23302360.0
2025-04-29,97.26925080843952,99.19156807606132,96.8847932213619,98.42264556884766,22921683.0
2025-04-30,98.42264770918308,98.90322703653939,96.5964447986174,98.71099090576172,30560002.0
2025-05-02,99.76826852300064,100.72942715103318,98.90322429115967,99.28768920898438,19416308.0
2025-05-05,100.24884831767675,100.34496271432916,97.269250690043,97.46148681640625,16315327.0
2025-05-06,97.36537384683214,99.76827046365369,96.980908921529,97.65371704101562,29214566.0
2025-05-07,97.65371930656438,97.84595544020506,95.39499790096191,96.0197525024414,28530661.0
2025-05-08,96.30808949174816,97.07701931059997,95.63528140004651,96.21197509765625,13097428.0
2025-05-09,96.8847913826212,98.13429318302649,94.91441328748057,97.26924896240234,37668552.0
2025-05-12,100.15272717458268,102.74785989774863,99.57603345823196,102.26728057861328,31755667.0
2025-05-13,101.88281806056473,106.01580323586771,101.78670366108159,105.43910217285156,38110249.0
2025-05-14,104.76629371060511,109.95655192985231,104.18959998247956,109.1876220703125,29769443.0
2025-05-15,108.99538900209338,110.05266201774829,105.150754521124,105.82356262207031,20365830.0
2025-05-16,105.8235646887217,109.57208484748416,104.76629165241907,108.89927673339844,21126020.0
2025-05-20,108.89927487390925,109.95654789215861,107.74588012695312,107.74588012695312,25323301.0
2025-05-21,107.2653014045793,109.28373305651155,106.68860769446415,106.8808364868164,17443385.0
2025-05-22,107.74588256672875,109.95655038199214,106.68860952453872,108.03423309326172,27685500.0
2025-05-23,107.84199221398616,109.37985184367277,106.111911130176,106.49637603759766,19884382.0
2025-05-26,107.64976357748988,107.93811409172429,104.95851655482936,107.45753479003906,14368128.0
2025-05-27,107.45753915436083,108.61092659202622,105.53522186954622,106.1119155883789,11916667.0
2025-05-28,106.11191398434899,106.8808364868164,104.86240483488417,106.8808364868164,12023594.0
2025-05-29,107.6497692978263,108.22646302388151,105.05464386404856,105.34298706054688,20461088.0
2025-05-30,105.24686688723949,105.63133179453511,100.92165317954472,101.78669738769531,36474547.0
2025-06-02,101.88281887294171,104.0934867439743,101.21001073813632,103.61290740966797,27796939.0
2025-06-03,105.24686873586555,112.16720785650735,105.15075434061796,109.57208251953125,45759895.0
2025-06-04,109.28373735611325,111.39829082047387,109.18762295615565,111.2060546875,24212522.0
2025-06-05,110.34101332135712,111.59051513671875,110.05266280001148,111.59051513671875,9135713.0
2025-06-10,113.416720388499,118.2225136252998,112.07109681558306,117.5497055053711,54836417.0
2025-06-11,117.16523873794955,118.7030910829387,116.10796570908568,116.39630889892578,27218956.0
2025-06-12,115.05068438546634,116.780772842279,114.08952576125006,114.37787628173828,22832828.0
2025-06-13,109.09150498794465,112.64778900146484,107.64976703656211,112.64778900146484,30121587.0
2025-06-16,113.12837005032405,115.14680907960394,111.68663207687187,112.84002685546875,33027966.0
2025-06-17,112.8400241572665,113.32060347025906,110.5332419882905,110.62935638427734,25375456.0
2025-06-18,110.53324503669572,112.1672118127104,109.47597198556512,110.05266571044922,22352540.0
2025-06-19,111.39828761115604,112.2633318519704,107.84199625070997,107.93811798095703,28405204.0
2025-06-20,109.37985627681041,111.87886727674815,109.28373454626558,110.82159423828125,23057586.0
2025-06-23,109.18761915166864,111.97498065166953,109.09150475506001,110.72547149658203,19266609.0
2025-06-24,115.33903503417969,117.45358107658298,114.76234132562047,115.33903503417969,37509186.0
2025-06-25,115.72350444829524,116.1079693799624,114.0895303219745,114.95457458496094,21682175.0
2025-06-26,114.76233975780971,116.8768857713254,114.1856460571289,114.1856460571289,24519554.0
2025-06-27,114.28176099506041,118.41473864713738,113.41671677339743,118.03028106689453,34525322.0
2025-06-30,119.66424357096354,129.75640869140625,119.37589306287053,129.75640869140625,48827913.0
2025-07-01,129.75641554644412,132.9282419708028,129.66029381662966,131.58261108398438,34197090.0
2025-07-02,131.67873304807782,134.75443774809423,130.23699509499667,133.5049285888672,35755748.0
2025-07-03,136.4845239201763,138.31071943012634,129.85253531444533,130.33311462402344,40690850.0
2025-07-04,130.90979925111577,132.35153716063493,129.37195428063185,132.0631866455078,19260333.0
2025-07-07,130.33312032638756,132.73601697941007,129.37196166517856,131.10203552246094,20830134.0
2025-07-08,132.25543732286772,133.12047424937705,130.23699827285625,131.9670867919922,28593858.0
2025-07-09,131.9670818677227,134.7544360079042,130.81369445337575,134.17774963378906,41834293.0
2025-07-10,135.81171086600884,137.34955580089303,135.23500984910473,136.38839721679688,36354623.0
2025-07-11,137.44568766975001,138.79130392034963,135.61949209163376,136.6767578125,28267561.0
2025-07-14,136.196180494067,136.29230222743513,131.9670882159827,132.15931701660156,18850454.0
2025-07-16,131.870969059661,132.63989894328037,126.9690685505582,128.6991424560547,26471986.0
2025-07-17,129.9486431402572,136.10006713867188,128.89137745264298,136.10006713867188,29612578.0
2025-07-18,136.00394017061743,136.38839773928225,133.31269319161518,133.60104370117188,18006585.0
2025-07-21,134.27385242284646,137.83013628144468,134.17774536327778,137.4456787109375,22893100.0
2025-07-22,137.73403152298494,139.17576943564816,133.21658899653005,133.98550415039062,27906135.0
2025-07-23,134.65832663185265,136.29229332961572,132.1593083886034,134.85055541992188,22385180.0
2025-07-24,135.811724501495,139.65635922388063,133.9855142086913,134.27386474609375,48222349.0
2025-07-25,134.36998128754118,136.1000697789747,133.88940196581618,134.5622100830078,17875574.0
2025-07-28,135.52336201844867,135.8117125304346,131.6787276349466,131.87095642089844,13704507.0
2025-07-29,132.25542754472883,134.75443107328252,131.96707703517214,133.60104370117188,14950323.0
2025-07-30,133.6010544423759,136.96510977006162,133.02435337689712,136.86898803710938,27102191.0
2025-07-31,137.83013483604128,138.9835368676997,136.29228990402348,137.25344848632812,22137226.0
2025-08-01,136.96511101476923,140.04081583766688,136.77288221323516,139.8485870361328,21665337.0
2025-08-04,141.1941987390336,148.4990102896305,140.90586287913177,145.9038848876953,30886805.0
2025-08-05,145.4233067865763,146.76892303113203,143.78934001358226,144.17379760742188,15862512.0
2025-08-06,144.84660285332535,145.90388321456442,141.57866937223216,143.78933715820312,23020977.0
2025-08-07,144.65437962223598,146.76892575990232,142.6359405517578,142.6359405517578,23214381.0
2025-08-08,142.73205540367363,143.30875644346847,140.8097381591797,140.8097381591797,13529901.0
2025-08-11,142.25147609255012,142.92428419489968,140.52138763928227,140.8097381591797,13738516.0
2025-08-12,140.90585845152845,142.251474642511,140.3291574176122,140.6175079345703,13728642.0
2025-08-13,140.80973558096008,143.40486088028692,140.7136138540487,142.34759521484375,17286394.0
2025-08-14,141.86702706603262,143.0204145490659,138.69520048810293,138.98355102539062,17258277.0
2025-08-15,138.98354501725507,139.3680026062739,137.06122773992718,137.3495635986328,18308930.0
2025-08-18,137.15732787602502,137.25344960148288,134.56220261594083,135.5233612060547,18320601.0
2025-08-19,136.29229133329974,137.4456787109375,136.10006254804614,137.4456787109375,17535801.0
2025-08-20,137.06122061670746,141.00196203075492,136.86897716607223,140.2330322265625,19939336.0
2025-08-21,141.1941931563728,142.92428157796283,140.329156278636,142.34759521484375,22326411.0
2025-08-22,142.53982800386154,143.98156595130564,140.3291602178906,143.78933715820312,30751460.0
2025-08-25,145.13494930187696,146.09610790652513,142.34759521484375,142.34759521484375,21000295.0
2025-08-26,142.15534947105837,144.17378837475135,141.38643433261927,143.02040100097656,15691651.0
2025-08-27,143.50099000121622,143.50099000121622,139.36800485504992,139.46412658691406,20049509.0
2025-08-28,139.464124259577,141.67477739438988,139.464124259577,140.13693237304688,14669824.0
2025-08-29,140.42527740616947,140.9058567064423,137.73403039141832,138.50296020507812,20065557.0
2025-09-01,138.5029670330377,142.1553581622748,138.5029670330377,140.32916259765625,24578592.0
2025-09-02,140.90586808457996,144.07767998961117,130.71758022964585,135.138916015625,57824215.0
2025-09-03,135.52336653127247,135.7155953236254,127.54574698663379,128.60302734375,36483093.0
2025-09-04,129.3719618426335,133.98551168987115,129.1797183772342,133.02435302734375,33173392.0
2025-09-05,133.9855151480821,137.44569228893593,131.39038962550055,133.40882873535156,40502344.0
2025-09-08,131.2942824264156,133.79328621134178,129.75642266175515,131.48651123046875,20653021.0
2025-09-09,132.25542839345653,133.98550212966688,129.66028845690855,132.7360076904297,34325956.0
2025-09-10,133.98550075655652,136.38839721679688,132.44765582167233,136.38839721679688,26878973.0
2025-09-11,136.3884039429834,141.5786693527375,132.3515406239192,132.44766235351562,58441974.0
2025-09-12,132.63988393139897,133.4088137279926,130.14086575899867,132.54376220703125,23415882.0
2025-09-15,131.87095869483417,140.8097367238369,129.4680621637107,140.6175079345703,78430234.0
2025-09-16,140.90586266424228,144.07767444726088,139.75246056192609,143.9815673828125,40932468.0
2025-09-17,143.78933601690963,144.36602239163986,142.347598080909,142.7320556640625,29191880.0
2025-09-18,143.3087570897531,143.40486415274123,136.77287549577534,138.0223846435547,21493157.0
2025-09-19,138.40684550517312,142.53983063056492,137.8301444491214,142.25148010253906,31856056.0
2025-09-22,146.3844625303791,147.537849955111,143.78933715820312,143.78933715820312,32400250.0
2025-09-23,141.9631255726527,143.59709229724922,139.65635074570667,140.8097381591797,21892736.0
2025-09-24,141.2903212455854,142.3476016247543,137.25345785750636,140.32916259765625,28763507.0
2025-09-25,141.09808814258463,141.57866745188082,136.38840211181198,136.96510314941406,25962589.0
2025-09-26,136.38840418850563,138.59907197815178,134.08162933520688,134.36997985839844,30753258.0
2025-09-29,132.83211850189232,134.9466645350746,132.15931040035025,132.25543212890625,25384193.0
2025-09-30,132.9282419085575,134.56220865182053,132.15931206875229,134.36997985839844,28646594.0
2025-10-01,133.88940258975435,141.38644297682515,132.9282439418252,140.32916259765625,36857066.0
2025-10-02,139.84857872796653,141.098087862883,134.56220633618773,135.04278564453125,27256027.0
2025-10-03,136.00395300472775,136.19618180719996,130.04477213138367,130.42922973632812,36730967.0
2025-10-06,131.29427577813394,131.4865045724533,127.35351949706113,127.83409881591797,22693319.0
2025-10-07,127.93021694144588,129.2758331298828,126.87293660330506,129.2758331298828,26862988.0
2025-10-08,129.08360670500034,130.62145171050412,125.71955150618263,125.81565856933594,36518898.0
2025-10-09,127.44964087621237,128.02632725758193,123.5088846059946,124.95062255859375,30130619.0
2025-10-10,125.04674530029297,126.20013273848092,123.70111440064288,125.04674530029297,18298861.0
2025-10-13,122.54772315859108,124.37391865686074,120.91375644969985,121.77879333496094,22533076.0
2025-10-14,122.06714939771835,122.6438431251116,114.76234507360047,114.85845947265625,34958433.0
2025-10-15,115.53126224769802,116.68465698211789,112.9361369281053,114.1856460571289,60986453.0
2025-10-16,113.32060718228819,117.16524181216694,113.03225665182383,115.81961822509766,47402415.0
2025-10-17,114.76234179278154,115.62738602567089,110.91770727599193,113.51283264160156,41818981.0
2025-10-20,113.99341334603629,119.85647958901274,113.03225470512021,119.37590026855469,46436345.0
2025-10-21,119.56813449804156,122.4516103750053,118.60697587238698,121.00987243652344,37392880.0
2025-10-22,121.58656686449808,122.7399542888826,120.43317944011355,121.10598754882812,30928020.0
2025-10-23,121.4904539018093,124.08558663688991,120.43318086146913,121.2982177734375,60700239.0
2025-10-24,122.93218833853454,132.44766009468518,121.77879360057364,126.48847961425781,109283397.0
2025-10-27,125.91177961902075,126.29623720179245,123.22053254126872,123.79723358154297,31453242.0
2025-10-28,123.60500610009694,124.47004300355911,123.02830505371094,123.02830505371094,11348291.0
2025-10-30,125.33508014617344,126.20013171740307,123.22053408225139,124.95062255859375,37491614.0
2025-10-31,125.5273288015849,129.37196350097656,124.18169785712733,129.37196350097656,57293889.0
2025-11-03,130.1408700130042,133.50492515021304,128.89137555207697,129.2758331298828,47979367.0
2025-11-04,129.2758383209601,131.77485667539577,128.12245087511175,128.98748779296875,41812400.0
2025-11-05,128.9874788918636,131.1981465657552,127.16128345080133,129.75640869140625,37789382.0
2025-11-06,130.71757993382198,132.15931794779797,129.5641924558647,131.29428100585938,33142722.0
2025-11-07,131.48650854022839,131.6787373403485,126.3923646734002,128.31468200683594,31292097.0
2025-11-10,128.8913798716641,129.46806625769958,124.56616597887158,125.04674530029297,26435072.0
2025-11-11,125.04674156091332,126.96905878911419,119.37589693805081,122.73995208740234,48006535.0
2025-11-12,124.27781534302694,125.81566037054691,122.83607738003619,124.08558654785156,24759552.0
2025-11-13,124.7583898824458,125.81565554844734,123.41275903555784,124.47003936767578,19006448.0
2025-11-14,123.98946523493872,125.33508147181682,122.93219219179512,124.18169403076172,15585454.0
2025-11-17,125.04674404994512,125.52732336656118,122.25937521390188,123.02830505371094,39451141.0
2025-11-18,122.5477272670906,125.14285267599381,122.25937674029755,124.18169403076172,28529518.0
2025-11-19,124.95062009828685,128.98748335285435,124.08558321020689,127.44963836669922,38940935.0
2025-11-20,128.21856044250714,130.23699951171875,127.44964524101452,130.23699951171875,25542755.0
2025-11-21,129.3719522384459,129.3719522384459,126.87293403494745,128.0263214111328,23633060.0
2025-11-24,126.87294139066631,130.71757597826226,126.87294139066631,129.8525390625,30879139.0
2025-11-25,130.429230809,132.92824926004383,129.85254439684056,131.48651123046875,37260250.0
2025-11-26,131.87095988079886,133.12046902144368,130.62145074015405,132.25543212890625,27146020.0
2025-11-27,133.5049358044145,134.85056676635438,133.02435646074687,133.40882873535156,23562610.0
2025-11-28,133.0243492711735,134.1777513665319,132.63989168346527,133.5049285888672,24680403.0
2025-12-01,133.3126924324326,138.02237828539506,131.96707628365252,137.25344848632812,37313017.0
2025-12-02,137.15733570615683,138.40684487786092,135.52336894290548,136.48452758789062,29243646.0
2025-12-03,136.96510547449398,137.73403531564435,134.3699800934638,136.29229736328125,78011613.0
2025-12-04,136.6767508891924,137.9262600106656,131.67872906941594,132.0631866455078,38761297.0
2025-12-05,131.96708853902007,136.1961808274566,131.29428040214844,136.0039520263672,35039193.0
2025-12-08,137.63790863128568,138.69518895807414,134.85055455683087,135.71559143066406,44164705.0
2025-12-09,136.10007469378417,137.15734044008872,134.36998613987416,135.138916015625,27576202.0
2025-12-10,135.42725222958592,136.0039533043908,132.92824845970583,134.27386474609375,32190834.0
2025-12-11,134.65832546376356,135.52336233562957,133.216587566576,133.79327392578125,37533238.0
2025-12-12,134.5622129331502,135.5233715969584,133.12047493743788,134.94667053222656,24568466.0
2025-12-15,135.23501356116148,136.77287320437435,134.8505559834165,135.90782165527344,25705814.0
2025-12-16,136.19618210728655,136.19618210728655,132.83212672519915,134.27386474609375,26938807.0
2025-12-17,133.88940338578476,135.61949189556677,133.02435179783518,134.7544403076172,24075692.0
2025-12-18,135.33113755590304,138.0223846435547,135.33113755590304,138.0223846435547,32703341.0
2025-12-19,138.02238728631366,138.40684487786092,135.90782653445274,136.48452758789062,26550372.0
2025-12-22,136.86898539196247,139.1757749431789,136.58064953091284,138.40684509277344,27091973.0
2025-12-23,138.02238204909654,139.36799823456994,136.29229362054755,136.7728729248047,24444989.0
2025-12-24,137.061222270769,138.1184879314411,135.52336264382518,135.71559143066406,20399604.0
2025-12-25,136.1000688725778,136.77287698528866,135.0427885053772,135.42724609375,6825656.0
2025-12-26,135.42724206305385,135.90782136727495,132.35153744926225,133.98550415039062,20179957.0
2025-12-29,133.6971685840651,137.06122372074134,133.12046755133116,135.90782165527344,21197041.0
2025-12-30,135.90782653445274,136.96510691038318,134.75443909369395,136.48452758789062,17852530.0
2025-12-31,137.25346139358936,138.98354993765778,136.96511085855838,137.92626953125,22541241.0
2026-01-02,138.69518652744583,143.88543701171875,138.50295774397574,143.88543701171875,31195721.0
2026-01-05,144.75049318565235,145.0388290370603,141.86701734264028,142.53982543945312,35743232.0
2026-01-06,142.9242832920092,144.65437173434765,141.4825453677466,144.46214294433594,48341609.0
2026-01-07,144.8466067819079,145.23107904465755,140.23304229173272,140.52139282226562,35181691.0
2026-01-08,140.71361875625666,141.77089912464996,139.464124259577,140.13693237304688,26152338.0
2026-01-09,140.80974570992066,141.67478264988276,138.88742836234496,139.8485870361328,26627584.0
2026-01-12,140.32915973331495,142.2514769899357,139.75245868988202,139.9447021484375,31004444.0
2026-01-13,140.32916793521926,142.9242934501128,139.5602380544055,141.963134765625,31414142.0
2026-01-14,142.44370197580363,142.73205248981444,139.8485766819394,140.42527770996094,27692031.0
2026-01-15,140.52138737582996,140.71361616669563,136.003944792962,138.88742065429688,32432112.0
2026-01-16,139.27187305000675,140.52138214328096,135.5233604363002,139.17576599121094,51765041.0
2026-01-19,139.94470152090796,143.50098549648618,139.7524580632145,142.7320556640625,44295929.0
2026-01-20,142.92427894483433,143.11650772899918,140.52138247748297,141.09808349609375,42094371.0
2026-01-21,141.5786648404951,145.13494873046875,141.0980855400631,145.13494873046875,44963828.0
2026-01-22,146.09611084806397,146.96114774321768,138.7912994392141,142.7320556640625,76033395.0
2026-01-23,143.40487025797216,146.4805750607529,142.63594039074766,145.42330932617188,43464250.0
2026-01-26,143.59708767832697,145.711648312147,141.2903129255803,144.94271850585938,55578675.0
2026-01-27,145.03882638154056,145.61552740603076,140.61750563620873,141.29031372070312,34994940.0
2026-01-28,141.77089588582243,145.90388086859855,140.80973726964737,144.46214294433594,56346313.0
2026-01-29,145.61552669383448,155.61157018458852,145.1349473978152,151.57470703125,71274345.0
2026-01-30,151.4786126945705,155.70770498829955,149.26794481398227,155.03489685058594,45605950.0
2026-02-02,148.97958543749263,156.47662557337685,147.0572682060411,153.88150024414062,56743312.0
2026-02-03,154.65041508192874,159.6484516061927,151.47860338952898,158.59117126464844,47580142.0
2026-02-04,159.55233433969576,163.1086183766945,155.13099872648633,155.3232421875,43574743.0
2026-02-05,153.4970286340758,153.97760794392957,147.63396985352958,148.30677795410156,33494227.0
2026-02-06,148.30677421787823,149.17181108737591,145.03882619353038,148.787353515625,34775469.0
2026-02-09,150.03686579202218,152.8242199113806,149.46016475609864,151.09413146972656,29956375.0
2026-02-10,151.19025292076162,152.824219631396,147.92230483337633,149.17181396484375,35024817.0
2026-02-11,147.3456207571482,150.42132543668777,146.67281265007963,148.49900817871094,32117888.0
2026-02-12,149.1718232317028,157.14944315699387,149.07571616399898,156.95721435546875,60442399.0
2026-02-13,157.2455530472762,158.206711648626,153.977605003017,154.55430603027344,27886795.0
2026-02-16,155.51547618696958,157.05332126372676,152.0552990985604,155.03489685058594,39036225.0
2026-02-17,154.2659668186,156.18828416213395,152.9203505445732,153.11257934570312,33805876.0
2026-02-18,153.78538622920385,158.11060021690022,152.82422756527134,154.84266662597656,41855195.0
2026-02-19,155.6115737456478,155.89992426308132,148.11454828907634,149.17181396484375,30009984.0
2026-02-20,149.46016106198852,151.57470703125,147.8261943887463,151.57470703125,22921972.0
2026-02-23,153.68926608699212,154.55431769315476,151.67084167151424,152.24752807617188,33077680.0
2026-02-24,152.43977262413708,155.32324866621192,151.09414167149828,153.3048095703125,33867997.0
2026-02-25,153.8815082895179,155.22712455544013,151.67084042454513,153.9776153564453,34267899.0
2026-02-26,154.26595637419877,158.11059080097007,152.63198967604427,157.5338897705078,27157685.0
2026-02-27,158.11059228688734,158.30282107680918,151.7669395566507,153.88150024414062,47545032.0
2026-03-02,146.09610909230858,148.59512735112364,140.52138620687876,140.6175079345703,46915066.0
2026-03-03,140.13692988864926,142.4437047128269,131.1981517792568,132.25543212890625,35428017.0
2026-03-04,132.63989743804282,135.13891586491673,131.00593062021798,133.2165985107422,32739963.0
2026-03-05,134.8505620394284,137.44568747104287,134.27386098079538,134.7544403076172,20921427.0
2026-03-06,133.40882604928666,135.23502165200773,128.69913977649873,130.23699951171875,22912198.0
2026-03-09,126.39236759603438,130.8137034316203,124.47005021814792,130.6214599609375,27708713.0
2026-03-10,136.5806502285354,136.96510782264335,133.5049308112034,135.61949157714844,28058059.0
2026-03-11,134.94667002340722,135.715599884778,131.39038591394933,133.889404296875,18675064.0
2026-03-12,132.54376220703125,135.23500916205094,130.52533799035348,132.54376220703125,26859548.0
2026-03-13,130.71757326430418,131.58261016210653,126.96906048567156,127.6418685913086,25704709.0
2026-03-16,128.5069004453069,130.333110564492,126.77681205149015,128.89137268066406,29162251.0
2026-03-17,129.0836048910196,134.8505565793798,129.0836048910196,133.12046813964844,26088953.0
2026-03-18,134.17775057477633,135.33113799721195,130.5253448486328,130.5253448486328,27635597.0
2026-03-19,129.2758380079138,131.00592650555538,128.89138041560102,129.8525390625,12854219.0
2026-03-23,124.9506179923047,129.6602892655681,121.29821237930638,129.08360290527344,49759731.0
2026-03-24,127.16129035246917,128.60302830506834,124.66227203485055,124.95062255859375,20463377.0
2026-03-25,126.87294272547729,127.64187258430968,124.9506254114549,125.3350830078125,30542335.0
2026-03-26,124.75839090173407,126.29623588287785,121.77879333496094,121.77879333496094,29076227.0
2026-03-27,122.35550060254897,123.22053753187892,120.72152647735751,121.5865707397461,20849960.0
2026-03-30,121.39434184953087,122.3555005107843,119.85648212507849,120.62541198730469,17284132.0
2026-03-31,121.10599140875895,123.31665926452325,120.91376260958756,121.5865707397461,29341179.0
2026-04-01,126.39235893054372,127.25739582483841,123.31665427002,123.79723358154297,29567474.0
2026-04-02,120.91376167724732,126.20013427734375,120.91376167724732,126.20013427734375,25472278.0
2026-04-03,126.10401164042096,127.93022187065465,124.75839540013683,127.06517028808594,22370413.0
2026-04-06,127.64186755716283,131.00592272420943,127.06516651922247,130.33311462402344,28633428.0
2026-04-07,130.39999389648438,131.0,126.80000305175781,127.0999984741211,22680912.0
2026-04-08,135.3000030517578,139.8000030517578,134.3000030517578,137.5,52048781.0
2026-04-09,136.60000610351562,137.6999969482422,135.1999969482422,136.6999969482422,27312678.0
2026-04-10,137.6999969482422,140.6999969482422,137.3000030517578,140.39999389648438,34997831.0
2026-04-13,136.6999969482422,139.10000610351562,135.89999389648438,138.6999969482422,37010851.0
2026-04-14,140.8000030517578,144.1999969482422,138.0,140.0,42446024.0
2026-04-15,140.6999969482422,140.6999969482422,138.6999969482422,138.8000030517578,20067355.0
2026-04-16,139.8000030517578,140.5,136.60000610351562,137.0,24457061.0
2026-04-17,137.10000610351562,147.10000610351562,136.39999389648438,146.39999389648438,49171307.0
2026-04-20,144.0,147.6999969482422,142.8000030517578,144.0,38048647.0
2026-04-21,144.89999389648438,145.8000030517578,141.8000030517578,141.8000030517578,20234879.0
2026-04-22,143.10000610351562,144.0,139.3000030517578,139.39999389648438,22544707.0
2026-04-24,138.8000030517578,139.89999389648438,136.39999389648438,138.0,22759476.0
2026-04-27,138.10000610351562,139.39999389648438,136.1999969482422,136.6999969482422,23883931.0
2026-04-28,136.5,137.10000610351562,134.3000030517578,134.60000610351562,18070338.0
2026-04-29,135.8000030517578,136.39999389648438,132.3000030517578,132.6999969482422,24681843.0
2026-04-30,132.0,134.8000030517578,131.0,133.8000030517578,27400523.0
2026-05-04,134.1999969482422,134.89999389648438,128.89999389648438,129.60000610351562,30032824.0
2026-05-05,129.60000610351562,130.8000030517578,128.3000030517578,129.39999389648438,23142970.0
2026-05-06,131.8000030517578,137.5,130.89999389648438,136.60000610351562,74603470.0
2026-05-07,138.0,139.0,136.60000610351562,137.60000610351562,47414602.0
2026-05-08,136.6999969482422,138.1999969482422,134.8000030517578,137.3000030517578,34280123.0
2026-05-11,136.60000610351562,138.60000610351562,136.10000610351562,138.1999969482422,38541286.0
2026-05-12,137.6999969482422,138.3000030517578,133.3000030517578,133.39999389648438,28038200.0
2026-05-13,134.1999969482422,134.60000610351562,130.6999969482422,131.5,28761121.0
2026-05-14,132.10000610351562,134.1999969482422,131.0,133.6999969482422,24762552.0
2026-05-15,131.5,131.6999969482422,129.0,129.8000030517578,26965070.0
2026-05-18,128.6999969482422,130.6999969482422,126.5999984741211,129.3000030517578,26936943.0
2026-05-20,128.8000030517578,131.10000610351562,127.5999984741211,129.8000030517578,24242460.0
2026-05-21,129.0,130.3000030517578,120.0,120.0,27281106.0
2026-05-22,120.5,123.5,116.9000015258789,122.30000305175781,59917827.0
2026-05-25,123.0,125.5999984741211,121.69999694824219,125.19999694824219,38385587.0
2026-05-26,125.0999984741211,125.9000015258789,122.9000015258789,122.9000015258789,10332222.0
2026-05-27,122.9000015258789,122.9000015258789,122.9000015258789,122.9000015258789,0.0
2026-05-28,122.9000015258789,122.9000015258789,122.9000015258789,122.9000015258789,0.0
2026-05-29,122.9000015258789,122.9000015258789,122.9000015258789,122.9000015258789,0.0
2026-06-01,123.69999694824219,126.5999984741211,122.0999984741211,123.0999984741211,29144689.0
2026-06-02,124.30000305175781,130.0,124.19999694824219,128.8000030517578,27336972.0
2026-06-03,128.8000030517578,129.39999389648438,125.80000305175781,125.9000015258789,28021323.0
2026-06-04,126.69999694824219,129.8000030517578,125.0999984741211,129.5,34663394.0
2026-06-05,130.0,130.3000030517578,124.9000015258789,125.0,27324337.0
2026-06-08,123.30000305175781,129.89999389648438,123.19999694824219,129.3000030517578,32688674.0
2026-06-09,129.3000030517578,131.6999969482422,129.10000610351562,130.39999389648438,29060981.0
2026-06-10,130.0,130.6999969482422,126.30000305175781,128.1999969482422,22178509.0
2026-06-11,128.8000030517578,130.60000610351562,126.0,129.0,30160639.0
2026-06-12,131.89999389648438,138.5,131.89999389648438,135.89999389648438,61924913.0
2026-06-15,144.0,144.39999389648438,140.39999389648438,141.0,42802777.0
2026-06-16,140.8000030517578,141.8000030517578,139.39999389648438,140.1999969482422,30872322.0
2026-06-17,141.10000610351562,141.89999389648438,139.60000610351562,141.0,25916912.0
2026-06-18,141.39999389648438,144.8000030517578,141.0,144.0,48151372.0
2026-06-19,141.6999969482422,144.5,141.39999389648438,143.6999969482422,37003568.0
2026-06-22,144.5,145.10000610351562,142.60000610351562,143.6999969482422,23789135.0
2026-06-23,142.39999389648438,143.39999389648438,139.5,140.6999969482422,23429822.0
2026-06-24,140.89999389648438,141.1999969482422,138.89999389648438,140.39999389648438,17364392.0
2026-06-25,142.0,144.10000610351562,137.39999389648438,137.60000610351562,30811428.0
2026-06-26,137.6999969482422,139.0,137.10000610351562,138.39999389648438,15148665.0
2026-06-29,138.39999389648438,138.60000610351562,136.1999969482422,137.3000030517578,19195726.0
2026-06-30,137.5,138.8000030517578,136.60000610351562,138.0,26154176.0
2026-07-01,138.0,139.6999969482422,136.3000030517578,138.5,34988961.0
2026-07-02,138.6999969482422,140.60000610351562,137.6999969482422,138.60000610351562,27151226.0
2026-07-03,139.60000610351562,139.89999389648438,133.5,133.5,34940065.0
2026-07-06,134.0,136.0,133.3000030517578,133.6999969482422,19909940.0
2026-07-07,133.3000030517578,136.5,133.1999969482422,134.39999389648438,26815700.0
2026-07-08,133.10000610351562,134.39999389648438,129.39999389648438,130.39999389648438,32437081.0
2026-07-09,131.3000030517578,131.6999969482422,129.0,130.10000610351562,18710694.0
2026-07-10,130.0,132.1999969482422,127.4000015258789,129.0,30166209.0
2026-07-13,127.0999984741211,128.5,125.5999984741211,126.69999694824219,24738215.0
2026-07-14,125.80000305175781,129.1999969482422,125.69999694824219,128.89999389648438,22620417.0
2026-07-16,129.1999969482422,129.39999389648438,126.5999984741211,128.6999969482422,33824026.0
2026-07-17,127.80000305175781,128.10000610351562,125.0,126.80000305175781,29350060.0
2026-07-20,126.5,126.9000015258789,124.0,124.30000305175781,32704287.0
2026-07-21,125.0,125.9000015258789,124.0,124.19999694824219,24797658.0
2026-07-22,124.4000015258789,127.0999984741211,124.0,125.9000015258789,29426985.0
2026-07-23,125.9000015258789,126.80000305175781,124.30000305175781,125.0,27462682.0
2026-07-24,125.0999984741211,126.69999694824219,124.9000015258789,126.0,20291814.0
2026-07-27,127.9000015258789,129.39999389648438,126.0,127.0999984741211,38634437.0
2026-07-28,127.19999694824219,129.39999389648438,126.5,127.4000015258789,26863675.0
2026-07-29,127.5,128.89999389648438,124.5999984741211,126.30000305175781,28841815.0
2026-07-30,126.0,126.80000305175781,123.0,123.0999984741211,35463365.0
2026-07-31,123.69999694824219,124.30000305175781,120.0,123.4000015258789,58603631.0
2026-08-03,125.0,128.39999389648438,124.5999984741211,127.9000015258789,43911194.0
2026-08-04,127.5,132.39999389648438,126.0999984741211,131.8000030517578,47866335.0
2026-08-05,131.6999969482422,131.6999969482422,128.0,129.6999969482422,32549040.0
2026-08-06,130.0,131.10000610351562,127.5999984741211,127.80000305175781,36864296.0
2026-08-07,127.9000015258789,129.0,126.4000015258789,127.0,29528278.0
2026-08-10,127.5,128.10000610351562,126.4000015258789,126.5999984741211,20052964.0
2026-08-11,126.5,127.19999694824219,123.5,126.5,31346281.0
2026-08-12,126.0999984741211,131.3000030517578,125.9000015258789,131.0,47788394.0
2026-08-13,130.89999389648438,132.0,128.60000610351562,129.60000610351562,29835385.0
2026-08-14,129.5,131.3000030517578,129.1999969482422,131.0,34885000.0
2026-08-17,131.1999969482422,131.8000030517578,129.0,129.0,28438139.0
2026-08-18,128.10000610351562,130.10000610351562,127.80000305175781,129.3000030517578,18068272.0
2026-08-19,129.0,132.8000030517578,129.0,132.0,27052882.0
2026-08-20,132.6999969482422,133.39999389648438,128.8000030517578,129.3000030517578,32281012.0
2026-08-21,129.3000030517578,131.89999389648438,129.1999969482422,129.89999389648438,29112317.0
2026-08-24,134.60000610351562,134.8000030517578,131.1999969482422,131.60000610351562,45057515.0
2026-08-25,131.60000610351562,133.60000610351562,131.5,132.60000610351562,41986684.0
2026-08-26,133.1999969482422,137.3000030517578,133.10000610351562,133.3000030517578,65495707.0
2026-08-27,134.10000610351562,135.60000610351562,132.1999969482422,133.0,37778026.0
2026-08-28,133.0,134.5,132.60000610351562,133.8000030517578,30153435.0
2026-08-31,133.89999389648438,134.0,130.0,130.89999389648438,36379757.0
2026-09-01,131.0,133.8000030517578,130.89999389648438,132.89999389648438,31851535.0
2026-09-02,132.0,132.6999969482422,128.0,132.0,28116924.0
2026-09-03,132.5,134.39999389648438,131.39999389648438,131.39999389648438,26138427.0
2026-09-04,131.8000030517578,133.39999389648438,130.39999389648438,131.39999389648438,25109310.0
2026-09-08,133.60000610351562,136.0,131.8000030517578,136.0,52038653.0
2026-09-09,136.0,137.8000030517578,133.8000030517578,134.3000030517578,58094683.0
2026-09-10,135.0,136.10000610351562,132.3000030517578,133.39999389648438,31532875.0
2026-09-11,133.5,135.8000030517578,133.1999969482422,134.1999969482422,30497223.0
2026-09-14,133.3000030517578,135.1999969482422,133.0,133.89999389648438,17824978.0
2026-09-15,134.10000610351562,134.1999969482422,127.80000305175781,127.80000305175781,28801841.0
2026-09-16,128.39999389648438,128.8000030517578,117.80000305175781,120.9000015258789,54050349.0
