Date,Open,High,Low,Close,Volume
2021-09-17,0.7309449911117554,0.7325549721717834,0.7175279855728149,0.7186009883880615,261036740.0
2021-09-20,0.7137709856033325,0.7137709856033325,0.7008910179138184,0.7057210206985474,216428736.0
2021-09-21,0.7105510234832764,0.7169910073280334,0.6944509744644165,0.6982079744338989,324159903.0
2021-09-22,0.7008910179138184,0.7073310017585754,0.6928409934043884,0.7051849961280823,222816343.0
2021-09-23,0.7062579989433289,0.7454349994659424,0.7030379772186279,0.7132350206375122,919569704.0
2021-09-24,0.7110880017280579,0.7137709856033325,0.6976709961891174,0.7073310017585754,236811187.0
2021-09-27,0.7116249799728394,0.7357749938964844,0.7116249799728394,0.7261149883270264,459759193.0
2021-09-28,0.7282609939575195,0.728797972202301,0.7110880017280579,0.7116249799728394,233872251.0
2021-09-29,0.7169910073280334,0.727187991142273,0.7116249799728394,0.7126979827880859,317818507.0
2021-09-30,0.7137709856033325,0.7218210101127625,0.7116249799728394,0.7159180045127869,278844389.0
2021-10-01,0.7110880017280579,0.722357988357544,0.7084050178527832,0.7180650234222412,320758710.0
2021-10-04,0.7228950262069702,0.7357749938964844,0.7164549827575684,0.7180650234222412,354361227.0
2021-10-05,0.7186009883880615,0.7196750044822693,0.7073310017585754,0.7105510234832764,229139962.0
2021-10-06,0.7067949771881104,0.7164549827575684,0.6982079744338989,0.7110880017280579,351122629.0
2021-10-07,0.7164549827575684,0.7266510128974915,0.7143080234527588,0.7169910073280334,318978512.0
2021-10-08,0.7169910073280334,0.7502650022506714,0.7164549827575684,0.7379209995269775,1277389329.0
2021-10-11,0.7406049966812134,0.7604619860649109,0.7357749938964844,0.7459719777107239,567493640.0
2021-10-12,0.74167799949646,0.7652919888496399,0.738457977771759,0.7400680184364319,1104635808.0
2021-10-13,0.7427510023117065,0.7497280240058899,0.7207480072975159,0.7266510128974915,508548869.0
2021-10-14,0.7245050072669983,0.7330909967422485,0.7186009883880615,0.7191380262374878,293852890.0
2021-10-15,0.7218210101127625,0.728797972202301,0.7100149989128113,0.7137709856033325,304363212.0
2021-10-18,0.7126979827880859,0.7228950262069702,0.7121610045433044,0.7196750044822693,222094112.0
2021-10-19,0.7212849855422974,0.7330909967422485,0.7212849855422974,0.7234309911727905,366515053.0
2021-10-20,0.7255780100822449,0.7341650128364563,0.7169910073280334,0.7298709750175476,440544648.0
2021-10-21,0.7298709750175476,0.7556319832801819,0.7207480072975159,0.7406049966812134,1582604350.0
2021-10-22,0.7427510023117065,0.7615349888801575,0.74167799949646,0.7583150267601013,841306115.0
2021-10-25,0.751338005065918,0.7991020083427429,0.7497280240058899,0.7883679866790771,1432599200.0
2021-10-26,0.7926620244979858,0.8237890005111694,0.7926620244979858,0.8216419816017151,1045533622.0
2021-10-27,0.8243250250816345,0.8372049927711487,0.810371994972229,0.829692006111145,967845880.0
2021-10-28,0.8264719843864441,0.8420360088348389,0.8232520222663879,0.832912027835846,343933749.0
2021-11-01,0.8404260277748108,0.8420360088348389,0.7996389865875244,0.8055419921875,843897798.0
2021-11-02,0.8055419921875,0.8275449872016907,0.8055419921875,0.8076890110969543,778159138.0
2021-11-03,0.8076890110969543,0.810371994972229,0.7701219916343689,0.7953450083732605,733120628.0
2021-11-04,0.8023219704627991,0.8125190138816833,0.8012490272521973,0.8017849922180176,366123156.0
2021-11-05,0.8028590083122253,0.8033949732780457,0.7921249866485596,0.7926620244979858,250327860.0
2021-11-08,0.7926620244979858,0.8194950222969055,0.7926620244979858,0.8184220194816589,521013053.0
2021-11-09,0.820032000541687,0.8876529932022095,0.8135920166969299,0.863502025604248,1736791954.0
2021-11-10,0.8651120066642761,0.8812119960784912,0.8527690172195435,0.8543789982795715,1019638441.0
2021-11-11,0.8506219983100891,0.888725996017456,0.8479390144348145,0.863502025604248,1341709316.0
2021-11-12,0.86940598487854,0.8817489743232727,0.8613560199737549,0.8661860227584839,655357682.0
2021-11-15,0.8796020150184631,0.9166330099105835,0.8763819932937622,0.9058989882469177,1302723943.0
2021-11-16,0.9058989882469177,0.9080460071563721,0.8736990094184875,0.8940929770469666,738229759.0
2021-11-17,0.8908730149269104,0.9123389720916748,0.888725996017456,0.8957030177116394,781496083.0
2021-11-18,0.8962389826774597,0.9155589938163757,0.8817489743232727,0.906436026096344,1073321920.0
2021-11-19,0.9123389720916748,0.9198529720306396,0.8946290016174316,0.8978490233421326,585117489.0
2021-11-22,0.9037529826164246,0.9257559776306152,0.9026790261268616,0.9257559776306152,868635547.0
2021-11-23,0.9262930154800415,0.9568830132484436,0.8855059742927551,0.9380999803543091,1763181517.0
2021-11-24,0.9445400238037109,1.0314799547195435,0.9445400238037109,1.0314799547195435,1549104763.0
2021-11-25,1.0524100065231323,1.1221779584884644,1.0330899953842163,1.0502640008926392,2472258603.0
2021-11-26,1.0411399602890015,1.0974910259246826,1.0212830305099487,1.0577770471572876,1652303876.0
2021-11-29,1.0685100555419922,1.1635010242462158,1.0685100555419922,1.1527680158615112,2021609580.0
2021-11-30,1.1527680158615112,1.186040997505188,1.1355940103530884,1.1645749807357788,1331987410.0
2021-12-01,1.1806750297546387,1.259564995765686,1.1806750297546387,1.2230720520019531,1936380973.0
2021-12-02,1.2262920141220093,1.2552720308303833,1.2150219678878784,1.2477580308914185,804730451.0
2021-12-03,1.2563450336456299,1.2622489929199219,1.2370250225067139,1.2413179874420166,557678381.0
2021-12-06,1.2423919439315796,1.2440019845962524,1.190871000289917,1.2214620113372803,730083905.0
2021-12-07,1.2343419790267944,1.2778120040893555,1.2107280492782593,1.2676149606704712,1347291736.0
2021-12-08,1.270835041999817,1.275665044784546,1.245074987411499,1.2579549551010132,867756832.0
2021-12-09,1.2584919929504395,1.344359040260315,1.2568819522857666,1.299815058708191,1302239027.0
2021-12-10,1.3014249801635742,1.3067920207977295,1.2477580308914185,1.2617119550704956,775493555.0
2021-12-13,1.266005039215088,1.3239660263061523,1.266005039215088,1.3035720586776733,848534051.0
2021-12-14,1.318598985671997,1.4181510210037231,1.318598985671997,1.4181510210037231,1141796337.0
2021-12-15,1.4382760524749756,1.4704769849777222,1.3819259405136108,1.3913179636001587,1063626399.0
2021-12-16,1.4194929599761963,1.5295100212097168,1.4141260385513306,1.5268269777297974,1540517856.0
2021-12-17,1.5670770406723022,1.6368449926376343,1.3752180337905884,1.3953429460525513,1767026334.0
2021-12-20,1.3411389589309692,1.4664520025253296,1.2665419578552246,1.3832679986953735,1339287495.0
2021-12-21,1.3980259895324707,1.4490100145339966,1.245074987411499,1.2504420280456543,1067224958.0
2021-12-22,1.2182420492172241,1.2842520475387573,1.1699409484863281,1.1801379919052124,1386752708.0
2021-12-23,1.2075079679489136,1.2225350141525269,1.093196988105774,1.1613539457321167,1073856587.0
2021-12-24,1.1801379919052124,1.2772749662399292,1.1656479835510254,1.2772749662399292,1321355300.0
2021-12-27,1.3078659772872925,1.3872929811477661,1.305719017982483,1.3779009580612183,1489815424.0
2021-12-28,1.4060759544372559,1.4235179424285889,1.345700979232788,1.4168100357055664,1331814306.0
2021-12-29,1.4288849830627441,1.4490100145339966,1.379243016242981,1.4315680265426636,1108761989.0
2021-12-30,1.4490100145339966,1.4959690570831299,1.4329099655151367,1.4610849618911743,1231474378.0
2021-12-31,1.4543770551681519,1.4610849618911743,1.4154679775238037,1.4181510210037231,581110486.0
2022-01-03,1.4248600006103516,1.4476679563522339,1.4007099866867065,1.4288849830627441,553485343.0
2022-01-04,1.4382760524749756,1.5160939693450928,1.4355930089950562,1.4879180192947388,1331975783.0
2022-01-05,1.4906020164489746,1.5026769638061523,1.4637680053710938,1.4919439554214478,551730597.0
2022-01-06,1.4758429527282715,1.5187770128250122,1.4637680053710938,1.4704769849777222,584792820.0
2022-01-07,1.486577033996582,1.4999940395355225,1.4490100145339966,1.4812099933624268,473678348.0
2022-01-10,1.4932849407196045,1.5590269565582275,1.4812099933624268,1.5160939693450928,1103101421.0
2022-01-11,1.5402439832687378,1.545611023902893,1.4812099933624268,1.4852349758148193,687179777.0
2022-01-12,1.5147520303726196,1.5147520303726196,1.4570599794387817,1.4677929878234863,462130742.0
2022-01-13,1.4570599794387817,1.4812099933624268,1.4221760034561157,1.4248600006103516,463449540.0
2022-01-14,1.4221760034561157,1.4664520025253296,1.4154679775238037,1.4396179914474487,612602360.0
2022-01-17,1.4476679563522339,1.4664520025253296,1.427543044090271,1.4355930089950562,463005692.0
2022-01-18,1.4302259683609009,1.4423010349273682,1.3271859884262085,1.3287960290908813,450084430.0
2022-01-19,1.328258991241455,1.36850905418396,1.3116220235824585,1.3470419645309448,986595820.0
2022-01-20,1.3564339876174927,1.3765590190887451,1.2890820503234863,1.3175259828567505,615620041.0
2022-01-21,1.3148419857025146,1.3277219533920288,1.2965949773788452,1.308938980102539,469042431.0
2022-01-24,1.3067920207977295,1.3169889450073242,1.2295119762420654,1.2407820224761963,637702529.0
2022-01-25,1.2558079957962036,1.3357720375061035,1.196774959564209,1.315379023551941,1093749650.0
2022-01-26,1.3175259828567505,1.3212820291519165,1.279958963394165,1.279958963394165,651161737.0
2022-01-27,1.2531249523162842,1.3035720586776733,1.2461479902267456,1.299815058708191,603080354.0
2022-01-28,1.3014249801635742,1.3169889450073242,1.2676149606704712,1.270298957824707,407597132.0
2022-01-31,1.2794220447540283,1.285325050354004,1.2520519495010376,1.2579549551010132,343105681.0
2022-02-01,1.2617119550704956,1.328258991241455,1.2617119550704956,1.300889015197754,971011286.0
2022-02-02,1.3051819801330566,1.32020902633667,1.265468955039978,1.269225001335144,459956596.0
2022-02-03,1.2697620391845703,1.285325050354004,1.2311220169067383,1.2440019845962524,402765415.0
2022-02-04,1.2477580308914185,1.2821049690246582,1.2236080169677734,1.274055004119873,741560071.0
2022-02-07,1.2745920419692993,1.2965949773788452,1.235414981842041,1.2842520475387573,652613316.0
2022-02-08,1.2826420068740845,1.3255759477615356,1.2772749662399292,1.290155053138733,681528414.0
2022-02-09,1.3014249801635742,1.3357720375061035,1.2971320152282715,1.333088994026184,838481365.0
2022-02-10,1.3341619968414307,1.3384560346603394,1.3084019422531128,1.3100119829177856,480723453.0
2022-02-11,1.296059012413025,1.325039029121399,1.2772749662399292,1.3148419857025146,611864105.0
2022-02-14,1.2880090475082397,1.2971320152282715,1.2611750364303589,1.2611750364303589,533151078.0
2022-02-15,1.270298957824707,1.3003519773483276,1.2627849578857422,1.2826420068740845,448659571.0
2022-02-16,1.289618968963623,1.32020902633667,1.28854501247406,1.294448971748352,532938285.0
2022-02-17,1.30410897731781,1.3196719884872437,1.2729820013046265,1.2735190391540527,575056083.0
2022-02-18,1.2890820503234863,1.294985055923462,1.2617119550704956,1.280495047569275,294427954.0
2022-02-21,1.291229009628296,1.3110860586166382,1.270298957824707,1.2890820503234863,507413163.0
2022-02-22,1.2477580308914185,1.2762019634246826,1.2466850280761719,1.266005039215088,431633966.0
2022-02-23,1.2772749662399292,1.2826420068740845,1.254734992980957,1.254734992980957,298869562.0
2022-02-24,1.1404240131378174,1.1935549974441528,1.1296910047531128,1.1296910047531128,485078416.0
2022-02-25,1.1538410186767578,1.2423919439315796,1.132910966873169,1.2423919439315796,854958999.0
2022-02-28,1.2391719818115234,1.2767390012741089,1.2300479412078857,1.2466850280761719,554513385.0
2022-03-01,1.2611750364303589,1.280495047569275,1.2327320575714111,1.2493679523468018,355082042.0
2022-03-02,1.249904990196228,1.274055004119873,1.2375619411468506,1.2676149606704712,445194465.0
2022-03-03,1.3228919506072998,1.3416759967803955,1.2965949773788452,1.3051819801330566,587909817.0
2022-03-04,1.3019620180130005,1.3266489505767822,1.2976690530776978,1.3014249801635742,432982615.0
2022-03-07,1.2955219745635986,1.3191360235214233,1.278885006904602,1.313768982887268,461688981.0
2022-03-08,1.303035020828247,1.3832679986953735,1.3019620180130005,1.361801028251648,900877676.0
2022-03-09,1.4221760034561157,1.4973100423812866,1.4114429950714111,1.4973100423812866,1729260592.0
2022-03-10,1.5160939693450928,1.5670770406723022,1.420835018157959,1.4409600496292114,1622853590.0
2022-03-11,1.4423010349273682,1.4677929878234863,1.4074180126190186,1.4248600006103516,652787464.0
2022-03-14,1.4355930089950562,1.4382760524749756,1.4127850532531738,1.4141260385513306,411377366.0
2022-03-15,1.4141260385513306,1.4315680265426636,1.3953429460525513,1.3966840505599976,321209974.0
2022-03-16,1.403393030166626,1.4248600006103516,1.3940010070800781,1.4007099866867065,250014595.0
2022-03-17,1.4114429950714111,1.4490100145339966,1.4087599515914917,1.4235179424285889,430350199.0
2022-03-18,1.4262009859085083,1.469135046005249,1.4262009859085083,1.4610849618911743,659514161.0
2022-03-21,1.4758429527282715,1.4812099933624268,1.4530349969863892,1.4570599794387817,390938084.0
2022-03-22,1.4610849618911743,1.5321940183639526,1.451693058013916,1.5093849897384644,751146698.0
2022-03-23,1.5147520303726196,1.5321940183639526,1.489259958267212,1.5026769638061523,653733110.0
2022-03-24,1.506701946258545,1.6341609954833984,1.506701946258545,1.5711020231246948,1231529272.0
2022-03-25,1.57915198802948,1.6274529695510864,1.5576859712600708,1.6100109815597534,914429790.0
2022-03-28,1.6153780221939087,1.7227120399475098,1.6073280572891235,1.6247689723968506,1454816444.0
2022-03-29,1.6408699750900269,1.6462359428405762,1.5845190286636353,1.593911051750183,610261222.0
2022-03-30,1.5992779731750488,1.6502610445022583,1.587203025817871,1.6126940250396729,601841829.0
2022-03-31,1.6234279870986938,1.6462359428405762,1.5831769704818726,1.5979360342025757,497000331.0
2022-04-01,1.6019610166549683,1.6153780221939087,1.5804940462112427,1.587203025817871,356896936.0
2022-04-04,1.6073280572891235,1.6757529973983765,1.5979360342025757,1.6475780010223389,750301748.0
2022-04-05,1.6542860269546509,1.6677030324935913,1.614035964012146,1.6422109603881836,646264616.0
2022-04-06,1.6408699750900269,1.6770950555801392,1.6301360130310059,1.6435530185699463,688108503.0
2022-04-07,1.655627965927124,1.703927993774414,1.655627965927124,1.6717280149459839,601299820.0
2022-04-08,1.6770950555801392,1.7522289752960205,1.6717280149459839,1.7441790103912354,821935235.0
2022-04-11,1.7710119485855103,1.8219959735870361,1.73881196975708,1.7656450271606445,1153439682.0
2022-04-12,1.7683290243148804,1.7710119485855103,1.730762004852295,1.7441790103912354,494544746.0
2022-04-13,1.756253957748413,1.7857710123062134,1.724053978919983,1.7441790103912354,578017676.0
2022-04-14,1.756253957748413,1.779062032699585,1.7495449781417847,1.7575949430465698,486943881.0
2022-04-15,1.75491201877594,1.773695945739746,1.7495449781417847,1.7602790594100952,320509581.0
2022-04-18,1.7643040418624878,1.8166290521621704,1.7643040418624878,1.7978459596633911,652379430.0
2022-04-19,1.8193130493164062,1.8246790170669556,1.7777210474014282,1.7871119976043701,408888762.0
2022-04-20,1.7924790382385254,1.8005290031433105,1.7763789892196655,1.7857710123062134,275819963.0
2022-04-21,1.7991869449615479,1.8367539644241333,1.7924790382385254,1.80321204662323,560332412.0
2022-04-22,1.7951619625091553,1.8260209560394287,1.70661199092865,1.7535699605941772,608023089.0
2022-04-25,1.7508870363235474,1.7575949430465698,1.697219967842102,1.7173449993133545,476338342.0
2022-04-26,1.732103943824768,1.7401540279388428,1.6368449926376343,1.6475780010223389,548228076.0
2022-04-27,1.6462359428405762,1.6717280149459839,1.6167190074920654,1.6677030324935913,462576117.0
2022-04-28,1.679777979850769,1.7092950344085693,1.6636780500411987,1.689170002937317,384109611.0
2022-04-29,1.70661199092865,1.7495449781417847,1.6650199890136719,1.7173449993133545,503667811.0
2022-05-05,1.767791986465454,1.8439990282058716,1.7495449781417847,1.8439990282058716,645476330.0
2022-05-06,1.8375589847564697,1.8375589847564697,1.7795989513397217,1.80321204662323,570198540.0
2022-05-09,1.8676129579544067,1.8858599662780762,1.794625997543335,1.8096519708633423,760037423.0
2022-05-10,1.8117990493774414,1.8300460577011108,1.804286003112793,1.823606014251709,112689236.0
2022-05-11,1.7978459596633911,1.8053590059280396,1.7366650104522705,1.7624249458312988,465332501.0
2022-05-12,1.7441790103912354,1.7441790103912354,1.6937320232391357,1.715198040008545,380923801.0
2022-05-13,1.73881196975708,1.7602790594100952,1.7109049558639526,1.758131980895996,276043005.0
2022-05-16,1.7495449781417847,1.7817460298538208,1.7280789613723755,1.7280789613723755,323130985.0
2022-05-17,1.7334450483322144,1.7667189836502075,1.7109049558639526,1.7409590482711792,317902376.0
2022-05-18,1.73881196975708,1.7495449781417847,1.719491958618164,1.719491958618164,234888685.0
2022-05-20,1.719491958618164,1.7237850427627563,1.6754850149154663,1.6754850149154663,231389145.0
2022-05-23,1.6829979419708252,1.699097990989685,1.6389909982681274,1.6454310417175293,341241203.0
2022-05-24,1.6550910472869873,1.686218023300171,1.6486510038375854,1.670117974281311,372856207.0
2022-05-25,1.6722650527954102,1.7023179531097412,1.6572380065917969,1.700171947479248,393203924.0
2022-05-26,1.7012449502944946,1.7495449781417847,1.6883649826049805,1.7420320510864258,373936292.0
2022-05-27,1.735592007637024,1.8085789680480957,1.735592007637024,1.767791986465454,514991444.0
2022-05-30,1.8053590059280396,1.8461459875106812,1.7989189624786377,1.8343390226364136,522228082.0
2022-05-31,1.8354129791259766,1.9921200275421143,1.8343390226364136,1.957774043083191,1248064017.0
2022-06-01,1.957774043083191,2.066180944442749,1.9320130348205566,2.0243210792541504,1032588827.0
2022-06-02,2.02968692779541,2.2003490924835205,2.012514114379883,2.1574149131774902,1562315774.0
2022-06-03,2.175662040710449,2.364569902420044,2.1627819538116455,2.355983018875122,1834467864.0
2022-06-06,2.36564302444458,2.4439969062805176,2.280848979949951,2.3763771057128906,1869080815.0
2022-06-07,2.3806700706481934,2.460097074508667,2.3334429264068604,2.3334429264068604,1158689756.0
2022-06-08,2.3441760540008545,2.43218994140625,2.279776096343994,2.298022985458374,1252891150.0
2022-06-09,2.3334429264068604,2.375303030014038,2.308756113052368,2.366715908050537,1036083839.0
2022-06-10,2.355983018875122,2.3892569541931152,2.337735891342163,2.3592031002044678,666000991.0
2022-06-13,2.355983018875122,2.366715908050537,2.2593820095062256,2.2872889041900635,600849618.0
2022-06-14,2.3066089153289795,2.4203829765319824,2.280848979949951,2.3914029598236084,1033855600.0
2022-06-15,2.4075028896331787,2.4450700283050537,2.3731560707092285,2.3999900817871094,805161703.0
2022-06-16,2.4107229709625244,2.52557110786438,2.4107229709625244,2.4386301040649414,1311870915.0
2022-06-17,2.4536569118499756,2.4719040393829346,2.3978428840637207,2.4708309173583984,771158027.0
2022-06-20,2.4901509284973145,2.516983985900879,2.4236040115356445,2.4429240226745605,676160278.0
2022-06-21,2.449363946914673,2.484783887863159,2.4150168895721436,2.451509952545166,648875511.0
2022-06-22,2.4558041095733643,2.4901509284973145,2.4203829765319824,2.4203829765319824,507217605.0
2022-06-23,2.421457052230835,2.468683958053589,2.404283046722412,2.4096500873565674,535189051.0
2022-06-24,2.4193100929260254,2.4268240928649902,2.340955972671509,2.3763771057128906,449506161.0
2022-06-27,2.3237829208374023,2.3774499893188477,2.2958760261535645,2.3431029319763184,307423507.0
2022-06-28,2.337735891342163,2.3538360595703125,2.2400619983673096,2.271188974380493,404150529.0
2022-06-29,2.275481939315796,2.290508985519409,2.2207419872283936,2.2218151092529297,419695710.0
2022-06-30,2.2218151092529297,2.2486488819122314,2.1456079483032227,2.1917619705200195,528612371.0
2022-07-01,2.1917619705200195,2.246501922607422,2.188541889190674,2.2432820796966553,375826241.0
2022-07-04,2.2572360038757324,2.2679688930511475,2.1735150814056396,2.1735150814056396,292100977.0
2022-07-05,2.175662040710449,2.2379159927368164,2.1177010536193848,2.1273610591888428,626565304.0
2022-07-06,2.1402409076690674,2.1821019649505615,2.1305809020996094,2.1627819538116455,402767241.0
2022-07-07,2.166002035140991,2.2336220741271973,2.1627819538116455,2.1960549354553223,369668403.0
2022-07-08,2.198201894760132,2.2110819816589355,2.181027889251709,2.20786190032959,101443547.0
2022-07-13,2.2110819816589355,2.226109027862549,2.133800983428955,2.1488280296325684,272096375.0
2022-07-14,2.1434619426727295,2.1745879650115967,2.1209208965301514,2.128434896469116,363110693.0
2022-07-18,2.1488280296325684,2.227181911468506,2.1488280296325684,2.2057149410247803,484921765.0
2022-07-19,2.199275016784668,2.260456085205078,2.188541889190674,2.2443559169769287,426419184.0
2022-07-20,2.2540159225463867,2.319489002227783,2.25079607963562,2.2948029041290283,433283023.0
2022-07-21,2.300168991088867,2.3066089153289795,2.2475759983062744,2.2540159225463867,308670213.0
2022-07-22,2.264749050140381,2.2829959392547607,2.152048110961914,2.216449022293091,225758222.0
2022-07-25,2.218595027923584,2.2583088874816895,2.213228940963745,2.2529420852661133,270027005.0
2022-07-26,2.264749050140381,2.2722620964050293,2.2100090980529785,2.2143020629882812,239854339.0
2022-07-27,2.222888946533203,2.2336220741271973,2.188541889190674,2.188541889190674,180657421.0
2022-07-28,2.2143020629882812,2.2572360038757324,2.203568935394287,2.241136074066162,416260679.0
2022-07-29,2.2540159225463867,2.4075028896331787,2.226109027862549,2.3871099948883057,911487147.0
2022-08-01,2.3989169597625732,2.496591091156006,2.3806700706481934,2.4955170154571533,836736533.0
2022-08-02,2.506251096725464,2.682279109954834,2.488003969192505,2.5899710655212402,1158768110.0
2022-08-03,2.6103649139404297,2.683351993560791,2.60821795463562,2.674765110015869,732471608.0
2022-08-04,2.710186004638672,2.763853073120117,2.683351993560791,2.686034917831421,540076799.0
2022-08-05,2.710186004638672,2.720918893814087,2.630758047103882,2.672619104385376,592825552.0
2022-08-08,2.694084882736206,2.8363029956817627,2.6887190341949463,2.7906858921051025,709157489.0
2022-08-09,2.7933690547943115,2.8255701065063477,2.683351993560791,2.694084882736206,686455347.0
2022-08-10,2.694084882736206,2.833620071411133,2.6532979011535645,2.833620071411133,625577118.0
2022-08-11,2.852402925491333,2.9194869995117188,2.804102897644043,2.8282530307769775,818562775.0
2022-08-12,2.8282530307769775,2.8738698959350586,2.7799530029296875,2.8228859901428223,535585905.0
2022-08-15,2.844352960586548,2.8953371047973633,2.7799530029296875,2.7853190898895264,468282375.0
2022-08-16,2.806786060333252,2.844352960586548,2.6994519233703613,2.844352960586548,541964624.0
2022-08-17,2.852402925491333,2.879236936569214,2.8228859901428223,2.841670036315918,488361920.0
2022-08-18,2.852402925491333,2.898020029067993,2.7880029678344727,2.833620071411133,585268680.0
2022-08-19,2.833620071411133,2.887286901473999,2.8282530307769775,2.844352960586548,471946522.0
2022-08-22,2.8470370769500732,2.9516870975494385,2.8255701065063477,2.841670036315918,1061535359.0
2022-08-23,2.841670036315918,2.9007039070129395,2.8228859901428223,2.8550870418548584,498617375.0
2022-08-24,2.8711869716644287,2.879236936569214,2.7853190898895264,2.7933690547943115,394471872.0
2022-08-25,2.798736095428467,2.8631370067596436,2.798736095428467,2.8121531009674072,373083516.0
2022-08-26,2.8309359550476074,2.8685030937194824,2.777268886566162,2.8255701065063477,460060682.0
2022-08-29,2.8228859901428223,2.8631370067596436,2.7933690547943115,2.8470370769500732,345958418.0
2022-08-31,2.8550870418548584,2.9060699939727783,2.8550870418548584,2.8711869716644287,435206549.0
2022-09-01,2.8685030937194824,2.8711869716644287,2.8121531009674072,2.8175199031829834,349673155.0
2022-09-02,2.8282530307769775,2.879236936569214,2.8202030658721924,2.8658199310302734,389022159.0
2022-09-05,2.8658199310302734,3.067070960998535,2.8658199310302734,3.045604944229126,749723013.0
2022-09-06,3.085855007171631,3.134155035018921,2.973154067993164,3.0321879386901855,634969809.0
2022-09-07,3.037554979324341,3.0617051124572754,2.973154067993164,2.9919381141662598,375002291.0
2022-09-08,3.0053539276123047,3.096587896347046,2.9516870975494385,2.967787027359009,526390412.0
2022-09-09,2.975836992263794,3.0348711013793945,2.967787027359009,2.9973039627075195,338124244.0
2022-09-12,3.018770933151245,3.0321879386901855,2.975836992263794,3.002671003341675,846333650.0
2022-09-13,3.0429210662841797,3.0643880367279053,2.7906858921051025,2.7906858921051025,662236353.0
2022-09-14,2.7906858921051025,2.932904005050659,2.7128689289093018,2.9221699237823486,509323963.0
2022-09-15,2.930219888687134,2.9785211086273193,2.8738698959350586,2.8926539421081543,366485873.0
2022-09-16,2.8926539421081543,2.973154067993164,2.8738698959350586,2.9597370624542236,289624281.0
2022-09-19,2.967787027359009,3.0429210662841797,2.8631370067596436,2.8658199310302734,359934405.0
2022-09-20,2.8738698959350586,3.1448891162872314,2.8631370067596436,3.1448891162872314,725694750.0
2022-09-21,3.1126880645751953,3.1583049297332764,3.0348711013793945,3.0804879665374756,592774776.0
2022-09-22,3.083172082901001,3.217339038848877,3.0643880367279053,3.1153719425201416,788932192.0
2022-09-23,3.1261050701141357,3.327357053756714,3.1100049018859863,3.3219900131225586,1014305392.0
2022-09-26,3.300523042678833,3.6010589599609375,3.2871060371398926,3.560807943344116,974508870.0
2022-09-27,3.5634920597076416,3.7432758808135986,3.5232410430908203,3.703026056289673,952575617.0
2022-09-28,3.6896090507507324,3.745959997177124,3.582274913787842,3.627892017364502,726111486.0
2022-09-29,3.6493589878082275,3.6922929286956787,3.343456983566284,3.5339748859405518,579710484.0
2022-09-30,3.5366580486297607,3.737910032272339,3.493725061416626,3.6600921154022217,721720710.0
2022-10-03,3.673508882522583,3.8506100177764893,3.630574941635132,3.8264598846435547,940644963.0
2022-10-04,3.8962268829345703,4.207496166229248,3.8962268829345703,4.207496166229248,822589267.0
2022-10-05,4.347031116485596,4.580482006072998,4.325563907623291,4.440948009490967,1404127056.0
2022-10-06,4.561698913574219,4.859550952911377,4.365814208984375,4.572432041168213,1747052216.0
2022-10-07,4.575116157531738,4.79246711730957,4.499981880187988,4.671716213226318,913949272.0
2022-10-10,4.6770830154418945,4.709282875061035,4.518764972686768,4.601949214935303,520692689.0
2022-10-11,4.601949214935303,4.749533176422119,4.540232181549072,4.567066192626953,588709879.0
2022-10-12,4.569748878479004,4.599266052246094,4.3899641036987305,4.395330905914307,632213034.0
2022-10-13,4.395330905914307,4.738800048828125,4.336297035217285,4.690499782562256,815552883.0
2022-10-14,4.7253828048706055,4.773684024810791,4.599266052246094,4.599266052246094,510945815.0
2022-10-17,4.534864902496338,4.612682819366455,4.400698184967041,4.513398170471191,468500963.0
2022-10-18,4.516081809997559,4.70123291015625,4.459731101989746,4.607316017150879,399910814.0
2022-10-19,4.607316017150879,4.652933120727539,4.534864902496338,4.553648948669434,216275849.0
2022-10-20,4.553648948669434,4.6421990394592285,4.475831985473633,4.575116157531738,286806201.0
2022-10-21,4.575116157531738,5.031285762786865,4.537549018859863,4.999084949493408,654348105.0
2022-10-24,5.004452228546143,5.441837787628174,4.934685230255127,5.366704940795898,526182519.0
2022-10-25,5.366704940795898,5.796041011810303,5.366704940795898,5.635039806365967,557929801.0
2022-10-26,5.645772933959961,5.849708080291748,5.5008721351623535,5.592105865478516,270917626.0
2022-10-27,5.59747314453125,5.672606945037842,5.468671798706055,5.576005935668945,184158433.0
2022-10-28,5.576005935668945,5.898007869720459,5.5008721351623535,5.865808010101318,242939099.0
2022-10-31,5.8711748123168945,6.450778961181641,5.8711748123168945,6.450778961181641,444442906.0
2022-11-01,6.574213027954102,7.078682899475098,6.547379970550537,7.057217121124268,629761530.0
2022-11-02,6.976716041564941,6.976716041564941,6.627880096435547,6.783514976501465,461873731.0
2022-11-03,6.772780895233154,7.459720134735107,6.482978820800781,7.293352127075195,630005795.0
2022-11-04,7.309452056884766,7.878323078155518,7.309452056884766,7.701220989227295,410645651.0
2022-11-07,7.6743879318237305,8.055423736572266,7.293352127075195,7.588520050048828,436276125.0
2022-11-08,7.588520050048828,7.669021129608154,7.3523850440979,7.465085983276367,299184765.0
2022-11-09,7.465085983276367,7.781722068786621,7.465085983276367,7.529487133026123,200913965.0
2022-11-10,7.599254131317139,7.835389137268066,7.513387203216553,7.67975378036499,246757327.0
2022-11-11,7.996389865875244,8.130558013916016,7.787088871002197,7.894423007965088,201052766.0
2022-11-14,7.894423007965088,8.291559219360352,7.819289207458496,8.280824661254883,213005779.0
2022-11-15,8.345226287841797,9.107297897338867,8.345226287841797,9.107297897338867,321402103.0
2022-11-16,9.477601051330566,10.014270782470703,9.477601051330566,9.998170852661133,487779403.0
2022-11-17,10.051837921142578,10.148439407348633,8.999963760375977,8.999963760375977,144783100.0
2022-11-18,8.103723526000977,8.103723526000977,8.103723526000977,8.103723526000977,30379031.0
2022-11-21,7.293352127075195,7.293352127075195,7.293352127075195,7.293352127075195,41099612.0
2022-11-22,6.606412887573242,8.01785659790039,6.601047039031982,8.01785659790039,687104088.0
2022-11-23,8.01785659790039,8.581360816955566,7.23968505859375,8.114458084106445,283894489.0
2022-11-24,8.050057411193848,8.050057411193848,7.400685787200928,7.64218807220459,138007173.0
2022-11-25,7.56705379486084,7.572420120239258,6.880115032196045,6.987450122833252,188301347.0
2022-11-28,6.923048973083496,7.250418186187744,6.289778232574463,7.1430840492248535,272035053.0
2022-11-29,6.960616111755371,7.7226881980896,6.617146968841553,7.5563201904296875,187581725.0
2022-11-30,6.756680965423584,7.078682899475098,6.756680965423584,6.960616111755371,787032069.0
2022-12-01,6.91768217086792,7.379219055175781,6.574213027954102,6.982082843780518,225045681.0
2022-12-02,6.923048973083496,6.923048973083496,6.305878162384033,6.4400458335876465,193389721.0
2022-12-05,6.3595452308654785,6.3595452308654785,5.796041011810303,5.796041011810303,128355385.0
2022-12-06,5.262053966522217,6.236111164093018,5.216436862945557,6.075109958648682,299111107.0
2022-12-07,5.6940741539001465,6.123410224914551,5.527706146240234,5.635039806365967,136069392.0
2022-12-08,5.58137321472168,5.742373943328857,5.393537998199463,5.608205795288086,69497893.0
2022-12-09,5.559906005859375,6.112677097320557,5.533071994781494,6.112677097320557,109769344.0
2022-12-12,6.32734489440918,6.719113826751709,6.236111164093018,6.719113826751709,219410398.0
2022-12-13,6.332711219787598,6.611780166625977,6.171710014343262,6.413211822509766,126692745.0
2022-12-14,6.381011962890625,6.381011962890625,5.914107799530029,6.091209888458252,109984691.0
2022-12-15,6.085843086242676,6.279044151306152,5.9087419509887695,6.171710014343262,64963286.0
2022-12-16,6.144876956939697,6.144876956939697,6.010708808898926,6.021442890167236,13215501.0
2022-12-19,6.118042945861816,6.295145034790039,5.935575008392334,6.2844109535217285,98659958.0
2022-12-20,6.198544025421143,6.450778961181641,6.064375877380371,6.354177951812744,78127378.0
2022-12-21,6.354177951812744,6.799614906311035,6.2468438148498535,6.670814037322998,128883959.0
2022-12-22,6.670814037322998,6.84254789352417,6.542013168334961,6.708381175994873,92783112.0
2022-12-23,6.155610084533691,6.461512088775635,6.155610084533691,6.268311023712158,91366842.0
2022-12-26,6.268311023712158,6.268311023712158,5.957042217254639,5.957042217254639,90177155.0
2022-12-27,5.957042217254639,5.957042217254639,5.661872863769531,5.683340072631836,82562986.0
2022-12-28,5.683340072631836,5.892642021179199,5.570639133453369,5.844340801239014,66015030.0
2022-12-29,5.833608150482178,5.935575008392334,5.753107070922852,5.796041011810303,44493743.0
2022-12-30,5.817508220672607,5.957042217254639,5.661872863769531,5.903375148773193,56468819.0
2023-01-02,5.903375148773193,5.903375148773193,5.758473873138428,5.785307884216309,49067238.0
2023-01-03,5.785307884216309,5.796041011810303,5.5008721351623535,5.565272808074951,83723382.0
2023-01-04,5.554539203643799,5.554539203643799,5.24058723449707,5.259369850158691,93039396.0
2023-01-05,5.259369850158691,5.270103931427002,4.808567047119141,5.0151848793029785,73094998.0
2023-01-06,4.899800777435303,5.329137802124023,4.770999908447266,5.098369121551514,91001031.0
2023-01-09,5.302303791046143,5.302303791046143,5.039336204528809,5.2835211753845215,68316051.0
2023-01-10,5.334504127502441,5.58137321472168,5.098369121551514,5.420372009277344,80733726.0
2023-01-11,5.420372009277344,5.635039806365967,5.313037872314453,5.511606216430664,97079584.0
2023-01-12,5.527706146240234,6.059010028839111,5.527706146240234,6.059010028839111,136365794.0
2023-01-13,6.064375877380371,6.568847179412842,6.059010028839111,6.413211822509766,143808890.0
2023-01-16,6.450778961181641,6.606412887573242,6.128777027130127,6.364912033081055,111729448.0
2023-01-17,6.3702778816223145,6.386378765106201,6.144876956939697,6.236111164093018,88490031.0
2023-01-18,6.214643955230713,6.708381175994873,6.118042945861816,6.601047039031982,147880531.0
2023-01-19,6.504446029663086,6.536645889282227,6.348812103271484,6.4776129722595215,87816880.0
2023-01-20,6.466878890991211,6.536645889282227,6.375645160675049,6.466878890991211,64184577.0
2023-01-23,6.128777027130127,6.144876956939697,5.822875022888184,5.822875022888184,155281720.0
2023-01-24,5.608205795288086,5.796041011810303,5.436471939086914,5.779941082000732,101408516.0
2023-01-25,5.774573802947998,5.779941082000732,5.420372009277344,5.5867390632629395,74245686.0
2023-01-26,5.5008721351623535,5.661872863769531,5.366704940795898,5.474039077758789,53294171.0
2023-01-27,5.474039077758789,5.865808010101318,5.372070789337158,5.796041011810303,81692881.0
2023-01-30,5.785307884216309,5.785307884216309,5.570639133453369,5.6189398765563965,56728606.0
2023-01-31,5.565272808074951,5.710174083709717,5.382804870605469,5.382804870605469,56705072.0
2023-02-01,5.420372009277344,5.576005935668945,5.302303791046143,5.404272079467773,51835753.0
2023-02-02,5.474039077758789,5.844340801239014,5.415005207061768,5.763841152191162,99969421.0
2023-02-03,5.715539932250977,5.801407814025879,5.559906005859375,5.720907211303711,75917624.0
2023-02-06,5.436471939086914,5.5867390632629395,5.366704940795898,5.468671798706055,39703951.0
2023-02-07,5.4633049964904785,5.4633049964904785,4.923951148986816,4.953467845916748,73397865.0
2023-02-08,4.577798843383789,4.577798843383789,4.577798843383789,4.577798843383789,55.0
2023-02-15,5.447205066680908,5.447205066680908,5.288887023925781,5.447205066680908,59846385.0
2023-02-16,5.989242076873779,5.989242076873779,5.651140213012695,5.989242076873779,434343077.0
2023-02-17,5.881907939910889,6.40247917175293,5.753107070922852,6.268311023712158,306559141.0
2023-02-20,6.295145034790039,6.450778961181641,6.177076816558838,6.289778232574463,314032274.0
2023-02-21,6.268311023712158,6.3702778816223145,6.042909145355225,6.059010028839111,323693099.0
2023-02-22,6.048275947570801,6.139510154724121,5.758473873138428,5.758473873138428,217634224.0
2023-02-23,5.479404926300049,5.9838762283325195,5.447205066680908,5.779941082000732,319991163.0
2023-02-24,5.758473873138428,5.779941082000732,5.608205795288086,5.629673004150391,142173510.0
2023-02-27,5.61357307434082,5.822875022888184,5.436471939086914,5.763841152191162,352816350.0
2023-02-28,5.898007869720459,5.962409019470215,5.758473873138428,5.903375148773193,205894805.0
2023-03-01,5.989242076873779,6.187809944152832,5.957042217254639,6.064375877380371,272647570.0
2023-03-02,6.026809215545654,6.128777027130127,5.758473873138428,5.812140941619873,205110563.0
2023-03-03,5.796041011810303,5.876542091369629,5.533071994781494,5.817508220672607,251919842.0
2023-03-06,5.817508220672607,6.144876956939697,5.796041011810303,5.9946088790893555,282839540.0
2023-03-07,6.080475807189941,6.118042945861816,5.903375148773193,5.903375148773193,192471783.0
2023-03-08,5.930209159851074,6.01607608795166,5.855074882507324,5.914107799530029,149789449.0
2023-03-09,5.914107799530029,5.9946088790893555,5.849708080291748,5.855074882507324,136482029.0
2023-03-10,5.898007869720459,6.064375877380371,5.898007869720459,5.978508949279785,225029097.0
2023-03-13,6.144876956939697,6.4185791015625,6.128777027130127,6.391745090484619,627021934.0
2023-03-14,6.338078022003174,6.381011962890625,6.0321760177612305,6.059010028839111,328502195.0
2023-03-15,6.187809944152832,6.289778232574463,5.957042217254639,6.134142875671387,411321876.0
2023-03-16,6.048275947570801,6.332711219787598,5.99997615814209,6.198544025421143,607289007.0
2023-03-17,6.289778232574463,6.311244964599609,5.9946088790893555,5.9946088790893555,304042681.0
2023-03-20,5.99997615814209,6.026809215545654,5.688706874847412,5.688706874847412,322469909.0
2023-03-21,5.688706874847412,5.828240871429443,5.602839946746826,5.796041011810303,332158927.0
2023-03-22,5.742373943328857,5.855074882507324,5.667240142822266,5.704806804656982,230015974.0
2023-03-23,5.704806804656982,5.742373943328857,5.6243062019348145,5.667240142822266,180903382.0
2023-03-24,5.677972793579102,5.822875022888184,5.6565070152282715,5.715539932250977,208904511.0
2023-03-27,5.742373943328857,5.769207000732422,5.576005935668945,5.576005935668945,155867499.0
2023-03-28,5.576005935668945,5.592105865478516,5.345238208770752,5.345238208770752,191872496.0
2023-03-29,5.364020824432373,5.844340801239014,5.364020824432373,5.726274013519287,294944864.0
2023-03-30,5.731640815734863,5.769207000732422,5.533071994781494,5.549172878265381,170823827.0
2023-03-31,5.50623893737793,5.5223388671875,5.388171195983887,5.388171195983887,167447248.0
2023-04-03,5.393537998199463,5.677972793579102,5.304986953735352,5.549172878265381,262349258.0
2023-04-04,5.549172878265381,5.758473873138428,5.495504856109619,5.688706874847412,212300747.0
2023-04-05,5.699440002441406,5.753107070922852,5.554539203643799,5.559906005859375,140185232.0
2023-04-06,5.565272808074951,5.61357307434082,5.447205066680908,5.479404926300049,133414896.0
2023-04-07,5.484772205352783,5.661872863769531,5.474039077758789,5.592105865478516,140298616.0
2023-04-10,5.635039806365967,5.962409019470215,5.61357307434082,5.865808010101318,374277693.0
2023-04-11,5.876542091369629,5.94094181060791,5.763841152191162,5.812140941619873,275360333.0
2023-04-12,5.812140941619873,6.091209888458252,5.769207000732422,6.0321760177612305,376850371.0
2023-04-13,6.064375877380371,6.128777027130127,5.860441207885742,5.860441207885742,187185076.0
2023-04-14,5.865808010101318,5.962409019470215,5.822875022888184,5.828240871429443,147328982.0
2023-04-17,5.844340801239014,5.99997615814209,5.763841152191162,5.812140941619873,208822505.0
2023-04-18,5.812140941619873,5.855074882507324,5.6565070152282715,5.683340072631836,126000346.0
2023-04-19,5.6940741539001465,5.747741222381592,5.58137321472168,5.6565070152282715,104929820.0
2023-04-20,5.651140213012695,5.688706874847412,5.58137321472168,5.645772933959961,42727073.0
2023-04-24,5.672606945037842,5.763841152191162,5.661872863769531,5.737007141113281,115184865.0
2023-04-25,5.747741222381592,5.769207000732422,5.570639133453369,5.645772933959961,156763300.0
2023-04-26,5.645772933959961,5.699440002441406,5.50623893737793,5.549172878265381,143210571.0
2023-04-27,5.554539203643799,5.688706874847412,5.511606216430664,5.61357307434082,175149777.0
2023-04-28,5.6189398765563965,5.6243062019348145,5.339870929718018,5.345238208770752,189815945.0
2023-05-02,5.353288173675537,5.468671798706055,5.24058723449707,5.404272079467773,216790485.0
2023-05-03,5.4257378578186035,5.479404926300049,5.14935302734375,5.334504127502441,272248964.0
2023-05-04,5.366704940795898,5.447205066680908,5.307671070098877,5.388171195983887,142165330.0
2023-05-05,5.307671070098877,5.323770999908447,5.082269191741943,5.106419086456299,152476163.0
2023-05-08,5.122519016265869,5.176187038421631,4.950785160064697,5.044702053070068,177965769.0
2023-05-09,5.060801982879639,5.13325309753418,4.899800777435303,4.910534858703613,123743747.0
2023-05-10,4.910534858703613,4.966885089874268,4.811251163482666,4.891750812530518,120171015.0
2023-05-11,4.894434928894043,5.2486371994018555,4.894434928894043,5.17887020111084,235542289.0
2023-05-12,5.181552886962891,5.280837059020996,5.071536064147949,5.130569934844971,187892195.0
2023-05-15,5.017868995666504,5.420372009277344,4.856867790222168,5.047386169433594,254609649.0
2023-05-16,5.055436134338379,5.355970859527588,5.055436134338379,5.355970859527588,176382638.0
2023-05-17,5.358654975891113,5.5867390632629395,5.294253826141357,5.5223388671875,208681636.0
2023-05-18,5.715539932250977,5.865808010101318,5.321087837219238,5.321087837219238,327876821.0
2023-05-22,5.366704940795898,5.710174083709717,5.358654975891113,5.683340072631836,361421947.0
2023-05-23,5.727499961853027,6.324999809265137,5.625,6.25,658780344.0
2023-05-24,6.25,6.59375,6.197500228881836,6.331250190734863,673833224.0
2023-05-25,6.362500190734863,6.449999809265137,6.077499866485596,6.077499866485596,360016176.0
2023-05-26,6.097499847412109,6.412499904632568,6.039999961853027,6.28125,401860240.0
2023-05-29,6.618750095367432,6.806250095367432,6.46875,6.693749904632568,363875168.0
2023-05-30,6.775000095367432,6.900000095367432,6.6875,6.84375,363509576.0
2023-05-31,6.84375,6.856249809265137,6.643750190734863,6.75,354943088.0
2023-06-01,6.824999809265137,6.875,6.75,6.75,226009200.0
2023-06-02,6.912499904632568,7.40625,6.875,7.25,490593784.0
2023-06-05,7.512499809265137,7.974999904632568,7.493750095367432,7.974999904632568,391853376.0
2023-06-06,8.0625,8.524999618530273,7.956250190734863,8.293749809265137,841968464.0
2023-06-07,8.5,8.75,8.212499618530273,8.287500381469727,543626608.0
2023-06-08,8.28125,8.381250381469727,8.024999618530273,8.237500190734863,441638176.0
2023-06-09,8.324999809265137,8.487500190734863,8.181249618530273,8.193750381469727,292640832.0
2023-06-12,8.25,8.306249618530273,7.824999809265137,7.824999809265137,380764312.0
2023-06-13,7.199999809265137,7.675000190734863,7.043749809265137,7.043749809265137,941048328.0
2023-06-14,7.081250190734863,7.231249809265137,6.675000190734863,6.868750095367432,728022944.0
2023-06-15,6.962500095367432,7.181250095367432,6.8125,7.037499904632568,737346920.0
2023-06-16,7.081250190734863,7.118750095367432,6.831250190734863,6.9375,353810952.0
2023-06-19,6.9375,6.962500095367432,6.631249904632568,6.631249904632568,309482912.0
2023-06-20,6.631249904632568,6.84375,6.587500095367432,6.612500190734863,376952816.0
2023-06-21,6.668749809265137,6.699999809265137,6.4375,6.462500095367432,278416608.0
2023-06-22,6.462500095367432,6.8125,6.412499904632568,6.768750190734863,409790064.0
2023-06-23,6.881249904632568,6.96875,6.71875,6.925000190734863,260126184.0
2023-06-26,6.931250095367432,7.21875,6.900000095367432,7.125,362622240.0
2023-06-27,7.125,7.131249904632568,7.03125,7.118750095367432,88430040.0
2023-07-03,7.181250095367432,7.356249809265137,7.175000190734863,7.262499809265137,293303080.0
2023-07-04,7.375,7.59375,7.324999809265137,7.349999904632568,418053752.0
2023-07-05,7.375,7.412499904632568,7.118750095367432,7.375,310301344.0
2023-07-06,7.400000095367432,7.443749904632568,7.25,7.256249904632568,266769640.0
2023-07-07,7.256249904632568,7.337500095367432,7.15625,7.262499809265137,260280960.0
2023-07-10,7.387499809265137,7.462500095367432,7.337500095367432,7.368750095367432,328802760.0
2023-07-11,7.474999904632568,7.793749809265137,7.40625,7.737500190734863,721737800.0
2023-07-12,7.78125,7.875,7.650000095367432,7.662499904632568,494563968.0
2023-07-13,7.662499904632568,7.71875,7.449999809265137,7.5,349738632.0
2023-07-14,7.525000095367432,7.699999809265137,7.393750190734863,7.599999904632568,371367576.0
2023-07-17,7.643750190734863,8.056249618530273,7.637499809265137,7.962500095367432,658150024.0
2023-07-18,8.0,8.100000381469727,7.668749809265137,7.699999809265137,585506608.0
2023-07-19,7.693749904632568,7.806250095367432,7.581250190734863,7.78125,342747584.0
2023-07-20,7.862500190734863,7.862500190734863,7.606249809265137,7.75,427658824.0
2023-07-21,7.75,7.756249904632568,7.543749809265137,7.612500190734863,312043232.0
2023-07-24,7.643750190734863,7.925000190734863,7.518750190734863,7.59375,584456312.0
2023-07-25,7.612500190734863,7.693749904632568,7.331250190734863,7.387499809265137,353272584.0
2023-07-26,7.387499809265137,7.606249809265137,7.337500095367432,7.59375,337811480.0
2023-07-27,7.618750095367432,7.71875,7.525000095367432,7.53125,276666440.0
2023-07-28,7.631249904632568,7.712500095367432,7.574999809265137,7.587500095367432,359015072.0
2023-07-31,7.618750095367432,7.8125,7.587500095367432,7.618750095367432,569179184.0
2023-08-01,7.650000095367432,8.293749809265137,7.643750190734863,8.050000190734863,1547317296.0
2023-08-02,8.181249618530273,8.300000190734863,7.918749809265137,7.9375,765421264.0
2023-08-03,7.956250190734863,8.112500190734863,7.793749809265137,7.831250190734863,530149528.0
2023-08-04,7.868750095367432,8.043749809265137,7.8125,7.987500190734863,474797232.0
2023-08-07,7.6875,7.706250190734863,7.262499809265137,7.34375,831469664.0
2023-08-08,7.25,7.287499904632568,7.0,7.081250190734863,526342128.0
2023-08-09,7.087500095367432,7.331250190734863,7.087500095367432,7.21875,532638480.0
2023-08-10,7.224999904632568,7.243750095367432,6.8125,6.881249904632568,405386648.0
2023-08-11,6.887499809265137,7.143750190734863,6.75,7.118750095367432,340244592.0
2023-08-14,7.125,7.181250095367432,6.893750190734863,6.918749809265137,353362096.0
2023-08-15,6.925000190734863,7.050000190734863,6.737500190734863,6.849999904632568,409116392.0
2023-08-16,6.849999904632568,6.943749904632568,6.762499809265137,6.762499809265137,331795800.0
2023-08-17,6.762499809265137,6.887499809265137,6.6875,6.762499809265137,369132688.0
2023-08-18,6.775000095367432,6.793749809265137,6.443749904632568,6.543749809265137,349446984.0
2023-08-21,6.543749809265137,6.9375,6.487500190734863,6.862500190734863,390775128.0
2023-08-22,6.875,6.881249904632568,6.59375,6.643750190734863,292264872.0
2023-08-23,6.662499904632568,6.762499809265137,6.493750095367432,6.493750095367432,275418224.0
2023-08-24,6.5,6.931250095367432,6.431250095367432,6.481249809265137,617366648.0
2023-08-25,6.525000095367432,6.675000190734863,6.362500190734863,6.599999904632568,313119376.0
2023-08-28,6.618750095367432,6.756249904632568,6.537499904632568,6.574999809265137,455749992.0
2023-08-29,6.599999904632568,6.643750190734863,6.412499904632568,6.449999809265137,313824272.0
2023-08-31,6.487500190734863,6.743750095367432,6.412499904632568,6.59375,641751136.0
2023-09-01,6.606249809265137,6.643750190734863,6.443749904632568,6.5,298506856.0
2023-09-04,6.537499904632568,6.612500190734863,6.481249809265137,6.481249809265137,306993320.0
2023-09-05,6.518750190734863,6.768750190734863,6.493750095367432,6.625,512719888.0
2023-09-06,6.6875,7.043749809265137,6.631249904632568,6.818749904632568,928870856.0
2023-09-07,6.949999809265137,6.987500190734863,6.675000190734863,6.737500190734863,354386032.0
2023-09-08,6.775000095367432,6.837500095367432,6.612500190734863,6.625,277239472.0
2023-09-11,6.668749809265137,6.731249809265137,6.443749904632568,6.462500095367432,319353928.0
2023-09-12,6.474999904632568,6.581250190734863,6.375,6.381249904632568,304226960.0
2023-09-13,6.400000095367432,6.456250190734863,6.1875,6.212500095367432,310524368.0
2023-09-14,6.487500190734863,6.612500190734863,5.982500076293945,6.1875,1364840840.0
2023-09-15,6.268750190734863,6.287499904632568,6.082499980926514,6.125,514111624.0
2023-09-18,6.125,6.152500152587891,5.800000190734863,5.800000190734863,360404968.0
2023-09-19,5.8125,5.897500038146973,5.78000020980835,5.837500095367432,313448232.0
2023-09-20,5.840000152587891,5.880000114440918,5.699999809265137,5.699999809265137,475948808.0
2023-09-21,5.699999809265137,5.820000171661377,5.552499771118164,5.787499904632568,476722960.0
2023-09-22,5.787499904632568,5.857500076293945,5.667500019073486,5.690000057220459,360213840.0
2023-09-25,5.699999809265137,5.777500152587891,5.637499809265137,5.737500190734863,477408848.0
2023-09-26,5.947500228881836,6.306250095367432,5.802499771118164,6.306250095367432,1517451752.0
2023-09-27,6.356249809265137,6.362500190734863,6.039999961853027,6.039999961853027,726155192.0
2023-09-28,6.057499885559082,6.152500152587891,5.929999828338623,6.025000095367432,781016360.0
2023-09-29,6.025000095367432,6.237500190734863,5.997499942779541,6.147500038146973,620025080.0
2023-10-02,6.152500152587891,6.1875,6.074999809265137,6.079999923706055,315280176.0
2023-10-03,6.082499980926514,6.147500038146973,5.947500228881836,5.997499942779541,351281096.0
2023-10-04,5.997499942779541,6.0625,5.849999904632568,5.862500190734863,456879672.0
2023-10-05,5.875,5.925000190734863,5.724999904632568,5.872499942779541,335368064.0
2023-10-06,5.817500114440918,5.849999904632568,5.755000114440918,5.762499809265137,219402008.0
2023-10-09,5.710000038146973,5.900000095367432,5.635000228881836,5.639999866485596,535934480.0
2023-10-10,5.744999885559082,5.807499885559082,5.675000190734863,5.735000133514404,300274808.0
2023-10-11,5.722499847412109,5.849999904632568,5.662499904632568,5.722499847412109,363771448.0
2023-10-12,5.767499923706055,5.789999961853027,5.489999771118164,5.65500020980835,290740824.0
2023-10-13,5.65500020980835,5.662499904632568,5.465000152587891,5.554999828338623,243719776.0
2023-10-16,5.597499847412109,5.679999828338623,5.349999904632568,5.357500076293945,247136896.0
2023-10-17,5.362500190734863,5.46750020980835,5.317500114440918,5.462500095367432,231310736.0
2023-10-18,5.364999771118164,5.372499942779541,5.272500038146973,5.349999904632568,201107720.0
2023-10-19,5.34250020980835,5.46999979019165,5.235000133514404,5.239999771118164,256903280.0
2023-10-20,5.150000095367432,5.409999847412109,5.114999771118164,5.162499904632568,433809360.0
2023-10-23,5.302499771118164,5.677499771118164,5.15749979019165,5.677499771118164,472811592.0
2023-10-24,5.677499771118164,6.139999866485596,5.630000114440918,5.872499942779541,866512144.0
2023-10-25,5.875,5.882500171661377,5.289999961853027,5.307499885559082,476531936.0
2023-10-26,5.332499980926514,5.574999809265137,5.267499923706055,5.412499904632568,407273872.0
2023-10-27,5.409999847412109,5.420000076293945,5.230000019073486,5.327499866485596,246708072.0
2023-10-30,5.329999923706055,5.732500076293945,5.255000114440918,5.485000133514404,568354200.0
2023-10-31,5.512499809265137,5.547500133514404,5.292500019073486,5.34499979019165,259838120.0
2023-11-01,5.364999771118164,5.487500190734863,5.260000228881836,5.487500190734863,391925664.0
2023-11-02,5.650000095367432,5.722499847412109,5.494999885559082,5.534999847412109,336582488.0
2023-11-03,5.537499904632568,5.927499771118164,5.517499923706055,5.747499942779541,730554760.0
2023-11-06,5.807499885559082,5.902500152587891,5.679999828338623,5.71750020980835,384693872.0
2023-11-07,5.75,5.809999942779541,5.597499847412109,5.612500190734863,278159536.0
2023-11-08,5.642499923706055,5.695000171661377,5.534999847412109,5.552499771118164,209148888.0
2023-11-09,5.514999866485596,5.577499866485596,5.460000038146973,5.539999961853027,223981208.0
2023-11-10,5.534999847412109,5.542500019073486,5.445000171661377,5.5,166815872.0
2023-11-13,5.5,5.602499961853027,5.380000114440918,5.385000228881836,253524880.0
2023-11-14,5.40500020980835,5.474999904632568,5.327499866485596,5.432499885559082,220561368.0
2023-11-15,5.449999809265137,5.647500038146973,5.447500228881836,5.550000190734863,409252920.0
2023-11-16,5.525000095367432,5.622499942779541,5.485000133514404,5.525000095367432,329137088.0
2023-11-17,5.527500152587891,5.53249979019165,5.457499980926514,5.485000133514404,182898984.0
2023-11-20,5.510000228881836,5.664999961853027,5.505000114440918,5.537499904632568,335198736.0
2023-11-21,5.574999809265137,5.692500114440918,5.525000095367432,5.542500019073486,340244048.0
2023-11-22,5.545000076293945,5.567500114440918,5.457499980926514,5.482500076293945,176780792.0
2023-11-23,5.474999904632568,5.552499771118164,5.427499771118164,5.427499771118164,195578432.0
2023-11-24,5.427499771118164,5.572500228881836,5.427499771118164,5.514999866485596,230258936.0
2023-11-27,5.53249979019165,5.925000190734863,5.53249979019165,5.829999923706055,628470736.0
2023-11-28,5.837500095367432,6.268750190734863,5.767499923706055,6.137499809265137,804108808.0
2023-11-29,6.147500038146973,6.425000190734863,6.105000019073486,6.387499809265137,680142160.0
2023-11-30,6.387499809265137,6.387499809265137,6.042500019073486,6.235000133514404,602352584.0
2023-12-01,6.381249904632568,6.681250095367432,6.362500190734863,6.537499904632568,618112080.0
2023-12-04,6.5625,6.824999809265137,6.456250190734863,6.693749904632568,552798768.0
2023-12-05,6.693749904632568,6.756249904632568,6.425000190734863,6.481249809265137,313430144.0
2023-12-06,6.481249809265137,6.493750095367432,6.0,6.0,394115040.0
2023-12-07,6.102499961853027,6.324999809265137,5.987500190734863,6.324999809265137,422134296.0
2023-12-08,6.306250095367432,6.556250095367432,6.167500019073486,6.212500095367432,394399136.0
2023-12-11,6.204999923706055,6.28125,5.980000019073486,6.117499828338623,391385264.0
2023-12-12,6.090000152587891,6.125,5.96750020980835,5.974999904632568,247341392.0
2023-12-13,5.625,5.737500190734863,5.377500057220459,5.377500057220459,1009953720.0
2023-12-14,5.409999847412109,5.420000076293945,5.097499847412109,5.387499809265137,764820232.0
2023-12-15,5.387499809265137,5.412499904632568,5.227499961853027,5.304999828338623,658664072.0
2023-12-18,5.262499809265137,5.385000228881836,5.192500114440918,5.192500114440918,428971032.0
2023-12-19,5.199999809265137,5.235000133514404,5.005000114440918,5.057499885559082,330808800.0
2023-12-20,5.172500133514404,5.21999979019165,5.034999847412109,5.034999847412109,309209168.0
2023-12-21,5.034999847412109,5.074999809265137,4.917500019073486,5.03249979019165,304677656.0
2023-12-22,5.034999847412109,5.047500133514404,4.809999942779541,4.824999809265137,268739136.0
2023-12-25,4.822500228881836,4.822500228881836,4.534999847412109,4.690000057220459,236746256.0
2023-12-26,4.699999809265137,4.872499942779541,4.699999809265137,4.764999866485596,315995088.0
2023-12-27,4.762499809265137,4.784999847412109,4.5625,4.5625,337143544.0
2023-12-28,4.567500114440918,4.630000114440918,4.525000095367432,4.579999923706055,357857992.0
2023-12-29,4.587500095367432,4.617499828338623,4.550000190734863,4.554999828338623,310886608.0
2024-01-02,4.570000171661377,4.630000114440918,4.545000076293945,4.557499885559082,384605992.0
2024-01-03,4.5625,4.695000171661377,4.420000076293945,4.420000076293945,642987416.0
2024-01-04,4.425000190734863,4.542500019073486,4.380000114440918,4.502500057220459,401210816.0
2024-01-05,4.517499923706055,4.614999771118164,4.462500095367432,4.552499771118164,486320160.0
2024-01-08,4.574999809265137,4.650000095367432,4.5625,4.614999771118164,482924104.0
2024-01-09,4.632500171661377,4.652500152587891,4.477499961853027,4.494999885559082,382283760.0
2024-01-10,4.487500190734863,4.510000228881836,4.412499904632568,4.472499847412109,336614304.0
2024-01-11,4.485000133514404,4.517499923706055,4.385000228881836,4.385000228881836,289921248.0
2024-01-12,4.377500057220459,4.440000057220459,4.324999809265137,4.332499980926514,407547600.0
2024-01-15,4.349999904632568,4.40500020980835,4.3125,4.364999771118164,388058512.0
2024-01-16,4.367499828338623,4.380000114440918,4.304999828338623,4.304999828338623,255493024.0
2024-01-17,4.292500019073486,4.327499866485596,4.21999979019165,4.21999979019165,359313008.0
2024-01-18,4.340000152587891,4.617499828338623,4.307499885559082,4.502500057220459,1174982720.0
2024-01-19,4.539999961853027,4.849999904632568,4.482500076293945,4.699999809265137,1118388704.0
2024-01-22,4.712500095367432,4.925000190734863,4.712500095367432,4.737500190734863,734093664.0
2024-01-23,4.78249979019165,4.795000076293945,4.545000076293945,4.550000190734863,515137080.0
2024-01-24,4.570000171661377,4.672500133514404,4.485000133514404,4.59499979019165,573868136.0
2024-01-25,4.605000019073486,4.815000057220459,4.599999904632568,4.757500171661377,682404960.0
2024-01-26,4.764999866485596,4.797500133514404,4.699999809265137,4.757500171661377,436218256.0
2024-01-29,4.767499923706055,4.869999885559082,4.71999979019165,4.857500076293945,731942408.0
2024-01-30,4.875,4.942500114440918,4.809999942779541,4.84250020980835,653534784.0
2024-01-31,4.84499979019165,4.934999942779541,4.8125,4.8125,519459480.0
2024-02-01,4.824999809265137,4.869999885559082,4.820000171661377,4.847499847412109,373628560.0
2024-02-02,4.862500190734863,4.882500171661377,4.682499885559082,4.704999923706055,475669432.0
2024-02-05,4.722499847412109,4.992499828338623,4.675000190734863,4.887499809265137,1111158416.0
2024-02-06,4.900000095367432,5.114999771118164,4.857500076293945,4.974999904632568,1299737344.0
2024-02-07,4.992499828338623,5.034999847412109,4.892499923706055,4.894999980926514,555360416.0
2024-02-08,4.912499904632568,4.997499942779541,4.892499923706055,4.90749979019165,545830360.0
2024-02-09,4.914999961853027,5.019999980926514,4.909999847412109,4.929999828338623,545807672.0
2024-02-12,4.982500076293945,5.15749979019165,4.96750020980835,4.989999771118164,1061224464.0
2024-02-13,5.005000114440918,5.235000133514404,4.972499847412109,5.039999961853027,1500792008.0
2024-02-14,5.0625,5.125,4.992499828338623,5.019999980926514,624079984.0
2024-02-15,5.050000190734863,5.519999980926514,5.045000076293945,5.519999980926514,1802551216.0
2024-02-16,5.612500190734863,5.840000152587891,5.525000095367432,5.554999828338623,1500972552.0
2024-02-19,5.605000019073486,5.652500152587891,5.372499942779541,5.392499923706055,1018584888.0
2024-02-20,5.4375,5.449999809265137,5.315000057220459,5.315000057220459,755538112.0
2024-02-21,5.337500095367432,5.337500095367432,5.132500171661377,5.167500019073486,551924832.0
2024-02-22,5.197500228881836,5.28249979019165,5.159999847412109,5.167500019073486,492883504.0
2024-02-23,5.1875,5.207499980926514,5.007500171661377,5.010000228881836,486176376.0
2024-02-26,5.025000095367432,5.072500228881836,4.952499866485596,4.96999979019165,516668576.0
2024-02-27,4.974999904632568,5.172500133514404,4.820000171661377,4.997499942779541,985174760.0
2024-02-28,5.0,5.139999866485596,4.902500152587891,4.90749979019165,658741304.0
2024-02-29,4.927499771118164,5.022500038146973,4.857500076293945,4.945000171661377,633899968.0
2024-03-01,4.962500095367432,5.014999866485596,4.849999904632568,4.849999904632568,528122184.0
2024-03-04,4.869999885559082,4.882500171661377,4.644999980926514,4.652500152587891,405807296.0
2024-03-05,4.65500020980835,4.900000095367432,4.650000095367432,4.752500057220459,703887400.0
2024-03-06,4.730000019073486,4.922500133514404,4.652500152587891,4.664999961853027,773920240.0
2024-03-07,4.690000057220459,4.820000171661377,4.690000057220459,4.807499885559082,402286904.0
2024-03-08,4.827499866485596,5.264999866485596,4.727499961853027,5.097499847412109,1466510088.0
2024-03-11,5.1875,5.295000076293945,4.962500095367432,5.027500152587891,662699720.0
2024-03-12,5.039999961853027,5.142499923706055,4.855000019073486,4.887499809265137,419808832.0
2024-03-13,4.889999866485596,4.897500038146973,4.777500152587891,4.824999809265137,369318208.0
2024-03-14,4.837500095367432,4.909999847412109,4.772500038146973,4.789999961853027,353175520.0
2024-03-15,4.802499771118164,4.872499942779541,4.722499847412109,4.739999771118164,288218032.0
2024-03-18,4.757500171661377,4.840000152587891,4.697500228881836,4.71750020980835,414377272.0
2024-03-19,4.727499961853027,4.797500133514404,4.704999923706055,4.767499923706055,253201896.0
2024-03-20,4.772500038146973,4.957499980926514,4.769999980926514,4.840000152587891,471396448.0
2024-03-21,4.877500057220459,5.087500095367432,4.872499942779541,4.974999904632568,588292176.0
2024-03-22,4.994999885559082,5.215000152587891,4.947500228881836,5.117499828338623,694341752.0
2024-03-25,5.132500171661377,5.255000114440918,4.992499828338623,5.022500038146973,603279904.0
2024-03-26,5.025000095367432,5.03249979019165,4.775000095367432,4.787499904632568,311206208.0
2024-03-27,4.797500133514404,4.954999923706055,4.724999904632568,4.887499809265137,423798456.0
2024-03-28,5.375,5.375,5.307499885559082,5.375,245935488.0
2024-03-29,5.590000152587891,5.695000171661377,5.25,5.347499847412109,1538205048.0
2024-04-01,5.337500095367432,5.337500095367432,5.0625,5.0625,461582664.0
2024-04-02,5.067500114440918,5.112500190734863,4.8125,4.8125,381695464.0
2024-04-03,4.809999942779541,4.912499904632568,4.797500133514404,4.804999828338623,283623336.0
2024-04-04,4.824999809265137,4.90500020980835,4.724999904632568,4.724999904632568,405064408.0
2024-04-05,4.764999866485596,5.014999866485596,4.755000114440918,4.957499980926514,590165064.0
2024-04-08,4.974999904632568,5.135000228881836,4.940000057220459,5.047500133514404,402475768.0
2024-04-09,5.047500133514404,5.047500133514404,5.047500133514404,5.047500133514404,0.0
2024-04-15,5.144999980926514,5.295000076293945,5.105000019073486,5.175000190734863,490792560.0
2024-04-16,5.152500152587891,5.15500020980835,5.03249979019165,5.097499847412109,414617768.0
2024-04-17,5.117499828338623,5.172500133514404,4.940000057220459,4.985000133514404,304622864.0
2024-04-18,4.994999885559082,5.03000020980835,4.862500190734863,4.885000228881836,210836712.0
2024-04-19,4.849999904632568,5.0,4.822500228881836,4.952499866485596,246360080.0
2024-04-22,4.997499942779541,5.099999904632568,4.982500076293945,5.0,283506256.0
2024-04-24,5.042500019073486,5.127500057220459,4.989999771118164,5.017499923706055,253421864.0
2024-04-25,5.025000095367432,5.087500095367432,4.947500228881836,4.994999885559082,242085904.0
2024-04-26,4.994999885559082,5.132500171661377,4.994999885559082,5.112500190734863,337120480.0
2024-04-29,5.159999847412109,5.247499942779541,5.114999771118164,5.215000152587891,349545408.0
2024-04-30,5.222499847412109,5.237500190734863,5.119999885559082,5.159999847412109,345607736.0
2024-05-02,5.182499885559082,5.650000095367432,5.182499885559082,5.559999942779541,861953040.0
2024-05-03,5.557499885559082,5.84250020980835,5.449999809265137,5.837500095367432,818874424.0
2024-05-06,5.837500095367432,5.902500152587891,5.727499961853027,5.775000095367432,523000680.0
2024-05-07,5.775000095367432,5.90749979019165,5.659999847412109,5.764999866485596,572430824.0
2024-05-08,5.772500038146973,5.800000190734863,5.585000038146973,5.590000152587891,316179016.0
2024-05-09,5.614999771118164,5.772500038146973,5.5625,5.730000019073486,504941632.0
2024-05-10,5.715000152587891,5.792500019073486,5.585000038146973,5.587500095367432,355609840.0
2024-05-13,5.59250020980835,5.710000038146973,5.579999923706055,5.627500057220459,422331912.0
2024-05-14,5.619999885559082,6.012499809265137,5.602499961853027,5.917500019073486,701657408.0
2024-05-15,5.900000095367432,6.082499980926514,5.824999809265137,5.862500190734863,529475656.0
2024-05-16,5.900000095367432,6.204999923706055,5.880000114440918,6.175000190734863,630180712.0
2024-05-17,6.170000076293945,6.300000190734863,6.105000019073486,6.150000095367432,619388360.0
2024-05-20,6.3125,6.474999904632568,6.117499828338623,6.127500057220459,591607624.0
2024-05-21,6.150000095367432,6.224999904632568,5.940000057220459,5.962500095367432,497548760.0
2024-05-22,5.96750020980835,6.0625,5.880000114440918,5.917500019073486,346599656.0
2024-05-23,5.929999828338623,6.182499885559082,5.914999961853027,6.050000190734863,516166160.0
2024-05-24,6.0625,6.150000095367432,5.965000152587891,6.097499847412109,341725864.0
2024-05-27,6.119999885559082,6.137499809265137,5.920000076293945,5.932499885559082,258279024.0
2024-05-28,5.940000057220459,5.960000038146973,5.822500228881836,5.849999904632568,227168824.0
2024-05-29,5.849999904632568,5.90500020980835,5.635000228881836,5.644999980926514,248279208.0
2024-05-30,5.659999847412109,5.744999885559082,5.610000133514404,5.737500190734863,219714416.0
2024-05-31,5.75,5.797500133514404,5.46750020980835,5.497499942779541,360203792.0
2024-06-03,5.510000228881836,5.730000019073486,5.454999923706055,5.71750020980835,307339552.0
2024-06-04,5.704999923706055,5.887499809265137,5.639999866485596,5.675000190734863,342436504.0
2024-06-05,5.679999828338623,5.712500095367432,5.505000114440918,5.662499904632568,328797616.0
2024-06-06,5.724999904632568,5.929999828338623,5.707499980926514,5.784999847412109,461385976.0
2024-06-07,5.815000057220459,5.869999885559082,5.695000171661377,5.775000095367432,278421040.0
2024-06-10,5.767499923706055,5.817500114440918,5.480000019073486,5.487500190734863,319455320.0
2024-06-11,5.489999771118164,5.539999961853027,5.327499866485596,5.367499828338623,279118360.0
2024-06-12,5.367499828338623,5.40500020980835,5.272500038146973,5.3125,243336600.0
2024-06-13,5.360000133514404,5.539999961853027,5.360000133514404,5.525000095367432,286005440.0
2024-06-14,5.582499980926514,5.650000095367432,5.507500171661377,5.545000076293945,241745200.0
2024-06-20,5.625,5.804999828338623,5.625,5.767499923706055,303436960.0
2024-06-21,5.75,5.775000095367432,5.614999771118164,5.742499828338623,221800552.0
2024-06-24,5.75,6.0,5.702499866485596,5.962500095367432,429553024.0
2024-06-25,5.949999809265137,5.962500095367432,5.795000076293945,5.804999828338623,253730368.0
2024-06-26,5.784999847412109,5.817500114440918,5.525000095367432,5.525000095367432,278498128.0
2024-06-27,5.542500019073486,5.614999771118164,5.487500190734863,5.585000038146973,300644568.0
2024-06-28,5.599999904632568,5.652500152587891,5.457499980926514,5.485000133514404,308409952.0
2024-07-01,5.514999866485596,5.552499771118164,5.159999847412109,5.210000038146973,278010112.0
2024-07-02,5.195000171661377,5.297500133514404,5.137499809265137,5.260000228881836,253829672.0
2024-07-03,5.292500019073486,5.372499942779541,5.230000019073486,5.349999904632568,270645720.0
2024-07-04,5.360000133514404,5.512499809265137,5.360000133514404,5.512499809265137,257439896.0
2024-07-05,5.512499809265137,5.574999809265137,5.454999923706055,5.5,286600112.0
2024-07-08,5.512499809265137,5.667500019073486,5.472499847412109,5.5,255996888.0
2024-07-09,5.510000228881836,5.565000057220459,5.420000076293945,5.447500228881836,248795728.0
2024-07-10,5.457499980926514,5.474999904632568,5.362500190734863,5.385000228881836,222930752.0
2024-07-11,5.429999828338623,5.574999809265137,5.427499771118164,5.552499771118164,212268840.0
2024-07-12,5.547500133514404,5.622499942779541,5.474999904632568,5.5,274611816.0
2024-07-16,5.512499809265137,5.547500133514404,5.442500114440918,5.462500095367432,263219120.0
2024-07-17,5.465000152587891,5.489999771118164,5.387499809265137,5.449999809265137,247930344.0
2024-07-18,5.487500190734863,5.599999904632568,5.46999979019165,5.507500171661377,415348440.0
2024-07-19,5.492499828338623,5.78000020980835,5.477499961853027,5.744999885559082,662189200.0
2024-07-22,5.800000190734863,5.867499828338623,5.644999980926514,5.65500020980835,449646864.0
2024-07-23,5.659999847412109,5.807499885559082,5.597499847412109,5.712500095367432,450535472.0
2024-07-24,5.712500095367432,5.885000228881836,5.675000190734863,5.807499885559082,528598632.0
2024-07-25,5.827499866485596,5.949999809265137,5.684999942779541,5.699999809265137,511745120.0
2024-07-26,5.679999828338623,5.804999828338623,5.662499904632568,5.712500095367432,382388280.0
2024-07-29,5.682499885559082,5.690000057220459,5.554999828338623,5.577499866485596,278261224.0
2024-07-30,5.612500190734863,5.6875,5.599999904632568,5.637499809265137,330959328.0
2024-07-31,5.625,5.824999809265137,5.582499980926514,5.8125,651934944.0
2024-08-01,5.867499828338623,5.982500076293945,5.757500171661377,5.875,781487960.0
2024-08-02,5.75,5.949999809265137,5.71750020980835,5.829999923706055,766971384.0
2024-08-05,5.537499904632568,5.650000095367432,5.257500171661377,5.302499771118164,528205080.0
2024-08-06,5.447500228881836,5.46750020980835,5.252500057220459,5.255000114440918,391329560.0
2024-08-07,5.295000076293945,5.482500076293945,5.262499809265137,5.482500076293945,456978960.0
2024-08-08,5.510000228881836,5.784999847412109,5.502500057220459,5.737500190734863,661742576.0
2024-08-09,5.625,5.757500171661377,5.485000133514404,5.489999771118164,583306384.0
2024-08-12,5.599999904632568,5.949999809265137,5.510000228881836,5.539999961853027,540855688.0
2024-08-13,5.539999961853027,5.619999885559082,5.269999980926514,5.369999885559082,375356820.0
2024-08-14,5.389999866485596,5.400000095367432,5.110000133514404,5.110000133514404,298310338.0
2024-08-15,5.150000095367432,5.329999923706055,5.059999942779541,5.25,461380456.0
2024-08-16,5.269999980926514,5.300000190734863,5.050000190734863,5.059999942779541,250181143.0
2024-08-19,5.079999923706055,5.159999847412109,4.940000057220459,5.110000133514404,382793948.0
2024-08-20,5.110000133514404,5.199999809265137,5.03000020980835,5.090000152587891,314988190.0
2024-08-21,5.099999904632568,5.170000076293945,5.03000020980835,5.03000020980835,258921951.0
2024-08-22,5.059999942779541,5.079999923706055,4.960000038146973,4.960000038146973,321254853.0
2024-08-23,4.96999979019165,4.989999771118164,4.71999979019165,4.71999979019165,290475407.0
2024-08-26,4.820000171661377,4.889999866485596,4.559999942779541,4.559999942779541,393958180.0
2024-08-27,4.550000190734863,4.670000076293945,4.53000020980835,4.630000114440918,393249586.0
2024-08-28,4.650000095367432,4.690000057220459,4.570000171661377,4.639999866485596,336629242.0
2024-08-29,4.659999847412109,5.079999923706055,4.650000095367432,4.920000076293945,792086236.0
2024-09-02,4.920000076293945,5.03000020980835,4.909999847412109,4.980000019073486,354588006.0
2024-09-03,5.0,5.050000190734863,4.909999847412109,4.929999828338623,378385339.0
2024-09-04,4.880000114440918,4.960000038146973,4.75,4.849999904632568,454892310.0
2024-09-05,4.880000114440918,4.929999828338623,4.78000020980835,4.820000171661377,314996940.0
2024-09-06,4.820000171661377,4.820000171661377,4.710000038146973,4.710000038146973,198165218.0
2024-09-09,4.699999809265137,4.71999979019165,4.550000190734863,4.550000190734863,290534439.0
2024-09-10,4.570000171661377,4.579999923706055,4.369999885559082,4.389999866485596,442765824.0
2024-09-11,4.389999866485596,4.460000038146973,4.190000057220459,4.190000057220459,449915344.0
2024-09-12,4.230000019073486,4.239999771118164,4.019999980926514,4.139999866485596,612930835.0
2024-09-13,4.190000057220459,4.409999847412109,4.170000076293945,4.369999885559082,739517606.0
2024-09-16,4.389999866485596,4.429999828338623,4.25,4.25,492545189.0
2024-09-17,4.269999980926514,4.369999885559082,4.260000228881836,4.320000171661377,437035021.0
2024-09-18,4.300000190734863,4.309999942779541,4.170000076293945,4.199999809265137,323661248.0
2024-09-19,4.239999771118164,4.320000171661377,4.230000019073486,4.309999942779541,317195335.0
2024-09-20,4.309999942779541,4.550000190734863,4.269999980926514,4.429999828338623,791242339.0
2024-09-23,4.460000038146973,4.539999961853027,4.349999904632568,4.440000057220459,507473852.0
2024-09-24,4.429999828338623,4.579999923706055,4.429999828338623,4.460000038146973,565158286.0
2024-09-25,4.460000038146973,4.5,4.329999923706055,4.329999923706055,553477347.0
2024-09-26,4.349999904632568,4.440000057220459,4.199999809265137,4.230000019073486,477518544.0
2024-09-27,4.239999771118164,4.309999942779541,4.21999979019165,4.28000020980835,348942636.0
2024-09-30,4.28000020980835,4.360000133514404,4.21999979019165,4.300000190734863,362334463.0
2024-10-01,4.309999942779541,4.360000133514404,4.03000020980835,4.139999866485596,446802015.0
2024-10-02,4.110000133514404,4.170000076293945,4.019999980926514,4.019999980926514,385280867.0
2024-10-03,4.039999961853027,4.179999828338623,4.03000020980835,4.090000152587891,387963572.0
2024-10-04,4.110000133514404,4.159999847412109,4.03000020980835,4.150000095367432,305656851.0
2024-10-07,4.179999828338623,4.179999828338623,4.070000171661377,4.119999885559082,291004620.0
2024-10-08,4.110000133514404,4.199999809265137,4.090000152587891,4.139999866485596,334076054.0
2024-10-09,4.139999866485596,4.150000095367432,4.03000020980835,4.110000133514404,412330849.0
2024-10-10,4.130000114440918,4.130000114440918,4.0,4.019999980926514,366868215.0
2024-10-11,4.03000020980835,4.070000171661377,3.9100000858306885,3.930000066757202,316237614.0
2024-10-14,3.950000047683716,3.9600000381469727,3.7899999618530273,3.799999952316284,375877695.0
2024-10-15,3.799999952316284,3.880000114440918,3.7699999809265137,3.869999885559082,328255718.0
2024-10-16,3.859999895095825,3.9000000953674316,3.7699999809265137,3.890000104904175,306041479.0
2024-10-17,3.880000114440918,3.9800000190734863,3.880000114440918,3.9700000286102295,438169113.0
2024-10-18,3.990000009536743,4.079999923706055,3.930000066757202,3.950000047683716,398431021.0
2024-10-21,3.9600000381469727,4.010000228881836,3.890000104904175,3.9000000953674316,287430757.0
2024-10-22,3.9200000762939453,4.010000228881836,3.869999885559082,3.940000057220459,320738901.0
2024-10-23,3.940000057220459,3.9600000381469727,3.799999952316284,3.819999933242798,364748296.0
2024-10-24,3.8499999046325684,3.940000057220459,3.8499999046325684,3.9100000858306885,286943211.0
2024-10-25,3.9000000953674316,3.9100000858306885,3.8499999046325684,3.9100000858306885,198613555.0
2024-10-28,3.930000066757202,3.9600000381469727,3.9100000858306885,3.930000066757202,82557712.0
2024-10-30,3.940000057220459,3.9800000190734863,3.930000066757202,3.9600000381469727,213508646.0
2024-10-31,3.9600000381469727,3.9700000286102295,3.8399999141693115,3.8499999046325684,336340343.0
2024-11-01,3.859999895095825,3.9100000858306885,3.8399999141693115,3.859999895095825,302919658.0
2024-11-04,3.8399999141693115,3.859999895095825,3.680000066757202,3.700000047683716,329440879.0
2024-11-05,3.7200000286102295,3.75,3.6500000953674316,3.690000057220459,266786583.0
2024-11-06,3.700000047683716,3.7899999618530273,3.6700000762939453,3.7300000190734863,287693504.0
2024-11-07,3.7300000190734863,3.7699999809265137,3.6700000762939453,3.759999990463257,276543301.0
2024-11-08,3.75,3.8499999046325684,3.740000009536743,3.8299999237060547,281259929.0
2024-11-11,3.880000114440918,4.110000133514404,3.880000114440918,4.0,621470674.0
2024-11-12,3.9800000190734863,4.0,3.8299999237060547,3.8299999237060547,445106529.0
2024-11-13,3.809999942779541,3.8399999141693115,3.7200000286102295,3.809999942779541,545830270.0
2024-11-14,3.8499999046325684,3.869999885559082,3.799999952316284,3.8399999141693115,234415014.0
2024-11-15,3.8399999141693115,3.9600000381469727,3.8399999141693115,3.859999895095825,406779480.0
2024-11-18,3.890000104904175,3.9100000858306885,3.8299999237060547,3.880000114440918,371557228.0
2024-11-19,3.890000104904175,3.990000009536743,3.799999952316284,3.8299999237060547,584274859.0
2024-11-20,3.8499999046325684,3.890000104904175,3.7699999809265137,3.809999942779541,492878099.0
2024-11-21,3.8299999237060547,3.9200000762939453,3.819999933242798,3.9100000858306885,403519941.0
2024-11-22,3.9000000953674316,4.25,3.869999885559082,4.170000076293945,14281899.0
2024-11-25,4.199999809265137,4.389999866485596,4.119999885559082,4.230000019073486,17379120.0
2024-11-26,4.199999809265137,4.320000171661377,4.179999828338623,4.269999980926514,669655719.0
2024-11-27,4.300000190734863,4.369999885559082,4.260000228881836,4.309999942779541,559814111.0
2024-11-28,4.289999961853027,4.309999942779541,4.139999866485596,4.159999847412109,645001094.0
2024-11-29,4.179999828338623,4.199999809265137,4.039999961853027,4.050000190734863,558345504.0
2024-12-02,4.03000020980835,4.099999904632568,4.019999980926514,4.050000190734863,427752468.0
2024-12-03,4.070000171661377,4.269999980926514,4.059999942779541,4.239999771118164,652788536.0
2024-12-04,4.269999980926514,4.460000038146973,4.25,4.360000133514404,861515262.0
2024-12-05,4.369999885559082,4.389999866485596,4.260000228881836,4.289999961853027,610897604.0
2024-12-06,4.340000152587891,4.349999904632568,4.289999961853027,4.309999942779541,369303491.0
2024-12-09,4.340000152587891,4.46999979019165,4.329999923706055,4.460000038146973,705482433.0
2024-12-10,4.429999828338623,4.480000019073486,4.309999942779541,4.320000171661377,431815187.0
2024-12-11,4.329999923706055,4.349999904632568,4.230000019073486,4.239999771118164,435137959.0
2024-12-12,4.269999980926514,4.340000152587891,4.239999771118164,4.269999980926514,291434634.0
2024-12-13,4.25,4.329999923706055,4.230000019073486,4.320000171661377,270649888.0
2024-12-16,4.340000152587891,4.409999847412109,4.300000190734863,4.309999942779541,341409433.0
2024-12-17,4.309999942779541,4.340000152587891,4.230000019073486,4.260000228881836,400794338.0
2024-12-18,4.269999980926514,4.300000190734863,4.130000114440918,4.159999847412109,330160358.0
2024-12-19,4.139999866485596,4.199999809265137,4.110000133514404,4.119999885559082,305719278.0
2024-12-20,4.130000114440918,4.139999866485596,4.039999961853027,4.039999961853027,405675156.0
2024-12-23,4.059999942779541,4.119999885559082,4.050000190734863,4.050000190734863,398389949.0
2024-12-24,4.070000171661377,4.099999904632568,4.0,4.039999961853027,308636525.0
2024-12-25,4.090000152587891,4.170000076293945,4.079999923706055,4.150000095367432,261764439.0
2024-12-26,4.230000019073486,4.28000020980835,4.150000095367432,4.170000076293945,404832930.0
2024-12-27,4.179999828338623,4.239999771118164,4.159999847412109,4.179999828338623,423806919.0
2024-12-30,4.199999809265137,4.210000038146973,4.110000133514404,4.110000133514404,255040557.0
2024-12-31,4.110000133514404,4.150000095367432,4.070000171661377,4.070000171661377,372377490.0
2025-01-02,4.090000152587891,4.119999885559082,4.059999942779541,4.090000152587891,466640930.0
2025-01-03,4.099999904632568,4.329999923706055,4.099999904632568,4.269999980926514,269346413.0
2025-01-06,4.289999961853027,4.440000057220459,4.239999771118164,4.300000190734863,766360919.0
2025-01-07,4.289999961853027,4.320000171661377,4.159999847412109,4.170000076293945,935434534.0
2025-01-08,4.159999847412109,4.179999828338623,4.090000152587891,4.090000152587891,665294388.0
2025-01-09,4.110000133514404,4.139999866485596,4.079999923706055,4.110000133514404,544950281.0
2025-01-10,4.119999885559082,4.139999866485596,3.9700000286102295,3.990000009536743,808457234.0
2025-01-13,3.9800000190734863,4.0,3.8499999046325684,3.869999885559082,710973378.0
2025-01-14,3.890000104904175,3.9200000762939453,3.819999933242798,3.880000114440918,791781372.0
2025-01-15,3.890000104904175,3.950000047683716,3.880000114440918,3.9200000762939453,728192892.0
2025-01-16,3.9700000286102295,3.9800000190734863,3.869999885559082,3.940000057220459,522509963.0
2025-01-17,3.950000047683716,3.9600000381469727,3.890000104904175,3.9100000858306885,447572724.0
2025-01-20,3.9200000762939453,3.940000057220459,3.869999885559082,3.890000104904175,464860361.0
2025-01-21,3.880000114440918,3.940000057220459,3.8499999046325684,3.8499999046325684,606902647.0
2025-01-22,3.8499999046325684,3.880000114440918,3.8299999237060547,3.859999895095825,363761950.0
2025-01-23,3.880000114440918,3.940000057220459,3.859999895095825,3.869999885559082,549503707.0
2025-01-24,3.869999885559082,3.890000104904175,3.8299999237060547,3.8399999141693115,357382098.0
2025-01-27,3.819999933242798,3.819999933242798,3.7200000286102295,3.740000009536743,650023656.0
2025-01-28,3.75,3.7699999809265137,3.7100000381469727,3.740000009536743,416618508.0
2025-01-29,3.75,3.7699999809265137,3.6700000762939453,3.680000066757202,602716468.0
2025-01-30,3.690000057220459,3.740000009536743,3.680000066757202,3.690000057220459,625401734.0
2025-01-31,3.7100000381469727,3.7200000286102295,3.6500000953674316,3.6600000858306885,391969834.0
2025-02-03,3.640000104904175,3.640000104904175,3.5,3.509999990463257,1006532412.0
2025-02-04,3.5299999713897705,3.569999933242798,3.5,3.5299999713897705,486050330.0
2025-02-05,3.5399999618530273,3.5399999618530273,3.380000114440918,3.4600000381469727,25706656.0
2025-02-06,3.4800000190734863,3.5299999713897705,3.4600000381469727,3.5199999809265137,391621456.0
2025-02-07,3.5199999809265137,3.5899999141693115,3.490000009536743,3.5799999237060547,545803424.0
2025-02-10,3.5899999141693115,3.5899999141693115,3.4700000286102295,3.4800000190734863,523451038.0
2025-02-11,3.4800000190734863,3.5399999618530273,3.440000057220459,3.5299999713897705,669067610.0
2025-02-12,3.5799999237060547,3.5999999046325684,3.5,3.5199999809265137,495540851.0
2025-02-13,3.5299999713897705,3.5799999237060547,3.5199999809265137,3.5399999618530273,453170365.0
2025-02-14,3.549999952316284,3.559999942779541,3.5,3.5199999809265137,456047376.0
2025-02-17,3.5199999809265137,3.5399999618530273,3.4800000190734863,3.490000009536743,361056984.0
2025-02-18,3.4800000190734863,3.5399999618530273,3.4200000762939453,3.5199999809265137,743385678.0
2025-02-19,3.509999990463257,3.5299999713897705,3.450000047683716,3.4700000286102295,540149203.0
2025-02-20,3.4800000190734863,3.680000066757202,3.4700000286102295,3.640000104904175,194585073.0
2025-02-21,3.640000104904175,3.680000066757202,3.4700000286102295,3.509999990463257,848901809.0
2025-02-24,3.549999952316284,3.5899999141693115,3.509999990463257,3.5299999713897705,415449669.0
2025-02-25,3.5299999713897705,3.5399999618530273,3.450000047683716,3.4700000286102295,349421700.0
2025-02-26,3.4800000190734863,3.5299999713897705,3.4600000381469727,3.4800000190734863,354696317.0
2025-02-27,3.490000009536743,3.549999952316284,3.4800000190734863,3.5,425248595.0
2025-02-28,3.490000009536743,3.5299999713897705,3.4700000286102295,3.5299999713897705,349519221.0
2025-03-03,3.619999885559082,3.6500000953674316,3.569999933242798,3.569999933242798,576681754.0
2025-03-04,3.549999952316284,3.549999952316284,3.450000047683716,3.4700000286102295,349810805.0
2025-03-05,3.490000009536743,3.5299999713897705,3.4700000286102295,3.509999990463257,510865478.0
2025-03-06,3.5199999809265137,3.740000009536743,3.5,3.7300000190734863,110135955.0
2025-03-07,3.7100000381469727,3.7699999809265137,3.690000057220459,3.7300000190734863,600158700.0
2025-03-10,3.740000009536743,3.7799999713897705,3.6600000858306885,3.6600000858306885,478029779.0
2025-03-11,3.680000066757202,3.7899999618530273,3.6600000858306885,3.7899999618530273,780066683.0
2025-03-12,3.7899999618530273,3.8399999141693115,3.759999990463257,3.819999933242798,629096127.0
2025-03-13,3.8399999141693115,3.880000114440918,3.809999942779541,3.859999895095825,470048811.0
2025-03-14,3.890000104904175,3.9700000286102295,3.8499999046325684,3.950000047683716,491402374.0
2025-03-17,3.9600000381469727,4.019999980926514,3.930000066757202,4.010000228881836,417292124.0
2025-03-18,4.0,4.019999980926514,3.930000066757202,3.9700000286102295,600594891.0
2025-03-19,3.7100000381469727,3.7899999618530273,3.5799999237060547,3.5799999237060547,552408485.0
2025-03-20,3.5799999237060547,3.7300000190734863,3.5299999713897705,3.5999999046325684,605713780.0
2025-03-21,3.5899999141693115,3.5999999046325684,3.240000009536743,3.309999942779541,606573190.0
2025-03-24,3.309999942779541,3.4100000858306885,3.1600000858306885,3.3299999237060547,620851994.0
2025-03-25,3.369999885559082,3.4800000190734863,3.3299999237060547,3.440000057220459,664389556.0
2025-03-26,3.4000000953674316,3.4700000286102295,3.359999895095825,3.450000047683716,464464332.0
2025-03-27,3.490000009536743,3.759999990463257,3.490000009536743,3.700000047683716,672882566.0
2025-03-28,3.7200000286102295,3.819999933242798,3.700000047683716,3.740000009536743,444604023.0
2025-04-02,3.7200000286102295,3.7899999618530273,3.700000047683716,3.7200000286102295,306708232.0
2025-04-03,3.7300000190734863,3.7899999618530273,3.619999885559082,3.619999885559082,423621826.0
2025-04-04,3.619999885559082,3.619999885559082,3.509999990463257,3.5299999713897705,402698126.0
2025-04-07,3.4700000286102295,3.6500000953674316,3.380000114440918,3.609999895095825,460709539.0
2025-04-08,3.6600000858306885,3.7300000190734863,3.609999895095825,3.690000057220459,322083456.0
2025-04-09,3.6600000858306885,3.759999990463257,3.640000104904175,3.680000066757202,381312270.0
2025-04-10,3.799999952316284,3.950000047683716,3.740000009536743,3.8299999237060547,605140199.0
2025-04-11,3.8499999046325684,3.990000009536743,3.8299999237060547,3.990000009536743,643122646.0
2025-04-14,4.010000228881836,4.150000095367432,3.9700000286102295,4.079999923706055,680423604.0
2025-04-15,4.090000152587891,4.269999980926514,4.090000152587891,4.230000019073486,937143335.0
2025-04-16,4.239999771118164,4.289999961853027,4.199999809265137,4.21999979019165,631721749.0
2025-04-17,4.230000019073486,4.309999942779541,4.079999923706055,4.199999809265137,933692141.0
2025-04-18,4.21999979019165,4.289999961853027,4.199999809265137,4.230000019073486,515308438.0
2025-04-21,4.25,4.269999980926514,4.050000190734863,4.059999942779541,751229701.0
2025-04-22,4.090000152587891,4.130000114440918,4.059999942779541,4.090000152587891,539779688.0
2025-04-24,4.099999904632568,4.139999866485596,4.070000171661377,4.110000133514404,542000495.0
2025-04-25,4.110000133514404,4.179999828338623,4.059999942779541,4.179999828338623,786375887.0
2025-04-28,4.190000057220459,4.190000057220459,4.070000171661377,4.090000152587891,439363846.0
2025-04-29,4.090000152587891,4.150000095367432,4.070000171661377,4.130000114440918,518053095.0
2025-04-30,4.179999828338623,4.25,4.170000076293945,4.230000019073486,889464520.0
2025-05-02,4.239999771118164,4.239999771118164,4.130000114440918,4.130000114440918,437917578.0
2025-05-05,4.139999866485596,4.150000095367432,3.990000009536743,4.059999942779541,633455764.0
2025-05-06,4.070000171661377,4.090000152587891,3.990000009536743,3.990000009536743,333464365.0
2025-05-07,3.9800000190734863,3.9800000190734863,3.740000009536743,3.7799999713897705,598900814.0
2025-05-08,3.7799999713897705,3.8299999237060547,3.7799999713897705,3.819999933242798,173501269.0
2025-05-09,3.799999952316284,3.880000114440918,3.7699999809265137,3.7699999809265137,569237324.0
2025-05-12,3.8299999237060547,3.869999885559082,3.799999952316284,3.8399999141693115,597951951.0
2025-05-13,3.7799999713897705,3.8299999237060547,3.759999990463257,3.809999942779541,468040678.0
2025-05-14,3.809999942779541,3.8499999046325684,3.7899999618530273,3.7899999618530273,318479475.0
2025-05-15,3.809999942779541,3.8399999141693115,3.630000114440918,3.640000104904175,392866996.0
2025-05-16,3.630000114440918,3.6700000762939453,3.559999942779541,3.619999885559082,401164574.0
2025-05-20,3.619999885559082,3.619999885559082,3.5299999713897705,3.5399999618530273,308165880.0
2025-05-21,3.5199999809265137,3.700000047683716,3.509999990463257,3.680000066757202,742596906.0
2025-05-22,3.7100000381469727,3.759999990463257,3.6600000858306885,3.700000047683716,520998005.0
2025-05-23,3.680000066757202,3.700000047683716,3.609999895095825,3.6500000953674316,431751297.0
2025-05-26,3.6700000762939453,3.680000066757202,3.5999999046325684,3.609999895095825,283403168.0
2025-05-27,3.619999885559082,3.6500000953674316,3.549999952316284,3.569999933242798,344096816.0
2025-05-28,3.5799999237060547,3.5999999046325684,3.390000104904175,3.4000000953674316,516445960.0
2025-05-29,3.4200000762939453,3.430000066757202,3.240000009536743,3.299999952316284,735042771.0
2025-05-30,3.2799999713897705,3.3299999237060547,3.180000066757202,3.2799999713897705,583080000.0
2025-06-02,3.259999990463257,3.2799999713897705,3.200000047683716,3.200000047683716,312786924.0
2025-06-03,3.2300000190734863,3.309999942779541,3.2300000190734863,3.2899999618530273,284828863.0
2025-06-04,3.2699999809265137,3.3499999046325684,3.259999990463257,3.3299999237060547,281867137.0
2025-06-05,3.309999942779541,3.359999895095825,3.299999952316284,3.3399999141693115,102015229.0
2025-06-10,3.369999885559082,3.4000000953674316,3.3399999141693115,3.390000104904175,274395537.0
2025-06-11,3.380000114440918,3.390000104904175,3.3399999141693115,3.3499999046325684,326777505.0
2025-06-12,3.299999952316284,3.299999952316284,3.2200000286102295,3.240000009536743,232812076.0
2025-06-13,3.0999999046325684,3.119999885559082,3.0399999618530273,3.109999895095825,335020878.0
2025-06-16,3.109999895095825,3.1500000953674316,3.0799999237060547,3.0999999046325684,296200426.0
2025-06-17,3.0999999046325684,3.119999885559082,3.0299999713897705,3.0399999618530273,282945581.0
2025-06-18,3.0399999618530273,3.049999952316284,2.9200000762939453,2.930000066757202,361995682.0
2025-06-19,2.950000047683716,2.9700000286102295,2.8499999046325684,2.859999895095825,275010087.0
2025-06-20,2.890000104904175,2.9200000762939453,2.8399999141693115,2.8499999046325684,253143773.0
2025-06-23,2.819999933242798,2.819999933242798,2.759999990463257,2.7799999713897705,234361143.0
2025-06-24,2.880000114440918,2.930000066757202,2.859999895095825,2.880000114440918,433782607.0
2025-06-25,2.9000000953674316,2.930000066757202,2.869999885559082,2.880000114440918,324438072.0
2025-06-26,2.9000000953674316,2.9200000762939453,2.859999895095825,2.869999885559082,278380425.0
2025-06-27,2.880000114440918,2.9200000762939453,2.8299999237060547,2.9000000953674316,384519318.0
2025-06-30,2.9100000858306885,3.059999942779541,2.9000000953674316,3.059999942779541,558087462.0
2025-07-01,3.059999942779541,3.2200000286102295,3.049999952316284,3.1700000762939453,702171021.0
2025-07-02,3.180000066757202,3.2699999809265137,3.140000104904175,3.1600000858306885,560803830.0
2025-07-03,3.190000057220459,3.2200000286102295,3.180000066757202,3.200000047683716,246082292.0
2025-07-04,3.200000047683716,3.2100000381469727,3.1600000858306885,3.180000066757202,202265948.0
2025-07-07,3.109999895095825,3.140000104904175,3.059999942779541,3.0799999237060547,211230064.0
2025-07-08,3.0999999046325684,3.119999885559082,2.990000009536743,3.0,297246701.0
2025-07-09,3.0,3.0999999046325684,2.990000009536743,3.0799999237060547,291063532.0
2025-07-10,3.0999999046325684,3.3299999237060547,3.0999999046325684,3.240000009536743,673048485.0
2025-07-11,3.2799999713897705,3.3399999141693115,3.190000057220459,3.2300000190734863,455311183.0
2025-07-14,3.2100000381469727,3.309999942779541,3.190000057220459,3.190000057220459,688125289.0
2025-07-16,3.200000047683716,3.259999990463257,3.0899999141693115,3.140000104904175,637099803.0
2025-07-17,3.180000066757202,3.2300000190734863,3.1700000762939453,3.2100000381469727,528166300.0
2025-07-18,3.2100000381469727,3.2200000286102295,3.1600000858306885,3.1700000762939453,363641780.0
2025-07-21,3.190000057220459,3.25,3.190000057220459,3.2200000286102295,460098845.0
2025-07-22,3.2300000190734863,3.2699999809265137,3.200000047683716,3.2100000381469727,491210757.0
2025-07-23,3.2200000286102295,3.2699999809265137,3.2100000381469727,3.2300000190734863,512511986.0
2025-07-24,3.240000009536743,3.2799999713897705,3.2300000190734863,3.240000009536743,472143032.0
2025-07-25,3.240000009536743,3.259999990463257,3.119999885559082,3.119999885559082,579535212.0
2025-07-28,3.140000104904175,3.190000057220459,3.119999885559082,3.130000114440918,567107512.0
2025-07-29,3.140000104904175,3.1600000858306885,3.0799999237060547,3.0799999237060547,325566806.0
2025-07-30,3.0899999141693115,3.1500000953674316,3.0799999237060547,3.0999999046325684,317307806.0
2025-07-31,3.119999885559082,3.1600000858306885,3.0999999046325684,3.119999885559082,394355079.0
2025-08-01,3.130000114440918,3.1500000953674316,3.109999895095825,3.119999885559082,335027088.0
2025-08-04,3.1500000953674316,3.190000057220459,3.1500000953674316,3.180000066757202,416662442.0
2025-08-05,3.190000057220459,3.2100000381469727,3.140000104904175,3.1600000858306885,341184314.0
2025-08-06,3.1700000762939453,3.180000066757202,3.140000104904175,3.180000066757202,280126398.0
2025-08-07,3.190000057220459,3.25,3.1700000762939453,3.1700000762939453,540938527.0
2025-08-08,3.1500000953674316,3.4700000286102295,3.1500000953674316,3.390000104904175,665622395.0
2025-08-11,3.4200000762939453,3.490000009536743,3.380000114440918,3.4000000953674316,804084218.0
2025-08-12,3.4000000953674316,3.4100000858306885,3.309999942779541,3.309999942779541,537298923.0
2025-08-13,3.309999942779541,3.549999952316284,3.299999952316284,3.5,63001693.0
2025-08-14,3.5,3.640000104904175,3.490000009536743,3.549999952316284,67934426.0
2025-08-15,3.559999942779541,3.9000000953674316,3.549999952316284,3.9000000953674316,418481744.0
2025-08-18,4.130000114440918,4.289999961853027,4.070000171661377,4.289999961853027,501035899.0
2025-08-19,4.300000190734863,4.550000190734863,4.150000095367432,4.269999980926514,0.0
2025-08-20,4.039999961853027,4.110000133514404,3.890000104904175,3.9600000381469727,918406441.0
2025-08-21,3.9800000190734863,4.349999904632568,3.9800000190734863,4.349999904632568,0.0
2025-08-22,4.46999979019165,4.78000020980835,4.460000038146973,4.78000020980835,0.0
2025-08-25,4.929999828338623,5.25,4.929999828338623,5.25,0.0
2025-08-26,5.440000057220459,5.659999847412109,5.159999847412109,5.159999847412109,0.0
2025-08-27,5.099999904632568,5.210000038146973,4.880000114440918,4.889999866485596,0.0
2025-08-28,4.980000019073486,5.019999980926514,4.769999980926514,4.829999923706055,827495436.0
2025-08-29,4.900000095367432,4.909999847412109,4.590000152587891,4.690000057220459,0.0
2025-09-01,4.699999809265137,4.800000190734863,4.550000190734863,4.579999923706055,0.0
2025-09-02,4.610000133514404,4.760000228881836,4.400000095367432,4.619999885559082,0.0
2025-09-03,4.639999866485596,4.699999809265137,4.46999979019165,4.519999980926514,758060222.0
2025-09-04,4.550000190734863,4.630000114440918,4.420000076293945,4.429999828338623,910606641.0
2025-09-05,4.460000038146973,4.579999923706055,4.389999866485596,4.429999828338623,0.0
2025-09-08,4.360000133514404,4.420000076293945,3.990000009536743,3.990000009536743,0.0
2025-09-09,3.9200000762939453,4.050000190734863,3.869999885559082,3.9100000858306885,0.0
2025-09-10,3.940000057220459,4.019999980926514,3.9000000953674316,3.9200000762939453,401738105.0
2025-09-11,3.9200000762939453,3.990000009536743,3.7200000286102295,3.75,748426139.0
2025-09-12,3.759999990463257,3.7699999809265137,3.5899999141693115,3.5999999046325684,759308467.0
2025-09-15,3.609999895095825,3.9600000381469727,3.5299999713897705,3.9600000381469727,0.0
2025-09-16,4.059999942779541,4.210000038146973,4.0,4.03000020980835,0.0
2025-09-17,4.039999961853027,4.239999771118164,4.010000228881836,4.210000038146973,0.0
2025-09-18,4.239999771118164,4.260000228881836,4.03000020980835,4.03000020980835,677620149.0
2025-09-19,4.039999961853027,4.110000133514404,3.9700000286102295,4.070000171661377,0.0
2025-09-22,4.179999828338623,4.320000171661377,4.139999866485596,4.190000057220459,0.0
2025-09-23,4.130000114440918,4.130000114440918,3.990000009536743,4.010000228881836,473572058.0
2025-09-24,4.039999961853027,4.070000171661377,3.880000114440918,3.990000009536743,0.0
2025-09-25,4.110000133514404,4.159999847412109,4.050000190734863,4.070000171661377,903033614.0
2025-09-26,4.050000190734863,4.050000190734863,3.9200000762939453,3.940000057220459,244713434.0
2025-09-29,3.9100000858306885,3.950000047683716,3.7799999713897705,3.799999952316284,277458865.0
2025-09-30,3.819999933242798,3.819999933242798,3.7200000286102295,3.75,377239163.0
2025-10-01,3.490000009536743,3.5399999618530273,3.4100000858306885,3.5199999809265137,0.0
2025-10-02,3.5299999713897705,3.5399999618530273,3.369999885559082,3.380000114440918,0.0
2025-10-03,3.4000000953674316,3.4100000858306885,3.2799999713897705,3.3399999141693115,526706337.0
2025-10-06,3.3499999046325684,3.359999895095825,3.2100000381469727,3.2300000190734863,183346723.0
2025-10-07,3.25,3.299999952316284,3.200000047683716,3.2200000286102295,427338116.0
2025-10-08,3.2100000381469727,3.259999990463257,3.1600000858306885,3.1600000858306885,1049656570.0
2025-10-09,3.200000047683716,3.259999990463257,3.0999999046325684,3.109999895095825,451861850.0
2025-10-10,3.130000114440918,3.1500000953674316,3.069999933242798,3.119999885559082,518034837.0
2025-10-13,3.0799999237060547,3.0899999141693115,3.009999990463257,3.0199999809265137,241968169.0
2025-10-14,3.0199999809265137,3.0799999237060547,3.0,3.0799999237060547,532084565.0
2025-10-15,3.0999999046325684,3.140000104904175,3.0,3.130000114440918,778261101.0
2025-10-16,3.1700000762939453,3.200000047683716,3.049999952316284,3.059999942779541,832359870.0
2025-10-17,3.0399999618530273,3.0899999141693115,2.9800000190734863,3.0299999713897705,388967855.0
2025-10-20,3.049999952316284,3.140000104904175,3.0,3.109999895095825,416237578.0
2025-10-21,3.069999933242798,3.0899999141693115,3.009999990463257,3.009999990463257,165373224.0
2025-10-22,3.0299999713897705,3.059999942779541,3.0,3.009999990463257,934823374.0
2025-10-23,3.0199999809265137,3.299999952316284,3.009999990463257,3.130000114440918,0.0
2025-10-24,3.1500000953674316,3.25,3.119999885559082,3.1600000858306885,0.0
2025-10-27,3.1500000953674316,3.2200000286102295,3.140000104904175,3.1600000858306885,948903572.0
2025-10-28,3.1600000858306885,3.180000066757202,3.0999999046325684,3.0999999046325684,356280349.0
2025-10-30,3.119999885559082,3.1500000953674316,3.049999952316284,3.059999942779541,1014302708.0
2025-10-31,3.059999942779541,3.109999895095825,3.0399999618530273,3.069999933242798,224654889.0
2025-11-03,3.0899999141693115,3.190000057220459,3.0799999237060547,3.119999885559082,960715705.0
2025-11-04,3.049999952316284,3.069999933242798,3.0,3.0299999713897705,572318069.0
2025-11-05,3.0399999618530273,3.0399999618530273,3.0,3.009999990463257,911035578.0
2025-11-06,3.0299999713897705,3.0299999713897705,2.950000047683716,2.9700000286102295,1008389482.0
2025-11-07,2.9800000190734863,3.0,2.9100000858306885,2.930000066757202,1066545106.0
2025-11-10,2.950000047683716,2.9700000286102295,2.880000114440918,2.890000104904175,708374827.0
2025-11-11,2.890000104904175,2.940000057220459,2.7699999809265137,2.880000114440918,224581826.0
2025-11-12,2.9000000953674316,3.059999942779541,2.869999885559082,2.9600000381469727,915589425.0
2025-11-13,2.9700000286102295,2.9700000286102295,2.859999895095825,2.869999885559082,860941917.0
2025-11-14,2.859999895095825,2.9200000762939453,2.819999933242798,2.869999885559082,464594958.0
2025-11-17,2.9000000953674316,2.940000057220459,2.880000114440918,2.9000000953674316,934079441.0
2025-11-18,2.880000114440918,2.930000066757202,2.869999885559082,2.890000104904175,917422371.0
2025-11-19,2.9100000858306885,3.0,2.890000104904175,2.9700000286102295,186613136.0
2025-11-20,2.9800000190734863,3.130000114440918,2.940000057220459,3.0199999809265137,0.0
2025-11-21,3.0,3.1600000858306885,3.0,3.119999885559082,0.0
2025-11-24,3.119999885559082,3.2300000190734863,3.109999895095825,3.109999895095825,302400707.0
2025-11-25,3.119999885559082,3.130000114440918,2.9600000381469727,2.9600000381469727,151821801.0
2025-11-26,2.9700000286102295,2.990000009536743,2.9100000858306885,2.9100000858306885,824018773.0
2025-11-27,2.930000066757202,2.990000009536743,2.9200000762939453,2.930000066757202,845586514.0
2025-11-28,2.930000066757202,2.950000047683716,2.9000000953674316,2.9200000762939453,630273303.0
2025-12-01,2.930000066757202,2.9800000190734863,2.930000066757202,2.9700000286102295,634262849.0
2025-12-02,2.9800000190734863,3.0,2.950000047683716,2.9800000190734863,726099625.0
2025-12-03,2.990000009536743,3.0,2.940000057220459,2.950000047683716,852214950.0
2025-12-04,2.9600000381469727,2.9800000190734863,2.869999885559082,2.890000104904175,988806256.0
2025-12-05,2.9000000953674316,2.9100000858306885,2.869999885559082,2.880000114440918,585529242.0
2025-12-08,2.9000000953674316,2.9700000286102295,2.890000104904175,2.940000057220459,981976613.0
2025-12-09,2.950000047683716,2.9800000190734863,2.9100000858306885,2.9200000762939453,818010761.0
2025-12-10,2.9200000762939453,2.940000057220459,2.880000114440918,2.880000114440918,768624700.0
2025-12-11,2.890000104904175,2.9200000762939453,2.880000114440918,2.890000104904175,586487786.0
2025-12-12,2.890000104904175,2.9100000858306885,2.859999895095825,2.869999885559082,548364182.0
2025-12-15,2.890000104904175,2.930000066757202,2.880000114440918,2.9200000762939453,728426509.0
2025-12-16,2.9200000762939453,2.9200000762939453,2.869999885559082,2.880000114440918,477541543.0
2025-12-17,2.869999885559082,2.869999885559082,2.8399999141693115,2.8499999046325684,414914344.0
2025-12-18,2.8499999046325684,2.869999885559082,2.8299999237060547,2.8299999237060547,443893590.0
2025-12-19,2.8399999141693115,2.8499999046325684,2.8299999237060547,2.8499999046325684,352528933.0
2025-12-22,2.859999895095825,2.869999885559082,2.7799999713897705,2.7799999713897705,596171949.0
2025-12-23,2.7799999713897705,2.7899999618530273,2.7100000381469727,2.7100000381469727,718524845.0
2025-12-24,2.7300000190734863,2.9100000858306885,2.6600000858306885,2.8299999237060547,0.0
2025-12-25,2.8399999141693115,2.930000066757202,2.819999933242798,2.890000104904175,495020803.0
2025-12-26,2.9000000953674316,2.950000047683716,2.8399999141693115,2.859999895095825,322951687.0
2025-12-29,2.859999895095825,2.890000104904175,2.7699999809265137,2.7699999809265137,947400572.0
2025-12-30,2.7799999713897705,2.869999885559082,2.7300000190734863,2.819999933242798,921195341.0
2025-12-31,2.819999933242798,2.859999895095825,2.7799999713897705,2.7799999713897705,791165996.0
2026-01-02,2.7899999618530273,2.940000057220459,2.7799999713897705,2.890000104904175,439054402.0
2026-01-05,2.9100000858306885,2.940000057220459,2.859999895095825,2.890000104904175,314430019.0
2026-01-06,2.9100000858306885,2.950000047683716,2.890000104904175,2.930000066757202,1006465949.0
2026-01-07,2.940000057220459,2.950000047683716,2.809999942779541,2.809999942779541,301315231.0
2026-01-08,2.6700000762939453,2.6700000762939453,2.5299999713897705,2.5299999713897705,68325297.0
2026-01-09,2.369999885559082,2.4000000953674316,2.2899999618530273,2.359999895095825,0.0
2026-01-12,2.380000114440918,2.380000114440918,2.309999942779541,2.3399999141693115,0.0
2026-01-13,2.3499999046325684,2.380000114440918,2.3299999237060547,2.369999885559082,0.0
2026-01-14,2.369999885559082,2.380000114440918,2.319999933242798,2.319999933242798,960649945.0
2026-01-15,2.319999933242798,2.3499999046325684,2.309999942779541,2.3399999141693115,288533973.0
2026-01-16,2.3399999141693115,2.4200000762939453,2.319999933242798,2.390000104904175,0.0
2026-01-19,2.4100000858306885,2.440000057220459,2.390000104904175,2.4000000953674316,1064309506.0
2026-01-20,2.4200000762939453,2.440000057220459,2.369999885559082,2.380000114440918,385168790.0
2026-01-21,2.380000114440918,2.4100000858306885,2.3299999237060547,2.380000114440918,1069459086.0
2026-01-22,2.390000104904175,2.4200000762939453,2.369999885559082,2.390000104904175,673956491.0
2026-01-23,2.4000000953674316,2.440000057220459,2.390000104904175,2.4000000953674316,791821637.0
2026-01-26,2.390000104904175,2.5199999809265137,2.369999885559082,2.5,0.0
2026-01-27,2.5,2.5199999809265137,2.450000047683716,2.4700000286102295,974908478.0
2026-01-28,2.4800000190734863,2.619999885559082,2.4700000286102295,2.569999933242798,0.0
2026-01-29,2.5799999237060547,2.6600000858306885,2.549999952316284,2.5999999046325684,0.0
2026-01-30,2.609999895095825,2.6600000858306885,2.5399999618530273,2.549999952316284,0.0
2026-02-02,2.5199999809265137,2.569999933242798,2.450000047683716,2.5399999618530273,0.0
2026-02-03,2.549999952316284,2.619999885559082,2.5299999713897705,2.559999942779541,0.0
2026-02-04,2.569999933242798,2.609999895095825,2.559999942779541,2.559999942779541,1052274092.0
2026-02-05,2.559999942779541,2.559999942779541,2.490000009536743,2.490000009536743,0.0
2026-02-06,2.490000009536743,2.5,2.359999895095825,2.4200000762939453,0.0
2026-02-09,2.440000057220459,2.549999952316284,2.430000066757202,2.5299999713897705,0.0
2026-02-10,2.5399999618530273,2.5799999237060547,2.5,2.509999990463257,714663781.0
2026-02-11,2.5199999809265137,2.6700000762939453,2.5,2.5399999618530273,0.0
2026-02-12,2.549999952316284,2.7300000190734863,2.5399999618530273,2.7100000381469727,0.0
2026-02-13,2.7100000381469727,2.75,2.680000066757202,2.700000047683716,0.0
2026-02-16,2.7200000286102295,2.7899999618530273,2.7100000381469727,2.7699999809265137,0.0
2026-02-17,2.759999990463257,2.7799999713897705,2.619999885559082,2.640000104904175,0.0
2026-02-18,2.5999999046325684,2.6700000762939453,2.569999933242798,2.5999999046325684,0.0
2026-02-19,2.609999895095825,2.630000114440918,2.4800000190734863,2.5199999809265137,0.0
2026-02-20,2.5199999809265137,2.5299999713897705,2.390000104904175,2.4200000762939453,0.0
2026-02-23,2.440000057220459,2.490000009536743,2.4200000762939453,2.430000066757202,958704080.0
2026-02-24,2.440000057220459,2.450000047683716,2.390000104904175,2.4000000953674316,645601303.0
2026-02-25,2.4100000858306885,2.4200000762939453,2.359999895095825,2.369999885559082,490952443.0
2026-02-26,2.380000114440918,2.509999990463257,2.380000114440918,2.430000066757202,0.0
2026-02-27,2.450000047683716,2.4700000286102295,2.4000000953674316,2.4700000286102295,0.0
2026-03-02,2.3399999141693115,2.369999885559082,2.299999952316284,2.3499999046325684,389828839.0
2026-03-03,2.3399999141693115,2.390000104904175,2.2699999809265137,2.2799999713897705,572446141.0
2026-03-04,2.2899999618530273,2.3299999237060547,2.2699999809265137,2.2899999618530273,209238112.0
2026-03-05,2.309999942779541,2.3299999237060547,2.2799999713897705,2.2799999713897705,929766865.0
2026-03-06,2.2799999713897705,2.299999952316284,2.2200000286102295,2.2200000286102295,992706811.0
2026-03-09,2.1700000762939453,2.200000047683716,2.130000114440918,2.180000066757202,474062843.0
2026-03-10,2.2100000381469727,2.259999990463257,2.190000057220459,2.259999990463257,156278287.0
2026-03-11,2.25,2.2699999809265137,2.180000066757202,2.200000047683716,448070971.0
2026-03-12,2.200000047683716,2.4200000762939453,2.190000057220459,2.4200000762939453,0.0
2026-03-13,2.430000066757202,2.619999885559082,2.4000000953674316,2.4600000381469727,0.0
2026-03-16,2.490000009536743,2.559999942779541,2.450000047683716,2.4800000190734863,0.0
2026-03-17,2.5199999809265137,2.5399999618530273,2.450000047683716,2.4600000381469727,574100718.0
2026-03-18,2.4700000286102295,2.5,2.4000000953674316,2.4100000858306885,1060530263.0
2026-03-19,2.4000000953674316,2.450000047683716,2.4000000953674316,2.4200000762939453,450987250.0
2026-03-23,2.430000066757202,2.5,2.430000066757202,2.4600000381469727,0.0
2026-03-24,2.4600000381469727,2.490000009536743,2.3399999141693115,2.380000114440918,492073074.0
2026-03-25,2.4000000953674316,2.4100000858306885,2.3499999046325684,2.359999895095825,129382152.0
2026-03-26,2.369999885559082,2.450000047683716,2.369999885559082,2.390000104904175,0.0
2026-03-27,2.4000000953674316,2.4100000858306885,2.2899999618530273,2.3299999237060547,403767648.0
2026-03-30,2.3499999046325684,2.3499999046325684,2.309999942779541,2.3299999237060547,644639513.0
2026-03-31,2.3399999141693115,2.359999895095825,2.299999952316284,2.3399999141693115,26377962.0
2026-04-01,2.369999885559082,2.440000057220459,2.3499999046325684,2.4200000762939453,622514384.0
2026-04-02,2.380000114440918,2.5199999809265137,2.369999885559082,2.440000057220459,0.0
2026-04-03,2.450000047683716,2.490000009536743,2.359999895095825,2.369999885559082,375785149.0
2026-04-06,2.369999885559082,2.509999990463257,2.369999885559082,2.4800000190734863,962502657.0
2026-04-07,2.490000009536743,2.5199999809265137,2.4100000858306885,2.430000066757202,369007162.0
2026-04-08,2.5,2.5299999713897705,2.4600000381469727,2.4800000190734863,0.0
2026-04-09,2.490000009536743,2.509999990463257,2.430000066757202,2.450000047683716,857320618.0
2026-04-10,2.4700000286102295,2.640000104904175,2.450000047683716,2.619999885559082,0.0
2026-04-13,2.5999999046325684,2.6700000762939453,2.569999933242798,2.5999999046325684,0.0
2026-04-14,2.630000114440918,2.740000009536743,2.5899999141693115,2.7200000286102295,0.0
2026-04-15,2.7200000286102295,2.990000009536743,2.700000047683716,2.990000009536743,0.0
2026-04-16,3.009999990463257,3.190000057220459,3.0,3.059999942779541,0.0
2026-04-17,3.069999933242798,3.319999933242798,3.0299999713897705,3.140000104904175,0.0
2026-04-20,3.1600000858306885,3.2300000190734863,3.049999952316284,3.0799999237060547,0.0
2026-04-21,3.0899999141693115,3.119999885559082,2.940000057220459,3.0299999713897705,0.0
2026-04-22,3.0899999141693115,3.0999999046325684,2.9600000381469727,2.9700000286102295,0.0
2026-04-24,3.009999990463257,3.200000047683716,2.9800000190734863,3.1600000858306885,0.0
2026-04-27,3.200000047683716,3.4100000858306885,3.180000066757202,3.3299999237060547,0.0
2026-04-28,3.309999942779541,3.4700000286102295,3.1600000858306885,3.1600000858306885,0.0
2026-04-29,3.200000047683716,3.2899999618530273,3.1600000858306885,3.200000047683716,0.0
2026-04-30,3.2100000381469727,3.2200000286102295,3.0799999237060547,3.140000104904175,0.0
2026-05-04,3.2300000190734863,3.2699999809265137,3.119999885559082,3.119999885559082,0.0
2026-05-05,3.140000104904175,3.200000047683716,2.990000009536743,2.990000009536743,0.0
2026-05-06,3.009999990463257,3.1600000858306885,2.9600000381469727,3.0799999237060547,0.0
2026-05-07,3.109999895095825,3.369999885559082,3.109999895095825,3.3299999237060547,0.0
2026-05-08,3.3499999046325684,3.5799999237060547,3.3399999141693115,3.5199999809265137,0.0
2026-05-11,3.569999933242798,3.690000057220459,3.5199999809265137,3.5399999618530273,0.0
2026-05-12,3.549999952316284,3.640000104904175,3.2300000190734863,3.2300000190734863,0.0
2026-05-13,3.240000009536743,3.25,2.9100000858306885,2.9100000858306885,0.0
2026-05-14,2.930000066757202,3.0199999809265137,2.869999885559082,3.009999990463257,0.0
2026-05-15,2.9800000190734863,3.0199999809265137,2.8299999237060547,2.8299999237060547,0.0
2026-05-18,2.799999952316284,2.819999933242798,2.680000066757202,2.7100000381469727,0.0
2026-05-20,2.759999990463257,2.859999895095825,2.740000009536743,2.809999942779541,0.0
2026-05-21,2.819999933242798,2.8499999046325684,2.5299999713897705,2.5299999713897705,0.0
2026-05-22,2.440000057220459,2.6700000762939453,2.440000057220459,2.6500000953674316,0.0
2026-05-25,2.6700000762939453,2.7300000190734863,2.619999885559082,2.700000047683716,0.0
2026-05-26,2.700000047683716,2.7100000381469727,2.619999885559082,2.640000104904175,794323182.0
2026-05-27,2.640000104904175,2.640000104904175,2.640000104904175,2.640000104904175,0.0
2026-05-28,2.640000104904175,2.640000104904175,2.640000104904175,2.640000104904175,0.0
2026-05-29,2.640000104904175,2.640000104904175,2.640000104904175,2.640000104904175,0.0
2026-06-01,2.680000066757202,2.75,2.6600000858306885,2.690000057220459,0.0
2026-06-02,2.75,2.7899999618530273,2.7300000190734863,2.75,0.0
2026-06-03,2.7300000190734863,2.759999990463257,2.619999885559082,2.630000114440918,0.0
2026-06-04,2.6600000858306885,2.6700000762939453,2.559999942779541,2.5899999141693115,0.0
2026-06-05,2.5899999141693115,2.619999885559082,2.490000009536743,2.490000009536743,0.0
2026-06-08,2.5,2.619999885559082,2.5,2.5899999141693115,0.0
2026-06-09,2.5899999141693115,2.5999999046325684,2.4800000190734863,2.5,0.0
2026-06-10,2.4800000190734863,2.549999952316284,2.4700000286102295,2.5,0.0
2026-06-11,2.5,2.700000047683716,2.490000009536743,2.630000114440918,0.0
2026-06-12,2.6600000858306885,2.680000066757202,2.5799999237060547,2.5999999046325684,0.0
2026-06-15,2.6600000858306885,2.7100000381469727,2.6500000953674316,2.690000057220459,0.0
2026-06-16,2.680000066757202,2.740000009536743,2.6700000762939453,2.7100000381469727,0.0
2026-06-17,2.7300000190734863,2.7699999809265137,2.690000057220459,2.740000009536743,0.0
2026-06-18,2.75,2.809999942779541,2.740000009536743,2.7799999713897705,0.0
2026-06-19,2.759999990463257,2.7699999809265137,2.7100000381469727,2.7300000190734863,942317914.0
2026-06-22,2.740000009536743,2.7699999809265137,2.7100000381469727,2.740000009536743,0.0
2026-06-23,2.7200000286102295,2.75,2.640000104904175,2.640000104904175,0.0
2026-06-24,2.640000104904175,2.6500000953674316,2.5399999618530273,2.5399999618530273,1043631461.0
2026-06-25,2.569999933242798,2.5999999046325684,2.5,2.509999990463257,641243557.0
2026-06-26,2.509999990463257,2.5299999713897705,2.4700000286102295,2.5199999809265137,646953922.0
2026-06-29,2.5299999713897705,2.5399999618530273,2.450000047683716,2.450000047683716,750275395.0
2026-06-30,2.4700000286102295,2.4700000286102295,2.4200000762939453,2.450000047683716,0.0
2026-07-01,2.440000057220459,2.4600000381469727,2.4100000858306885,2.430000066757202,0.0
2026-07-02,2.440000057220459,2.4800000190734863,2.390000104904175,2.4000000953674316,774868849.0
2026-07-03,2.4200000762939453,2.430000066757202,2.369999885559082,2.4000000953674316,981504350.0
2026-07-06,2.4100000858306885,2.4200000762939453,2.319999933242798,2.3399999141693115,723722382.0
2026-07-07,2.3299999237060547,2.3499999046325684,2.2899999618530273,2.309999942779541,0.0
2026-07-08,2.299999952316284,2.319999933242798,2.2300000190734863,2.2300000190734863,0.0
2026-07-09,2.25,2.3399999141693115,2.2100000381469727,2.2799999713897705,0.0
2026-07-10,2.259999990463257,2.450000047683716,2.259999990463257,2.4200000762939453,0.0
2026-07-13,2.4800000190734863,2.569999933242798,2.4700000286102295,2.549999952316284,0.0
2026-07-14,2.5399999618530273,2.5999999046325684,2.5,2.5199999809265137,0.0
2026-07-16,2.5299999713897705,2.619999885559082,2.5199999809265137,2.5399999618530273,0.0
2026-07-17,2.5299999713897705,2.549999952316284,2.4100000858306885,2.430000066757202,1004617791.0
2026-07-20,2.440000057220459,2.609999895095825,2.4100000858306885,2.5399999618530273,0.0
2026-07-21,2.559999942779541,2.569999933242798,2.450000047683716,2.509999990463257,0.0
2026-07-22,2.5199999809265137,2.700000047683716,2.4700000286102295,2.640000104904175,0.0
2026-07-23,2.640000104904175,2.7200000286102295,2.630000114440918,2.6500000953674316,0.0
2026-07-24,2.6500000953674316,2.7200000286102295,2.5899999141693115,2.690000057220459,0.0
2026-07-27,2.7200000286102295,2.75,2.5299999713897705,2.569999933242798,0.0
2026-07-28,2.569999933242798,2.5899999141693115,2.5,2.549999952316284,0.0
2026-07-29,2.559999942779541,2.569999933242798,2.450000047683716,2.450000047683716,1053386483.0
2026-07-30,2.440000057220459,2.5,2.4000000953674316,2.4800000190734863,0.0
2026-07-31,2.490000009536743,2.5,2.4100000858306885,2.4700000286102295,553948707.0
2026-08-03,2.490000009536743,2.559999942779541,2.4700000286102295,2.5199999809265137,0.0
2026-08-04,2.5199999809265137,2.559999942779541,2.509999990463257,2.5199999809265137,766563513.0
2026-08-05,2.5199999809265137,2.5899999141693115,2.509999990463257,2.559999942779541,0.0
2026-08-06,2.569999933242798,2.609999895095825,2.5399999618530273,2.5799999237060547,1060165995.0
2026-08-07,2.5899999141693115,2.619999885559082,2.549999952316284,2.5799999237060547,1019304769.0
2026-08-10,2.5999999046325684,2.619999885559082,2.3299999237060547,2.3299999237060547,0.0
2026-08-11,2.3499999046325684,2.390000104904175,2.2899999618530273,2.359999895095825,0.0
2026-08-12,2.369999885559082,2.5199999809265137,2.319999933242798,2.490000009536743,0.0
2026-08-13,2.509999990463257,2.5299999713897705,2.430000066757202,2.450000047683716,0.0
2026-08-14,2.4600000381469727,2.4800000190734863,2.390000104904175,2.390000104904175,0.0
2026-08-17,2.4000000953674316,2.4200000762939453,2.3299999237060547,2.3399999141693115,0.0
2026-08-18,2.309999942779541,2.3499999046325684,2.2200000286102295,2.25,0.0
2026-08-19,2.259999990463257,2.299999952316284,2.240000009536743,2.2699999809265137,0.0
2026-08-20,2.2799999713897705,2.2899999618530273,2.240000009536743,2.2699999809265137,953430195.0
2026-08-21,2.2799999713897705,2.359999895095825,2.2699999809265137,2.319999933242798,0.0
2026-08-24,2.3399999141693115,2.390000104904175,2.319999933242798,2.3299999237060547,0.0
2026-08-25,2.3299999237060547,2.3399999141693115,2.2899999618530273,2.309999942779541,429999245.0
2026-08-26,2.3299999237060547,2.369999885559082,2.319999933242798,2.3399999141693115,669306265.0
2026-08-27,2.3499999046325684,2.4200000762939453,2.3299999237060547,2.380000114440918,0.0
2026-08-28,2.390000104904175,2.4200000762939453,2.369999885559082,2.390000104904175,987657549.0
2026-08-31,2.4000000953674316,2.4000000953674316,2.3299999237060547,2.3499999046325684,581237650.0
2026-09-01,2.3499999046325684,2.390000104904175,2.3299999237060547,2.359999895095825,0.0
2026-09-02,2.3499999046325684,2.3499999046325684,2.2699999809265137,2.2699999809265137,878502846.0
2026-09-03,2.2699999809265137,2.2899999618530273,2.2300000190734863,2.2300000190734863,745917193.0
2026-09-04,2.25,2.319999933242798,2.2300000190734863,2.2899999618530273,949430464.0
2026-09-08,2.5999999046325684,2.759999990463257,2.5799999237060547,2.759999990463257,0.0
2026-09-09,2.740000009536743,2.930000066757202,2.7100000381469727,2.7300000190734863,0.0
2026-09-10,2.7100000381469727,2.9100000858306885,2.619999885559082,2.7699999809265137,0.0
2026-09-11,2.7899999618530273,2.9000000953674316,2.680000066757202,2.819999933242798,0.0
2026-09-14,2.799999952316284,2.9600000381469727,2.7699999809265137,2.940000057220459,0.0
2026-09-15,2.950000047683716,3.059999942779541,2.799999952316284,2.799999952316284,0.0
2026-09-16,2.809999942779541,2.819999933242798,2.5199999809265137,2.5199999809265137,0.0
