Date,Open,High,Low,Close,Volume
2021-09-17,7.694636322705332,7.759141971779077,7.611699985997056,7.676205635070801,36325844.0
2021-09-20,7.593269378977955,7.657775907560103,7.519548385304271,7.556408882141113,60264831.0
2021-09-21,7.60248524664679,7.666990900849323,7.491903748518036,7.528764247894287,66373982.0
2021-09-22,7.565624279092098,7.5748396230718,7.4273976346908475,7.5379791259765625,62246507.0
2021-09-23,7.528764644220632,7.6024856468539275,7.455043641587336,7.593270301818848,75240581.0
2021-09-24,7.5656237370233885,7.584053544838746,7.473472061476074,7.5471930503845215,77116097.0
2021-09-27,7.584054066160778,7.611700098019445,7.4826879191497095,7.519548416137695,63342805.0
2021-09-28,7.519549049716391,7.537979739175093,7.362891704611996,7.390537738800049,80086986.0
2021-09-29,7.427398094315502,7.528764247894287,7.381322250389281,7.528764247894287,67935974.0
2021-09-30,7.537978585888598,7.602484231477613,7.519547899249732,7.5471930503845215,115373121.0
2021-10-01,7.491902748114941,7.630129382612402,7.491902748114941,7.5471930503845215,115494243.0
2021-10-04,7.556408486081494,7.602484324418431,7.501118183135986,7.501118183135986,59677765.0
2021-10-05,7.510333156604939,7.565624342120206,7.455042849913252,7.464258193969727,68594304.0
2021-10-06,7.445827113777136,7.445827113777136,7.27073954062993,7.289169788360596,95755951.0
2021-10-07,7.344461454565115,7.418182894164459,7.335246549247586,7.390537738800049,61522468.0
2021-10-08,7.390537738800049,7.445828049528869,7.372107049341347,7.390537738800049,57804095.0
2021-10-11,7.3997511403099825,7.501118160104713,7.3997511403099825,7.482687473297119,68168905.0
2021-10-12,7.445826978505449,7.501118160104713,7.427397170521373,7.482687473297119,51421979.0
2021-10-13,7.501118649058202,7.6024847966368725,7.47347261704473,7.491903305053711,76538562.0
2021-10-14,7.49190280515688,7.53797864328135,7.436611623642813,7.4734721183776855,56851433.0
2021-10-15,7.491903378987163,7.537979220640738,7.35367629343823,7.427397727966309,74732526.0
2021-10-18,7.418182269126627,7.537979104043473,7.408966925173737,7.519548416137695,112185457.0
2021-10-19,7.547194037329886,7.565624726378931,7.482688383305478,7.51033353805542,66054237.0
2021-10-20,7.528763760090584,7.56562425707857,7.491903263102598,7.519548416137695,52428314.0
2021-10-21,7.528763608688711,7.703850746154785,7.445827272427682,7.703850746154785,134571653.0
2021-10-22,7.713066460562065,7.915799639072887,7.694636650964861,7.869723796844482,129246873.0
2021-10-25,7.823648866608033,7.989521566436402,7.814433521323413,7.906585216522217,112945257.0
2021-10-26,7.943444175983002,8.063241004943848,7.934228832488277,8.063241004943848,76705165.0
2021-10-27,8.063241914921605,8.100102414236872,7.971090227221621,8.090887069702148,73880165.0
2021-10-28,8.072456395859108,8.072456395859108,7.943444222645672,7.980304718017578,46501729.0
2021-11-01,7.888154474518584,7.897368939892835,7.713066450053904,7.860508441925049,128122281.0
2021-11-02,7.878938604580718,7.9803047475223465,7.851293452655462,7.94344425201416,103586574.0
2021-11-03,7.961874862972452,8.118532187088672,7.814432003527431,8.063241004943848,149014713.0
2021-11-04,8.146178212439134,8.192254056030936,8.0724572142217,8.183038711547852,75397092.0
2021-11-05,8.192254133373883,8.192254133373883,8.109317789890364,8.11853313446045,38014187.0
2021-11-08,8.136963751842034,8.275190418808833,8.118533939697528,8.265975952148438,95171382.0
2021-11-09,8.27518920998993,8.69908537327646,8.238328712261692,8.560858726501465,218094037.0
2021-11-10,8.570073854831072,8.846528020243088,8.45949236443098,8.81888198852539,184440307.0
2021-11-11,8.791235990170286,8.91103281295531,8.643794017149787,8.726730346679688,139665578.0
2021-11-12,8.782021555362245,8.883388581414538,8.735945714322439,8.809667587280273,76923380.0
2021-11-15,8.911034338780572,9.224349024509355,8.87417383921387,9.159842491149902,141344934.0
2021-11-16,9.16905785637046,9.298070044555905,9.086121512452934,9.17827320098877,125071528.0
2021-11-17,9.196702676654333,9.620598846607402,9.196702676654333,9.602169036865234,186793894.0
2021-11-18,9.639029926019466,10.45917714515613,9.565308926414332,10.23801326751709,222175872.0
2021-11-19,10.459176101414132,10.486821253801383,10.191937284807905,10.367024421691895,120570981.0
2021-11-22,10.459176131911072,10.51446643684679,10.1090009782985,10.330163955688477,136296331.0
2021-11-23,10.403885356176346,11.141096188545442,10.36702485849907,11.012084007263184,280929646.0
2021-11-24,11.251677649322238,11.537347164619888,10.781705646166548,11.048944473266602,193692425.0
2021-11-25,11.048945506932654,11.196387511012782,10.855427656871571,10.984439849853516,98192110.0
2021-11-26,10.883072694127819,11.168741331140556,10.846212196486706,11.00286865234375,132574915.0
2021-11-29,11.104235463592392,11.334613789065996,11.039728934859756,11.325398445129395,118088113.0
2021-11-30,11.316182941160594,11.56499195098877,11.168740955554368,11.56499195098877,110856227.0
2021-12-01,11.647928942421542,12.311417914949592,11.647928942421542,11.952028274536133,188545667.0
2021-12-02,11.96124244493838,12.348278108776235,11.96124244493838,12.274557113647461,102334290.0
2021-12-03,12.320632067611545,12.394353057428747,12.18240543141017,12.210050582885742,92674745.0
2021-12-06,12.237696637630602,12.541795962778135,12.044178805370938,12.292987823486328,219535756.0
2021-12-07,12.486505651753511,13.518600463867188,12.449645154136007,13.518600463867188,364107057.0
2021-12-08,13.859561111989775,14.126799955338916,13.325083425291492,13.721334457397461,311215398.0
2021-12-09,13.739762909090146,14.864008481611256,13.65682657300734,14.191304206848145,315147756.0
2021-12-10,14.292671933447357,14.569126107713618,14.126799253122883,14.550695419311523,171920611.0
2021-12-13,14.817934902102548,15.223401276573368,14.790288868281607,14.873225212097168,160374896.0
2021-12-14,15.195753064168937,15.306335425951474,14.946944068393485,15.287904739379883,140131039.0
2021-12-15,15.555143843152402,15.59200521908966,14.817933900878694,14.956160545349121,174262939.0
2021-12-16,15.094387076468436,16.31999969482422,14.965375776951133,16.31999969482422,388241002.0
2021-12-17,16.817616991581044,17.34287926845073,14.688920974731445,14.688920974731445,249889448.0
2021-12-20,14.191303547228806,15.721015385314358,13.45409365814433,15.094386100769043,212211372.0
2021-12-21,14.375609073763634,14.375609073763634,13.59232234954834,13.59232234954834,142424977.0
2021-12-22,12.882756800039493,13.279007839875808,12.23769760131836,12.23769760131836,240668600.0
2021-12-23,12.283772827957632,12.477290665708876,11.316183639201409,11.878307342529297,234220869.0
2021-12-24,11.979672846867757,12.809034461659946,11.887521165747042,12.716883659362793,196305344.0
2021-12-27,12.753745306873109,13.039413962242056,12.403570117369524,12.486506462097168,112693990.0
2021-12-28,12.726098271360147,12.919616087525567,12.191619781950907,12.357492446899414,112427341.0
2021-12-29,12.34827779470403,12.882755435205265,12.265342336411269,12.762959480285645,105231417.0
2021-12-30,12.993337070984692,13.113133019146895,12.4127836227417,12.4127836227417,97252376.0
2021-12-31,12.412783668559635,12.72609831278285,12.320631992438626,12.32984733581543,80066454.0
2022-01-03,12.37592284039003,12.790603614113413,12.283771166752171,12.772172927856445,74767648.0
2022-01-04,13.08548831212918,13.36194247003249,12.772173658426995,13.140779495239258,109298150.0
2022-01-05,13.14078125364573,13.389589413875981,12.89197221459182,13.279007911682129,94910676.0
2022-01-06,13.140780042909148,13.813484338980828,13.103919545574035,13.684473037719727,150046155.0
2022-01-07,13.748979581645983,13.877991770112814,13.435664894529133,13.69368839263916,117626428.0
2022-01-10,13.776623746023237,14.071508601480936,13.730547904968262,13.730547904968262,127544599.0
2022-01-11,13.841130423795649,14.016217567098124,13.500169723618294,13.601536750793457,107501386.0
2022-01-12,13.776623542700074,14.320316525712796,13.712117893469264,13.997786521911621,231766190.0
2022-01-13,13.850345632272607,14.191305471922686,13.748979478481596,13.868776321411133,135953188.0
2022-01-14,13.86877626733265,14.06229410841445,13.730548735803579,13.887206077575684,99064447.0
2022-01-17,13.914850326159879,14.007001123201073,13.748977661132812,13.748977661132812,70938576.0
2022-01-18,13.748978178033148,13.877990353329317,13.067058563232422,13.067058563232422,78196477.0
2022-01-19,12.974906854234671,13.26979082129615,12.541795368495466,13.10391902923584,211124648.0
2022-01-20,13.214500792519743,13.269791098085278,12.560226317837188,12.70766830444336,137682126.0
2022-01-21,12.698453824577195,12.974908007685485,12.541796483443285,12.827466011047363,126036572.0
2022-01-24,12.716883199828649,12.799819534075613,12.016532909324871,12.025748252868652,82223914.0
2022-01-25,12.081038314929538,12.504934442409004,11.776939014653346,12.311416625976562,75575020.0
2022-01-26,12.339062656055136,12.48650463451347,12.237695636747397,12.311416625976562,47253443.0
2022-01-27,12.21926652532563,12.726099014282227,12.071824538463398,12.726099014282227,61246010.0
2022-01-28,12.818249994369008,12.956477518086382,12.468074831304666,12.495720863342285,53226288.0
2022-01-31,12.652377131048867,12.873540989973872,12.569441672628498,12.716883659362793,44995847.0
2022-02-01,12.735313239036714,13.122348886658754,12.70766808672758,13.02098274230957,91283129.0
2022-02-02,13.2329315018022,13.269792000961731,12.753745012728302,12.827466011047363,100568802.0
2022-02-03,12.799821151591093,12.919617996328396,12.33906446205853,12.486506462097168,66651093.0
2022-02-04,12.670808122513032,12.68923881070837,12.256127305177321,12.33906364440918,50503888.0
2022-02-07,12.32063260984937,12.744528759365947,12.154759936048759,12.735313415527344,90476203.0
2022-02-08,12.69845272112389,13.067058559512194,12.597086576949465,13.002552032470703,132211933.0
2022-02-09,13.26979079112354,13.325081974233619,13.076272968473576,13.140779495239258,194015445.0
2022-02-10,13.149996037810972,13.19607100264267,12.827466011047363,12.827466011047363,125314899.0
2022-02-11,12.744529690899423,12.855111188574691,12.47729085181162,12.781390190124512,109692588.0
2022-02-14,12.514150809262064,12.5325814974885,12.237696637630602,12.292987823486328,100558239.0
2022-02-15,12.302202139098773,12.606301438822697,12.302202139098773,12.4127836227417,86943189.0
2022-02-16,12.477289268494195,12.569440944275055,12.385137592713335,12.4127836227417,72336175.0
2022-02-17,12.449645331787133,12.486505829930621,12.044178973385181,12.053394317626953,87313836.0
2022-02-18,12.163975663050689,12.283772500255429,12.071824858232603,12.246912002563477,56876088.0
2022-02-21,12.34827820489373,12.412784735251206,12.117899873617178,12.163975715637207,69019896.0
2022-02-22,11.905952431738006,12.081039579782562,11.776940247667971,11.952028274536133,72731009.0
2022-02-23,12.007316696068667,12.210049845229845,11.8506593824655,11.859874725341797,73439229.0
2022-02-24,10.781705824146574,11.196386648378443,10.680339673857237,10.81856632232666,83971310.0
2022-02-25,11.030514480434896,11.59263727875868,11.021299136489366,11.334613800048828,81550011.0
2022-02-28,10.938363653654127,11.43598084090396,10.901503153814273,11.40833568572998,83870669.0
2022-03-01,11.537347024962227,11.620282484376736,11.224032359984388,11.251677513122559,60441872.0
2022-03-02,11.224032443100604,11.40833493009249,11.067375109451605,11.131880760192871,59304219.0
2022-03-03,11.23324773304424,11.537347957436463,11.15952673283511,11.27932357788086,100623429.0
2022-03-04,11.168741310978387,11.288538147801642,11.095020315829242,11.11345100402832,62060327.0
2022-03-07,11.067375099888054,11.288538084087206,10.883072613055427,11.187171936035156,67247245.0
2022-03-08,11.058160098502517,11.979673440044394,11.030514944326871,11.896737098693848,186828292.0
2022-03-09,12.07182502746582,12.532581694486293,11.933597500065519,12.07182502746582,153382348.0
2022-03-10,12.200836245530002,12.375924269901203,11.988888602034288,12.127115249633789,103076185.0
2022-03-11,12.145546597407982,12.652378252004718,12.145546597407982,12.4680757522583,169548031.0
2022-03-14,12.578655166840822,12.901185147046379,12.569440702498788,12.753743171691895,100151464.0
2022-03-15,12.753744301023298,12.781389454144342,12.385138451173908,12.52336597442627,95252981.0
2022-03-16,12.624732205580592,12.661592702927928,12.366708724149246,12.403569221496582,52046817.0
2022-03-17,12.495721672268763,12.744529824949229,12.486506327659656,12.63394832611084,84744619.0
2022-03-18,12.652376242801163,12.707667423356641,12.551010103743536,12.587870597839355,43072861.0
2022-03-21,12.652376943429118,12.993337631225586,12.624731791032275,12.993337631225586,104384646.0
2022-03-22,13.01176821136785,13.223716735839844,13.002552867081327,13.223716735839844,83924391.0
2022-03-23,13.30665131325058,13.30665131325058,13.011767346276155,13.039412498474121,66757832.0
2022-03-24,13.057844085979735,13.408019260313377,13.039413397361521,13.186856269836426,133293051.0
2022-03-25,13.232930272607168,13.343511759813945,13.113133441760608,13.12234878540039,56202717.0
2022-03-28,13.140779502537761,13.288221485815141,13.085488319396973,13.085488319396973,56789211.0
2022-03-29,13.168425931111742,13.970142452010519,13.159210586557776,13.914852142333984,184622912.0
2022-03-30,14.099154595049242,14.292672435957073,13.896421409616368,13.942497253417969,91219237.0
2022-03-31,13.97014139130268,14.255810899020236,13.960926047448407,14.016217231750488,92108296.0
2022-04-01,13.960925926839364,14.228164744539686,13.850344438014082,14.16365909576416,102675710.0
2022-04-04,14.32031679221009,15.0667429594693,14.32031679221009,14.993021965026855,169380357.0
2022-04-05,15.020667026910369,15.499854394732456,14.854796098954024,15.24183177947998,177547546.0
2022-04-06,15.2694761053312,15.370843137453699,14.965376766610955,15.02066707611084,99461599.0
2022-04-07,15.094386938004485,15.472209004469708,15.075958007990446,15.370841979980469,110051500.0
2022-04-08,15.472209748122307,15.711801668644553,15.38927340730799,15.573575019836426,92623917.0
2022-04-11,15.53671527283476,15.886889564116931,15.435348244305652,15.721016883850098,136637245.0
2022-04-12,15.831599182714461,16.006687206362265,15.601220851784733,15.914535522460938,164535578.0
2022-04-13,16.071191846666295,16.587238783340144,15.80395215593078,15.99747085571289,187975675.0
2022-04-14,16.135700370002652,16.209421374095772,15.850031698847726,15.988258361816406,109503712.0
2022-04-15,15.98825543083055,16.135697411987557,15.914534440252048,16.05276107788086,74200466.0
2022-04-18,16.108053706756465,16.67017743959497,16.108053706756465,16.65174674987793,129412668.0
2022-04-19,16.725467800682694,16.753113835340212,16.264711102274646,16.559595108032227,124627717.0
2022-04-20,16.633315053468483,17.001921794910952,16.412152063191325,16.734682083129883,157147221.0
2022-04-21,16.7346782713432,16.928196942285975,16.67938797577961,16.845260620117188,80184987.0
2022-04-22,16.771540793484,17.287587688740558,16.227847869721096,16.430580139160156,171136743.0
2022-04-25,16.310787934865292,16.670177599559644,16.05276354929272,16.522735595703125,128581900.0
2022-04-26,16.64253185155147,16.76232958027918,16.14491551937117,16.22785186767578,120131522.0
2022-04-27,16.200202770123745,16.504302070542654,15.969824458968604,16.42136573791504,125672091.0
2022-04-28,16.495087713917084,16.808402376442363,16.27392473289579,16.31999969482422,84766805.0
2022-04-29,16.393723237510983,16.734682190593404,16.31078689591856,16.69782257080078,93196075.0
2022-05-05,16.909770544911893,17.47189250055445,16.826834201716768,17.33366584777832,175235260.0
2022-05-06,17.315234636026695,18.35654382462914,17.250727232755676,17.868141174316406,283485271.0
2022-05-09,17.932647933729815,18.199887633795406,17.74834632873535,17.74834632873535,147828782.0
2022-05-10,17.94186199383241,18.10773465681173,17.803635360565316,18.089303970336914,40605304.0
2022-05-11,18.52241898055471,18.651430289155527,17.969510610248385,18.39340591430664,168565413.0
2022-05-12,18.07087801870584,18.25517964087686,17.573259947784774,18.061662673950195,192621936.0
2022-05-13,18.34732825122715,18.4855548840662,18.09851925752866,18.16302490234375,108310936.0
2022-05-16,18.135381876474657,18.227533557248243,17.76677691102743,17.785205841064453,79425120.0
2022-05-17,18.01558660800481,18.614571735462413,17.923436672378124,18.347332000732422,146053339.0
2022-05-18,18.347332000732422,18.614571735462413,18.26439565255052,18.347332000732422,115136055.0
2022-05-20,18.319685415732007,18.50398879674965,17.895790100097656,17.895790100097656,94718457.0
2022-05-23,17.969508297360672,17.98793898411633,17.435030684975825,17.831281661987305,108705715.0
2022-05-24,18.107735525525698,18.485555828150197,18.02479919005719,18.264392852783203,115258327.0
2022-05-25,18.356543845949474,19.40706837909649,18.236747897886772,19.388639450073242,152055067.0
2022-05-26,19.333347377536093,19.609802404469942,19.001603805921306,19.259626388549805,129672064.0
2022-05-27,19.296488088998725,19.443930069470877,18.66985879316855,18.798870086669922,92616986.0
2022-05-30,19.001605561842418,19.48079115571089,18.983174873480927,19.40707015991211,117456007.0
2022-05-31,19.45224159708769,19.75295228043508,19.038763511296498,19.715362548828125,132212361.0
2022-06-01,19.715362401063,20.053662813481807,19.583801926178815,19.69656753540039,84817248.0
2022-06-02,19.73415770959919,19.865718187435853,19.489829827633187,19.752952575683594,81176460.0
2022-06-03,19.790541186986285,19.922103461664058,19.452242547873652,19.56500816345215,57572442.0
2022-06-06,19.65898123889312,20.561113357543945,19.64018637166026,20.561113357543945,124778498.0
2022-06-07,20.617497515022094,21.72636956458843,20.429552431497335,21.688779830932617,136027689.0
2022-06-08,21.83913359039103,22.12105119514783,20.297990470277792,20.54231834411621,172301267.0
2022-06-09,20.579907052039523,21.61360139003852,20.33557916906688,21.576011657714844,159658298.0
2022-06-10,21.049769270370128,21.519630199585432,20.71147062015161,20.880619049072266,94926888.0
2022-06-13,20.861823739440823,21.20012235342159,20.485933602431285,20.824234008789062,100589883.0
2022-06-14,20.937002041167148,20.993384846471887,20.222813268591207,20.617496490478516,99588879.0
2022-06-15,20.730261172377134,20.861823435363654,20.185222632510076,20.485933303833008,100046135.0
2022-06-16,20.50472948148948,20.636289960520823,19.69656815629214,19.79054069519043,86816475.0
2022-06-17,19.809334896790556,20.71146873061723,19.809334896790556,20.579906463623047,97453584.0
2022-06-20,20.711469810876064,21.106151255313105,20.410757322331396,21.049768447875977,92714085.0
2022-06-21,21.482038962534084,21.519626899070214,21.124943707367752,21.256505966186523,89422987.0
2022-06-22,21.01217937563234,21.16253471562015,20.843029170051796,20.86182403564453,79881911.0
2022-06-23,20.76785138605066,20.993384394794287,20.260400772094727,20.260400772094727,76806887.0
2022-06-24,20.391962382048597,20.673878185813447,19.959689451581927,20.448345184326172,86195342.0
2022-06-27,19.508623622033483,20.749056037429064,19.489828756981552,20.485933303833008,86175470.0
2022-06-28,20.467141827966852,20.824235329928364,19.790540972326117,20.128841400146484,86630756.0
2022-06-29,20.12884276856058,20.297992993970063,19.28309343389042,19.433448791503906,91638275.0
2022-06-30,19.88451210054607,20.41075577904933,19.54621169674833,20.204017639160156,164923100.0
2022-07-01,20.07245811985945,20.241608329782753,19.771747432163398,20.05366325378418,91945567.0
2022-07-04,20.11004525054729,20.65508379816217,19.903307109168203,19.922101974487305,83387919.0
2022-07-05,19.997280308341683,20.072457979740907,19.64018502491256,19.73415756225586,83023372.0
2022-07-06,19.959690862309525,20.091251341048068,19.35826948250237,20.072458267211914,93234070.0
2022-07-07,20.053663726450527,20.373169287752624,19.922103245576885,20.128841400146484,57734259.0
2022-07-08,20.110047149749118,20.56111320574438,20.072459207938103,20.222814559936523,29569533.0
2022-07-13,20.241609026431703,20.279196967498823,19.43344768115152,19.56500816345215,59376737.0
2022-07-14,19.50862635956477,19.69656965932609,19.113943099975586,19.113943099975586,62617575.0
2022-07-18,19.54621234663331,19.58380207825042,19.17032399234749,19.41465187072754,77791715.0
2022-07-19,19.35827027261773,19.94089680999177,19.320680538656998,19.903308868408203,90242533.0
2022-07-20,20.20401957058541,20.467142331179044,19.77174838429997,19.903308868408203,91449815.0
2022-07-21,19.903306664001555,20.072456863336157,19.790539266986162,19.8657169342041,76215107.0
2022-07-22,19.94089537865116,20.297990656137465,19.489829357762492,19.67777442932129,98015064.0
2022-07-25,19.621391559707018,20.03486967810881,19.621391559707018,19.959692001342773,85388462.0
2022-07-26,20.016075611439398,20.053665347514553,19.677776948649342,19.77174949645996,57934892.0
2022-07-27,19.8657169342041,19.959689466320764,19.771746194464406,19.8657169342041,52918297.0
2022-07-28,19.997281735914388,20.373170119744564,19.922104059148356,19.959692001342773,91334960.0
2022-07-29,20.03486930546662,20.63629070840865,19.92210368860357,20.504730224609375,88010912.0
2022-08-01,20.767851180365124,21.726367802315135,20.74905631506171,21.70757293701172,143583952.0
2022-08-02,21.707573416767854,21.707573416767854,21.200122796622633,21.482040405273438,112755080.0
2022-08-03,21.951901915791687,22.32779027892981,21.745161971782895,21.876724243164062,125212806.0
2022-08-04,22.12105116401158,22.666089714921807,22.027078629224917,22.327789306640625,116813425.0
2022-08-05,22.496939207259988,22.55332201042048,21.89551606816575,21.98948860168457,81482877.0
2022-08-08,22.083462225677973,22.647295662255807,22.083462225677973,22.4593505859375,86976280.0
2022-08-09,22.4593486629488,22.4593486629488,22.02707753375604,22.15863800048828,59287638.0
2022-08-10,22.083462834358215,22.572118612352824,22.083462834358215,22.55332374572754,69355342.0
2022-08-11,22.74126833740199,23.19233437243052,22.647295798676772,22.77885627746582,81739943.0
2022-08-12,22.89162161597944,23.023182082892493,22.44055382929181,22.760059356689453,82496313.0
2022-08-15,22.81644471656448,22.910415457585902,22.139843909997474,22.271406173706055,55475846.0
2022-08-16,22.365378047778346,22.4593505859375,21.35047857888908,22.4593505859375,97576427.0
2022-08-17,22.590913138264817,22.854034097541916,22.252612713620426,22.797651290893555,128475400.0
2022-08-18,22.835239007601093,24.132056094454967,22.628500856996705,23.962905883789062,224423881.0
2022-08-19,23.944112280788207,24.48915088147758,23.774962061198888,24.169645309448242,151109063.0
2022-08-22,24.05687957077199,24.32000054003509,23.7373740003435,23.850139617919922,111505461.0
2022-08-23,23.868932216454848,24.47035535841906,23.868932216454848,24.075672149658203,125099526.0
2022-08-24,24.16964375956429,24.301206028795736,22.966801017176685,23.023183822631836,110434455.0
2022-08-25,23.21113093311553,23.624607265887832,23.004390974352155,23.34269142150879,114619388.0
2022-08-26,23.43666191151611,23.77496053662409,22.64729546563571,23.023183822631836,133753951.0
2022-08-29,22.929211277919073,23.455454977544512,22.722473129731917,23.323894500732422,86005432.0
2022-08-31,23.587017064401284,23.680989600987953,23.192333844638917,23.286306381225586,92058536.0
2022-09-01,23.023184022515334,23.117156560674488,22.421762646100092,22.4593505859375,107590848.0
2022-09-02,22.609706500029834,23.493045513191426,22.478146018716643,23.455455780029297,106523714.0
2022-09-05,23.49304451302699,24.4703560251099,23.38027711071856,24.188438415527344,200164965.0
2022-09-06,24.52673962288113,25.184543815082602,23.79375596512589,24.00049591064453,224172979.0
2022-09-07,23.98169976598787,24.883831796022477,23.718577027705933,24.69588851928711,206405250.0
2022-09-08,24.977805830761042,25.22213371833082,24.169644494366946,24.338794708251953,132320490.0
2022-09-09,24.583122547316663,25.29731134210135,24.47035693320057,24.620712280273438,216726439.0
2022-09-12,24.902629205158778,26.406184534511727,24.677096174612416,26.312211990356445,239475320.0
2022-09-13,26.55653871811947,26.594126658699125,24.620712280273438,24.620712280273438,160059693.0
2022-09-14,24.526737993265435,24.940216064453125,24.01928738875641,24.940216064453125,115471852.0
2022-09-15,25.146954866118424,25.973909237895143,24.865037258729945,25.052982330322266,119640901.0
2022-09-16,25.034187930991283,25.560433424301163,24.97780512541418,25.428871154785156,81894244.0
2022-09-19,25.59802159959765,25.93632202092946,23.962905883789062,23.962905883789062,64313776.0
2022-09-20,24.451562896529694,25.97391128540039,23.83134662071168,25.97391128540039,84819813.0
2022-09-21,25.710789559737446,25.89873284824521,24.959011028575006,25.240928649902344,71732906.0
2022-09-22,25.240926897646613,26.2558263207398,25.1281594984687,25.861143112182617,122347072.0
2022-09-23,25.917527547991394,26.10547262766658,25.37248896778589,25.522844314575195,62686961.0
2022-09-26,25.522842544766828,25.861142947772848,24.733476132670784,24.940216064453125,60518106.0
2022-09-27,24.977806384300084,25.372489627986063,24.865038975085305,25.015396118164062,60340363.0
2022-09-28,24.808654609200744,25.10936529172558,24.395176524540567,24.470355987548828,51684051.0
2022-09-29,24.545533512587546,24.808654462047542,22.966800646319395,24.150850296020508,60852731.0
2022-09-30,24.094463960072016,24.28240901815876,23.60581003532492,23.887725830078125,43359126.0
2022-10-03,23.9441094522289,25.729580395816253,23.925314587299873,25.504047393798828,80196820.0
2022-10-04,25.748376666339638,26.237032426908083,25.391283175079355,25.71078872680664,86549862.0
2022-10-05,25.823552753110935,26.669301953039955,25.334897022529024,26.650508880615234,104686011.0
2022-10-06,26.970017091921363,27.92853199112484,26.782072009988134,27.6842041015625,166438698.0
2022-10-07,27.684204051197028,28.435982585185105,27.101577524542837,27.966121673583984,144523661.0
2022-10-10,28.041299151899075,28.586337733854634,27.87214893812371,28.229244232177734,78255830.0
2022-10-11,28.266830288964318,28.398390760965256,27.627819209456327,27.64661407470703,62702717.0
2022-10-12,27.609024858715657,27.684202528742457,26.631715148367235,26.83845329284668,81161962.0
2022-10-13,26.857247498195935,27.2331358390892,26.575331690620235,26.72568702697754,66291227.0
2022-10-14,27.25193180974465,27.759382434818818,27.195549004417654,27.496259689331055,80753152.0
2022-10-17,27.62782037472161,29.394498350507547,27.590232435011842,29.319320678710938,127119335.0
2022-10-18,29.563646138617706,29.751591210298077,28.8494591679372,29.2253475189209,86086672.0
2022-10-19,29.33811249582914,29.582440366797854,28.811868815791833,28.830663681030273,77931585.0
2022-10-20,28.849460711043914,29.883153283445214,28.811870977746416,29.469676971435547,100177945.0
2022-10-21,29.488468138499115,30.183862028133035,29.018607256932114,30.071096420288086,112712273.0
2022-10-24,30.221452558240564,31.029613869469213,29.93953673879558,30.503368377685547,95947233.0
2022-10-25,30.578544710748826,32.02571697642557,30.54095498273686,31.781387329101562,130509261.0
2022-10-26,31.89415594525117,32.119690749902524,31.27393971340258,31.95054054260254,85762348.0
2022-10-27,31.96933301736579,32.23245394915152,31.104787179742363,31.29273223876953,77777380.0
2022-10-28,31.179967868888333,31.349118070218967,30.33421686223517,30.57854652404785,45468187.0
2022-10-31,30.710107298106365,31.33032351418607,30.428191488025412,31.217557907104492,74154386.0
2022-11-01,31.2175582695533,32.10089544066394,30.879257859626744,30.992023468017578,104505228.0
2022-11-02,31.067203891154072,31.518269923424842,30.446987648687493,30.8416690826416,68964372.0
2022-11-03,30.78528134088932,31.255142191288908,30.559750140159647,30.954431533813477,54986356.0
2022-11-04,31.02961521491227,31.856571427927925,31.01082034816711,31.612241744995117,90027010.0
2022-11-07,31.818979766199377,32.98423275575045,31.762595169380813,32.81508255004883,90375448.0
2022-11-08,32.96544341082675,33.3413299907626,32.30763741499615,32.514373779296875,81908348.0
2022-11-09,32.49558052687562,32.98423269268593,32.06330578826793,32.17607498168945,82075155.0
2022-11-10,32.23245294903333,33.64203547086937,32.2136580852384,33.49168014526367,80776058.0
2022-11-11,33.73601557852283,34.26225751606244,32.890264486399396,33.190975189208984,76876469.0
2022-11-14,33.172176820331515,33.999132958136514,32.852671284230986,33.82998275756836,55983286.0
2022-11-15,34.09310688801509,34.67573700436852,33.2473593908075,33.717220306396484,90767711.0
2022-11-16,33.754805899121536,34.45020162002851,32.777497935210825,33.040618896484375,116646582.0
2022-11-17,33.04061993989215,33.07820967404808,31.405502351652817,31.98813247680664,74002860.0
2022-11-18,31.856568067671144,32.83387594205228,31.856568067671144,32.57075500488281,55763717.0
2022-11-21,32.73990796519493,33.58565902709961,32.36401780773636,33.58565902709961,57817210.0
2022-11-22,33.773598618033894,35.089210510253906,33.6420381457627,35.089210510253906,88390747.0
2022-11-23,35.1643857578369,36.386026886518586,34.6193490132093,36.17928695678711,100985056.0
2022-11-24,36.29205463172998,36.93106573757074,35.634248659864014,35.89737319946289,82629063.0
2022-11-25,35.89737588823519,37.55128479003906,35.67184106379381,37.55128479003906,70307308.0
2022-11-28,37.68284363962299,38.22788401722883,37.438517543121435,37.889583587646484,72788034.0
2022-11-29,37.98355342989993,38.096322626906854,36.27326004092422,36.53638458251953,182622524.0
2022-11-30,36.91227231692632,37.513693714266616,36.611561618256175,36.74312210083008,126277561.0
2022-12-01,37.175399052465615,37.81441022089736,36.987453958558426,37.081424713134766,123277366.0
2022-12-02,37.156600076311484,37.438515893624476,36.085317819669655,36.44240951538086,68798604.0
2022-12-05,36.649148643274856,36.98744905046573,36.0289324250096,36.310848236083984,73662377.0
2022-12-06,36.27325753867079,38.20908560336612,36.141697069325716,37.92716979980469,134592664.0
2022-12-07,38.02114300891247,38.07752760718855,36.12290455066752,36.5175895690918,75482333.0
2022-12-08,36.51758912640115,36.818299810719864,35.67183808628343,36.461204528808594,66040083.0
2022-12-09,36.480002933141776,37.38213507360249,36.480002933141776,37.006248474121094,60862947.0
2022-12-12,37.23177630818657,38.434622636764736,37.23177630818657,37.6640510559082,86211920.0
2022-12-13,37.79561092760617,39.20519358973266,37.720431464944134,38.79171371459961,143659163.0
2022-12-14,38.942068918729625,39.1488088555718,36.96865463256836,36.96865463256836,110441061.0
2022-12-15,37.87078329525009,38.26546826813406,36.16049011051164,37.0626220703125,79422917.0
2022-12-16,37.08142119312889,37.758022033065686,36.93106584922673,37.11901092529297,27091074.0
2022-12-19,37.30695667912749,38.52859431862071,37.25057207985701,38.415828704833984,97834801.0
2022-12-20,39.374346745877524,39.693852316620244,38.71654073731847,39.22399139404297,100758770.0
2022-12-21,39.336756978694545,39.562288213879796,38.641361236572266,38.641361236572266,83371846.0
2022-12-22,38.86689393348764,39.1488097544473,37.96476187251505,38.28426742553711,57015178.0
2022-12-23,38.28426552423234,38.86689200324799,38.002346132519435,38.58497619628906,62863577.0
2022-12-26,39.03604206858955,39.46831321007321,38.90448159811661,39.1676025390625,49856045.0
2022-12-27,39.20519583438319,39.411932199032094,38.491005237219944,38.528594970703125,45093249.0
2022-12-28,38.52859146697623,39.26157327947061,37.7204301943522,39.1676025390625,81914737.0
2022-12-29,39.01725148351087,40.48321885406124,38.923277148040384,40.44562911987305,98903998.0
2022-12-30,40.6899543368122,41.197404983043114,40.2200934239512,40.33285903930664,80634004.0
2023-01-02,40.8778947517675,42.40024293189535,40.85909988722841,41.96797180175781,85563830.0
2023-01-03,42.13712670147891,43.84742013315801,42.061947234930514,43.32117462158203,115407088.0
2023-01-04,43.80982734846386,43.86621194444789,41.87400282148118,42.2498893737793,67681520.0
2023-01-05,42.47542728578231,42.55060316784961,40.35165394987834,40.915489196777344,53147247.0
2023-01-06,39.44951846457224,41.81761769452242,38.058730710745124,40.95307540893555,91879460.0
2023-01-09,41.27257855123089,41.94917937494093,39.017248446787555,39.35554885864258,75614635.0
2023-01-10,39.26157198209155,39.71263797370238,37.5324838885398,38.37823486328125,79324731.0
2023-01-11,38.39703318233443,39.09242530435062,35.89737334678827,35.916168212890625,75570773.0
2023-01-12,36.83709415423068,37.870786668824145,34.99524034270766,37.57007598876953,75234477.0
2023-01-13,37.5888695991058,38.39703086904721,36.96865339411071,37.38212966918945,77554163.0
2023-01-16,37.53248822136309,39.09242630004883,37.4009277400499,39.09242630004883,67397445.0
2023-01-17,39.18640199191062,41.12222671508789,39.01725177156929,41.12222671508789,81985379.0
2023-01-18,40.97186926351694,41.49811476482099,40.332858149345675,40.765132904052734,71554302.0
2023-01-19,40.68995168360822,42.02435845319519,40.408035871224904,41.686058044433594,83501008.0
2023-01-20,41.72365526690262,42.11833675815416,41.0658491967287,41.66727066040039,59217229.0
2023-01-23,41.68605971636822,41.81762019510676,39.75023151345401,40.14491653442383,87443608.0
2023-01-24,40.50200682918144,40.72754163114005,39.13001390613259,39.938175201416016,83452923.0
2023-01-25,40.18250180602473,40.59598168419298,37.66405072917886,39.43072509765625,86722803.0
2023-01-26,39.280373920256274,39.69385384225922,38.45341766100486,38.86689758300781,63753881.0
2023-01-27,38.66015662952953,39.71264410580464,37.8144091089485,39.317962646484375,105517444.0
2023-01-30,39.31795837424472,39.54349317274597,38.02114134855902,38.05873107910156,47399097.0
2023-01-31,37.964762276314936,38.64135953686371,37.06262662099292,37.15660095214844,80546022.0
2023-02-01,37.4761105980935,37.927176682599324,35.9725533983195,35.99134826660156,91321770.0
2023-02-02,36.179287705741835,37.889581019596584,35.50268689243525,37.476104736328125,152239235.0
2023-02-03,37.47610822933847,40.76513469096398,37.32575287734005,40.44562911987305,114739398.0
2023-02-06,38.52859332141688,40.1637108103981,37.58887153308964,40.06973648071289,30797114.0
2023-02-07,39.430725384520905,39.46831511640133,36.31084933352856,36.47999954223633,63046319.0
2023-02-08,34.318641662597656,34.318641662597656,34.318641662597656,34.318641662597656,2500.0
2023-02-15,38.71653882296172,40.126121520996094,38.05873284692817,40.126121520996094,26081928.0
2023-02-16,44.11053985120232,44.12933471730879,40.97186890650571,42.53180694580078,91437491.0
2023-02-17,41.72365104385957,43.0580543332257,41.29137627393771,42.193511962890625,48177337.0
2023-02-20,42.34386379597249,45.632889955961694,41.892797781344456,44.636783599853516,114083556.0
2023-02-21,44.561610912745415,46.741769025345356,43.885013580322266,43.885013580322266,96670800.0
2023-02-22,43.60309115479738,44.2608935198525,42.47542432437513,42.8701057434082,63075567.0
2023-02-23,42.663370193513934,43.339967436650326,42.118329841101236,43.00166702270508,43582133.0
2023-02-24,43.02045813385722,43.772238359126014,41.8176155090332,41.8176155090332,47490140.0
2023-02-27,41.81762107667384,43.28358840942383,40.78392850643304,43.28358840942383,59802516.0
2023-02-28,43.54670851795173,44.74955127932065,42.94528713726727,44.3548698425293,81255761.0
2023-03-01,44.48642820390782,45.802040100097656,44.44883847321576,45.802040100097656,60083594.0
2023-03-02,45.726862490715796,46.02757317892342,44.787140693878435,44.918701171875,40809569.0
2023-03-03,44.636784112662895,45.332179800341436,42.475424756790034,44.12933349609375,59447725.0
2023-03-06,44.37366340243112,47.314989979796984,44.09174400187492,47.12704849243164,74211271.0
2023-03-07,47.17403338019868,47.314989494276276,45.87721633911133,45.87721633911133,58304992.0
2023-03-08,45.87721678236629,46.23431206070365,45.1066452134174,45.93360137939453,47206254.0
2023-03-09,46.47863800001547,46.66658307143599,45.29459014414817,45.313385009765625,42196910.0
2023-03-10,45.06905764675215,45.67047903825693,44.44884138866856,44.48643112182617,38561600.0
2023-03-13,44.937498367474696,45.55771464214827,43.26479462951508,43.45273971557617,51938727.0
2023-03-14,43.828627164236615,44.411253716196505,43.32117649732586,43.62188720703125,50136848.0
2023-03-15,43.69706412665459,44.11054043218024,42.58819210504732,43.20840835571289,50831334.0
2023-03-16,43.509116482029306,44.63678330348932,43.15202121187027,44.59919357299805,50974663.0
2023-03-17,44.69316643520015,44.93749250588192,43.18960952758789,43.18960952758789,45252213.0
2023-03-20,43.13323064311365,43.15202192391535,41.592083930327476,41.74243927001953,43294672.0
2023-03-21,41.76123488697069,42.38145112245402,41.08463763855968,41.23499298095703,45116361.0
2023-03-22,41.385348009214034,42.400245666503906,41.04704759519937,42.400245666503906,39164467.0
2023-03-23,42.21230052081139,42.964080810546875,41.892798557854135,42.964080810546875,37619413.0
2023-03-24,42.9452846828215,43.039255423899924,42.13712340443266,42.174713134765625,34671857.0
2023-03-27,42.30627621510681,42.45663156095676,41.38534927368164,41.38534927368164,33457771.0
2023-03-28,41.44172944683565,41.573293508444166,39.46831512451172,39.46831512451172,42150527.0
2023-03-29,39.28036831640508,40.5020058708266,39.092423250012395,40.38924026489258,55037268.0
2023-03-30,40.426833014203154,41.53570504550136,40.22009306725643,40.25768280029297,50970603.0
2023-03-31,39.938177926784135,40.78392901090011,39.67505696050552,39.76902770996094,45370803.0
2023-04-03,39.562286644411074,40.238887492634206,38.69774430257415,40.201297760009766,51225237.0
2023-04-04,40.20129607702131,42.38145029141001,39.95696999469933,42.3062744140625,57842294.0
2023-04-05,42.287478942058456,42.38144968358365,41.009456782693384,41.02825164794922,40826166.0
2023-04-06,41.084641066382,41.31017230641775,39.46831831218994,40.57719039916992,30017254.0
2023-04-07,40.577188065167455,40.70874854508001,40.12612202628688,40.2200927734375,22933260.0
2023-04-10,40.408036078346775,41.81761873224259,40.408036078346775,41.74243927001953,35231676.0
2023-04-11,41.78003071225491,41.93038605810485,41.12222472987858,41.38534927368164,34166677.0
2023-04-12,41.38534766012797,42.24988996886936,41.38534766012797,41.72364807128906,41723777.0
2023-04-13,42.28747635744931,42.64457160597661,41.8176155090332,41.8176155090332,45162460.0
2023-04-14,41.855205565215385,42.19350595228643,41.253784248090774,41.2913703918457,27024629.0
2023-04-17,41.404144018224,41.5544993636317,40.464422213237334,40.765132904052734,30923957.0
2023-04-18,40.68995046971964,41.047045733287575,39.67505285846596,39.7314338684082,36892117.0
2023-04-19,39.78782044983451,40.40803668344608,39.39313543676127,40.01335525512695,26951973.0
2023-04-20,39.86299655507485,39.900586286963,39.449520258567645,39.46831512451172,10368834.0
2023-04-24,39.562289192486055,40.05094499381387,39.242783614108426,39.37434768676758,25878141.0
2023-04-25,39.48711008840225,39.656260297564344,38.05873253589686,38.30305862426758,29733332.0
2023-04-26,38.30305798044368,38.584977380811246,36.79950457400241,36.987449645996094,46233317.0
2023-04-27,36.837093411528535,37.269364557297415,36.216877198326316,36.273258209228516,44589629.0
2023-04-28,36.36723767360493,36.72433299370644,33.94275348914584,34.63814926147461,47454394.0
2023-05-02,34.69452550269146,35.50268678622234,34.262254355373926,34.487789154052734,48466032.0
2023-05-03,34.48778930553326,35.10800552368164,33.1533825423934,35.10800552368164,51089311.0
2023-05-04,34.88247422373492,36.04773090022022,34.84488807398073,35.07041931152344,37551380.0
2023-05-05,35.10800618791692,35.22077179750812,34.35622948271879,34.61935043334961,25905534.0
2023-05-08,34.97644747860464,36.19808513432784,34.76970752995381,36.08531951904297,50608571.0
2023-05-09,35.9913435111579,36.743120219337285,35.201977071381016,35.239566802978516,65974089.0
2023-05-10,35.40872026070668,35.446309995754675,34.52538299560547,34.52538299560547,61829418.0
2023-05-11,34.35623164458532,37.96476364135742,34.33743677767844,37.96476364135742,112656767.0
2023-05-12,38.15270181404606,38.97965796206768,36.98744884546261,37.45730972290039,78918388.0
2023-05-15,34.48779223644074,36.78071223496338,34.074312332699996,34.39381790161133,61160059.0
2023-05-16,34.48778980042821,35.80339813232422,34.48778980042821,35.80339813232422,51007255.0
2023-05-17,35.916168401413465,36.63035539328075,35.653043859353566,36.573970794677734,41520667.0
2023-05-18,36.555182018174996,36.94986348117911,35.03283001436202,35.12680435180664,35498052.0
2023-05-22,35.31474582446079,35.540277041716635,34.20587384948305,34.58176040649414,35183981.0
2023-05-23,34.58175781229672,34.73211314077286,34.11189696271455,34.16828155517578,26606896.0
2023-05-24,34.168284644071946,34.61935067027784,33.3789182020231,33.4728889465332,31326584.0
2023-05-25,33.604453191208,33.867577757900925,33.17218198237935,33.435306549072266,25575245.0
2023-05-26,33.51047809723073,35.559071837868416,33.378917623295955,35.14559555053711,41638068.0
2023-05-29,35.78460572107257,37.720430218867975,35.52148119520171,37.40092468261719,60025278.0
2023-05-30,38.02113981744044,39.59987258911133,37.889579350593515,39.59987258911133,76208881.0
2023-05-31,40.2165484209689,40.235654107601846,38.4970767084117,38.55439376831055,68429851.0
2023-06-01,39.16576295999639,39.949077927673336,38.74544876691327,39.08934020996094,45468130.0
2023-06-02,40.12102181900653,40.292969346896655,39.24218213782317,39.815338134765625,54867744.0
2023-06-05,40.50312880665839,41.47749328613281,40.08281100198462,41.47749328613281,90731826.0
2023-06-06,41.43928588559941,41.66854683174514,40.560442541275364,40.96165466308594,71238915.0
2023-06-07,43.06323343477607,43.99939020804897,42.833968841059175,43.69370651245117,117108816.0
2023-06-08,43.27338677322712,43.464439985487196,42.31812435596366,42.98680877685547,61908136.0
2023-06-09,43.311601083912095,43.46444293528568,42.45186339241245,42.9103889465332,46044273.0
2023-06-12,43.15875912978678,43.598178995935015,42.35633850097656,42.35633850097656,65442669.0
2023-06-13,42.43276129437396,42.547395425627585,40.59865892276583,40.90434265136719,50780185.0
2023-06-14,40.9234414723225,41.55391451226434,39.738914489746094,39.738914489746094,46166478.0
2023-06-15,39.89176113616487,40.388498082658195,39.50965831550353,40.36939239501953,39317744.0
2023-06-16,40.503130240759894,41.210022428861535,40.33118270440281,40.35028839111328,50090585.0
2023-06-19,40.31207363291933,40.331179318025605,38.382443165627656,38.63080978393555,37496941.0
2023-06-20,38.45886662954112,38.97470925388094,38.00034106702926,38.325130462646484,35811410.0
2023-06-21,38.420661705377036,39.24218809806464,37.82839628867259,37.866607666015625,40431189.0
2023-06-22,38.019445622396674,41.26733948187319,37.50360301341444,41.248233795166016,77171995.0
2023-06-23,41.59212513751139,42.642912303903024,41.32464919163747,41.97422790527344,66018661.0
2023-06-26,42.12707456314596,42.8339704126757,41.99333839691966,42.604705810546875,53327678.0
2023-06-27,42.585604278266786,42.719340446097405,42.088867337726434,42.470970153808594,16930266.0
2023-07-03,43.21607331045825,44.343279609013166,43.21607331045825,44.2286491394043,75335018.0
2023-07-04,44.24775427202873,44.61075500596333,43.40712233598326,43.464439392089844,53836786.0
2023-07-05,43.52175958825123,44.20954609096898,42.43275730787694,44.11402130126953,72380646.0
2023-07-06,44.28597033747994,45.413180385479016,44.28597033747994,44.61075973510742,92398223.0
2023-07-07,44.53433367756013,45.279440854440395,44.266861361982954,44.477020263671875,70073928.0
2023-07-10,44.99286373039618,45.24123402899517,44.629866592501294,44.72539138793945,58415669.0
2023-07-11,45.355860032503756,45.37496571851178,44.457914654348635,45.20301818847656,77864086.0
2023-07-12,45.22212715557392,45.27944421775663,44.49612925477927,44.61075973510742,60588367.0
2023-07-13,44.610756789039165,46.19649229766708,44.55343973064164,45.75707244873047,105605838.0
2023-07-14,45.9672297110312,47.18996816853058,45.489598469017885,47.01802062988281,104696553.0
2023-07-17,47.40012067035524,49.72140866257078,47.056225613132646,49.33930587768555,119245367.0
2023-07-18,49.43483266287846,50.00798868541293,46.769649505615234,46.769649505615234,89285116.0
2023-07-19,46.75054425632609,47.72491241897922,45.77617609367295,47.705806732177734,84612780.0
2023-07-20,47.954179158602905,48.47957281498244,46.521285380820174,47.72491455078125,94236299.0
2023-07-21,47.68670117597582,47.70580686282964,46.34933589254317,46.463966369628906,64121479.0
2023-07-24,46.5403893545405,46.86517874463845,45.45139070657595,45.77617645263672,66281938.0
2023-07-25,45.81438904193048,46.29202029627264,44.992862701416016,44.992862701416016,47726694.0
2023-07-26,44.992860084621036,46.52128219604492,44.9355466696172,46.52128219604492,56721464.0
2023-07-27,46.712338218282696,47.18996947350424,46.34933744398387,46.78875732421875,56965890.0
2023-07-28,47.285492554656386,48.09746420151542,46.903386106700864,47.705806732177734,91913448.0
2023-07-31,47.95417982955334,51.67970151749165,47.85865138994218,51.01102066040039,139732384.0
2023-08-01,50.81996810274214,51.44088657032453,49.72141471881092,49.91246795654297,80827217.0
2023-08-02,49.769170876890335,52.061802154136835,49.578121307150596,51.202064514160156,88956416.0
2023-08-03,51.44088298118848,52.49167389338021,50.24680488372322,50.29457092285156,73061150.0
2023-08-04,50.724435549386804,52.826013705979605,50.29457035438767,52.39614486694336,80341973.0
2023-08-07,51.15430577752434,52.109568270639784,50.53338734342164,50.81996536254883,82395846.0
2023-08-08,51.10654567934938,51.29759891536938,49.004967371204174,49.148258209228516,68144493.0
2023-08-09,49.291543335970296,50.294571871999786,48.57509646397052,49.578125,72847479.0
2023-08-10,49.72140985468868,50.43785669306759,47.572069339551966,47.76312255859375,81301337.0
2023-08-11,47.76312049460296,49.721407706074295,47.41922544399591,49.43482971191406,63365158.0
2023-08-14,49.76917489838282,50.39009698232015,48.479571978251144,48.718387603759766,68454170.0
2023-08-15,48.76615000005404,49.38707208399137,47.49565276724752,48.718387603759766,46451346.0
2023-08-16,48.766150642761275,49.29154429699716,48.19299459160164,48.24075698852539,53519552.0
2023-08-17,48.33628192311414,49.76917569922271,48.00194149963707,49.24378204345703,74404667.0
2023-08-18,49.387071381493364,49.53035856833802,46.998915160377024,47.22817611694336,63925820.0
2023-08-21,47.15175428243786,49.004962090860474,46.80785922346444,48.47956848144531,80106045.0
2023-08-22,48.718384039367066,49.81693729394798,47.68669886351331,47.858646392822266,84897435.0
2023-08-23,48.24075555957147,49.816940119627795,47.81088671191637,48.1929931640625,117013589.0
2023-08-24,48.52733247537184,49.24377932385874,46.15828200032628,46.215599060058594,127589334.0
2023-08-25,46.3493380861088,49.48259799767851,45.96723161902293,49.004966735839844,97812519.0
2023-08-28,50.6289126031738,52.682728439974056,50.15128135220046,50.963253021240234,230782360.0
2023-08-29,50.96325205973246,52.20509620406345,49.673649164049884,50.055755615234375,119532427.0
2023-08-31,50.29456794425255,50.62890833412729,48.95719909667969,48.95719909667969,61504267.0
2023-09-01,49.19601505583047,49.816937091819824,48.86167466355127,49.33930587768555,54115950.0
2023-09-04,49.67364979198508,50.72443707996987,49.38707177199261,49.578125,82529191.0
2023-09-05,49.57812331762439,51.58417303353594,49.38707009610017,51.39311981201172,124334282.0
2023-09-06,52.15732987134709,53.06482995477932,51.3453582221924,51.918514251708984,133401953.0
2023-09-07,52.205095122268,52.73048874873156,51.249832658138935,52.014041900634766,77504596.0
2023-09-08,52.20509429771843,52.587197090912696,51.440881423255796,51.4886474609375,70597818.0
2023-09-11,51.6796983229073,52.634960795745044,51.20206708648843,52.15732955932617,113806982.0
2023-09-12,52.39614645757043,52.63496208161412,50.772203129303136,51.82299041748047,101909308.0
2023-09-13,52.20509939487524,54.49772730999762,52.1573333525298,52.778255462646484,185567699.0
2023-09-14,52.87377771454186,54.21114666702612,52.061806050271784,54.06785583496094,145857351.0
2023-09-15,54.25890623978095,54.40219706439028,52.061803341339186,52.10956573486328,83233870.0
2023-09-18,52.06180352862796,52.06180352862796,49.625885009765625,49.625885009765625,84779737.0
2023-09-19,49.673646451213834,50.2945684894688,49.10049044977616,49.72140884399414,75694083.0
2023-09-20,50.007985634076384,50.29456727189439,48.57509202113394,48.813907623291016,56149215.0
2023-09-21,48.336277350283325,50.86772423953705,48.09746174352494,50.581146240234375,77968287.0
2023-09-22,51.34535714387831,52.39614439060331,50.19904146488199,52.25285720825195,71728362.0
2023-09-25,52.34838517397898,53.446938525539245,51.966282353811685,52.730491638183594,72023618.0
2023-09-26,52.96930218654845,52.96930218654845,51.202064514160156,51.202064514160156,63791860.0
2023-09-27,51.727461165314466,52.587195151319456,51.20206392249057,51.67969512939453,64460449.0
2023-09-28,51.67969668788616,52.348381126524444,50.91548746260113,51.10654067993164,63053437.0
2023-09-29,51.34535573708814,52.39614295502305,51.20206491462565,52.20509338378906,92617501.0
2023-10-02,52.20509501246656,54.020091504072084,51.77522617570519,53.255882263183594,124970114.0
2023-10-03,53.351406138669496,54.87982823832457,53.16035656474502,53.972328186035156,89265313.0
2023-10-04,54.02009491752696,54.06785731484357,51.82299184462675,51.87075424194336,62235500.0
2023-10-05,51.96627825246993,52.73048747652803,50.62890937734046,52.34838104248047,99157255.0
2023-10-06,52.061802510861995,52.77824933440597,51.44088047284242,51.584171295166016,39891061.0
2023-10-09,50.67667628794324,51.631938814177936,50.007991790771484,50.007991790771484,65247400.0
2023-10-10,50.58115020688392,51.24983468705404,50.39009697768713,50.963253021240234,58866678.0
2023-10-11,52.157327058417565,52.44390870175721,50.34233063347598,50.581146240234375,66205902.0
2023-10-12,51.05877917484468,51.29759478965308,48.76614781506914,49.76917266845703,67780727.0
2023-10-13,49.769174583970155,50.19904343597747,49.33930937600007,49.578125,47260538.0
2023-10-16,50.15128183771791,50.53338829981068,49.3393101608174,49.48259735107422,57327372.0
2023-10-17,49.578126877050856,50.43786096957819,49.43483603961095,50.390098571777344,47558876.0
2023-10-18,49.53035364152157,50.007984838234556,48.76614445558817,48.9094352722168,50807828.0
2023-10-19,49.052724483709675,49.48259330742644,47.95417487203015,48.47956848144531,38836689.0
2023-10-20,47.76312362868412,48.0497016416488,46.559494516617626,47.32370376586914,36340652.0
2023-10-23,47.85864877823708,48.2885176229354,46.94159767223878,47.81088638305664,45722513.0
2023-10-24,48.00193726487935,48.90943730516208,47.81088404944557,48.47956848144531,53776129.0
2023-10-25,48.67062492817953,49.243780968496395,45.27944379422405,45.298545837402344,52315159.0
2023-10-26,45.48959716384258,47.09443838248463,45.41317806221239,46.903385162353516,55196066.0
2023-10-27,46.998914379432605,47.6867008817404,46.13917669650144,47.32370376586914,36757674.0
2023-10-30,47.419229762650794,47.51475819876229,46.54039001464844,46.54039001464844,49040002.0
2023-10-31,46.80786552861801,47.075337879832404,45.011970892087476,45.222129821777344,36931052.0
2023-11-01,45.566021474311235,45.890810866476734,44.32418096686805,45.43228530883789,40558132.0
2023-11-02,45.66154316663595,46.10096300737887,45.432282225394836,45.50870132446289,32747658.0
2023-11-03,45.62333760658235,46.59770584106445,45.4704957449403,46.59770584106445,48695250.0
2023-11-06,46.90338600278911,47.43833429993426,46.90338600278911,47.151756286621094,29859286.0
2023-11-07,47.15175544173509,47.4192277634964,46.8078603743065,46.903385162353516,23286772.0
2023-11-08,47.15175430493588,47.72491030747371,46.42575281474849,46.61680603027344,26910853.0
2023-11-09,46.38754765425674,46.922492314489446,46.00544120205864,46.67412567138672,23314213.0
2023-11-10,46.674127037428875,46.903388000227906,46.13917871750229,46.27291488647461,18569449.0
2023-11-13,46.27291367582384,46.463966902515985,45.33675687347321,45.43228530883789,20801406.0
2023-11-14,45.56601725433444,46.40664918750468,45.24122789224845,46.292015075683594,23093605.0
2023-11-15,46.52128354800468,46.88428431107216,45.83349339567414,46.12007141113281,23562185.0
2023-11-16,46.1200711792525,46.979808865343124,46.100965492446356,46.807861328125,27413150.0
2023-11-17,46.80786228584454,47.132651680120055,46.5403899531602,46.712337493896484,20816531.0
2023-11-20,46.97981108253279,47.59117851303392,46.903388331701485,47.381019592285156,32012831.0
2023-11-21,47.648493838378435,48.24075555957147,47.572071090334326,48.1929931640625,39745706.0
2023-11-22,48.145229648006186,48.38404526402995,47.61028135625959,47.90641403198242,24473160.0
2023-11-23,47.90641285875232,48.240753255382735,46.9989128112793,46.9989128112793,28695566.0
2023-11-24,46.979808749825764,47.43833429993426,46.5594945732356,47.151756286621094,25946686.0
2023-11-27,47.28549133300781,48.049700565137904,47.20906858777627,47.76312255859375,28682651.0
2023-11-28,47.76312255859375,48.09746295888908,47.495650238357484,47.76312255859375,27252134.0
2023-11-29,47.810884989644286,48.52733182858213,47.686699850564686,48.3840446472168,53371539.0
2023-11-30,48.28851812393664,48.47957135067779,47.03712659465469,47.05622863769531,43030628.0
2023-12-01,47.572069666239905,47.76312288659369,46.4830710474715,46.73143768310547,31149117.0
2023-12-04,46.82696656548353,47.11354457675077,46.21559916970354,46.769649505615234,22479137.0
2023-12-05,46.769651551349874,46.90338771952181,46.19649550374519,46.23470687866211,19856551.0
2023-12-06,46.25380696324003,46.69323046810052,44.80181121826172,44.80181121826172,29169011.0
2023-12-07,44.80181071972851,45.833492279052734,44.61075749939822,45.833492279052734,22941616.0
2023-12-08,45.83349630297458,45.96723247573594,45.1839174832445,45.31765365600586,16226067.0
2023-12-11,45.35586286770679,45.64244088766719,44.572547912597656,44.572547912597656,29176245.0
2023-12-12,44.64896964646829,45.06928382325335,44.228651825646075,44.84001922607422,26636207.0
2023-12-13,44.419700745459586,44.72538441605594,43.88475249989758,43.90385818481445,24766769.0
2023-12-14,44.40059924926517,45.41317878116464,43.961179386832946,45.18391418457031,26563829.0
2023-12-15,45.18391291771352,46.349334266654324,45.126599503199735,46.31112289428711,32914494.0
2023-12-18,45.85259739318284,46.120069711884554,45.0883881654372,45.24123001098633,24923388.0
2023-12-19,45.241232419793,45.56602181438249,44.801812545947584,45.298545837402344,30501018.0
2023-12-20,45.29854522957398,45.50870414208757,44.66807213607039,44.878231048583984,20447898.0
2023-12-21,44.89733605906234,45.71886236574218,44.84001899904847,45.527809143066406,26761768.0
2023-12-22,45.47049439297659,45.68065331299984,44.305076599121094,44.305076599121094,23949416.0
2023-12-25,44.228652011724506,44.324180445966526,43.31160090722408,43.426231384277344,17756621.0
2023-12-26,43.751021613369886,44.28596992329358,43.349813113955044,43.67460250854492,22818754.0
2023-12-27,43.65549300921695,46.960700084105795,43.17786180264792,44.74449157714844,43209777.0
2023-12-28,44.74449590282981,45.52781086580717,44.47702356738503,44.61075973510742,33496615.0
2023-12-29,44.62986402847356,44.66807175803134,43.77012634277344,43.77012634277344,41093346.0
2024-01-02,43.99939250401822,44.26686484061422,43.922969754112344,44.09491729736328,34768842.0
2024-01-03,44.15223513464288,44.34328472468583,42.547393798828125,42.547393798828125,38588785.0
2024-01-04,42.60470177067551,43.464439392089844,42.60470177067551,43.464439392089844,28826480.0
2024-01-05,43.46444431395625,43.770128026399554,43.13965491398058,43.75102233886719,18805864.0
2024-01-08,44.26686243161111,45.87170365192621,44.24775674517437,45.833492279052734,49015706.0
2024-01-09,45.92902236361608,45.94812440670296,44.95465418451032,45.0883903503418,27863061.0
2024-01-10,45.069280368553706,46.292015075683594,45.031068997946676,46.292015075683594,34002721.0
2024-01-11,46.2920178768232,46.50217678384174,45.642439113345084,45.66154479980469,28943011.0
2024-01-12,45.432281448380124,46.196490646175384,44.82091044610702,45.60422897338867,41400436.0
2024-01-15,45.68065126886924,46.387547103836766,45.66154558208232,46.08186340332031,36297189.0
2024-01-16,46.578597807050926,46.788756722738704,46.17738930696035,46.36844253540039,30014905.0
2024-01-17,46.06275901419576,46.21560086875979,45.81438872300593,45.85260009765625,23914075.0
2024-01-18,46.06275907736088,46.311125724854044,45.6806526184082,45.6806526184082,23627570.0
2024-01-19,45.7570753050677,45.85260009765625,45.48959932655271,45.85260009765625,16686562.0
2024-01-22,45.81438878583046,46.23470661948586,45.527810763634584,45.6806526184082,19834609.0
2024-01-23,46.12007194678264,46.31112517398641,44.97375987163442,45.0883903503418,26129372.0
2024-01-24,45.20302231719268,46.024548670388604,44.93554997672418,45.58512878417969,26000487.0
2024-01-25,45.776176174457476,46.13917693625211,45.54691522050929,45.73796844482422,34795543.0
2024-01-26,45.77617725211813,46.96070435552702,45.6997581470154,46.92249298095703,50038292.0
2024-01-29,47.285493948603914,48.1452316598298,47.285493948603914,47.648494720458984,52207539.0
2024-01-30,47.763122265760444,47.85864705267715,47.05622645285089,47.209068298339844,28313729.0
2024-01-31,47.18996507406855,47.45743738596473,46.82696433361164,47.09443664550781,30589993.0
2024-02-01,47.09443891404031,48.71838583742869,47.09443891404031,48.288516998291016,68423144.0
2024-02-02,48.575095896162125,49.004964743144576,47.61028238985678,47.7440185546875,42380265.0
2024-02-05,47.906413383884356,48.384044609470294,47.74401687228587,47.76312255859375,33870796.0
2024-02-06,47.9541748224589,48.33627760889449,47.648491135695636,47.858646392822266,43232323.0
2024-02-07,47.95417547276341,48.909437917862135,47.90641307931588,48.00193786621094,63951176.0
2024-02-08,48.14522864658417,50.10351592843921,48.14522864658417,49.86470031738281,86005175.0
2024-02-09,50.10351702635706,50.34233264264662,49.10049216674833,49.530357360839844,46781825.0
2024-02-12,50.00799036244867,50.43785921578389,49.53035911297338,49.960227966308594,54335683.0
2024-02-13,50.055756564222975,50.15128135681152,48.67062520746549,48.718387603759766,43907691.0
2024-02-14,48.813912863194794,50.199044233199395,48.192994417356374,50.103519439697266,60712029.0
2024-02-15,50.199042178819646,51.05877986130347,50.151279784023245,50.53338623046875,60259745.0
2024-02-16,50.628907682814784,51.297592097998965,50.00798565927871,50.67667007446289,71409585.0
2024-02-19,50.9632525394511,52.157330655596034,49.960227650696794,50.19904327392578,70579329.0
2024-02-20,50.390092910655376,51.249830550632055,50.00798648310197,51.202064514160156,55470331.0
2024-02-21,51.39311894956284,51.39311894956284,49.96022527823281,50.246803283691406,49094780.0
2024-02-22,50.48562081777044,50.53338685719639,49.769173954827416,50.055755615234375,42111932.0
2024-02-23,50.15128262732163,50.67667628794324,49.72141376170854,50.007991790771484,41601534.0
2024-02-26,50.15128216379992,50.39009779315135,49.24378204345703,49.24378204345703,36703279.0
2024-02-27,49.243780122180034,49.291542517379376,48.33628003724383,48.43180847167969,35925009.0
2024-02-28,48.43180782601595,49.00496384884144,48.145229814603205,48.288516998291016,39336575.0
2024-02-29,48.43180643565401,49.3393064824398,48.43180643565401,48.86167526245117,80588037.0
2024-03-01,49.00496950746129,49.14826035173206,47.90641972952301,48.097469329833984,35041571.0
2024-03-04,48.62286073846179,49.67364798829158,48.24075429632163,48.5273323059082,109167669.0
2024-03-05,47.45744107439557,47.66759998952596,46.63591474510825,46.712337493896484,87147994.0
2024-03-06,46.71233489113372,46.90338446438475,45.75707244873047,45.75707244873047,44776959.0
2024-03-07,45.87170453884696,46.82696701493114,45.87170453884696,46.807861328125,32124437.0
2024-03-08,46.807861776656324,46.97980931552212,46.425755324946294,46.846073150634766,34944898.0
2024-03-11,47.76312380420919,47.81088619920596,46.807861328125,46.807861328125,35662151.0
2024-03-12,46.82696531096941,46.94159578359788,45.833491497423935,45.929019927978516,22988992.0
2024-03-13,45.94812486312506,46.15828377954053,45.12660217285156,45.12660217285156,24471672.0
2024-03-14,45.18391901245094,45.73797305439932,45.01197145764197,45.6424446105957,21353551.0
2024-03-15,45.642437983463566,45.75707209938341,44.973757194116175,45.37496566772461,25246492.0
2024-03-18,45.37496894659106,45.58512786359351,44.78270721435547,44.78270721435547,20257523.0
2024-03-19,44.78270402841104,45.41317709052783,44.706281284378946,45.20301818847656,20203009.0
2024-03-20,45.18391396231392,45.546914720120554,44.8400188911326,44.973758697509766,24364141.0
2024-03-21,45.336755811279275,45.60423177999648,44.801811161919105,44.973758697509766,31165407.0
2024-03-22,45.08838833784598,46.387545851999796,44.97375786425506,45.62333297729492,41555855.0
2024-03-25,45.489599362987455,46.2538086364197,44.954654693603516,44.954654693603516,36416073.0
2024-03-26,44.95465272464352,45.1457023016059,43.48354766019581,43.521759033203125,30973420.0
2024-03-27,43.59817830320652,43.712808778633146,42.94859953572711,43.005916595458984,34335342.0
2024-03-28,43.0823346401998,43.674599977446256,43.0823346401998,43.445335388183594,32429382.0
2024-03-29,43.69370967790394,44.41970759653539,43.61728692644939,44.17134094238281,41154012.0
2024-04-01,45.48959863769396,45.68065186401515,43.77012688887763,44.362388610839844,41451476.0
2024-04-02,44.49613083720564,44.95465641886217,42.8530781032417,42.967708587646484,30251477.0
2024-04-03,42.967706578901996,43.2542845985351,42.35633916527478,42.604705810546875,26660965.0
2024-04-04,42.64291686202351,44.51523046308935,42.64291686202351,44.362388610839844,33001324.0
2024-04-05,44.51523089753153,46.54039001464844,44.51523089753153,46.54039001464844,40300726.0
2024-04-08,46.559492117570805,46.9224892147381,46.10096294760915,46.75054168701172,31989168.0
2024-04-15,46.82696668441713,46.82696668441713,45.527809143066406,45.527809143066406,32808891.0
2024-04-16,45.222125108177515,45.64243927970952,44.935547098313094,45.14570236206055,24539982.0
2024-04-17,45.2985462611136,45.71886409571227,44.53433698553047,44.61075973510742,20499843.0
2024-04-18,44.72538976617902,44.897337306962704,44.381494684611646,44.572547912597656,19336663.0
2024-04-19,44.22865264994341,45.54691590920853,44.22865264994341,45.0883903503418,25312899.0
2024-04-22,45.279441176355476,46.502175935157894,45.279441176355476,45.929019927978516,38029223.0
2024-04-24,46.42575493778531,47.05622802702308,46.3493358345029,46.63591384887695,30076497.0
2024-04-25,46.73143745778744,47.3045971160853,46.36844034930624,46.52128219604492,28595960.0
2024-04-26,46.655019978028236,48.47957118115351,46.61680860400618,48.1929931640625,52106792.0
2024-04-29,48.718390124903664,49.052730560302734,48.14523405163742,49.052730560302734,39382581.0
2024-04-30,49.052729646048085,49.482598515004504,47.906417520880794,48.145233154296875,41255890.0
2024-05-02,48.336281608833204,49.81694141641471,48.336281608833204,49.48259735107422,62539502.0
2024-05-03,49.48259720166739,50.15128168629207,48.86167875768805,49.100494384765625,36956037.0
2024-05-06,49.291538043165076,49.6736444581502,48.9094352722168,48.9094352722168,27254374.0
2024-05-07,49.10048968033164,50.246801665243346,48.336276831674596,49.81693649291992,43349050.0
2024-05-08,49.86470511127547,50.246807939278085,49.10049581123286,49.148258209228516,27973359.0
2024-05-09,49.243779990509495,50.05575528287591,48.7183863566472,49.673648834228516,33635087.0
2024-05-10,49.6736462057451,51.34535545305383,49.57812142065653,50.581146240234375,61257398.0
2024-05-13,50.91549191950192,51.91851684324088,49.912466995762955,50.007991790771484,51827436.0
2024-05-14,50.00799114901796,51.63193815158428,49.339310304464746,50.48562240600586,39976512.0
2024-05-15,50.48561787637823,50.48561787637823,49.14825266322444,49.33930587768555,30521993.0
2024-05-16,49.53036148107887,50.05575879585136,49.19602104807584,49.91246795654297,25886568.0
2024-05-17,50.151282297053804,51.20206961137715,50.103519899864075,50.86772918701172,41232617.0
2024-05-20,51.011016236416886,52.20509429771843,50.91548780509053,51.4886474609375,44048017.0
2024-05-21,51.58417011607777,53.87680135662932,51.0587765196288,52.539432525634766,86854382.0
2024-05-22,52.634964623684965,52.969308699916034,51.82299292033614,52.778255462646484,36809182.0
2024-05-23,52.10956908064141,53.16036002582443,51.727466263878085,51.96628189086914,39862022.0
2024-05-24,51.96627978975653,52.01404218441614,51.0587797150753,51.15430450439453,20951196.0
2024-05-27,51.44088633222197,52.01404604276516,50.77220546931102,51.775230407714844,27863164.0
2024-05-28,51.63193718943808,52.491674893610245,51.1065435453494,51.82299041748047,33873444.0
2024-05-29,51.727462372053076,52.109565160068094,50.72443389892578,50.72443389892578,23615483.0
2024-05-30,50.96325255009381,51.34535900495487,50.6289121351183,50.81996536254883,26482846.0
2024-05-31,51.07966808216056,51.70908727068743,48.0875129699707,48.0875129699707,71506599.0
2024-06-03,48.02941320481545,48.068147490289995,46.9836133543361,47.4096794128418,53313297.0
2024-06-04,47.52588012646304,47.91321188203054,46.693111495831246,46.71247863769531,41507737.0
2024-06-05,47.506513402675694,47.738911719280466,46.615643338611676,46.848045349121094,60242715.0
2024-06-06,46.96424458356354,47.622712638185675,46.78994399887506,46.86741256713867,31124022.0
2024-06-07,47.06107980231802,47.19664980600437,46.5188145631922,46.67374801635742,24311909.0
2024-06-10,46.615643705550866,46.809311433515745,45.74414447056592,45.782875061035156,22293416.0
2024-06-11,45.802241531145555,46.53817814783244,45.55047607421875,45.55047607421875,26737376.0
2024-06-12,45.705410594311545,46.344511516569135,45.53111000697723,45.91844177246094,37816259.0
2024-06-13,46.67374764241252,47.02234883271753,46.49944704726001,46.57691192626953,23948315.0
2024-06-14,46.94487728921736,47.603345341703545,46.538178388866584,46.828678131103516,33415773.0
2024-06-20,47.25474336763166,47.777645111083984,47.080442786480894,47.777645111083984,31542166.0
2024-06-21,47.77764732654453,47.951947915777666,47.274112701416016,47.274112701416016,27783002.0
2024-06-24,47.274112141122394,47.40967844360704,46.73184323727911,47.09981155395508,29679185.0
2024-06-25,47.09981281600831,47.448413999683815,46.28641128540039,46.28641128540039,32974930.0
2024-06-26,46.267043962477295,46.751211450385696,45.97654420851321,46.208946228027344,28692636.0
2024-06-27,46.441343310303765,47.235377673703184,46.32514415060999,47.02234649658203,27024104.0
2024-06-28,47.06107823828722,49.09458389914209,47.04171478945188,48.610416412353516,70842951.0
2024-07-01,49.14300165069054,49.433501414278176,46.247678351765195,46.73184585571289,48315085.0
2024-07-02,46.712479306624175,47.0804439255969,46.26704242518116,46.94487762451172,27881381.0
2024-07-03,47.09981168828289,48.513579838090116,47.09981168828289,48.358646392822266,40842948.0
2024-07-04,48.37801388697506,50.06291834868048,48.35864674443767,49.67558288574219,49977130.0
2024-07-05,49.67558377118198,50.25658697594548,49.43350002600672,49.96608352661133,36365793.0
2024-07-08,49.77241561656529,49.82083162305579,48.658828997761184,48.75566101074219,36822102.0
2024-07-09,48.80408657689859,49.14300235697089,48.14561846655388,48.184349060058594,34551686.0
2024-07-10,48.261816830272465,48.61041802333789,47.87448135044312,47.91321563720703,41733002.0
2024-07-11,48.14561694217292,49.04616877945753,48.068148369806366,48.900917053222656,28778791.0
2024-07-12,48.949335393268555,49.239835165656984,48.18434982731851,48.416751861572266,37194000.0
2024-07-16,48.513583887733404,48.804087354026855,48.14561923319707,48.416751861572266,27337298.0
2024-07-17,48.465162294521654,49.288249197743674,48.465162294521654,49.046165466308594,43484219.0
2024-07-18,49.385083652434275,49.433499662332174,48.51358069865293,48.610416412353516,42174896.0
2024-07-19,48.339278352660166,48.561998639131964,47.77764600920921,48.068145751953125,34726156.0
2024-07-22,48.048781317096,48.56200137522773,47.719547271728516,47.719547271728516,34916462.0
2024-07-23,47.700179060269576,47.9325810786965,47.312847288097714,47.35158157348633,28609130.0
2024-07-24,47.254745150506636,47.70017834407345,47.04171397187735,47.138545989990234,25430056.0
2024-07-25,47.08044325139874,47.44841155900678,46.596275786510915,46.71247863769531,26724747.0
2024-07-26,46.78994343493553,47.080443174613514,46.61564285234782,46.693111419677734,21368065.0
2024-07-29,46.383248666776225,46.49944783420948,45.5117456762645,45.569847106933594,25996197.0
2024-07-30,45.6666756435671,45.93780824484184,45.414910184369795,45.68604278564453,25784098.0
2024-07-31,45.62794094792522,45.82160867304833,45.33744120719287,45.55047607421875,28127792.0
2024-08-01,45.87971236704883,46.48007902009843,45.87971236704883,46.28641128540039,25391356.0
2024-08-02,45.53111100194528,45.97654420424248,44.77581090292786,45.008209228515625,24750913.0
2024-08-05,44.330376277836756,44.330376277836756,41.85144097707554,42.02574157714844,37133237.0
2024-08-06,42.839141296156605,42.9940747457633,41.44473655579153,41.46410369873047,35496032.0
2024-08-07,41.85143817141639,42.78103884688278,41.7158718679823,42.37433624267578,23397562.0
2024-08-08,42.2968732413289,43.013439075212496,42.277506097993545,42.95534133911133,22962098.0
2024-08-09,43.12964291500679,43.38140839627599,42.02574157714844,42.02574157714844,20058294.0
2024-08-12,42.21940365078954,42.664840548960896,41.34790438512516,41.42536926269531,21888816.0
2024-08-13,41.42536996492878,41.73523686827177,41.057405325899516,41.638404846191406,22739888.0
2024-08-14,42.08383609729454,42.27750382633701,41.01866912841797,41.01866912841797,20438078.0
2024-08-15,41.19296960102885,42.27750370919512,41.01866901476404,42.18067169189453,22167770.0
2024-08-16,42.18067336446163,42.413071692760084,41.36727182760739,41.502838134765625,18256491.0
2024-08-19,41.52220388479659,42.277503967285156,41.34790329746774,42.277503967285156,20133858.0
2024-08-20,42.18067194939344,42.7035700174753,41.8708050594543,42.277503967285156,22231671.0
2024-08-21,42.277506052675975,42.626107244528875,41.59967081228477,41.73523712158203,22856549.0
2024-08-22,41.87080757320951,42.12257305118578,41.657772688372326,41.8514404296875,18884543.0
2024-08-23,41.812703261083335,41.98700384686441,40.960567474365234,40.960567474365234,20998983.0
2024-08-26,41.17360507307786,41.38663995735128,40.43766839680872,40.611968994140625,20730110.0
2024-08-27,40.51513664400177,41.832072838155,40.49576950068718,41.73523712158203,23860570.0
2024-08-28,41.73523387199066,42.08383503670075,41.560933289635614,41.9095344543457,16224668.0
2024-08-29,41.851437133613544,42.335604601817664,41.464101681488394,42.045101165771484,25508993.0
2024-09-02,41.83207051936492,42.606737739483684,41.83207051936492,42.18067169189453,32298547.0
2024-09-03,42.25813808970288,42.35497380439758,41.40600226991366,41.46410369873047,23644254.0
2024-09-04,41.11550091795901,41.28980150374009,40.55386857014582,40.960567474365234,21421195.0
2024-09-05,41.09613735233564,41.38664081652284,40.78627043818062,40.863739013671875,18695202.0
2024-09-06,40.86373455719842,41.03803513914006,40.63133254997471,40.670066833496094,17389008.0
2024-09-09,40.53450192538176,40.70880251330179,39.89540100097656,39.89540100097656,20511992.0
2024-09-10,40.0309696272731,40.18590308175983,39.31440009158138,39.41123580932617,21040379.0
2024-09-11,39.3724981391443,39.430599564798804,38.36542892456055,38.36542892456055,19886940.0
2024-09-12,38.83023211477056,39.4499696191243,38.24923259095098,39.25630187988281,28985536.0
2024-09-13,39.256300948234134,40.22463592755572,38.88833262179859,40.1859016418457,21565680.0
2024-09-16,40.18590341321022,40.34083686897483,39.39186899067846,39.527435302734375,18084137.0
2024-09-17,39.662999792254574,40.34083501529223,39.64363264943581,40.166534423828125,18329674.0
2024-09-18,39.876033782958984,40.16653353097343,39.6049011773328,39.876033782958984,16542417.0
2024-09-19,40.282734914848916,40.78626956302264,40.08907086808626,40.573238372802734,24972608.0
2024-09-20,40.573239243389665,41.15423878395408,40.55387209951685,40.863739013671875,26868741.0
2024-09-23,41.09613697861785,41.347906152769895,40.6119694679154,40.766902923583984,16638876.0
2024-09-24,40.84436942586603,41.73523582728024,40.76690085501013,41.30916976928711,25721966.0
2024-09-25,41.30917176169937,41.52220664792336,40.573238772596866,40.708805084228516,21952972.0
2024-09-26,40.78626893191867,41.48347130997185,40.24400369912607,40.37957000732422,25822234.0
2024-09-27,40.37956915601946,41.40600186439696,40.263369993428654,41.32853698730469,22293637.0
2024-09-30,41.09613616782001,42.20004117332249,41.057405575095714,41.73523712158203,51868391.0
2024-10-01,41.83207059895168,42.025738327826005,39.314397511394894,39.81793212890625,36255520.0
2024-10-02,39.70173297885169,40.10843188507299,38.59783172607422,38.59783172607422,25580792.0
2024-10-03,38.71403241442049,39.101367887557096,37.881263732910156,37.881263732910156,30347563.0
2024-10-04,38.09429673376509,38.50099563598633,37.68759413763921,38.50099563598633,22277920.0
2024-10-07,38.55909942041711,38.94643489813908,37.88126418135611,37.997467041015625,21950309.0
2024-10-08,37.93936531206921,38.462267094699804,37.823166147230694,37.91999816894531,21522721.0
2024-10-09,37.900631974296346,38.22986602783203,37.45519875301422,38.22986602783203,21724476.0
2024-10-10,38.229867198590206,38.59783555061175,37.37773132324219,37.37773132324219,28628346.0
2024-10-11,37.41645923247738,37.95872809595692,36.506225773616,36.58369064331055,38047401.0
2024-10-14,36.699896983623645,36.95166245148697,36.29319437380778,36.46749496459961,31704305.0
2024-10-15,36.525595383947284,37.39709461992972,36.486861099529044,37.33899688720703,28164720.0
2024-10-16,37.145329837309575,38.8108671586607,37.145329837309575,38.772132873535156,34642710.0
2024-10-17,38.53973405352105,39.97286947690087,38.53973405352105,39.837303161621094,40808038.0
2024-10-18,39.77920476308881,40.030970245302356,38.229866500396675,38.38479995727539,28225210.0
2024-10-21,38.249231164563604,38.849597809308996,37.53266166426381,37.590763092041016,22066901.0
2024-10-22,37.6682341044257,38.44290138881928,37.33900004682031,38.38479995727539,21399653.0
2024-10-23,38.17176134019546,38.3847962078086,37.10659438993903,37.18406295776367,30602295.0
2024-10-24,37.416463677086156,38.229865221975196,37.416463677086156,37.95873260498047,17992674.0
2024-10-25,37.765065736408474,38.48163527569953,37.552030850204794,38.24923324584961,21236423.0
2024-10-28,38.3266993773565,38.714031143876554,38.268597950121375,38.694664001464844,8240408.0
2024-10-30,38.65593064687417,39.15946527998176,38.53973148351236,38.96580123901367,22426761.0
2024-10-31,38.733395735569935,39.02389546480582,37.78442798331701,37.90062713623047,23215628.0
2024-11-01,37.958733006474986,38.55909967641555,37.86189728944915,38.09429931640625,20889018.0
2024-11-04,37.668233913146636,37.78443308173937,36.85483234518758,37.08723068237305,19349834.0
2024-11-05,37.106594980406705,37.66823102435864,36.757993807457865,37.3970947265625,18029762.0
2024-11-06,37.397093963037,38.694662917018526,37.10659422281225,38.326698303222656,27542399.0
2024-11-07,38.326699750856285,38.791500091552734,37.86189571625509,38.791500091552734,19265400.0
2024-11-08,38.63656505234463,39.52743141182181,38.50099505972869,39.50806427001953,29679945.0
2024-11-11,38.927063405821656,39.430597993041964,38.86896198248315,39.06262969970703,24132440.0
2024-11-12,39.02389833904173,39.37249951736217,38.714031445846835,38.772132873535156,20545176.0
2024-11-13,38.733399648541976,39.8179338044078,38.36543131758747,39.140098571777344,32660034.0
2024-11-14,39.23693646799423,39.837303161621094,39.062635864375935,39.837303161621094,27091489.0
2024-11-15,39.914767167454904,40.244001192819965,39.48869743233269,39.585533142089844,27335063.0
2024-11-18,39.624263655910234,40.03096624829913,39.081998457931206,39.566165924072266,19527033.0
2024-11-19,39.66299880347093,39.837299390589784,38.46226552987958,38.65592956542969,23642210.0
2024-11-20,38.849598151120844,39.12073445589524,37.62949770830281,37.70696258544922,16456775.0
2024-11-21,37.765060316458474,39.02389492155954,37.765060316458474,38.90769577026367,22759674.0
2024-11-22,38.88833040164728,39.52743130375679,38.61719780496585,39.44996643066406,29205468.0
2024-11-25,39.68236564496583,40.36020084596648,39.46933077479014,39.7404670715332,36526912.0
2024-11-26,39.663000807775546,39.79856711707312,39.06263414064133,39.25630187988281,24975527.0
2024-11-27,39.449965134154795,39.81792973358526,38.90769626470882,39.06262969970703,27533733.0
2024-11-28,38.94643442503744,39.236934182847634,38.81086811765301,39.082000732421875,19239718.0
2024-11-29,39.081997562403494,39.682364172368274,38.71402926227465,39.275665283203125,36459910.0
2024-12-02,39.10137044208806,40.147170377632314,38.965804125805015,39.914772033691406,37642270.0
2024-12-03,39.93413490657598,40.45703297146544,39.643631466865,39.79856491088867,45149758.0
2024-12-04,39.85666704760118,40.41830310088214,39.837299905015136,40.011600494384766,40829229.0
2024-12-05,40.12779980715114,40.32146753983633,39.79856576975776,40.05033493041992,29894443.0
2024-12-06,40.379569782420596,40.67006954035646,40.205269188878106,40.321468353271484,46397129.0
2024-12-09,40.670066751019746,42.02573712028224,40.670066751019746,41.832069396972656,69559369.0
2024-12-10,41.71587162928357,41.832070789575795,40.76690012286551,41.057403564453125,30655046.0
2024-12-11,41.05740397187527,41.59966918788981,40.78626766996326,41.192970275878906,29643986.0
2024-12-12,41.599668467904685,41.75460191178515,40.78626696405606,40.97993469238281,24570628.0
2024-12-13,40.74753871489154,41.71587371826172,40.74753871489154,41.71587371826172,32722498.0
2024-12-16,40.72817145143528,40.86373776048249,40.4376679961571,40.476402282714844,45225364.0
2024-12-17,40.47640042137613,40.65070100896574,39.66299891059286,39.876033782958984,39058292.0
2024-12-18,40.0697031788627,40.553870676984616,39.89540258402643,40.3989372253418,40348245.0
2024-12-19,40.41830588670351,41.23170746185701,40.28273587925709,40.921836853027344,56686315.0
2024-12-20,41.03803618690483,42.68420633954701,40.805634173747535,42.21940231323242,72604795.0
2024-12-23,42.45180639834632,43.57507484663676,42.0644709221476,42.877872467041016,69183873.0
2024-12-24,42.83914307047286,42.935975095273335,41.73523804066058,42.00637435913086,49633906.0
2024-12-25,42.393702410519055,42.54863585286819,42.06446838378906,42.06446838378906,28136051.0
2024-12-26,42.180675033446015,42.27750705841763,41.71587466455328,42.02574157714844,35079613.0
2024-12-27,42.31624221801758,43.149010947993034,42.29687507384314,42.31624221801758,48158512.0
2024-12-30,42.35497372767001,42.858504667550996,41.40600219490518,41.44473648071289,27321958.0
2024-12-31,41.34790443311125,41.34790443311125,40.127800288298424,40.20526885986328,59947157.0
2025-01-02,40.43766384586943,40.63133156487633,40.06969924305128,40.360198974609375,40016000.0
2025-01-03,40.43766649172263,41.212337418437244,40.39893590051069,41.192970275878906,38835776.0
2025-01-06,41.270433870169086,41.638402179537366,40.205266919882305,40.805633544921875,42872412.0
2025-01-07,40.82500377487832,41.27043699186135,40.534504011363516,40.553871154785156,31582376.0
2025-01-08,40.57323631786096,40.78626749729133,39.93413539176041,39.95349884033203,31163147.0
2025-01-09,40.08907281304878,40.360205446794716,39.70173731292166,39.99223709106445,33690425.0
2025-01-10,40.03096827022048,40.2633702910246,39.00453186035156,39.00453186035156,42182152.0
2025-01-13,38.98516567321839,39.15946626961843,38.07493209838867,38.07493209838867,30471871.0
2025-01-14,38.24923228974719,38.63656776517999,37.86189681431439,37.93936538696289,37814851.0
2025-01-15,37.97809967328714,38.210498003422934,37.55202991153009,37.93936538696289,31360372.0
2025-01-16,38.34606453827954,38.50099799058735,37.61013156329366,37.997467041015625,39299375.0
2025-01-17,38.07493333720871,38.578467999424795,37.88126559114021,38.4622688293457,59379756.0
2025-01-20,38.65593187944715,38.694666166437756,37.881264609159565,38.1717643737793,69723936.0
2025-01-21,38.09429805289562,38.19113007280483,37.66823199382841,37.70696258544922,38081167.0
2025-01-22,37.726330103714844,37.919997839365685,37.49393177605769,37.80379867553711,31357295.0
2025-01-23,37.90063102582142,38.34606423595644,37.823166147230694,37.91999816894531,56219007.0
2025-01-24,37.93936214008904,38.24922901635474,37.74569441894684,38.11366271972656,37526729.0
2025-01-27,37.91999599192085,37.958730275944866,37.203426513095124,37.24216079711914,37430244.0
2025-01-28,37.30026621649098,38.84960080427569,36.99039929893404,38.53973388671875,88464721.0
2025-01-29,38.442899050693995,38.50099678479935,37.62949752807617,37.62949752807617,48529409.0
2025-01-30,37.59076211880061,37.9199961465379,37.2808952331543,37.2808952331543,30016742.0
2025-01-31,37.35836232015512,37.49392861551172,36.81609344482422,36.81609344482422,30701126.0
2025-02-03,36.39003162731821,36.486863651231076,35.6928292346498,35.75092697143555,33963691.0
2025-02-04,35.86712605016072,36.11889150212517,35.557259173633135,35.73155975341797,35642639.0
2025-02-05,35.82839127246313,36.11889100345896,35.266755257820634,35.57662582397461,48163507.0
2025-02-06,35.73156113325891,36.351294910246246,35.73156113325891,36.17699432373047,35446334.0
2025-02-07,36.09952718870274,36.7386281333472,36.02206231045438,36.64179611206055,35706225.0
2025-02-10,36.64179473315178,36.932294479984435,36.0995258302007,36.19636154174805,29187063.0
2025-02-11,36.157626388599034,36.235091262071464,35.712193207894906,35.9445915222168,26883302.0
2025-02-12,35.98332470858787,36.15762528596627,35.57662582397461,35.57662582397461,27787179.0
2025-02-13,35.925228809744375,36.622431226480266,35.925228809744375,36.13826370239258,36219938.0
2025-02-14,36.273826900920206,36.874197238807746,36.25445975835241,36.351295471191406,38603265.0
2025-02-17,36.351294528656865,36.58369284563523,36.04142764341595,36.08015823364258,28695248.0
2025-02-18,36.080157897641435,36.254458480704336,35.809025299056756,35.963958740234375,32402064.0
2025-02-19,35.9639603281225,36.33192865238019,35.20866023077152,35.26675796508789,40380547.0
2025-02-20,35.38296112296896,35.67346087873998,35.32485969425283,35.3442268371582,27684247.0
2025-02-21,35.421693946071706,35.59599083721304,34.375890435795796,34.879425048828125,40791470.0
2025-02-24,35.247393545400506,35.615358165618225,34.80195666245038,34.95689010620117,33387092.0
2025-02-25,34.995623332291316,35.05372475715504,34.56955729833772,34.627655029296875,23882106.0
2025-02-26,34.64702296201722,35.053725557540425,34.47272237735079,34.86005783081055,27816142.0
2025-02-27,35.111824965271744,35.654093887210145,34.608294023213375,35.38296127319336,44165502.0
2025-02-28,34.647021258397295,34.74385696395307,34.240322376776426,34.337154388427734,57324682.0
2025-03-03,34.492091880218,34.99562652661814,34.3758927137887,34.395259857177734,50212024.0
2025-03-04,34.45336058166977,34.60829403170378,34.18222427368164,34.18222427368164,35054985.0
2025-03-05,34.45336067460823,35.576629113861,34.41462638851903,35.44105911254883,69015870.0
2025-03-06,35.712192191665764,38.15239658603459,35.63472362649318,37.97809600830078,84511247.0
2025-03-07,37.91999842197519,38.46226735134809,37.62949866098804,38.01683044433594,53121421.0
2025-03-10,38.24922878564789,38.55909566004457,37.629495036854514,38.05556106567383,44392671.0
2025-03-11,37.958730252328195,39.27566635708825,37.62949622613818,38.42353057861328,67581762.0
2025-03-12,38.733399722651505,39.54680126458338,38.481634249772405,39.15946578979492,55512931.0
2025-03-13,39.37249962440839,39.546800214042506,38.53973096146869,38.830230712890625,44862076.0
2025-03-14,38.90770115876806,39.488700689617076,38.73340056073237,39.41123580932617,44729768.0
2025-03-17,39.488696528493065,39.85666482933872,39.19819679367998,39.2950325012207,54291737.0
2025-03-18,39.62426324195601,40.24400069502205,39.275665772856115,39.430599212646484,76696828.0
2025-03-19,37.28089625910074,39.10136703279951,35.86712809269536,36.409393310546875,99420448.0
2025-03-20,36.796727762593854,38.88833108765879,36.48686087694754,37.2808952331543,78563943.0
2025-03-21,36.68052963180841,36.874197364240445,33.67868901387377,33.988555908203125,78924596.0
2025-03-24,34.666390840437515,35.42169462133715,33.58185671917987,35.11182403564453,56903660.0
2025-03-25,35.63472386109138,37.14532764676116,35.537891847892666,36.893558502197266,41843777.0
2025-03-26,36.31256221667339,36.89356173457823,35.944593885251074,36.6805305480957,27182641.0
2025-03-27,36.79672786920722,37.26152819902338,35.8477600674278,36.118892669677734,32633894.0
2025-03-28,36.02206084132094,37.35836410522461,35.57662765132128,37.35836410522461,23509069.0
2025-04-02,36.816095504793545,37.02913037736214,36.25445945671443,36.273826599121094,38576173.0
2025-04-03,36.273828765936855,36.583695675143936,35.67346209108624,35.75092697143555,28108961.0
2025-04-04,35.75092590824333,35.828394480193744,35.228027823197365,35.38296127319336,22428102.0
2025-04-07,34.143488051847264,35.228025834499576,33.717422011886825,34.782588958740234,51391705.0
2025-04-08,35.32486264651176,35.36359693555971,34.91816369322361,35.05373001098633,27353481.0
2025-04-09,34.5501953350783,35.20866347327302,34.37589472826763,35.05373001098633,37699380.0
2025-04-10,36.3125603195026,36.448126620337334,34.879425048828125,34.879425048828125,29115320.0
2025-04-11,34.70512549769905,35.24739441109762,34.62765692696864,35.20866012573242,26771453.0
2025-04-14,35.4410590833634,35.77029312704076,35.28612563303905,35.40232849121094,30521823.0
2025-04-15,35.30549124694597,35.518526117129475,34.82132377391411,34.91815948486328,23525698.0
2025-04-16,34.647025032047324,34.93752848645096,34.20159181968889,34.31779098510742,18916918.0
2025-04-17,34.12412694071149,34.647025032047324,33.891724915969554,34.31779098510742,30696672.0
2025-04-18,34.31779017311882,34.3758916014058,33.9304583995867,34.04665756225586,19149136.0
2025-04-21,33.988555802663534,34.27905924736191,33.69805605186991,33.930458068847656,30773058.0
2025-04-22,33.96919163960804,34.08539079870082,33.698055343185324,33.71742248535156,19919632.0
2025-04-24,33.79489239227195,34.20159131215403,33.67868953467294,34.12412643432617,26012837.0
2025-04-25,34.18222419861389,34.298423362407995,33.98855646302049,34.16285705566406,22186116.0
2025-04-28,34.143489582162694,34.39525874416812,33.73679066586824,34.04665756225586,30451760.0
2025-04-29,33.89172322325499,34.14348868473825,33.71742263688016,33.75615692138672,23581268.0
2025-04-30,33.756158753723845,34.02729137217789,33.11705780029297,33.11705780029297,30500054.0
2025-05-02,33.17515182495117,33.40755382470185,33.078319813166,33.17515182495117,22400087.0
2025-05-05,33.23325558688279,33.36882189048319,32.67162322998047,32.67162322998047,21775976.0
2025-05-06,32.71035359385402,32.9233884659775,32.57478729119534,32.613521575927734,19411875.0
2025-05-07,32.57478920230499,32.80719123042931,31.858223362239425,31.993789672851562,23148996.0
2025-05-08,32.05188434041296,32.41985264391562,31.97441946772557,32.24555206298828,16475181.0
2025-05-09,32.342390391533485,33.194522529655366,32.342390391533485,33.07832336425781,35480431.0
2025-05-12,34.8600586662204,36.37066253822899,34.47272320347828,36.33192825317383,87733548.0
2025-05-13,36.409394485407425,36.56432793749365,35.46042662964117,35.53789520263672,41832678.0
2025-05-14,35.53789365719143,36.680529201851606,35.4991593723781,36.273826599121094,55306704.0
2025-05-15,36.15762836965995,36.37066324771428,35.01499279557643,35.3442268371582,23953521.0
2025-05-16,35.014994349166955,35.925227942677196,34.56956112429417,35.84776306152344,35600852.0
2025-05-20,35.6347258466999,35.82839357779324,34.99562491982518,35.09246063232422,22552277.0
2025-05-21,34.86006084719596,35.0537285906836,34.58892822265625,34.58892822265625,15153700.0
2025-05-22,34.588925455445434,34.976257217528115,34.0660236980339,34.91815948486328,26421258.0
2025-05-23,34.627656992923406,34.82132472621354,33.96919260998458,34.02729034423828,24322693.0
2025-05-26,34.046657787637,34.47272384951424,34.00792350185594,34.104759216308594,16710776.0
2025-05-27,34.10475775573117,34.20158977213207,33.6012231438563,33.639957427978516,14436498.0
2025-05-28,33.56249134531321,33.775526229857746,33.039589552652046,33.23325729370117,18839840.0
2025-05-29,33.407557637375916,33.581858233605054,33.020222158221195,33.13642501831055,21083684.0
2025-05-30,33.129423251016604,33.188651035025636,32.477891266637016,32.57660675048828,29502616.0
2025-06-02,32.53712112050177,32.77404356887273,32.28045858670824,32.3199462890625,27722164.0
2025-06-03,32.53711906968037,33.48480127192248,32.53711906968037,33.46506118774414,28132975.0
2025-06-04,33.326854965422854,33.82043992724683,33.188651778632845,33.70198059082031,19212415.0
2025-06-05,33.544034346922246,33.64275360107422,33.386087306033595,33.64275360107422,5515182.0
2025-06-10,33.80070136489426,34.0573638996699,33.761213662388904,33.87967300415039,29605245.0
2025-06-11,33.68223548236803,34.11659264263197,33.66249163274201,33.8994140625,25504841.0
2025-06-12,33.60326693598581,33.60326693598581,32.892503347184416,33.070194244384766,21084860.0
2025-06-13,31.688151111264624,32.47789001464844,31.53020596661579,32.47789001464844,22994338.0
2025-06-16,32.319943449026894,32.75429683949226,31.984305540018216,32.339683532714844,22220562.0
2025-06-17,32.339683532714844,32.89250001983332,32.16199641924365,32.339683532714844,23833537.0
2025-06-18,32.08302204831629,32.28045678330295,31.806615678787573,32.06327819824219,17830642.0
2025-06-19,32.06327887478214,32.379172951124474,31.648669311740743,31.668413162231445,16968514.0
2025-06-20,31.984307583525347,32.458148703149234,31.94481988211807,32.08302307128906,32664118.0
2025-06-23,31.885587313329626,32.161997448612695,31.786871828713473,32.06327819824219,21363223.0
2025-06-24,33.070194244384766,33.20839743870623,32.59635310710205,33.070194244384766,33363207.0
2025-06-25,33.16890871265375,33.82044072703877,33.089937075086674,33.64275360107422,30791528.0
2025-06-26,33.741467535553966,34.471971153863706,33.701979835711725,34.0573616027832,31683813.0
2025-06-27,34.09685134887695,34.333770030639904,33.48480326185448,34.09685134887695,26127179.0
2025-06-30,34.25479830641007,35.73555324387084,34.03761971054104,35.577606201171875,57016100.0
2025-07-01,35.73555118853498,35.893498222149596,35.18273468800665,35.538116455078125,39371371.0
2025-07-02,35.5776031288389,36.62400078419909,35.478883882080446,35.81452178955078,60007850.0
2025-07-03,36.24888125116421,37.05836029733906,36.20939354994728,36.52528762817383,39473848.0
2025-07-04,36.860924803980126,36.959640289251354,36.22913666043377,36.58451843261719,23578411.0
2025-07-07,35.95272705931477,36.03170246131265,35.202479569107055,35.26171112060547,29515905.0
2025-07-08,35.39991431498807,35.45914210074316,34.274541196588174,34.37325668334961,29169447.0
2025-07-09,34.27454267787991,34.98530249793993,34.27454267787991,34.84709930419922,22521511.0
2025-07-10,35.57760517861422,35.735552216773534,35.36042658898725,35.557861328125,26268587.0
2025-07-11,35.73555244399175,36.22913741209729,35.24196747588621,35.63683319091797,25379482.0
2025-07-14,35.73555119846066,35.775038898313866,35.06427536397351,35.241966247558594,16287635.0
2025-07-16,35.22222366586203,35.893499524519505,34.53120395656705,35.044532775878906,35318023.0
2025-07-17,35.26171182015772,35.97247162346716,35.241967969266554,35.79478073120117,22231582.0
2025-07-18,35.735551178773356,36.01195754608485,35.47888489562326,35.834266662597656,20774111.0
2025-07-21,36.30810950957378,37.571689604672585,36.30810950957378,36.97938537597656,40555927.0
2025-07-22,37.038617728225375,37.57169041583432,36.60426429707434,36.92015838623047,30551272.0
2025-07-23,36.97938485485775,37.21630729614831,36.545031439205246,37.11758804321289,21760620.0
2025-07-24,37.21630603106721,37.78886261561214,37.058358997494025,37.31502151489258,34901395.0
2025-07-25,37.492713692996986,37.76912006985573,36.5647753094323,36.82143783569336,28011316.0
2025-07-28,36.80169298644767,36.80169298644767,36.15016099742166,36.20939254760742,19408251.0
2025-07-29,36.209393590453594,36.44631226651131,35.85401181061255,35.932987213134766,17599774.0
2025-07-30,35.932987442949845,36.86092583399386,35.79478048765204,36.60426330566406,30045564.0
2025-07-31,36.52528684687964,36.76220928335889,36.01195803930324,36.28836441040039,33478632.0
2025-08-01,36.18964816729417,37.01887102897335,36.16990431752154,36.93989562988281,35137864.0
2025-08-04,37.17681936793104,37.51245729435279,36.999128479486906,37.03861618041992,31484254.0
2025-08-05,37.05835975452603,37.29527842684844,36.92015656804555,36.95964050292969,18881665.0
2025-08-06,37.45322614873764,39.64474461945615,37.413742213131265,39.26961898803711,124749082.0
2025-08-07,39.467052714704636,39.72371900119879,38.87475227253322,38.9537239074707,46250607.0
2025-08-08,38.49962741842914,40.11858550735006,38.30219267851707,39.19064712524414,69731751.0
2025-08-11,39.46705323802752,40.079097538487446,39.07218752659555,39.703975677490234,33073734.0
2025-08-12,39.842177574548785,39.842177574548785,38.914235462937135,39.01295471191406,28411840.0
2025-08-13,39.07218702222016,39.46705272855488,38.63782984977128,38.65757369995117,30106735.0
2025-08-14,38.637829324011705,39.56577144106791,38.55885769012111,39.09192657470703,32789569.0
2025-08-15,39.13141454045365,39.90140586345262,38.71680498676323,39.4670524597168,44927337.0
2025-08-18,40.47396841610179,42.48779604107429,40.31602137291304,41.9547233581543,86850362.0
2025-08-19,41.95472106957197,42.07318040406307,40.84909182756152,40.94780731201172,44960149.0
2025-08-20,40.86883515528185,41.83626120039618,40.55294109017327,41.38216018676758,42716185.0
2025-08-21,41.3821599868272,42.507536824812796,41.3821599868272,42.19164276123047,48457288.0
2025-08-22,42.38907673021056,42.62599917756203,42.03369870781519,42.54702377319336,37351213.0
2025-08-25,43.040607727396456,43.63291194878076,42.744457499581536,43.11958312988281,51541557.0
2025-08-26,43.09983697649475,43.159068525194854,41.52036666870117,41.52036666870117,157110681.0
2025-08-27,41.75728553783863,41.836260936494746,40.276530704824815,40.41473388671875,59986568.0
2025-08-28,40.47396675220864,40.888576311376475,40.00012564212209,40.21730422973633,49538189.0
2025-08-29,40.394993129762895,40.59242787576486,39.98038355233788,40.177818298339844,55538415.0
2025-09-01,40.33576305875696,40.533197793583,39.98038128922097,40.059356689453125,35760723.0
2025-09-02,40.27653093804605,40.88857521815794,37.13733037261889,38.420650482177734,97340494.0
2025-09-03,38.42065125547742,38.55885820670764,37.25579422114342,37.76911926269531,46220288.0
2025-09-04,37.769118008702314,37.96655273815026,37.374252315560675,37.67040252685547,38978314.0
2025-09-05,37.828351881145345,38.12450211063332,37.13733216850374,37.196563720703125,53272277.0
2025-09-08,36.643744681950494,36.78194786184066,36.071188113012035,36.11067581176758,33128023.0
2025-09-09,36.28836598330825,36.999129557799456,35.67632166402668,35.873756408691406,53444599.0
2025-09-10,36.16990688899593,36.426573188533396,35.77504116273342,36.24888229370117,43736032.0
2025-09-11,36.22913766847246,37.17681991016029,35.99221522517326,36.011959075927734,65920204.0
2025-09-12,36.03170139600058,36.28836391339635,35.34068171196751,35.834266662597656,43666893.0
2025-09-15,35.617093028085364,38.30219268798828,35.24196739873513,38.30219268798828,77734087.0
2025-09-16,38.321934490443496,38.47988152081984,37.70989021845447,38.26270294189453,51881088.0
2025-09-17,38.26270449964517,38.460139237092115,37.709891753699004,37.84809494018555,40234174.0
2025-09-18,38.025787353515625,39.17090435776304,37.90732801259474,38.025787353515625,55693030.0
2025-09-19,38.10475567772133,39.012953921128585,37.92706479891891,38.776031494140625,55321149.0
2025-09-22,39.64474208197978,40.197558568384906,39.44730735356693,39.664485931396484,45495699.0
2025-09-23,39.15116063173328,40.41473698093855,38.83526654443197,40.177818298339844,91821970.0
2025-09-24,40.25678869556217,40.27653254612883,38.77603379485336,39.19064712524414,83039501.0
2025-09-25,39.427563737136545,39.82243319629561,38.85500716368557,39.44730758666992,64909465.0
2025-09-26,39.388082697543574,39.42756663375684,37.65066146850586,37.65066146850586,48590976.0
2025-09-29,37.37425513813876,37.551946031486054,36.93989794739891,37.0583610534668,33132958.0
2025-09-30,37.058361305587695,37.43348318009115,36.68323566532968,36.841182708740234,47179379.0
2025-10-01,36.84117940507922,37.21630501169857,36.18964743871624,36.99912643432617,66580733.0
2025-10-02,36.999129065689544,36.999129065689544,35.16299236651197,35.41965866088867,89218801.0
2025-10-03,35.636834497926905,35.83426924556109,35.02479016944008,35.14324951171875,42590504.0
2025-10-06,35.26171214781665,35.320939935286,34.61018012537204,34.689151763916016,34394938.0
2025-10-07,34.70889333010399,35.2024782772134,34.610177846983824,34.86684036254883,39990276.0
2025-10-08,34.80761163303728,35.182737277641095,34.51146139393095,34.55094909667969,36905645.0
2025-10-09,34.945818592657865,35.04453408377511,34.37325820006497,34.55094909667969,41092632.0
2025-10-10,34.59043502807617,34.86684140165356,34.25479710340888,34.59043502807617,33223445.0
2025-10-13,34.2547981170024,34.45223286072306,33.87967248050862,34.01787567138672,28449026.0
2025-10-14,34.175821201991255,34.45223133727939,33.228138992943116,33.24788284301758,45765985.0
2025-10-15,33.50454610819017,34.29428506572859,33.1294242456893,34.07710647583008,59011116.0
2025-10-16,33.36634218995083,33.642752325340375,32.85301338508951,32.95173263549805,69416655.0
2025-10-17,32.81353074022708,32.9122462287607,32.14225487408583,32.45814895629883,55051370.0
2025-10-20,32.497632351976016,32.971477233172195,32.02379123653428,32.89250183105469,72541566.0
2025-10-21,32.280456290817746,33.484801000929096,32.22122474149911,33.089935302734375,74538932.0
2025-10-22,33.48480376256725,34.3140266926464,33.12942573460871,33.66249465942383,57939905.0
2025-10-23,33.66249415605397,34.25479839197043,33.544034815172495,34.09685134887695,44660286.0
2025-10-24,34.25479854969996,36.485801014387576,34.1758231449123,35.36042785644531,125917083.0
2025-10-27,35.36042660734839,35.67632068383105,35.241967270106,35.26171112060547,36376558.0
2025-10-28,35.202480267484226,35.893499985657,35.143248714810724,35.79478073120117,13455089.0
2025-10-30,35.79477945301012,36.4068275115172,35.47888538154071,36.28836441040039,40870245.0
2025-10-31,36.288365432704914,36.60426327882808,35.83426816289423,36.308109283447266,38421363.0
2025-11-03,36.32785163283455,37.1768183508973,36.229136148956975,36.722721099853516,43212287.0
2025-11-04,36.60426200540438,37.03861540936201,36.327851870381934,36.50554275512695,41470913.0
2025-11-05,36.46605482644312,36.78194889384213,35.93298594130374,36.426570892333984,39352043.0
2025-11-06,36.525288594227234,37.39399921520391,36.36734155093644,37.137332916259766,29625888.0
2025-11-07,36.99912745745193,37.11758679122431,35.22222238784889,35.538116455078125,43968786.0
2025-11-10,35.99221267051118,36.38708212606456,35.10376204414739,35.22222137451172,36806441.0
2025-11-11,35.06427664723728,35.97247118257263,33.68223722783061,34.748382568359375,50937942.0
2025-11-12,34.886586257710114,35.36042738282575,34.57069217429969,34.90633010864258,29457533.0
2025-11-13,35.00504382408127,35.41965714114837,34.768125156403784,34.94581604003906,27635236.0
2025-11-14,34.748380287300186,35.2617090732179,34.61017710758277,35.22222137451172,26334138.0
2025-11-17,35.301196302854564,35.79478128551377,35.02478991760687,35.36042785644531,30646825.0
2025-11-18,35.16299238919877,35.53811802273894,34.82735445724273,35.12350845336914,29686141.0
2025-11-19,35.24196673799315,35.83426718101648,35.12350740253936,35.69606399536133,34295144.0
2025-11-20,35.913241552183806,36.09093243314726,35.399912758928764,35.67631912231445,22799366.0
2025-11-21,35.45914081871894,35.77503864959402,35.084018969984456,35.75529479980469,25619098.0
2025-11-24,35.53811820112503,36.07119087792299,35.202480267484226,35.79478073120117,38051138.0
2025-11-25,35.93298820638934,36.78195121244329,35.63683420449925,36.24888229370117,41642195.0
2025-11-26,36.24888177045284,36.66349134190682,36.07119087818556,36.3870849609375,34402373.0
2025-11-27,36.52528633681693,36.74246492007723,36.13041687011719,36.13041687011719,30827736.0
2025-11-28,36.150162981661126,36.90041426217715,36.05144749168749,36.841182708740234,36409757.0
2025-12-01,36.86092630910819,37.37425513813876,36.58451992645886,37.0583610534668,40767776.0
2025-12-02,37.09784928210012,37.690149757829225,36.841182981064144,36.92015838623047,37692720.0
2025-12-03,37.03861590420676,37.6309163507672,36.92015656804555,36.95964050292969,44740079.0
2025-12-04,37.01887128731446,37.23604987057475,36.13041687011719,36.13041687011719,33675652.0
2025-12-05,36.071190807521596,37.413742539464515,36.0119592549637,37.275535583496094,32517549.0
2025-12-08,37.61117384766708,40.98729705810547,37.57168991136865,40.98729705810547,91638275.0
2025-12-09,41.85600534112442,42.625996659459496,40.88857552353123,41.16498565673828,222836999.0
2025-12-10,41.18472978248087,41.579595486378594,40.059356689453125,40.059356689453125,67681795.0
2025-12-11,40.11858446013244,40.355506894993404,38.97346751743885,39.170902252197266,60511940.0
2025-12-12,39.24987415020362,40.13832857970511,39.24987415020362,39.54602813720703,32944058.0
2025-12-15,39.5855120581793,40.11858471569651,39.30910568720936,39.84217834472656,34756664.0
2025-12-16,40.07909910976695,40.158074514602184,38.341681626692036,38.99321365356445,55528561.0
2025-12-17,38.91423670923116,39.388081587987514,38.65757418517969,39.111671447753906,26015674.0
2025-12-18,39.17090198408545,39.36833671749248,38.69706088336115,38.7957763671875,21719396.0
2025-12-19,38.795778690131264,38.874754094524555,38.30219370993684,38.321937561035156,20022601.0
2025-12-22,38.46014102648702,38.79577896603639,38.1442469381764,38.40091323852539,30712813.0
2025-12-23,38.26270629013831,38.42065333433608,37.69014966707938,37.80860900878906,28457697.0
2025-12-24,37.808607992061965,38.57860310685506,37.76912029063576,38.381168365478516,34824969.0
2025-12-25,38.49962641347126,39.76320269071816,38.49962641347126,39.170902252197266,32530789.0
2025-12-26,39.11167070000555,39.15115840010604,37.70989123822711,37.986297607421875,36924229.0
2025-12-29,38.08501813064031,38.42065229544983,37.59143316014941,37.78886413574219,25786294.0
2025-12-30,37.7296348610014,38.065272778325095,37.35450924381507,37.907325744628906,23117497.0
2025-12-31,37.98629635281856,38.5588566881023,37.769117775193116,37.88758087158203,28320689.0
2026-01-02,38.4996256450581,38.65757267656151,38.20347543170851,38.6378288269043,23747082.0
2026-01-05,38.67731855165929,39.17090352167459,38.47988381050228,38.97346878051758,29867314.0
2026-01-06,39.09192861762371,39.842179890440775,38.97346927772005,39.72372055053711,39954120.0
2026-01-07,39.82243296322418,40.059355390483816,39.36833572387695,39.36833572387695,30933389.0
2026-01-08,39.388081570608854,39.70397564580409,38.85500890655897,39.40782165527344,30683945.0
2026-01-09,39.526283517399094,39.72371824963896,38.558857471753505,38.71680450439453,46935417.0
2026-01-12,38.73655111935908,39.32885159260506,38.42065326577271,38.99321365356445,48082366.0
2026-01-13,39.01295650342381,39.28936288174344,38.46013998103007,38.67731857299805,59431371.0
2026-01-14,38.71680499626364,38.85500818086103,37.927066057271134,37.986297607421875,60271679.0
2026-01-15,37.98629838549382,38.4996272000517,37.55194497275457,38.22322082519531,53112244.0
2026-01-16,38.22321904551295,39.24987286107305,38.144243647371425,39.15115737915039,64269487.0
2026-01-19,39.58551156472449,39.78294629827948,39.24987364740731,39.38808059692383,48096578.0
2026-01-20,39.2893602830924,39.30910413248856,38.24296262537566,38.479881286621094,65871542.0
2026-01-21,38.46013920552854,38.53911460674426,37.9270665445856,38.44039535522461,42373166.0
2026-01-22,38.637828588493214,39.17090122868577,38.32193452743561,39.15115737915039,55903077.0
2026-01-23,39.486796298190384,39.98038125191776,39.486796298190384,39.76320266723633,58694880.0
2026-01-26,39.388082786205516,40.45422438145416,39.190648041676646,40.39499282836914,68784132.0
2026-01-27,40.51345596120863,40.53319981224996,39.842180088821294,40.09884262084961,52602455.0
2026-01-28,40.09884008415772,41.22421316204,40.09884008415772,41.08600997924805,63451886.0
2026-01-29,41.91523451587564,45.1926383972168,41.38216184745457,45.1926383972168,224383965.0
2026-01-30,45.72571212657059,47.542104998859,44.28444489251418,44.91623306274414,220262648.0
2026-02-02,43.69213744798677,46.298269107311285,42.78394296145651,44.77802658081055,111161718.0
2026-02-03,45.25187121749807,46.12058183863805,44.75828623640222,45.58750915527344,111290946.0
2026-02-04,46.278525525562365,46.85108210391595,45.37032726802161,45.745452880859375,109095535.0
2026-02-05,45.60724972095991,48.86490960836685,45.29135565707526,46.930057525634766,237348857.0
2026-02-06,46.930060318172075,47.22621054996685,45.607252434784556,46.910316467285156,108323437.0
2026-02-09,47.58159278406797,48.055433912568304,46.9695484638077,47.66056442260742,101347367.0
2026-02-10,47.85799740679485,47.85799740679485,46.436474073594596,46.515445709228516,84984623.0
2026-02-11,46.160065685915356,47.68030832853274,46.081094047285056,47.06826400756836,80592970.0
2026-02-12,47.22620948128627,48.78593600851279,47.16697792996586,48.3713264465332,135338510.0
2026-02-13,48.37132719891421,49.1610624000313,48.331839497419736,48.90439987182617,89241844.0
2026-02-16,49.4078540615716,50.246950758437116,48.98337069197297,50.148231506347656,100998879.0
2026-02-17,49.25978065582765,49.25978065582765,47.403900146484375,47.403900146484375,189753832.0
2026-02-18,47.58158947988905,47.996199026377404,45.508530450184395,45.745452880859375,172354980.0
2026-02-19,46.002117217467394,46.1995519565572,43.92906187141047,44.22521209716797,91802168.0
2026-02-20,44.38315911182271,45.62699533140277,44.38315911182271,45.40981674194336,107637359.0
2026-02-23,45.9034029372195,46.81159748884532,45.52827729966536,46.39698791503906,79503932.0
2026-02-24,46.2785262798806,46.51544494866296,45.4295595576094,45.686222076416016,70098522.0
2026-02-25,45.90339992595784,46.12057850699299,44.73853915345814,45.15315246582031,48909857.0
2026-02-26,45.15315245926942,45.84416837018231,44.5608482653743,45.449302673339844,40426468.0
2026-02-27,45.62699458586995,45.80468547147797,43.65265475978477,44.28444290161133,73844335.0
2026-03-02,40.019868209118876,42.48779293194435,40.019868209118876,41.89548873901367,56382551.0
2026-03-03,41.619084209083546,42.19164457757153,40.61217042590962,40.67140197753906,42433822.0
2026-03-04,40.69114685058594,41.34267887186404,40.17781802082826,40.69114685058594,43440096.0
2026-03-05,40.96755323362679,41.36242272290332,40.65165914850738,40.69114685058594,30098302.0
2026-03-06,40.473968563496484,40.96755354597815,39.78294883487124,39.88166809082031,31872698.0
2026-03-09,38.69706116148326,40.059356689453125,38.400910942121385,40.059356689453125,34556364.0
2026-03-10,41.16498614809012,41.79677429023995,40.61216964083184,41.619083404541016,39504441.0
2026-03-11,41.59933979682554,41.77703068356008,40.78986076425903,41.40190505981445,27369030.0
2026-03-12,41.04652631317731,41.89548926525943,40.987294763413956,41.46113586425781,29995313.0
2026-03-13,41.066267947460744,41.52036898127863,40.39499208782158,41.04652786254883,27514359.0
2026-03-16,41.77703144576774,42.231128713150014,41.10575558713548,41.93497848510742,40263872.0
2026-03-17,42.2903601932776,43.810602797938145,42.2903601932776,43.711883544921875,47802633.0
2026-03-18,43.92906164714485,44.422646609472324,42.66548534862794,43.25778579711914,48075981.0
2026-03-19,42.92214734513896,46.475961289718214,42.902403494997735,43.692138671875,73705813.0
2026-03-23,43.139325681821205,48.0554313659668,43.099837981766775,48.0554313659668,190377284.0
2026-03-24,47.976457774256254,49.65464743228264,46.75236915246371,46.83134078979492,140853162.0
2026-03-25,47.364410645319474,48.37132438022696,46.357496910411996,46.554931640625,71261828.0
2026-03-26,46.436474123545494,47.265697010242896,44.73854064941406,44.73854064941406,46979269.0
2026-03-27,45.093922970174816,45.54802023687756,43.968549845844336,44.3041877746582,38926283.0
2026-03-30,44.22521345848213,44.3041888628508,42.448308283487066,42.54702377319336,51480335.0
2026-03-31,42.6457419922926,44.067265344592386,42.62599814168024,43.415733337402344,61424922.0
2026-04-01,44.462132998149904,45.07417727896314,43.692137918928815,44.04751968383789,49137440.0
2026-04-02,43.31701533835204,44.12649433774876,43.238039940482004,44.10675048828125,38981713.0
2026-04-03,44.1857257226068,44.32393268014659,43.060352571493155,43.43547821044922,31316855.0
2026-04-06,43.573680094199695,44.60033772486316,43.37624535510989,44.22521209716797,54816413.0
2026-04-07,44.146239191466464,44.955718209277414,42.96163455674784,43.238040924072266,64715918.0
2026-04-08,45.35058643198778,47.20646700404815,44.95572070896197,46.10083770751953,93633743.0
2026-04-09,45.98237554206373,46.45621664003497,45.528274528139605,45.824424743652344,43300645.0
2026-04-10,46.21929647889865,47.20646642294305,46.100837140024574,46.83134078979492,66284588.0
2026-04-13,46.021858989165494,47.502613816822404,45.94288735654934,47.14723205566406,56008961.0
2026-04-14,47.87774050443498,48.45030085823567,47.18672081616855,47.463130950927734,65789799.0
2026-04-15,47.6210774679862,47.87773998416529,47.12749251969583,47.60133361816406,38920185.0
2026-04-16,47.95671696127978,48.50952971147035,46.14032414117985,46.29827117919922,57350162.0
2026-04-17,46.318011948864296,47.85799841664216,46.19955261003661,47.71979522705078,73018616.0
2026-04-20,47.28544132981228,47.71979474496207,46.969547252293445,47.26569747924805,40999315.0
2026-04-21,47.46313301957272,47.71979554972732,46.554934707074025,46.614166259765625,36099953.0
2026-04-22,46.89057034229101,47.22620825958179,45.962631990136174,46.79185485839844,35252373.0
2026-04-24,46.673393259584394,47.62107925789535,46.59442162308191,47.26569747924805,66587253.0
2026-04-27,47.384156576509696,48.19363561676471,46.574677536254676,46.59442138671875,60594479.0
2026-04-28,46.535189312155424,46.75236789906422,45.70596643075885,45.84416961669922,42582067.0
2026-04-29,46.00211876025804,46.27852891055562,44.955721009771146,45.291358947753906,39159387.0
2026-04-30,45.074178045944215,47.46313119195318,45.034690345670334,47.24595260620117,70282661.0
2026-05-04,47.463132002184665,47.64081912494167,45.25186970390591,45.40981674194336,57107253.0
2026-05-05,45.60725070237858,48.09491933331788,45.60725070237858,47.24595260620117,91491288.0
2026-05-06,47.75928310868959,51.925137725923086,47.48287296270993,48.98337173461914,209233723.0
2026-05-07,49.29926325424264,50.19758770903942,48.11466239155779,48.489784240722656,85829103.0
2026-05-08,48.48978691101403,51.87578014227049,48.43055912407074,51.13540267944336,126439875.0
2026-05-11,51.1354020140386,53.40589211734593,51.08604427030996,51.6783447265625,136485908.0
2026-05-12,51.184759841322204,52.8135917473073,50.39502464311149,50.493743896484375,83273566.0
2026-05-13,51.13540145039955,51.13540145039955,49.18080544740533,49.852081298828125,55097677.0
2026-05-14,50.39502510967144,50.69117534102292,48.31209591615061,48.39107131958008,81779859.0
2026-05-15,48.15414917522926,48.470043259407326,47.265698475636384,47.58159255981445,57822032.0
2026-05-18,47.50261462773393,47.91722794474789,45.311100006103516,45.311100006103516,58894212.0
2026-05-20,45.25187121749807,45.72571234745955,44.62008304421611,45.58750915527344,41483091.0
2026-05-21,45.705965708814475,45.74545340867496,41.658570616972405,42.34959030151367,45403715.0
2026-05-22,41.59933977867075,44.93597515886336,41.59933977867075,44.659568786621094,102932930.0
2026-05-25,44.837254887917325,46.57467601444215,44.79777095403372,46.12057876586914,74422668.0
2026-05-26,46.100837737724284,46.258784780189,45.21238327026367,45.21238327026367,16884521.0
2026-05-27,45.21238327026367,45.21238327026367,45.21238327026367,45.21238327026367,0.0
2026-05-28,45.21238327026367,45.21238327026367,45.21238327026367,45.21238327026367,0.0
2026-05-29,45.21238327026367,45.21238327026367,45.21238327026367,45.21238327026367,0.0
2026-06-01,45.65999984741211,46.58000183105469,45.119998931884766,45.5,49939412.0
2026-06-02,45.91999816894531,47.34000015258789,45.91999816894531,47.099998474121094,53162824.0
2026-06-03,46.84000015258789,47.52000045776367,46.099998474121094,46.31999969482422,51399139.0
2026-06-04,46.52000045776367,46.720001220703125,45.08000183105469,45.47999954223633,57864228.0
2026-06-05,45.459999084472656,45.779998779296875,44.65999984741211,44.79999923706055,41963282.0
2026-06-08,44.2400016784668,45.2599983215332,43.939998626708984,45.02000045776367,39667254.0
2026-06-09,45.099998474121094,45.47999954223633,44.31999969482422,44.34000015258789,43460376.0
2026-06-10,44.34000015258789,44.68000030517578,43.84000015258789,44.20000076293945,35468839.0
2026-06-11,44.220001220703125,44.63999938964844,42.939998626708984,43.65999984741211,55161858.0
2026-06-12,44.34000015258789,45.63999938964844,44.13999938964844,44.7599983215332,74776497.0
2026-06-15,46.599998474121094,46.7400016784668,45.900001525878906,46.400001525878906,48307376.0
2026-06-16,46.380001068115234,46.5,45.560001373291016,45.939998626708984,39110733.0
2026-06-17,46.099998474121094,46.380001068115234,44.81999969482422,44.900001525878906,44964646.0
2026-06-18,45.20000076293945,47.400001525878906,45.15999984741211,47.400001525878906,74409431.0
2026-06-19,46.900001525878906,48.13999938964844,45.81999969482422,46.279998779296875,76961564.0
2026-06-22,46.47999954223633,47.18000030517578,46.060001373291016,46.31999969482422,46678425.0
2026-06-23,45.900001525878906,46.08000183105469,44.959999084472656,45.13999938964844,33248263.0
2026-06-24,45.20000076293945,45.540000915527344,44.900001525878906,45.099998474121094,41656845.0
2026-06-25,45.5,45.880001068115234,44.08000183105469,44.2400016784668,63267560.0
2026-06-26,44.15999984741211,45.31999969482422,44.119998931884766,45.31999969482422,42645894.0
2026-06-29,45.47999954223633,45.65999984741211,44.939998626708984,44.939998626708984,51325639.0
2026-06-30,45.0,45.58000183105469,44.099998474121094,44.29999923706055,50172411.0
2026-07-01,44.29999923706055,45.18000030517578,43.86000061035156,44.86000061035156,46507002.0
2026-07-02,45.060001373291016,45.31999969482422,44.29999923706055,44.5,49836281.0
2026-07-03,44.68000030517578,44.81999969482422,44.02000045776367,44.34000015258789,44328513.0
2026-07-06,44.439998626708984,44.7599983215332,43.20000076293945,43.47999954223633,60662528.0
2026-07-07,43.459999084472656,43.7400016784668,42.959999084472656,43.15999984741211,58796153.0
2026-07-08,43.0,43.0,41.58000183105469,41.619998931884766,52417930.0
2026-07-09,42.0,43.439998626708984,41.880001068115234,42.220001220703125,65221894.0
2026-07-10,42.15999984741211,43.779998779296875,42.099998474121094,43.439998626708984,54565607.0
2026-07-13,43.439998626708984,43.459999084472656,42.81999969482422,43.13999938964844,25698166.0
2026-07-14,43.0,43.84000015258789,42.65999984741211,43.599998474121094,39624568.0
2026-07-16,43.599998474121094,45.380001068115234,43.599998474121094,45.0,56179337.0
2026-07-17,44.68000030517578,45.15999984741211,44.08000183105469,44.20000076293945,33073577.0
2026-07-20,44.099998474121094,44.959999084472656,43.959999084472656,44.5,40693138.0
2026-07-21,44.84000015258789,44.939998626708984,43.099998474121094,43.18000030517578,44247206.0
2026-07-22,43.220001220703125,43.7400016784668,43.099998474121094,43.619998931884766,34329621.0
2026-07-23,43.619998931884766,44.400001525878906,43.380001068115234,43.68000030517578,43967135.0
2026-07-24,43.70000076293945,44.02000045776367,42.959999084472656,43.41999816894531,40136621.0
2026-07-27,43.900001525878906,44.2400016784668,42.779998779296875,42.959999084472656,38391152.0
2026-07-28,42.97999954223633,43.08000183105469,42.13999938964844,42.52000045776367,30180287.0
2026-07-29,42.540000915527344,42.939998626708984,41.63999938964844,41.84000015258789,38344146.0
2026-07-30,41.70000076293945,41.959999084472656,41.13999938964844,41.34000015258789,36982330.0
2026-07-31,41.400001525878906,41.81999969482422,41.02000045776367,41.7400016784668,39419904.0
2026-08-03,42.099998474121094,42.400001525878906,41.560001373291016,42.13999938964844,37054396.0
2026-08-04,42.0,42.619998931884766,41.65999984741211,42.439998626708984,52724356.0
2026-08-05,42.279998779296875,42.79999923706055,41.97999954223633,42.439998626708984,45556303.0
2026-08-06,42.599998474121094,42.880001068115234,41.70000076293945,41.880001068115234,40994304.0
2026-08-07,41.779998779296875,41.97999954223633,41.13999938964844,41.34000015258789,31433475.0
2026-08-10,41.36000061035156,41.880001068115234,41.08000183105469,41.47999954223633,38077175.0
2026-08-11,41.31999969482422,41.34000015258789,40.220001220703125,40.84000015258789,42581172.0
2026-08-12,40.7599983215332,41.2400016784668,39.97999954223633,40.959999084472656,71008320.0
2026-08-13,40.959999084472656,41.880001068115234,40.58000183105469,41.63999938964844,77338346.0
2026-08-14,41.900001525878906,42.58000183105469,41.31999969482422,41.400001525878906,56283196.0
2026-08-17,40.0,40.119998931884766,38.58000183105469,38.63999938964844,148572035.0
2026-08-18,38.68000030517578,38.68000030517578,37.97999954223633,38.119998931884766,85479200.0
2026-08-19,38.13999938964844,39.08000183105469,38.08000183105469,38.84000015258789,68761626.0
2026-08-20,38.900001525878906,40.31999969482422,38.880001068115234,40.0,85162197.0
2026-08-21,40.040000915527344,40.560001373291016,39.779998779296875,39.900001525878906,48090562.0
2026-08-24,40.20000076293945,40.63999938964844,39.720001220703125,39.7400016784668,44027047.0
2026-08-25,39.70000076293945,40.380001068115234,39.31999969482422,39.70000076293945,66534344.0
2026-08-26,39.86000061035156,40.86000061035156,39.86000061035156,40.2400016784668,59644615.0
2026-08-27,40.31999969482422,40.47999954223633,39.880001068115234,40.040000915527344,31292856.0
2026-08-28,40.119998931884766,40.47999954223633,40.02000045776367,40.13999938964844,30877364.0
2026-08-31,40.20000076293945,40.380001068115234,39.459999084472656,39.619998931884766,54046067.0
2026-09-01,39.65999984741211,40.220001220703125,39.41999816894531,39.560001373291016,49808362.0
2026-09-02,39.29999923706055,39.400001525878906,38.380001068115234,39.099998474121094,42293640.0
2026-09-03,39.2599983215332,39.439998626708984,38.540000915527344,38.68000030517578,39470037.0
2026-09-04,38.68000030517578,39.220001220703125,38.5,39.08000183105469,38364223.0
2026-09-08,41.900001525878906,45.81999969482422,41.7400016784668,45.81999969482422,234854970.0
2026-09-09,45.060001373291016,48.279998779296875,44.34000015258789,44.86000061035156,306624581.0
2026-09-10,44.939998626708984,45.2599983215332,43.779998779296875,44.060001373291016,75421850.0
2026-09-11,44.02000045776367,46.0,43.36000061035156,44.97999954223633,150938689.0
2026-09-14,44.5,44.779998779296875,43.52000045776367,43.52000045776367,54336288.0
2026-09-15,43.52000045776367,44.02000045776367,42.380001068115234,42.400001525878906,69199284.0
2026-09-16,42.459999084472656,42.63999938964844,38.15999984741211,38.220001220703125,167004117.0
