Date,Open,High,Low,Close,Volume
2021-09-17,13.440880980995539,13.57900165846469,13.363187894103097,13.501309394836426,8995587.0
2021-09-20,13.33729076385498,13.414983852442345,13.190537335026445,13.33729076385498,5513313.0
2021-09-21,13.380452646815153,13.458145729389889,13.233699229343792,13.276862144470215,4535364.0
2021-09-22,13.345922853317479,13.414983190149163,13.225066852229954,13.38908576965332,4854143.0
2021-09-23,13.440879747875886,13.52720557500632,13.156005670915196,13.311391830444336,12448420.0
2021-09-24,13.250965370329148,13.45814638511354,13.242332622230421,13.294127464294434,9846109.0
2021-09-27,13.397717841630286,13.41498251333509,13.11284293749193,13.225066184997559,11670899.0
2021-09-28,13.27686242984176,13.294127102304936,13.05241592497143,13.11284351348877,7936811.0
2021-09-29,13.250964259043718,13.294126349389238,13.121475518214853,13.173271179199219,7382079.0
2021-09-30,13.216433220888955,13.242330638040574,12.974721249927034,13.233697891235352,18840773.0
2021-10-01,13.164638534054074,13.164638534054074,13.009252373158429,13.026517868041992,9864069.0
2021-10-04,13.026517875464826,13.078312713616818,12.914294628450037,12.957457542419434,12162144.0
2021-10-05,13.00925208602871,13.00925208602871,12.82796851007297,12.836601257324219,10110182.0
2021-10-06,12.81070319068552,12.940191099846512,12.784805773506132,12.8193359375,9758051.0
2021-10-07,12.888397108679886,13.10421085357666,12.888397108679886,13.10421085357666,7421057.0
2021-10-08,13.095578596917761,13.112843269059116,12.991988094277236,13.00062084197998,4780324.0
2021-10-11,13.017886542704725,13.104212380024768,13.000621869199236,13.061049461364746,7376915.0
2021-10-12,12.966090195411795,13.10421086049641,12.95745744802798,13.035150527954102,5935903.0
2021-10-13,13.061049534570994,13.147374549110683,13.026519364102278,13.121477127075195,11846542.0
2021-10-14,13.061048114532603,13.173271362170716,13.017885200323466,13.086945533752441,11089347.0
2021-10-15,13.112843240850022,13.34592248873789,13.026518233800692,13.207801818847656,12147955.0
2021-10-18,13.199167727278512,13.30275821914903,13.086944488602773,13.233697891235352,9610255.0
2021-10-19,13.276862310082077,13.371820065933381,13.276862310082077,13.328657150268555,7803696.0
2021-10-20,13.337288851788395,13.440879347299163,13.233698356277628,13.406349182128906,11061542.0
2021-10-21,13.380451575308333,13.69985580444336,13.250963663562588,13.69985580444336,22101507.0
2021-10-22,13.596266637633114,13.81208039378602,13.527206301525316,13.743020057678223,10392317.0
2021-10-25,13.587633343207784,13.699856590684538,13.553103176542946,13.648061752319336,9441689.0
2021-10-26,13.682591795345013,13.708489214293598,13.570368548882335,13.579000473022461,9425856.0
2021-10-27,13.58058189617952,13.757642767230898,13.554022976595022,13.67796516418457,13120639.0
2021-10-28,13.633699182021475,13.704523527567604,13.53631591796875,13.53631591796875,3956410.0
2021-11-01,13.58943515181728,13.810761451721191,13.571728642564409,13.810761451721191,7387254.0
2021-11-02,13.872730925850295,14.005526352571366,13.793053332100559,13.80190658569336,12511685.0
2021-11-03,13.793054814967995,14.023234367370605,13.686818293311287,14.023234367370605,10678917.0
2021-11-04,14.085204138779412,15.014773827113888,14.085204138779412,14.89968490600586,34345543.0
2021-11-05,14.899687406395048,15.094453955026243,14.731478934776515,14.881980895996094,21164683.0
2021-11-08,14.864275252649943,15.059041790516595,14.740331375293277,14.935099601745605,13399445.0
2021-11-09,14.926245360109803,15.050187540685716,14.740330400660367,14.749183654785156,16327036.0
2021-11-10,14.766889464604084,15.032480321443817,14.73147644977986,14.979362487792969,18441746.0
2021-11-11,14.917391874786441,15.422015531979492,14.899685366811289,15.174129486083984,20910866.0
2021-11-12,15.209541604771793,15.439721129113076,15.209541604771793,15.280365943908691,13540162.0
2021-11-15,15.483987492422957,15.891228755834799,15.483987492422957,15.572518348693848,23389309.0
2021-11-16,15.793845689180458,16.09484960724892,15.289221970237959,15.333486557006836,21346919.0
2021-11-17,15.333486685464202,15.723021468919525,15.147573393174515,15.61678409576416,19948029.0
2021-11-18,15.678753230214621,16.03287663733909,15.457426945054603,15.855814933776855,19668879.0
2021-11-19,15.873521787119142,16.041730240303455,15.75843117072466,15.95319938659668,11182741.0
2021-11-22,16.024024067787177,16.121406489179215,15.678753899950758,15.784991264343262,10641636.0
2021-11-23,15.758431796502453,16.015171113588828,15.58137177064332,15.776138305664062,26753259.0
2021-11-24,16.068290685215054,16.661445297406676,15.864670873656129,16.33388328552246,32606668.0
2021-11-25,16.35158457499205,16.90047447949577,16.35158457499205,16.87391471862793,14988263.0
2021-11-26,16.643737536668898,16.953594702802853,16.059436223884045,16.263057708740234,17624392.0
2021-11-29,16.3250298746665,16.555209450641932,16.192234420069166,16.360441207885742,13493775.0
2021-11-30,16.378145649383093,16.732267379760742,16.271908285977,16.732267379760742,28489686.0
2021-12-01,16.794240135306048,17.387394725671932,16.723415782213962,17.263452529907227,17972173.0
2021-12-02,17.360834611159877,17.546747882988146,17.1040953059659,17.475923538208008,13157549.0
2021-12-03,17.64413483935628,17.971696853637695,17.369690670090744,17.971696853637695,13834919.0
2021-12-06,18.060224024932445,18.060224024932445,17.68839580874624,18.024812698364258,7815960.0
2021-12-07,18.060224501430284,18.29040404024576,17.812340143156344,18.219579696655273,13125940.0
2021-12-08,18.308111870066043,18.485171897532556,17.883165777843608,18.237287521362305,16734765.0
2021-12-09,18.254992914666104,18.48517076744209,17.830045159837173,17.953989028930664,21942518.0
2021-12-10,17.953988412303623,17.953988412303623,17.059830039926965,17.70610237121582,20126125.0
2021-12-13,17.97169544362863,18.449761077021396,17.84775325212045,18.2726993560791,19348306.0
2021-12-14,18.59140826318007,19.158003022281985,18.485170901555676,19.051767349243164,17112186.0
2021-12-15,19.476713231437348,19.653774936248276,18.99864764159918,19.582950592041016,19866127.0
2021-12-16,20.007896663082967,20.89320181022305,19.72459928617183,20.627609252929688,21862763.0
2021-12-17,21.052558811088513,21.26503186198083,18.57370317350675,18.59140968322754,37024008.0
2021-12-20,17.307715845065328,19.1225925035888,16.900476266868804,18.768470764160156,20539263.0
2021-12-21,20.007899400187323,20.007899400187323,16.891624450683594,16.891624450683594,11162838.0
2021-12-22,16.112554287215055,16.820797726584388,15.306926741712859,15.962052345275879,20778927.0
2021-12-23,16.121407829890675,16.927037162784128,15.953201047776858,16.484384536743164,14772976.0
2021-12-24,16.64373886461342,17.360837369088777,16.493236896973812,17.112951278686523,6644101.0
2021-12-27,17.236891056622092,17.42280602043636,16.378145649383093,16.732267379760742,8912675.0
2021-12-28,16.882771494955364,17.174922171118936,16.068290566168155,16.466678619384766,11902728.0
2021-12-29,16.46667692389401,17.405099955463548,16.28961520989871,17.35198211669922,7818429.0
2021-12-30,17.475924728435157,17.502484492756196,16.634885787963867,16.634885787963867,7734794.0
2021-12-31,16.696856818417785,17.166067499513897,15.873522702082601,16.34273338317871,7005212.0
2022-01-03,16.608325806322604,17.086389737746,16.484383618284255,16.900476455688477,5656518.0
2022-01-04,17.05097684091071,17.484776147769413,16.79423754518191,17.387392044067383,9426542.0
2022-01-05,17.387392536014875,17.86545812562126,17.10409515932319,17.84775161743164,9894682.0
2022-01-06,17.635280152481435,17.794635363181698,17.31656973108091,17.440513610839844,11286216.0
2022-01-07,17.706105158879208,17.72381166929867,16.89162425402733,17.263452529907227,14199271.0
2022-01-10,17.706103944834094,17.794634802275397,17.298864364624023,17.298864364624023,12639533.0
2022-01-11,17.43165973998129,17.484777578809133,17.015565218170508,17.27230453491211,10559843.0
2022-01-12,17.449364288399337,17.989400988581416,17.449364288399337,17.776927947998047,27583274.0
2022-01-13,17.68839597498564,17.830044659760627,17.396245351564033,17.493629455566406,13627104.0
2022-01-14,17.44936451452888,17.44936451452888,16.847358402700642,17.166067123413086,18527482.0
2022-01-17,17.26345125970157,17.4936308124612,17.228038241468248,17.35198211669922,9239964.0
2022-01-18,17.254597623729328,17.254597623729328,16.45782330553451,16.493234634399414,12168909.0
2022-01-19,16.493235962822958,16.776535059488136,16.050583340552407,16.696857452392578,15038256.0
2022-01-20,16.758828772510096,16.88277096804892,16.05058355429423,16.245351791381836,21028625.0
2022-01-21,16.236497154724205,16.378145848598205,15.855815656718221,16.20108413696289,17351949.0
2022-01-24,16.183378698251634,16.307320878508765,15.634488764025424,15.643342018127441,14396341.0
2022-01-25,15.846962209523818,16.732267379760742,15.7141667717054,16.732267379760742,18808623.0
2022-01-26,16.82080048969682,16.82080048969682,16.404707611789956,16.41356086730957,8068243.0
2022-01-27,16.024025001095755,17.130656538621903,15.962053905168007,17.121803283691406,15482567.0
2022-01-28,17.25459690242021,17.272303410405268,16.581764796257964,16.643735885620117,12148628.0
2022-01-31,16.741120825612686,16.803091918064528,16.21879063411057,16.546354293823242,13696486.0
2022-02-01,16.626032469087107,16.89162335693073,16.34273338317871,16.34273338317871,14022908.0
2022-02-02,16.386998021192515,16.448969109597943,15.970905221480693,16.024023056030273,13109994.0
2022-02-03,16.015168484450648,16.236494746879668,15.891226317837717,16.006315231323242,15346448.0
2022-02-04,16.050581805947104,16.130259405424642,15.882375041348379,15.95319938659668,9519721.0
2022-02-07,15.95320109856731,16.333882628348242,15.448577373447758,16.325029373168945,14737997.0
2022-02-08,16.360441419495455,16.395854441758555,15.838111161215616,15.98861312866211,21789593.0
2022-02-09,16.11255390600325,16.139111978985284,15.917785698345599,16.024023056030273,23574630.0
2022-02-10,16.04172941367558,16.502086789774605,15.953198564530787,16.475528717041016,20682244.0
2022-02-11,16.4224102324607,16.732267379760742,16.015170664672805,16.732267379760742,17430023.0
2022-02-14,16.46667540813375,16.73226626609337,16.015169598734,16.369291305541992,14439197.0
2022-02-15,16.404705580779154,17.09524253995769,16.404705580779154,16.62603187561035,12972838.0
2022-02-16,16.688004222733195,16.767681829950106,16.466677911260835,16.61717987060547,7480884.0
2022-02-17,16.661442733011274,16.714560569462954,16.085994720458984,16.085994720458984,10630491.0
2022-02-18,16.112553393123143,17.006710052490234,16.112553393123143,17.006710052490234,29036750.0
2022-02-21,17.1395097935524,17.387394177263396,16.71456199981721,17.121803283691406,17906106.0
2022-02-22,16.749975550664086,18.715352615739796,16.74112229545286,18.361230850219727,42958416.0
2022-02-23,18.67993938048598,18.803881563645113,17.86545855847112,18.201873779296875,36053831.0
2022-02-24,16.865063086409744,18.166462788097235,16.634885224434424,17.72381019592285,24892242.0
2022-02-25,17.971694675214064,18.20187422716299,17.369688564638768,17.591014862060547,20345813.0
2022-02-28,17.17491944117174,18.166461944580078,16.63488445203248,18.166461944580078,26371468.0
2022-03-01,18.219579846485864,18.76846978026517,17.83004510924202,17.84775161743164,13981032.0
2022-03-02,17.84775186343775,18.733057022094727,17.794634026722296,18.733057022094727,12759092.0
2022-03-03,19.0340613850474,19.122592240834514,18.59140879469746,18.927824020385742,14889946.0
2022-03-04,18.715353438203405,18.78617779441986,17.971696853637695,17.971696853637695,11740275.0
2022-03-07,17.97169423301163,18.485171162852374,17.67069034083751,18.201873779296875,10987750.0
2022-03-08,17.91857592880537,18.378935009379468,17.84775158476209,18.00710678100586,9115809.0
2022-03-09,18.148757205271227,18.857000713457282,18.095639364303704,18.378936767578125,11550062.0
2022-03-10,18.396644592285156,18.80388421645218,17.989403279532294,18.396644592285156,11528278.0
2022-03-11,18.39664157470858,19.40588890260818,18.325817230445193,19.158002853393555,13770960.0
2022-03-14,19.264240298757812,19.335064643332505,18.92782339558884,19.10488510131836,8306043.0
2022-03-15,19.1048853428398,19.299651870736028,18.67993927001953,18.67993927001953,9998290.0
2022-03-16,18.733060180704335,18.91012191772461,18.396644906668854,18.91012191772461,8937693.0
2022-03-17,19.016355341219533,19.529832291039163,18.857000134622808,19.38818359375,9642507.0
2022-03-18,19.388183049519288,19.512126922607422,18.83929478507762,19.512126922607422,16377210.0
2022-03-21,19.476714364281367,19.600656551706656,19.158003952518445,19.441301345825195,10856694.0
2022-03-22,19.45900794239458,19.494420961009705,19.17571054781626,19.38818359375,8844825.0
2022-03-23,19.38818427545122,19.76001254105541,19.317359924316406,19.317359924316406,13569385.0
2022-03-24,19.33506647456587,19.476715177130874,19.211124281967926,19.42359733581543,8616565.0
2022-03-25,19.40588875325654,19.9370721754366,19.335064409538237,19.529830932617188,10847155.0
2022-03-28,19.56524617912595,19.67148186252106,19.211124420166016,19.211124420166016,7754669.0
2022-03-29,19.29965277959518,19.547538844706583,19.05176840306945,19.494421005249023,11309798.0
2022-03-30,19.49442083435789,19.883953905079526,19.423596486173444,19.866249084472656,9823140.0
2022-03-31,19.848541311459623,20.273487373508626,19.618361772370026,19.95477867126465,11188857.0
2022-04-01,20.02560442137673,20.291195306663937,19.600656640897267,19.653776168823242,8889694.0
2022-04-04,19.74230570586915,20.22037133459225,19.671481355901175,20.167253494262695,9114071.0
2022-04-05,20.273488575924905,20.450550289906257,19.88395381831732,19.91936683654785,11682325.0
2022-04-06,19.937073475134724,20.238077377706357,19.56524522422775,19.706893920898438,8605384.0
2022-04-07,19.760010608266384,19.990190149086363,19.582950592041016,19.582950592041016,10044031.0
2022-04-08,19.67147975586092,19.777717116464586,19.529831067446402,19.582950592041016,10857785.0
2022-04-11,19.671480155028448,20.114132737452373,19.636068826499045,20.09642791748047,23461478.0
2022-04-12,20.149548376343958,20.167254887205356,19.760013580322266,19.760013580322266,17846420.0
2022-04-13,19.919366160509725,20.344312233340055,19.848541815038,19.990190505981445,32014121.0
2022-04-14,20.131838458215483,20.539079696173935,20.04330760747795,20.379724502563477,21401854.0
2022-04-15,20.80467509117448,20.9463238077722,20.34431591793894,20.468259811401367,15896179.0
2022-04-18,20.556788176898845,20.716143398892655,20.344315110435712,20.485963821411133,15164675.0
2022-04-19,20.52137488948098,20.804672284457332,20.485961870816105,20.64531707763672,15954567.0
2022-04-20,20.804671059348195,20.98173276507475,20.18495677789083,20.840084075927734,14349678.0
2022-04-21,20.928612510397524,21.229616386484928,20.786963826189986,20.804670333862305,9677968.0
2022-04-22,20.76925826918321,20.84008430311439,20.061014815727273,20.149545669555664,10622591.0
2022-04-25,20.078720623207175,20.698433201198863,19.476712864494566,20.379724502563477,17921829.0
2022-04-26,20.50366905712062,21.17650123669727,20.379726864872673,20.574493408203125,16177118.0
2022-04-27,20.574491023317634,20.999437080555168,20.34431148683425,20.379724502563477,12576715.0
2022-04-28,20.432841664715536,21.01714289632241,20.238075150375067,20.45054817199707,9768323.0
2022-04-29,20.131838853454244,20.362018394456634,19.034060673079026,19.158002853393555,22992170.0
2022-05-05,19.38818381617313,19.4944211846516,18.85700035095215,18.85700035095215,12595088.0
2022-05-06,18.750766460604556,18.963239529253926,17.865461163605936,17.971696853637695,26278501.0
2022-05-09,18.024814973062746,18.432054567210024,18.007108463251374,18.2726993560791,19195807.0
2022-05-10,18.48517361971646,18.803884062868995,18.43205577538631,18.60911750793457,3660729.0
2022-05-11,18.44976191549922,18.502879758761644,17.74151837671425,17.989402770996094,16581010.0
2022-05-12,17.74151740921028,17.794635249576015,17.281158289812073,17.57330894470215,17015311.0
2022-05-13,17.706104479136748,17.794635339249574,17.3431294724013,17.520191192626953,11601442.0
2022-05-16,17.573307680336715,17.679543353424727,17.192626193169247,17.31656837463379,12211715.0
2022-05-17,17.458217790058796,17.484777553727444,17.086389541625977,17.086389541625977,12760262.0
2022-05-18,17.104095495073732,17.245744186200117,16.785385095746577,16.944740295410156,16006580.0
2022-05-20,16.98015500510503,16.98015500510503,16.466678026440942,16.484384536743164,19796959.0
2022-05-23,16.64373653564467,16.997859954833984,16.52864760641807,16.997859954833984,17876619.0
2022-05-24,16.980154281208925,17.210333839567525,16.634885787963867,16.634885787963867,15523404.0
2022-05-25,16.723414804650737,16.98015412496802,16.679150219775323,16.92703628540039,14495159.0
2022-05-26,17.024416569425032,17.449362609710494,17.006710062266773,17.431657791137695,17076869.0
2022-05-27,17.422808658331633,17.537897604909777,16.77653619147053,16.82080078125,15095428.0
2022-05-30,16.927036049652653,17.440512994550204,16.927036049652653,17.27230453491211,15677357.0
2022-05-31,17.281158495268887,17.58216240856286,17.121803283691406,17.121803283691406,46390456.0
2022-06-01,17.298864253011057,17.44051294856895,17.095242775634137,17.166067123413086,17511422.0
2022-06-02,17.22803821664646,17.316569073516558,16.944740825530666,17.166067123413086,17440697.0
2022-06-03,17.254596724945642,17.564453857154874,17.112948039693226,17.17491912841797,19330347.0
2022-06-06,17.290009628950866,17.493629401613735,17.2634498674179,17.387392044067383,12834065.0
2022-06-07,17.387390982171414,17.405097488778676,16.962444955109664,17.050975799560547,18224190.0
2022-06-08,17.112947848983897,17.148360864195116,16.103700555661256,16.156818389892578,24866264.0
2022-06-09,16.37814535382157,16.448969698618995,15.96205253920988,16.085994720458984,19937583.0
2022-06-10,15.979757478507624,16.201083768728427,15.599077677739741,15.87352180480957,20564804.0
2022-06-13,15.776139852878122,16.06829052835417,15.714168753320449,15.75843334197998,15032237.0
2022-06-14,15.846964207884866,16.05058401745603,15.607931376517422,15.75843334197998,20134906.0
2022-06-15,15.767284393310547,15.882375009474055,15.634488957309687,15.767284393310547,14943468.0
2022-06-16,15.802696358000865,16.006316125550732,15.280366214400447,15.430868148803711,22942441.0
2022-06-17,15.492841332403035,15.820405006408691,15.422016982426905,15.820405006408691,18945833.0
2022-06-20,15.873522072214378,15.926639909958226,15.6079295063239,15.678753852844238,17459674.0
2022-06-21,15.767284275232633,16.024023579685803,15.68760667651169,15.979757308959961,30542905.0
2022-06-22,15.979757308959961,16.174525522982524,15.917786218529354,15.979757308959961,31542319.0
2022-06-23,16.024024545741835,16.068289130550728,15.669902801513672,15.669902801513672,23129989.0
2022-06-24,15.501695688300217,15.962054840136961,15.483989177402076,15.75843334197998,24312771.0
2022-06-27,15.236102278378697,15.705314660651718,15.209544202033065,15.62563705444336,34732629.0
2022-06-28,15.625635191865731,15.723019296420132,15.191835881210125,15.386602401733398,31101485.0
2022-06-29,15.404310636032342,15.422017145860442,14.758038224578137,14.766891479492188,24353525.0
2022-06-30,14.749185250478938,14.820009602554071,14.271121296118226,14.34194564819336,40632010.0
2022-07-01,14.350797254405768,14.828862898675267,14.350797254405768,14.678360939025879,17087511.0
2022-07-04,14.811155345513619,15.377751812370827,14.811155345513619,14.9970703125,19682451.0
2022-07-05,15.085601312729635,15.30692761117753,14.943950928224183,15.014775276184082,19594348.0
2022-07-06,15.289222186943377,15.66105046226369,15.094453949793925,15.563666343688965,20941702.0
2022-07-07,15.563663846147323,15.696459275611884,15.448574924234169,15.58137035369873,11329115.0
2022-07-08,15.581373571776346,15.607931650003096,15.342340736220518,15.413165092468262,5626513.0
2022-07-13,15.864668241015442,15.864668241015442,14.908538753461219,15.227249145507812,18458681.0
2022-07-14,15.112158810725896,15.200689664441255,14.873126012270108,14.952803611755371,14156571.0
2022-07-18,15.17413077900267,15.289221402061967,15.112159684394904,15.271514892578125,14300711.0
2022-07-19,15.244956379375317,15.900082086766911,15.156427201862638,15.864670753479004,25795818.0
2022-07-20,15.873521735092455,16.192232131958008,15.643342191643509,16.192232131958008,19776025.0
2022-07-21,16.192232874028807,16.2010844400491,15.767285095871356,15.882375717163086,19767364.0
2022-07-22,15.953202516415232,16.006320363626116,15.723022927053501,15.838111877441406,17079045.0
2022-07-25,15.84696214533746,15.87352190822781,15.7230199623537,15.740726470947266,21569885.0
2022-07-26,15.861207489047155,15.89779529541946,15.632528028991326,15.696557998657227,12666598.0
2022-07-27,15.751441068038067,15.751441068038067,15.486173793400376,15.531908988952637,11845946.0
2022-07-28,15.659971719903947,15.687412141188513,15.303230541030647,15.3123779296875,15698379.0
2022-07-29,15.358113433694493,15.531908567829607,15.202611330472772,15.477025985717773,15563538.0
2022-08-01,15.550204456716346,15.852061296971048,15.522762291352842,15.778883934020996,21463252.0
2022-08-02,15.824619728003038,15.92523926010872,15.531910265171252,15.57764720916748,23302867.0
2022-08-03,15.66911685630531,15.83376635742319,15.623381659188537,15.733148574829102,17130940.0
2022-08-04,15.833765727535221,16.007562610099775,15.815472696227793,15.824618339538574,24457137.0
2022-08-05,15.879502276608358,16.080739573523072,15.7514405924937,15.952679634094238,26582651.0
2022-08-08,16.19050801046555,16.657012618047048,16.153918455925673,16.565542221069336,33627966.0
2022-08-09,16.602128194131605,16.629570357000425,16.163064056345288,16.272830963134766,22493930.0
2022-08-10,16.327715377098357,16.592982669198715,16.25453801258592,16.49236488342285,26931131.0
2022-08-11,16.611277768287653,16.84910464373171,16.58383560180664,16.58383560180664,25705055.0
2022-08-12,16.592980902056727,16.74848300317054,16.217946730785613,16.2819766998291,30669201.0
2022-08-15,16.29112547467135,16.3917450029849,15.760589157111996,15.778883934020996,31652356.0
2022-08-16,15.824618405374371,15.85206056947848,15.037962225934528,15.605086326599121,53920413.0
2022-08-17,15.73314687422523,15.96182632446289,15.61423258307763,15.96182632446289,41549969.0
2022-08-18,16.03500591904859,16.592982669198715,15.8795038013739,16.49236488342285,69063216.0
2022-08-19,16.739334296989856,17.416226974182067,16.611274368989765,17.114368438720703,82395079.0
2022-08-22,17.416228517755705,18.568771461275993,17.150959506604362,18.202884674072266,93118477.0
2022-08-23,18.56877142667793,19.135897254301383,18.19373725240716,18.934659957885742,65411080.0
2022-08-24,18.95295572569266,19.593259003086672,18.367536782717156,19.0444278717041,78544664.0
2022-08-25,19.30054829798433,20.782390338849122,19.15419357159487,20.03232192993164,88993785.0
2022-08-26,20.361619074613593,20.818977988927415,19.355429114186027,19.73961067199707,97260551.0
2022-08-29,19.593256346696446,20.270147343912704,19.20907478128335,20.196969985961914,65997130.0
2022-08-31,20.251852693125016,20.599446454048877,19.757905960083008,19.757905960083008,63973825.0
2022-09-01,19.77620112993361,20.142087929234584,19.483489945806955,19.629844665527344,48751436.0
2022-09-02,19.940848932557227,20.215265341255428,19.62984471617746,19.9957332611084,53455647.0
2022-09-05,20.233561651509625,21.27633954744095,20.068912142744463,21.020217895507812,90675606.0
2022-09-06,21.2763372223439,21.825168276689016,20.215264664796727,21.148277282714844,113116473.0
2022-09-07,21.45928211771865,23.105775462880743,21.312927386329044,22.721593856811523,122932300.0
2022-09-08,23.142363839945162,23.398485498490224,22.008113771564553,22.227645874023438,100726330.0
2022-09-09,22.227645097168367,22.721593618951932,21.953230414857053,21.971525192260742,87321128.0
2022-09-12,22.227643216389595,23.61801477707639,22.099583274771497,23.599720001220703,100940629.0
2022-09-13,24.1485532326521,24.18514278764925,21.239749908447266,21.239749908447266,88535887.0
2022-09-14,21.203160534125725,22.538647788663773,20.489679966483966,22.35570526123047,75765660.0
2022-09-15,22.447178741412287,22.79477078562926,20.727508063514033,21.075101852416992,73291422.0
2022-09-16,21.14827953796431,21.71540368367317,20.343326773835205,21.16657257080078,44162858.0
2022-09-19,21.294631180377035,21.55075104980226,19.50178337097168,19.50178337097168,35027889.0
2022-09-20,19.52007937846647,20.599446738304685,19.501784602442058,20.581151962280273,39128051.0
2022-09-21,20.45309403007645,20.800686085280212,19.90426290819353,20.28844451904297,32830241.0
2022-09-22,20.178675292639696,20.617741186821824,19.88596585964217,19.904260635375977,39705095.0
2022-09-23,20.03232063904104,20.325030072957652,19.52007912968697,19.684728622436523,38166283.0
2022-09-26,19.68472901629607,20.105498399798652,19.538374296409444,19.55666732788086,43454850.0
2022-09-27,19.611549419290174,20.032318754796176,19.392017364501953,19.392017364501953,37072181.0
2022-09-28,19.355431303835392,19.57496339817905,18.404125561679546,18.42241859436035,48605634.0
2022-09-29,18.58706723311446,18.8797766785673,17.75467409335073,18.38582992553711,46979349.0
2022-09-30,18.42241676650835,18.49559412402899,17.992500009160306,18.12970733642578,37327418.0
2022-10-03,18.193738763640678,19.94084984100425,18.193738763640678,19.885967254638672,49619881.0
2022-10-04,20.123792249102923,20.160381799732296,19.410311714002386,19.666433334350586,38407341.0
2022-10-05,19.959142760642354,20.01402534190061,19.31884132680056,19.666433334350586,45422267.0
2022-10-06,19.922556632720003,20.507975534611735,19.867672302153192,20.398208618164062,37815094.0
2022-10-07,20.379914093893095,20.928743401891463,19.995732531482744,20.78238868713379,54974412.0
2022-10-10,21.495867316144988,21.82516626737258,21.12998056182859,21.367807388305664,53005456.0
2022-10-11,21.459281536645996,23.23383478755128,21.075101685665583,22.996007919311523,91359479.0
2022-10-12,22.941124670575725,22.959419447147525,21.861757278442383,21.861757278442383,65920069.0
2022-10-13,21.953226195211904,22.17275824780174,21.221452686579106,21.367807388305664,52098667.0
2022-10-14,21.77028580557564,22.008112674219344,21.38610420925673,21.440988540649414,45479419.0
2022-10-17,21.587340162169568,23.08747677733205,21.569045387671068,22.867944717407227,75524372.0
2022-10-18,23.10577326591815,23.782664270405856,22.593531754759905,23.599720001220703,76940098.0
2022-10-19,23.709485614056963,24.05707761286214,23.05088942146968,23.1789493560791,58436933.0
2022-10-20,23.178951240393403,23.837547486520737,22.9228296056676,23.25212860107422,64713704.0
2022-10-21,23.307010197916995,23.764369118965693,22.88624082800139,23.069183349609375,45374736.0
2022-10-24,23.416777917755613,24.13025674270658,23.361895333840742,23.837547302246094,58166170.0
2022-10-25,23.98390370553159,24.44126267451745,23.032597957277723,23.087480545043945,65618100.0
2022-10-26,23.14236030505468,23.307009792920898,22.59353100508168,22.61182403564453,44209277.0
2022-10-27,22.831354641272934,23.12406579243355,22.355702728094013,22.922826766967773,63726208.0
2022-10-28,22.831358183873153,22.959419877590737,22.172761917114258,22.172761917114258,20047075.0
2022-10-31,22.282529396161788,23.471662010652782,22.00811296957356,23.453367233276367,64470090.0
2022-11-01,23.52654384961754,25.429157019084585,23.270423953239977,24.605911254882812,94221033.0
2022-11-02,24.75226668249677,25.55721943743991,24.605911953359108,25.5206298828125,66530769.0
2022-11-03,25.648691579322453,26.069460989421735,25.044976140772096,25.5206298828125,65735847.0
2022-11-04,25.55722037020504,25.886517650440194,24.880329287067266,25.776752471923828,70678843.0
2022-11-07,26.06945795261851,26.673171576156918,25.831631109302503,26.288990020751953,53107085.0
2022-11-08,26.307287019520853,27.148827557505292,25.86822284614269,26.8927059173584,56814524.0
2022-11-09,27.00247367206211,29.581977951666136,27.00247367206211,29.289268493652344,138467573.0
2022-11-10,29.380736706868575,30.80769782564739,29.051439463423037,29.6551513671875,115669180.0
2022-11-11,29.911274980302917,31.832181107278984,29.691741156667945,29.947864532470703,87615673.0
2022-11-14,29.96615435017286,31.191876372732008,29.72832925148448,30.258867263793945,70866781.0
2022-11-15,30.60645908473167,30.97234762838451,28.868495481124206,29.216089248657227,67597274.0
2022-11-16,29.21609090811221,29.581977727861304,28.466022491455078,28.466022491455078,71647023.0
2022-11-17,28.466021955258544,29.12461821840135,27.057355544901228,28.520904541015625,53851175.0
2022-11-18,28.539198758858365,29.033145510369494,27.972072901523166,28.648963928222656,37357181.0
2022-11-21,28.86849503728642,29.10632188912995,28.246486616262697,28.978261947631836,39238648.0
2022-11-22,29.307560825660023,29.96615530655493,29.124616557322444,29.929569244384766,45392447.0
2022-11-23,30.20398246042931,30.33204239534121,29.52708974670301,30.09421730041504,44353066.0
2022-11-24,30.332044790664543,32.50907432420161,30.149100516612624,31.37482261657715,117168263.0
2022-11-25,31.228467481621347,32.36271917422383,31.045523209992336,31.576061248779297,70949940.0
2022-11-28,31.74070905132266,32.60054254593395,31.283350141330608,32.10659408569336,56979279.0
2022-11-29,32.32613148890947,32.78349044970933,31.17358844301746,31.356529235839844,49118832.0
2022-11-30,31.283353913496327,32.08830666916806,30.990644454956055,30.990644454956055,71256888.0
2022-12-01,31.37482160975679,32.10659519311,31.26505644459673,31.850475311279297,50720338.0
2022-12-02,31.905361591753802,31.92365636862908,29.819802389807066,30.222280502319336,73567508.0
2022-12-05,30.55157782570726,31.22846708597555,29.929569403672136,30.60645866394043,65055276.0
2022-12-06,30.734518153616552,31.612649935520874,30.58816343819444,30.954051971435547,56079828.0
2022-12-07,31.045523036358095,31.210172530966165,29.527091522261692,29.874685287475586,40073028.0
2022-12-08,29.783214573339297,30.13080484540577,28.520902958179832,29.19779396057129,36179180.0
2022-12-09,29.380737905542937,30.057630685359072,29.216090149445805,29.618566513061523,36831669.0
2022-12-12,29.838094681014468,32.5639533996582,29.838094681014468,32.5639533996582,73865655.0
2022-12-13,32.89325301904262,33.97262036022407,31.996829945571395,32.143184661865234,71562841.0
2022-12-14,32.38101495724326,34.96051914824646,31.100408505390213,31.246763229370117,110143544.0
2022-12-15,32.47248596743959,33.46038299007994,31.740712333653367,32.966434478759766,89863040.0
2022-12-16,33.09448758295444,33.25913705267033,32.2529454611431,32.271240234375,22994822.0
2022-12-19,32.381013686105646,33.295731547415166,31.88706520354929,32.45418930053711,80771980.0
2022-12-20,32.45418981238372,32.92984352649098,32.08830475571244,32.47248458862305,64105917.0
2022-12-21,32.56395411887722,33.36890680525159,31.850475311279297,31.850475311279297,87756681.0
2022-12-22,32.19806796131471,32.72860248243227,31.850474212696714,32.10659408569336,66514205.0
2022-12-23,32.10659618550511,33.826266776567884,31.960241464310737,33.661617279052734,101640168.0
2022-12-26,34.30191960862432,34.83245764013613,33.91773978390614,34.21044921875,58796677.0
2022-12-27,34.210451098391026,36.80825009239114,34.00921204236471,35.3264045715332,126763331.0
2022-12-28,35.619114012430295,35.71058789667645,33.33231924685478,33.84456253051758,81823406.0
2022-12-29,33.8628589490816,35.8752391382252,33.40549997379315,34.94222640991211,99186393.0
2022-12-30,35.41787638063429,36.31429945774529,34.52145330352329,34.649513244628906,147654877.0
2023-01-02,35.23493106067633,37.411960462618474,35.23493106067633,36.68018341064453,124414680.0
2023-01-03,38.326679928543676,39.66216717362145,37.39366728777967,38.36326599121094,125707403.0
2023-01-04,38.363270346880505,38.363270346880505,36.58871874397184,37.046077728271484,64003761.0
2023-01-05,37.13754704170111,37.39367043818064,35.27152509233326,35.82035446166992,57061886.0
2023-01-06,34.39339147138729,37.21072426412565,33.05790418154881,36.039886474609375,128103646.0
2023-01-09,36.33259474989183,36.47894946885993,33.05790311509439,33.6433219909668,83938096.0
2023-01-10,33.42379244641382,34.26533122800816,32.088305168124464,32.78348922729492,80686056.0
2023-01-12,31.37482214845115,31.70412113895696,28.777023265915215,31.210172653198242,84168462.0
2023-01-13,31.228468034740434,32.34442497100868,30.679638699504277,30.935758590698242,62869149.0
2023-01-16,31.28335566315866,32.71031348100851,30.97235140989381,32.61884307861328,48113134.0
2023-01-17,32.85666694865374,34.9422262385119,32.618841817994046,34.04580307006836,90455672.0
2023-01-18,34.045802398410196,35.25322978427899,33.899447669497974,34.46657180786133,66684423.0
2023-01-19,34.338510936482145,34.86904550606415,33.80797287752826,34.137271881103516,41086012.0
2023-01-20,35.12516986034579,36.89972138597704,35.10687508304584,35.802059173583984,84965254.0
2023-01-23,36.222823908858516,37.558314564435584,35.71058416805175,36.204532623291016,63305367.0
2023-01-24,36.13135653815286,37.17413437108107,35.32640382053192,37.064369201660156,62339391.0
2023-01-25,37.35707617497533,37.50343088764494,34.887337345475615,36.53382873535156,59478054.0
2023-01-26,36.588714821704265,37.283898867993074,35.600817846619805,35.85694122314453,59104979.0
2023-01-27,35.54593627924815,35.96670565362696,33.77138141355824,34.795867919921875,48384732.0
2023-01-30,34.96052073213937,35.545939654581495,34.63122171592267,34.7775764465332,39446098.0
2023-01-31,34.46656960202625,34.63121909768655,32.96643285434066,33.20425796508789,61890270.0
2023-02-01,33.496968214142754,33.58844209692798,31.832181930541992,31.832181930541992,49586275.0
2023-02-02,32.015124803705234,33.20425731282566,30.350338593062293,31.850475311279297,58658925.0
2023-02-03,31.850478710346273,33.91774322947967,31.301649336603496,33.75309371948242,46139541.0
2023-02-06,32.65543209696766,34.027509046509394,31.557769839459848,33.93603515625,7742101.0
2023-02-07,33.49696771619088,33.49696771619088,30.551578521728516,30.551578521728516,21833952.0
2023-02-08,28.356252670288086,28.356252670288086,28.356252670288086,28.356252670288086,844.0
2023-02-15,32.01512464060704,33.60673522949219,32.01512464060704,33.60673522949219,14320179.0
2023-02-16,36.36918439853635,36.40577395422896,32.16148319630338,32.28954315185547,39218301.0
2023-02-17,30.643046749116046,32.198067729781314,30.47839726355316,30.917461395263672,29925772.0
2023-02-20,30.917465753490095,31.15529437254893,29.380739331195585,30.42351722717285,40297876.0
2023-02-21,30.094220758020896,31.00893867176777,29.49050707452284,29.63686180114746,37220526.0
2023-02-22,29.63685832875968,30.789401229719974,29.54538445447933,30.386926651000977,41120317.0
2023-02-23,30.021040471461696,30.185689968622107,29.325856419629137,29.52709197998047,23012278.0
2023-02-24,29.545386127747772,29.801509500866487,28.6855525970459,28.6855525970459,26317310.0
2023-02-27,28.722141104720333,29.344151287424992,27.66106850269512,29.23438262939453,41215527.0
2023-02-28,29.45391558770016,29.72833024594221,28.86849497493215,29.19779396057129,29151436.0
2023-03-01,29.453915608799843,29.691740715614202,29.051439264362113,29.124616622924805,26526581.0
2023-03-02,29.124616622924805,29.783214594674877,29.051439264362113,29.124616622924805,31854319.0
2023-03-03,29.069734167352255,29.34415057167729,27.624480020901828,28.6855525970459,26034596.0
2023-03-06,28.886790423986533,29.892980435468086,28.75873047978037,29.819801330566406,31748693.0
2023-03-07,30.203986891002874,30.899170992230705,29.45391845703125,29.45391845703125,30513107.0
2023-03-08,29.399032264790822,31.191878481892207,29.307561872042065,30.935758590698242,49150954.0
2023-03-09,31.082116828684008,31.5577706014008,30.789407351530937,30.84429168701172,37044931.0
2023-03-10,31.228467310199356,32.52736849120073,31.027228263574926,32.16147994995117,54996830.0
2023-03-13,32.4724857396318,32.801784744868414,30.862583756596223,31.191879272460938,34965299.0
2023-03-14,31.28335189819336,32.23465932185111,31.191878017434863,31.28335189819336,31988599.0
2023-03-15,31.31994241343801,31.411412807637028,29.289267559998653,29.472211837768555,37467947.0
2023-03-16,29.911274980302917,30.258868747153393,29.124617055554243,29.947864532470703,27728740.0
2023-03-17,30.240572969284393,31.02722737860167,29.17949867248535,29.17949867248535,49520353.0
2023-03-20,29.2892658029791,29.60027000971969,28.155015885031105,28.374547958374023,26781665.0
2023-03-21,28.46602057100889,28.66725787212302,27.624480070017107,27.953777313232422,23908493.0
2023-03-22,28.19160407454289,28.831907272338867,27.67936256311762,28.831907272338867,21827763.0
2023-03-23,28.758730248864182,29.43562126159668,28.502608617822478,29.43562126159668,19749333.0
2023-03-24,29.581975592817013,29.819800699974692,28.86849503728642,28.978261947631836,24443921.0
2023-03-27,29.289266465693384,30.606458935554382,28.978262251915847,30.24057388305664,34031935.0
2023-03-28,30.167396150920627,30.167396150920627,28.301372528076172,28.301372528076172,23012444.0
2023-03-29,28.301371717052287,29.27097218207135,27.898895361036757,29.23438262939453,22694096.0
2023-03-30,29.08802653978197,30.021039152921958,28.959966600808734,29.17949867248535,24251084.0
2023-03-31,28.97826324634729,29.56368214193057,28.35625479744709,29.25267791748047,25088538.0
2023-04-03,29.362444164856456,30.551580265662047,28.70384788317283,30.112512588500977,30661286.0
2023-04-04,30.11251038935783,31.923654829604814,30.03933477475639,31.64923667907715,29322795.0
2023-04-05,31.704120202565246,32.509072878985826,31.393115997314453,31.393115997314453,32712563.0
2023-04-06,31.41141087549683,32.12488967660376,31.30164571133538,31.61264991760254,26734374.0
2023-04-07,31.66753234306093,31.75900622559242,30.880874400149274,31.00893783569336,13232468.0
2023-04-10,31.210171428011947,32.67372205176556,31.210171428011947,32.5639533996582,21583117.0
2023-04-11,32.618838709175044,33.625026958227956,32.21636410742823,32.74689865112305,32738871.0
2023-04-12,32.765191087277366,33.46037856445449,32.65542592907046,33.09449005126953,19294821.0
2023-04-13,33.09449228721149,33.423791273451876,32.54566296972531,33.18596267700195,22612508.0
2023-04-14,33.42378994186326,33.95432446238075,33.24084568019905,33.57014465332031,23448052.0
2023-04-17,33.75309259327848,34.41168712192077,33.38720403007681,34.009212493896484,21959666.0
2023-04-18,34.11897394894138,34.155563499148535,33.13108051894915,33.57014465332031,21990403.0
2023-04-19,33.5152597152316,34.44827229222588,33.47867016569344,33.99091339111328,17671657.0
2023-04-20,33.917739993006954,35.49105234264914,33.89944521704496,35.25322723388672,11524317.0
2023-04-24,35.36298946370169,35.673993650485905,34.1189727165648,34.41168212890625,17168167.0
2023-04-25,34.50315775502814,34.57633336714754,32.27124401075482,32.417598724365234,17974065.0
2023-04-26,32.38101471074475,32.82007887934211,31.02722916252143,31.97853660583496,25448096.0
2023-04-27,31.795593398136482,32.39930708641211,31.39311876907671,31.868772506713867,17774437.0
2023-04-28,31.868771302213982,31.978536471559465,30.27716064453125,30.27716064453125,20288284.0
2023-05-02,30.350341451755938,30.93576037357902,29.746627752454383,29.892982482910156,16903540.0
2023-05-03,29.9112752571939,30.185689922249082,28.283076809058393,29.673446655273438,19400275.0
2023-05-04,29.380736563416857,30.56986907857406,29.17949926314458,29.49050521850586,15190468.0
2023-05-05,29.307561899181547,29.80151039497459,28.703846489428084,28.72214126586914,11942362.0
2023-05-08,29.014851412042074,29.74662678521251,28.74043673753188,29.710037231445312,13370906.0
2023-05-09,29.856391631208247,30.295455803505796,29.216090149445805,29.618566513061523,17531537.0
2023-05-10,30.47840259203809,31.283355385588262,29.691744576679074,30.82599639892578,26654137.0
2023-05-11,30.80769676686687,33.40549554139175,30.460103014743872,32.85666275024414,37183813.0
2023-05-12,32.911549954960904,33.24084896057911,30.825994238541487,31.557767868041992,40685398.0
2023-05-15,29.94786320664327,31.6492354346626,28.42943000793457,28.42943000793457,39051776.0
2023-05-16,28.484313663509926,29.63686012364287,28.466020632231743,29.50879669189453,40772043.0
2023-05-17,29.545384709025985,30.82599104501177,29.435619548315405,30.771106719970703,26323867.0
2023-05-18,30.91746264880965,31.136996468251656,29.527091097334765,29.56368064880371,27545319.0
2023-05-22,29.78321354564116,29.947863032779342,28.667256686009388,29.08802604675293,23614752.0
2023-05-23,28.923381750993318,29.124619067761923,28.484315818074368,28.63067054748535,12556881.0
2023-05-24,28.648964565037314,29.344152128331494,28.264782974350815,28.301372528076172,17851155.0
2023-05-25,28.53919695275951,28.813611603489854,27.972071131314785,28.2830753326416,14885063.0
2023-05-26,28.37454868297336,30.258868747153393,28.319664354721677,29.947864532470703,21865694.0
2023-05-29,31.283354485928527,31.576063949824885,30.27716265058426,30.862585067749023,34776123.0
2023-05-30,31.100408315119434,32.45419037599413,31.08211353856239,31.832181930541992,33953437.0
2023-05-31,31.81388701985194,32.16148079422658,30.588164910672575,30.643049240112305,34448162.0
2023-06-01,31.02722935757491,31.576062188800737,30.73451991000321,30.880874633789062,21253470.0
2023-06-02,31.99683036988235,32.5090736283895,31.630945318981578,32.45418930053711,32639179.0
2023-06-05,32.94814010584607,33.49696946557404,32.563956762538915,33.27743911743164,40796267.0
2023-06-06,33.25914496234615,33.80797433234068,32.72860688056234,33.00302505493164,34758005.0
2023-06-07,33.62502494130556,34.466567135498515,33.5152597818444,33.698204040527344,36698776.0
2023-06-08,33.533557567893794,33.753091395901315,32.381014566626824,32.92984390258789,25648822.0
2023-06-09,33.295733583160946,35.43617364906947,32.65543034322094,34.15556716918945,105280639.0
2023-06-12,34.57633778009659,35.619115683831104,33.75309371948242,33.75309371948242,94400918.0
2023-06-13,34.02750420073256,34.72268822084378,32.96643165043335,33.149375915527344,48944912.0
2023-06-14,33.13108271615315,33.6616172718549,31.795591959996763,32.03342056274414,35488998.0
2023-06-15,32.49078153883118,32.820080554429076,31.81388873017194,32.71031188964844,31974368.0
2023-06-16,32.80178507831834,33.789678614698815,32.67372512817383,32.67372512817383,42337518.0
2023-06-20,31.11870341948968,31.68582754124493,30.78940441673764,31.319942474365234,22562713.0
2023-06-21,31.35652903468867,31.99683227357535,30.350340723132412,30.460105895996094,26712455.0
2023-06-22,30.64304842504814,31.64923667907715,30.277159883925737,31.64923667907715,43408403.0
2023-06-23,32.124890818819324,32.89325397401232,31.740710985908716,32.47248458862305,43081354.0
2023-06-26,32.655430047872024,34.24703725542028,32.655430047872024,33.55185317993164,51729548.0
2023-06-27,33.405497012977534,33.71650122818345,33.167668412858546,33.20425796508789,14629991.0
2023-07-03,33.972621315627826,34.740984470121894,33.862856147663464,34.24703598022461,65203143.0
2023-07-04,34.375095068723034,34.79586440054373,34.08238217553111,34.228736877441406,53253823.0
2023-07-05,34.301921740863854,36.698481696134735,34.301921740863854,36.076473236083984,109927073.0
2023-07-06,36.14964931469325,37.39366613054629,35.98499982498496,36.991188049316406,63609090.0
2023-07-07,36.93631504002634,37.54002880044108,36.31430650028117,36.55213165283203,40003638.0
2023-07-10,37.229016199624986,37.32048658643594,36.49724263702264,36.68018341064453,32798993.0
2023-07-11,37.320487042062084,38.491328245891616,36.47894830713837,38.16202926635742,67434505.0
2023-07-12,38.16202961737344,39.60728199827946,38.0888505148609,38.765743255615234,73746803.0
2023-07-13,38.820628367835496,39.33287167371361,38.033973865433744,38.930397033691406,36001648.0
2023-07-14,39.149925793642296,39.53410912976141,38.71086161620038,39.02186584472656,33839569.0
2023-07-17,39.69875436240153,40.63176345825195,39.57069093788863,40.63176345825195,55516747.0
2023-07-18,40.75982732438066,44.10769440674559,40.19269976350781,40.94276809692383,136557691.0
2023-07-19,41.16230436216957,43.81498759459143,40.99765486557115,43.101505279541016,112966193.0
2023-07-20,43.35762756329331,43.5771578936378,41.87578213129544,42.60755920410156,67236906.0
2023-07-21,42.60756133838701,44.38211280327727,42.516087455018315,42.99174118041992,59596654.0
2023-07-24,43.22956222775762,43.814984558075835,41.253771894876806,41.80260467529297,48596848.0
2023-07-25,42.0770212233736,42.150200326486576,40.37564545908555,41.29036331176758,39101297.0
2023-07-26,41.12571285591057,42.644144316223986,40.79641387835823,42.27825927734375,39289786.0
2023-07-27,42.552674324616746,44.82117414851065,42.16849101744197,44.656524658203125,74896709.0
2023-07-28,44.82117773733939,48.29710510889132,44.29063967289685,47.74827575683594,82613419.0
2023-07-31,47.70254019848723,48.61725810458,46.69634840816203,47.290916442871094,57917576.0
2023-08-01,47.153705631773505,48.02268830856474,46.05604348684624,46.19325256347656,43234952.0
2023-08-02,46.0103076738745,48.159896739139874,45.78162820880617,47.42811965942383,41569284.0
2023-08-03,47.42812210689788,48.29710481687475,45.96457485068454,46.33046340942383,33217990.0
2023-08-04,46.83355610937613,48.02268865437193,46.37619716981068,47.61106491088867,37519916.0
2023-08-07,47.885478299915924,49.30329376626104,47.33664898282031,48.66299057006836,44583975.0
2023-08-08,49.486234935186026,50.44669148172003,47.88547867679165,49.1203498840332,48765256.0
2023-08-09,49.30329657434541,49.89786112016731,47.93121971408762,49.44050216674805,45163444.0
2023-08-10,49.66917633980672,50.21800911892887,46.421928815143865,46.87928771972656,37607986.0
2023-08-11,46.879287780626946,49.21181749915456,46.376193682806715,48.800193786621094,43296409.0
2023-08-14,49.02887638297141,51.0412563926589,48.61725613341613,49.57770919799805,57529236.0
2023-08-15,49.8063878566788,50.94978517437404,49.02887558702303,50.58389663696289,52896089.0
2023-08-16,50.721108632070745,51.3614118647321,49.44050216674805,49.44050216674805,48391321.0
2023-08-17,49.66918000472105,50.17227413900926,48.52578265889703,49.074615478515625,33524297.0
2023-08-18,49.8521258820565,50.629634706486605,45.73589530463899,47.290916442871094,63364870.0
2023-08-21,47.33664929061391,52.001708984375,46.83355516510975,52.001708984375,38263703.0
2023-08-22,53.785408809065494,55.431900238954626,52.779220571180936,53.73967361450195,112940206.0
2023-08-23,54.19703710012304,57.30707944338944,52.001712682597116,52.50481033325195,114574428.0
2023-08-24,52.962166567508184,54.56292285508295,50.904051340626346,51.22420120239258,67768661.0
2023-08-25,52.13892055379934,54.24277103616598,50.90405277853706,53.05363845825195,58088804.0
2023-08-28,53.6482062433078,55.93500099384314,53.37378808174606,53.7854118347168,50009111.0
2023-08-29,53.83114684899207,55.020282906728525,52.64201428062748,53.556732177734375,44877776.0
2023-08-31,53.876887440553716,54.059828234946806,51.041259765625,51.041259765625,34258667.0
2023-09-01,51.45287764699835,52.64201012141022,51.31566857752439,52.138916015625,27437226.0
2023-09-04,52.73348720147883,55.203222687092776,52.04744879117011,53.37378692626953,54446298.0
2023-09-05,53.23658170746173,54.42571426237884,52.68774888178103,53.831146240234375,30241329.0
2023-09-06,54.42571576037008,54.51718615581522,52.230391375967734,52.55054473876953,29304818.0
2023-09-07,52.870694888249325,54.60866032575649,52.870694888249325,53.96835708618164,32010417.0
2023-09-08,54.654392460449934,55.34043085953508,53.51099512864136,53.9226188659668,24425371.0
2023-09-11,54.288506164813356,55.79779210099897,53.87688589982809,54.01409149169922,52259371.0
2023-09-12,54.05982402656603,57.307075214835265,53.922618441452215,55.386165618896484,57965354.0
2023-09-13,55.70632041097256,56.575299607397326,53.236581431635074,54.10556411743164,31685014.0
2023-09-14,54.242765904312144,55.06601333618164,52.2761246894241,55.06601333618164,25849551.0
2023-09-15,54.837337079907485,55.02028135203383,51.727294921875,51.727294921875,31143060.0
2023-09-18,52.047450294860994,52.87069431739253,48.98314321332879,49.44050216674805,39575173.0
2023-09-19,49.623447241606534,49.89786192018342,47.93122048257242,49.39476776123047,30526111.0
2023-09-20,49.669175934748225,50.35521428602754,48.434308298194054,48.84593200683594,27431246.0
2023-09-21,48.571519114996505,50.67537307739258,48.11416016480116,50.67537307739258,20532540.0
2023-09-22,50.67536765046767,50.85830841945682,49.39476133131462,49.8063850402832,18374241.0
2023-09-25,49.943591229418885,50.904047725246265,49.53197100477463,50.49242401123047,44316027.0
2023-09-26,50.72110870620511,51.45288233487111,48.48004913330078,48.48004913330078,37682828.0
2023-09-27,48.89167063599837,49.440499959854435,48.38857650756836,48.38857650756836,21869177.0
2023-09-28,48.48004902291733,48.98314317339398,47.19944255863868,47.290916442871094,32305132.0
2023-09-29,47.61106955017036,49.07462039301308,47.61106955017036,48.75446701049805,25224744.0
2023-10-02,48.800197694106096,49.8521246559904,48.70872730149521,49.53197479248047,26005023.0
2023-10-03,49.94359477658405,51.22420120239258,49.30329505305158,51.22420120239258,46651575.0
2023-10-04,51.59008920768554,51.68155959883743,49.4862353174744,49.57770919799805,28354991.0
2023-10-05,49.62344377688958,51.04125575835494,48.29710218543939,50.81257629394531,30543287.0
2023-10-06,50.58389742699308,51.31567102387269,49.989332906128546,50.53816223144531,18215731.0
2023-10-09,49.531974508094926,50.21801291685318,48.388577160164495,48.57151794433594,16785310.0
2023-10-10,49.12035007464333,50.08080313553262,49.02887619447137,49.349029541015625,20329768.0
2023-10-11,49.39476412443418,51.95597341819717,49.34902892960071,50.58389663696289,41973227.0
2023-10-12,51.13273108877374,51.40714575597823,47.97695369249264,49.53197479248047,21650146.0
2023-10-13,49.53197612345136,49.57771132098575,48.02269017921304,48.48004913330078,17655712.0
2023-10-16,49.02887818282396,49.2118224612154,46.92502770475212,47.06223678588867,20768477.0
2023-10-17,47.29091541728504,48.15989810710216,46.69634739547023,48.068424224853516,21820643.0
2023-10-18,47.24517518191191,47.61106020376756,45.73588943481445,45.73588943481445,19374126.0
2023-10-19,45.735894510454045,46.46766812474694,44.91264701351714,45.04071044921875,21734626.0
2023-10-20,44.93094309825172,45.73589584209677,44.144285131468145,44.80288314819336,23029644.0
2023-10-23,45.205354239808955,46.60487491589011,45.00411868661577,45.552947998046875,25383096.0
2023-10-24,45.8273626476115,46.51340103149414,45.498067154420035,46.51340103149414,39593041.0
2023-10-25,48.022690249175746,48.61725828610478,43.9979300515913,44.345523834228516,52849393.0
2023-10-26,44.96752932753288,46.559139920479836,44.05281147832401,45.7816276550293,42439200.0
2023-10-27,45.69930522008777,46.83355694579061,44.91264727168656,46.60487747192383,34078301.0
2023-10-30,46.604881427048824,47.19944601593708,45.223655333627434,45.64442825317383,24125297.0
2023-10-31,45.73589563369751,46.193254590034485,43.449100852012634,43.90645980834961,24366223.0
2023-11-01,44.30893352868564,45.51636086960225,43.77839896464499,45.05900192260742,30028240.0
2023-11-02,45.296825314964806,46.83355147912429,45.11388105935126,45.73588943481445,25603354.0
2023-11-03,45.78162793210819,46.05604259065732,44.76629055504187,45.71759796142578,27253810.0
2023-11-06,46.28472195586004,47.83974300349199,46.23898676109445,46.970760345458984,20760554.0
2023-11-07,47.56532967390587,49.3490302345517,47.33665020431979,48.57151794433594,43599549.0
2023-11-08,49.303292966128964,51.36140810589438,48.571515902715056,50.62963104248047,56654413.0
2023-11-09,50.30948217011847,51.498614687174204,49.48623470249512,50.81257629394531,40745367.0
2023-11-10,50.766841506958,51.22420043945312,50.17227349896566,50.30948257446289,30384907.0
2023-11-13,50.53816287794342,50.72110715184653,49.12035086159493,49.30329513549805,22482267.0
2023-11-14,49.39476725063097,50.858314514160156,48.70872881659443,50.858314514160156,22695074.0
2023-11-15,51.13272864650613,52.18465206877529,49.12034870083813,49.6691780090332,31180147.0
2023-11-16,49.66918093354584,50.446693236868896,49.66918093354584,50.218013763427734,19835841.0
2023-11-17,50.21801500852759,52.09318603936352,49.48623788387479,51.81877136230469,41171406.0
2023-11-20,52.642012569689655,54.471448304444266,52.27612751636178,52.459068298339844,39644464.0
2023-11-21,52.77922342179379,53.78541171402271,52.093184998172646,52.59627914428711,25839057.0
2023-11-22,52.73348822476008,53.96835599152938,52.5048087502197,52.59627914428711,33207310.0
2023-11-23,52.687748559297106,53.419525655725735,52.18465442253127,52.413333892822266,30360049.0
2023-11-24,52.41333068024867,53.14510424245286,51.5900867312833,53.099369049072266,23318703.0
2023-11-27,53.328051453361184,53.92261946829177,52.687748242521735,53.6482048034668,30734062.0
2023-11-28,53.648205454379294,54.88307320576017,53.37378729685304,53.831146240234375,42345217.0
2023-11-29,53.922620606636144,54.51718514474662,52.138920013561005,52.36759948730469,37299270.0
2023-11-30,52.36759828368292,52.91642761230469,51.635824682396645,52.91642761230469,41129904.0
2023-12-01,53.236583096900326,53.92262152987746,52.64201505923804,53.5109977722168,25919495.0
2023-12-04,53.60246970692523,53.87688787949455,52.367601887851336,52.68775177001953,23707352.0
2023-12-05,52.73348636603952,54.105563164919594,52.50480689955951,52.96216583251953,42673310.0
2023-12-06,53.053635237858934,54.15129735444759,52.55054111882254,52.77922058105469,38016348.0
2023-12-07,53.05363845825195,53.28231793436511,51.31567304404322,53.05363845825195,48723072.0
2023-12-08,53.328053492215176,54.28850660050879,52.82495933923966,53.5109977722168,43975484.0
2023-12-11,53.46526221313001,54.74586518574055,52.00171147238269,53.05363845825195,50313412.0
2023-12-12,52.96216719454325,53.099372784336715,50.40095431260321,50.94978713989258,36755643.0
2023-12-13,50.49242949585672,50.6296350891846,47.74827575683594,47.74827575683594,36927540.0
2023-12-14,48.48004544880697,51.3156693528942,48.48004544880697,51.132728576660156,30278736.0
2023-12-15,50.812576275102636,52.23038825604223,50.812576275102636,51.77302932739258,22580614.0
2023-12-18,51.54435321071751,52.184656450287136,49.94359685647943,50.12654113769531,21797322.0
2023-12-19,50.17227311504614,50.17227311504614,48.93740540250726,49.85212326049805,28329675.0
2023-12-20,50.11062215057691,50.48353983100429,49.31817652517692,50.20384979248047,20507968.0
2023-12-21,50.11062656009696,52.39473955179206,49.784326228314896,52.16166687011719,28806291.0
2023-12-22,52.16166435448567,53.466869175073924,50.80984215468518,51.322601318359375,23696232.0
2023-12-25,51.04291620794332,51.32260270876028,49.03848976534264,49.411407470703125,12717219.0
2023-12-26,49.73770753269441,50.11062523608379,48.61896153533983,49.504634857177734,22456152.0
2023-12-27,49.50463407388392,50.530155963774874,48.71218841222854,50.06401062011719,29235298.0
2023-12-28,50.203851998579275,52.62780991505969,50.203851998579275,52.394737243652344,23631399.0
2023-12-29,52.627809916302496,53.18718290513064,51.78874687665355,52.30150604248047,22008729.0
2024-01-02,53.606718079152756,55.098381855314216,53.42025921803083,54.63223648071289,38895345.0
2024-01-03,54.539006601277336,54.86530692761114,53.37364321236115,53.793174743652344,22903817.0
2024-01-04,53.839786497213076,56.4501996767057,53.42025498205735,55.005149841308594,41573149.0
2024-01-05,55.19161084361555,57.19603373991534,55.09837963860197,57.102806091308594,33566147.0
2024-01-08,57.615561927093594,58.31477992027776,56.68327126951471,57.89524841308594,28262037.0
2024-01-09,58.5478520719218,58.734310913085935,57.28926111777546,58.268165588378906,27787702.0
2024-01-10,57.94186682565274,58.17493949420901,56.729886104034755,57.33587646484375,31292698.0
2024-01-11,57.662179636452414,57.89525231656161,56.4035885864255,56.729888916015625,21817667.0
2024-01-12,56.45020416922978,58.22155801578879,55.33145455858235,56.86973571777344,56749135.0
2024-01-15,57.102804273660205,59.247072131022435,56.916345425975074,58.12832260131836,45062809.0
2024-01-16,58.361396204143425,60.412440005038476,58.22155473345065,59.89967727661133,43681590.0
2024-01-17,59.38691881736047,61.15826902890963,58.73431461040791,60.59889602661133,32859024.0
2024-01-18,60.692122419858634,60.878584825311464,59.713221464281865,60.08613204956055,18279199.0
2024-01-19,60.36582620120285,60.50567123658696,58.5478585232443,59.9929084777832,30070653.0
2024-01-22,60.17936858319088,61.76425995579911,59.6199920195584,60.22597885131836,27962315.0
2024-01-23,61.06504032821284,62.51009374599061,60.552277602468855,61.158267974853516,31513401.0
2024-01-24,61.25149509979317,62.323630809062955,60.59889446605335,61.531185150146484,17817393.0
2024-01-25,61.81087919422935,63.06947027651257,61.57780650814676,62.41686248779297,27175107.0
2024-01-26,62.60332001568462,66.0527926552138,62.1371746799205,64.32805633544922,61443022.0
2024-01-29,64.51450755804373,65.49341554656958,63.442379043617116,64.60774230957031,42856609.0
2024-01-30,64.98065822899876,66.1926389707721,64.14160229849328,64.65435791015625,46322243.0
2024-01-31,64.65435177286813,64.70096914805484,63.2093056086464,63.90852355957031,26394826.0
2024-02-01,63.955139889614124,65.54003832976142,63.722067217193654,64.8408203125,38061511.0
2024-02-02,66.09941565457943,66.65878868249915,65.02727986859183,65.44680786132812,28744825.0
2024-02-05,65.67987161893845,65.91294427495004,64.9806536509037,65.30696105957031,25498965.0
2024-02-06,65.49342095347521,65.95956629833981,64.51451288413418,64.65435791015625,33219302.0
2024-02-07,64.79419909448832,64.8408164713362,63.39576314280871,63.488990783691406,27049820.0
2024-02-08,63.815292362425915,64.46790008731305,63.722064719674385,64.00175476074219,20097011.0
2024-02-09,64.18821414294285,64.74758714796623,63.3957684597586,63.722068786621094,24279017.0
2024-02-12,64.3746746654892,66.19263865671007,64.0483672353814,66.09941101074219,44728581.0
2024-02-13,66.006187681107,66.006187681107,63.349153363983724,63.67546081542969,29808683.0
2024-02-14,64.00175838452651,64.18821368058668,62.090559592248475,62.929622650146484,28163335.0
2024-02-15,63.25592114973193,64.65435716827935,63.06946585905097,64.1416015625,33915379.0
2024-02-16,64.51450725539814,64.93404229686094,63.44237874600101,63.535606384277344,23407878.0
2024-02-19,63.81529523674765,64.46790299102906,61.85748619953046,62.230403900146484,32909943.0
2024-02-20,62.463475533091916,62.88300349378583,61.62441249889069,62.78977584838867,33651559.0
2024-02-21,62.8830061538469,62.97624091600146,61.06504209685235,61.29811477661133,30808097.0
2024-02-22,61.53118084066045,62.32362644407606,60.73873523724483,61.90409851074219,34555730.0
2024-02-23,62.1371774202526,63.908531196838,62.1371774202526,63.722068786621094,35022192.0
2024-02-26,64.04836865213476,64.5145140050988,62.510094677604286,62.929622650146484,34821585.0
2024-02-27,62.92962198039048,62.92962198039048,61.065040588378906,61.065040588378906,22299482.0
2024-02-28,61.15826645383297,61.81087418971421,60.1793655192311,60.925193786621094,23294352.0
2024-02-29,60.69212603334456,63.06947027651257,60.69212603334456,62.41686248779297,32352913.0
2024-03-01,62.463479424916294,62.74316949134743,61.251498620799836,61.81087875366211,15840853.0
2024-03-04,62.13717691754429,62.18378718511117,59.57337747851654,59.619991302490234,18742920.0
2024-03-05,59.66660744688904,60.36582550290727,58.687702879744904,59.2936897277832,25622901.0
2024-03-06,59.247074204602725,59.89967841613773,58.17494201660156,58.17494201660156,22000473.0
2024-03-07,58.31478436049781,59.99290696063454,58.31478436049781,59.94629669189453,20402386.0
2024-03-08,60.08613251244742,61.065040588378906,59.57337689733236,61.065040588378906,22336141.0
2024-03-11,61.624411043401466,62.183784015386145,57.89524841308594,57.89524841308594,48499523.0
2024-03-12,58.17493949420901,59.013998967167595,56.82311730530128,57.33587646484375,23612053.0
2024-03-13,59.48014350642517,59.48014350642517,57.80202102661133,57.80202102661133,40037115.0
2024-03-14,58.081707772642154,58.1283215946545,57.00957564073154,57.70879364013672,30422117.0
2024-03-15,58.08171247529966,59.2936897277832,57.14942173394202,59.2936897277832,30811646.0
2024-03-18,59.433530677746916,60.27259370987779,58.54785382303249,59.5733757019043,21267608.0
2024-03-19,59.340303251599984,60.97181194289323,59.29368587243767,60.645511627197266,24583045.0
2024-03-20,60.785352657352554,61.34473278474295,59.29368891421033,59.94629669189453,26492559.0
2024-03-21,60.59889197551257,65.40019022382735,60.59889197551257,64.37467193603516,75586189.0
2024-03-22,64.37467849180298,65.77311460288215,64.04837104230008,64.93405151367188,28119213.0
2024-03-25,64.79419758699767,67.77752470271268,63.58221694528118,64.60774230957031,38807689.0
2024-03-26,64.56112747192383,65.26034545898438,61.391337841353376,61.76425552368164,24415556.0
2024-03-27,61.81087593246192,63.30253962211246,61.437958231845904,62.230403900146484,23812654.0
2024-03-28,62.46347600337969,64.00175705886143,62.09055830616995,63.76868438720703,21499475.0
2024-03-29,63.62883630654345,64.79419960886109,62.92961832515286,63.11607360839844,18037093.0
2024-04-01,63.39577033174082,63.62884301678398,60.971815829854684,62.69655227661133,25723617.0
2024-04-02,63.11607489111719,64.09498293008377,61.95071156511566,62.46347427368164,42363211.0
2024-04-03,63.1160726121484,64.56112592933822,62.55669965842793,63.861907958984375,43546310.0
2024-04-04,64.00176383419841,67.12493654242914,64.00176383419841,66.28587341308594,42046821.0
2024-04-05,66.56555526299368,69.36242727309582,66.56555526299368,68.98950958251953,32244035.0
2024-04-08,68.98950981112692,69.96841786303177,68.4301368298156,69.87518310546875,23519909.0
2024-04-15,69.87518210910459,70.29471717371587,68.01060078944535,68.29029083251953,20074197.0
2024-04-16,68.05721816756213,68.98950882739175,67.0316998643122,68.29029083251953,20331083.0
2024-04-17,68.80305678270273,70.34133075365786,68.52336672644893,69.82857513427734,31896733.0
2024-04-18,70.34132792482589,71.2736185910943,69.31580961449332,70.24810028076172,31454419.0
2024-04-19,70.06165096935385,72.67206078990255,69.8751885525057,71.36685943603516,40472000.0
2024-04-22,71.55331894426925,73.88404594571125,71.55331894426925,72.15930938720703,27168652.0
2024-04-24,72.53222194261984,73.37127791287963,71.27362376160248,72.99836730957031,24415751.0
2024-04-25,74.11710508310112,74.21033272353613,71.92622352521985,73.184814453125,19030504.0
2024-04-26,73.23143840591733,74.21033938760954,72.4389856090251,73.74419403076172,22199065.0
2024-04-29,74.35018636842138,74.76971435546875,73.04497791243178,74.76971435546875,23534815.0
2024-04-30,74.72309596718692,75.56215896292686,73.88403297144698,75.32908630371094,34370136.0
2024-05-02,75.56216787039635,76.2613859304698,74.95617746243657,75.46893310546875,34950463.0
2024-05-03,75.74862331708424,77.38013212699067,75.46893324740329,76.54106903076172,30938078.0
2024-05-06,76.44784314001947,77.56658921889411,74.8629516761447,76.68091583251953,31360081.0
2024-05-07,77.00720844979283,79.43116278592414,76.63429075666184,79.01163482666016,41878037.0
2024-05-08,78.96501669884033,79.24470674423945,77.93949838706578,78.31241607666016,14865767.0
2024-05-09,78.82517930900855,79.61762495911648,77.42674329841333,78.12596130371094,17208847.0
2024-05-10,77.84627074287052,79.9439247449239,77.84627074287052,78.31241607666016,24959574.0
2024-05-13,78.49887420134414,79.2913269876698,77.24028317719979,77.70642852783203,17406143.0
2024-05-14,77.89289325001869,78.31242123292671,76.63429507566704,77.47335815429688,23852483.0
2024-05-15,77.47335512022336,78.31241816599314,76.82075448063216,77.19367218017578,30031137.0
2024-05-16,77.47335378800321,79.01163482666016,77.2868984978444,79.01163482666016,20922023.0
2024-05-17,79.10487153885468,82.22804424028416,79.01164388308939,81.48221588134766,25886332.0
2024-05-20,81.90173263986402,82.6475680091776,80.73636932081982,81.2025146484375,22491227.0
2024-05-21,81.43558582146004,85.81735608854007,81.3423581802058,84.46553039550781,28163303.0
2024-05-22,84.79183975391847,86.88949391387283,84.79183975391847,85.86397552490234,17919695.0
2024-05-23,86.70303753612852,89.40668206465656,86.2835095544663,86.42334747314453,19140962.0
2024-05-24,86.46995516692,88.33453641041154,85.58428192138672,85.58428192138672,17446698.0
2024-05-27,85.39782258211854,85.95719555259966,82.69417825984436,83.53324127197266,17614684.0
2024-05-28,84.88506723973727,85.30459519063146,81.66866020256649,84.60537719726562,26569661.0
2024-05-29,84.6519988521868,86.00381752920056,83.06710038612854,85.3978271484375,27765368.0
2024-05-30,85.49105043681314,89.91943105937811,85.49105043681314,89.26683044433594,35064091.0
2024-05-31,90.66527359997353,95.74625523937095,89.49991018609212,92.85615539550781,61254876.0
2024-06-03,93.13584076416825,99.84833084456399,91.92386002971266,95.65302276611328,51197784.0
2024-06-04,96.02593925303982,96.39885694454634,92.48323185294797,92.9959945678711,47871236.0
2024-06-05,93.04261620634445,95.18688058325347,90.05928165052096,93.97490692138672,40680718.0
2024-06-06,94.8139595949671,95.00042199921386,91.92385990087014,92.25016021728516,24122577.0
2024-06-07,92.57646795272213,93.69521393064927,90.71188658096791,90.99156951904297,25642189.0
2024-06-10,90.99156746455066,94.90719252451196,88.84730320313659,92.2967758178711,39379068.0
2024-06-11,92.29678113764649,93.60198956619615,89.12699127197266,89.12699127197266,27392700.0
2024-06-12,89.12698937433868,92.48323446714045,88.94053407972163,91.31787109375,26876590.0
2024-06-13,92.29677480894888,93.50875550510077,90.52542114257812,90.52542114257812,21511022.0
2024-06-14,92.9027666912369,93.88166762708235,90.94495770673268,91.92385864257812,20415199.0
2024-06-20,92.9027710182521,96.30563354492188,92.20355298316161,96.30563354492188,27649541.0
2024-06-21,96.0259353335541,97.33114364414561,93.97489878320536,94.1613540649414,20437993.0
2024-06-24,94.53428100935476,94.6275086593628,91.08480105654687,93.22907257080078,21062314.0
2024-06-25,93.22907204478592,94.81396342442179,91.92386361359617,93.41552734375,18208694.0
2024-06-26,93.22907402263219,93.69521939274534,90.19912911689664,91.4111099243164,21506877.0
2024-06-27,91.8306317392186,93.04261246516614,90.57204074708133,92.62307739257812,16968371.0
2024-06-28,93.18244655154966,95.00041756584599,92.48322857208487,93.78843688964844,25073154.0
2024-07-01,94.34781606240371,95.28010676307099,91.17803337038579,92.57646942138672,19353285.0
2024-07-02,92.52985140856575,95.6530238118841,91.92386103471269,95.0936508178711,15731733.0
2024-07-03,95.46657536087095,98.35667529776865,95.37334770732213,97.61083984375,18509880.0
2024-07-04,97.79729799096755,100.22125244140625,97.51760792972651,100.22125244140625,16922082.0
2024-07-05,100.22125100189784,100.22125100189784,97.61083417718808,98.82281494140625,12427330.0
2024-07-08,100.2212503419892,104.13686844045777,99.8483326390842,101.33999633789062,31547385.0
2024-07-09,101.61968940275023,104.04364387419803,100.22125331005182,101.99260711669922,18952400.0
2024-07-10,101.15354457470255,104.13687207648069,100.68739920799885,101.61968994140625,14848661.0
2024-07-11,102.27228691187698,106.00144971067378,102.27228691187698,103.67072296142578,25249752.0
2024-07-12,103.39103647183681,104.13686473831851,102.08582811447718,103.5774917602539,15500542.0
2024-07-16,103.7639614733688,104.32333449085046,100.8738545095548,101.61968994140625,18780623.0
2024-07-17,101.61968940275023,102.64520778149962,99.66188029553523,101.99260711669922,15295908.0
2024-07-18,102.64520263671875,104.50978400019343,102.08582965023903,102.64520263671875,16960370.0
2024-07-19,102.64520618093046,103.76395930533248,101.5264601693421,102.92489624023438,13694488.0
2024-07-22,103.57749760615155,107.49312289922773,102.92489694704572,107.0269775390625,23607849.0
2024-07-23,107.02697936893767,107.02697936893767,102.45875333865122,103.76396179199219,20092476.0
2024-07-24,103.48426629200705,103.48426629200705,100.12802124023438,100.12802124023438,23569779.0
2024-07-25,99.75510251080549,102.55197454381873,98.17021120389,100.68739318847656,24040787.0
2024-07-26,102.17905585416416,102.64520118845579,99.10250091552734,99.10250091552734,19709820.0
2024-07-29,98.07698005874497,99.84833383413425,96.678543990724,98.44989776611328,19502047.0
2024-07-30,98.72958835165838,99.661879068647,97.6108352235838,98.26344299316406,11980151.0
2024-07-31,97.79729711282896,99.38218847812726,97.42437940546064,98.44989776611328,15493373.0
2024-08-01,99.75510708121367,103.01812460256178,99.56865178226212,100.22125244140625,16221397.0
2024-08-02,98.9160364802694,99.10249887784012,94.72072855790611,95.5597915649414,14914616.0
2024-08-05,88.66084609202866,94.81396342442179,88.66084609202866,93.41552734375,24046908.0
2024-08-06,95.74625396728516,97.51760775541344,94.25459023989798,95.74625396728516,20274373.0
2024-08-07,96.77178222666913,99.4754196983301,95.83949148118221,98.7295913696289,18432247.0
2024-08-08,98.07697953068528,98.91604258954295,97.14468882369088,98.82281494140625,13135194.0
2024-08-09,99.38218550026954,100.40770383019387,95.74625040979836,95.83948516845703,13340945.0
2024-08-12,96.2123977391523,99.19573225751573,96.2123977391523,96.67854309082031,12512458.0
2024-08-13,96.95823419921419,97.14468949677952,94.16136205885225,96.30563354492188,12295446.0
2024-08-14,97.1446889686153,99.00927038538576,95.83948766712689,96.4920883178711,16655502.0
2024-08-15,97.14469039508563,98.54312647819808,95.74625431197319,97.8905258178711,14365633.0
2024-08-16,98.72958744055838,98.72958744055838,96.11917061195427,96.4920883178711,11017443.0
2024-08-19,96.67853948696018,99.47541149271,95.93271121978155,99.10250091552734,15554465.0
2024-08-20,99.10250475134329,99.56865010367734,94.16136117147698,94.34781646728516,26432583.0
2024-08-21,94.34781349312254,95.0936488784712,90.89834083971512,91.55094146728516,28961389.0
2024-08-22,93.13583729902747,93.18244756381027,88.56761169433594,88.56761169433594,27820449.0
2024-08-23,88.5676209470059,89.17361135499557,86.74965683585083,87.63533020019531,23757933.0
2024-08-26,88.10146478506235,88.47438246068343,84.41891963123523,84.83844757080078,22040316.0
2024-08-27,84.79183315720476,89.96604919433594,84.09261515828506,89.96604919433594,27339822.0
2024-08-28,89.77959516268301,91.08479642201256,88.61423181484346,90.47881317138672,24175798.0
2024-08-29,90.47881463536771,92.5764686954197,89.49990656221804,91.69078826904297,22123890.0
2024-09-02,92.20355419508473,94.8139639593789,92.20355419508473,93.22907257080078,15621840.0
2024-09-03,93.3222971890255,93.3222971890255,91.41110553110168,92.76292419433594,13781479.0
2024-09-04,91.3644871267113,93.78844148506136,90.99156943016202,93.32229614257812,20966836.0
2024-09-05,93.69521362074036,93.78844126645701,91.45771455947343,92.25016021728516,15305726.0
2024-09-06,92.20355742885815,93.13584818726356,91.27126667045273,91.36449432373047,13278555.0
2024-09-09,90.57204239348656,91.55094335502613,89.36006164550781,89.36006164550781,13757141.0
2024-09-10,90.15250928317715,92.57647083210014,90.10589901512166,90.5720443725586,20770497.0
2024-09-11,90.5254231470408,92.90276721412792,90.15250545436646,91.55094146728516,20944249.0
2024-09-12,92.9493785342535,93.41552387717917,88.38115986383269,91.17803192138672,25655405.0
2024-09-13,90.24574603405604,90.991574354706,86.33012067759182,88.1947021484375,43757433.0
2024-09-16,88.33454484134957,88.84730757737469,84.46553696927127,85.02490997314453,21991691.0
2024-09-17,85.39782485200931,86.46996055640341,85.35121458570468,85.63089752197266,13928571.0
2024-09-18,85.58428777441176,86.19027102973872,85.02490767285848,85.44444274902344,14019922.0
2024-09-19,86.2835044589293,87.49547806372044,85.81735912336039,87.44886779785156,21273411.0
2024-09-20,87.96163108938524,89.22022218289165,87.16918537220076,87.26241302490234,27245065.0
2024-09-23,87.68194826745666,88.98714963293396,86.51658482484196,88.33454895019531,14510299.0
2024-09-24,88.56761219404599,91.3644841580685,88.42776717328222,90.71188354492188,20607728.0
2024-09-25,90.85172352612702,91.83063158099907,89.40667724609375,89.40667724609375,21816886.0
2024-09-26,90.01266581536692,91.7840123741423,88.8006851156449,89.26683044433594,17921895.0
2024-09-27,89.22021962754744,89.91943767200412,87.77517327002522,89.82621002197266,13601402.0
2024-09-30,89.12698414746295,89.63974684680908,87.49547552039658,88.75406646728516,16298537.0
2024-10-01,88.80069148508014,89.12699181600587,83.71970988302783,85.53767395019531,20476962.0
2024-10-02,85.30459079925586,86.42333668592424,82.97386427468604,83.81292724609375,17542122.0
2024-10-03,83.85954764356816,84.9316833970036,80.54991984638858,81.06267547607422,20238422.0
2024-10-04,81.52881734474028,82.88064310214024,78.26579995578054,78.63871765136719,41444323.0
2024-10-07,78.73194849462308,78.87179352524933,76.5876841053377,76.77413940429688,27092939.0
2024-10-08,76.82075678544354,79.43116653494057,76.16814901345899,76.77413940429688,60610603.0
2024-10-09,77.42674395089936,81.24913432284207,77.42674395089936,81.1559066772461,45345625.0
2024-10-10,81.10929034689198,82.27465371394503,80.36345494685263,80.41007232666016,14924555.0
2024-10-11,80.82960170094144,81.85512717205364,78.0793469519389,78.40564727783203,21134084.0
2024-10-14,78.49887669791858,78.54549407958984,75.37570417191604,78.54549407958984,28828435.0
2024-10-15,78.07934731325666,80.64314677727404,77.28690162875948,80.54991912841797,26945883.0
2024-10-16,79.89730878165574,82.13480784604194,79.29132552724596,82.04158020019531,20909594.0
2024-10-17,82.04158715190724,82.55434991673228,79.85070528120889,81.34236907958984,29205353.0
2024-10-18,81.48220000073387,81.90172792632015,78.91840084638638,79.33792877197266,16893748.0
2024-10-21,79.38455325943535,80.92283431242481,78.54549022027624,79.71085357666016,16333478.0
2024-10-22,79.94393014658355,83.02049240259801,79.94393014658355,81.76189422607422,18193824.0
2024-10-23,81.76189941373633,82.18143453680102,79.8973178342868,81.10929870605469,15377209.0
2024-10-24,81.62206148552902,82.4611175060299,80.31685295735149,81.10929870605469,18576266.0
2024-10-25,81.01606414548885,82.69418315629626,80.54991879035119,81.80850982666016,22040047.0
2024-10-28,81.99496690871732,82.83402998879524,81.52882154343112,81.76189422607422,4781098.0
2024-10-30,81.94835307368353,82.8806437636849,81.1092900301196,81.8551254272461,18470733.0
2024-10-31,81.94835187994825,83.11371522547421,78.49887210950338,79.01163482666016,21309050.0
2024-11-01,79.24470192528241,80.59652046594148,79.24470192528241,80.03714752197266,16723968.0
2024-11-04,79.66423186532957,81.15590257063828,77.84626797335255,78.91840362548828,16177892.0
2024-11-05,79.01162918751471,79.38454685403016,77.19366534336962,77.89288330078125,18944500.0
2024-11-06,78.31241053279622,79.99053646076698,76.91397463042486,79.33792877197266,24057110.0
2024-11-07,79.85069701332125,82.97386932373047,79.71085199077478,82.97386932373047,29981371.0
2024-11-08,84.93167471281691,86.09703799678205,82.60094814488663,85.21136474609375,48926876.0
2024-11-11,85.77074218784256,90.059277874672,85.49105213993076,89.22021484375,32507341.0
2024-11-12,88.84730198371533,89.91943054330085,88.33453927997279,89.45328521728516,19734005.0
2024-11-13,88.89392198008758,89.59314004565641,87.02934047190404,88.33454895019531,28245378.0
2024-11-14,88.75407303174627,90.38558177948289,88.52100035349818,89.49990844726562,23215440.0
2024-11-15,89.87282831732414,90.05928361928316,87.49548409687037,88.1947021484375,11910430.0
2024-11-18,88.19469635913194,88.66084169624449,85.63089700501291,86.00381469726562,18608665.0
2024-11-19,86.37673951752974,86.65642247518934,84.74523070299988,86.19027709960938,26560665.0
2024-11-20,86.88949475762128,89.45329431135039,86.23689407997944,87.63533020019531,27815768.0
2024-11-21,88.0082447290406,89.77959850628879,87.35563696225775,89.49990844726562,17743179.0
2024-11-22,89.59313497274458,89.87282502826119,85.95719981509656,86.84288024902344,29646543.0
2024-11-25,87.40225093682673,87.86839627515647,86.33011523610566,87.0759506225586,23720305.0
2024-11-26,87.07594935737868,88.61423037407889,86.60980402582184,86.74964904785156,26517082.0
2024-11-27,87.3556322886248,88.05485028596006,86.33011398176244,86.74964904785156,24998417.0
2024-11-28,86.93611293141383,87.7285586508532,84.97830376785363,85.11814880371094,17586824.0
2024-11-29,85.16475838422102,85.72413141030705,84.09262260174798,84.41893005371094,22087462.0
2024-12-02,83.95277856592458,85.91058757105404,83.71970589596123,85.63089752197266,18035665.0
2024-12-03,85.91059025824808,88.19469965020812,85.58428993265574,87.54209899902344,25966121.0
2024-12-04,87.6819417266667,88.80068770299638,86.88948895455192,87.7751693725586,24977477.0
2024-12-05,88.25893835409369,89.07614925207406,87.3936532064848,88.5954360961914,20730197.0
2024-12-06,89.17229985784893,91.52779163703455,88.78772782540396,90.66251373291016,24534380.0
2024-12-09,91.3835761323849,92.00849738244126,89.89336237817167,90.18179321289062,24093797.0
2024-12-10,90.27794028179522,91.43164902589879,89.65301165578025,90.22986602783203,18990136.0
2024-12-11,90.47021727461976,90.99900469652304,89.12421892940303,89.22036743164062,15212847.0
2024-12-12,89.5568661963048,90.71057488518595,88.83579643197882,89.89336395263672,19533013.0
2024-12-13,89.79722139512585,92.6815004078059,89.07615164195583,92.29692840576172,23043832.0
2024-12-16,92.6334247164256,94.02749728527012,92.34500122070312,92.34500122070312,18879237.0
2024-12-17,92.39306827153692,92.87378143354813,91.14321845136817,92.10464477539062,16423128.0
2024-12-18,92.05657113670996,94.6043523793153,91.28742713834204,93.49871063232422,19498720.0
2024-12-19,93.25836080988633,93.30643506393196,89.74915298249405,89.98950958251953,21000656.0
2024-12-20,90.03757420072277,90.27793077502524,87.73014962039902,87.92243194580078,20556226.0
2024-12-23,88.35507857269522,88.83579172343339,87.00908028360824,87.20136260986328,11608137.0
2024-12-24,87.3936563306285,88.59543926329637,86.86486890621427,88.49929809570312,12017427.0
2024-12-25,89.65300722249349,91.76814226045832,88.98001171089585,90.13372039794922,13264928.0
2024-12-26,90.47021989184704,90.85479190662014,88.64350832300059,89.60493469238281,22518150.0
2024-12-27,89.65300565686529,91.04707090730169,89.65300565686529,90.42214965820312,12996043.0
2024-12-30,90.66251132002675,91.04707600713553,89.55686950683594,89.55686950683594,9919999.0
2024-12-31,89.41264976591407,91.28742819793321,87.44172283165733,89.22036743164062,30411093.0
2025-01-02,89.60493033318487,92.489209301014,88.69157826074593,92.34500122070312,25456327.0
2025-01-03,92.34500130049786,95.5657780170033,91.8162138885653,94.70049285888672,23612083.0
2025-01-06,95.4215643304803,95.90227750091093,93.59485281582373,94.17170715332031,16914134.0
2025-01-07,94.02749791037745,94.50821107487815,92.72956649814493,93.73906707763672,20728400.0
2025-01-08,93.4506334803633,97.4886283437744,92.44114026583593,93.1141357421875,55171599.0
2025-01-09,93.73906631742051,95.42156237952805,91.23935934930944,92.58535766601562,63949640.0
2025-01-10,92.72956296338836,94.31591781279059,91.33549777351698,91.9604263305664,68815580.0
2025-01-13,92.15271689870143,92.34500657543394,89.74915095280363,90.99900817871094,29657937.0
2025-01-14,91.3355039175179,92.24885602265269,90.5663598978563,91.52778625488281,29705386.0
2025-01-15,91.7200696303687,93.45063255314517,91.33549764694042,92.2007827758789,27459027.0
2025-01-16,93.16221362107613,94.65242004394531,92.29692844983872,94.65242004394531,28663576.0
2025-01-17,94.70049801004403,96.81563310262385,94.4601414161099,96.43106842041016,24611477.0
2025-01-20,96.91178481630178,97.39249802008283,94.60435997113242,95.85420989990234,15541254.0
2025-01-21,95.27734534221749,98.73847857260661,95.18120417875402,98.06548309326172,35230834.0
2025-01-22,98.35391982159622,102.10347676741048,97.58477579752604,100.94976806640625,37655437.0
2025-01-23,101.43047437450099,102.39190067188962,100.75747890036915,102.10346984863281,24357310.0
2025-01-24,101.91118911641071,103.64175941280511,101.526617124423,102.29576110839844,21452079.0
2025-01-27,101.14204668665079,102.77647584393914,100.2767688602578,102.00733184814453,16948094.0
2025-01-28,102.0073364200831,104.79547436092612,100.27677335463305,104.69933319091797,22403824.0
2025-01-29,104.79547175654659,105.27618492974175,103.06490139900362,103.83404541015625,13542855.0
2025-01-30,104.02632353456667,104.4108955245761,102.77647373591181,103.25718688964844,10303713.0
2025-01-31,103.64175991657729,104.60318623366946,102.39190277031717,103.93018341064453,14363000.0
2025-02-03,102.77648384358825,102.9687661899529,100.56520018488817,101.52662658691406,23364270.0
2025-02-04,101.7189106602395,104.21861770066845,101.23819748573005,103.35333251953125,18800662.0
2025-02-05,103.83404979278522,103.83404979278522,100.27677509503584,101.81505584716797,18844943.0
2025-02-06,102.39190330315745,104.3147559473482,101.91119014210976,102.96875762939453,13845791.0
2025-02-07,102.87262020470962,102.87262020470962,101.33433950044443,101.91119384765625,13337725.0
2025-02-10,101.91119327723423,103.16105046844824,101.62276243769224,102.87261962890625,13110229.0
2025-02-11,102.96875995246067,104.69933030531583,102.39190561320925,104.31475830078125,21803247.0
2025-02-12,104.41089525975755,104.9877495757583,102.6803323117553,103.73789978027344,18456330.0
2025-02-13,104.69932635085833,105.27618066832216,102.19961941844797,103.25718688964844,21568493.0
2025-02-14,103.64176262118207,104.79547129775925,101.43047910012478,102.19962310791016,19303623.0
2025-02-17,102.10347736099412,102.10347736099412,98.35392039338163,99.98834228515625,31398461.0
2025-02-18,99.98834170386905,101.91119442894345,99.60376969183396,100.94976806640625,19908671.0
2025-02-19,101.43048443454441,102.39191082728891,100.27677569729153,100.85363006591797,19660364.0
2025-02-20,101.3343376561377,103.54561383605414,101.3343376561377,102.68033599853516,18828700.0
2025-02-21,103.16105133867977,104.02632919440302,98.06548869779324,101.43048095703125,24539235.0
2025-02-24,102.1034789834111,102.58419217511283,99.31534833962189,99.69991302490234,10118769.0
2025-02-25,99.79606123140265,100.56519793475321,98.64234517372503,100.18062591552734,17230508.0
2025-02-26,99.98834014085905,102.0073340036062,99.31534463164363,101.23819732666016,17262304.0
2025-02-27,101.23819875148861,103.93018816133831,100.37291355953296,103.54561614990234,20340765.0
2025-02-28,100.75748185471201,102.19962134308041,96.04649139235512,96.81562805175781,55912447.0
2025-03-03,97.39249609567374,98.54620482791123,95.709999915685,96.62335205078125,35296848.0
2025-03-04,97.10405704892915,98.35391418260907,96.62334389522158,97.58477020263672,27090395.0
2025-03-05,98.5462055564938,100.46905834784002,98.45006438394675,100.37291717529297,30494400.0
2025-03-06,101.43047543842911,103.25718688964844,100.27676680350145,103.25718688964844,31324387.0
2025-03-07,103.73790539307784,105.08390375997274,101.52662183781472,101.91119384765625,43612457.0
2025-03-10,102.10347837263075,103.9301899571903,100.37291529391734,100.66133880615234,40324118.0
2025-03-11,101.2381952545457,102.48804507966432,98.83462943497055,99.41148376464844,42826920.0
2025-03-12,100.27677197470594,102.68033786733933,99.60376912370799,101.91119384765625,42540769.0
2025-03-13,103.06490168078521,103.737904526159,102.29576500263065,103.35333251953125,25579493.0
2025-03-14,103.73790653015556,107.00675764698725,102.68033899282499,105.18004608154297,42759554.0
2025-03-17,105.85304160481668,107.10289881672621,104.41090205342925,105.18004608154297,43113382.0
2025-03-18,105.37232683002763,107.00675603131614,104.50704164523972,104.98775482177734,46476030.0
2025-03-19,97.10406517101562,100.08448550627408,94.50821685791016,94.50821685791016,53336668.0
2025-03-20,93.73906417420918,96.91177389568416,91.0470676023455,93.3544921875,68715432.0
2025-03-21,92.77764186767226,92.77764186767226,84.0286636352539,84.0286636352539,67113226.0
2025-03-24,85.56695206790229,87.00909170949615,81.2886073985478,86.14380645751953,50540400.0
2025-03-25,88.25894739285495,92.34500963631858,86.91294895151724,91.14322662353516,38725633.0
2025-03-26,89.89336682250185,93.4987157592332,89.12422278195868,90.27793884277344,52218037.0
2025-03-27,91.57586168365681,91.81621827600236,88.78772374542814,89.60493469238281,28999635.0
2025-03-28,89.65300471509309,92.10464477539062,88.35508064468293,92.10464477539062,16531097.0
2025-04-02,91.57586414114162,92.05657733873292,89.79722677707409,90.71057891845703,21170947.0
2025-04-03,90.99900660641256,91.96043296815998,88.40315102863394,88.45122528076172,27107015.0
2025-04-04,88.7396568965128,89.12422157648165,84.6055205709379,84.89395141601562,40092365.0
2025-04-07,82.20195728263471,86.57645034107276,81.62510290907508,85.03816223144531,32666983.0
2025-04-08,86.72065117901126,87.87436716472426,85.23044478322879,87.1532974243164,23777346.0
2025-04-09,86.0476621135822,87.6820840465036,85.56694891741695,86.23994445800781,26832828.0
2025-04-10,88.73964814681614,89.12421278886706,86.3360824584961,86.3360824584961,23852342.0
2025-04-11,86.76872370823915,87.87436542195705,85.5188665822797,87.20136260986328,18997626.0
2025-04-14,88.06664990691158,88.25893957298061,86.33608692289476,86.4322280883789,13463216.0
2025-04-15,86.76872583512379,87.24943899764524,85.95151492585745,86.4322280883789,15897516.0
2025-04-16,86.33609082190532,86.6245143313832,84.41323808498181,85.13430786132812,17214828.0
2025-04-17,85.27851117626038,88.1147232055664,83.7883047895985,88.1147232055664,36130600.0
2025-04-18,88.59544012685224,90.18179508045651,87.48979835100072,89.41265106201172,18582557.0
2025-04-21,89.89336395263672,92.15271441383787,89.46072502808151,89.89336395263672,18681581.0
2025-04-22,90.22985935409986,90.99900335001439,87.34558037207152,88.54736328125,16580237.0
2025-04-24,87.82629848576099,90.51829528808594,87.7301573146282,90.51829528808594,21344164.0
2025-04-25,91.04707248431868,91.43164449164873,87.73015450818652,87.77822875976562,19250801.0
2025-04-28,88.11472694784898,88.25894236819295,86.43223082573823,87.05715942382812,12443065.0
2025-04-29,86.76872815741187,88.25894193515295,86.62451273777549,87.77822875976562,13471617.0
2025-04-30,88.21086532268816,88.54736306943305,84.94201435052209,86.4322280883789,16747107.0
2025-05-02,87.00908428854183,87.39365629385391,85.51887051862036,85.6630859375,11857830.0
2025-05-05,86.43223321161192,86.72065672516052,83.01916662136121,83.21145629882812,20109028.0
2025-05-06,83.21145413574212,84.84587600866756,83.06723871516611,83.9805908203125,19040030.0
2025-05-07,84.2209456906138,84.99008969458687,83.74023252190584,84.5093765258789,12706877.0
2025-05-08,85.61501262985226,86.76872122455973,84.70165326853352,86.5764389038086,9472446.0
2025-05-09,86.96100993541698,90.4702175602428,85.66308583722139,88.73965454101562,21096700.0
2025-05-12,91.43164382194402,94.46013827172169,91.28742840336398,93.69099426269531,25605711.0
2025-05-13,92.96992404847077,93.83520922060222,91.527784539952,92.05657196044922,18273646.0
2025-05-14,92.7776395935455,93.73906591057705,92.29692643502972,93.30642700195312,22023275.0
2025-05-15,94.0274984655079,94.60435279929429,92.63342587916492,92.77764129638672,16785711.0
2025-05-16,93.11414034599227,93.83521010706362,91.23936190124715,92.96992492675781,20193486.0
2025-05-20,93.64292679008571,94.79663546166834,92.68150045206654,94.65242004394531,20209768.0
2025-05-21,94.6043568913239,95.66192443819324,93.54678934445455,93.59485626220703,24396622.0
2025-05-22,94.02750418227829,95.90228271484375,92.39307491289438,95.90228271484375,20790985.0
2025-05-23,95.66191945757186,96.43106345257756,93.1141382261038,94.21977996826172,17736832.0
2025-05-26,95.13313177039464,95.7099934325395,93.78714078565856,94.70049285888672,14564179.0
2025-05-27,94.94084971291679,95.66191945757186,93.49871022360666,94.21977996826172,15922185.0
2025-05-28,94.21977961575178,94.6043516118158,91.2393594826818,92.34500122070312,17620852.0
2025-05-29,93.2102807747817,93.59485277799092,91.43164351192749,91.81621551513672,11227882.0
2025-05-30,91.81622043086735,92.0085027752161,88.21087146106889,91.19129180908203,21988269.0
2025-06-02,90.37407072297819,90.4702118843868,87.48979187011719,87.48979187011719,19164113.0
2025-06-03,88.21086615568248,91.09514515804811,87.97050957215201,90.42214965820312,19533540.0
2025-06-04,90.18179522686737,94.60435500235253,90.13372097497364,94.36399841308594,17590216.0
2025-06-05,94.26785157282185,94.26785157282185,92.63342246308301,93.3544921875,4568835.0
2025-06-10,94.50820814762753,95.18120362304316,92.39306588827735,93.3544921875,19648358.0
2025-06-11,93.40256643650136,94.60434931052968,92.77763787498651,93.3544921875,22115914.0
2025-06-12,92.39306349285187,94.2678491287898,91.23935489773648,92.00849151611328,19200887.0
2025-06-13,88.93193817138672,89.79722336115555,85.18237390578913,88.93193817138672,37514853.0
2025-06-16,88.73965124572074,90.03757529571868,87.29751178236731,89.0761489868164,22015099.0
2025-06-17,88.73965042831881,89.84528480529167,87.44171905517578,87.44171905517578,20840559.0
2025-06-18,87.15329728986376,87.97050819404512,86.384153300575,87.3936538696289,17675694.0
2025-06-19,87.63401317064937,88.45122410020718,85.182373046875,85.182373046875,15378625.0
2025-06-20,86.42718747121809,88.43940022014421,85.936402778,88.19400787353516,18647650.0
2025-06-23,86.13270799274052,87.75229887155652,85.83823420067229,86.52533721923828,13814071.0
2025-06-24,90.30437674334166,90.45161363796171,88.48847501310647,90.00990295410156,20222393.0
2025-06-25,90.20622646829315,92.0221283023706,89.56820488097405,91.23686981201172,14969936.0
2025-06-26,91.33503040251342,91.43318583910137,87.50690846534526,87.85045623779297,21296642.0
2025-06-27,87.8995366199526,88.7338690538636,86.77073039111785,87.65414428710938,23781242.0
2025-06-30,88.24308329541739,94.37789154052734,88.24308329541739,94.37789154052734,31869770.0
2025-07-01,95.21222396308396,97.17536260149805,94.8686761991174,96.68457794189453,22931237.0
2025-07-02,96.39010948011924,97.42076031778412,95.55577701041814,96.29195404052734,30468941.0
2025-07-03,97.22444504154109,98.25508834381424,94.4269664626205,96.19379425048828,37991868.0
2025-07-04,96.43918620611595,98.35324339484761,95.75209067395063,97.12628173828125,19127895.0
2025-07-07,95.21222686767578,96.34103311695573,93.98526518123666,95.21222686767578,17420394.0
2025-07-08,95.8502466448117,96.19379441281583,92.022124757158,92.26751708984375,27996136.0
2025-07-09,92.26752221615608,93.93618717561708,91.97304840506057,93.4944839477539,29528060.0
2025-07-10,95.06499030776921,95.11407177091435,91.9730453491211,91.9730453491211,51678802.0
2025-07-11,92.8073817510998,93.15092951367657,90.6479247643123,90.69700622558594,34113547.0
2025-07-14,90.89332037688291,91.58042341563944,90.05898792654554,90.5988540649414,20983751.0
2025-07-16,90.79516651184578,92.12028366047889,87.40875518880785,90.54977416992188,31904736.0
2025-07-17,91.38410750286221,92.51291378419191,90.94240427871496,92.36567687988281,22785369.0
2025-07-18,92.36567758934399,93.15093609250407,91.48226364548394,92.80738830566406,17032369.0
2025-07-21,93.15093410437387,94.08342200429169,92.75830486117377,93.78895568847656,22421083.0
2025-07-22,93.93618437856995,94.1815767175827,93.10185192368256,93.34724426269531,25319021.0
2025-07-23,93.54356412200364,93.8380304402566,92.46383182206945,92.61106872558594,18841404.0
2025-07-24,92.95461213654426,94.23065525530504,92.02212427275882,92.51290893554688,27015704.0
2025-07-25,92.51291239970439,92.61106783818151,90.795166015625,90.795166015625,16558559.0
2025-07-28,90.99147532142804,91.13871222099135,90.20622433839007,90.84424591064453,14959023.0
2025-07-29,90.79516570232849,91.23686891834137,89.42096710205078,89.42096710205078,20448237.0
2025-07-30,89.51911939008515,92.46382736329558,89.47004541713277,91.82581329345703,34479113.0
2025-07-31,92.02212622593939,93.05277703518183,90.50069074349193,91.53134155273438,30613485.0
2025-08-01,91.53134155273438,92.02212622593939,90.69700910604182,91.53134155273438,20833967.0
2025-08-04,91.87489211752728,92.36567680564312,91.43318889373505,91.67858123779297,25536834.0
2025-08-05,92.75829991914559,92.75829991914559,91.6294937133789,91.6294937133789,19077347.0
2025-08-06,91.7767343828755,92.02212672079763,90.94240193169625,91.28594970703125,24653198.0
2025-08-07,91.48225825585672,93.54355983301643,91.48225825585672,93.20000457763672,32458085.0
2025-08-08,94.27973888854005,94.8195975367731,93.3472435144978,94.52513122558594,27317047.0
2025-08-11,95.50670017609563,96.04655882208081,94.37789393262878,95.4576187133789,30575347.0
2025-08-12,95.60485355789572,96.48826744635109,94.67235820777854,95.75209045410156,24279575.0
2025-08-13,95.5557731734035,96.78273484098386,95.01591453293595,95.94840240478516,23354586.0
2025-08-14,95.94840557345829,96.2428793789144,92.56199425461293,92.85646057128906,31267542.0
2025-08-15,92.9546111656751,93.83802504722266,91.8258124440761,93.00369262695312,21165402.0
2025-08-18,93.39632772126646,94.77052634685131,91.87489219137251,92.36567687988281,29879709.0
2025-08-19,92.66014545930634,93.88710711133957,92.12027933689987,93.44539642333984,26196524.0
2025-08-20,93.64171916703499,95.99748714703699,92.56199436042823,95.85025024414062,29911774.0
2025-08-21,96.09564443531028,97.56799851504809,95.89932606474383,97.17536926269531,30509433.0
2025-08-22,97.37167935813089,97.46984228701142,95.604858969982,96.04656219482422,20812609.0
2025-08-25,96.4882721297325,97.5189154756398,95.99748744441092,97.22444915771484,30268751.0
2025-08-26,97.51891399148926,98.15693557045317,96.29195229685858,97.96062469482422,31499249.0
2025-08-27,98.94219282021278,99.53113292855623,97.7643051147461,97.7643051147461,42102454.0
2025-08-28,97.96062454789305,98.05877998556029,94.37789490718927,94.96683502197266,38647989.0
2025-08-29,95.01591890992952,95.16314832579766,92.75830634207081,93.05278015136719,22822919.0
2025-09-01,93.15093247206687,93.20000644611949,91.53134155273438,91.53134155273438,22310273.0
2025-09-02,91.77673170112247,92.46382723171529,86.62349275533752,89.51911926269531,46064008.0
2025-09-03,89.5191219562941,89.66635885693134,87.80137558934607,88.97926330566406,28860514.0
2025-09-04,89.07741595104913,89.71543750795857,88.73386818618393,88.83202362060547,24306494.0
2025-09-05,89.17557078306612,89.71543690190708,88.14492749543278,88.39031982421875,26360963.0
2025-09-08,86.86889113145979,87.65414964002458,86.32902497072396,87.26152038574219,20502483.0
2025-09-09,87.31058781162417,87.70321703644984,85.93639675790371,87.45782470703125,28230791.0
2025-09-10,87.80137625717703,88.48847930245036,86.57441455716739,87.1142807006836,26044213.0
2025-09-11,87.11427634398044,88.0467641938408,86.18178849412007,87.01612091064453,42288008.0
2025-09-12,87.06519932204998,88.04676868301459,85.44561586748227,87.80137634277344,25161467.0
2025-09-15,87.80137723240527,92.31660232961617,87.16336313233764,91.9239730834961,41689139.0
2025-09-16,91.9239684680864,93.5435593465262,91.33502837286636,93.44539642333984,31021660.0
2025-09-17,93.24909060804401,94.18157851861245,92.70922445638017,93.98526763916016,24999951.0
2025-09-18,94.23066041099257,94.32881585116468,92.41475855707841,93.05278015136719,23228085.0
2025-09-19,93.44539904369151,95.55577464212277,93.00369583208536,95.21222686767578,27646401.0
2025-09-22,97.12628344651422,97.51891268127684,96.04655866750181,97.07720947265625,23424396.0
2025-09-23,95.94840598036677,98.10785560026967,95.26131041642857,97.22444915771484,20781955.0
2025-09-24,97.32260190568346,98.35324522308954,95.50670011796623,97.7643051147461,25810836.0
2025-09-25,97.96062313633718,98.45140780638138,96.24287679118243,96.39010620117188,18715065.0
2025-09-26,96.48827334093778,97.17536891350102,94.08342385940632,95.11407470703125,20479920.0
2025-09-29,94.96683248249512,96.19379414247568,94.52512928041399,95.50669860839844,16525433.0
2025-09-30,95.75209587452277,96.88089466884841,94.67236356707727,96.04656219482422,31907935.0
2025-10-01,96.04656198524738,98.8440332102973,95.40854039281635,97.66615295410156,26848612.0
2025-10-02,97.66615225938797,99.82560187664637,97.46984138101175,99.53113555908203,24795225.0
2025-10-03,99.8256022872955,100.12007609485119,95.55577701041814,96.29195404052734,26925304.0
2025-10-06,96.63550203950213,97.76430831928216,95.65393266382905,96.97905731201172,21327043.0
2025-10-07,97.07720657701765,98.9421897699262,96.39010356448314,98.549560546875,25179472.0
2025-10-08,98.1569335118201,99.23665828269418,95.80116560978047,96.635498046875,26277542.0
2025-10-09,97.66614666720467,99.23665607062995,96.97905114344972,98.549560546875,22852402.0
2025-10-10,99.13850709343359,99.92376559067577,97.76430846764978,98.3532485961914,20729900.0
2025-10-13,97.17536689087527,98.25509169190678,95.80116828557155,96.09564208984375,24803567.0
2025-10-14,96.14471624570379,96.14471624570379,88.34124279437896,89.17557525634766,72471042.0
2025-10-15,89.37189457301103,94.27974144711861,88.78294695709411,93.98526763916016,44411364.0
2025-10-16,93.24908905191477,98.54956508525326,92.611067471172,94.03434753417969,70464111.0
2025-10-17,93.98526292391101,93.98526292391101,89.86267475200327,92.51290893554688,22960512.0
2025-10-20,92.56199157191264,95.45761812359461,90.8933192039907,95.01591491699219,23410978.0
2025-10-21,95.0159175588816,95.55577621654187,93.83802982722476,95.16314697265625,15992665.0
2025-10-22,95.50670402728605,97.56799823525176,95.01591933544753,95.8011703491211,18971970.0
2025-10-23,96.68458400176014,96.7336654663086,95.31038537098419,96.7336654663086,14597575.0
2025-10-24,96.83181650719656,102.47584018995666,96.48826873730624,98.94219207763672,39698906.0
2025-10-27,98.84403220651438,100.02191993952844,97.61707049844553,98.15693664550781,17501419.0
2025-10-28,98.10785093919677,100.02191561428226,97.81338463526181,98.7458724975586,8834835.0
2025-10-30,99.04034531110887,101.78873489789453,96.3410296967707,96.92996978759766,29382651.0
2025-10-31,96.53734772986915,98.64772341002877,96.29195538307803,97.86246490478516,22076768.0
2025-11-03,98.35324639073085,99.72744498569979,94.9177536476984,95.6539306640625,36113347.0
2025-11-04,95.65393265685148,95.75209558543564,94.27974152203343,94.67236328125,16067665.0
2025-11-05,95.50670076074742,98.9421934861156,95.50670076074742,95.89932250976562,72877809.0
2025-11-06,96.53734186778242,101.49426996747292,96.24287556278217,100.12007141113281,61035430.0
2025-11-07,96.68458422201869,97.27352435404146,94.57420855088866,95.11407470703125,45517118.0
2025-11-10,95.55577721704734,96.1937988089443,94.03434917813307,94.67236328125,18833540.0
2025-11-11,94.81959820634637,95.16314598288062,90.10806979506262,92.66014862060547,32965798.0
2025-11-12,95.21222677380248,95.35946367378597,92.66014796628126,94.52513122558594,28256239.0
2025-11-13,94.81959729983228,95.01591566224631,92.95461404518794,93.83802795410156,17600808.0
2025-11-14,93.29817271485105,93.39632815525322,90.59885691550143,91.43318939208984,21707149.0
2025-11-17,91.82581255336505,92.36567118416806,90.79516177553633,91.38410186767578,21935274.0
2025-11-18,91.13871086173334,92.85645719053363,90.99147396436595,92.26751708984375,18456486.0
2025-11-19,92.51291122859044,93.83802835320685,92.0221265536377,92.9055404663086,22178304.0
2025-11-20,93.49448253531337,95.21222893359997,93.249090192701,94.91775512695312,25146071.0
2025-11-21,94.52512965393846,94.91775139565999,92.51290952810703,92.9546127319336,16935118.0
2025-11-24,92.7092225950933,93.15093329816293,91.72765323997835,92.66014862060547,22028464.0
2025-11-25,93.20000495853775,93.49447875327253,91.53134009178649,92.26751708984375,21366816.0
2025-11-26,92.31660290429981,93.69079404110462,92.12028453562766,92.36567687988281,15062171.0
2025-11-27,92.75830513239701,93.78895596271342,92.46383132694092,92.85646057128906,13939432.0
2025-11-28,92.8564565908129,93.00369348722936,91.58042096235616,91.82581329345703,21386147.0
2025-12-01,91.62949644827728,94.23065669865228,91.62949644827728,94.08341979980469,19512779.0
2025-12-02,94.23065703325835,95.4576187133789,93.64171692455645,95.4576187133789,16383048.0
2025-12-03,95.5557731734035,96.83181630319896,95.21222540423693,95.94840240478516,27599676.0
2025-12-04,96.19379902612332,97.46984221279818,95.06499274387708,95.35946655273438,19492316.0
2025-12-05,95.35946181852059,97.56799280896547,95.0159140510962,96.19379425048828,18764753.0
2025-12-08,96.83181650719656,99.62928761741736,96.83181650719656,98.94219207763672,25632228.0
2025-12-09,98.84403032266265,100.21822890726513,98.64771944862507,99.82559967041016,20582512.0
2025-12-10,99.92376358450123,100.80717001518744,98.84403130027606,99.3348159790039,20712990.0
2025-12-11,99.43297881769499,100.51270361218384,97.66615098032786,98.64772033691406,24314726.0
2025-12-12,98.94219587686203,102.57399956449481,98.84403294845572,102.27952575683594,23727235.0
2025-12-15,103.45741271972656,104.04635284182999,102.18136954785251,103.45741271972656,19387318.0
2025-12-16,103.26108914703643,103.26108914703643,98.25508712837603,99.92375946044922,43471930.0
2025-12-17,99.82560195532997,101.00348969285568,99.43298019826804,100.21823120117188,22288011.0
2025-12-18,100.21823012691495,101.10164404839476,99.72744544706838,100.02191925048828,14223014.0
2025-12-19,100.02191793820982,100.80716892239398,98.15693468150526,99.13850402832031,26262921.0
2025-12-22,99.53113626706151,99.72744714683412,97.66615295410156,97.66615295410156,23523159.0
2025-12-23,97.7643037874899,98.1569330173151,96.1937943569688,96.88088989257812,21338002.0
2025-12-24,97.02813007277966,97.66615165673544,96.48827141618628,96.7827377319336,16583216.0
2025-12-25,97.17536540081622,97.56799463756538,96.7336621899608,96.83181762695312,7624844.0
2025-12-26,97.05000305175781,97.30000305175781,95.0999984741211,95.25,13507434.0
2025-12-29,95.25,95.5,93.94999694824219,93.94999694824219,17865290.0
2025-12-30,94.05000305175781,94.55000305175781,92.55000305175781,93.5,24932643.0
2025-12-31,93.94999694824219,94.75,92.8499984741211,93.0999984741211,21805241.0
2026-01-02,93.5,96.0,93.5,96.0,24992694.0
2026-01-05,96.4000015258789,97.30000305175781,95.55000305175781,96.80000305175781,30842626.0
2026-01-06,96.94999694824219,99.25,96.8499984741211,99.0999984741211,26806209.0
2026-01-07,99.19999694824219,99.4000015258789,97.9000015258789,98.80000305175781,28027333.0
2026-01-08,99.19999694824219,99.9000015258789,97.05000305175781,99.6500015258789,43777974.0
2026-01-09,100.0,100.0,97.8499984741211,98.30000305175781,29638733.0
2026-01-12,98.30000305175781,100.19999694824219,98.25,99.55000305175781,35436049.0
2026-01-13,99.75,102.69999694824219,99.6500015258789,101.69999694824219,35486294.0
2026-01-14,102.0999984741211,102.69999694824219,101.0999984741211,101.69999694824219,20590616.0
2026-01-15,101.19999694824219,104.0999984741211,100.69999694824219,103.69999694824219,32106493.0
2026-01-16,104.0,106.19999694824219,103.0999984741211,105.9000015258789,30893209.0
2026-01-19,107.0,108.80000305175781,105.5,105.80000305175781,40699556.0
2026-01-20,105.5999984741211,105.80000305175781,103.0,104.5,40453792.0
2026-01-21,105.0,105.80000305175781,103.80000305175781,105.5,27441607.0
2026-01-22,106.4000015258789,112.0999984741211,105.5,112.0999984741211,52445559.0
2026-01-23,113.0,115.0999984741211,111.5999984741211,112.80000305175781,48719272.0
2026-01-26,112.69999694824219,115.30000305175781,111.69999694824219,114.80000305175781,30247061.0
2026-01-27,114.80000305175781,115.9000015258789,113.0999984741211,114.4000015258789,41136402.0
2026-01-28,114.19999694824219,116.5,114.0,115.9000015258789,38195142.0
2026-01-29,116.5,118.69999694824219,115.9000015258789,117.30000305175781,51243562.0
2026-01-30,116.80000305175781,118.80000305175781,115.4000015258789,116.9000015258789,41874598.0
2026-02-02,115.0,115.4000015258789,110.9000015258789,113.5,48401453.0
2026-02-03,114.5,118.5,113.30000305175781,118.5,38921850.0
2026-02-04,119.0,119.5,117.0999984741211,118.30000305175781,32923125.0
2026-02-05,118.30000305175781,118.5999984741211,115.0,116.0999984741211,34864735.0
2026-02-06,115.5999984741211,115.5999984741211,113.0,114.30000305175781,24763989.0
2026-02-09,115.5,117.9000015258789,114.9000015258789,117.0,26422983.0
2026-02-10,117.0999984741211,118.19999694824219,116.4000015258789,118.0999984741211,37214388.0
2026-02-11,117.0,123.30000305175781,116.30000305175781,122.0999984741211,43221109.0
2026-02-12,122.30000305175781,124.5999984741211,121.0999984741211,123.9000015258789,36110224.0
2026-02-13,124.0999984741211,127.0,123.80000305175781,125.30000305175781,28736197.0
2026-02-16,126.0,129.60000610351562,125.30000305175781,127.5,35454141.0
2026-02-17,126.5,128.60000610351562,126.0,126.0,29187288.0
2026-02-18,126.19999694824219,129.10000610351562,123.80000305175781,124.5999984741211,36132241.0
2026-02-19,125.4000015258789,125.5999984741211,119.69999694824219,120.19999694824219,24527936.0
2026-02-20,120.0999984741211,123.5,119.9000015258789,122.80000305175781,21363716.0
2026-02-23,124.0999984741211,125.0,121.80000305175781,123.0999984741211,25051140.0
2026-02-24,123.0999984741211,123.5,120.69999694824219,121.5,25596391.0
2026-02-25,121.69999694824219,122.19999694824219,119.4000015258789,121.0,22609607.0
2026-02-26,121.30000305175781,121.5999984741211,118.4000015258789,120.80000305175781,19414935.0
2026-02-27,121.0,121.80000305175781,115.0999984741211,115.80000305175781,40369729.0
2026-03-02,108.0999984741211,115.0999984741211,108.0999984741211,114.0,23867243.0
2026-03-03,113.30000305175781,115.69999694824219,111.4000015258789,113.30000305175781,22921483.0
2026-03-04,112.80000305175781,113.9000015258789,109.5,111.0,23345789.0
2026-03-05,111.5999984741211,113.19999694824219,109.69999694824219,109.69999694824219,19201927.0
2026-03-06,110.5,112.19999694824219,106.0999984741211,107.5,19785973.0
2026-03-09,104.4000015258789,107.0,102.9000015258789,106.9000015258789,20586776.0
2026-03-10,112.0,112.0,108.80000305175781,111.5,20279734.0
2026-03-11,111.0,112.9000015258789,108.30000305175781,109.0999984741211,26861646.0
2026-03-12,108.4000015258789,112.19999694824219,107.5,111.30000305175781,29042706.0
2026-03-13,110.0,110.5999984741211,107.4000015258789,108.80000305175781,17382176.0
2026-03-16,112.0,112.80000305175781,108.5999984741211,109.0999984741211,17916915.0
2026-03-17,109.4000015258789,111.69999694824219,109.0,110.80000305175781,21618652.0
2026-03-18,111.5,112.0,107.9000015258789,108.5,14547188.0
2026-03-19,107.5,107.80000305175781,106.4000015258789,106.5999984741211,6727623.0
2026-03-23,104.9000015258789,108.4000015258789,102.5,108.4000015258789,40490725.0
2026-03-24,107.5,108.0,103.9000015258789,106.19999694824219,19199144.0
2026-03-25,107.69999694824219,108.5999984741211,106.69999694824219,107.4000015258789,18382699.0
2026-03-26,106.69999694824219,108.9000015258789,105.5,106.0,13360748.0
2026-03-27,106.30000305175781,106.80000305175781,104.9000015258789,106.4000015258789,12997298.0
2026-03-30,106.0,106.4000015258789,104.4000015258789,104.5999984741211,12217036.0
2026-03-31,105.0999984741211,107.69999694824219,105.0,105.9000015258789,26399921.0
2026-04-01,108.5,108.5999984741211,106.19999694824219,107.19999694824219,20269458.0
2026-04-02,106.0999984741211,107.19999694824219,105.19999694824219,106.9000015258789,11866267.0
2026-04-03,107.0999984741211,108.5999984741211,106.0999984741211,107.5,12451195.0
2026-04-06,107.9000015258789,109.19999694824219,107.0,108.5999984741211,14622485.0
2026-04-07,108.30000305175781,109.0,104.5,104.9000015258789,14328344.0
2026-04-08,109.4000015258789,113.30000305175781,108.9000015258789,111.19999694824219,30236268.0
2026-04-09,110.69999694824219,114.4000015258789,110.0,114.4000015258789,18285350.0
2026-04-10,116.0999984741211,117.80000305175781,115.4000015258789,117.30000305175781,19947292.0
2026-04-13,114.5999984741211,115.69999694824219,112.69999694824219,115.69999694824219,20287504.0
2026-04-14,116.5,118.5,115.80000305175781,116.30000305175781,21157315.0
2026-04-15,116.5999984741211,117.5999984741211,115.5999984741211,117.0999984741211,16778888.0
2026-04-16,118.0,118.5,116.69999694824219,117.30000305175781,13363899.0
2026-04-17,117.5,121.30000305175781,116.0,120.5,30021383.0
2026-04-20,118.0999984741211,119.69999694824219,117.69999694824219,117.69999694824219,21709957.0
2026-04-21,118.5999984741211,118.9000015258789,115.0,115.30000305175781,16028473.0
2026-04-22,116.0999984741211,116.30000305175781,113.69999694824219,114.0999984741211,11745637.0
2026-04-24,113.69999694824219,114.9000015258789,112.0,114.30000305175781,17821582.0
2026-04-27,114.5,117.19999694824219,114.0,116.5999984741211,17679081.0
2026-04-28,116.0,116.4000015258789,113.5,113.80000305175781,12060946.0
2026-04-29,114.19999694824219,114.9000015258789,111.4000015258789,112.0999984741211,16101303.0
2026-04-30,111.0,112.30000305175781,109.4000015258789,112.0999984741211,20776856.0
2026-05-04,112.30000305175781,113.19999694824219,109.5999984741211,111.0,18039824.0
2026-05-05,111.0999984741211,116.0999984741211,111.0999984741211,115.19999694824219,20711842.0
2026-05-06,116.80000305175781,119.30000305175781,115.19999694824219,117.69999694824219,26695676.0
2026-05-07,119.4000015258789,120.9000015258789,118.19999694824219,118.5999984741211,19635844.0
2026-05-08,118.0999984741211,120.9000015258789,116.5999984741211,120.0,23760991.0
2026-05-11,120.0,123.4000015258789,119.5,121.9000015258789,32692016.0
2026-05-12,121.0,121.0,115.0,115.0,20840911.0
2026-05-13,116.0,116.0,113.5999984741211,114.0,16963274.0
2026-05-14,114.9000015258789,115.5,113.9000015258789,114.5,12803500.0
2026-05-15,112.5,113.0,109.5,109.5,19903864.0
2026-05-18,109.30000305175781,109.4000015258789,106.80000305175781,106.80000305175781,19889483.0
2026-05-20,106.69999694824219,108.80000305175781,105.30000305175781,108.5999984741211,18711055.0
2026-05-21,108.0999984741211,108.0999984741211,102.69999694824219,106.0,18911672.0
2026-05-22,102.80000305175781,107.80000305175781,100.80000305175781,106.5,59204874.0
2026-05-25,106.5,107.5,105.19999694824219,106.0999984741211,21912157.0
2026-05-26,106.19999694824219,106.9000015258789,101.0,101.0,20062194.0
2026-05-27,101.0,101.0,101.0,101.0,0.0
2026-05-28,101.0,101.0,101.0,101.0,0.0
2026-05-29,101.0,101.0,101.0,101.0,0.0
2026-06-01,102.0,105.4000015258789,102.0,102.5999984741211,40334030.0
2026-06-02,103.5999984741211,108.9000015258789,103.5999984741211,108.5,33251902.0
2026-06-03,107.5,108.5,105.30000305175781,105.80000305175781,16954999.0
2026-06-04,106.5999984741211,108.19999694824219,104.5,107.9000015258789,21543072.0
2026-06-05,108.0,108.0999984741211,104.5999984741211,105.0999984741211,17803817.0
2026-06-08,104.0999984741211,107.5,104.0,107.4000015258789,19946451.0
2026-06-09,107.80000305175781,110.0,105.5,105.5,24974372.0
2026-06-10,105.0999984741211,105.80000305175781,103.5,104.5999984741211,15741213.0
2026-06-11,105.0,107.5999984741211,104.69999694824219,107.5,21271708.0
2026-06-12,108.5,111.4000015258789,107.69999694824219,110.69999694824219,26346795.0
2026-06-15,115.5,116.30000305175781,112.4000015258789,114.9000015258789,20830584.0
2026-06-16,114.9000015258789,115.4000015258789,113.30000305175781,115.19999694824219,16475601.0
2026-06-17,115.69999694824219,116.30000305175781,111.30000305175781,112.0999984741211,14796658.0
2026-06-18,112.5,116.0999984741211,112.4000015258789,116.0,24119790.0
2026-06-19,114.5,115.9000015258789,113.4000015258789,113.4000015258789,15586355.0
2026-06-22,113.80000305175781,114.69999694824219,112.69999694824219,113.19999694824219,14550413.0
2026-06-23,112.0999984741211,112.5,110.80000305175781,111.0,14773578.0
2026-06-24,110.9000015258789,112.30000305175781,109.4000015258789,110.4000015258789,14667029.0
2026-06-25,111.5,113.0999984741211,109.4000015258789,110.5,22063525.0
2026-06-26,110.5,111.5999984741211,109.69999694824219,110.9000015258789,13689963.0
2026-06-29,110.9000015258789,112.0,108.5999984741211,109.5999984741211,19269939.0
2026-06-30,110.0,110.30000305175781,106.5999984741211,107.4000015258789,32369286.0
2026-07-01,107.4000015258789,109.0999984741211,106.0999984741211,108.69999694824219,21396487.0
2026-07-02,108.80000305175781,110.9000015258789,107.5999984741211,108.4000015258789,24254193.0
2026-07-03,109.0,109.0,106.9000015258789,107.19999694824219,18320027.0
2026-07-06,107.5,109.0,106.30000305175781,108.5999984741211,21516917.0
2026-07-07,108.5,109.4000015258789,107.30000305175781,108.19999694824219,20585649.0
2026-07-08,107.0999984741211,107.0999984741211,103.9000015258789,105.4000015258789,23793273.0
2026-07-09,106.0999984741211,106.9000015258789,104.30000305175781,104.9000015258789,17348384.0
2026-07-10,104.80000305175781,107.69999694824219,104.5999984741211,107.0,28735489.0
2026-07-13,105.9000015258789,109.4000015258789,105.30000305175781,109.0,25772489.0
2026-07-14,109.0,111.0,108.0999984741211,110.19999694824219,26952128.0
2026-07-16,110.19999694824219,112.4000015258789,109.69999694824219,112.19999694824219,31920323.0
2026-07-17,111.69999694824219,112.30000305175781,108.30000305175781,108.5,21380344.0
2026-07-20,108.4000015258789,111.19999694824219,107.80000305175781,109.5999984741211,23345238.0
2026-07-21,110.19999694824219,111.9000015258789,109.5999984741211,111.5,26338460.0
2026-07-22,112.0,112.30000305175781,110.0,111.0,18168253.0
2026-07-23,110.4000015258789,110.5999984741211,103.80000305175781,105.0,46960951.0
2026-07-24,105.0,105.4000015258789,102.0999984741211,103.69999694824219,36279077.0
2026-07-27,104.5999984741211,105.19999694824219,101.80000305175781,102.30000305175781,24042654.0
2026-07-28,102.30000305175781,103.19999694824219,101.4000015258789,101.69999694824219,24750726.0
2026-07-29,101.80000305175781,102.4000015258789,100.69999694824219,101.4000015258789,30927124.0
2026-07-30,101.69999694824219,102.19999694824219,98.94999694824219,101.5,33927976.0
2026-07-31,102.0,102.19999694824219,99.25,99.94999694824219,29786987.0
2026-08-03,100.69999694824219,104.9000015258789,100.30000305175781,104.5,36086911.0
2026-08-04,104.0999984741211,108.4000015258789,104.0,107.5999984741211,35967044.0
2026-08-05,106.5,107.5,104.9000015258789,105.0999984741211,19872010.0
2026-08-06,105.0999984741211,106.30000305175781,103.5999984741211,105.30000305175781,19657136.0
2026-08-07,105.19999694824219,106.5,104.4000015258789,105.0999984741211,12992616.0
2026-08-10,105.19999694824219,106.5999984741211,104.9000015258789,105.30000305175781,16333999.0
2026-08-11,105.0,105.0,102.0,103.0999984741211,25891640.0
2026-08-12,102.9000015258789,104.69999694824219,101.5999984741211,104.0999984741211,30777849.0
2026-08-13,104.0999984741211,105.30000305175781,103.0,103.0999984741211,21261695.0
2026-08-14,103.9000015258789,105.4000015258789,103.19999694824219,104.0999984741211,35330035.0
2026-08-17,104.80000305175781,104.80000305175781,101.69999694824219,102.9000015258789,21654442.0
2026-08-18,102.5999984741211,104.5,102.19999694824219,103.5,20685840.0
2026-08-19,103.5,105.30000305175781,102.80000305175781,104.0,27080113.0
2026-08-20,104.4000015258789,105.0999984741211,102.19999694824219,102.80000305175781,22356652.0
2026-08-21,103.0,105.5,102.5999984741211,104.30000305175781,31775662.0
2026-08-24,105.5,105.9000015258789,102.69999694824219,103.0999984741211,33075155.0
2026-08-25,103.4000015258789,103.80000305175781,102.5,102.69999694824219,30223432.0
2026-08-26,103.19999694824219,105.0999984741211,102.80000305175781,103.5,35602536.0
2026-08-27,104.19999694824219,104.80000305175781,101.9000015258789,102.80000305175781,44545296.0
2026-08-28,103.80000305175781,103.9000015258789,102.4000015258789,103.5,23020770.0
2026-08-31,103.5,103.5,93.5,95.05000305175781,102844450.0
2026-09-01,95.5,96.75,94.9000015258789,96.55000305175781,60637136.0
2026-09-02,95.55000305175781,98.0,94.4000015258789,97.19999694824219,37455551.0
2026-09-03,97.80000305175781,98.0,96.3499984741211,96.5999984741211,16798447.0
2026-09-04,96.5,98.30000305175781,95.05000305175781,98.1500015258789,32262214.0
2026-09-08,99.05000305175781,101.5999984741211,97.8499984741211,101.5999984741211,33606041.0
2026-09-09,102.19999694824219,103.69999694824219,101.0,101.80000305175781,39930128.0
2026-09-10,102.0,102.19999694824219,100.0,101.5999984741211,18550168.0
2026-09-11,101.5,105.4000015258789,101.19999694824219,103.69999694824219,48843234.0
2026-09-14,102.9000015258789,104.19999694824219,102.30000305175781,102.4000015258789,16146248.0
2026-09-15,102.5999984741211,102.80000305175781,99.30000305175781,99.4000015258789,22670297.0
2026-09-16,99.5999984741211,102.19999694824219,92.25,95.75,46662512.0
