Date,Open,High,Low,Close,Volume
2021-09-17,12.240358697800422,12.504117877531383,12.220821498355184,12.4259672164917,126749273.0
2021-09-20,12.308741679679864,12.611575269489519,12.259897281818157,12.513887405395508,118328969.0
2021-09-21,12.601805513776831,12.797183094528817,12.513886720393659,12.74833869934082,134319994.0
2021-09-22,12.797183476029545,12.885102272033691,12.679956551431927,12.885102272033691,93716506.0
2021-09-23,12.894870791482925,13.06094117406081,12.78741386872108,13.021865844726562,92839027.0
2021-09-24,12.982790724697503,13.314931495207961,12.963253525530076,13.30516242980957,71721378.0
2021-09-27,13.373543555280541,13.45169514409725,13.129322518662619,13.217242240905762,89362029.0
2021-09-28,13.2172428797996,13.568921785771595,13.207474745900996,13.461463928222656,109992789.0
2021-09-29,13.510308324233142,13.549383654715655,13.334468871247143,13.461463928222656,86075020.0
2021-09-30,13.510308870148675,13.764298994362765,13.461464472164518,13.627534866333008,76409871.0
2021-10-01,13.598227535422405,13.793604180431194,13.520076877418887,13.72522258758545,97542462.0
2021-10-04,13.78383513784665,13.852217662433711,13.549383163452148,13.549383163452148,74809181.0
2021-10-05,13.510308382733664,13.764298497784484,13.48100211765222,13.7154541015625,84235163.0
2021-10-06,13.69591615990198,13.734991488436293,13.295392877888618,13.393081665039062,67415705.0
2021-10-07,13.490771269195728,13.793604850769043,13.481002203563202,13.793604850769043,67668536.0
2021-10-08,13.852218165524254,13.949906025921832,13.754529373497311,13.764298439025879,64985391.0
2021-10-11,13.822910252818268,13.979212498289735,13.764297725942122,13.87175464630127,37854961.0
2021-10-12,13.78383517241504,13.940137420699362,13.598227591794576,13.67637825012207,84977064.0
2021-10-13,13.959675643250991,14.115976971368914,13.852218713077269,13.93036937713623,102408453.0
2021-10-14,13.930368944087585,14.106207466939313,13.852218282458066,13.969444274902344,61588784.0
2021-10-15,13.99875068184606,14.311353331529293,13.901061888005357,14.30158519744873,92148022.0
2021-10-18,14.321121704468542,14.340659834943297,13.97921280582437,14.23320198059082,71777645.0
2021-10-19,14.252740424379551,14.27227762365445,13.979213113125471,13.988981246948242,79942830.0
2021-10-20,14.008519273236624,14.223434053431664,13.461463723184526,13.481001853942871,179373133.0
2021-10-21,13.607997460581972,13.676379057749314,13.334469208653825,13.647072792053223,104907649.0
2021-10-22,13.686147720044275,13.842449041321373,13.647072389725,13.813142776489258,81705323.0
2021-10-25,13.686148095204315,13.959675414937074,13.666609963694425,13.949906349182129,75085394.0
2021-10-26,13.988980972039172,14.409041461932143,13.988980972039172,14.360197067260742,95052719.0
2021-10-27,14.369965962514835,14.565342607259664,14.272277174327755,14.506730079650879,100470372.0
2021-10-28,14.45788629238707,14.633724814223086,14.399272830688817,14.623956680297852,25935879.0
2021-11-01,14.633724792626742,15.04401622902089,14.633724792626742,14.926790237426758,77646692.0
2021-11-02,14.965865684346015,15.131936073303223,14.819333426621126,15.131936073303223,86716520.0
2021-11-03,15.083091189216187,15.239393439133366,14.575111904780725,15.219855308532715,145824969.0
2021-11-04,15.757139754238857,16.597260678671457,15.630145640741597,16.577722549438477,205042533.0
2021-11-05,16.46049784160543,17.486225425227893,16.42142158232984,17.24200439453125,220289421.0
2021-11-08,17.39830710943653,17.779293215090778,17.154086059027364,17.63275909423828,173114727.0
2021-11-09,17.66206464718686,17.945361933658162,17.46668707974054,17.740215301513672,163597493.0
2021-11-10,17.769523280548746,17.876979270458204,17.60345289986105,17.710908889770508,101855749.0
2021-11-11,17.681603682224655,17.87697939641943,17.300617592516303,17.310386657714844,108707676.0
2021-11-12,17.4080753326416,17.62299103908718,17.222466821600054,17.4080753326416,82572266.0
2021-11-15,17.417844292325242,17.876979171323423,17.066165402640635,17.202930450439453,202411264.0
2021-11-16,17.222466639134982,17.388537018147726,17.115010650309305,17.251773834228516,102890120.0
2021-11-17,17.271312695007676,17.622991597974394,17.2517745641187,17.574146270751953,75615923.0
2021-11-18,17.603453841754042,17.84767489328806,17.212700531951366,17.58391571044922,104139179.0
2021-11-19,17.730448796228604,17.77929412677036,16.665644812783345,16.6949520111084,162553427.0
2021-11-22,16.792639721114988,17.2517746189119,16.743794393737407,17.22246742248535,148782796.0
2021-11-23,17.193162242265107,18.355654958570728,16.978246526409347,18.28727149963379,152209934.0
2021-11-24,18.658488220166,19.01016525812941,18.336116515131966,18.531492233276367,174965138.0
2021-11-25,18.551029092600135,18.648717876606202,18.26773366856698,18.345884323120117,71106786.0
2021-11-26,17.554607445416416,17.58391464059051,16.519110771627396,16.597261428833008,200728655.0
2021-11-29,16.597262157326305,17.056397055654468,16.05020753287549,16.919633865356445,180958754.0
2021-11-30,16.821945190429688,16.821945190429688,16.821945190429688,16.821945190429688,30.0
2021-12-01,17.0466300064561,18.37519124919188,17.00755374415803,17.984437942504883,190881208.0
2021-12-02,17.984437765225877,18.228658812405214,17.622991658825338,17.828136444091797,121398696.0
2021-12-03,18.42403527766562,18.90270827750498,18.072356394820947,18.10166358947754,185039874.0
2021-12-06,18.26773606124526,18.36542299478762,17.9551315388297,18.257966995239258,96347342.0
2021-12-07,18.89294109774806,19.01993522741416,18.687794441199696,18.75617790222168,102908092.0
2021-12-08,18.85386443883473,20.143353156462368,18.85386443883473,19.908899307250977,251748495.0
2021-12-09,20.143351958555616,21.882204550111055,19.947974383584633,21.491451263427734,233237867.0
2021-12-10,22.03850711175586,22.58556360732442,21.39376368643318,21.72590446472168,237428412.0
2021-12-13,21.745442088209728,22.448798027612938,21.374225056080668,22.116657257080078,140080140.0
2021-12-14,22.272958279728833,22.585562778550788,21.84313058745867,22.05804443359375,113878269.0
2021-12-15,22.21434466793948,23.79689776236778,22.116655883275754,22.937238693237305,211139797.0
2021-12-16,23.269380883440043,24.539331436157227,22.780938793146984,24.539331436157227,151817462.0
2021-12-17,25.02777489431238,26.043733528753386,22.097122192382812,22.097122192382812,193190400.0
2021-12-20,20.749018544582192,22.937238756052743,19.889361336356068,21.62821388244629,108173898.0
2021-12-21,22.018969427418792,22.9372391782005,19.469301223754883,19.469301223754883,81910566.0
2021-12-22,19.34230654251633,20.084738763013593,18.07235781942762,18.443572998046875,123793952.0
2021-12-23,19.04924082357749,19.16646774078715,17.63275806831571,18.76594352722168,98045462.0
2021-12-24,18.85386326562117,20.631793975830078,18.678025684542554,20.631793975830078,96687219.0
2021-12-27,20.553644118297274,21.217923798039923,20.06520202647377,20.299654006958008,107676230.0
2021-12-28,20.377803079111526,20.651329436731665,19.420455237665344,20.0065860748291,63468592.0
2021-12-29,19.615833959355495,21.159310865579112,19.30323132466595,20.59271812438965,79161134.0
2021-12-30,20.924858483721987,21.003009140878632,19.557221051851386,19.67444610595703,78655206.0
2021-12-31,19.830748753136223,20.49503031524477,19.28369411627103,19.557222366333008,64484158.0
2022-01-03,19.713524004176627,21.374226072559008,19.371614151984765,21.33515167236328,95392160.0
2022-01-04,21.39376335837662,22.878627772278488,21.25700016821101,22.272958755493164,139700845.0
2022-01-05,21.589141437684923,23.56244799126372,21.589141437684923,23.347532272338867,124793460.0
2022-01-06,23.074005105613878,24.77378335184744,23.074005105613878,24.285341262817383,145559800.0
2022-01-07,24.656557486360878,24.988698270183217,23.464759408871704,24.363492965698242,117635270.0
2022-01-10,24.7933188982215,26.747087197516638,24.441641871364254,26.082807540893555,166191051.0
2022-01-11,26.668938202309427,27.040155245737736,25.61390332946168,26.27818489074707,177252137.0
2022-01-12,26.747088102706453,26.786164364378944,26.160959083688724,26.25864601135254,104750771.0
2022-01-13,26.180494951928864,28.271028338052123,26.160958684649316,28.114727020263672,176333677.0
2022-01-14,28.134263570642677,28.62270565946119,27.235530052686272,27.567670822143555,147006146.0
2022-01-17,27.782586874255614,28.056113254861174,27.469984231701417,27.626285552978516,97173460.0
2022-01-18,27.62628535775046,27.89981173642308,26.25864601135254,26.25864601135254,113983246.0
2022-01-19,25.887430962157854,26.98154207171308,25.53575205850462,26.766626358032227,162000622.0
2022-01-20,27.313680126220753,27.99749978119551,26.688474862192624,27.4504451751709,168388097.0
2022-01-21,27.54813666227353,27.684899861363174,26.278186016230954,26.864316940307617,114612119.0
2022-01-24,26.512636875431017,27.509059217274405,25.262226278537756,25.418527603149414,205639936.0
2022-01-25,25.809278865288874,26.004656437168844,24.69563155004546,25.51621437072754,152376970.0
2022-01-26,25.59436739587941,27.25506945754166,25.59436739587941,26.590787887573242,152714264.0
2022-01-27,26.23910983510944,28.11472754696756,26.10234478203836,27.977962493896484,208306053.0
2022-01-28,28.095188871615452,28.759470403417527,27.352756680969524,27.509057998657227,152191805.0
2022-01-31,28.05611228942871,28.388253051528004,27.587208341732765,28.05611228942871,109830273.0
2022-02-01,28.36871729451838,28.52501861322713,27.52859630901483,27.665359497070312,77844485.0
2022-02-02,27.763048154948557,28.056112660318043,27.02061596298602,27.157379150390625,83815286.0
2022-02-03,27.137842725367342,27.723971732699802,26.258645487851304,26.395410537719727,107724892.0
2022-02-04,26.551711902427673,26.688475089282868,25.98511916126642,26.043731689453125,92538056.0
2022-02-07,26.08280970287676,27.606748580932617,25.57482945577187,27.606748580932617,149073076.0
2022-02-08,27.587208675283627,28.388253394764124,27.274606039706722,28.114727020263672,154126825.0
2022-02-09,28.310103677178056,29.32606413984227,28.13426422300473,29.150224685668945,157891224.0
2022-02-10,29.208835714538942,29.32606263238154,28.700855509318767,29.111146926879883,119101627.0
2022-02-11,28.896234102026636,29.775429495395898,27.64582167513474,28.93531036376953,269663095.0
2022-02-14,28.290565595508145,28.759471428544003,27.469984580027575,27.938888549804688,221304283.0
2022-02-15,28.075652255185553,29.326064727379524,27.88027652916882,29.2674503326416,226724219.0
2022-02-16,29.384677371877824,29.521440566941433,28.8376227283646,28.915773391723633,133323031.0
2022-02-17,29.013460952495702,29.73635502362931,27.95842611040088,28.075651168823242,232337911.0
2022-02-18,28.564092816876475,28.915771713207086,27.977961944078345,28.720394134521484,133787733.0
2022-02-21,29.208835801976658,29.345600850412207,28.25148977922108,28.759469985961914,177077000.0
2022-02-22,27.91935117198608,28.50548208165358,27.62628664878173,28.21241569519043,140227591.0
2022-02-23,28.4077924010472,28.505481193491168,27.430908203125,27.430908203125,108544470.0
2022-02-24,24.715169202246692,25.301300087488556,24.695632934570312,24.695632934570312,58637916.0
2022-02-25,24.578406109502286,26.903391528737185,23.367069935612484,26.66893768310547,255281231.0
2022-02-28,25.82881958185715,26.51263742540343,24.851935351140632,25.027774810791016,179216796.0
2022-03-01,25.80928152435693,26.06327164866543,24.129041313460846,24.676095962524414,183981149.0
2022-03-02,24.676093925067626,25.594365550477118,24.42210382173059,25.37944984436035,193446618.0
2022-03-03,25.652978536655183,25.88743051394515,25.164536451486406,25.340375900268555,135266563.0
2022-03-04,25.06684882043574,25.28176267707058,24.578406712690292,24.71516990661621,80697806.0
2022-03-07,24.3244158626706,25.477139500457874,23.933662560859336,25.301300048828125,153503367.0
2022-03-08,24.930085626509822,25.67251785387396,24.69563363838306,24.71516990661621,188530736.0
2022-03-09,25.301299367995547,25.86789210619012,25.20361057935676,25.535751342773438,215513458.0
2022-03-10,25.92650701177371,26.180495258712178,25.086386021372217,25.14499855041504,139759899.0
2022-03-11,25.125460716643225,26.317260621906723,25.027773788170048,25.809280395507812,255068266.0
2022-03-14,25.98511961453872,26.29772225466559,25.86789269286179,26.004657745361328,111046875.0
2022-03-15,26.063270472884458,27.313681042906246,25.731129699407738,27.02061653137207,188091261.0
2022-03-16,27.19645557101922,27.606746998898082,26.942465462021957,27.0596923828125,145127915.0
2022-03-17,27.352757070334473,27.46998399189831,27.098766959661752,27.215993881225586,92332176.0
2022-03-18,27.235530677807116,27.665360247545465,27.00107869338404,27.0792293548584,103196877.0
2022-03-21,27.25506857369731,27.450446157325885,27.118305383112546,27.274606704711914,76644734.0
2022-03-22,27.274607842200847,27.977963818731503,27.235531578541963,27.86073875427246,134642182.0
2022-03-23,27.97796165087997,28.075650439199027,27.4504451751709,27.4504451751709,84446651.0
2022-03-24,27.567670982289656,27.841199224390135,27.274606472599558,27.46998405456543,78151910.0
2022-03-25,27.645821185819294,27.74350997518878,27.33321855044389,27.509057998657227,59122205.0
2022-03-28,27.80212327639694,28.564093618751027,27.80212327639694,28.388254165649414,141675547.0
2022-03-29,28.700856623817394,31.06491643332514,28.583631564681415,30.908615112304688,233339298.0
2022-03-30,30.889079699664258,31.514283137793655,30.459250123330506,31.436134338378906,167451169.0
2022-03-31,31.592434750235025,32.11995310547225,31.26029397766167,31.5142822265625,144597828.0
2022-04-01,31.729198061385265,32.452094002048625,31.611973001945987,32.02226257324219,100110679.0
2022-04-04,32.11995539474513,32.70608445799426,31.983192195088183,32.686546325683594,99340125.0
2022-04-05,32.979607293048645,34.44493351932455,32.82330597797324,33.7025032043457,178292868.0
2022-04-06,34.19094587856767,34.26909840073273,33.468049954610315,33.81972885131836,133058016.0
2022-04-07,34.07372334951981,34.816153732576595,33.5852812293063,34.79661560058594,114955493.0
2022-04-08,34.972451610401734,35.01152787052644,34.15186878036919,34.50354766845703,96532123.0
2022-04-11,34.542624430695035,36.105637593230746,34.32770872340238,35.32413101196289,166140161.0
2022-04-12,35.421819663080036,36.63315771795478,35.28505647050914,36.37916946411133,158505462.0
2022-04-13,36.63315568204735,36.67223194247236,35.44135582470587,36.12517547607422,114089899.0
2022-04-14,36.828535895451054,37.25836361136003,35.96887673711553,36.496395111083984,134077474.0
2022-04-15,36.49639389616299,37.082522918938025,36.37916883691147,36.867610931396484,64159672.0
2022-04-18,37.10205727393155,37.18020978982375,36.63315335812954,36.76991653442383,63830395.0
2022-04-19,36.94575914898763,37.86402893066406,36.61361838088893,37.86402893066406,126211486.0
2022-04-20,37.922643251702716,38.665077309131185,37.66865500669869,37.96171951293945,105396234.0
2022-04-21,37.981260485939885,39.3098236552748,37.72726849541063,39.2512092590332,124589267.0
2022-04-22,39.094907004861454,40.48208081113314,38.37201104103873,38.821380615234375,189178045.0
2022-04-25,38.782302928678305,39.13398183187361,37.96172006339507,38.68461227416992,125186469.0
2022-04-26,39.0949062104972,40.2867061294007,37.746804968337294,38.196170806884766,179027932.0
2022-04-27,38.4501610960981,39.58334657152501,37.55142573199133,39.56380844116211,148546928.0
2022-04-28,40.54069260020315,40.814218972249094,39.44658338550204,39.56380844116211,163153022.0
2022-04-29,39.83733611727996,40.65791898679684,39.368432152772804,40.30624008178711,133329765.0
2022-05-05,41.0095969324391,41.83017978275949,40.85329561459319,41.693416595458984,78066428.0
2022-05-06,41.478501274423486,41.79110391304284,40.892372258641544,41.400352478027344,82857898.0
2022-05-09,41.41989143072706,42.20139804278433,41.26359010831561,41.322200775146484,83540199.0
2022-05-10,41.752031736645854,41.88879492640159,41.57619228509778,41.712955474853516,12224861.0
2022-05-11,41.322200937014124,41.83018116847058,40.618846846666145,41.22451400756836,85463124.0
2022-05-12,40.775147073859664,41.126822246323655,39.544270927424826,40.892372131347656,133993046.0
2022-05-13,41.771565621716434,41.830180013676234,40.89237210142374,41.49803924560547,91223487.0
2022-05-16,41.4980405058064,42.29908525432932,41.32220105110454,41.73249435424805,114672329.0
2022-05-17,41.986481892619665,42.08417254718951,40.99005957511189,41.1072883605957,94996017.0
2022-05-18,41.107288713152215,41.615265215202314,40.521155960258504,41.419891357421875,116550426.0
2022-05-20,41.302664235962,42.0450983409202,41.28312610409282,41.869258880615234,65503006.0
2022-05-23,42.06463248357745,42.20139566717408,41.61526294623774,41.966941833496094,83693550.0
2022-05-24,42.10370602236516,42.201396674778984,41.126821857331,41.1854362487793,73428441.0
2022-05-25,41.32219882560122,41.69341584625877,40.716531695646374,41.67387771606445,81016326.0
2022-05-26,41.69341739005903,43.52996070463768,41.595730461987614,43.43227005004883,139728152.0
2022-05-27,43.43227164922963,44.31146894031426,43.21735965425594,43.97932815551758,109464172.0
2022-05-30,44.72175669271777,48.37530517578125,44.66314602672535,48.37530517578125,122233333.0
2022-05-31,49.52802757753156,49.82109207975607,47.6524080555635,48.74652099609375,187987677.0
2022-06-01,48.60975325866793,49.918778157804375,48.12131118774414,48.12131118774414,81121880.0
2022-06-02,48.3362280076609,49.18611618726986,48.004087242701935,48.453453063964844,83598087.0
2022-06-03,48.72698050201924,48.72698050201924,46.81228481223098,46.87089920043945,83285401.0
2022-06-06,47.06628000708853,47.67194715419001,46.32384594475487,46.75367736816406,105292710.0
2022-06-07,46.929516043656115,48.06270152267991,46.441073962585214,47.339805603027344,138210969.0
2022-06-08,48.941895739883705,49.18611678394803,45.21019848470222,45.64002990722656,139605770.0
2022-06-09,45.6595668067942,47.28119434659594,44.46776695140977,47.22257995605469,187534972.0
2022-06-10,46.79275667812556,47.535187062309866,45.6204948425293,45.6204948425293,127376011.0
2022-06-13,45.42511684336561,46.59737866849792,45.15159045055786,45.91355895996094,122246200.0
2022-06-14,46.20662214216342,46.69506424456793,45.522802453493604,45.77679443359375,97528095.0
2022-06-15,45.89402046356507,47.82825078273629,45.58141780954857,47.32027053833008,123233594.0
2022-06-16,47.28119948926895,47.632874691215534,45.815873105012905,46.24570083618164,109612469.0
2022-06-17,46.38246068969903,47.066280364990234,46.06985804839747,47.066280364990234,94259990.0
2022-06-20,48.00408944351857,49.821094668861015,47.59379986438577,49.674560546875,149379221.0
2022-06-21,49.77224995910102,51.13988558186213,49.088430284461744,50.70029067993164,88236487.0
2022-06-22,50.3583787412258,51.677174620333425,50.06531423248546,50.84682083129883,100981096.0
2022-06-23,50.8468227551035,51.13988727493202,49.38149642944336,49.38149642944336,64744082.0
2022-06-24,49.82109548084772,50.26069412745283,47.828250767249585,49.08843231201172,119022605.0
2022-06-27,47.965014517716654,49.3326539393146,47.94548011232372,48.648834228515625,93449295.0
2022-06-28,48.70744470783203,48.82466976335204,46.92951583862305,46.92951583862305,123077196.0
2022-06-29,46.94905791025179,47.33980937029381,45.11251449584961,45.11251449584961,106182179.0
2022-06-30,44.878056824273926,46.1480092093965,44.506843527762314,45.718177795410156,113324471.0
2022-07-01,46.12847180604597,48.31669026503222,45.73771664653973,48.1603889465332,113167005.0
2022-07-04,48.531607295338624,48.64883235577174,46.519224504229776,46.57783889770508,61893681.0
2022-07-05,46.69506560120994,47.04674452140139,45.42511684336561,45.91355895996094,94256925.0
2022-07-06,46.245698649936614,47.808711895311895,46.01124479987156,47.30073165893555,120911093.0
2022-07-07,47.398420641506796,48.2190034979713,47.02720361139925,48.06270217895508,78805450.0
2022-07-08,47.92594008739644,48.49253098435243,47.78917316942468,48.39484405517578,27645563.0
2022-07-13,49.13727328137692,49.8210929495169,47.398420641506796,48.06270217895508,71590341.0
2022-07-14,47.984548862468934,48.45345281176139,46.5973751449601,46.831825256347656,124089415.0
2022-07-18,47.86732287397982,48.824668884277344,47.261655750427764,48.824668884277344,89994968.0
2022-07-19,48.609756299493924,50.114158866412566,48.43392057135769,49.91878128051758,92868817.0
2022-07-20,50.065315085088926,50.55375718348004,49.0884308883067,50.163002014160156,89483225.0
2022-07-21,50.211848890883324,50.89566484313616,49.869937188239454,50.407222747802734,86215479.0
2022-07-22,50.5537549540571,50.79797599248249,48.06270110742152,48.89305114746094,72541288.0
2022-07-25,48.89305335640462,49.28380852614614,48.297153399481665,48.39484405517578,80665374.0
2022-07-26,48.590220762106675,49.13727351803955,47.730561640118346,47.86732482910156,83089797.0
2022-07-27,48.12131222955058,48.941895075528514,48.02362530385785,48.551143646240234,75810780.0
2022-07-28,49.08842919058496,49.57687127208332,48.31668980745339,48.551143646240234,68121659.0
2022-07-29,48.648833508981475,49.3326532096665,48.37530711931449,49.23496627807617,62805858.0
2022-08-01,49.57687283488153,50.4072229089967,49.479185906109436,50.30953598022461,71659508.0
2022-08-02,50.602599399064786,51.97023873141142,50.45606900907453,51.13988494873047,137217705.0
2022-08-03,51.726021908550386,53.728633880615234,51.57948778008709,53.728633880615234,133031485.0
2022-08-04,54.412449344326575,55.04742182276739,53.82631660286113,54.02169418334961,108646850.0
2022-08-05,54.363606119919005,57.05003761552742,53.924007493515965,56.85466003417969,99647394.0
2022-08-08,57.05003691696998,57.636165927318814,56.26852660114837,57.391944885253906,87925247.0
2022-08-09,57.39194503541875,58.27114227975977,56.5615949808324,57.24541091918945,102076610.0
2022-08-10,57.44079042352352,58.95496019372481,57.24541283750972,58.759586334228516,92599249.0
2022-08-11,60.4691320913,61.00641764374096,58.71073759019516,59.980690002441406,136866004.0
2022-08-12,60.42028745008458,61.885613778476454,59.834158409334854,60.957576751708984,101328664.0
2022-08-15,61.152945273132225,62.17867659463237,60.664503206329194,62.12982940673828,84075886.0
2022-08-16,62.22752601591652,66.47697464000865,60.273757561580155,66.2815933227539,144211535.0
2022-08-17,66.42812254918184,67.50269362922343,64.47435423891177,67.1119384765625,140910417.0
2022-08-18,67.20963558178588,68.43074082525557,65.25586719223436,68.03998565673828,99352988.0
2022-08-19,67.9423040366769,68.57727285046776,66.57466456652058,66.91657257080078,78852077.0
2022-08-22,66.91656201352052,67.74691202235151,65.93967789653482,66.18389892578125,76273653.0
2022-08-23,66.23274993896484,67.45385515573754,65.4512396190164,66.23274993896484,77832215.0
2022-08-24,66.6235003544372,70.04259510040171,66.52581342373095,67.06310272216797,158320953.0
2022-08-25,67.69807314602822,69.35877318473054,67.20963108134703,68.67495727539062,100888883.0
2022-08-26,69.2610946088491,69.50531567062006,65.84199974405578,68.08882904052734,93635673.0
2022-08-29,67.79576351066713,69.21224258895013,66.9165662589931,68.82148742675781,86908068.0
2022-08-31,69.358777242862,71.70330078111502,69.0657090056923,71.41023254394531,105936916.0
2022-09-01,71.41023511827618,71.41023511827618,68.87033763237027,69.45646667480469,96247618.0
2022-09-02,69.94490038454524,70.77525038267972,69.40761859894492,70.1402816772461,67262251.0
2022-09-05,71.41023382671743,74.48742056013663,70.72641786508427,73.41284942626953,134484397.0
2022-09-06,73.95012538218117,73.99897256971158,70.9217860811563,71.94751739501953,84318967.0
2022-09-07,72.24058059395529,74.34088302690994,71.45907773839089,72.9732437133789,114680580.0
2022-09-08,74.1455114142545,74.29204553316909,70.53103544417934,71.31254577636719,126693505.0
2022-09-09,71.80098740370359,73.26631367724856,70.57988217574945,71.70330047607422,89194028.0
2022-09-12,72.19174431719448,73.80360474777264,71.45908116266213,73.21746826171875,95085380.0
2022-09-13,73.85244567261554,76.78309833782279,69.45646667480469,69.45646667480469,140870201.0
2022-09-14,69.45646283453053,72.5824966430664,67.79576273061454,72.5824966430664,83172006.0
2022-09-15,72.82672167078145,74.73164292088406,71.94752438110521,72.43596649169922,89923947.0
2022-09-16,72.7290197577875,73.60821695645483,72.09405104217132,72.2405776977539,52341370.0
2022-09-19,72.68017851475457,72.82671262032945,67.16078186035156,67.16078186035156,43864913.0
2022-09-20,68.33304293436937,70.77525329589844,66.42812183359052,70.77525329589844,68398523.0
2022-09-21,70.14028800008018,70.67756983411405,66.91656718373726,68.1376724243164,71619738.0
2022-09-22,68.33304818045485,70.48219793541634,67.5515452765885,69.65184783935547,67209253.0
2022-09-23,69.89606551899071,71.36139177764431,68.87033415671928,69.21224212646484,69697068.0
2022-09-26,69.11456099046688,69.50531618278686,66.67235035476135,67.79576873779297,50013000.0
2022-09-27,68.33304849076478,70.48219825548586,67.94230076357472,69.35877990722656,68834076.0
2022-09-28,69.06571038546367,69.5541524884812,67.3073232864216,67.35616302490234,43766105.0
2022-09-29,67.84460175219162,68.91918028779064,63.546317421934184,67.01425170898438,64316284.0
2022-09-30,67.06309651990493,68.968017578125,66.33043342781501,68.968017578125,49906065.0
2022-10-03,69.84721766843938,75.85505676269531,69.65184381701428,75.85505676269531,92281634.0
2022-10-04,77.46692459051025,79.56721978142349,76.39234594497692,78.9322509765625,105490442.0
2022-10-05,79.71374881911223,82.93746964373396,79.12761979273598,82.83978271484375,105455574.0
2022-10-06,82.9863093665697,83.18169067734954,81.47214333645935,82.7420883178711,71999244.0
2022-10-07,83.13284412324306,84.54933068836702,81.66751781982619,82.25364685058594,68721301.0
2022-10-10,82.54671651322418,84.45163775923838,82.35134265061994,84.15857696533203,74555942.0
2022-10-11,84.30510932143045,84.50048317993887,82.54671478271484,82.54671478271484,60427732.0
2022-10-12,82.64440092293543,84.06088746922016,81.91173778097141,83.13284301757812,77791043.0
2022-10-13,83.62128160709372,86.25887327942606,83.42590775864002,85.96580505371094,93869664.0
2022-10-14,88.11494476591082,88.35916579625207,86.60077884961566,87.91957092285156,61841932.0
2022-10-17,88.31033430270816,96.61385010915572,87.52882395147553,96.17424774169922,94313631.0
2022-10-18,97.39534683025185,98.17685713191878,93.68319152992046,95.00198364257812,74182192.0
2022-10-19,95.44158220798523,96.71153463388659,94.51354521038917,95.14852142333984,64208326.0
2022-10-20,95.34389703513675,98.56761789683185,95.09967598358516,96.76038360595703,80341293.0
2022-10-21,96.76037716271878,97.2488192332968,95.34389068622183,95.68579864501953,59199900.0
2022-10-24,96.22308989865097,97.88378999183006,95.05083188617569,97.1999740600586,77909023.0
2022-10-25,97.78610944337055,99.73987789359987,97.24882759137859,98.17686462402344,62932344.0
2022-10-26,98.8606751051425,99.73987234948187,96.51615905761719,96.51615905761719,56884356.0
2022-10-27,96.80921906236759,98.0791714554772,94.26932172918306,97.10228729248047,89189248.0
2022-10-28,96.4184629792518,96.95575224494645,94.70891571044922,94.70891571044922,19054680.0
2022-10-31,95.44157752651975,99.15374024089003,94.56238776267345,98.95836639404297,65210904.0
2022-11-01,99.93525679604159,102.37746729982526,98.76299128240444,100.03294372558594,62304734.0
2022-11-02,100.32600661547406,100.42370100009954,98.07917737675588,98.46993255615234,59575517.0
2022-11-03,100.61907356070128,102.08439987469207,98.66530514204689,99.44681549072266,104108273.0
2022-11-04,99.73987314569715,103.94047809494347,99.44681236393438,101.79132843017578,112457958.0
2022-11-07,102.47514817497301,105.11273238201265,100.423692963605,104.72197723388672,108494047.0
2022-11-08,104.72197788507488,112.83011931022712,103.15896473588644,110.38790893554688,120082454.0
2022-11-09,110.38791834770282,113.51394491261837,108.92259199795456,109.02027893066406,80680715.0
2022-11-10,108.72721590758802,111.65786854711293,108.33646073171101,110.77867126464844,72960174.0
2022-11-11,112.43936604148168,112.9278081245924,108.53182937659588,108.9225845336914,80553000.0
2022-11-14,105.01504997218784,109.11796057128262,105.01504997218784,107.16419219970703,81824066.0
2022-11-15,109.6064036383567,110.48560090398698,105.40580607395525,106.48037719726562,88566846.0
2022-11-16,106.96881707403087,107.06650400084312,101.69364104278678,102.18208312988281,99354695.0
2022-11-17,102.57283509874586,106.38268475016332,99.05605367168148,104.72197723388672,108199271.0
2022-11-18,105.01504622547152,106.87112760285422,103.25665177257537,104.13584899902344,71912625.0
2022-11-21,104.2335356296954,105.30811415512213,101.98670656069991,104.42891693115234,62238015.0
2022-11-22,105.30811638969676,108.6295166015625,104.72197992592305,108.6295166015625,93556686.0
2022-11-23,109.02027780626797,110.87635932074653,108.33646183131883,109.89947509765625,82450714.0
2022-11-24,110.19254448228382,111.8532446974511,108.72721813253555,109.02027893066406,86424863.0
2022-11-25,109.41103140695819,111.3647998249396,107.94570509347214,111.16942596435547,84417963.0
2022-11-28,111.85324017606071,114.78389275709287,111.16942422170051,112.43936920166016,86237156.0
2022-11-29,113.02549364006808,116.44458817917341,110.77866455761963,116.15152740478516,92899813.0
2022-11-30,117.71454683939616,118.3006758724708,115.95615228713723,117.22610473632812,56817069.0
2022-12-01,119.6683097769647,123.18509126755836,119.47293592588966,121.5243911743164,73201710.0
2022-12-02,121.52439396663266,126.21343357748798,120.84057056608813,125.33424377441406,78008607.0
2022-12-05,126.60419136221121,137.7406646710608,124.25966046672188,135.39614868164062,108945686.0
2022-12-06,135.59152625165387,136.76378427854175,130.3163427715541,132.4654998779297,68301320.0
2022-12-07,133.63776657057073,136.0799771624815,127.28801903160277,131.5863037109375,78302223.0
2022-12-08,131.87936337714657,134.8100158966387,129.63252679765534,132.27011108398438,67275299.0
2022-12-09,132.66086715245157,139.0106139647715,132.27010455882137,137.74066162109375,67917513.0
2022-12-12,139.20598942531362,143.11352597058556,138.5221735111048,142.5273895263672,78847162.0
2022-12-13,142.6250940958659,143.21123058197554,140.28057796356734,140.67132568359375,58193036.0
2022-12-14,140.86670891235474,141.8435931834613,133.83314514160156,133.83314514160156,64129327.0
2022-12-15,137.34992280693226,139.88981275230682,133.83313376740466,136.86148071289062,58519866.0
2022-12-16,137.0568478033815,138.03373194324013,135.78689544035146,135.98226928710938,14256548.0
2022-12-19,137.154530045279,140.86669283296922,137.05685057296066,139.9875030517578,50593904.0
2022-12-20,141.0620633218902,144.57885217506254,140.6713156297906,142.5273895263672,73734542.0
2022-12-21,142.9181558155581,143.40659789633165,139.59674072265625,139.59674072265625,50608173.0
2022-12-22,140.37825231109443,142.03895241962948,137.83836241159068,138.81524658203125,47506386.0
2022-12-23,139.01061307988473,139.98749719863855,137.54528690175397,138.5221710205078,38021776.0
2022-12-26,139.98750846385474,141.94127685858803,139.49906636517142,141.64820861816406,43689692.0
2022-12-27,141.84359279546027,143.21123971491102,139.6944503861188,139.79214477539062,63253933.0
2022-12-28,140.18288098994577,140.4759492275847,133.9308281486409,136.86148071289062,48565337.0
2022-12-29,136.95915740152327,139.88980990614675,135.29845729678388,139.0106201171875,45564894.0
2022-12-30,139.40136935686368,142.03895365885094,137.2522271443581,137.64297485351562,50212233.0
2023-01-02,139.10830160610806,143.69966918807137,138.8152482762548,143.40660095214844,60745183.0
2023-01-03,144.87194161148008,146.9233896545101,143.0158525370383,143.99273681640625,73564352.0
2023-01-04,144.48117528326333,144.77424354083792,140.28058491362046,141.15977478027344,50055440.0
2023-01-05,141.45282337676932,143.79733929935105,137.05684484237705,138.5221710205078,66261587.0
2023-01-06,132.07475073657636,140.8667091941216,129.33947179079252,139.2060089111328,84430370.0
2023-01-09,140.3782488443835,141.45282736775866,134.90770656865584,135.2007598876953,65134360.0
2023-01-10,134.90771582631663,135.20076916546606,128.16720581054688,128.16720581054688,53114168.0
2023-01-11,128.75333433524807,131.87936064335827,122.4035873413086,122.4035873413086,67243889.0
2023-01-12,126.7018740071057,133.24699497208874,122.20820831077148,132.66087341308594,101228836.0
2023-01-13,131.8793719631809,134.8100246734738,130.12097735579104,131.5863037109375,60042383.0
2023-01-16,132.66087756347292,141.06207275390625,131.4886195027229,141.06207275390625,69854606.0
2023-01-17,141.15977836866767,144.3834994717961,139.88982582427514,143.99273681640625,75412924.0
2023-01-18,144.77422247920563,147.60719534886042,143.5042701518479,145.65342712402344,88435518.0
2023-01-19,145.65342823429725,152.00317501341968,144.87191795719153,151.0262908935547,101059055.0
2023-01-20,151.22167421487262,151.90549016042587,148.38870114605245,149.36558532714844,57057208.0
2023-01-23,150.8309216256345,152.78469011770784,145.5557526594647,147.70489501953125,60963029.0
2023-01-24,148.0956519275281,149.36558947334902,144.09042071142653,146.23956298828125,59286966.0
2023-01-25,148.09565701664667,149.75635724646273,141.0620785509566,148.29103088378906,108873538.0
2023-01-26,148.58408566085225,149.65864928570687,146.14187527790642,146.72799682617188,78729048.0
2023-01-27,146.33724975585938,147.11876006297254,140.5736242837104,146.33724975585938,81105028.0
2023-01-30,146.53262993970355,146.82569818079693,141.4528350830078,141.4528350830078,48666913.0
2023-01-31,141.15977648092863,141.15977648092863,134.41928100585938,134.41928100585938,65737449.0
2023-02-01,135.88460073367983,137.05685881447516,127.77645874023438,127.77645874023438,64560389.0
2023-02-02,127.19031759618044,133.24699654722338,122.20820975541481,131.48861694335938,103057422.0
2023-02-03,131.48861440467644,140.0851831209189,130.12096763176922,139.4013671875,77657983.0
2023-02-06,136.17764982501618,138.22911258194645,130.90248117300936,136.6660919189453,14257959.0
2023-02-07,135.5915207257344,135.5915207257344,123.08740083436308,124.25965881347656,48181521.0
2023-02-08,112.34168243408203,112.34168243408203,112.34168243408203,112.34168243408203,2500.0
2023-02-15,132.85624954872594,136.6660919189453,131.87936536086767,136.6660919189453,20534049.0
2023-02-16,147.6072149991191,149.26791523009805,135.5915358355668,136.7637939453125,63980902.0
2023-02-17,135.10308465180182,139.9875055364941,133.1493162979249,138.0337371826172,31130671.0
2023-02-20,138.5221792710864,139.10830083360773,136.4707165370878,138.0337371826172,30150790.0
2023-02-21,137.2522160200639,138.42447395859455,134.32156372070312,134.32156372070312,29105005.0
2023-02-22,134.5169618172948,137.15454638114937,132.563193265392,133.24700927734375,29363923.0
2023-02-23,133.54006228529326,135.7868988445098,132.9539407303255,133.4423828125,22470917.0
2023-02-24,133.83313236942996,134.3215744583695,131.78166963345612,131.87936401367188,19057041.0
2023-02-27,131.87936841379454,140.08518981933594,130.4140420980857,140.08518981933594,52423380.0
2023-02-28,140.37824282129125,142.13663719042776,138.13140639995396,140.2805633544922,45375506.0
2023-03-01,141.15977090092028,145.26268167599594,141.06207651572333,144.09042358398438,39612979.0
2023-03-02,138.71755981445312,142.82047057422992,138.5221859508581,138.71755981445312,36371596.0
2023-03-03,138.7175406659939,139.88979859181683,132.36779408621248,135.4938201904297,39690451.0
2023-03-06,136.76377571893653,141.15975422418805,135.49382339176125,139.10829162597656,37723665.0
2023-03-07,140.1828719335245,141.55050374605818,137.74066162109375,137.74066162109375,40966650.0
2023-03-08,137.74067051973765,138.71755470782088,136.17764985637655,136.86148071289062,22899601.0
2023-03-09,137.5452960194702,139.98750647824602,137.15453340242422,137.25222778320312,27001429.0
2023-03-10,137.15452016085118,137.74065657679677,135.2007519824569,135.4938201904297,20220146.0
2023-03-13,136.66608957084833,136.86147832991875,132.3678051805498,132.66087341308594,25099830.0
2023-03-14,132.85624387212005,134.12619624328798,129.2417755126953,129.2417755126953,21213187.0
2023-03-15,129.73022683197306,131.19555315558856,126.60420032280734,127.87413787841797,25320121.0
2023-03-16,128.94871488559542,130.3163468083177,127.0926408610338,129.1440887451172,23362097.0
2023-03-17,130.5117352307395,131.29323066677162,123.57585144042969,123.57585144042969,26317980.0
2023-03-20,124.06429401569284,126.31113066805719,121.81745736332849,123.18509674072266,29507963.0
2023-03-21,123.86892308815368,124.16198388472438,119.66831792665695,121.03595733642578,30417591.0
2023-03-22,121.52439441837903,124.94348907470703,119.96138120895036,124.94348907470703,28343051.0
2023-03-23,124.45504495693231,126.5065002267593,122.89203177292293,126.40880584716797,21951569.0
2023-03-24,126.21343323882732,127.67875951073182,123.96660409372798,125.43192291259766,25971786.0
2023-03-27,126.11575010359475,126.31112395296365,122.4035873413086,122.4035873413086,16795910.0
2023-03-28,122.40359484771726,122.50128177839237,116.63997650146484,116.63997650146484,23559138.0
2023-03-29,116.24921491018837,121.71976470947266,114.88157559710864,121.71976470947266,30460768.0
2023-03-30,121.2313260672101,122.50127849101199,118.69142867264122,119.08218383789062,22890708.0
2023-03-31,118.69142517862441,118.69142517862441,115.76077270507812,115.76077270507812,18119844.0
2023-04-03,115.5654036399945,119.86368815008247,113.22088007346973,118.00761413574219,28849720.0
2023-04-04,118.00761269738143,125.72499180745125,117.42147622311826,125.13887023925781,39989705.0
2023-04-05,125.13886595068098,126.79956602942053,122.4035873413086,122.4035873413086,33760757.0
2023-04-06,122.50127184480634,125.04116910157519,122.30589054626445,124.25965881347656,29018380.0
2023-04-07,124.65042146469584,126.5065029209382,123.47816341498219,124.45504760742188,21950999.0
2023-04-10,125.2365430872992,130.7071002040456,125.13886361747059,130.41403198242188,46283257.0
2023-04-11,130.21866638471786,131.19555058129328,129.14408780605694,129.92559814453125,34865875.0
2023-04-12,130.31634521484375,132.85625007577923,129.82790311897693,130.31634521484375,39282413.0
2023-04-13,131.1955531245309,135.00539560260123,131.09785874055157,133.9308319091797,38333237.0
2023-04-14,134.12620122195722,134.22388069655338,131.09785429415203,131.29322814941406,25199700.0
2023-04-17,131.488622939265,133.0516287590919,130.12097607758736,132.5631866455078,31052390.0
2023-04-18,132.85624663133095,134.4192672600097,132.17243069606005,133.05162048339844,25810585.0
2023-04-19,133.05163006608396,133.73544605060488,130.70711386027784,131.5863037109375,20011408.0
2023-04-20,131.29322879153665,131.48861755382396,130.2186651293053,130.90248107910156,6183892.0
2023-04-24,131.58628671164803,133.73542877367333,131.29321849726534,133.14930725097656,27222826.0
2023-04-25,133.4423784451125,134.0284999808973,130.5117260479818,130.60940551757812,24125596.0
2023-04-26,130.51173067509305,130.90247837946967,125.82268369222652,126.99494171142578,30837444.0
2023-04-27,126.70188013763104,130.21866928608722,126.60420065943906,127.77645874023438,31511675.0
2023-04-28,128.3625764430903,128.65564468093783,122.79433954826577,124.8458023071289,26119214.0
2023-05-02,125.33423856241359,127.38568631963356,122.98971512796507,123.3804702758789,32713824.0
2023-05-03,123.96660318341138,126.31112669184915,121.23132451472819,126.21343231201172,38647046.0
2023-05-04,125.04117614796701,127.0926389065725,124.35736019712176,124.74810791015625,33116824.0
2023-05-05,124.94349210335135,125.82268938404022,121.32901605008266,122.59896850585938,19374553.0
2023-05-08,123.67353810370915,130.02329285029117,121.91515101731711,129.730224609375,27428729.0
2023-05-09,128.9487116334166,130.21866404738387,125.62731138710494,125.82268524169922,29954131.0
2023-05-10,126.31112986923337,126.89725144479335,123.77122499026363,123.8689193725586,22097003.0
2023-05-11,123.38046614534466,135.10307547210294,123.38046614534466,133.14930725097656,58902189.0
2023-05-12,133.5400516259163,134.32156187622797,128.36256298692805,129.5348358154297,41142039.0
2023-05-15,126.60419328564919,132.85624595646695,120.54750701287179,121.5243911743164,55104300.0
2023-05-16,122.7943440694606,133.24700229303747,122.69665713759296,132.75856018066406,52593843.0
2023-05-17,132.75855892570866,134.9077161246921,131.5863008483078,133.9308319091797,47721007.0
2023-05-18,134.1261880401671,135.59151416972597,128.36256298692805,129.5348358154297,42944884.0
2023-05-22,130.6094034597745,134.7123137699007,129.33945112647936,132.3677978515625,42769028.0
2023-05-23,132.3678067124597,132.85624880364958,129.92559625651023,131.29322814941406,22399046.0
2023-05-24,131.39092476647332,132.46550334780926,129.0464086512839,129.730224609375,21555514.0
2023-05-25,130.02329886129993,132.9539515938064,129.5348567392155,131.00018310546875,28108769.0
2023-05-26,131.58629447638023,140.28057251707156,131.39092062395255,139.0106201171875,56003626.0
2023-05-29,144.18811221711005,145.16499640582742,141.25745965095797,142.62509155273438,62138937.0
2023-05-30,144.09041657739758,145.36036899285295,142.72278468756537,143.6019744873047,64369356.0
2023-05-31,143.89504687782053,145.94649477180832,140.4759521484375,140.4759521484375,56899514.0
2023-06-01,141.6482061269332,145.16499513802975,141.45283227211,143.6019744873047,41558731.0
2023-06-02,147.41182075750987,147.70488900059254,143.9927260357088,146.6303253173828,47014462.0
2023-06-05,150.92860686235514,161.0881964427654,150.04941705665283,160.69744873046875,81756532.0
2023-06-06,160.2090129445091,161.9674075312117,156.98529201989945,161.57664489746094,58022550.0
2023-06-07,168.31713836249773,170.75934868433876,166.55874394955842,168.51251220703125,58786669.0
2023-06-08,167.63333129882812,169.00096318879514,164.70267875798197,167.63333129882812,43644443.0
2023-06-09,168.3171479693873,173.98307922066164,167.14488992920943,172.81080627441406,71672679.0
2023-06-12,174.17846034347144,181.50509203285412,173.4946443670098,179.06288146972656,64378620.0
2023-06-13,179.062880922661,179.25825478590025,172.32237084538008,173.6900177001953,46880498.0
2023-06-14,173.5923093169034,178.76979825861252,173.29924109264266,178.67210388183594,69548935.0
2023-06-15,179.4536218566927,180.23513218613923,177.30447963026705,178.76980590820312,40673484.0
2023-06-16,179.1605642113252,181.89584307305464,176.327605868934,176.52297973632812,46716947.0
2023-06-19,176.81603337430406,177.5975436853491,169.00096007599228,169.97784423828125,39071945.0
2023-06-20,169.4894206912392,170.2709310877444,166.65646227323765,167.43795776367188,37919228.0
2023-06-21,168.12177588654296,169.78247603647944,164.2142391073654,165.4841766357422,35136250.0
2023-06-22,165.87493370521253,177.59754365037145,165.38649162416422,176.13221740722656,71946773.0
2023-06-23,179.55130645936683,181.99351678959198,177.3044699743459,180.4304962158203,48579888.0
2023-06-26,181.70044872024295,187.07331145121788,181.2120066537907,186.58486938476562,47101857.0
2023-06-27,186.09644657694625,189.22247314453125,184.8264940915325,189.22247314453125,17673580.0
2023-07-03,198.79593533404935,207.0017566777934,196.54909868566918,205.63412475585938,61090558.0
2023-07-04,205.63411254342816,206.61099668852756,202.6057657311923,203.2895965576172,40303647.0
2023-07-05,203.58265464037967,211.49542236328125,199.3820646430084,211.49542236328125,71942556.0
2023-07-06,211.4954300068939,215.50066120270884,210.51854580362883,211.59312438964844,50431804.0
2023-07-07,211.20236333651184,213.15613175758236,209.63935754329745,210.22547912597656,32098197.0
2023-07-10,211.4954325667487,212.66769064364132,208.0763378139375,209.6393585205078,40701951.0
2023-07-11,213.05844456522172,213.25381841904016,209.63934995215533,210.3231658935547,34849197.0
2023-07-12,210.51854510878744,210.6162394912195,206.02487182617188,206.02487182617188,32285246.0
2023-07-13,206.12255276700478,208.76013695389958,203.77803680222473,204.6572265625,34627744.0
2023-07-14,206.41563133314466,209.73703160070525,206.3179369521877,208.5647735595703,38801470.0
2023-07-17,211.00698508021011,213.93763765076858,209.73703265175413,213.7422637939453,45566657.0
2023-07-18,214.2307119929693,215.89141218238902,208.56478054724008,209.05322265625,48487861.0
2023-07-19,208.9555166203747,219.11512086490998,208.17402121439227,218.43130493164062,56918137.0
2023-07-20,219.40818692299558,221.94807677943186,217.35672423742812,219.9943084716797,51944233.0
2023-07-21,219.99431064967493,220.28737887995305,216.96597868631943,218.43130493164062,33459394.0
2023-07-24,219.11512303066394,221.55733346367163,215.50065457102647,216.67291259765625,44528021.0
2023-07-25,216.86828435107628,217.942862893622,212.2769317626953,212.2769317626953,53508469.0
2023-07-26,211.98387028245713,218.9197540283203,210.81161222985108,218.9197540283203,31818406.0
2023-07-27,219.7989382420379,223.41340668969306,217.35672781712637,223.21803283691406,41664031.0
2023-07-28,223.9018483838958,232.10768434091847,223.1203380680742,229.56777954101562,52651752.0
2023-07-31,230.34929847518228,231.13080882024352,227.22327200100742,228.88397216796875,39359023.0
2023-08-01,227.0278797057776,229.66547894261342,225.36717956463377,225.66024780273438,28560161.0
2023-08-02,225.6602485124455,233.57301643569946,224.97643255877327,231.03311157226562,39485338.0
2023-08-03,231.5215478775349,232.88917975067062,228.590895372756,229.56777954101562,33328000.0
2023-08-04,230.05622002020561,245.39329837367214,229.47008356091112,243.0487823486328,61516392.0
2023-08-07,244.2210408015112,262.8795342811744,244.12334642276286,260.7303771972656,61178808.0
2023-08-08,261.51191647943585,263.56334948278527,252.62226415374042,255.74827575683594,52411230.0
2023-08-09,251.93842070970075,258.0928088491532,246.7609465493982,253.98988342285156,55718464.0
2023-08-10,257.6043764343647,263.46568165642407,251.54768244671408,252.52456665039062,57110921.0
2023-08-11,253.1106944996033,259.5581359863281,251.15692615890725,259.5581359863281,51008545.0
2023-08-14,260.8280706854372,261.2188183869577,254.38062926786384,255.35751342773438,39002877.0
2023-08-15,256.7251709867105,258.97202266660054,250.37542331195715,253.6968536376953,39233281.0
2023-08-16,253.98989814203708,254.4783402538487,248.61703491210938,248.61703491210938,29171522.0
2023-08-17,249.00777324866303,256.0413513183594,247.34707311234519,256.0413513183594,37914675.0
2023-08-18,256.9205468643309,257.5066833519247,244.1233577691168,245.58868408203125,34995727.0
2023-08-21,244.61177589651018,253.59912165963274,242.75570204451276,253.0129852294922,47451035.0
2023-08-22,253.5014398275116,257.6043652293442,247.34706663083216,249.0077667236328,47241792.0
2023-08-23,249.49622874512343,250.2777540238178,233.96377530328357,234.15914916992188,44675396.0
2023-08-24,234.64758797043655,244.41643022487662,223.999555875525,225.17181396484375,57986866.0
2023-08-25,226.63713830258666,233.67070168248736,222.04578546473968,232.49844360351562,35698953.0
2023-08-28,234.45220470428467,251.05923587083817,234.25683084824504,250.0823516845703,49130901.0
2023-08-29,250.08235413022007,250.08235413022007,240.4112065540184,242.16958618164062,28511450.0
2023-08-31,243.439534721074,246.95632373217057,239.3366241455078,239.3366241455078,24648940.0
2023-09-01,239.43432243235637,249.59391210961527,236.11290722189372,248.1285858154297,46448045.0
2023-09-04,249.7892952757032,252.6222684936711,245.8817583455989,246.858642578125,37823008.0
2023-09-05,246.76095643239873,248.51933607858763,243.3418617109225,246.17481994628906,24835817.0
2023-09-06,246.66325549690092,246.85862935172412,239.3366241455078,239.3366241455078,27519630.0
2023-09-07,239.33662478588727,241.77883524288612,237.28516203958034,238.9458770751953,25076190.0
2023-09-08,239.4343130443935,243.8302917545887,237.67591857910156,237.67591857910156,28726045.0
2023-09-11,238.55511949513195,238.94588212014386,227.3209511557463,229.079345703125,29232673.0
2023-09-12,229.56779350668697,237.57824119251472,227.41865118698738,230.544677734375,34852007.0
2023-09-13,231.0331176643634,232.79151223879458,225.46488060038985,226.3440704345703,24853678.0
2023-09-14,226.44175640225362,233.18225129662116,221.75270934674725,232.98687744140625,33873296.0
2023-09-15,230.54466605559844,230.54466605559844,221.85040283203125,221.85040283203125,37299425.0
2023-09-18,221.948078070449,223.31572483747232,211.49542054438825,213.05844116210938,39413834.0
2023-09-19,213.25382202007782,217.64980088253722,209.63935349215848,213.54689025878906,40500873.0
2023-09-20,220.97120284372102,222.9249712418195,216.37985008940365,218.13824462890625,48974336.0
2023-09-21,216.86828831422136,227.51631993118545,213.25381982353161,227.2232666015625,45213499.0
2023-09-22,227.61401480257717,228.49320460548114,220.87351989746094,220.87351989746094,28616390.0
2023-09-25,221.75271665511593,227.80939580280815,220.97120630243012,227.12557983398438,46696833.0
2023-09-26,227.12557077931834,231.3261757147304,222.04577604847867,222.24114990234375,48956744.0
2023-09-27,222.6318863645604,229.4700752469163,222.6318863645604,225.0740966796875,45038493.0
2023-09-28,225.66024768553592,240.41120490359845,225.56255330419654,237.57823181152344,98226800.0
2023-09-29,240.31350374516754,243.92797216174682,235.03833523514038,236.8944091796875,52535429.0
2023-10-02,236.89441814936055,249.30084448978317,235.8198395685231,247.54244995117188,62368841.0
2023-10-03,247.6401439710195,249.69160674740857,241.29039668971132,241.97421264648438,43106910.0
2023-10-04,242.26727717177673,243.244161353921,232.009993259262,232.98687744140625,37297744.0
2023-10-05,234.8429476993783,238.1643628096179,227.51631644952994,235.9175262451172,42592533.0
2023-10-06,232.98686979247407,237.28515409036876,232.79149594367325,232.88917541503906,30707447.0
2023-10-09,227.12556328069073,227.80937919967684,221.9480743408203,221.9480743408203,30457825.0
2023-10-10,225.8556205521063,232.98687808259896,224.8787363672736,232.59613037109375,32999877.0
2023-10-11,231.6192407696544,231.91229409339513,224.09722079749548,224.7810516357422,24968905.0
2023-10-12,228.2001525715265,229.56778447405037,213.6445692080406,219.89663696289062,37192253.0
2023-10-13,218.6266803029379,219.01742800864545,214.32838100980746,217.06365966796875,28481746.0
2023-10-16,222.72958989849005,223.02265812957037,216.86828490116136,217.8451690673828,31816534.0
2023-10-17,218.52899015429696,220.67813238943583,214.9145216352812,219.89663696289062,33803978.0
2023-10-18,214.6214487195385,216.18446935070185,211.10467465852514,211.49542236328125,29175980.0
2023-10-19,211.59311277609115,215.9890914495052,208.07632387493223,208.66246032714844,40254773.0
2023-10-20,205.53643489823534,206.31794525914773,200.4566399114102,202.31272888183594,35360831.0
2023-10-23,207.00175258269047,210.2254733704117,203.19191022833704,208.76014709472656,40027784.0
2023-10-24,208.76014937709488,213.93763858900158,206.9040753700292,212.96075439453125,45914271.0
2023-10-25,214.62145848305244,219.01743743885217,198.3074951171875,198.3074951171875,50988232.0
2023-10-26,200.261249777476,210.42083892571054,198.60054971175464,209.2485809326172,51300520.0
2023-10-27,209.24859239875903,212.86306095305343,203.48498158834929,212.1792449951172,43258407.0
2023-10-30,212.08157088408132,215.98910777807768,210.8116184123184,213.83995056152344,35750031.0
2023-10-31,215.50065248426301,218.72435829976135,211.49542145048656,212.2769317626953,40007635.0
2023-11-01,215.20758333192393,215.59833103331957,205.82948943773582,213.05844116210938,45713513.0
2023-11-02,214.42607448560776,222.92496375052045,213.6445641714167,217.8451690673828,76584578.0
2023-11-03,217.94286763105796,221.45964175333754,214.13301036600126,220.48275756835938,46763173.0
2023-11-06,222.33885351100105,223.70648545089284,220.58045894109006,220.97120666503906,34519493.0
2023-11-07,220.77581787109375,222.82728054825284,220.3850701735726,220.77581787109375,31914130.0
2023-11-08,222.72958316006444,225.75792994615958,222.04576724561136,223.3157196044922,39512506.0
2023-11-09,221.45964372544947,225.1718066426375,219.70124919561619,224.8787384033203,33945876.0
2023-11-10,224.976426720772,226.34405859262725,222.92496400691968,223.80416870117188,31799444.0
2023-11-13,225.66024623427603,234.4522038797673,223.41340963254765,226.83250427246094,57548027.0
2023-11-14,227.61401629466155,232.40074286375227,227.51632191322307,231.61924743652344,38012987.0
2023-11-15,232.40073706156625,232.79149967149456,229.37240509148623,230.15391540527344,35954817.0
2023-11-16,230.25160655868322,238.65281677246094,229.9585383128872,238.65281677246094,43097450.0
2023-11-17,238.5551137453716,249.34968691425453,238.26204551019381,248.372802734375,48829864.0
2023-11-20,251.05922590411095,254.47832042031482,248.3727944985222,248.86123657226562,36869621.0
2023-11-21,250.08237313780262,263.026089716224,248.37282566518093,262.2934265136719,71142665.0
2023-11-22,262.29341195375866,262.5376330077193,254.47833822701722,255.94366455078125,34890343.0
2023-11-23,256.1878910521876,261.5607543535681,253.50145940149736,254.72256469726562,62103119.0
2023-11-24,254.9667717325102,257.4089821897182,253.01300336674385,253.74566650390625,33551323.0
2023-11-27,254.7225535680145,256.1878798589139,251.30345888924919,254.47833251953125,40747337.0
2023-11-28,255.45520843856636,258.14163988486104,253.74566115456065,254.96676635742188,35398274.0
2023-11-29,255.45521599264708,256.18787913602944,249.10546875,249.10546875,34628011.0
2023-11-30,249.105473856527,250.5708001733301,244.12335841696841,245.19793701171875,32022797.0
2023-12-01,249.5939224550388,254.72256469726562,247.15171186350221,254.72256469726562,46030936.0
2023-12-04,255.4552224428599,257.89743298246657,252.52456979533187,255.94366455078125,40460792.0
2023-12-05,256.4320796244853,257.1647427091267,250.81499597556802,253.0129852294922,32211363.0
2023-12-06,253.0130064399681,253.7456695860298,245.1979328819768,245.44215393066406,28987606.0
2023-12-07,246.41903513228237,253.74566650390625,243.14646715719584,253.74566650390625,34974072.0
2023-12-08,253.2572278450793,254.96677518829586,246.907480570275,248.1285858154297,28379738.0
2023-12-11,248.3727933378257,248.6170143735561,240.6065673828125,240.6065673828125,33288289.0
2023-12-12,240.6065867258606,244.95371853012637,239.04356600910268,243.24417114257812,43530492.0
2023-12-13,241.8765259493228,242.755715738059,235.52677885758283,235.72215270996094,24937896.0
2023-12-14,238.84818439464738,246.90747896011095,236.30827953886126,246.41903686523438,37366429.0
2023-12-15,246.90747770740626,250.8150144465937,245.68637247641018,247.3959197998047,34025732.0
2023-12-18,245.93058357882262,246.90746772412083,239.14124175021394,240.0204315185547,27823031.0
2023-12-19,240.0204474286241,242.46265795375473,236.60135269344124,239.62969970703125,35373848.0
2023-12-20,239.33662018633763,240.21580997153316,236.01521999107743,236.3082733154297,25632748.0
2023-12-21,236.30827722450414,241.48576636070254,235.42908742476484,239.3366241455078,40500387.0
2023-12-22,239.336623818066,239.43431819837878,227.614013671875,227.614013671875,31862554.0
2023-12-25,227.02788582267016,227.02788582267016,218.72436998715668,220.97120666503906,16966698.0
2023-12-26,222.14345520408753,227.32094430747617,220.87351770274935,222.4365234375,24860552.0
2023-12-27,222.33884313143756,224.19491709265264,216.47753810940742,217.06365966796875,25992461.0
2023-12-28,217.35673462980176,225.6602503347605,217.35673462980176,223.70648193359375,25168141.0
2023-12-29,223.70646729673138,225.66023557006528,222.63188878397014,223.3157196044922,17712965.0
2024-01-02,228.1024514432917,232.30305631403942,228.1024514432917,230.93540954589844,25232547.0
2024-01-03,230.44696785041396,230.54466222904045,224.39028902730558,224.7810516357422,19679997.0
2024-01-04,225.36716923557296,228.88395811945892,224.39028509072344,227.90707397460938,20462665.0
2024-01-05,228.3955313011633,233.6707000732422,227.8093948126789,233.6707000732422,31168225.0
2024-01-08,233.57301653023978,238.45743749568965,232.20536971627192,236.9921112060547,26271851.0
2024-01-09,238.26205573057257,244.7094975567719,233.86607673254673,237.28517150878906,46260123.0
2024-01-10,237.28516275069137,246.4190358496679,236.6013468018963,244.12335205078125,46352544.0
2024-01-11,244.70949266164806,245.68637686389016,239.33662954931646,240.99732971191406,29709135.0
2024-01-12,240.3135159557084,248.8612528037265,236.3082847273519,245.19793701171875,46279706.0
2024-01-15,245.19793038401176,248.86124607699998,242.95109377776504,247.3959197998047,34978052.0
2024-01-16,247.64014916596182,247.64014916596182,242.36498035325698,244.0256805419922,27360566.0
2024-01-17,242.75571709056894,248.86124317433575,242.36496938363567,246.6632537841797,35139204.0
2024-01-18,248.3727994179084,249.34968358474381,244.95370483398438,244.95370483398438,25838790.0
2024-01-19,245.68637624582448,247.15170254550137,243.34186012876944,244.46527099609375,25960443.0
2024-01-22,244.70949204603988,250.57079724474744,244.46527099609375,244.46527099609375,31598037.0
2024-01-23,247.64013492620862,249.34968220873668,242.26727203826326,243.0487823486328,30067262.0
2024-01-24,243.8303050784639,247.6401475397239,243.439542450341,245.19793701171875,31268622.0
2024-01-25,247.15170000754924,249.10546838705557,245.1979316280429,246.41903686523438,30064045.0
2024-01-26,246.90747321202207,253.98988342285156,246.66325217026932,253.98988342285156,45530116.0
2024-01-29,256.43212116547744,270.8411641642995,256.43212116547744,267.6662902832031,55176466.0
2024-01-30,268.3989253605113,268.6431464026956,264.24716764337876,265.7124938964844,36212743.0
2024-01-31,265.7124967776123,268.887370360433,260.828075880965,266.4451599121094,37814734.0
2024-02-01,266.6893977597763,270.84115578350907,266.20095563933717,268.15472412109375,38580216.0
2024-02-02,270.5969107104449,279.14464705960154,269.86424759480286,274.9928894042969,59160108.0
2024-02-05,276.9466671428499,283.5406354081558,275.96978295539714,282.5637512207031,48985701.0
2024-02-06,282.56373766607436,286.4712742284401,278.90042213885647,284.2732849121094,50979667.0
2024-02-07,285.25015963040863,285.25015963040863,279.38885498046875,279.38885498046875,29968982.0
2024-02-08,279.38888834493514,285.00597263858333,278.65622517619846,280.1215515136719,50966364.0
2024-02-09,281.34264670801525,287.9366149902344,279.6330993755881,287.9366149902344,37115282.0
2024-02-12,286.2270502555381,287.20393438610307,282.80795579856067,283.5406188964844,44743345.0
2024-02-13,283.7848668077257,285.49441419813365,274.7486877441406,274.7486877441406,36767148.0
2024-02-14,275.2371244447421,278.1677770563987,271.08536657822873,275.96978759765625,43251092.0
2024-02-15,277.19089857289487,281.83109863711076,276.21401434884945,277.43511962890625,49608952.0
2024-02-16,278.1677770563987,279.6331033622269,275.4813454957135,275.96978759765625,29700992.0
2024-02-19,277.43511908101436,280.6099928028922,271.08537163725873,272.062255859375,42626672.0
2024-02-20,273.28336140950523,277.4351193576389,272.30647718641495,274.7486877441406,38737028.0
2024-02-21,275.96976475728445,278.41197506487106,271.32956517286993,272.7948913574219,33090339.0
2024-02-22,274.5044807300233,280.6100074366519,274.26025966175814,278.4120178222656,45275866.0
2024-02-23,279.3888772428556,281.34264561518324,275.48134049820027,279.8773193359375,36388629.0
2024-02-26,281.34263148533273,283.7848418280874,278.16775803975173,278.9004211425781,46586805.0
2024-02-27,279.8773156335373,280.85419980677824,273.527568507471,273.77178955078125,44532372.0
2024-02-28,274.50444638901865,276.21399365300715,269.6200256347656,269.6200256347656,38048081.0
2024-02-29,273.0391321461499,275.4813426304625,271.8180269039936,275.23712158203125,31176978.0
2024-03-01,276.213979836094,276.213979836094,270.84111727517967,271.3295593261719,19736903.0
2024-03-04,272.06223504424315,272.55067711793123,264.00294082839036,264.2471618652344,23512254.0
2024-03-05,264.73561434157045,266.44516166665437,258.1416460876752,259.1185302734375,29667212.0
2024-03-06,258.14163988486104,261.07229237172794,254.72254531684962,254.96676635742188,35597703.0
2024-03-07,261.80496006029443,267.1778230466065,260.5838548361326,266.4451599121094,38380030.0
2024-03-08,266.6893655884554,273.77177548045654,263.75871321935153,272.7948913574219,53605974.0
2024-03-11,278.41201197963045,279.6331172953306,273.03914859054987,274.26025390625,32607085.0
2024-03-12,274.0160127006295,274.7486758361927,265.95671820943454,269.131591796875,32599696.0
2024-03-13,269.37580952924844,271.0853568245383,265.7124938964844,265.7124938964844,29581973.0
2024-03-14,266.4451764763882,268.3989449565084,264.7356290562831,265.4682922363281,23368821.0
2024-03-15,265.9567286432286,269.3758234099918,261.8049707121589,264.0029602050781,30487511.0
2024-03-18,264.24719505381097,265.71252145891526,261.56076331111973,262.2934265136719,18926028.0
2024-03-19,262.5376239512701,272.0622447271767,262.29340290573407,271.8180236816406,33115950.0
2024-03-20,271.5738026361046,275.2371183191455,270.10847636288815,271.8180236816406,27530206.0
2024-03-21,274.5044425256198,281.0984104510573,273.2833373542425,278.9004211425781,55537828.0
2024-03-22,279.1446541061729,285.98284335811763,277.9235488826113,284.51751708984375,45107169.0
2024-03-25,283.05219002470886,288.9134950813033,279.1446533203125,279.1446533203125,46911216.0
2024-03-26,279.8773247386989,280.36576684120973,273.5275774060583,278.6562194824219,29898741.0
2024-03-27,279.14464166373097,281.09840993434324,275.4813261563329,276.2139892578125,30391227.0
2024-03-28,277.4351209100808,292.5768264527085,276.9466787958025,290.8672790527344,48424451.0
2024-03-29,291.3557211670127,292.5768264527085,286.4713000242296,290.8672790527344,31894138.0
2024-04-01,290.86727144217787,297.94968191390177,287.20395568094136,296.72857666015625,42931903.0
2024-04-02,297.4612133912366,301.3687498561461,289.15769840330387,290.13458251953125,36483707.0
2024-04-03,289.64618220011397,294.7748245493571,286.47130836486815,293.0652770996094,37620296.0
2024-04-04,288.18083822316135,292.088375012628,280.8542067429115,283.2964172363281,79494378.0
2024-04-05,287.20395873328164,300.3918956138915,286.959737679937,300.1476745605469,55059738.0
2024-04-08,301.36878012380294,305.5205380347467,300.1476748558783,302.8341064453125,36300949.0
2024-04-15,297.94966143379656,300.14765073945574,291.59991455078125,291.59991455078125,38514049.0
2024-04-16,289.15769840330387,295.01900310066816,287.44815119990596,290.13458251953125,40587896.0
2024-04-17,293.0652485975868,295.75168004306465,288.425048828125,288.425048828125,33313145.0
2024-04-18,289.89038912616195,294.53058912059925,288.91350491680674,289.4019470214844,35074259.0
2024-04-19,285.25016302944215,296.97277246900825,285.0059419994512,295.5074462890625,38942548.0
2024-04-22,300.8803513367052,304.29944623825867,295.5074879199783,295.751708984375,41461684.0
2024-04-24,300.1476638215121,303.07831635679133,298.6823375538725,302.5898742675781,44209830.0
2024-04-25,303.32254064853726,306.4974142624108,300.8803301763268,306.00897216796875,47578438.0
2024-04-26,306.25320742634193,311.62607071452334,305.0321021335734,309.67230224609375,44783003.0
2024-04-29,312.3587074513816,318.4642333984375,312.1144864134993,318.4642333984375,40620394.0
2024-04-30,317.48734924690854,320.1737806636132,313.3355916029105,318.4642333984375,45375021.0
2024-05-02,320.1738084914774,324.32556649632494,315.5336083684125,317.7315979003906,41134014.0
2024-05-03,318.46424992487977,320.4180183293269,314.8009341665415,317.48736572265625,28796189.0
2024-05-06,316.9989071711441,319.68533858784866,315.77780198173286,318.4642333984375,25902824.0
2024-05-07,318.95267065799595,323.1044282393022,317.48734445282906,322.37176513671875,39049366.0
2024-05-08,323.1044502171008,323.1044502171008,320.1737976074219,320.1737976074219,21381759.0
2024-05-09,320.1738084914774,321.15069272791214,316.0220504866299,317.7315979003906,21343901.0
2024-05-10,317.9758012879569,318.4642433790291,310.649169921875,310.649169921875,33832131.0
2024-05-13,310.89340729512384,313.8240599954707,305.76476506951695,306.9858703613281,29664382.0
2024-05-14,307.4742867887068,308.69539197849514,302.58986602955343,303.07830810546875,34705165.0
2024-05-15,303.0783410954202,304.78788854720744,297.9496987400585,298.4381408691406,29942233.0
2024-05-16,300.39188447138383,302.1014317813836,296.484347762813,299.9034423828125,44314185.0
2024-05-17,303.0783182465496,316.26625473753563,302.8340972004202,316.02203369140625,46769335.0
2024-05-20,314.55670741463007,320.1737914756056,313.8240442762419,316.02203369140625,31020797.0
2024-05-21,316.9989344870397,322.3717977834302,314.06828177991764,315.045166015625,48484511.0
2024-05-22,316.9989203991452,319.19690983180493,311.6260573415326,314.0682678222656,27609960.0
2024-05-23,311.62603173443654,318.70844154658283,309.6722635103962,310.16070556640625,50020450.0
2024-05-24,310.8934020996094,313.09139158813764,308.45119155680015,310.8934020996094,22962145.0
2024-05-27,312.11448451450894,312.35870555090526,305.76473756820434,307.718505859375,23215678.0
2024-05-28,307.9627459843954,308.93963019053143,303.8109881083171,304.7878723144531,20717843.0
2024-05-29,305.276322208978,308.45119595995135,298.92657470703125,298.92657470703125,31728784.0
2024-05-30,300.39190105363434,302.3456695157718,297.46124836042816,298.92657470703125,26493682.0
2024-05-31,300.6361302723085,306.0089936890354,292.3326140828215,295.751708984375,50174552.0
2024-06-03,298.19390392303467,304.7878723144531,296.9727986653646,304.7878723144531,46466026.0
2024-06-04,305.276322208978,306.7416485555811,298.1939115337297,298.92657470703125,33440269.0
2024-06-05,299.1707691104055,305.76473708263484,295.7516746062866,305.0320739746094,43218700.0
2024-06-06,305.5205517408305,306.7416570635357,297.21703554643545,298.4381408691406,27854769.0
2024-06-07,300.3918668888817,300.3918668888817,294.04212010911675,295.5074462890625,20682374.0
2024-06-10,293.30945646335323,295.50744572910696,292.0883513157123,292.8210144042969,19319106.0
2024-06-11,293.5536780491348,299.9034248288998,291.59990980920713,295.5074462890625,36835923.0
2024-06-12,295.2632450041224,300.147665930576,294.04213977250896,297.9496765136719,36966572.0
2024-06-13,302.34564208984375,304.54363141036765,300.3918738049336,302.34564208984375,24134208.0
2024-06-14,306.0089663923886,307.7185136906701,302.5898717958256,304.54364013671875,29420180.0
2024-06-20,307.96274091020416,308.9396251002445,302.8340989124926,308.6954040527344,39255358.0
2024-06-21,308.6954040527344,309.4280671952646,306.49741462514373,308.6954040527344,30476761.0
2024-06-24,309.9164971682835,310.1607182062412,301.8572029156804,303.07830810546875,30082945.0
2024-06-25,303.3225424541183,303.810984551468,298.43812148062204,298.6823425292969,27306032.0
2024-06-26,298.6823447344707,299.4150078859044,294.0421447753906,294.0421447753906,22618331.0
2024-06-27,295.5074688965243,300.3918898700206,295.5074688965243,298.6823425292969,23234871.0
2024-06-28,300.6361223599206,303.5667750555494,299.4150170700753,301.6130065917969,38137283.0
2024-07-01,302.83408157722687,303.3225236442869,286.22705129718537,288.9134826660156,45407891.0
2024-07-02,288.9135105956211,291.11150010987353,286.4713000242296,290.8672790527344,24290887.0
2024-07-03,292.0883848437178,296.48436387982724,290.8672795559096,296.2401428222656,30092887.0
2024-07-04,297.4612569532977,304.29944676831605,296.4843726940094,303.8110046386719,33671381.0
2024-07-05,303.81096242929436,306.0089517073198,300.1476469659186,300.88031005859375,29827422.0
2024-07-08,301.36878528470305,302.589890573539,298.1939115337297,298.92657470703125,23101726.0
2024-07-09,299.65920544207717,304.5436260686799,299.17076337941694,303.5667419433594,37325340.0
2024-07-10,303.81097026571473,304.0551913029058,297.7054443359375,297.7054443359375,30531140.0
2024-07-11,300.1476748558783,302.8341064453125,299.90345380229337,302.8341064453125,26001104.0
2024-07-12,303.322548254027,303.322548254027,299.90345350720224,300.1476745605469,23966972.0
2024-07-16,300.88031829585873,302.5898655589034,299.9034341455475,300.3918762207031,25171747.0
2024-07-17,300.88033517330234,304.5436509424578,298.68234571180903,302.1014404296875,38206650.0
2024-07-18,303.81100497614904,311.13763692895003,303.81100497614904,309.1838684082031,45789387.0
2024-07-19,308.69541232294966,311.3818439175323,305.5205386202611,308.20697021484375,36619426.0
2024-07-22,308.6954003827431,309.67228456116953,302.5898742675781,302.5898742675781,27596166.0
2024-07-23,302.83411163130614,303.8109958623749,298.43813259149687,298.92657470703125,28899602.0
2024-07-24,299.1707817452853,300.63610802322137,296.7285712820585,297.9496765136719,22634121.0
2024-07-25,298.19389972162685,299.17078391399906,291.5999314231142,293.3094787597656,29953941.0
2024-07-26,293.79791548240246,296.4843469622914,293.5536944387762,294.53057861328125,16653480.0
2024-07-29,291.8441488304917,292.576811965631,286.9597279295629,287.2039489746094,22278905.0
2024-07-30,287.69239934502104,290.1346098657767,285.73863092841646,286.71551513671875,25620856.0
2024-07-31,284.5175195956086,285.2501827361981,281.58686703325037,282.5637512207031,27502263.0
2024-08-01,286.2270680147059,291.35571001838235,286.2270680147059,290.623046875,21064407.0
2024-08-02,285.7386028623499,286.9597080027873,281.5868453848628,284.76171875,19507021.0
2024-08-05,264.97983966923795,274.2602395839209,264.97983966923795,270.596923828125,33305862.0
2024-08-06,282.31955463771106,282.31955463771106,273.0391540527344,273.0391540527344,34068451.0
2024-08-07,275.96977617916644,293.0652490398228,275.96977617916644,291.1114807128906,41782573.0
2024-08-08,291.11147586241464,298.6823280031318,290.62303378881995,295.0190124511719,32386073.0
2024-08-09,299.4150107951824,300.8803371122877,293.5537055267612,294.7748107910156,25010646.0
2024-08-12,297.94967867353375,299.6592260101852,292.0883735193003,293.3094787597656,27721724.0
2024-08-13,293.30948962412594,293.79793173840426,285.494415795673,290.8672790527344,26412277.0
2024-08-14,292.3326133590737,294.53060293320215,284.76176038152045,285.0059814453125,18953889.0
2024-08-15,285.0059587819118,285.0059587819118,276.2140011845263,281.8310852050781,34055805.0
2024-08-16,289.15772565747443,292.33259933445686,285.73863092841646,286.71551513671875,38799466.0
2024-08-19,288.66925634519015,291.11146663575863,285.25016193839434,290.13458251953125,26825619.0
2024-08-20,289.64614102043043,296.2401088176915,288.9134779318459,292.8210144042969,34477472.0
2024-08-21,292.82104750984763,295.9959212526567,289.40195270989943,290.8672790527344,23463737.0
2024-08-22,293.0652767369217,294.53060312060626,287.6924133300781,287.6924133300781,24952855.0
2024-08-23,287.93662611104673,292.0883840787209,284.2733102572166,288.18084716796875,31205050.0
2024-08-26,289.64613872049176,290.37880180325857,282.0752868652344,282.0752868652344,22083752.0
2024-08-27,282.0753209957248,291.3557211670127,281.09843676716815,290.8672790527344,25541295.0
2024-08-28,290.8672658006843,297.4612340430172,290.623044754672,295.26324462890625,29852124.0
2024-08-29,295.019037281614,295.9959215110233,291.35572142132906,293.5537109375,25703034.0
2024-09-02,295.0190271411568,302.58987965885206,294.7748060921989,301.3687744140625,34729004.0
2024-09-03,300.8803513367052,302.10145665868856,294.77482472678827,295.751708984375,23411840.0
2024-09-04,293.3094816239569,294.53058687634643,291.35571322013374,294.0421447753906,19799342.0
2024-09-05,295.2632438576111,296.2401280391086,288.9134966778775,289.890380859375,23092345.0
2024-09-06,290.1345819491092,291.84412914914606,287.2039296061889,287.4481506347656,20468462.0
2024-09-09,286.47130764231963,287.69241296048807,282.3195495605469,282.3195495605469,24892932.0
2024-09-10,283.2964249731789,284.27330919722436,277.19089857289487,277.43511962890625,28335939.0
2024-09-11,277.6793459211077,279.87733546665737,273.527587890625,273.527587890625,21805515.0
2024-09-12,277.67934916800283,282.5637704374488,274.9929174698076,279.63311767578125,39046318.0
2024-09-13,280.85421520588847,285.4944152832031,276.7024572419753,285.4944152832031,24404734.0
2024-09-16,285.0059810721718,285.2502021356441,279.14467554883663,279.63311767578125,17210152.0
2024-09-17,280.6100077013551,286.9597554822387,280.6100077013551,283.7848815917969,25446750.0
2024-09-18,283.5406136095626,286.71548697469984,283.05217155338767,284.76171875,19884166.0
2024-09-19,287.93661851344314,294.28636582586853,286.22707116009786,294.0421447753906,30539856.0
2024-09-20,293.79791797262203,294.53058110971085,291.1114864699629,292.5768127441406,20237710.0
2024-09-23,294.04213570259714,295.7516830031936,288.4250517149229,289.15771484375,23543000.0
2024-09-24,289.15772596914553,293.06526280656647,287.93662070745154,289.4019470214844,39566662.0
2024-09-25,289.8903800735146,290.62304320765156,284.51751708984375,284.51751708984375,25711329.0
2024-09-26,286.47128544754224,290.13460111822695,283.7848539557068,284.51751708984375,28959484.0
2024-09-27,285.4944152832031,287.6924047935101,283.54064682959694,285.4944152832031,19847298.0
2024-09-30,285.00598666542453,285.00598666542453,278.16779675400045,278.4120178222656,21334664.0
2024-10-01,278.656190091055,280.36573726952776,267.91046496922644,271.3295593261719,34658869.0
2024-10-02,270.5969231537034,275.2371230994799,264.97983900881604,265.22406005859375,37339145.0
2024-10-03,265.7125018168605,271.08536490506907,262.5376281738281,262.5376281738281,27014849.0
2024-10-04,264.73559626052366,268.3989117069331,263.75871214148117,267.4220275878906,25552239.0
2024-10-07,268.3989194915828,269.13158260211486,263.2702777178583,264.2471618652344,19065238.0
2024-10-08,263.75873090157546,266.20094137288635,262.53762566592,264.49139404296875,24186666.0
2024-10-09,264.49140231461575,264.9798444241533,258.8743180549332,264.0029602050781,23956358.0
2024-10-10,264.97982991345606,266.20093512043053,260.3396301269531,260.3396301269531,16761536.0
2024-10-11,260.8280859236677,264.73562279143795,257.6532122186043,258.6300964355469,17775777.0
2024-10-14,258.6300899827515,258.87431103089386,251.54767958662327,251.79190063476562,19868260.0
2024-10-15,251.791899239839,262.53762529857124,251.54767819304965,261.8049621582031,30713391.0
2024-10-16,260.82807263557623,263.7587251370996,257.89742013405294,263.02606201171875,19268275.0
2024-10-17,263.2702891682794,268.64315221253,263.0260681208135,267.1778259277344,24972591.0
2024-10-18,267.4220462343586,268.64315146830546,260.5838569242563,261.8049621582031,20698103.0
2024-10-21,261.8049375289889,265.71247391001856,260.09539036228836,263.270263671875,24074749.0
2024-10-22,264.2471680576092,270.1084730792198,263.2702838873408,268.39892578125,26819572.0
2024-10-23,268.8873610723586,268.8873610723586,261.07228790767607,261.56072998046875,24305349.0
2024-10-24,263.75871214148117,268.15469067717254,263.75871214148117,267.4220275878906,18918442.0
2024-10-25,266.44515214450115,270.3526887479036,265.46826799365056,269.6200256347656,17216815.0
2024-10-28,272.0622641474223,273.52759052523606,269.86427458070165,271.5738220214844,7035135.0
2024-10-30,271.32957870895797,273.52756809543916,270.1084734942462,271.0853576660156,14799003.0
2024-10-31,271.32956946136756,272.550674634461,266.200927734375,266.200927734375,14473937.0
2024-11-01,266.68939208984375,268.39893947503504,265.2240657596798,266.68939208984375,19991989.0
2024-11-04,265.71252145891526,266.6894057289848,260.8281001085676,262.2934265136719,18418359.0
2024-11-05,265.9566955566406,267.4220217029582,264.0029273615505,265.9566955566406,31196076.0
2024-11-06,266.68939797871815,274.50447191216045,263.7587452536773,270.8411560058594,30758235.0
2024-11-07,271.81801064893483,276.45821029163903,269.620021344496,276.2139892578125,24069867.0
2024-11-08,275.48132481932333,283.7848399291256,274.99288275404086,283.5406188964844,23348584.0
2024-11-11,284.0290829340617,284.51752503712976,279.8773250579834,281.3426513671875,21162079.0
2024-11-12,282.807971894429,284.0290771271338,279.63309828939657,279.8773193359375,20609050.0
2024-11-13,279.38887686708426,281.3426452367841,275.48134012768446,277.1908874511719,31922085.0
2024-11-14,278.90043514977367,282.3195298013471,277.4351088705279,279.8773193359375,28667480.0
2024-11-15,281.0984167406742,286.9597216944328,280.36575362145436,283.05218505859375,40033524.0
2024-11-18,284.2732761135349,285.7386022790686,280.3657396721117,282.0752868652344,26338290.0
2024-11-19,282.8079737181305,283.540636862478,271.5738055048023,272.5506896972656,30459346.0
2024-11-20,274.01599481448915,275.2370999607213,263.27026952764646,264.735595703125,28212777.0
2024-11-21,265.71250314175603,273.2833557128906,264.735618939029,273.2833557128906,23938681.0
2024-11-22,273.0391540527344,274.5044804608886,270.108501236426,273.0391540527344,24811970.0
2024-11-25,274.99290493349486,293.30948385890525,274.5044628288172,289.4019470214844,61855170.0
2024-11-26,289.1577173349809,289.64615942507373,284.51751747909856,287.2039489746094,31270250.0
2024-11-27,292.3325850266677,292.8210271069127,285.49439590323686,285.7386169433594,35199151.0
2024-11-28,284.2733010872226,284.51752213626656,277.67933276303444,280.6099853515625,26994739.0
2024-11-29,280.6100074366519,281.0984495731822,276.94669141267474,278.4120178222656,29697434.0
2024-12-02,277.9235370054763,280.1215263139554,275.9697687312726,278.9004211425781,33276590.0
2024-12-03,279.63309005577804,283.7848477247285,277.43510070162785,280.3657531738281,28304567.0
2024-12-04,281.8311074332795,285.00598126051744,281.09844424237843,282.3195495605469,27748059.0
2024-12-05,283.7848625118119,288.18084144917214,283.2964204076608,286.71551513671875,33995219.0
2024-12-06,289.1577319051581,293.5537109375,286.71552133163476,293.5537109375,35655051.0
2024-12-09,296.72858468308027,296.97280574043265,292.33260565073834,293.5537109375,23749386.0
2024-12-10,293.55368574838786,297.9496644035218,290.86725434802827,292.33258056640625,40376517.0
2024-12-11,292.57679919484247,295.9958936762513,290.37880988536534,294.2863464355469,30996824.0
2024-12-12,295.99589316209955,297.2169983319102,289.89036731304634,291.59991455078125,21407493.0
2024-12-13,290.86725434802827,292.57680160280256,287.4481598384797,292.33258056640625,22432206.0
2024-12-16,293.3094809543461,293.7979230541868,288.6692810058594,288.6692810058594,21406432.0
2024-12-17,288.66928953848196,293.5537106812651,286.22707896709045,290.8672790527344,28508478.0
2024-12-18,290.1346293726805,290.86729257816705,283.54066052330137,283.7848815917969,24216068.0
2024-12-19,281.83109917253614,286.2270781890922,281.0984360031102,282.8079833984375,25167342.0
2024-12-20,282.8079640188538,284.5175112970334,281.0984167406742,283.05218505859375,21909897.0
2024-12-23,283.54061244084284,285.7386016845703,278.41197087214545,279.38885498046875,20606277.0
2024-12-24,279.38886321112903,280.6099683825064,276.70243183409895,278.9004211425781,15485512.0
2024-12-25,282.31951613149124,283.0521792356387,281.0984109579121,281.58685302734375,12283659.0
2024-12-26,282.8079751376448,286.4712908777697,281.34264884159484,283.2964172363281,27141490.0
2024-12-27,283.5406411483384,286.4712937700267,283.0521990447237,284.0290832519531,23638402.0
2024-12-30,284.51754439077723,284.76176545892383,275.7255859375,275.7255859375,20734285.0
2024-12-31,275.96978184167176,279.1446554380804,272.306466153508,274.50445556640625,26585935.0
2025-01-02,275.7255453358526,280.85418701171875,274.7486612071162,280.85418701171875,25569193.0
2025-01-03,281.58686011909634,292.82102799895625,281.34263907822987,291.1114807128906,40123161.0
2025-01-06,292.5767928100997,293.0652348682134,288.42503531613335,290.13458251953125,28979311.0
2025-01-07,289.15772565747443,291.35571512615456,286.2270730325676,286.71551513671875,27531422.0
2025-01-08,286.22705078125,288.1808190459684,284.2732825165316,286.22705078125,24336195.0
2025-01-09,287.6923939427448,290.6230465126199,285.738625562828,287.9366149902344,23214174.0
2025-01-10,288.42506250124774,290.8672730220034,285.73863092841646,286.71551513671875,24514821.0
2025-01-13,285.98283753547304,287.69238481365267,280.6099746611943,283.05218505859375,19087499.0
2025-01-14,284.5175256680386,288.42506250124774,283.2964204076608,286.71551513671875,26352017.0
2025-01-15,286.7155208264367,291.59994196487685,285.49441554182664,288.18084716796875,35506445.0
2025-01-16,292.08838433843016,293.30948962412594,288.18084742420365,290.8672790527344,33591167.0
2025-01-17,291.1114815675839,296.72856552400543,289.4019342764991,296.4843444824219,35667354.0
2025-01-20,297.94967938327244,298.9265635779717,294.77480575049987,298.6823425292969,27879358.0
2025-01-21,297.21699884818304,298.43810402011474,292.8210202292288,294.2863464355469,24194618.0
2025-01-22,294.77478374759255,298.68232023471893,293.55367859536557,298.1938781738281,23395068.0
2025-01-23,298.9265585984791,304.5436426244309,295.99590606319987,302.5898742675781,38920626.0
2025-01-24,302.8340924210533,303.8109765901535,298.9265557446526,301.8572082519531,25724625.0
2025-01-27,300.1476716979682,305.2763137692923,297.70546118781385,299.4150085449219,44353911.0
2025-01-28,299.90344032709754,305.5205243071653,297.7054509435927,304.54364013671875,37742137.0
2025-01-29,304.54363479858006,307.2300662202195,301.8572033769406,305.7647399902344,32487977.0
2025-01-30,306.00896102856524,309.1838345268664,304.7878558369109,305.7647399902344,30495540.0
2025-01-31,306.0089863677882,310.40496542175487,305.7647653092345,309.67230224609375,32123757.0
2025-02-03,307.71854184823206,310.64919462773906,304.5436680037662,306.4974365234375,35289967.0
2025-02-04,307.47429135368134,308.93961760318257,296.2401234408383,296.4843444824219,39064740.0
2025-02-05,297.21701876165446,299.65922926914544,290.62305039142876,296.72857666015625,37613460.0
2025-02-06,299.4149849388208,308.9396051774945,299.4149849388208,306.253173828125,38126039.0
2025-02-07,306.25319707735827,315.0451548881915,304.78787077555273,314.8009338378906,37332540.0
2025-02-10,314.8009056788139,316.0220108210901,311.13759025198516,312.8471374511719,24088178.0
2025-02-11,312.114501953125,312.60294405320815,306.25319675212734,312.114501953125,27260246.0
2025-02-12,312.60295494873816,313.8240602415067,308.6954180118789,309.67230224609375,37862912.0
2025-02-13,312.60296348864523,314.0682898799983,311.1376370972922,311.87030029296875,22660735.0
2025-02-14,312.3587226656919,315.53359631280216,307.7185227199154,309.4280700683594,26200192.0
2025-02-17,310.16073355279246,314.06827035345754,307.23008095229363,312.114501953125,31432655.0
2025-02-18,312.60294471153844,319.44113412710334,311.13761840820314,317.48736572265625,41069874.0
2025-02-19,317.24314951091327,318.4642547823178,309.67229682820476,310.8934020996094,32683908.0
2025-02-20,311.38182433937055,317.7315713455067,307.7185087589074,308.451171875,33188614.0
2025-02-21,308.9396298654444,310.16073512182953,298.438124660532,302.1014404296875,39089686.0
2025-02-24,305.27629451720895,306.9858417665053,301.36875794738864,302.34564208984375,25538534.0
2025-02-25,302.5898650797593,304.2994123400969,297.2170022615553,297.7054443359375,23823247.0
2025-02-26,298.6823621070781,302.83412020668595,297.9496989130297,301.12457275390625,25833012.0
2025-02-27,301.12454071407365,309.4280560297902,300.39187759798097,308.451171875,51598698.0
2025-02-28,305.76477298287966,306.2532151122453,298.6823621070781,301.12457275390625,48604438.0
2025-03-03,304.05519846323375,312.35871392327385,302.5898722055796,307.2300720214844,49150523.0
2025-03-04,306.985851387042,312.3587143389234,306.0089672139726,309.91650390625,35047448.0
2025-03-05,312.1144973228718,319.1969076690089,311.62605523003475,318.7084655761719,47800841.0
2025-03-06,320.66224066416424,328.23309326171875,316.75470383962,328.23309326171875,54894390.0
2025-03-07,327.01200733767104,330.67532332726404,325.5466809418338,327.9888916015625,33033527.0
2025-03-10,327.9888914411848,330.91954423142624,324.0813543875296,325.3024597167969,27065446.0
2025-03-11,326.2793242069308,327.2562084111432,322.8602294921875,322.8602294921875,23776191.0
2025-03-12,325.54664200034995,328.7215154782228,324.5697578533121,325.7908630371094,31574967.0
2025-03-13,328.23307966321244,331.65217424303756,326.7677534147159,329.942626953125,44492350.0
2025-03-14,331.65217133021144,331.65217133021144,328.23307678041544,329.2099609375,26900238.0
2025-03-17,329.6983913033308,331.1637174869012,325.5466337832148,326.279296875,25636817.0
2025-03-18,323.3486683696782,324.3255525641485,319.1969105431793,319.4411315917969,29487095.0
2025-03-19,301.8571985015236,311.3818188425911,288.1808205758882,294.2863464355469,63125592.0
2025-03-20,295.7516684098677,308.93960407802035,295.7516684098677,300.88031005859375,54152829.0
2025-03-21,299.17077893034366,299.6592210183932,275.7255587039657,279.1446533203125,52546154.0
2025-03-24,287.9366160477742,298.6823421767836,284.7617424187487,295.99591064453125,55342576.0
2025-03-25,300.8803354899089,307.9627459843954,299.41500918070477,304.7878723144531,43119513.0
2025-03-26,301.8572111337583,306.49741098128374,300.6361059107253,302.5898742675781,30936805.0
2025-03-27,307.9627427359261,308.69540588279983,300.8803323161467,301.3687744140625,30775578.0
2025-03-28,302.1014571849173,304.29944676831605,295.50748843472104,303.8110046386719,25046525.0
2025-04-02,301.61299220851214,302.34565534748015,297.9496765136719,297.9496765136719,17269939.0
2025-04-03,298.4381045291298,301.3687569467645,296.9727783203125,296.9727783203125,18371736.0
2025-04-04,298.6823284847019,300.88031781942163,296.7285601871731,297.7054443359375,24782039.0
2025-04-07,291.59993798040574,306.7416433026714,287.9366221766318,302.8341064453125,49075770.0
2025-04-08,306.74165724161094,307.47432043565937,301.12457275390625,301.12457275390625,28235708.0
2025-04-09,299.90345893809996,303.5667748046077,298.43813259149687,298.92657470703125,32425908.0
2025-04-10,307.47431172888264,307.962753844417,298.92657470703125,298.92657470703125,27575977.0
2025-04-11,299.6592327487084,302.8341064453125,298.9265695879536,302.8341064453125,26415836.0
2025-04-14,305.52053007352663,307.71851949851606,304.54364588464244,306.00897216796875,23820445.0
2025-04-15,306.25318865776063,313.0913778781891,305.032083439827,312.6029357910156,37597322.0
2025-04-16,312.60295518960123,315.04516577702,310.6491867196662,312.3587341308594,27672822.0
2025-04-17,313.09138113785383,317.73158101431187,312.60293904559506,316.02203369140625,29681244.0
2025-04-18,316.022016184457,316.2662372170571,309.6722693368559,311.62603759765625,17561301.0
2025-04-21,311.62604244171627,312.60292658730157,306.7416217137897,307.718505859375,18774590.0
2025-04-22,309.1838411808014,313.8240410089493,309.1838411808014,312.6029357910156,22775757.0
2025-04-24,314.8009309664855,316.022036206852,310.6491731492394,314.0682678222656,16088858.0
2025-04-25,314.5566953693573,316.022021590022,310.4049377441406,310.4049377441406,16262264.0
2025-04-28,310.64918046031926,311.38184362178225,305.5205383300781,305.5205383300781,16149088.0
2025-04-29,298.4381318240482,299.17079499546566,290.8672790527344,290.8672790527344,28399308.0
2025-04-30,291.8441415483111,293.30946778202645,276.70243713325226,277.6793212890625,33320216.0
2025-05-02,278.9004386817157,288.1808385677973,278.9004386817157,285.98284912109375,21047856.0
2025-05-05,288.18083315479515,289.64615942507373,280.36575971330916,287.2039489746094,19284842.0
2025-05-06,287.4481920832329,289.40196059356924,284.5175393177284,285.0059814453125,15717504.0
2025-05-07,283.7848463118344,284.27328838810257,269.8642471381902,272.30645751953125,27150834.0
2025-05-08,274.016038593493,278.9004599587959,272.55071218390214,278.4120178222656,15393943.0
2025-05-09,278.9004334430305,289.64615942507373,278.9004334430305,287.2039489746094,27735690.0
2025-05-12,298.43810552002344,302.5898631254575,295.75167412827204,302.34564208984375,25067318.0
2025-05-13,300.39189531298103,301.368779525381,295.99591635718133,297.46124267578125,19280816.0
2025-05-14,296.2401368004024,296.2401368004024,292.08837890625,292.08837890625,23810847.0
2025-05-15,292.8210216505984,294.04212682845747,285.49439058344416,286.959716796875,16721515.0
2025-05-16,287.2039349136092,289.40192421141745,282.07529321872335,286.22705078125,30633725.0
2025-05-20,286.9597410885479,286.9597410885479,279.38888834493514,280.1215515136719,28204042.0
2025-05-21,280.12154513197993,280.3657661826617,273.2833557128906,273.2833557128906,42495427.0
2025-05-22,276.9466581722048,280.8541947954458,271.818016354201,277.6793212890625,49323964.0
2025-05-23,276.946671473117,279.63310303061644,273.2833557128906,273.2833557128906,35288228.0
2025-05-26,275.96979849679127,276.21401955740794,272.7949247087751,273.527587890625,25342423.0
2025-05-27,274.01598999023435,276.4582002397017,268.64312744140625,268.64312744140625,26579753.0
2025-05-28,269.1315753515978,272.5506697753023,268.15469123053936,270.10845947265625,21458274.0
2025-05-29,272.30647691490407,274.5044664146656,270.84115058172966,272.062255859375,24116391.0
2025-05-30,272.5506776075023,273.7717827939158,266.6893727127173,266.93359375,24838082.0
2025-06-02,266.2009502559603,270.1084871404515,265.71250814539894,269.3758239746094,23231977.0
2025-06-03,271.57380338828466,277.67932954359685,271.3295823420722,277.1908874511719,22246363.0
2025-06-04,276.70243758357776,280.8541952525282,275.23711134747765,280.3657531738281,21146096.0
2025-06-05,279.14465619631466,280.3657614290194,278.1677720101508,279.8773193359375,5311968.0
2025-06-10,282.3195166309265,286.4712742284401,282.3195166309265,284.2732849121094,28557448.0
2025-06-11,284.27332372878794,285.25020800277,282.5637762493193,283.7848815917969,21086678.0
2025-06-12,280.36575177795686,280.60997281609093,271.5737944051289,272.30645751953125,34285321.0
2025-06-13,256.4320930372482,260.3396296930539,252.52455638144252,257.6531982421875,37717566.0
2025-06-16,260.81267781307065,265.5142346237427,256.8534720777679,262.5448303222656,28020896.0
2025-06-17,262.54481012295173,263.28716114120704,258.8330550316753,259.08050537109375,21056327.0
2025-06-18,257.5958233713756,258.09072408870776,253.38916727405248,254.6264190673828,27511803.0
2025-06-19,255.36877078101747,256.85347293672106,249.42996215820312,249.42996215820312,20781123.0
2025-06-20,254.62641621471727,255.86366799418627,251.40956158809792,254.1315155029297,19876258.0
2025-06-23,250.4197540283203,251.40955542764175,246.65850569026475,250.4197540283203,27919468.0
2025-06-24,267.2463939228996,272.9377523119984,262.29738662803106,271.70050048828125,60708109.0
2025-06-25,272.6902846868526,272.9377350359332,267.74127770524,268.7310791015625,23663253.0
2025-06-26,268.97853964213266,269.96834107595834,262.2973799638092,262.5448303222656,17081008.0
2025-06-27,262.5448141943952,266.99892037299946,260.56521144834886,265.0193176269531,25137482.0
2025-06-30,266.5040333258412,281.10360432512124,265.7616822580812,280.60870361328125,60838790.0
2025-07-01,281.3510638974004,289.51692591025375,279.8663617132453,287.5373229980469,37385296.0
2025-07-02,287.7847457046771,292.98120284981746,285.5576926424741,288.0321960449219,36959749.0
2025-07-03,291.99140440742923,292.73375543558376,288.03219892393867,288.527099609375,24795522.0
2025-07-04,289.26947305550647,292.23887739824903,288.2796716079256,289.7643737792969,22878532.0
2025-07-07,285.55770300823707,288.27965684973674,283.5781002144192,284.5679016113281,22479863.0
2025-07-08,286.300044149851,288.2796468751741,276.15458018257016,277.6392822265625,30031285.0
2025-07-09,278.62910398900664,284.56791259978473,278.3816536302242,283.8255615234375,23296990.0
2025-07-10,286.5474940034532,290.2592491071249,286.30004366320844,288.0321960449219,34795243.0
2025-07-11,292.98121450378625,293.9710159041369,287.7847571519454,290.0118103027344,34145288.0
2025-07-14,290.2592491071249,292.2388518290831,287.7847457046771,288.0321960449219,32569360.0
2025-07-16,288.0322230288857,290.25927629972756,277.6393077649568,282.0934143066406,40611252.0
2025-07-17,286.54749917283385,287.5373005516692,282.09339296807474,286.300048828125,29728257.0
2025-07-18,286.5475130180174,288.774566228002,284.56791016469776,286.0526123046875,33276220.0
2025-07-21,287.7847628171752,292.4863195613939,287.53731246221633,291.0016174316406,31054005.0
2025-07-22,291.4965214067592,295.20827677271967,291.4965214067592,294.2184753417969,37359500.0
2025-07-23,295.70317707158915,296.44552814373543,290.75416992394753,291.49652099609375,24710463.0
2025-07-24,292.981201171875,295.70315489897854,290.2592474447714,292.981201171875,27444494.0
2025-07-25,293.2286648538739,293.9710159041369,290.0118103027344,290.0118103027344,15138879.0
2025-07-28,290.7541608522926,291.4965119012772,287.04240560736974,287.28985595703125,17995538.0
2025-07-29,287.04240750472445,288.03220890991315,282.3408508300781,282.3408508300781,19619086.0
2025-07-30,282.5883125590697,286.05261761671153,282.3408621978096,284.3204650878906,22915366.0
2025-07-31,285.5577058792114,286.79495763778687,283.08320236206055,285.06280517578125,28385427.0
2025-08-01,285.55769492145225,287.7847480014289,283.82554252591484,285.8051452636719,29061004.0
2025-08-04,288.03221599274457,293.47612385515043,287.53731527798044,291.49652099609375,36501829.0
2025-08-05,293.2286792116117,294.9608317470389,292.2388777627961,292.486328125,22228274.0
2025-08-06,295.4557153340097,308.0756830744071,294.96081463830785,305.3537292480469,70872223.0
2025-08-07,306.59098386301577,308.5705866643912,302.8792286104369,305.8486328125,40809896.0
2025-08-08,306.3435481032779,311.5400057043836,306.0960977413205,311.04510498046875,34231549.0
2025-08-11,313.5195865344171,314.50938791258415,308.57057964358177,312.52978515625,34537595.0
2025-08-12,312.0348906897603,318.46859977614713,308.5705857970905,316.2415466308594,41165145.0
2025-08-13,317.47881021256984,321.6854663104761,314.01450519076474,320.943115234375,31590210.0
2025-08-14,319.2109574862053,327.87171989862173,318.9635071315648,322.6752624511719,35978676.0
2025-08-15,322.92271086816703,327.87171793128067,321.4380087492329,327.624267578125,24854745.0
2025-08-18,327.87170467262496,331.83091016301137,325.6446515842826,330.5936584472656,24014896.0
2025-08-19,331.3360350931413,336.0375919764644,326.63447820981816,335.04779052734375,33939647.0
2025-08-20,335.04777669871424,337.02737951525023,330.5936703615083,335.29522705078125,25992738.0
2025-08-21,336.5324841055035,338.0171862412631,332.32582805418474,333.5630798339844,26330388.0
2025-08-22,334.0579833984375,335.54268554687496,330.59367838541664,334.0579833984375,23038084.0
2025-08-25,334.8003234863281,337.76972768576337,332.8207206867046,334.8003234863281,29965988.0
2025-08-26,335.29523880027097,342.71874962241714,334.3054373573181,339.9967956542969,34867256.0
2025-08-27,341.48148585245616,342.4712872607242,335.04777669871424,335.29522705078125,22120352.0
2025-08-28,335.54266931870404,340.73912658691404,334.3054175881779,336.532470703125,20691413.0
2025-08-29,336.7799228725149,337.02737321995977,330.34621383894734,331.5834655761719,18346545.0
2025-09-01,331.58347981770834,336.7799373372396,331.3360294596354,334.0579833984375,17815923.0
2025-09-02,335.5,336.0,316.5,327.5,35955211.0
2025-09-03,326.25,333.25,319.5,329.25,32674168.0
2025-09-04,329.5,334.0,321.25,322.5,35176179.0
2025-09-05,324.0,327.5,319.0,319.5,27203856.0
2025-09-08,313.25,315.5,307.5,309.0,27586255.0
2025-09-09,310.75,320.75,310.5,316.75,40493190.0
2025-09-10,318.25,322.75,312.5,322.5,34820863.0
2025-09-11,323.25,324.75,314.5,316.0,30023616.0
2025-09-12,315.25,316.5,311.0,314.0,21179398.0
2025-09-15,313.25,332.5,310.25,331.75,52033362.0
2025-09-16,331.5,331.5,325.0,327.0,40226846.0
2025-09-17,327.0,327.25,321.25,321.5,34230277.0
2025-09-18,323.0,326.0,317.0,317.75,34917799.0
2025-09-19,319.0,322.0,313.25,319.75,43870527.0
2025-09-22,327.5,330.25,324.5,326.0,43892594.0
2025-09-23,323.0,327.5,320.0,324.75,40017266.0
2025-09-24,326.0,327.5,317.75,324.0,42762282.0
2025-09-25,325.5,332.5,325.5,328.25,39070278.0
2025-09-26,329.25,329.5,319.25,319.75,54508756.0
2025-09-29,318.0,324.5,316.5,319.25,37562966.0
2025-09-30,321.25,323.75,314.0,315.0,33491387.0
2025-10-01,315.5,318.75,311.75,315.75,44237945.0
2025-10-02,315.75,318.5,314.5,315.0,39859117.0
2025-10-03,316.0,317.25,310.75,311.0,31181374.0
2025-10-06,312.5,317.0,304.0,305.5,40200172.0
2025-10-07,306.25,314.5,305.5,313.75,32264093.0
2025-10-08,313.5,316.75,307.5,310.25,41143341.0
2025-10-09,316.75,318.25,310.75,312.5,37074561.0
2025-10-10,313.25,317.75,310.75,313.75,36347821.0
2025-10-13,309.5,312.25,307.75,309.0,29718699.0
2025-10-14,309.25,310.25,300.25,302.0,31639213.0
2025-10-15,302.75,306.25,298.0,300.75,41747312.0
2025-10-16,299.25,302.0,295.5,296.0,38875850.0
2025-10-17,295.0,296.0,287.75,292.0,57747825.0
2025-10-20,293.25,300.25,290.0,297.75,51523112.0
2025-10-21,298.5,298.75,293.0,294.5,30462184.0
2025-10-22,295.5,296.0,287.0,288.0,42484656.0
2025-10-23,288.5,290.25,283.75,284.25,40555813.0
2025-10-24,287.0,302.25,287.0,297.0,84622262.0
2025-10-27,297.0,298.5,293.0,295.0,27751916.0
2025-10-28,294.75,295.75,292.0,292.0,10268579.0
2025-10-30,292.75,294.75,289.5,290.0,27637939.0
2025-10-31,290.25,293.25,289.0,291.5,28385482.0
2025-11-03,293.25,295.75,292.25,294.0,41693246.0
2025-11-04,294.0,295.0,288.25,289.0,29538148.0
2025-11-05,289.5,292.0,287.25,290.0,37593637.0
2025-11-06,291.75,294.5,288.0,292.5,33000037.0
2025-11-07,296.0,298.25,288.0,289.5,42808807.0
2025-11-10,291.0,291.5,278.25,278.25,43267774.0
2025-11-11,278.25,281.0,266.5,273.0,54581700.0
2025-11-12,275.25,275.5,268.0,268.0,37544314.0
2025-11-13,269.25,274.5,269.25,271.0,34972867.0
2025-11-14,270.5,271.0,267.0,269.0,28455584.0
2025-11-17,270.75,271.5,266.75,268.5,29682554.0
2025-11-18,267.5,269.75,266.75,267.5,22734301.0
2025-11-19,268.75,278.75,268.5,277.5,45678395.0
2025-11-20,279.0,280.75,273.75,276.25,31112755.0
2025-11-21,276.25,276.25,271.5,273.0,27542702.0
2025-11-24,272.25,273.25,270.0,270.25,33487074.0
2025-11-25,271.0,279.0,270.0,273.25,53946056.0
2025-11-26,273.75,275.25,272.75,274.25,32243168.0
2025-11-27,276.0,276.5,272.5,272.5,24662646.0
2025-11-28,272.75,276.75,271.5,272.75,31495812.0
2025-12-01,272.0,277.25,271.5,276.5,29348256.0
2025-12-02,277.0,281.75,276.25,279.0,38452648.0
2025-12-03,281.25,283.5,275.5,275.5,35791929.0
2025-12-04,275.5,277.25,269.25,270.0,31922352.0
2025-12-05,270.0,271.75,267.75,270.25,25259577.0
2025-12-08,271.75,273.75,271.75,272.25,30892643.0
2025-12-09,273.0,273.25,270.5,271.5,27160617.0
2025-12-10,272.0,275.75,270.25,270.5,37191224.0
2025-12-11,271.25,272.5,269.25,269.5,27746236.0
2025-12-12,270.75,274.5,270.75,272.25,27438909.0
2025-12-15,273.25,276.25,272.0,274.25,34556393.0
2025-12-16,274.5,276.0,272.25,273.25,36677565.0
2025-12-17,273.25,275.0,271.0,274.0,35624064.0
2025-12-18,274.5,277.25,273.25,274.5,38604691.0
2025-12-19,275.0,277.75,273.75,277.25,38159581.0
2025-12-22,277.75,278.5,271.75,272.0,31216523.0
2025-12-23,271.75,272.0,270.0,270.5,23713128.0
2025-12-24,271.0,272.5,269.25,271.25,26074191.0
2025-12-25,272.5,273.5,271.0,271.25,12977291.0
2025-12-26,271.25,271.5,267.25,268.0,22195231.0
2025-12-29,268.25,269.0,262.75,264.5,31535713.0
2025-12-30,265.0,269.75,264.75,267.75,32525018.0
2025-12-31,268.5,269.75,267.25,268.5,20565368.0
2026-01-02,271.0,274.25,269.75,274.25,28891002.0
2026-01-05,274.25,279.0,272.5,277.75,38929858.0
2026-01-06,279.0,289.25,279.0,288.5,60291603.0
2026-01-07,289.5,295.25,287.5,290.75,71173468.0
2026-01-08,291.0,295.75,286.5,294.5,60705169.0
2026-01-09,296.0,298.0,290.25,291.5,51357969.0
2026-01-12,291.75,294.5,289.25,291.5,49228010.0
2026-01-13,292.0,292.5,285.75,287.0,50345679.0
2026-01-14,288.5,289.0,279.5,280.25,47676029.0
2026-01-15,280.75,288.75,280.5,287.75,52640730.0
2026-01-16,290.5,295.5,288.5,292.0,52808497.0
2026-01-19,294.25,299.75,292.5,295.75,72954364.0
2026-01-20,295.75,296.75,291.5,292.0,44544516.0
2026-01-21,292.5,297.0,290.0,297.0,52547045.0
2026-01-22,299.0,301.0,294.75,299.0,63538093.0
2026-01-23,300.5,304.25,299.5,301.0,50706805.0
2026-01-26,299.0,302.75,296.0,299.25,46066314.0
2026-01-27,299.75,301.0,293.75,294.25,47513693.0
2026-01-28,294.25,303.0,294.25,298.0,92400525.0
2026-01-29,300.0,307.25,298.0,302.25,104308213.0
2026-01-30,302.25,308.25,298.5,304.0,83271865.0
2026-02-02,300.25,310.0,298.0,305.75,94704808.0
2026-02-03,308.0,319.25,308.0,318.75,84532266.0
2026-02-04,320.0,322.75,315.0,320.5,67172321.0
2026-02-05,318.5,322.0,316.0,317.0,64928341.0
2026-02-06,317.0,324.5,311.75,322.5,67707854.0
2026-02-09,326.5,329.75,321.75,329.5,63946715.0
2026-02-10,329.0,333.25,327.75,333.0,52371004.0
2026-02-11,330.5,337.75,329.0,331.0,61366265.0
2026-02-12,332.25,341.25,331.0,337.0,70648552.0
2026-02-13,337.5,351.25,337.25,347.75,79364384.0
2026-02-16,349.75,352.5,345.0,347.75,60497306.0
2026-02-17,346.25,350.75,343.0,345.0,59808917.0
2026-02-18,345.75,350.0,324.75,328.25,94434599.0
2026-02-19,330.5,331.0,310.25,312.5,81994623.0
2026-02-20,314.5,320.5,313.75,320.5,49745507.0
2026-02-23,325.75,326.0,315.25,315.75,58340211.0
2026-02-24,315.75,316.0,307.25,308.5,60541603.0
2026-02-25,309.25,311.0,305.5,307.0,36524474.0
2026-02-26,307.75,316.25,302.5,311.5,68383970.0
2026-02-27,313.25,314.0,303.5,307.5,60671396.0
2026-03-02,282.5,292.5,282.25,289.0,54215665.0
2026-03-03,286.0,295.25,285.0,287.0,42900149.0
2026-03-04,288.0,292.0,282.0,287.75,46550560.0
2026-03-05,293.25,295.25,283.75,284.25,42754331.0
2026-03-06,284.0,286.0,276.0,276.75,56263294.0
2026-03-09,267.0,282.0,263.5,282.0,51377626.0
2026-03-10,294.0,297.0,288.75,297.0,61941889.0
2026-03-11,296.0,296.25,289.5,294.75,40619946.0
2026-03-12,290.0,297.75,289.25,292.75,41475379.0
2026-03-13,291.25,293.5,286.75,292.25,26218061.0
2026-03-16,292.5,293.5,288.25,290.0,28395392.0
2026-03-17,291.0,296.0,291.0,294.75,22876482.0
2026-03-18,297.25,298.0,289.25,290.75,24386487.0
2026-03-19,289.0,291.5,287.75,289.5,11565613.0
2026-03-23,281.25,296.25,279.5,295.5,75513242.0
2026-03-24,292.25,296.5,290.75,291.0,40807369.0
2026-03-25,295.75,299.5,292.75,294.5,66108591.0
2026-03-26,292.5,296.5,291.75,293.5,31352265.0
2026-03-27,295.0,295.5,290.5,294.0,30167762.0
2026-03-30,292.5,293.5,288.75,288.75,29264051.0
2026-03-31,290.0,294.75,289.25,294.25,43351658.0
2026-04-01,306.25,307.75,297.5,298.0,47033368.0
2026-04-02,292.5,300.5,291.25,299.75,48135580.0
2026-04-03,299.25,299.75,295.0,296.0,21832383.0
2026-04-06,296.75,301.25,296.5,297.25,36486790.0
2026-04-07,296.0,299.25,291.75,292.0,42540777.0
2026-04-08,308.75,321.0,307.5,317.0,110512822.0
2026-04-09,316.0,322.25,313.25,319.5,43131773.0
2026-04-10,322.5,325.25,321.0,323.25,39622743.0
2026-04-13,316.0,318.75,314.25,316.75,59932285.0
2026-04-14,319.75,326.5,319.5,324.0,65014922.0
2026-04-15,326.5,326.75,318.5,319.25,50829575.0
2026-04-16,323.0,324.5,315.5,317.25,42533691.0
2026-04-17,318.0,335.0,317.75,329.0,108841541.0
2026-04-20,321.5,329.25,321.25,328.25,62881814.0
2026-04-21,329.0,334.5,327.0,327.0,41012885.0
2026-04-22,329.5,331.25,319.5,323.5,37881076.0
2026-04-24,323.0,326.25,319.0,325.0,37892432.0
2026-04-27,324.5,326.75,320.25,320.5,39753416.0
2026-04-28,319.5,320.25,315.25,315.75,27040131.0
2026-04-29,316.75,317.75,313.0,314.5,30230456.0
2026-04-30,310.0,311.5,305.25,308.25,55904761.0
2026-05-04,308.5,310.75,300.5,300.75,57653327.0
2026-05-05,300.75,304.25,298.25,301.0,39319327.0
2026-05-06,307.0,316.25,304.75,309.75,102928965.0
2026-05-07,311.75,315.25,311.25,312.5,55094125.0
2026-05-08,310.0,314.75,306.75,311.0,52591635.0
2026-05-11,308.25,309.5,306.25,308.5,32165704.0
2026-05-12,308.0,310.0,305.25,305.75,25842992.0
2026-05-13,307.75,310.0,304.0,304.0,31137355.0
2026-05-14,305.25,308.5,305.25,305.75,33906131.0
2026-05-15,303.5,304.25,298.5,300.0,30059261.0
2026-05-18,299.5,301.0,294.5,294.5,36354194.0
2026-05-20,292.0,300.25,289.75,295.0,34515033.0
2026-05-21,295.0,295.75,273.25,274.0,57504394.0
2026-05-22,274.0,290.25,271.5,288.0,62579877.0
2026-05-25,299.0,300.5,296.0,297.5,44110081.0
2026-05-26,297.5,298.0,295.25,296.75,11744557.0
2026-05-27,296.75,296.75,296.75,296.75,0.0
2026-05-28,296.75,296.75,296.75,296.75,0.0
2026-05-29,296.75,296.75,296.75,296.75,0.0
2026-06-01,298.5,300.5,291.0,291.5,43996715.0
2026-06-02,294.5,300.25,294.25,300.0,42876580.0
2026-06-03,297.25,301.75,296.5,297.0,36533990.0
2026-06-04,299.0,301.5,296.5,299.75,45830613.0
2026-06-05,299.75,300.25,295.25,297.0,25354997.0
2026-06-08,293.5,299.5,292.5,297.25,39271281.0
2026-06-09,298.5,300.0,295.5,296.75,38673748.0
2026-06-10,296.0,298.25,293.25,295.5,31695171.0
2026-06-11,296.0,297.5,291.5,293.25,34070210.0
2026-06-12,301.0,311.0,301.0,307.75,87561133.0
2026-06-15,329.0,329.5,323.25,325.75,60566048.0
2026-06-16,325.0,329.0,322.75,326.5,54652603.0
2026-06-17,327.5,328.25,321.0,321.75,31948866.0
2026-06-18,324.0,330.0,323.75,328.5,53784406.0
2026-06-19,324.0,333.25,323.75,326.75,69617178.0
2026-06-22,328.5,329.0,324.25,324.75,30581205.0
2026-06-23,323.5,327.25,321.5,325.0,36591935.0
2026-06-24,325.25,328.25,323.25,324.75,41954740.0
2026-06-25,327.5,333.25,327.5,328.5,53199419.0
2026-06-26,328.5,332.25,327.5,330.75,35151597.0
2026-06-29,330.75,331.0,325.25,329.0,42854930.0
2026-06-30,329.5,330.0,324.0,326.0,46869746.0
2026-07-01,325.75,331.5,323.0,328.5,59810652.0
2026-07-02,330.5,336.75,330.5,333.25,70137933.0
2026-07-03,335.25,335.75,330.75,334.0,44008702.0
2026-07-06,336.75,351.5,335.25,347.0,87354823.0
2026-07-07,346.0,355.5,345.25,348.25,60645389.0
2026-07-08,343.75,347.75,330.25,332.0,91028928.0
2026-07-09,333.75,340.0,331.0,338.25,53465542.0
2026-07-10,338.0,345.5,337.0,344.5,44983692.0
2026-07-13,338.0,340.0,331.0,333.5,45277739.0
2026-07-14,330.25,330.5,321.5,326.0,59736385.0
2026-07-16,326.0,333.0,324.25,330.0,43520013.0
2026-07-17,329.5,332.25,327.0,329.5,35525634.0
2026-07-20,328.75,330.0,323.75,328.0,46622936.0
2026-07-21,330.0,330.25,317.5,317.5,49836435.0
2026-07-22,317.25,321.0,314.5,321.0,35793985.0
2026-07-23,318.25,319.5,310.25,312.75,56257028.0
2026-07-24,312.25,315.5,311.25,312.0,23443828.0
2026-07-27,320.0,328.75,317.75,318.0,51161610.0
2026-07-28,319.5,325.25,316.25,319.0,56235332.0
2026-07-29,317.5,318.25,310.5,313.25,57023121.0
2026-07-30,311.0,315.5,305.25,308.25,41895470.0
2026-07-31,312.0,315.25,308.75,314.0,45799665.0
2026-08-03,320.5,322.25,316.5,317.0,46594813.0
2026-08-04,317.0,325.5,314.5,323.75,70677933.0
2026-08-05,318.5,318.5,311.5,314.0,70773407.0
2026-08-06,314.75,318.25,311.25,311.25,42947854.0
2026-08-07,312.0,312.25,303.25,306.25,64739369.0
2026-08-10,307.0,307.75,302.25,303.0,42097483.0
2026-08-11,302.5,303.5,295.25,301.0,44935821.0
2026-08-12,301.0,310.5,300.5,308.75,54763468.0
2026-08-13,308.75,310.5,306.75,308.0,32818860.0
2026-08-14,308.5,309.5,305.25,305.25,33136500.0
2026-08-17,306.0,307.25,300.75,301.0,31580567.0
2026-08-18,298.5,302.5,297.75,300.5,27211586.0
2026-08-19,299.5,303.0,298.5,301.25,41421265.0
2026-08-20,302.0,305.0,300.25,301.25,37086674.0
2026-08-21,302.0,304.75,300.25,301.0,42826204.0
2026-08-24,304.25,307.5,300.0,300.5,57788778.0
2026-08-25,301.25,304.25,299.5,302.5,63948449.0
2026-08-26,306.0,312.5,304.75,308.5,67622650.0
2026-08-27,309.5,311.0,303.25,307.25,55158533.0
2026-08-28,307.0,308.25,304.75,307.5,42053946.0
2026-08-31,305.5,306.5,302.0,302.25,36911929.0
2026-09-01,302.25,305.5,300.0,301.5,35640016.0
2026-09-02,299.5,301.0,291.25,291.5,68259101.0
2026-09-03,292.5,296.25,289.25,291.5,70099014.0
2026-09-04,293.25,299.0,292.25,296.0,44799808.0
2026-09-08,296.5,305.5,295.75,305.0,50542920.0
2026-09-09,302.5,306.75,300.75,301.0,58574809.0
2026-09-10,303.0,304.0,297.0,299.25,38386110.0
2026-09-11,299.25,302.75,298.25,300.25,36184804.0
2026-09-14,298.25,301.5,295.25,295.5,34394330.0
2026-09-15,295.75,296.5,285.25,285.25,38600165.0
2026-09-16,287.25,288.0,258.25,273.0,79653407.0
