Date,Open,High,Low,Close,Volume
2021-09-17,10.017310668395254,10.109381187125276,9.962067496662124,10.008103370666504,33155689.0
2021-09-20,9.906825931447687,9.943654511410623,9.787134122187142,9.897619247436523,31461997.0
2021-09-21,9.962066615995473,10.192244121751116,9.925238657614877,10.100172996520996,51988797.0
2021-09-22,10.173831927970966,10.219867191345116,10.044932821739689,10.20145320892334,35933737.0
2021-09-23,10.20145328488223,10.34876637463216,10.164624705125036,10.23828125,42483973.0
2021-09-24,10.20145320892334,10.30273103420224,10.08176078658324,10.20145320892334,37084075.0
2021-09-27,10.247488425685447,10.367180847481109,10.192245864031975,10.311938285827637,35753340.0
2021-09-28,10.339558580164804,10.477664364692252,10.321143983849627,10.394801139831543,57412418.0
2021-09-29,10.385593664852427,10.404008260854084,10.247487882676321,10.376387596130371,35160398.0
2021-09-30,10.376387289924706,10.606563586759082,10.367179992195585,10.551321029663086,55524329.0
2021-10-01,10.523700834116074,10.643392022085362,10.440837609423584,10.450043678283691,29073359.0
2021-10-04,10.477664679893078,10.726256820511221,10.477664679893078,10.680221557617188,44470720.0
2021-10-05,10.707840888774466,11.131366729736328,10.671012928906077,11.131366729736328,74224948.0
2021-10-06,11.112953666496917,11.186609588235703,10.891983442723143,10.956433296203613,59807755.0
2021-10-07,11.0300896103797,11.352337659968534,10.974847052470793,11.333924293518066,49909524.0
2021-10-08,11.343130207801945,11.389165462231082,11.232645105460573,11.324715614318848,32631053.0
2021-10-11,11.40758196627947,11.646965575259163,11.38916736971226,11.582515716552734,38724784.0
2021-10-12,11.527271232496027,11.757448734059643,11.527271232496027,11.692998886108398,37380819.0
2021-10-13,11.711414559909969,11.739035223420567,11.158988996910804,11.306302070617676,55172418.0
2021-10-14,11.361544653005655,11.600929473947867,11.352337355388075,11.508857727050781,45937101.0
2021-10-15,11.646965370265335,11.886350204310515,11.573308214571712,11.877142906188965,47242671.0
2021-10-18,11.89555582579035,11.950798383163331,11.62855033670073,11.923177719116211,55554135.0
2021-10-19,12.061283909250053,12.088904574239155,11.92317812574698,11.987627983093262,28147812.0
2021-10-20,11.969213844057538,12.236219352450975,11.923178581131612,12.144148826599121,40890556.0
2021-10-21,12.144148841787455,12.595295402448832,12.107319647977588,12.549260139465332,58753919.0
2021-10-22,12.540052310702194,12.917542926337669,12.429567192502601,12.816265106201172,57056041.0
2021-10-25,12.79785060247682,13.092477996229233,12.761022639237314,13.055648803710938,41353823.0
2021-10-26,13.046443586370764,13.120099517657124,12.77023077084974,12.871508598327637,46995718.0
2021-10-27,12.871506042136513,13.11089084447421,12.788642828575696,13.009613037109375,39760210.0
2021-10-28,12.972786425805534,13.000408321997071,12.871508598327637,12.871508598327637,9769452.0
2021-11-01,12.871507527775044,12.899128192390439,12.521638810067037,12.687366485595703,27324675.0
2021-11-02,12.788644921369103,12.981993270837187,12.770230324551639,12.917543411254883,34803937.0
2021-11-03,12.926748743636287,13.138511657714844,12.558465468250912,13.138511657714844,39013296.0
2021-11-04,13.166133548740033,13.47917427135367,13.138511657714844,13.138511657714844,38629101.0
2021-11-05,12.88992090212741,13.488381691051703,12.797849160484606,13.37789535522461,48402130.0
2021-11-08,13.442346337212811,13.626488606721482,13.3594831149651,13.58966064453125,30648562.0
2021-11-09,13.589661661355972,14.215743211829247,13.571247064243636,14.086843490600586,42963424.0
2021-11-10,14.307814263887568,14.53799057006836,13.994772274779878,14.53799057006836,51702175.0
2021-11-11,14.537991674136276,14.952311515284224,14.344642087126198,14.40909194946289,75125883.0
2021-11-12,14.409090409919067,14.501162158824998,14.206534775027764,14.326227188110352,32397484.0
2021-11-15,14.36305564197292,14.703718297249846,14.105257440621177,14.169707298278809,52365950.0
2021-11-16,14.270985119192753,14.298607013594076,13.773802083478024,14.169707298278809,54963699.0
2021-11-17,14.197329165774752,14.639269679393614,14.123673233024205,14.565613746643066,42682276.0
2021-11-18,14.565612991963732,14.841824569385441,14.307814782136171,14.528783798217773,49941171.0
2021-11-19,14.602441408436484,14.823411660636854,14.206536168364343,14.280193328857422,36462769.0
2021-11-22,14.36305737844392,14.620856840242,14.197329679836125,14.55640697479248,28566776.0
2021-11-23,14.537989492285103,15.550768852233887,14.36305452913359,15.550768852233887,68865489.0
2021-11-24,15.698084948504057,16.48068817016185,14.611649458368506,14.722134590148926,69587448.0
2021-11-25,14.823410066696823,15.035172997405136,14.344640418891522,14.455126762390137,41756085.0
2021-11-26,14.160501701783302,14.160501701783302,13.525212805556967,13.718561172485352,46335107.0
2021-11-29,13.976359234306619,14.37226322775221,13.829044919775464,14.307814598083496,38028949.0
2021-11-30,14.206536216698959,14.206536216698959,13.856667469043932,13.96715259552002,32546703.0
2021-12-01,14.224948473392555,14.537989203802194,14.151291324769657,14.473539352416992,38543946.0
2021-12-02,14.519575605126509,14.676095981066005,14.151292295311297,14.363055229187012,24245319.0
2021-12-03,14.639268936225903,14.639268936225903,14.27098560333252,14.27098560333252,23633603.0
2021-12-06,14.353847716622969,14.547197281147126,14.17891397684044,14.455126762390137,23267349.0
2021-12-07,14.584024723903962,15.053585827992398,14.565611358374941,15.035172462463379,34371484.0
2021-12-08,15.191693873121773,15.375834916722006,14.703718140735111,15.072001457214355,35634221.0
2021-12-09,15.09962478322896,15.302180442109213,14.878654526530905,15.173280715942383,37331154.0
2021-12-10,15.16407498566084,15.965091634411936,14.98913997613248,15.928263664245605,56573251.0
2021-12-13,16.591172810760597,17.484259908480034,16.388617151586132,17.36456871032715,58761731.0
2021-12-14,17.861748697038937,18.110340824906057,17.29090974544257,17.60395050048828,61315688.0
2021-12-15,17.80650796383328,18.16558524549839,17.392189347289264,17.824922561645508,45735508.0
2021-12-16,18.02747656433259,19.0218413985446,17.72364310401646,18.994220733642578,53232669.0
2021-12-17,19.16915450987524,20.329246948769182,17.10676658597634,17.180423736572266,61961221.0
2021-12-20,16.48068566773392,17.852542307491543,15.578391381384177,17.005489349365234,43601145.0
2021-12-21,17.033112851362617,17.171218643521396,15.311386108398438,15.311386108398438,31380958.0
2021-12-22,14.547198072492149,15.007551920598358,13.78300952911377,13.78300952911377,50067227.0
2021-12-23,13.829044855928894,14.08684306124998,12.521639232772388,13.156928062438965,81455164.0
2021-12-24,13.36869207712554,14.234158515930176,13.23979234949463,14.234158515930176,30555966.0
2021-12-27,14.289398255062734,15.081207374461455,14.013185485672793,14.068428039550781,39666291.0
2021-12-28,14.363055350109896,14.464334398244597,13.543624272036958,13.773801803588867,26860337.0
2021-12-29,13.773801593420265,14.49195484167927,13.552831363186725,14.3814697265625,29305843.0
2021-12-30,14.547198505353368,14.7589614538824,14.022393554005092,14.050015449523926,22036889.0
2021-12-31,14.105256995643803,14.547197457892812,13.939529322300425,14.215742111206055,22625211.0
2022-01-03,14.215743381957964,15.311386108398438,14.08684365918668,15.311386108398438,39196843.0
2022-01-04,15.38504022977802,16.011122893366373,15.154862725696482,15.606010437011719,50476923.0
2022-01-05,15.615218526679447,16.489892103175553,15.467905457470437,16.471477508544922,43477014.0
2022-01-06,16.24130363226456,17.410602291423906,16.112403909278786,17.20804786682129,47209372.0
2022-01-07,17.309324464483165,17.465846083513977,16.775313433734432,17.20804786682129,33196226.0
2022-01-10,17.217254111746918,17.640780021190906,17.079148317950395,17.22646141052246,38465021.0
2022-01-11,17.465842575670113,17.539498491772747,16.618789706260916,17.244871139526367,36883476.0
2022-01-12,17.585535102003792,17.677606848146134,17.21725180527056,17.41980743408203,26342064.0
2022-01-13,17.28170407381385,17.90778564282408,17.18042624525507,17.410602569580078,33214853.0
2022-01-14,17.410600027286968,17.567120396684444,17.00548877220613,17.180423736572266,22866207.0
2022-01-17,17.392189201201404,17.760472549400298,17.37377460354385,17.410602569580078,26540045.0
2022-01-18,17.32773905112337,17.438224176677412,16.46227264404297,16.46227264404297,20200131.0
2022-01-19,16.351784402671292,17.263285900166952,15.91905251086662,17.198837280273438,39627469.0
2022-01-20,17.217252964994184,17.364567277033274,16.36099390436168,16.60958480834961,36454110.0
2022-01-21,16.462270541445296,16.701655359330587,16.084779948896053,16.499099731445312,35833490.0
2022-01-24,16.37940577542314,16.37940577542314,15.16406966434589,15.320590019226074,43074283.0
2022-01-25,15.339008181320576,15.596807629836652,14.92468957078654,15.467907905578613,29617112.0
2022-01-26,15.467907172785958,15.73491267814632,15.33900745463455,15.375835418701172,25030775.0
2022-01-27,15.007551733442396,15.900639982377982,14.961516472133752,15.854604721069336,24122574.0
2022-01-28,15.882225951856391,16.11240349587716,15.394250197757353,15.532357215881348,24738707.0
2022-01-31,15.80856653689442,15.983501494549344,15.679668064894994,15.762531280517578,21531818.0
2022-02-01,15.836189261983566,15.974295038384668,15.449491367070275,15.578391075134277,16394686.0
2022-02-02,15.652045691972305,15.95587911227933,15.587597072594656,15.606010437011719,21726026.0
2022-02-03,15.559977497099313,15.928260820856618,15.283764696961631,15.412664413452148,17232614.0
2022-02-04,15.559976153007762,15.762531779185434,15.237728118896484,15.237728118896484,22481557.0
2022-02-07,15.256143472811216,15.790154457092285,14.915480826905487,15.790154457092285,34094466.0
2022-02-08,15.882223881024268,17.033110221788906,15.799359435098534,16.91341781616211,55433063.0
2022-02-09,16.987074697234377,17.557914865949897,16.81214095679199,17.17121696472168,50861356.0
2022-02-10,17.171219242050814,17.585537862247733,17.023906146090848,17.493467330932617,38162376.0
2022-02-11,17.35535807472681,18.202409744262695,17.336943480422583,18.202409744262695,57151955.0
2022-02-14,17.953818078697726,18.27606611125485,17.521086165440927,17.843334197998047,54419456.0
2022-02-15,17.880163697775586,18.22082512514211,17.870956399604825,17.926198959350586,32936358.0
2022-02-16,18.027475178781035,18.303687952966047,17.76046970194864,18.009061813354492,38483459.0
2022-02-17,18.193203163335205,18.257653016658583,17.548707088658848,17.585535049438477,52067806.0
2022-02-18,17.686813533025692,17.880161857597564,17.46584331678431,17.70522689819336,26466034.0
2022-02-21,17.898574763624474,18.110338906489105,17.272493319853474,17.438220977783203,29107085.0
2022-02-22,17.17121704117014,17.42901523337712,16.839761695784556,16.950246810913086,37240770.0
2022-02-23,17.069940284342035,17.189632704713784,16.83976274197772,16.931833267211914,22323931.0
2022-02-24,15.71649638729165,15.928259309085385,15.246935286263632,15.36662769317627,28349594.0
2022-02-25,15.74411984327586,16.720071331654076,15.652048089970068,16.56355094909668,32173365.0
2022-02-28,16.379406815629242,17.861747247454026,16.1400220051519,17.760469436645508,62375138.0
2022-03-01,17.8433347420275,18.00906241204796,17.447429547654398,17.778884887695312,32128159.0
2022-03-02,17.870954560374397,18.46020806059186,17.61315638451901,17.70522689819336,44393580.0
2022-03-03,18.009062826409643,18.3405169447981,17.50267250703828,18.101133346557617,47374075.0
2022-03-04,18.06430558047431,18.30369042688267,17.926199789354847,17.99985694885254,32924878.0
2022-03-07,18.23003140946318,18.68117916050977,17.778884887695312,17.778884887695312,39784710.0
2022-03-08,17.86174751427003,18.11033962567588,17.81571225678564,18.009061813354492,35998837.0
2022-03-09,18.26686104012229,18.469416676378128,18.02747621234448,18.04589080810547,39361392.0
2022-03-10,18.00906402925154,19.02184227708115,17.834129045863317,18.957393646240234,80408132.0
2022-03-11,18.874529411631155,18.975808466886768,18.4141755454387,18.86532211303711,41299510.0
2022-03-14,18.892942506349122,18.93897776637951,18.671972274780273,18.671972274780273,16804333.0
2022-03-15,18.414175263441972,18.57069564930717,17.86174964904785,17.86174964904785,34687751.0
2022-03-16,18.045889873843493,18.13796038932429,17.59474213528593,17.6776065826416,29657530.0
2022-03-17,17.751263857724446,18.460209831287575,17.751263857724446,18.257654190063477,48389789.0
2022-03-18,18.43258871413491,18.487831272139115,18.04589080810547,18.04589080810547,21924049.0
2022-03-21,18.368141163821328,18.828495052120875,18.349726565748938,18.773252487182617,31743649.0
2022-03-22,18.80087204620009,19.17836142550792,18.708800296567166,19.021841049194336,37696736.0
2022-03-23,19.095496651437294,19.2888462036049,18.846905774968835,18.938976287841797,29295609.0
2022-03-24,18.985014335701646,19.362504969118753,18.902151107788086,18.902151107788086,35222453.0
2022-03-25,18.966600068740558,19.224398268034133,18.911357509657737,18.994220733642578,16945173.0
2022-03-28,18.99422163419845,19.279641741205193,18.718008825688514,18.902151107788086,20703165.0
2022-03-29,18.975806841355965,19.36250351494921,18.7548366111434,19.003427505493164,48404622.0
2022-03-30,19.12311991840476,19.178361246679156,18.96659954355065,19.003427505493164,19013827.0
2022-03-31,18.975806773158762,19.8228572704648,18.966599475386538,19.739994049072266,44738057.0
2022-04-01,19.739992850393946,21.17629925439635,19.47298737760661,20.936914443969727,68435262.0
2022-04-04,21.36044177774206,22.3271859258202,21.2131274705707,22.271942138671875,59785082.0
2022-04-05,22.373222786326856,22.769126766562,21.940489614048424,22.18907928466797,50932126.0
2022-04-06,22.124629778535486,22.8243671896671,22.07859329030958,22.16145896911621,45756739.0
2022-04-07,22.28115095699413,22.364016643371365,21.894454254797722,21.949695587158203,35312249.0
2022-04-08,22.115422891013903,22.575777947580296,22.097008295382047,22.483707427978516,33703439.0
2022-04-11,22.483704943441378,22.723087284530326,22.15224963436758,22.713882446289062,37257171.0
2022-04-12,22.741504796652627,23.422830095834907,22.60339778550864,23.321552276611328,49735322.0
2022-04-13,23.66221467272461,24.30671077308242,23.56093439602844,23.58855628967285,51252012.0
2022-04-14,23.846354387194648,24.06732460694722,23.422828542428448,23.864768981933594,31662113.0
2022-04-15,23.892390152457473,24.205430910105402,23.846356120820825,23.910804748535156,18955797.0
2022-04-18,23.94763314917275,24.140981484482744,23.100581426056596,23.15582275390625,49613830.0
2022-04-19,23.22948303819238,23.735872162275097,23.22027573970382,23.55173110961914,60254236.0
2022-04-20,23.616178395685886,23.84635592767748,23.293930342609162,23.432037353515625,42477603.0
2022-04-21,23.432036584240386,23.827940549476153,23.432036584240386,23.708248138427734,29695939.0
2022-04-22,23.809523588355546,24.085737573654768,23.072957058486296,23.385997772216797,48279427.0
2022-04-25,23.201861542979852,24.05812064872627,22.944062097968104,23.8831844329834,38458084.0
2022-04-26,23.846353694370816,23.846353694370816,22.32718409234866,22.557361602783203,51894465.0
2022-04-27,22.557363338889274,22.759918973607423,22.152252069452974,22.603397369384766,36291829.0
2022-04-28,22.65864048300436,22.934852033442866,21.912866592407227,21.912866592407227,29196027.0
2022-04-29,22.032562132215812,22.143047259800415,21.45251459775719,21.562999725341797,42377762.0
2022-05-05,22.410049529310022,23.017718905494046,22.327186305735058,22.584985733032227,40530483.0
2022-05-06,22.40084275979248,23.49648666381836,22.327186832494494,23.49648666381836,55191990.0
2022-05-09,23.192652650658705,23.33075966232201,22.382430093823398,22.584985733032227,59955476.0
2022-05-10,22.69546831836114,23.14661357795747,22.69546831836114,23.04533576965332,9994964.0
2022-05-11,22.69547234992679,23.2018614814012,22.428465606976285,23.183446884155273,54670539.0
2022-05-12,22.925644840416112,23.4596582657683,22.557362771485895,23.229480743408203,56208313.0
2022-05-13,23.39520795127701,23.745077895100323,23.257100941612475,23.58855628967285,34650042.0
2022-05-16,23.662215858651837,24.12256848301019,23.625386665280114,23.634593963623047,32115587.0
2022-05-17,23.80031882798487,23.993669621722415,23.51489997407893,23.662214279174805,25712911.0
2022-05-18,23.662214470021574,23.827940913353306,23.10978889465332,23.10978889465332,21854903.0
2022-05-20,22.99009781555989,23.284723986663355,22.833576202392578,22.833576202392578,16903026.0
2022-05-23,23.01771845195347,23.045337886895883,22.2811493766342,22.888818740844727,23332358.0
2022-05-24,22.89802548593366,23.09137381865072,22.465292332444314,22.502119064331055,16719290.0
2022-05-25,22.566570847671105,23.045338045510604,22.566570847671105,22.962474822998047,17288446.0
2022-05-26,22.962474309042637,23.754284700531418,22.778333272345694,23.48727798461914,26990397.0
2022-05-27,23.43203627229634,23.58855541335157,23.03613231233113,23.05454444885254,20264888.0
2022-05-30,23.349173651154334,24.021289178847912,23.349173651154334,23.846355438232422,28965237.0
2022-05-31,24.674995446624507,25.779846722908523,24.638168709786886,24.960416793823242,81185468.0
2022-06-01,25.227418119494548,25.549666165653342,24.905170073335754,24.988033294677734,30068003.0
2022-06-02,25.043276725074413,25.107725349966497,24.70261408822782,24.95120620727539,24242435.0
2022-06-03,25.043278181615207,25.45759676508669,25.015656287101752,25.255041122436523,27913396.0
2022-06-06,25.411560023672333,26.194163150600644,25.411560023672333,25.917951583862305,25767525.0
2022-06-07,26.010021966997815,26.378304054012567,25.650944719456632,26.369096755981445,21617638.0
2022-06-08,26.52561813371615,27.124077749199394,24.859134082910714,24.969621658325195,29989519.0
2022-06-09,25.015656313975267,25.660152435302734,24.905171194360342,25.660152435302734,26439063.0
2022-06-10,25.411561192133004,25.73380926409062,24.721031014256788,24.767065048217773,18078522.0
2022-06-13,24.7118244676651,25.21821360799003,24.628961237167886,25.006450653076172,17705646.0
2022-06-14,25.162968468715178,25.19979519972405,24.306709479758847,24.89596176147461,18133563.0
2022-06-15,24.895962531176817,25.006447644734035,24.546092595152714,24.6197509765625,13421989.0
2022-06-16,24.656579756605655,24.886757300514116,24.002878777201737,24.288297653198242,16000614.0
2022-06-17,24.29750768228798,25.034074430438707,24.242263885433758,24.71182632446289,20792576.0
2022-06-20,24.803893125762528,24.93279284045509,23.671422504912492,23.975255966186523,33727505.0
2022-06-21,24.177811038913546,24.76706335143696,23.99366999856967,24.610544204711914,22493016.0
2022-06-22,24.389574363995518,24.62895919541592,24.0673263089473,24.53688621520996,19156396.0
2022-06-23,24.54609489440918,25.080105916864152,24.39878303490568,24.54609489440918,24467625.0
2022-06-24,24.638164383236393,24.88675403282873,24.352743086158668,24.573713302612305,17393915.0
2022-06-27,23.90159802293941,25.16297084033738,23.800320200644112,25.10772705078125,23401896.0
2022-06-28,25.310282174334073,25.678566721453947,24.297503972230153,24.601337432861328,28773374.0
2022-06-29,24.463231121060826,24.997242131617664,23.975256602171665,24.150190353393555,24569797.0
2022-06-30,24.159394823548745,24.555298771314376,23.69903979499323,24.35274314880371,30546852.0
2022-07-01,24.352746621885828,25.227420317460503,24.251468796186696,24.721031188964844,27957937.0
2022-07-04,24.859132205080375,25.29186780042614,24.343535851548015,24.35274314880371,26267381.0
2022-07-05,24.417196818552423,24.546094076684497,23.31234561629459,23.49648666381836,18210318.0
2022-07-06,23.49648487529997,23.551728660486585,22.336392430512607,22.53894805908203,35039137.0
2022-07-07,22.649434228276508,22.74150474932839,21.940489495186746,22.52053451538086,36190679.0
2022-07-08,22.437670450059358,22.677055270943114,22.30877074200215,22.382429122924805,6827471.0
2022-07-13,22.087800472446528,22.087800472446528,21.26837065477022,21.47092628479004,23382618.0
2022-07-14,21.480134441369184,21.66427548355867,20.96453804810411,20.973745346069336,18472391.0
2022-07-18,21.544582591460564,22.41925621032715,21.470926667927397,22.41925621032715,25911025.0
2022-07-19,22.281149685511448,23.0545455043278,22.152252431173334,22.52053451538086,27700183.0
2022-07-20,22.52974182147779,23.432037353515625,22.33639348134326,23.432037353515625,24611972.0
2022-07-21,23.478070875416442,23.570141394504077,22.861196676539045,22.934852600097656,22405544.0
2022-07-22,23.201860225427858,23.41362316517734,22.713885717614623,22.842782974243164,18294633.0
2022-07-25,22.78754096474434,23.321551947261163,22.75991907119412,23.293930053710938,12746027.0
2022-07-26,23.579348757456188,24.37115915749087,23.57014145966622,23.735870361328125,21295512.0
2022-07-27,23.88318432895628,23.98446461363653,23.505694920287986,23.69904327392578,18598195.0
2022-07-28,23.938424798157097,24.242258234355326,23.662213253947083,23.68983268737793,24773413.0
2022-07-29,23.708252808632636,24.71182632446289,23.570145775055018,24.71182632446289,33813339.0
2022-08-01,24.73944340028538,25.319488402835518,24.582921798268032,25.135347366333008,29951957.0
2022-08-02,25.181378481817625,25.393143845411576,24.721025943840175,24.932788848876953,27348475.0
2022-08-03,25.135347366333008,25.301073807473774,24.9972403596774,25.135347366333008,18688362.0
2022-08-04,25.319487607256992,25.494421340581933,24.895961761474606,24.89596176147461,24988166.0
2022-08-05,24.997242593695738,25.0709009817256,24.463231573267624,24.767065048217773,23502031.0
2022-08-08,24.960417239637497,25.310284767911558,24.923588043584306,25.181385040283203,26537203.0
2022-08-09,25.245833645709055,26.240199714142314,25.172175260860804,26.21257781982422,46803043.0
2022-08-10,26.240201824347174,26.442757481854002,26.04685100712905,26.175750732421875,23602719.0
2022-08-11,26.433549168517754,27.464742014168817,26.424341870024648,26.88469696044922,41745221.0
2022-08-12,27.124079652169875,27.25297937397258,26.811038875539136,27.03200912475586,25365039.0
2022-08-15,27.252978198124932,27.345048721566506,26.065263774469194,26.470375061035156,27123292.0
2022-08-16,27.62126593878909,27.80540700692776,26.562451109154928,27.612058639526367,111099205.0
2022-08-17,27.74095453328792,28.238136331911168,27.400291883364144,28.12765121459961,53171174.0
2022-08-18,28.164478554280304,30.42021478354783,28.053993444234948,30.29131507873535,68942468.0
2022-08-19,30.300524696007564,31.331717496343487,30.01510337237931,30.09796905517578,62908321.0
2022-08-22,29.49029842908505,30.51228634674319,29.195672278364558,29.757305145263672,45834859.0
2022-08-23,29.757304307318986,31.432993104572873,29.729682414997466,31.386959075927734,45030370.0
2022-08-24,31.5342723056978,32.18797570139917,31.1015391411788,31.396167755126953,41891766.0
2022-08-25,31.626342946261655,32.390531460469816,31.451409203640488,32.09590530395508,33600728.0
2022-08-26,32.21559647086824,32.565466401125555,31.331715576979207,31.644756317138672,35029974.0
2022-08-29,31.48823966870966,33.48617667706869,31.35013265346863,33.24679183959961,43688841.0
2022-08-31,33.4217287989447,33.513799324988625,32.593089147434014,33.0810661315918,38737804.0
2022-09-01,32.8140582109753,32.8140582109753,31.202817916870117,31.202817916870117,45936590.0
2022-09-02,31.414581801063125,31.911763583244007,30.99105348324409,31.00946807861328,34763365.0
2022-09-05,31.119953326328474,31.561893782863017,30.806912579376085,31.07391929626465,50828694.0
2022-09-06,31.304093201239393,31.976211158806755,30.843740624908726,30.917396545410156,54133198.0
2022-09-07,30.90819224934028,31.37775462720711,30.226869386788696,31.184406280517578,42174503.0
2022-09-08,31.423787212503466,31.920971462296894,30.77008627489369,30.8897762298584,40879244.0
2022-09-09,31.16599075388592,31.51586070227586,30.797706209492688,30.87136459350586,30932692.0
2022-09-12,31.037092208862305,31.479032695348735,30.724051440694023,31.037092208862305,49331667.0
2022-09-13,31.50665165950993,31.90255561742633,30.254486244760958,30.328142166137695,58902452.0
2022-09-14,30.337352155997696,31.396169334501874,29.214088806446508,31.368547439575195,35303170.0
2022-09-16,30.935809982688866,31.580306023994883,30.641183853149414,30.641183853149414,29757658.0
2022-09-19,30.751671919480142,30.954227556698182,28.680076599121094,28.680076599121094,23848608.0
2022-09-20,28.772146409482126,29.536334908424436,27.823816873716293,28.2197208404541,40426358.0
2022-09-21,28.44989557840199,29.36139583407648,28.03557705686293,28.201303482055664,32872175.0
2022-09-22,28.201304561068916,29.656025549069515,28.06320002097668,29.31536293029785,37450805.0
2022-09-23,29.324575551001026,29.435060678266574,28.219724278345552,28.302587509155273,25362323.0
2022-09-26,28.28416908982267,28.376239599007544,26.939933263474728,27.685707092285156,34408024.0
2022-09-27,27.869853000120415,28.081613468726083,27.08724991595171,27.160905838012695,31500266.0
2022-09-28,27.022801452618456,27.81461191112601,26.958352821886837,27.114871978759766,35968149.0
2022-09-29,27.262190574941485,27.95272331722759,26.359897310281653,27.20694923400879,43228346.0
2022-09-30,27.308222952057726,27.538400498072075,26.461168697644162,26.663726806640625,35662172.0
2022-10-04,30.10717558087412,31.414582373208685,29.996690465204193,30.8897762298584,44222388.0
2022-10-05,30.889779690342845,31.709212081092193,30.29132001424573,31.25806427001953,57365693.0
2022-10-06,31.856520711369022,32.54705330618617,31.801279382233567,31.948591232299805,38147249.0
2022-10-07,31.94859193154078,32.24322055523668,31.663173064552804,31.89335060119629,23415455.0
2022-10-10,32.13273268470115,32.408944229888824,31.727621435002956,31.764448165893555,21046151.0
2022-10-11,31.76444786666037,32.07748859834705,31.35933662077847,31.626340866088867,22671551.0
2022-10-12,31.635550442259774,31.7276234216449,30.84374248800788,31.027883529663086,26265155.0
2022-10-13,31.02788142718195,31.17519572565846,30.236071068026416,30.438629150390625,30895221.0
2022-10-14,30.945018640995777,31.24885208093869,30.613563308724217,30.76087760925293,35933828.0
2022-10-17,31.62634372987439,33.65190505981445,31.58951699599603,33.65190505981445,72402547.0
2022-10-18,33.88208217347125,34.416095661660805,32.556263127332926,33.035030364990234,67328023.0
2022-10-19,33.09947759780825,33.81762959987084,32.74960766508753,33.145511627197266,70518525.0
2022-10-20,33.329655909126686,34.25036356282609,33.090271083255296,33.90049362182617,78989778.0
2022-10-21,34.06622689015628,35.327597348721625,34.038604993194404,34.986934661865234,61823573.0
2022-10-24,35.493316044945736,35.74190814607759,34.756749497079525,35.097412109375,48782433.0
2022-10-25,35.00534491357502,35.392041588797795,34.48054122924805,34.48054122924805,39142355.0
2022-10-26,34.692307592870904,35.005348374851266,33.6979414544027,33.87287521362305,51652629.0
2022-10-27,34.1122574477458,34.701512230050895,33.63349024202061,34.32402038574219,51873514.0
2022-10-28,34.25036220934457,34.32401813033375,33.3112399971424,33.661109924316406,24222093.0
2022-10-31,34.066222187948924,35.04217361886972,33.79921547128836,34.894859313964844,43560636.0
2022-11-01,35.180276809628566,36.06415768782724,35.12503548401983,35.90763854980469,44915388.0
2022-11-02,36.13781866668963,36.782314820832454,35.9997141040574,36.36799621582031,48362440.0
2022-11-03,38.20940903312284,38.467208443677336,36.97566068196569,37.51887893676758,91809046.0
2022-11-04,37.693814792182174,39.90351466687318,37.57412237758475,39.424747467041016,70644385.0
2022-11-07,39.83906843578643,41.634449845606014,39.148538259036286,41.24775314331055,86237179.0
2022-11-08,41.477924578273836,42.26052767101333,40.49276831228769,40.6953239440918,73832654.0
2022-11-09,40.704528379099216,41.0543982905904,39.572057888464784,39.645713806152344,42433461.0
2022-11-10,39.65492551895707,40.39149215352495,39.30505556850612,39.93113708496094,48013455.0
2022-11-11,40.55721765061519,40.768980583820984,39.22219142505775,39.61809539794922,57763713.0
2022-11-14,39.59047663806126,39.99558794085779,39.25902126525746,39.55364990234375,35798518.0
2022-11-15,40.511183386936786,40.815016838237646,39.78382407166064,40.281005859375,57321404.0
2022-11-16,40.3086273250848,40.60325347547277,39.378709926916486,39.44316101074219,51238026.0
2022-11-17,39.654926923208514,39.71937555332439,37.96082335785542,39.02884292602539,42165305.0
2022-11-18,38.7894597811227,40.14290065540706,38.77104518472089,39.18536376953125,39882150.0
2022-11-21,39.24981460311391,40.26259281308805,39.24981460311391,39.84827423095703,40565742.0
2022-11-22,40.9715359963707,43.47586690697564,40.90708737039845,43.365379333496094,68750563.0
2022-11-23,43.49428424765888,44.451818692673996,42.85899295284309,43.37459182739258,56778799.0
2022-11-24,43.577149033375456,44.09274300925458,42.398639385294445,43.06155014038086,46174429.0
2022-11-25,43.061544793421334,43.84414787587998,42.886608598392264,43.61396789550781,38850049.0
2022-11-28,43.65080308999994,44.49785491331528,43.34696960449219,43.34696960449219,47311222.0
2022-11-29,43.687626693502175,44.44261034906232,42.96947222852275,44.32291793823242,45203389.0
2022-11-30,44.65437190451204,44.88455189267843,44.14798281450702,44.3137092590332,52146423.0
2022-12-01,44.70040338240626,45.34489944508017,44.35053591759732,44.65436935424805,53905222.0
2022-12-02,44.7464459459534,45.00424045817688,43.97304765793754,44.29529571533203,39873645.0
2022-12-05,44.562304458731575,45.02265460719576,43.52190191218011,43.567935943603516,47608610.0
2022-12-06,44.09273761730215,44.90296013540102,44.09273761730215,44.41498565673828,49890218.0
2022-12-07,44.45181476985476,44.470229364971836,42.23290768795267,42.35260009765625,46394866.0
2022-12-08,42.37101397821684,42.66563766089179,39.341881972149366,40.133689880371094,84301560.0
2022-12-09,40.308622551874876,40.55721218437878,39.68253867592264,40.271793365478516,65169027.0
2022-12-12,40.32703902444784,42.26973702035755,40.188934477720096,41.91065979003906,56089740.0
2022-12-13,42.5827789188262,43.641596104480755,42.54594972534191,43.37459182739258,42733600.0
2022-12-14,43.77970277105791,43.98225841648488,41.597619787175255,41.625244140625,49779835.0
2022-12-15,42.36180606517721,43.052341107676426,40.971536058047434,42.113216400146484,41806520.0
2022-12-16,42.12242312152611,42.472295536589534,41.68048264142562,41.708106994628906,8222074.0
2022-12-19,41.85541495028362,43.3009286741813,41.85541495028362,43.181236267089844,45712030.0
2022-12-20,43.31934627337904,43.8441499663741,42.83137177236875,43.567935943603516,48623715.0
2022-12-21,44.47023064935995,44.72803007132996,43.77970052242758,43.95463180541992,41922314.0
2022-12-22,44.10194756208074,44.60833663805861,43.54951953947587,43.74287033081055,30496305.0
2022-12-23,43.76128848642101,45.47380664501839,43.29172364558048,45.20680236816406,46572519.0
2022-12-26,46.73517358527716,47.50857188030208,46.52341310301516,46.84566116333008,50482943.0
2022-12-27,46.035439740979776,47.38888064463775,46.02622998402139,46.615482330322266,38107769.0
2022-12-28,46.77199590323223,47.28759469079747,45.74080324521621,46.68913269042969,46127424.0
2022-12-29,46.68913966318029,47.09425094943351,46.22878458777023,46.63389587402344,34208706.0
2022-12-30,47.14028843640684,49.88399929024159,47.14028843640684,48.788352966308594,72910957.0
2023-01-02,49.165843571715214,49.67223265112019,48.696283683015125,49.239501953125,46616787.0
2023-01-03,49.71827119457399,50.40880130478457,48.29117202758789,48.29117202758789,60276335.0
2023-01-04,48.33720642332189,48.58579608477386,46.83644886415151,47.18632125854492,46869592.0
2023-01-05,47.38887764474981,47.5453992490962,45.390940730863235,45.99860763549805,44271297.0
2023-01-06,44.92137597635456,47.32442908024374,44.21243125335689,46.799625396728516,59133396.0
2023-01-09,47.23235461193964,47.44411999678879,45.584285230745465,46.10908889770508,47545106.0
2023-01-10,45.85130166382716,45.860506504267235,43.55873584306846,43.76129150390625,40769736.0
2023-01-11,43.96384344406949,45.40935730315118,43.439039738393554,43.549522399902344,65981097.0
2023-01-12,45.1055214596667,47.54539881215911,43.282515845400496,47.33363342285156,71934191.0
2023-01-13,47.315218608117846,48.143855731811534,46.58785930046321,46.97455596923828,48584984.0
2023-01-16,47.17711203839239,49.76430616659672,46.54182570175803,49.74589157104492,60445973.0
2023-01-17,49.810340983253624,52.78423183076317,49.497302688161334,52.44356918334961,78754634.0
2023-01-18,52.572464230384135,54.61644002906886,52.4803961721513,53.953529357910156,62191143.0
2023-01-19,53.91670197980872,54.66247589528695,53.26300104277256,53.778594970703125,45620820.0
2023-01-20,54.04559716573502,55.38062825795906,53.87987072799191,54.846614837646484,42360416.0
2023-01-23,55.334592014248265,57.82050837025583,55.334592014248265,56.11719512939453,63335881.0
2023-01-24,56.30133267674846,57.691602618417534,55.79494361416896,57.277286529541016,68266625.0
2023-01-25,58.00464570514601,58.36372292625468,55.29776420575176,57.728431701660156,75848633.0
2023-01-26,57.83892242670507,57.866541861715206,56.43944265530126,56.641998291015625,39347098.0
2023-01-27,56.3473693267765,58.63993464888522,55.23330851736952,58.437374114990234,90851495.0
2023-01-30,58.44659626415655,58.87932702190649,55.62002186829258,55.638431549072266,52877587.0
2023-01-31,55.54635548431257,56.30133422092477,54.229743885495175,54.450714111328125,62122389.0
2023-02-01,54.60722771225321,55.37141616190148,51.80827331542969,51.80827331542969,51911083.0
2023-02-02,51.83590818035401,53.34587079174464,47.333639784536516,50.79550552368164,98560889.0
2023-02-03,50.9151858529471,55.1964829732331,50.66659621548225,55.15044403076172,49809802.0
2023-02-06,53.4010977538126,54.966303809805055,51.46760965539175,53.29981994628906,14828387.0
2023-02-07,53.08806546613952,53.08806546613952,47.97813065475941,48.12544250488281,43691403.0
2023-02-08,44.884552001953125,44.884552001953125,44.884552001953125,44.884552001953125,252.0
2023-02-16,58.21640848436927,58.21640848436927,56.39340778992153,58.04147720336914,76330240.0
2023-02-17,57.08394153110453,58.56628459677243,56.34737733525893,57.45222854614258,45569874.0
2023-02-20,57.46142915216063,57.95861338970481,56.05274457671454,56.7432746887207,40041771.0
2023-02-22,55.5647652769318,55.73970145808781,53.953525210563086,54.04559326171875,33442955.0
2023-02-23,54.13767213341953,55.00313846107544,53.57603925851479,53.99956512451172,27232919.0
2023-02-24,54.04559365352116,55.5463510859599,53.86145263276045,55.2056884765625,45434221.0
2023-02-27,55.20568637778995,55.500314950074795,53.41951018522202,55.242515563964844,39993289.0
2023-02-28,55.49111592549351,56.44865528274642,54.248157695864144,54.607234954833984,40042604.0
2023-03-01,54.78217674867363,55.629228612380956,54.78217674867363,55.224117279052734,30954581.0
2023-03-02,55.33459393338906,56.44865489596175,55.260940464415604,55.481910705566406,27837537.0
2023-03-03,55.481907353816204,56.770899529806606,54.202120016973204,56.209266662597656,51836533.0
2023-03-06,56.62358346521976,58.41896966145856,56.08036518671763,57.304908752441406,52609060.0
2023-03-07,57.63636782782044,59.56985615830213,57.61795323177742,59.46857833862305,50956640.0
2023-03-08,59.38571311383124,59.744785431782596,58.879319115384966,59.29364013671875,31414978.0
2023-03-09,59.40412785550616,59.81844891215499,58.787256066175125,58.833290100097656,28925204.0
2023-03-10,59.647233285554634,60.370768717772506,57.68476470832423,57.90281677246094,33436466.0
2023-03-13,57.912719034931264,58.210064648732214,56.366531371099235,56.89183807373047,25078431.0
2023-03-14,56.93149185189985,57.09998807329626,55.02848815917969,55.02848815917969,25728395.0
2023-03-15,55.10778196023438,58.39838634962015,55.10778196023438,56.188133239746094,56478065.0
2023-03-16,56.62424112856208,57.238750575305055,55.603359970280806,57.01078414916992,34472452.0
2023-03-17,57.40724835192353,57.58565364212309,55.03840255737304,55.03840255737305,29157786.0
2023-03-20,54.99875891779128,55.00866796984088,52.7290302022449,52.857879638671875,30969911.0
2023-03-21,52.87769937255124,53.7102608323225,52.084779411528935,52.63982391357422,29028265.0
2023-03-22,52.82814080234225,54.562648165083836,52.53079517064472,54.36441421508789,25999036.0
2023-03-23,54.186012268066406,54.65185413910887,53.55167946916501,54.186012268066406,18509127.0
2023-03-24,54.18600469051421,54.513082742331335,52.689372892213065,52.90742492675781,20348790.0
2023-03-27,53.20478087903469,53.37327710938598,51.92620086669922,51.92620086669922,16438562.0
2023-03-28,52.03522836592329,52.45150913419124,50.786380767822266,50.786380767822266,28563766.0
2023-03-29,50.79629406798245,53.48230354853987,50.270987268995945,53.175048828125,34133624.0
2023-03-30,53.224600010559826,54.53291236733119,52.62990872599351,53.422828674316406,28261464.0
2023-03-31,53.4030058300691,54.14636465015659,52.31274552150121,52.540706634521484,32859988.0
2023-04-03,53.769726729792204,56.425998065329125,52.877695153132905,55.940338134765625,50744176.0
2023-04-04,55.15733314965757,58.38351784537227,55.08795391504682,56.92653274536133,35895268.0
2023-04-05,57.03060458521745,58.175380595935025,54.983887848856355,55.12264633178711,26692146.0
2023-04-06,55.12264971525486,55.74707351336446,53.561592866629425,53.839115142822266,24185354.0
2023-04-07,53.8738019390169,54.46353340770212,53.07592746100907,53.2493782043457,18275008.0
2023-04-10,53.422829161403705,54.7757428475232,53.422829161403705,54.67167663574219,16039443.0
2023-04-11,54.94919800451763,55.50424254730955,53.804427236617016,54.32477951049805,18006892.0
2023-04-12,54.324776041552056,54.879815255604505,54.186012268066406,54.186012268066406,16920172.0
2023-04-13,54.25539071599899,54.91450672051472,53.908489227294915,53.90848922729492,17674460.0
2023-04-14,53.97787372168957,54.567605193412184,53.075927734375,53.075927734375,13492347.0
2023-04-17,53.214690944629794,53.31876245908181,51.58425486253851,51.723018646240234,16172324.0
2023-04-18,51.7923980628677,52.6249595946453,50.78638047756454,50.95983123779297,16762848.0
2023-04-19,51.02921482403263,52.590271636950455,50.99452255531564,52.27805709838867,18707484.0
2023-04-20,52.24336655222057,52.24336655222057,51.16796981505997,51.27204132080078,5580274.0
2023-04-24,51.58424832149781,52.06991356292436,50.474164659131525,51.02920913696289,14288174.0
2023-04-25,51.063899189550284,51.37611371215462,49.60691396395365,49.95381546020508,14432177.0
2023-04-26,49.572222014389695,50.61292650980695,47.69895603995736,48.14992904663086,21731908.0
2023-04-27,48.149935627649946,48.704974925089196,47.664270287430895,48.04586410522461,17667393.0
2023-04-28,48.5315184456822,49.22532145587521,45.44409716764207,45.999141693115234,24593721.0
2023-05-02,46.068518276749685,47.005151227795515,44.95843458316586,45.340023040771484,24235106.0
2023-05-04,47.664261627249935,48.73965834142564,45.7909957371401,46.31134796142578,32156506.0
2023-05-05,46.415422803702896,46.65825280051085,44.368703378291315,45.02781677246094,19559518.0
2023-05-08,45.201264274942304,46.8663924513158,44.47276904362373,46.31134796142578,19428323.0
2023-05-09,46.311347165668096,46.762320144292694,44.95843352309076,45.2359504699707,22387077.0
2023-05-10,45.30533768743402,46.103206896987,44.8890516558277,45.09719467163086,19602729.0
2023-05-11,45.02781923962399,49.60691833496094,44.993126969623304,49.60691833496094,54579075.0
2023-05-12,49.780365836452425,52.173984097332436,48.3580675523779,49.260013580322266,44790062.0
2023-05-15,45.09719308382281,47.907097231748864,44.33401087490974,44.54214859008789,34856015.0
2023-05-16,44.611535465276994,46.207279205322266,44.542150929942835,46.207279205322266,24036918.0
2023-05-17,46.27666052776429,47.664266604078634,46.10320976822501,47.24798583984375,21785090.0
2023-05-18,47.247984816195256,47.490814815629825,45.1665757468184,45.478790283203125,14905194.0
2023-05-22,45.652236409348916,45.79099488258362,43.91772638078464,44.40338897705078,17265883.0
2023-05-23,44.40338982380634,45.582852748682576,43.84834798033842,45.51347351074219,16368602.0
2023-05-24,45.65223722776773,46.24196868953216,44.36870015415064,44.680912017822266,13361003.0
2023-05-25,44.75029180343958,45.097193290287954,44.125868068453194,44.33401107788086,11457931.0
2023-05-26,44.438084503171034,45.99914126145624,44.05649073382702,45.582855224609375,18080595.0
2023-05-29,46.1032084567764,48.08055129391467,45.82569148404545,47.31736373901367,21289628.0
2023-05-30,47.94178469608648,49.01718142874314,47.80302621787765,48.21930694580078,28196381.0
2023-05-31,48.35806431056699,48.774350322201784,46.484798431396484,46.484798431396484,31127796.0
2023-06-01,46.970462732149805,47.69895802660217,46.727632731764686,46.93577575683594,17736087.0
2023-06-02,48.14992496736286,48.63558490676035,47.42142976497028,48.3233757019043,27153678.0
2023-06-05,49.260013789269856,51.54956584327299,48.947804551586195,50.71699905395508,47679035.0
2023-06-06,50.821070214053954,51.514873220389156,49.84974494652529,50.85576248168945,33641827.0
2023-06-07,52.03522357131332,54.39415476520552,51.86177282607561,53.73503875732422,47024991.0
2023-06-08,53.66566297474447,54.602296000701685,52.520886923775876,53.87380599975586,34930410.0
2023-06-09,54.11663493494834,54.394157198402326,53.11062268488665,53.76973342895508,27757915.0
2023-06-12,54.18601589124689,54.879818925176544,53.388141343568364,53.56159210205078,32632096.0
2023-06-13,53.76972958848283,53.94318032909084,51.0985892417788,51.3414192199707,27849750.0
2023-06-14,51.34142144521077,52.03522443771362,49.676293204544585,49.95381546020508,24676185.0
2023-06-15,50.40479078270605,51.61894607543945,50.09257624573926,51.61894607543945,24290237.0
2023-06-16,51.79239187111406,52.59026633143878,50.682308197021484,50.682308197021484,24600226.0
2023-06-19,50.68231208252808,51.48018131072411,49.81505831857857,49.884437561035156,25297180.0
2023-06-20,49.815055884692775,51.44549182259792,49.53753363512886,50.64761734008789,25854650.0
2023-06-21,50.85576369172216,51.549566714565316,49.84974613262139,50.19664764404297,20621862.0
2023-06-22,50.1966469316424,52.38212748124098,49.67629467189497,52.13929748535156,38448602.0
2023-06-23,52.520882965013215,53.52690045234364,52.10460223966462,53.2493782043457,32464682.0
2023-06-26,54.047250256317376,55.46954311185687,53.908486491898834,54.81043243408203,36874265.0
2023-06-27,54.91450987912425,55.26141138778164,54.602295345354435,55.01858139038086,10089056.0
2023-07-03,55.92052089065991,59.18139817534521,55.92052089065991,58.9732551574707,51176803.0
2023-07-04,59.285465532322725,59.45891628612507,57.932551769983206,58.27945327758789,32417899.0
2023-07-05,58.27945755141053,59.18140365464414,56.61432913413934,58.730430603027344,43069567.0
2023-07-06,58.7651112144954,61.64439468551636,58.7651112144954,61.08935546875,54867579.0
2023-07-07,61.08936360339727,63.34422362417812,60.8118413114109,62.99732208251953,40854540.0
2023-07-10,63.482974718099996,64.9399599644462,62.164747954911775,62.8238639831543,36853865.0
2023-07-11,63.34421488290725,63.86456712358843,61.921916641060015,62.89324188232422,29800044.0
2023-07-12,62.96263399755944,63.30953556228429,62.09538008574733,62.85856246948242,27083174.0
2023-07-13,62.71979031088616,63.899253256939026,61.60970660401935,61.78315734863281,38672230.0
2023-07-14,62.16474257861071,62.338193314205775,60.63837822269272,61.47093963623047,27105489.0
2023-07-17,62.09536933848745,63.51766762501178,62.025990096209966,62.51165008544922,32762485.0
2023-07-18,62.51164765526289,62.82386217331931,59.90988647127612,60.01395797729492,29876602.0
2023-07-19,60.013959830745996,62.06067657470703,58.97325532501051,62.06067657470703,23650124.0
2023-07-20,62.442271054446046,63.13607406616211,61.470945779384174,63.13607406616211,41038751.0
2023-07-21,63.482968712554715,64.66243158770988,62.61571504161818,63.41358947753906,51285128.0
2023-07-24,63.933942561760496,65.73782916352512,62.997309642891985,63.725799560546875,60367038.0
2023-07-25,63.829879436784935,65.4256285400234,63.482977918106755,64.83589172363281,59726188.0
2023-07-26,65.07872830776198,65.42562983329738,63.691122205620324,64.73182678222656,41484868.0
2023-07-27,65.35624530168587,66.98668670654297,65.07872831586077,66.98668670654297,52207421.0
2023-07-28,67.50703507668834,69.03339958332243,66.95199055065945,68.61711883544922,44496689.0
2023-07-31,69.38029616659823,72.64116796910974,69.38029616659823,71.73922729492188,43985321.0
2023-08-01,71.80860621284248,72.29426616652862,69.79657657430643,70.28224182128906,40853336.0
2023-08-02,70.28224128459043,71.5310834245167,70.21285675462525,70.62914276123047,26418797.0
2023-08-03,70.83728830870966,71.39233285006272,68.79057148740225,69.03340148925781,28619083.0
2023-08-04,69.31091673611644,72.29426628699605,68.5130422737627,71.9473648071289,39049860.0
2023-08-07,72.22489166259766,73.890019930969,71.80861091882903,72.22489166259766,32819785.0
2023-08-08,72.5717878544368,72.64116709110553,70.28224128459043,70.62914276123047,23349453.0
2023-08-09,70.83728007754152,74.51443782680784,70.0740978918343,74.2369155883789,53730094.0
2023-08-10,74.2369205027305,75.83266950936024,71.87798925987222,72.71055603027344,52384327.0
2023-08-11,72.77993362031033,77.22027374850795,71.39232766107962,77.01213073730469,51199402.0
2023-08-14,77.35902796206267,80.82804266888162,77.35902796206267,79.78733825683594,58652057.0
2023-08-15,79.78734396838016,80.34238847852237,77.63655575484839,79.37106323242188,39734811.0
2023-08-16,79.37105823290813,84.15829962812613,78.67725528558077,82.70130920410156,72191107.0
2023-08-17,82.70131505112641,85.5459115709201,82.00751205474684,85.3377685546875,50374779.0
2023-08-18,87.00289239493513,92.27579384150467,86.37846867118294,88.11297607421875,95839026.0
2023-08-21,88.39049746519801,96.92427062988281,88.39049746519801,96.92427062988281,80568342.0
2023-08-22,97.54870289045874,103.72354515679449,96.43861389160156,96.43861389160156,95811624.0
2023-08-23,96.99366141294945,97.06303536091863,89.50058690369359,89.84748840332031,76481555.0
2023-08-24,90.68004491339313,94.01030124454047,87.3497938755423,88.11297607421875,69071856.0
2023-08-25,88.4598781285661,92.83083892988446,86.03156774856625,92.62269592285156,52466685.0
2023-08-28,94.1490633598277,101.85028076171875,94.1490633598277,101.85028076171875,68558919.0
2023-08-29,101.29524426885988,102.61346581580321,97.68747056290427,98.6587905883789,55032530.0
2023-08-31,99.2138361848487,101.01772835012008,97.89561462402344,97.89561462402344,48244819.0
2023-09-01,99.3525853916246,100.32391592313735,98.10373790059015,99.00568389892578,45083407.0
2023-09-04,100.04639110074422,103.44603217370256,99.56073111506264,100.53205108642578,58183792.0
2023-09-05,100.60143326592649,101.85028076171875,98.72816731553483,101.85028076171875,31437636.0
2023-09-06,102.8216013716034,103.09912892056066,99.49134489027104,99.90763092041016,31593002.0
2023-09-07,99.90762489471382,100.87894479099751,99.07506347124311,100.4626693725586,25815979.0
2023-09-08,100.46267813322991,101.57275659912901,99.7688751220703,99.76887512207031,23310400.0
2023-09-11,100.1157757548106,100.67082027621801,96.50800224555306,97.27117919921875,22964980.0
2023-09-12,97.34055887133687,100.53204618344714,96.71612984597671,98.79753875732422,34950970.0
2023-09-13,99.1444390446562,100.46267102453825,97.13241468930076,97.82621765136719,26298160.0
2023-09-14,97.8956059335689,100.25453186035156,95.32852640627821,100.25453186035156,39172204.0
2023-09-15,100.25452746603598,100.67081347561866,97.61807410739601,98.1731185913086,29482476.0
2023-09-18,97.82623593987972,98.93632512135324,94.5653635258694,96.09172821044922,31212147.0
2023-09-19,96.09171609363189,101.22585409071193,95.39791308934574,100.53205108642578,44903775.0
2023-09-20,100.60143169121913,100.94833317980955,96.85489984908001,98.03436279296875,27668323.0
2023-09-21,97.47931876631763,102.54408264160156,96.23047128402123,102.54408264160156,52219463.0
2023-09-22,102.68283682364505,108.85767885745682,102.33593534788949,106.9150390625,64996210.0
2023-09-25,109.13520410232154,116.07323347199751,109.13520410232154,115.1712875366211,60010491.0
2023-09-26,115.86509921944594,120.86047862536086,115.65695620532586,117.73836517333984,63037486.0
2023-09-27,117.87713056273786,119.403505698018,112.67360783772129,113.57555389404297,51753807.0
2023-09-28,113.64491768411173,115.93446938244614,112.1879273524647,113.78367614746094,39184217.0
2023-09-29,120.77414811185105,123.21865722294766,117.71850880889556,121.46166229248047,41367361.0
2023-10-02,121.53805728314276,123.06587692639364,119.62828272907917,120.16301727294922,31791261.0
2023-10-03,120.23940775595274,120.62136268739648,117.71851453349565,118.4060287475586,30047777.0
2023-10-04,118.3296290047119,118.3296290047119,112.44752559525791,112.90587615966797,46176335.0
2023-10-05,113.13505867420369,116.57265315801534,110.84332901832926,115.42678833007812,47961896.0
2023-10-06,113.82256817305802,115.1976082406447,112.60030774490556,112.82948303222656,27834386.0
2023-10-09,112.29473987529266,115.57955432536143,110.76692028515262,112.98225402832031,48135325.0
2023-10-11,112.9058868032093,113.66979671167981,110.07942247313645,110.30858612060547,26379361.0
2023-10-12,111.2252838325573,113.97535242262758,108.47520358614722,112.4475326538086,44457729.0
2023-10-13,111.989199304691,113.66979880297777,110.8433344209036,111.91280364990234,31513127.0
2023-10-16,112.90588252555523,114.58648192924962,107.32933807373047,107.32933807373047,34579843.0
2023-10-17,107.7112970943418,110.4613774273717,105.41956736893027,110.30858612060547,31082165.0
2023-10-18,107.63489179436696,108.3224176441762,106.25986340742672,107.86406707763672,42214291.0
2023-10-19,107.63490301034744,108.16964927914589,101.90557861328125,101.90557861328125,41332175.0
2023-10-20,101.2180534600454,101.9819632974797,98.62076467530439,98.77354431152344,38475179.0
2023-10-23,100.0721876603202,103.89173680766065,99.46105746547792,103.35700225830078,34743901.0
2023-10-24,103.50979007247591,105.11400550366277,102.44032088924457,104.65565490722656,28363006.0
2023-10-25,105.49595368559316,107.40572828774845,97.85685527697206,98.16241455078125,33509671.0
2023-10-26,101.52361617416688,105.8779117202257,99.91941245497524,103.81534576416016,54118414.0
2023-10-27,103.81534841988247,106.41264901545397,101.98196936352356,105.87791442871094,33939163.0
2023-10-30,105.72511620456078,109.54466536883449,105.19038165283025,108.016845703125,39372877.0
2023-10-31,108.2460164526358,110.99609639831907,107.02376776503985,108.39879608154297,45641902.0
2023-11-01,109.08633026684842,111.68361912658838,107.48211489937765,110.76692962646484,47045294.0
2023-11-02,111.45444396758705,112.98226368835638,109.69746061377386,112.67670440673828,35550579.0
2023-11-03,112.67669901407419,115.50316303095607,112.06556882374703,114.28091430664062,47257789.0
2023-11-06,115.12122341664417,118.25325877305187,115.04483941791497,117.03099822998047,37485313.0
2023-11-07,116.72543064240466,117.48934051355084,113.21144057259639,113.82257080078125,29778483.0
2023-11-08,114.28092397867013,115.57956845781278,113.36422278742606,114.81565856933594,31731759.0
2023-11-09,113.7461817700706,115.88513186501427,112.98227185447217,115.04483795166016,21466260.0
2023-11-10,115.19761042954919,116.49625487392503,114.12812962050943,114.43370056152344,20933439.0
2023-11-13,114.43369628064933,115.1976061200978,112.29474639892578,112.29474639892578,24823411.0
2023-11-14,112.60030504477133,116.26707458496094,111.6836155738087,116.26707458496094,27941090.0
2023-11-15,116.87820166768408,117.64211148250554,114.96842713063042,115.88511657714844,20403402.0
2023-11-16,115.35038827229917,119.01715791288515,115.1212129841989,117.71851348876953,29474030.0
2023-11-17,117.8712925667562,118.25324749298915,116.41985685326742,117.26016235351562,22031504.0
2023-11-20,118.17684930681676,119.78106462507299,117.03098455273062,117.33655548095703,23079773.0
2023-11-21,117.71852668437619,118.94077559735274,117.41295571387656,118.02408599853516,23006287.0
2023-11-22,118.10047001635829,120.77415454894806,117.64211943394994,118.8643798828125,39783036.0
2023-11-24,114.58647464992993,115.80873504206477,113.66978518399827,114.96842956542969,23683509.0
2023-11-27,115.1975934771009,119.55187675280449,115.1975934771009,119.169921875,25688361.0
2023-11-28,119.169921875,119.93383163060898,117.48932274392781,119.169921875,25674233.0
2023-11-30,118.406034297448,118.71159359438929,115.73234965202175,116.80181884765625,18842786.0
2023-12-01,118.4060281571932,119.01715837572401,116.26707822050506,117.10738372802734,23383507.0
2023-12-04,117.41294255252274,119.7810677689931,117.18376726442249,117.71851348876953,21285003.0
2023-12-05,118.02407482996752,118.78798469941714,117.1837693110371,118.25325012207031,15225645.0
2023-12-06,118.40602321127592,118.48241885652844,114.43369444126219,114.51007843017578,17887661.0
2023-12-07,114.58647943312121,118.4060287475586,114.35730414298708,118.4060287475586,29147717.0
2023-12-08,117.94767549166008,118.1768507765954,115.88512123992061,116.57264709472656,16584412.0
2023-12-11,116.57265204290026,116.72543168722913,113.66979217529297,113.66979217529297,17300208.0
2023-12-12,113.66978644120086,114.6628715637517,111.60723220595779,112.29474639892578,31788017.0
2023-12-13,112.06556522259709,112.37113613611079,109.62105619617994,110.07940673828125,27507598.0
2023-12-14,111.4544373199162,116.41985111625571,110.69052750509472,115.88511657714844,23827358.0
2023-12-15,115.80873713044402,116.72542661290633,114.28091744089377,115.50316619873047,17694777.0
2023-12-18,114.96843654883537,115.04483219911133,111.30166680604312,111.76001739501953,13274652.0
2023-12-19,111.68362026470889,113.89896587361748,109.8502412457786,112.52392578125,20293598.0
2023-12-20,112.37114872721851,114.35730743408203,112.0655777794658,114.35730743408203,21757044.0
2023-12-21,114.35730402219171,117.41294347051394,113.36421887021909,116.49625396728516,22650699.0
2023-12-25,110.30858030542731,111.60723640643756,105.57234145386023,106.1834716796875,25921321.0
2023-12-26,106.64181948655029,111.22527857640765,106.64181948655029,109.62106323242188,23588039.0
2023-12-27,109.5446667479933,112.60030611788254,108.47519763106773,111.6836166381836,21222616.0
2023-12-28,112.44753881944717,113.97535867203841,110.00302938656927,110.46138000488281,19442695.0
2023-12-29,110.76693261419976,111.53084249429769,109.08633320925226,109.2391128540039,17245152.0
2024-01-02,110.00300598144531,111.3016502485698,109.31549185659647,110.00300598144531,17310968.0
2024-01-03,109.8502430074419,109.92662700159092,106.94738313396631,107.32933807373047,22428898.0
2024-01-04,107.63489197111207,109.92662149489449,107.63489197111207,109.77384185791016,22304645.0
2024-01-05,110.00302225883765,110.23219755314483,108.24602721093551,109.8502426147461,10850101.0
2024-01-08,105.03759792872837,107.25293169523523,104.73203867001659,106.94737243652344,37177559.0
2024-01-09,107.10016013449929,108.2460249255025,105.19038548282725,105.49595642089844,18400739.0
2024-01-10,105.57233594112924,106.94737596335445,104.8848217581861,106.71820068359375,22985945.0
2024-01-11,107.10015408224366,108.62797371724383,106.48902389697585,106.64181518554688,19507753.0
2024-01-12,106.48902540383307,108.62797525436794,106.10707048967822,106.71820068359375,20433395.0
2024-01-15,106.94738868934901,108.24603322073733,106.94738868934901,107.63490295410156,17635206.0
2024-01-16,108.0168438433658,109.92661839262149,108.0168438433658,109.39188385009766,24448071.0
2024-01-17,108.85714923095063,109.77383868268035,107.78768014665575,108.55158996582031,17272870.0
2024-01-18,109.23910441702152,109.4682796946187,106.87097930908203,106.87097930908203,14070864.0
2024-01-19,107.02377363812106,107.10015762859706,105.87790887392849,106.41264343261719,16493260.0
2024-01-22,106.94737760089684,108.78075655437658,106.48902703435736,107.86406707763672,18154034.0
2024-01-23,109.1627062030303,109.85023201963965,106.56541753496442,106.94737243652344,15544543.0
2024-01-24,107.25294699762016,109.5446767339483,106.79460804415866,108.85716247558594,14288729.0
2024-01-25,109.6210658432541,110.84332629219553,108.7043763347178,110.61415100097656,18689191.0
2024-01-26,110.9197144217859,112.90588481130493,110.15580452679241,112.75310516357422,20729612.0
2024-01-29,113.36422729389606,117.87130280887916,113.28784329581588,116.3434829711914,31073336.0
2024-01-31,115.12120609361833,117.33655153753546,114.35729628323422,114.58647155761719,24226703.0
2024-02-01,114.89203473729586,118.94075920166944,114.89203473729586,118.17684936523438,30376131.0
2024-02-02,118.63521575927734,120.46859494881593,117.41295519535787,118.63521575927734,22338762.0
2024-02-05,119.93384592106317,120.31580084437866,117.87129166642738,118.482421875,20771078.0
2024-02-06,118.94077559735274,119.62830153872142,117.183780400087,118.02408599853516,25400417.0
2024-02-07,118.17685139153542,120.31580130149655,117.79489646676878,117.87129211425781,35171723.0
2024-02-08,118.17685011034628,121.76722403296071,118.1004661200246,120.54497528076172,39577934.0
2024-02-09,121.15610801862762,121.308887658805,119.32271736748086,120.46858215332031,25534052.0
2024-02-12,121.46166510501524,125.73956489074641,120.92693054588364,124.3645248413086,56442391.0
2024-02-13,124.51730846372503,126.65625842504465,122.68392944335938,122.68392944335938,37133720.0
2024-02-14,122.91310220108197,125.81596224572326,122.83671820242903,125.73957824707031,38001330.0
2024-02-15,126.04512294810753,128.33685245625495,125.66316803008296,127.87850189208984,31452926.0
2024-02-16,128.0312875557334,128.8715813446422,126.57985193724605,127.57293701171875,25007370.0
2024-02-19,129.63551274723793,134.83010260080326,129.55912874806728,132.1564178466797,50102111.0
2024-02-20,132.46196123420503,134.1425722027182,129.71189281146715,130.85775756835938,30292822.0
2024-02-21,131.086944515104,131.16332851189,124.97566526789802,126.19791412353516,31679241.0
2024-02-22,126.88543488223266,127.57294910710033,124.82286889495033,125.28121948242188,24782609.0
2024-02-23,125.58676859930627,127.34376350053894,124.82285878627803,125.35760498046875,20211740.0
2024-02-26,125.66317326553845,126.19790784178348,122.60753379403599,122.68392944335938,22704009.0
2024-02-27,122.76029655622189,124.59368698082723,122.30195769232401,122.37834167480469,25318570.0
2024-02-28,122.45474761153065,125.58677090873839,121.30888287091683,123.3714370727539,26611541.0
2024-02-29,123.90617573351598,125.58677507760277,121.99640110243114,123.60061645507812,21883848.0
2024-03-01,123.90617891332889,126.42708382232288,123.2950486844304,125.89234924316406,23876275.0
2024-03-04,127.34377632268745,128.3368615108849,123.29505157470703,123.29505157470703,22191761.0
2024-03-05,123.29505268222778,128.03130336750755,122.45475878954329,126.12152862548828,38992216.0
2024-03-06,126.27430483305926,130.32302950709484,124.97566037513756,129.10076904296875,41546847.0
2024-03-07,129.17716679541314,130.70498657226562,128.9479914976173,130.70498657226562,21714987.0
2024-03-08,131.0105412055896,132.61475657676525,129.5591171317369,130.0174560546875,18232683.0
2024-03-11,132.4619751602923,133.45506038527245,127.57295634609196,127.80213165283203,22031483.0
2024-03-12,127.95488665011514,129.4063105525663,125.28120245145602,126.65624237060547,23649224.0
2024-03-13,126.73263630478938,127.42016214651677,124.67008209228516,124.67008209228516,19323404.0
2024-03-14,124.97564161552278,126.96180000116848,124.82285033818718,126.35066986083984,18138218.0
2024-03-15,126.65626110273136,127.42017098675707,123.14227097367716,124.5173110961914,17475663.0
2024-03-18,124.59371031494766,128.94799444731387,124.51731466182153,126.19791412353516,27551908.0
2024-03-19,125.96872293627487,132.9203068659369,125.89233894912061,132.69113159179688,29599229.0
2024-03-20,132.46196435182023,134.67730992775552,130.2466304322243,131.23971557617188,22793374.0
2024-03-21,132.92031860351562,134.60091800171742,132.08001307624488,132.92031860351562,22397041.0
2024-03-22,132.84391054047035,133.14948145653457,129.63549168799668,131.39248657226562,17238664.0
2024-03-25,131.31609379973756,134.06617382273956,129.8646697998047,129.8646697998047,24050049.0
2024-03-26,130.0938521653218,131.39249660280254,128.33685714692342,129.4063262939453,19164428.0
2024-03-27,129.5591140563661,131.163317733123,127.725723439065,129.635498046875,17248690.0
2024-03-28,130.17023650569575,135.13565063476562,129.406326639685,135.13565063476562,23371656.0
2024-03-29,135.1356557395788,137.35100142849942,133.0731013547037,135.21205139160156,17100213.0
2024-04-01,137.73295023699268,138.496860097812,132.76753614166705,136.35791015625,25052993.0
2024-04-02,136.6634625769404,138.42045749988392,132.7675294761583,134.29534912109375,23885664.0
2024-04-03,134.27906198308304,137.20170684736271,132.08708452875464,132.16827392578125,20792306.0
2024-04-04,132.2494323916229,138.74418683467889,131.7623332410503,137.93234252929688,23027062.0
2024-04-05,138.74419495150846,145.888427734375,138.66301794887784,145.888427734375,27072841.0
2024-04-08,145.8884338107968,148.89225556400058,144.26474503741508,148.64871215820312,25779239.0
2024-04-15,152.62674200339396,153.35739698341177,148.08040856308168,148.56752014160156,28306222.0
2024-04-16,148.1615815111386,153.5197587291114,147.34973722888577,151.00303649902344,29002654.0
2024-04-17,151.73371412968837,154.08807033359201,149.05463750710106,151.4089813232422,23811116.0
2024-04-18,151.81490883057918,152.87030907005558,149.62293134105923,150.921875,16127772.0
2024-04-19,150.59713999340795,155.38701711895573,148.6487183394339,154.16925048828125,32120707.0
2024-04-22,155.14346945789995,157.25425746065469,152.7079362631936,153.0326690673828,20895469.0
2024-04-24,154.4939815934867,155.71174811305528,151.57133699141744,152.46437072753906,18470678.0
2024-04-25,153.03265598047133,155.9553005192878,152.54554442808146,153.92568969726562,17058025.0
2024-04-26,154.49396956082637,157.90371307250047,153.84449165675494,155.95529174804688,20163788.0
2024-04-29,156.6859724862235,159.1215057373047,155.63057226653578,159.1215057373047,18540379.0
2024-04-30,159.12150336632416,162.28769159044703,158.2284695657959,158.95913696289062,19613518.0
2024-05-02,159.77096482245113,165.61624145507812,159.52740904864143,165.61624145507812,33006207.0
2024-05-03,165.61626336745323,165.69745276538558,162.1253298483318,163.42428588867188,12683448.0
2024-05-06,163.4242735031744,164.6420400532908,161.47583959033096,162.77479553222656,13631366.0
2024-05-07,163.01834991301783,163.8301942727562,157.74136157471838,160.98873901367188,25356182.0
2024-05-08,161.55701976761506,161.8005755412994,156.19884229760473,156.44239807128906,17697100.0
2024-05-09,156.7671528720744,157.66017424681579,152.70793102026266,153.519775390625,22206064.0
2024-05-10,153.76331955035593,155.06227550445092,151.97726440429688,151.97726440429688,18869552.0
2024-05-13,152.46437217356475,155.1434610195774,150.02883911132812,150.02883911132812,21146141.0
2024-05-14,150.35356998216272,151.1654143258977,148.9734370753656,149.05462646484375,22560329.0
2024-05-15,149.05462476156765,149.62291331813586,147.10619092621192,147.34974670410156,19892765.0
2024-05-16,147.918040778582,148.24278595713628,145.7260634713289,146.78146362304688,25634272.0
2024-05-17,147.51211961728643,153.519775390625,147.34975322076636,153.519775390625,55457790.0
2024-05-20,153.60096079019158,157.17308364768044,151.97727196072285,155.79293823242188,46950480.0
2024-05-21,156.1988390484504,161.55701640700315,154.73752921226418,157.90371704101562,58135963.0
2024-05-22,158.3096439777574,159.2838546939144,156.19884376961608,158.22845458984375,27933479.0
2024-05-23,151.00303898259506,157.49779334743786,151.00303898259506,156.11766052246094,48582283.0
2024-05-24,156.19885380295483,157.4978097664427,153.51977725837455,154.49398803710938,15673330.0
2024-05-27,155.22464353748953,156.11767731381065,153.03266618114753,153.68214416503906,15783109.0
2024-05-28,154.00688040005167,154.08806979526082,151.57134719692667,152.2208251953125,12636148.0
2024-05-29,152.22083130177097,153.357408553719,144.67067559165054,150.8406982421875,14688899.0
2024-05-30,151.40897276894222,152.22081712695262,148.3239617309503,148.486328125,18768300.0
2024-05-31,148.89223502221571,151.24659085145998,143.452880859375,143.452880859375,32142351.0
2024-06-03,145.32014458558655,147.10619975098544,140.936189871629,141.1797332763672,32734344.0
2024-06-04,141.42327374543612,142.31630742525508,136.876953125,136.876953125,28853214.0
2024-06-05,137.36407343556263,138.58184006599805,134.84736316532042,135.57801818847656,37923214.0
2024-06-06,136.71459223992676,138.50065983320724,132.8177490234375,132.8177490234375,28556100.0
2024-06-07,133.62958023195517,135.17207948721529,132.08706858893382,133.061279296875,23153727.0
2024-06-10,133.06128792592278,135.49682104760114,131.11286638368492,131.76234436035156,28287132.0
2024-06-11,131.92471897368375,132.33064118591048,129.65155210766156,130.62576293945312,32965759.0
2024-06-12,130.70693830164467,134.603793598128,130.38220552183836,133.14247131347656,37397939.0
2024-06-13,135.17208385811256,136.633406161158,134.3602395106164,134.84735107421875,24388186.0
2024-06-14,136.95815122541748,137.20170702905713,134.84736316532042,135.57801818847656,22649101.0
2024-06-20,137.20170690961567,140.2867181815856,136.22749608366797,139.7184295654297,27520398.0
2024-06-21,139.96195309769905,140.12433186875796,138.013531722602,138.6630096435547,16475635.0
2024-06-24,138.82538841886407,139.79959919337384,138.09473343492226,139.3125,22144247.0
2024-06-25,139.55603114006087,139.79958690922766,137.44524337872429,137.93234252929688,17193453.0
2024-06-26,137.93235236921572,139.15011891416265,134.279052734375,134.279052734375,18047544.0
2024-06-27,134.84735717526777,137.76998952582892,134.84735717526777,136.95814514160156,22485335.0
2024-06-28,137.4452558693369,139.06894462765686,134.11668895967614,134.36024475097656,27583986.0
2024-07-01,135.65919128159024,136.87695776567,130.9504917322629,132.9801025390625,28407123.0
2024-07-02,133.14247706906463,134.11668783835904,130.54457755502554,131.84352111816406,24181338.0
2024-07-03,133.87312934970785,137.03932977077469,133.87312934970785,136.63340759277344,26995521.0
2024-07-04,136.9581352596141,141.34210205078125,136.38984670921133,141.34210205078125,31245884.0
2024-07-05,141.4232816609975,142.5598711705429,140.12433814863905,140.7738037109375,23022004.0
2024-07-08,141.58565409351277,142.88461004906364,139.06894396280583,139.3936767578125,21244507.0
2024-07-09,139.4748548275277,139.88077698221332,136.79576612905046,137.03932189941406,22489346.0
2024-07-10,137.12050174023412,138.25709122957224,135.6591918632815,136.3898468017578,18553324.0
2024-07-11,137.20168504966082,138.90656301425796,137.12049566553304,138.50064086914062,16350083.0
2024-07-12,139.0689559329889,139.2313223444677,136.5522331978962,136.714599609375,18704295.0
2024-07-16,137.1205101706166,137.8511775417768,135.0097222253764,135.17208862304688,20809458.0
2024-07-17,135.41564202954405,135.90274121398042,133.95431970071118,135.0097198486328,19105663.0
2024-07-18,135.65919517611198,136.87696169515152,134.60379504872535,134.92852783203125,27454387.0
2024-07-19,134.84736426906997,135.74038570604117,133.30485242523505,133.95433044433594,20444099.0
2024-07-22,134.36024070927192,134.76616288664133,132.0870740384509,132.4929962158203,21047360.0
2024-07-23,132.65535194658048,135.82155210822452,131.9246970411492,133.5483856201172,38320256.0
2024-07-24,133.38602756112928,134.4414276808523,132.33062744140625,132.33062744140625,23176768.0
2024-07-25,132.24942864868393,132.817729556576,130.38219670936076,130.9504852294922,16829269.0
2024-07-26,132.65536499023438,133.79195453992628,131.84352062092384,132.65536499023438,20719195.0
2024-07-29,132.57417578922585,133.46719708065285,131.68114211003797,131.92469787597656,16937319.0
2024-07-30,132.24944909941757,133.38603870320054,131.11287188339716,131.19406127929688,16473297.0
2024-07-31,130.70692865810773,133.0612721074042,129.97627376357036,132.5741729736328,25320978.0
2024-08-01,134.11668708039315,135.33445363206943,132.98010992060009,133.3860321044922,18856894.0
2024-08-02,131.9247098672284,132.33063205143526,129.16444396972656,129.16444396972656,19238114.0
2024-08-05,123.56271285429446,128.83970135401196,123.56271285429446,124.78047943115234,29395952.0
2024-08-06,129.48915920981878,131.8435026039841,128.10902644814394,128.27139282226562,33670789.0
2024-08-07,129.0832475163018,132.2494354248047,128.83969174154896,132.2494354248047,22408368.0
2024-08-08,132.24945219266652,134.27906326000493,131.68116357136432,133.95433044433594,22668326.0
2024-08-09,134.4414172891579,135.57799432238502,131.51877293548728,132.5741729736328,20216274.0
2024-08-12,133.06128045167466,134.76615849618884,130.3822040785258,131.35641479492188,20053125.0
2024-08-13,131.3564195557689,132.24944091659785,129.16444226749195,131.68115234375,17306058.0
2024-08-14,132.24943997045546,133.14247371265722,128.92088556029606,129.083251953125,14863342.0
2024-08-15,129.4891825418439,132.0059051513672,128.35260533043743,132.0059051513672,17220668.0
2024-08-16,132.57417863267892,134.11667787043876,131.11285639346576,131.2752227783203,16484408.0
2024-08-19,131.76234030326907,134.27905035218768,131.3564181288214,134.11668395996094,17146018.0
2024-08-20,134.11668204065703,134.68497059919883,132.57418275493475,133.14247131347656,15308255.0
2024-08-21,133.30484981754896,135.57801664605327,132.9801170082323,133.87313842773438,22231973.0
2024-08-22,134.68498123643758,135.25328222762454,132.24944803225054,132.8177490234375,16606826.0
2024-08-23,133.30485468880875,133.30485468880875,130.3822221348716,130.7069549560547,12956961.0
2024-08-26,131.84353221795863,133.54841049857762,129.81392111615654,130.7069549560547,20312459.0
2024-08-27,130.5445665639579,133.87312077778304,130.05745502644154,133.71075439453125,17496059.0
2024-08-28,133.7107641576188,134.52260852091675,133.14247558086262,134.279052734375,16410176.0
2024-08-29,134.44142023941467,139.15010724133762,133.71075294108257,136.876953125,34037602.0
2024-09-02,137.60760719477815,139.31248515937529,137.20168504966082,138.50064086914062,24671211.0
2024-09-03,138.66301654394547,139.068938716271,135.41563916534142,135.65919494628906,20254680.0
2024-09-04,133.95433044433594,134.92854127910581,132.4930079982997,133.95433044433594,16201473.0
2024-09-05,134.5226100245452,135.09089860765346,131.51878832431993,131.84352111816406,15828867.0
2024-09-06,131.84353164790406,133.06129830372004,131.19406600834594,131.518798828125,13684646.0
2024-09-09,131.3564073706947,132.73654017323122,130.9504852294922,130.9504852294922,15830494.0
2024-09-10,131.19405438976713,132.16826515059094,129.97628784179688,129.97628784179688,15272437.0
2024-09-11,129.73272112066783,129.97627688728718,126.40415454831206,126.48534393310547,22881457.0
2024-09-12,128.1902295073429,128.59615171906694,123.80627457582854,127.21601867675781,23564267.0
2024-09-13,127.29720512683853,132.3306379581226,126.56653772999508,132.0059051513672,22426683.0
2024-09-16,132.16826580130524,133.71076514789044,131.11286564364917,132.65536499023438,14641974.0
2024-09-17,133.1424734616304,134.44142937733633,132.73655128644248,134.03550720214844,14367467.0
2024-09-18,133.87312101815323,134.92852109282632,133.3048324818711,133.62957763671875,14940373.0
2024-09-19,134.8473470907427,137.52642344812912,134.8473470907427,137.20169067382812,19620046.0
2024-09-20,137.44524514749276,137.60761153310642,134.27904488310085,134.68496704101562,17591517.0
2024-09-23,135.57799468903585,137.28287263124773,135.3344389276112,136.79576110839844,20210083.0
2024-09-24,136.95814647501956,139.39367965141386,136.55222427895384,138.74420166015625,25015028.0
2024-09-25,138.98774570800617,140.04314580612635,137.20169067382812,137.20169067382812,21072676.0
2024-09-26,137.93234515870813,138.98774525337606,136.6334016779917,138.01353454589844,25044062.0
2024-09-27,138.8316174411993,139.8794005685513,137.17262859983245,138.48236083984375,21516076.0
2024-09-30,138.3077188723941,138.3077188723941,135.33899779838873,135.5136260986328,14282677.0
2024-10-01,135.4263186101534,137.87114146014125,133.41805984913316,135.5136260986328,28026095.0
2024-10-02,135.51361147545927,135.8628813615433,133.4180454520906,134.0292510986328,18762282.0
2024-10-03,133.94193348791018,135.16435813340684,130.71126357353359,131.4097900390625,17036999.0
2024-10-04,131.84636325280644,134.90240478515625,130.9732085292779,134.90240478515625,14959676.0
2024-10-07,135.51362086407454,136.38677565485244,131.67174511396564,132.7195281982422,13271645.0
2024-10-08,132.7195123779359,135.4262972360097,131.84635769123895,134.20387268066406,16719050.0
2024-10-09,133.68000269243555,133.7673101768208,131.06053834175387,133.59268188476562,13449977.0
2024-10-10,133.59268524169923,133.68000605156334,130.71127171888793,130.9732208251953,11104182.0
2024-10-11,131.0605216467969,132.54488192510982,128.70299337286602,129.40151977539062,14641255.0
2024-10-14,129.48885767658712,129.9254350704237,127.04402160644531,127.04402160644531,14598867.0
2024-10-15,127.0440149048106,128.5283753008973,125.73428279238988,127.21864318847656,23138970.0
2024-10-16,127.30598509486616,129.13960236223488,126.25820189590029,128.5283966064453,15772874.0
2024-10-17,128.266425561102,129.57615766685848,127.39327082393105,128.7030029296875,16219198.0
2024-10-18,129.2269013503502,130.18737689240288,126.60743713378906,126.60743713378906,14815535.0
2024-10-21,126.60743859128156,127.48059334018696,125.73428384237619,126.34548950195312,13764779.0
2024-10-22,126.60744366580494,128.44107404131321,125.47233978207527,127.48059844970703,17566565.0
2024-10-23,127.48060217108043,127.8298587655228,124.94845855316068,125.47234344482422,16133365.0
2024-10-24,126.17086627385389,128.17912494148564,126.17086627385389,127.48059844970703,12243680.0
2024-10-25,126.86938280379265,127.82984499669824,125.90890728760343,127.56790924072266,11194065.0
2024-10-28,128.61569153651402,130.1000518798828,128.35374245867632,130.1000518798828,6684465.0
2024-10-30,130.3619952442723,130.9732008502502,128.8776349659594,129.40151977539062,12973842.0
2024-10-31,129.31422806604823,129.83811293934312,126.08354472594914,126.25818634033203,13116692.0
2024-11-01,126.6074500009149,128.0918105431651,125.9962442862572,126.69477081298828,13600046.0
2024-11-04,126.17086001570392,126.17086001570392,124.33722973114479,124.51187133789062,10421616.0
2024-11-05,125.03576553585494,125.64697123530658,120.9319406129253,123.2021484375,23596320.0
2024-11-06,123.20214927908768,127.13134593234057,122.94020017088047,126.08354949951172,18838706.0
2024-11-07,126.25819817261551,126.78208309500626,124.51188845140803,126.52013397216797,11033271.0
2024-11-08,126.25818835127723,128.52838281828218,125.297712750012,128.2664337158203,24658493.0
2024-11-11,128.44107404131321,129.92543450928986,127.21864934987947,127.48059844970703,19270245.0
2024-11-12,127.21864385108347,127.56791374351856,125.73428344726562,125.73428344726562,13306625.0
2024-11-13,125.47234068565761,129.48885804984587,125.03576329056257,127.65522766113281,26905607.0
2024-11-14,128.091804324756,129.75080641061425,127.91717603237217,129.13958740234375,19364230.0
2024-11-15,129.22690343855405,130.18737899612725,128.70300525746245,129.31422424316406,12154869.0
2024-11-18,129.5761798054112,130.10007806653724,127.6552417200927,128.5283966064453,13402313.0
2024-11-19,128.70301263586325,129.57616743888343,124.77381602227234,125.29771423339844,20234956.0
2024-11-20,125.90891403828735,126.60744051266929,122.67824408296576,122.94019317626953,12724460.0
2024-11-21,123.1148353451277,126.69477560291739,123.02751452975299,126.52013397216797,16801106.0
2024-11-22,126.86940216249286,128.52839104546965,125.47234907545983,127.82986450195312,21517827.0
2024-11-25,128.35375051787406,130.9732148141572,127.9171731351602,129.66348266601562,26560741.0
2024-11-26,129.05227136356964,129.83810528885033,128.3537449170514,128.96495056152344,13472575.0
2024-11-28,127.9171689955472,129.40152938408107,127.74254071276981,128.7030029296875,10641982.0
2024-11-29,128.61571742439506,129.92544975392394,127.82987003270598,128.5283966064453,13396812.0
2024-12-02,127.82984490147962,129.40152605258052,127.30596006663505,128.61569213867188,14381773.0
2024-12-03,128.87764204965683,130.9732080491294,128.6156929689018,129.83810424804688,21305106.0
2024-12-04,130.10006562080545,133.85463393760648,130.10006562080545,133.06878662109375,30793486.0
2024-12-05,133.5926927554962,134.02927018280172,131.32248480419304,132.02101135253906,16996482.0
2024-12-06,133.24341635171655,133.59267291237,132.45756910532057,132.8068389892578,14109310.0
2024-12-09,133.50535189819712,135.25166134525415,133.33072361814817,134.90240478515625,19841282.0
2024-12-10,134.90241295950753,136.38677341479342,133.8546298924401,134.46583557128906,22447878.0
2024-12-11,134.4658408107338,135.25167481083315,133.41805770283963,134.55316162109375,14007731.0
2024-12-12,135.07703922734407,135.77556570269002,131.23516359786785,131.75904846191406,16662986.0
2024-12-13,131.49712643374386,132.19563965880414,130.18739415182725,132.02101135253906,12178200.0
2024-12-16,132.19563149919924,132.54490141345687,129.66348790643468,129.7508087158203,12030551.0
2024-12-17,129.92543176030082,130.71126571987202,128.52837880630273,129.66348266601562,12319536.0
2024-12-18,129.83811220951233,130.18738211303022,127.74254608154297,127.74254608154297,10913663.0
2024-12-19,126.69476852642357,127.65523082546989,125.8216137145896,126.08354949951172,9915380.0
2024-12-20,126.17086681877215,127.65522729315958,126.08354601069095,127.04402160644531,11711535.0
2024-12-23,127.21864344740275,127.91716990677232,124.59917921722995,125.12307739257812,11288846.0
2024-12-24,125.38504385641825,125.47235134888619,123.46409249612081,124.42456817626953,10116339.0
2024-12-25,125.73429015913176,126.25818836410873,125.1230844688485,125.55966186523438,8759522.0
2024-12-26,125.9089208495197,126.78207565891066,124.86113774290756,125.47234344482422,14969425.0
2024-12-27,125.64696356825783,126.43281083955854,125.21038619196328,125.9089126586914,11510498.0
2024-12-30,125.90892878108363,126.34550621328107,124.42456817626953,124.42456817626953,7989669.0
2024-12-31,124.51188432399327,125.385039155653,123.37678037817852,123.90066528320312,12764505.0
2025-01-02,124.3372261353318,127.65521671828665,122.94018658475541,127.56790924072266,22678649.0
2025-01-03,127.7425507094975,130.9732208251953,127.39328079332597,130.9732208251953,21470510.0
2025-01-06,131.06052990107824,131.4971072647417,128.87764308276104,128.96495056152344,15206475.0
2025-01-07,128.87766097887072,129.92544413250266,127.74255701106709,127.82986450195312,19044409.0
2025-01-08,127.56792771780637,127.65523520801607,125.90892552439537,125.99624633789062,17833022.0
2025-01-09,126.34550790320657,127.48061190675959,125.99625128209152,127.13135528564453,14033307.0
2025-01-10,127.21865213538588,127.48060124094894,124.94845764150435,125.29771423339844,16906169.0
2025-01-13,125.47233673896727,127.74254445136677,125.29770845107909,125.64696502685547,24826602.0
2025-01-14,126.1708597643622,128.52837489461044,125.90891067804928,126.60743713378906,26429927.0
2025-01-15,126.86939922210819,128.52838806663544,126.17087269478104,128.353759765625,19827675.0
2025-01-16,129.48885437758696,129.8381109544443,128.52837880630273,129.66348266601562,17000269.0
2025-01-17,130.01273738690728,130.10005819151726,128.52837697152665,129.31422424316406,13609611.0
2025-01-20,129.83812740750136,130.62397478993933,127.04403446872274,127.13135528564453,18082021.0
2025-01-21,126.8693864728352,127.13133555966994,124.51187133789062,124.51187133789062,23296130.0
2025-01-22,124.77381491813821,126.69476612641195,124.07530174053123,126.17086791992188,18575959.0
2025-01-23,126.25818744019087,126.78207231804942,124.86113445266535,125.3850326538086,19692827.0
2025-01-24,125.47233635218483,125.73428544485179,124.24992501745137,125.03575897216797,14731292.0
2025-01-27,124.42456040363945,124.42456040363945,122.67825078393925,122.76557159423828,16767909.0
2025-01-28,123.02749592855707,123.72602237608322,121.5431355546164,122.41629028320312,22451197.0
2025-01-29,123.0275017426109,123.81334902944694,122.0670394897461,122.0670394897461,20562291.0
2025-01-30,122.32899634536535,124.6865117088549,122.06704723313645,123.72603607177734,19644248.0
2025-01-31,124.07530656883144,124.68651228466459,122.32899691028791,123.28945922851562,14326162.0
2025-02-03,122.06703965235629,122.94019442336987,120.14610182078329,121.01925659179688,20210703.0
2025-02-04,121.6304633647381,122.24166904530773,119.62220470862256,120.14610290527344,21699451.0
2025-02-05,120.40804814345344,121.80510122879691,118.66173844841693,120.49536895751953,22426708.0
2025-02-06,121.19388563410445,122.67824608939034,121.01925734347398,122.24166870117188,14304402.0
2025-02-07,122.32899724484392,123.90066528320312,121.28120078822391,123.90066528320312,17554560.0
2025-02-10,123.90065855974089,124.51187756736327,121.19388672244976,121.36851501464844,17002148.0
2025-02-11,121.28120390214288,121.63047383774558,119.70953582343077,120.66999816894531,16314370.0
2025-02-12,120.757314533512,121.19389194446231,119.09831237792969,119.09831237792969,18355984.0
2025-02-13,119.88415219086131,120.32072957442361,118.05052185058594,118.05052185058594,24102220.0
2025-02-14,118.66172861720605,118.83637023086904,117.00273987368405,117.1773681640625,20261216.0
2025-02-17,117.35199079262041,119.01099277938594,116.47883605957031,116.47883605957031,19497184.0
2025-02-18,115.6930087773805,115.6930087773805,113.07354442770396,113.59744262695312,41380566.0
2025-02-19,113.8593790386208,114.2086489478307,109.66824005273746,109.75555419921875,37594544.0
2025-02-20,109.93018698172973,112.1130672472003,109.93018698172973,111.50186157226562,21997856.0
2025-02-21,111.50186718698222,112.28771451428514,108.096568738525,109.66824340820312,25566791.0
2025-02-24,110.71602831686116,111.15260570507962,109.31897534524822,110.01750183105469,15180646.0
2025-02-25,110.10481096850425,110.36676005417809,107.57266089967773,107.83460998535156,19673967.0
2025-02-26,107.92192535868216,110.36676131407384,107.48534798533665,109.49360656738281,18812485.0
2025-02-27,109.23165944640571,112.98622092782615,109.0570311585786,112.37501525878906,21114924.0
2025-02-28,112.37502141229271,113.8593819250313,111.76381570978683,112.63697052001953,22294341.0
2025-03-03,113.5101200460723,114.73253139417777,112.28770869796685,112.54964447021484,26261217.0
2025-03-04,112.549645353408,112.98622274162646,109.75555273346669,110.01750183105469,19990185.0
2025-03-05,110.80334386057312,113.51012236936016,110.36676646684482,113.1608657836914,32814818.0
2025-03-06,114.38327603525224,120.14610290527344,113.9466986458047,120.14610290527344,39301500.0
2025-03-07,119.88415916189504,122.06704620663719,118.66173442286834,121.89241790771484,35416165.0
2025-03-10,122.24167553352729,124.42456259662599,121.97972642129838,123.72603607177734,31977501.0
2025-03-11,123.72603607177734,124.51188340846406,122.24167553352729,123.72603607177734,24035491.0
2025-03-12,124.24993204099088,126.6947681719426,123.5514055288211,125.47234344482422,37855274.0
2025-03-13,125.99623253577091,126.5201173894974,125.03575698567955,125.73428344726562,26187895.0
2025-03-14,125.90892120180195,126.5201269054287,125.38503630867261,126.08354949951172,22887651.0
2025-03-17,126.25817716771024,128.52837143362825,126.25817716771024,127.56790924072266,28481547.0
2025-03-18,127.48059187264278,128.09179752518358,125.8216031981343,126.60743713378906,22171613.0
2025-03-19,118.74905083800981,124.861134337025,117.96321686030744,120.32073211669922,41835518.0
2025-03-20,120.58268758152443,125.55966745732788,120.58268758152443,123.90066528320312,33369766.0
2025-03-21,123.11483402916859,123.11483402916859,115.2564403677323,118.3998031616211,31740085.0
2025-03-24,118.39980265278996,122.67825607631517,116.47885132962129,120.49536895751953,26639881.0
2025-03-25,121.63047071485904,125.03576922901787,120.58268758152443,123.90066528320312,27936762.0
2025-03-26,122.85288675570158,124.77382479271311,122.06705270706055,124.42456817626953,17725387.0
2025-03-27,125.64696572587874,126.25818472181437,123.55139961299332,124.16260528564453,17431238.0
2025-03-28,124.24108179064764,127.47412109375,123.7792190330616,127.47412109375,22483576.0
2025-04-02,126.6427633250115,126.82750559382538,123.96395109494959,124.70293426513672,14175097.0
2025-04-03,124.70293774324306,127.84359868547044,124.42581728482722,125.62666320800781,18976980.0
2025-04-04,125.8114082326713,125.996150510677,123.50209452026937,124.05633544921875,10993281.0
2025-04-07,121.3775286585044,124.33346162203624,119.25297122149874,123.04023742675781,19011135.0
2025-04-08,124.24107134020007,124.70293405893688,119.62244415283203,119.62244415283203,18060733.0
2025-04-09,118.69871934818678,119.4377025210918,116.4817768769376,117.40550231933594,19774917.0
2025-04-10,121.93175836786382,122.39362108895422,118.51397705078125,118.51397705078125,15534712.0
2025-04-11,118.51398203922426,118.79110250252928,117.12839381763146,118.6063461303711,12478081.0
2025-04-14,119.25296436586876,120.4537962064704,117.40550636986828,118.32923889160156,10979605.0
2025-04-15,118.3292368821576,119.06820597307662,116.48177891753029,117.3131332397461,10497399.0
2025-04-16,116.57415279976935,116.94364440139809,115.0961934407205,115.3733139038086,12886091.0
2025-04-17,115.3733098038219,116.48177752185072,113.80297231457088,115.18856048583984,14989077.0
2025-04-18,115.46568504234925,115.92754778251864,114.35721728492915,115.3733139038086,10197660.0
2025-04-21,115.37331041333012,117.12839018236924,113.61823064429097,114.4495849609375,17261613.0
2025-04-22,115.00382232666016,116.01991894575589,114.08009684612473,115.00382232666016,11991494.0
2025-04-24,115.55805615644867,116.20466822102875,113.71060519616184,115.74280548095703,12337380.0
2025-04-25,115.92754775799926,116.11229003504151,115.09619341637696,115.74280548095703,9654108.0
2025-04-28,115.65042944774106,115.65042944774106,114.17247006149339,114.54196166992188,10384355.0
2025-04-29,113.98772162135738,116.5741486456592,113.52585889764642,115.55805206298828,14327907.0
2025-04-30,114.72669776208352,117.22076069884717,114.17246390306912,115.18856048583984,20859459.0
2025-05-02,115.18856663656206,116.29704146124597,114.63433274795324,115.28094482421875,9820221.0
2025-05-05,115.3733104267827,115.9275442887897,113.8029729290526,114.08009338378906,8456743.0
2025-05-06,113.61822987710487,114.44958418813783,110.1080703627283,110.4775619506836,21565294.0
2025-05-07,110.38519146179914,110.66231191625447,108.35299828734652,108.63011169433594,16554851.0
2025-05-08,108.81486827205178,118.69872844413312,108.81486827205178,118.4216079711914,27958665.0
2025-05-09,120.91565414224151,123.68683045500424,118.60634054827256,118.88346099853516,49310702.0
2025-05-12,120.17669462709476,125.16480674885463,120.17669462709476,124.24108123779297,25607101.0
2025-05-13,124.14869686269674,125.62666324472514,122.57836639112408,124.88768005371094,14191780.0
2025-05-14,124.61056573092297,125.34954895832402,123.04023518202868,124.98006439208984,12574029.0
2025-05-15,124.88767930601959,127.01225068186629,121.00803519508716,121.6546401977539,16441484.0
2025-05-16,121.28515899433643,125.16480321218522,120.91566034339272,124.05633544921875,14528772.0
2025-05-20,124.51819541132956,125.44192087566445,120.54617309570312,120.54617309570312,12245947.0
2025-05-21,120.45379704249564,120.91565978283485,118.32923971288103,119.34532928466797,11140674.0
2025-05-22,119.62244770401973,121.10041408582599,118.60634405466142,119.06820678710938,10638128.0
2025-05-23,118.97584946223111,120.26905954864107,117.03602023768333,118.79110717773438,9948244.0
2025-05-26,119.25296580151682,119.80719263579,117.95974166501473,118.97584533691406,7730991.0
2025-05-27,118.97584401722128,119.34532856930504,116.38940986783844,116.48178100585938,8590624.0
2025-05-28,116.38940986783844,117.0360148814511,115.28094211665498,116.48178100585938,8343983.0
2025-05-29,117.31313741774785,118.05212062991701,115.74280690122119,116.38941192626953,8009620.0
2025-05-30,115.65042944774106,116.20467038411692,114.54196166992188,114.54196166992188,10864453.0
2025-06-02,114.54195611003922,115.742802017276,113.61823065753892,114.08009338378906,8626006.0
2025-06-03,114.72669913673381,118.23685869832677,114.54195686400406,117.3131332397461,10347166.0
2025-06-04,117.6826302418586,122.8554916381836,116.20467084968949,122.8554916381836,13125217.0
2025-06-05,121.0080378702604,121.0080378702604,119.89957011333607,120.82329559326172,3873294.0
2025-06-10,121.37751681665544,121.74701544851435,120.54616956110324,121.10041046142578,11379298.0
2025-06-11,121.00803519508716,121.93176065459164,119.89956746266817,121.6546401977539,15802741.0
2025-06-12,121.19278366419572,123.13261286630508,120.17669406375059,121.00804138183594,20326978.0
2025-06-13,120.08431032773623,122.85548671991477,116.85127120352796,121.28515625,29518169.0
2025-06-16,121.56228302041606,124.9800645959207,119.89957427978516,119.89957427978516,26618824.0
2025-06-17,120.17669658173493,126.1809125012926,120.08431839115318,124.51820373535156,30394111.0
2025-06-18,124.7029411705741,127.75123810706351,124.7029411705741,126.5503921508789,32518265.0
2025-06-19,127.10463095035094,132.92409016472484,127.10463095035094,132.83172607421875,33796070.0
2025-06-20,130.52241234418486,133.57070922851562,127.84360001161993,133.57070922851562,28696384.0
2025-06-23,135.88002446880006,140.6833941713656,135.88002446880006,137.0808563232422,42383643.0
2025-06-24,128.7673220057847,130.98427154125895,126.82750701904297,126.82750701904297,48477744.0
2025-06-25,127.28937193842027,128.02835512965302,123.77921235126371,124.14869689941406,22467475.0
2025-06-26,124.42582359510779,125.44192729585373,123.40973398929457,123.5020980834961,16398898.0
2025-06-27,123.68683409402901,125.90378366642365,122.94786499816281,125.62666320800781,22687941.0
2025-06-30,125.62666190011161,130.245289175851,124.79531462845127,129.32156372070312,36758861.0
2025-07-01,130.06055938682942,132.0927527642153,129.6910607123472,130.89190673828125,23128083.0
2025-07-02,131.26139294980956,136.24950477477785,131.1690147662268,133.66307067871094,30597618.0
2025-07-03,135.04867140689555,136.89612249069694,134.30968815438837,135.23341369628906,20802107.0
2025-07-04,135.41816998280575,137.3579851624362,134.0325816709555,135.97239685058594,18296201.0
2025-07-07,134.40205527125943,136.2495062028231,133.10884525713763,135.0486602783203,16386969.0
2025-07-08,135.7876477224547,136.06476818985436,129.78343200683594,129.78343200683594,19671759.0
2025-07-09,129.78343190232368,135.41816305349366,129.69105371495402,134.86392211914062,20792655.0
2025-07-10,135.69526396461907,139.11305943069115,135.14103714750365,138.74356079101562,17195784.0
2025-07-11,139.7596699116684,145.48676514935494,139.48254944477839,144.28591918945312,36243888.0
2025-07-14,144.1011754860832,146.7799737513772,142.9927077244075,143.63931274414062,26120698.0
2025-07-16,142.6232062920989,144.4706572238356,139.75966580486627,140.86813354492188,19327192.0
2025-07-17,141.79185765616273,145.30201721191406,140.49864765427472,145.30201721191406,16952608.0
2025-07-18,145.3020090399209,147.98080707671457,144.193541372797,147.88844299316406,27182340.0
2025-07-21,148.07318846673374,155.7401123142684,148.07318846673374,154.26214599609375,25183775.0
2025-07-22,154.1697870956023,155.74013179064457,152.32233601431318,154.81640625,18158266.0
2025-07-23,154.90875783282172,157.03332922365763,151.30623415331064,152.507080078125,15472475.0
2025-07-24,153.15368385317166,155.00113477035123,151.49097520872368,153.9850311279297,15073323.0
2025-07-25,153.9850393038534,155.92486850786102,151.0291204984063,154.3545379638672,13533253.0
2025-07-28,154.3545268681891,154.5392691374496,151.49097236239078,151.9528350830078,11843163.0
2025-07-29,152.04522013093163,152.4147046861372,148.07319773527612,150.19776916503906,15363480.0
2025-07-30,152.22996109313416,154.81639524202117,149.82826922025362,152.41470336914062,26454825.0
2025-07-31,152.59944573251266,156.38672582000822,151.12149342868264,156.01722717285156,28986082.0
2025-08-01,156.01722434997288,156.84858571983403,152.59944297147317,153.2460479736328,13285972.0
2025-08-04,153.52317683720193,154.81640100727023,150.84437849802129,151.3986053466797,16159066.0
2025-08-05,151.7680997753783,154.72401850392959,150.93673838317392,153.06130981445312,22058603.0
2025-08-06,153.06130012444325,154.9087509746959,151.95283243327796,154.26214599609375,14674108.0
2025-08-07,155.18587832996596,155.18587832996596,151.67571873923035,151.76809692382812,14490485.0
2025-08-08,151.7681025247524,152.50708574401045,150.56725655532466,151.49098205566406,10343447.0
2025-08-11,152.13759411470204,153.0613196577117,151.0291262820771,151.8604736328125,13004702.0
2025-08-12,151.86046386264576,152.04522023530768,148.2579401146551,148.7198028564453,14319344.0
2025-08-13,148.8121672944209,151.02910261222428,148.8121672944209,150.8443603515625,11752056.0
2025-08-14,149.92065303413548,150.56725807189943,147.05709831626737,147.79608154296875,12435118.0
2025-08-15,147.98081694845163,151.1214919922354,147.98081694845163,150.29013061523438,13437740.0
2025-08-18,150.5672523288359,151.2138573419365,148.2579386428108,148.8121795654297,10164843.0
2025-08-19,148.90454518605065,149.4587861143649,147.2418364960402,147.98081970214844,15113875.0
2025-08-20,148.07320052339475,152.2299652749221,147.70370186629944,151.49098205566406,21578529.0
2025-08-21,152.32233477946158,155.83249462444124,151.9528502041724,155.5553741455078,22421781.0
2025-08-22,156.4790925861319,159.80450999273992,155.09350434920063,159.5273895263672,29438572.0
2025-08-25,161.37483901457247,161.55958129213272,159.61976623535156,159.61976623535156,18569633.0
2025-08-26,159.06551831221276,160.91296919643108,158.3265351395391,158.51129150390625,19136798.0
2025-08-27,159.4350267247091,160.1739958477746,157.67993982009722,158.0494384765625,17651957.0
2025-08-28,158.04943995629247,160.26637553611,157.95706176757812,157.95706176757812,13549874.0
2025-08-29,158.04943169216946,161.00535034234397,156.9409498652886,159.06552124023438,24772954.0
2025-09-01,159.0655322892235,161.190103811746,157.21808124267054,159.9892578125,20455877.0
2025-09-02,160.72822545761565,162.48329814360548,152.9689374528068,157.12570190429688,39028838.0
2025-09-03,157.12570073432082,158.9731515878934,155.370613966468,157.8646697998047,22960309.0
2025-09-04,157.86468079708132,159.15790494163045,155.09350432367486,155.92486572265625,20741653.0
2025-09-05,156.66384338284217,158.23417384313808,153.8002888238252,154.72401428222656,14976518.0
2025-09-08,153.15368388471396,154.2621516162636,150.8443702377639,153.2460479736328,16044058.0
2025-09-09,153.3384260636432,158.41891608382414,153.3384260636432,155.46299743652344,24781686.0
2025-09-10,156.29434754500505,157.58757166691464,153.33842884410512,157.4951934814453,17327833.0
2025-09-11,157.49519753592355,165.3468642752511,156.84859250578896,161.65196228027344,36235969.0
2025-09-12,161.28247784700048,162.66806609621892,158.88078591038214,160.1739959716797,22154286.0
2025-09-15,160.17399438179618,170.05786840406003,158.41892158817998,169.68836975097656,35308117.0
2025-09-16,170.3349787124837,175.23072674327835,168.48752768915986,174.58412170410156,27522682.0
2025-09-17,174.5841134342569,176.24682209547433,173.1985252323977,175.6925811767578,14312918.0
2025-09-18,176.43157134440779,179.57223242146605,175.60022402840193,176.80105590820312,18538290.0
2025-09-19,176.80104754712337,180.12646484375,175.78495799727165,180.12646484375,19364215.0
2025-09-22,182.435779950637,184.9298358955327,180.7730712890625,180.7730712890625,17349596.0
2025-09-23,180.49595346660143,182.71290307939998,178.5561384122015,180.6807098388672,16787076.0
2025-09-24,180.68070158699595,183.17475745442252,177.54002663603555,182.5281524658203,18512622.0
2025-09-25,183.8213804381113,186.31543654969204,182.15867166541315,185.29934692382812,21561231.0
2025-09-26,184.6527110081392,184.74508919070723,176.80104471753415,178.09426879882812,23552025.0
2025-09-29,178.0942743475942,180.4035880344278,175.96970293672086,178.55613708496094,19432437.0
2025-09-30,180.01783063862442,180.11389724690537,174.158133976149,179.15328979492188,21490118.0
2025-10-01,178.86510685524678,186.6460331762939,174.54237326748873,183.95632934570312,24827430.0
2025-10-02,183.95633218176079,186.74208800707024,182.5154209636269,183.4760284423828,13651150.0
2025-10-03,184.62874512071687,185.10904883573315,176.9438856804564,177.80844116210938,15210139.0
2025-10-06,177.9045074994338,178.00057411328942,173.58177371466388,174.83056640625,15079995.0
2025-10-07,174.2541920358006,175.0226809558707,172.14085849888806,173.4857177734375,16770813.0
2025-10-08,173.6778336102117,175.02267820592402,170.89206315094083,173.3896484375,15148189.0
2025-10-09,174.63844487839282,176.84784504028494,173.38965220795754,175.88723754882812,14580820.0
2025-10-10,175.8872364875897,176.27147361877124,170.79601388204563,173.4857177734375,16019739.0
2025-10-13,171.46843301524288,171.46843301524288,165.03236591203841,165.7047882080078,17736870.0
2025-10-14,165.70478249521597,169.64327884079344,165.41659733324823,167.24176025390625,17028270.0
2025-10-15,167.14569338625554,172.42903426915444,166.56932306322048,171.3723602294922,20627925.0
2025-10-16,171.0841961898936,173.101463081324,168.39449234361294,169.259033203125,12049723.0
2025-10-17,168.49054604785596,169.8354053138331,164.07176043660598,166.37721252441406,14187861.0
2025-10-20,166.56932856296578,171.66055105885576,165.1284173655086,170.41175842285156,19264501.0
2025-10-21,170.50782370337123,171.94873488959692,168.2023716684928,169.16297912597656,10765532.0
2025-10-22,170.50782523118494,175.98328485636333,170.31570666950805,174.54237365722656,19080336.0
2025-10-23,175.02267206963376,182.51541300890918,174.06206463274475,179.6335906982422,29375513.0
2025-10-24,181.55481815350356,187.7027003125499,178.96118082570925,184.24452209472656,34807805.0
2025-10-27,183.9563285452514,186.26178058560794,181.45874328677633,185.1090545654297,20181474.0
2025-10-28,185.10906230975107,189.7199812410756,184.82087712822317,188.9514923095703,9843044.0
2025-10-30,188.95149030445538,190.20028297268615,187.0302753249333,188.27906799316406,16631218.0
2025-10-31,187.9908770696695,191.44906979020925,186.742084439602,189.8160400390625,21755814.0
2025-11-03,189.81603653056126,193.08209597248594,188.66329587321718,190.87269592285156,29108283.0
2025-11-04,190.58451977687727,192.02543100903424,180.40208919759235,180.59420776367188,29499264.0
2025-11-05,180.7863267548319,188.7593718563887,180.30602300965023,187.70269775390625,27109060.0
2025-11-06,188.18299493719545,192.0254247646641,187.6066392576991,190.39239501953125,19202069.0
2025-11-07,190.10420500012725,192.12148647115689,188.75936045791164,190.2002716064453,15748631.0
2025-11-10,190.8727051650388,193.7545276325262,187.60664556496928,188.85543823242188,21996786.0
2025-11-11,188.7593736869629,190.29635154953252,180.4981433266389,184.8208770751953,22394375.0
2025-11-12,185.39723874584178,187.51057221451214,181.65087553582188,187.41452026367188,16057179.0
2025-11-13,187.2223902654298,191.73725710603344,185.4933085435125,189.91209411621094,21204189.0
2025-11-14,189.43179707475508,191.54513065444007,188.18300438657982,191.35301208496094,17311333.0
2025-11-17,192.1214868945005,196.54028695615648,189.81603491484896,193.7545166015625,26956467.0
2025-11-18,193.08210574879365,197.40483945958755,191.54512789965077,195.96392822265625,19147604.0
2025-11-19,195.8678626444317,200.28666299076406,195.8678626444317,198.36544799804688,18613050.0
2025-11-20,199.32604868819075,201.05514505413566,195.2915002727904,196.92453002929688,16681115.0
2025-11-21,196.2521095763881,196.2521095763881,190.68058330397494,193.46633911132812,15479991.0
2025-11-24,192.5057252441891,193.2742141282544,184.05239149258975,187.31845092773438,33943729.0
2025-11-25,187.60664936291226,188.27907168739722,179.53753749597084,182.5154266357422,25347154.0
2025-11-26,182.70754338560354,187.60664749378338,182.70754338560354,185.39724731445312,16260155.0
2025-11-27,185.97361683199946,186.5499725341797,183.7642166627075,186.5499725341797,15845398.0
2025-11-28,186.8381575936796,188.47118740203152,185.8775500996247,187.1263427734375,13119936.0
2025-12-01,187.31845874882222,191.6411924122566,186.06966609228868,191.160888671875,18605415.0
2025-12-02,191.06481243248305,193.65846422600862,190.2002716064453,190.2002716064453,21349644.0
2025-12-03,190.10421837797466,192.31361855941216,187.03027730966068,188.9514923095703,23565848.0
2025-12-04,188.95148462998955,191.9293736219016,188.27906233889198,189.2396697998047,15678263.0
2025-12-05,188.85543257865774,192.02542547182813,187.31845477892747,189.8160400390625,18630139.0
2025-12-08,190.0081653334878,193.75452869875474,189.04755783903914,191.2569580078125,17647205.0
2025-12-09,191.44906703854286,192.0254227118779,188.85542986426927,189.719970703125,12198007.0
2025-12-10,189.81603449658547,192.02541986483882,189.0475456191596,190.2002716064453,21659406.0
2025-12-11,190.39239024495072,192.79390882689435,188.37512343074175,189.6239013671875,19044105.0
2025-12-12,190.29634376926487,191.1608846205465,188.37512884845535,189.8160400390625,18911201.0
2025-12-15,190.0081546931098,191.16088069035456,187.31845092773438,187.31845092773438,19898047.0
2025-12-16,187.0302730318771,187.41452481769468,179.3454132080078,179.3454132080078,30436088.0
2025-12-17,179.44148357411942,183.28391356646586,179.153298393152,181.84300231933594,22416480.0
2025-12-18,182.1311876235655,183.47603225871404,180.20997262609205,181.26663208007812,15204905.0
2025-12-19,181.45874054725851,181.84299231998787,176.65570332093927,177.32814025878906,19888159.0
2025-12-22,178.00057426104053,179.0572337257925,175.2148036916965,178.3848114013672,19106846.0
2025-12-23,178.3847989600213,179.63359156554768,177.3281395689654,177.9044952392578,13621423.0
2025-12-24,177.90450386543748,180.88239294164467,176.5596592451738,180.59420776367188,13592120.0
2025-12-25,181.1705704196308,182.03511125909804,180.30601492245714,180.88238525390625,4793950.0
2025-12-26,180.59419684612135,180.69026345220706,177.0399522865421,177.80844116210938,7567211.0
2025-12-29,177.80845253174178,178.76906002319862,175.88723754882812,175.88723754882812,10411782.0
2025-12-30,176.07934619782267,179.05722045898438,176.07934619782267,179.05722045898438,10376796.0
2025-12-31,179.15329845546955,179.9217873857476,176.46359452835003,177.13601684570312,11055285.0
2026-01-02,177.2320721060197,179.92177586085015,177.13600549924828,179.6335906982422,9105038.0
2026-01-05,179.6335996805542,185.3972445900907,178.8651107610746,185.30117797851562,31954799.0
2026-01-06,185.30117170344573,192.21755708683747,184.14844569211593,192.12149047851562,23003714.0
2026-01-07,192.02543227720574,193.46634351887872,190.1042172883084,191.2569580078125,19011285.0
2026-01-08,189.91209980952513,190.9687739225583,187.7026996280876,188.9514923095703,14272728.0
2026-01-09,189.71998111715214,192.5057370021186,187.03027718749414,189.52786254882812,20138179.0
2026-01-12,190.2002739366052,195.57968148678367,188.9514813277024,195.00331115722656,22769820.0
2026-01-13,195.67574520676177,200.76696789840634,195.09938950024235,200.1905975341797,31053579.0
2026-01-14,200.09453751961968,211.8139456393244,199.61423378801123,209.89273071289062,38028391.0
2026-01-15,208.64394078823858,210.2769705653695,203.8409034097906,209.98880004882812,24579709.0
2026-01-16,209.9888050752493,214.88789452390975,208.6439457824684,213.73516845703125,20084909.0
2026-01-19,213.7351607764751,217.2894054623403,210.08484948111084,214.02334594726562,23062834.0
2026-01-20,214.11939274559026,219.01849655799637,213.63908902506833,217.96182250976562,25439672.0
2026-01-21,219.49880931759193,221.51609088993922,208.45182329066716,212.39031982421875,27079222.0
2026-01-22,214.59970671705867,218.44213666477827,210.85334338111483,217.76971435546875,21608394.0
2026-01-23,218.92243349015828,220.26729272398597,216.13667772917597,216.90516662597656,15704961.0
2026-01-26,215.6563732130412,219.21061785783954,214.88788431904808,218.05789184570312,16867108.0
2026-01-27,218.05789669544458,219.306689343744,214.31153340825315,218.25001525878906,18009461.0
2026-01-28,219.30668112147083,235.0606372483789,219.30668112147083,232.65911865234375,32929627.0
2026-01-29,234.38821652885636,238.61488342285156,231.3142756370684,238.61488342285156,30420218.0
2026-01-30,237.17397462324516,238.03853012681074,230.54578905110841,235.15670776367188,20940150.0
2026-02-02,230.44972617105606,230.44972617105606,217.6736585472671,220.55548095703125,37418300.0
2026-02-03,222.57275013351898,225.83882435939563,219.11457200093457,224.7821502685547,40104523.0
2026-02-04,225.26245676759592,228.3363978090025,220.17123413085938,220.17123413085938,25877682.0
2026-02-05,220.17122816777052,224.10972463952328,217.19335381925376,217.5775909423828,22289614.0
2026-02-06,217.67366217274946,220.0751808875516,213.83123222906602,214.21546936035156,21124725.0
2026-02-09,212.5824364764961,215.08000710897045,210.27696974916577,211.1415252685547,32632299.0
2026-02-10,212.29425415478192,213.25486163964518,205.08969801830742,205.95423889160156,28402519.0
2026-02-11,206.53060076377346,209.60454165755345,205.37787476081925,207.3951416015625,26532850.0
2026-02-12,208.4518169746202,215.0800025268596,207.58727613135642,214.50364685058594,33906997.0
2026-02-13,214.8878876152948,217.1933543326386,211.91001325973917,212.87062072753906,25622347.0
2026-02-16,213.83122940086062,217.3854741202167,213.25485905384858,214.69577026367188,24524623.0
2026-02-17,214.21547116366298,214.69577491066673,211.04546350189696,211.33364868164062,22831956.0
2026-02-18,211.8139438396883,215.08000332379365,209.60454376151986,213.35092163085938,38748424.0
2026-02-19,214.79183291121856,220.74759620373112,212.2942476638553,212.77455139160156,48542887.0
2026-02-20,212.87062072753906,215.27213939703879,208.9321242464768,212.87062072753906,28777488.0
2026-02-23,214.50364720090477,218.82638073969625,214.50364720090477,218.05789184570312,29764395.0
2026-02-24,219.01849695154138,219.59486728028588,212.5824300165242,213.25485229492188,28611549.0
2026-02-25,213.92727426753098,214.2154594314913,207.87544445518975,209.12423706054688,21523285.0
2026-02-26,209.508489707636,211.14151943329665,206.6266673713973,207.3951416015625,23197735.0
2026-02-27,208.35575290866095,209.89273071289062,204.12908593358927,209.89273071289062,30856689.0
2026-03-02,209.89273475303875,226.12699533080885,209.89273475303875,215.94456481933594,50537426.0
2026-03-03,221.42001852481923,230.35367079380444,220.84364818835314,225.7427520751953,56798538.0
2026-03-04,226.2230632831524,227.27973738237733,219.30669230539996,221.90032958984375,39760100.0
2026-03-05,225.646688942901,237.75034893350772,224.8782146927157,237.0779266357422,45689115.0
2026-03-06,239.86368590555438,253.36022399192635,239.67156734022984,247.83673095703125,60993877.0
2026-03-09,266.08826275043316,266.32841461212126,238.32671340236942,240.3920135498047,64828848.0
2026-03-10,230.06548838461597,242.07308172410532,230.06548838461597,238.23065185546875,62050964.0
2026-03-11,238.99914835333018,247.83673440040795,237.75035567480995,238.5188446044922,45119752.0
2026-03-12,246.39581955863804,254.32083129882812,240.39202278576673,254.32083129882812,48446845.0
2026-03-13,254.32083076317804,258.4034125601318,247.83673026213384,253.1200714111328,42790781.0
2026-03-16,259.75,261.0,252.0,255.0,30653684.0
2026-03-17,256.5,258.75,251.0,251.5,28368721.0
2026-03-18,251.5,257.25,248.5,254.75,43840739.0
2026-03-19,258.75,263.5,253.25,253.25,23336270.0
2026-03-23,255.25,265.75,249.39999389648438,255.0,74838120.0
2026-03-24,258.5,260.75,252.75,259.0,33435568.0
2026-03-25,254.5,257.0,248.0,250.5,32827948.0
2026-03-26,242.8000030517578,242.8000030517578,236.5,240.1999969482422,47877678.0
2026-03-27,240.6999969482422,241.5,234.0,240.5,83103613.0
2026-03-30,245.0,251.25,244.5,247.0,35658352.0
2026-03-31,245.1999969482422,262.75,241.5,258.25,52767272.0
2026-04-01,253.25,257.75,251.5,253.75,44303532.0
2026-04-02,260.0,261.5,253.0,256.0,36737138.0
2026-04-03,257.0,261.25,255.25,255.25,19513602.0
2026-04-06,257.25,260.25,253.75,256.5,28507877.0
2026-04-07,259.5,264.5,256.25,260.0,39634457.0
2026-04-08,246.0,253.75,240.1999969482422,251.0,94110678.0
2026-04-09,255.0,256.0,250.75,255.0,48998471.0
2026-04-10,253.5,256.25,251.75,254.5,35352476.0
2026-04-13,261.0,268.5,259.5,264.0,57422416.0
2026-04-14,262.0,272.5,260.75,267.5,47234842.0
2026-04-15,265.5,268.5,261.25,261.25,24203656.0
2026-04-16,262.25,268.0,261.5,268.0,28419888.0
2026-04-17,267.75,268.75,251.5,253.0,42934431.0
2026-04-20,260.25,261.25,254.25,255.0,29511652.0
2026-04-21,255.0,258.75,253.25,253.5,28761782.0
2026-04-22,253.75,264.25,253.75,263.0,31893926.0
2026-04-24,266.0,272.5,266.0,269.0,27516707.0
2026-04-27,270.5,275.5,270.25,274.0,24278073.0
2026-04-28,276.5,279.5,269.25,269.5,23526284.0
2026-04-29,271.75,276.5,270.5,275.5,20917057.0
2026-04-30,278.5,279.5,267.25,271.0,23820725.0
2026-05-04,270.75,274.75,265.0,271.0,28400167.0
2026-05-05,272.0,274.25,267.75,270.75,17750470.0
2026-05-06,269.5,274.0,259.75,271.0,40934848.0
2026-05-07,268.0,268.25,259.25,259.25,30381381.0
2026-05-08,262.0,262.75,258.5,258.5,21061523.0
2026-05-11,262.5,264.25,259.5,259.5,27915776.0
2026-05-12,261.0,262.5,254.5,255.0,26346926.0
2026-05-13,255.25,256.75,250.0,250.75,21811439.0
2026-05-14,250.75,255.5,250.75,253.5,13081691.0
2026-05-15,255.0,258.5,252.75,258.5,17959437.0
2026-05-18,261.0,263.25,250.0,254.0,18238590.0
2026-05-20,251.75,253.75,248.60000610351562,250.0,13220117.0
2026-05-21,249.10000610351562,253.5,240.0,241.6999969482422,14316169.0
2026-05-22,240.0,246.0,239.0,243.10000610351562,30889818.0
2026-05-25,238.10000610351562,239.0,232.3000030517578,234.10000610351562,20528914.0
2026-05-26,236.0,236.39999389648438,232.1999969482422,236.1999969482422,10920752.0
2026-05-27,236.1999969482422,236.1999969482422,236.1999969482422,236.1999969482422,0.0
2026-05-28,236.1999969482422,236.1999969482422,236.1999969482422,236.1999969482422,0.0
2026-05-29,236.1999969482422,236.1999969482422,236.1999969482422,236.1999969482422,0.0
2026-06-01,236.1999969482422,245.3000030517578,235.8000030517578,244.89999389648438,30772614.0
2026-06-02,241.8000030517578,250.25,238.1999969482422,250.25,24827128.0
2026-06-03,252.5,252.75,235.5,237.89999389648438,33696650.0
2026-06-04,239.0,239.8000030517578,227.39999389648438,232.1999969482422,30774067.0
2026-06-05,233.0,241.8000030517578,233.0,240.8000030517578,20110110.0
2026-06-08,245.5,246.0,236.89999389648438,238.8000030517578,19275785.0
2026-06-09,236.89999389648438,237.8000030517578,228.8000030517578,229.5,16657603.0
2026-06-10,230.0,237.39999389648438,230.0,234.8000030517578,18162758.0
2026-06-11,236.0,238.89999389648438,230.3000030517578,236.0,15396004.0
2026-06-12,231.1999969482422,235.6999969482422,230.3000030517578,233.8000030517578,21445851.0
2026-06-15,232.8000030517578,236.6999969482422,229.0,231.89999389648438,32241582.0
2026-06-16,231.89999389648438,233.10000610351562,225.1999969482422,225.39999389648438,29076894.0
2026-06-17,225.5,228.6999969482422,225.5,226.6999969482422,21270689.0
2026-06-18,226.8000030517578,227.60000610351562,222.5,224.10000610351562,22048287.0
2026-06-19,226.8000030517578,227.60000610351562,224.1999969482422,226.89999389648438,22166113.0
2026-06-22,226.10000610351562,226.10000610351562,220.6999969482422,220.6999969482422,17162322.0
2026-06-23,220.6999969482422,223.3000030517578,218.39999389648438,220.39999389648438,16678647.0
2026-06-24,220.0,220.8000030517578,216.10000610351562,216.8000030517578,13273572.0
2026-06-25,216.5,222.6999969482422,215.10000610351562,219.1999969482422,28116816.0
2026-06-26,218.1999969482422,220.10000610351562,217.5,219.1999969482422,11219800.0
2026-06-29,219.6999969482422,222.6999969482422,217.3000030517578,219.3000030517578,16066043.0
2026-06-30,220.0,227.60000610351562,218.1999969482422,227.5,29482139.0
2026-07-01,227.5,238.6999969482422,226.0,236.3000030517578,31094935.0
2026-07-02,236.10000610351562,241.5,235.0,239.8000030517578,24457336.0
2026-07-03,240.0,249.60000610351562,239.1999969482422,248.1999969482422,26165214.0
2026-07-06,248.3000030517578,252.25,243.0,247.39999389648438,21104772.0
2026-07-07,247.8000030517578,259.25,247.8000030517578,258.0,27252807.0
2026-07-08,260.5,265.75,255.25,256.5,39550021.0
2026-07-09,258.0,264.25,257.5,264.25,20337023.0
2026-07-10,264.25,270.0,262.25,267.0,25522430.0
2026-07-13,271.5,273.0,266.5,268.25,24414654.0
2026-07-14,270.0,273.5,267.75,270.75,24519320.0
2026-07-16,271.25,286.75,271.25,286.25,29371641.0
2026-07-17,287.0,289.75,283.25,289.25,23702496.0
2026-07-20,292.5,308.75,292.5,307.5,41016904.0
2026-07-21,306.75,312.0,304.5,309.5,24005434.0
2026-07-22,309.5,317.75,307.0,313.75,22169390.0
2026-07-23,314.0,320.25,309.75,314.5,27083734.0
2026-07-24,313.0,314.25,303.0,304.25,28589413.0
2026-07-27,297.5,301.0,291.25,292.25,25754983.0
2026-07-28,292.25,299.0,289.0,293.5,19989215.0
2026-07-29,297.5,301.5,290.0,297.75,25309047.0
2026-07-30,303.0,303.0,285.0,288.0,22983322.0
2026-07-31,288.0,295.75,285.75,295.25,22052293.0
2026-08-03,293.0,295.75,286.5,290.5,21759393.0
2026-08-04,293.25,295.5,283.0,290.25,30714332.0
2026-08-05,299.0,310.5,295.5,303.75,54128289.0
2026-08-06,304.25,323.5,303.5,321.5,42412282.0
2026-08-07,322.75,332.0,318.25,323.5,36486193.0
2026-08-10,325.0,342.5,323.75,340.0,38603793.0
2026-08-11,342.75,344.75,329.75,336.5,39267266.0
2026-08-12,337.5,353.5,337.5,351.25,35147541.0
2026-08-13,351.5,357.0,343.25,346.0,22784976.0
2026-08-14,350.0,364.5,345.75,361.75,34621634.0
2026-08-17,362.5,373.5,361.0,368.75,25997605.0
2026-08-18,372.0,374.5,364.25,374.0,26573759.0
2026-08-19,374.25,398.25,373.0,395.5,40012823.0
2026-08-20,398.0,402.75,390.75,395.25,29319183.0
2026-08-21,396.0,406.75,391.0,406.75,25718838.0
2026-08-24,407.0,407.5,399.25,400.5,22741600.0
2026-08-25,398.5,402.0,373.75,373.75,44737737.0
2026-08-26,369.75,382.75,366.5,380.0,34726936.0
2026-08-27,380.0,386.75,378.75,380.75,21153855.0
2026-08-28,382.0,396.0,380.75,396.0,28201225.0
2026-08-31,406.0,406.25,397.25,400.25,35328555.0
2026-09-01,404.0,417.25,400.0,402.75,29832344.0
2026-09-02,402.75,403.0,390.5,392.25,34117361.0
2026-09-03,392.5,397.5,387.75,391.0,41601426.0
2026-09-04,390.75,393.5,382.5,388.5,23202707.0
2026-09-08,399.0,405.5,385.5,394.5,38568591.0
2026-09-09,399.0,418.0,398.0,414.25,41065976.0
2026-09-10,414.25,423.0,410.0,416.75,34086527.0
2026-09-11,420.75,421.0,410.5,413.5,20262288.0
2026-09-14,417.5,420.5,411.75,415.75,21816629.0
2026-09-15,415.75,418.25,402.75,412.5,22225264.0
2026-09-16,411.5,413.0,380.0,401.75,32764924.0
