Date,Ticker,Target,Probability,Signal
2026-01-07,AKBNK.IS,0,0.46906403,-1
2026-01-07,ALARK.IS,0,0.4630234,-1
2026-01-07,ARCLK.IS,0,0.46057403,-1
2026-01-07,ASELS.IS,1,0.44564596,-1
2026-01-07,ASTOR.IS,1,0.5814844,1
2026-01-07,BIMAS.IS,1,0.4891708,0
2026-01-07,EKGYO.IS,0,0.49380738,0
2026-01-07,ENKAI.IS,0,0.4610481,-1
2026-01-07,EREGL.IS,1,0.38854915,-1
2026-01-07,FROTO.IS,1,0.43302026,-1
2026-01-07,GARAN.IS,0,0.42704752,-1
2026-01-07,ISCTR.IS,0,0.46363574,-1
2026-01-07,KCHOL.IS,1,0.47391996,-1
2026-01-07,KRDMD.IS,1,0.4357694,-1
2026-01-07,MGROS.IS,1,0.455338,-1
2026-01-07,PETKM.IS,0,0.43111092,-1
2026-01-07,PGSUS.IS,0,0.4252076,-1
2026-01-07,SAHOL.IS,1,0.46956873,-1
2026-01-07,SASA.IS,0,0.38573626,-1
2026-01-07,SISE.IS,0,0.42009473,-1
2026-01-07,TAVHL.IS,0,0.4859396,0
2026-01-07,TCELL.IS,1,0.41603744,-1
2026-01-07,THYAO.IS,0,0.47364494,-1
2026-01-07,TOASO.IS,0,0.48131147,0
2026-01-07,TTKOM.IS,0,0.4500614,-1
2026-01-07,TUPRS.IS,1,0.43093783,-1
2026-01-07,ULKER.IS,1,0.42333183,-1
2026-01-07,YKBNK.IS,0,0.45457554,-1
2026-01-08,AKBNK.IS,0,0.4794474,-1
2026-01-08,ALARK.IS,0,0.50438446,0
2026-01-08,ARCLK.IS,0,0.48958305,0
2026-01-08,ASELS.IS,1,0.46567726,-1
2026-01-08,ASTOR.IS,1,0.558496,1
2026-01-08,BIMAS.IS,1,0.49060273,0
2026-01-08,EKGYO.IS,0,0.48807678,0
2026-01-08,ENKAI.IS,0,0.47040722,-1
2026-01-08,EREGL.IS,1,0.4310144,-1
2026-01-08,FROTO.IS,1,0.45735452,-1
2026-01-08,GARAN.IS,0,0.45262998,-1
2026-01-08,ISCTR.IS,0,0.44823697,-1
2026-01-08,KCHOL.IS,1,0.46801025,-1
2026-01-08,KRDMD.IS,0,0.5027551,0
2026-01-08,MGROS.IS,1,0.48258606,0
2026-01-08,PETKM.IS,1,0.45397478,-1
2026-01-08,PGSUS.IS,0,0.4181992,-1
2026-01-08,SAHOL.IS,1,0.47005293,-1
2026-01-08,SASA.IS,0,0.3871846,-1
2026-01-08,SISE.IS,0,0.4518443,-1
2026-01-08,TAVHL.IS,0,0.49372903,0
2026-01-08,TCELL.IS,1,0.42654976,-1
2026-01-08,THYAO.IS,0,0.49153516,0
2026-01-08,TOASO.IS,1,0.47954765,-1
2026-01-08,TTKOM.IS,1,0.45060885,-1
2026-01-08,TUPRS.IS,1,0.43825,-1
2026-01-08,ULKER.IS,1,0.4550203,-1
2026-01-08,YKBNK.IS,0,0.49261734,0
2026-01-09,AKBNK.IS,0,0.45662755,-1
2026-01-09,ALARK.IS,1,0.46716765,-1
2026-01-09,ARCLK.IS,1,0.42603305,-1
2026-01-09,ASELS.IS,1,0.44669288,-1
2026-01-09,ASTOR.IS,1,0.5164379,0
2026-01-09,BIMAS.IS,1,0.49076375,0
2026-01-09,EKGYO.IS,1,0.4697975,-1
2026-01-09,ENKAI.IS,1,0.41981894,-1
2026-01-09,EREGL.IS,1,0.4306435,-1
2026-01-09,FROTO.IS,1,0.44944078,-1
2026-01-09,GARAN.IS,0,0.44290087,-1
2026-01-09,ISCTR.IS,0,0.43267313,-1
2026-01-09,KCHOL.IS,1,0.4491506,-1
2026-01-09,KRDMD.IS,1,0.46108592,-1
2026-01-09,MGROS.IS,1,0.4568113,-1
2026-01-09,PETKM.IS,0,0.43543807,-1
2026-01-09,PGSUS.IS,0,0.40999782,-1
2026-01-09,SAHOL.IS,1,0.4630022,-1
2026-01-09,SISE.IS,0,0.43197212,-1
2026-01-09,TAVHL.IS,0,0.45757204,-1
2026-01-09,TCELL.IS,1,0.431685,-1
2026-01-09,THYAO.IS,0,0.47641322,-1
2026-01-09,TOASO.IS,1,0.47559935,-1
2026-01-09,TTKOM.IS,1,0.43683767,-1
2026-01-09,TUPRS.IS,1,0.41922304,-1
2026-01-09,ULKER.IS,1,0.41228467,-1
2026-01-09,YKBNK.IS,0,0.48651916,0
2026-01-12,AKBNK.IS,1,0.4264085,-1
2026-01-12,ALARK.IS,1,0.43802655,-1
2026-01-12,ARCLK.IS,1,0.47203502,-1
2026-01-12,ASELS.IS,1,0.42890474,-1
2026-01-12,ASTOR.IS,1,0.40939194,-1
2026-01-12,BIMAS.IS,0,0.4559695,-1
2026-01-12,EKGYO.IS,1,0.46738264,-1
2026-01-12,ENKAI.IS,1,0.4346268,-1
2026-01-12,EREGL.IS,1,0.41868025,-1
2026-01-12,FROTO.IS,1,0.43945026,-1
2026-01-12,GARAN.IS,0,0.42274484,-1
2026-01-12,ISCTR.IS,0,0.42847577,-1
2026-01-12,KCHOL.IS,0,0.42452604,-1
2026-01-12,KRDMD.IS,1,0.45952305,-1
2026-01-12,MGROS.IS,1,0.44656694,-1
2026-01-12,PETKM.IS,0,0.40321246,-1
2026-01-12,PGSUS.IS,0,0.39686587,-1
2026-01-12,SAHOL.IS,0,0.46983442,-1
2026-01-12,SISE.IS,0,0.43828407,-1
2026-01-12,TAVHL.IS,0,0.44499075,-1
2026-01-12,TCELL.IS,1,0.44597116,-1
2026-01-12,THYAO.IS,0,0.45692384,-1
2026-01-12,TOASO.IS,0,0.43961975,-1
2026-01-12,TTKOM.IS,1,0.42850775,-1
2026-01-12,TUPRS.IS,1,0.42061332,-1
2026-01-12,ULKER.IS,1,0.4640219,-1
2026-01-12,YKBNK.IS,0,0.47683048,-1
2026-01-13,AKBNK.IS,1,0.44741306,-1
2026-01-13,ALARK.IS,1,0.47314557,-1
2026-01-13,ARCLK.IS,0,0.47932646,-1
2026-01-13,ASELS.IS,1,0.4330846,-1
2026-01-13,ASTOR.IS,1,0.4420237,-1
2026-01-13,BIMAS.IS,0,0.44816217,-1
2026-01-13,EKGYO.IS,1,0.4939011,0
2026-01-13,ENKAI.IS,0,0.45362473,-1
2026-01-13,EREGL.IS,0,0.4488676,-1
2026-01-13,FROTO.IS,0,0.44967422,-1
2026-01-13,GARAN.IS,0,0.44164628,-1
2026-01-13,ISCTR.IS,0,0.45303395,-1
2026-01-13,KCHOL.IS,0,0.4689039,-1
2026-01-13,KRDMD.IS,0,0.49916917,0
2026-01-13,MGROS.IS,0,0.4516468,-1
2026-01-13,PETKM.IS,0,0.44634387,-1
2026-01-13,PGSUS.IS,0,0.41502532,-1
2026-01-13,SAHOL.IS,0,0.47578117,-1
2026-01-13,SISE.IS,0,0.44106647,-1
2026-01-13,TAVHL.IS,0,0.47579703,-1
2026-01-13,TCELL.IS,0,0.44331563,-1
2026-01-13,THYAO.IS,0,0.45032263,-1
2026-01-13,TOASO.IS,0,0.44721144,-1
2026-01-13,TTKOM.IS,1,0.43232653,-1
2026-01-13,TUPRS.IS,1,0.45028424,-1
2026-01-13,ULKER.IS,1,0.44624054,-1
2026-01-13,YKBNK.IS,0,0.4871964,0
2026-01-14,AKBNK.IS,1,0.46410936,-1
2026-01-14,ALARK.IS,1,0.51581013,0
2026-01-14,ARCLK.IS,0,0.51835567,0
2026-01-14,ASELS.IS,1,0.50602585,0
2026-01-14,ASTOR.IS,0,0.44894263,-1
2026-01-14,BIMAS.IS,0,0.45121026,-1
2026-01-14,EKGYO.IS,1,0.47081923,-1
2026-01-14,ENKAI.IS,0,0.4682238,-1
2026-01-14,EREGL.IS,0,0.49770212,0
2026-01-14,FROTO.IS,0,0.5018893,0
2026-01-14,GARAN.IS,1,0.456312,-1
2026-01-14,ISCTR.IS,0,0.47012812,-1
2026-01-14,KCHOL.IS,0,0.46189392,-1
2026-01-14,KRDMD.IS,1,0.50829214,0
2026-01-14,MGROS.IS,0,0.43773618,-1
2026-01-14,PETKM.IS,0,0.4602328,-1
2026-01-14,PGSUS.IS,0,0.42602766,-1
2026-01-14,SAHOL.IS,0,0.4837551,0
2026-01-14,SASA.IS,0,0.54705644,1
2026-01-14,SISE.IS,0,0.45366746,-1
2026-01-14,TAVHL.IS,0,0.47535732,0
2026-01-14,TCELL.IS,1,0.4625478,-1
2026-01-14,THYAO.IS,1,0.4477052,-1
2026-01-14,TOASO.IS,0,0.46783996,-1
2026-01-14,TTKOM.IS,1,0.46352887,-1
2026-01-14,TUPRS.IS,0,0.45191243,-1
2026-01-14,ULKER.IS,0,0.47816864,0
2026-01-14,YKBNK.IS,1,0.4707679,-1
2026-01-15,AKBNK.IS,1,0.4777241,0
2026-01-15,ALARK.IS,1,0.47856867,0
2026-01-15,ARCLK.IS,0,0.5427979,0
2026-01-15,ASELS.IS,0,0.43505663,0
2026-01-15,ASTOR.IS,0,0.43257505,0
2026-01-15,BIMAS.IS,0,0.48460498,0
2026-01-15,EKGYO.IS,1,0.5192123,0
2026-01-15,ENKAI.IS,0,0.49768817,0
2026-01-15,EREGL.IS,1,0.5041849,0
2026-01-15,FROTO.IS,0,0.46370545,0
2026-01-15,GARAN.IS,0,0.480443,0
2026-01-15,ISCTR.IS,0,0.47022536,0
2026-01-15,KCHOL.IS,0,0.47061104,0
2026-01-15,KRDMD.IS,1,0.51215637,0
2026-01-15,MGROS.IS,0,0.44930547,0
2026-01-15,PETKM.IS,1,0.465208,0
2026-01-15,PGSUS.IS,0,0.46664342,0
2026-01-15,SAHOL.IS,0,0.48203632,0
2026-01-15,SASA.IS,0,0.5625134,0
2026-01-15,SISE.IS,0,0.47995052,0
2026-01-15,TAVHL.IS,0,0.5239537,0
2026-01-15,TCELL.IS,1,0.49498525,0
2026-01-15,THYAO.IS,1,0.48105732,0
2026-01-15,TOASO.IS,1,0.4652663,0
2026-01-15,TTKOM.IS,1,0.46777555,0
2026-01-15,TUPRS.IS,1,0.47910514,0
2026-01-15,ULKER.IS,0,0.46099064,0
2026-01-15,YKBNK.IS,1,0.47656414,0
2026-01-16,AKBNK.IS,1,0.44005036,-1
2026-01-16,ALARK.IS,1,0.4635724,-1
2026-01-16,ARCLK.IS,0,0.50048435,0
2026-01-16,ASELS.IS,0,0.46229845,-1
2026-01-16,ASTOR.IS,1,0.46585023,-1
2026-01-16,BIMAS.IS,0,0.43031964,-1
2026-01-16,EKGYO.IS,0,0.4556143,-1
2026-01-16,ENKAI.IS,0,0.42117798,-1
2026-01-16,EREGL.IS,1,0.5209321,0
2026-01-16,FROTO.IS,0,0.46592453,-1
2026-01-16,GARAN.IS,1,0.4432493,-1
2026-01-16,ISCTR.IS,1,0.43986273,-1
2026-01-16,KCHOL.IS,0,0.45192528,-1
2026-01-16,KRDMD.IS,1,0.4962143,0
2026-01-16,MGROS.IS,0,0.44070676,-1
2026-01-16,PETKM.IS,1,0.43898746,-1
2026-01-16,PGSUS.IS,0,0.42075843,-1
2026-01-16,SAHOL.IS,1,0.4613081,-1
2026-01-16,SISE.IS,0,0.43787783,-1
2026-01-16,TAVHL.IS,0,0.4691508,-1
2026-01-16,TCELL.IS,1,0.45865074,-1
2026-01-16,THYAO.IS,1,0.4479777,-1
2026-01-16,TOASO.IS,1,0.46590674,-1
2026-01-16,TTKOM.IS,1,0.45920822,-1
2026-01-16,TUPRS.IS,0,0.46351883,-1
2026-01-16,ULKER.IS,0,0.49524322,0
2026-01-16,YKBNK.IS,1,0.4888382,0
2026-01-19,AKBNK.IS,0,0.44661543,-1
2026-01-19,ALARK.IS,0,0.4796423,0
2026-01-19,ARCLK.IS,0,0.48226643,0
2026-01-19,ASELS.IS,0,0.48546848,0
2026-01-19,ASTOR.IS,0,0.4731584,-1
2026-01-19,BIMAS.IS,0,0.4193115,-1
2026-01-19,EKGYO.IS,1,0.48410743,0
2026-01-19,ENKAI.IS,0,0.44175538,-1
2026-01-19,EREGL.IS,1,0.4793839,0
2026-01-19,FROTO.IS,1,0.4694364,-1
2026-01-19,GARAN.IS,0,0.43982458,-1
2026-01-19,ISCTR.IS,1,0.41963628,-1
2026-01-19,KCHOL.IS,0,0.4637432,-1
2026-01-19,KRDMD.IS,0,0.49102694,0
2026-01-19,MGROS.IS,0,0.46971014,-1
2026-01-19,PETKM.IS,1,0.42955405,-1
2026-01-19,PGSUS.IS,0,0.40115014,-1
2026-01-19,SAHOL.IS,0,0.46033537,-1
2026-01-19,SASA.IS,1,0.5402944,1
2026-01-19,SISE.IS,0,0.41893464,-1
2026-01-19,TAVHL.IS,0,0.47801462,0
2026-01-19,TCELL.IS,1,0.45798725,-1
2026-01-19,THYAO.IS,0,0.43455562,-1
2026-01-19,TOASO.IS,1,0.45888254,-1
2026-01-19,TTKOM.IS,1,0.45430303,-1
2026-01-19,TUPRS.IS,0,0.46717545,-1
2026-01-19,ULKER.IS,0,0.4650188,-1
2026-01-19,YKBNK.IS,0,0.47332716,-1
2026-01-20,AKBNK.IS,0,0.48608714,0
2026-01-20,ALARK.IS,0,0.48225212,0
2026-01-20,ARCLK.IS,1,0.43599427,-1
2026-01-20,ASELS.IS,0,0.4592934,-1
2026-01-20,ASTOR.IS,1,0.4624903,-1
2026-01-20,BIMAS.IS,0,0.46121365,-1
2026-01-20,EKGYO.IS,1,0.4846785,0
2026-01-20,ENKAI.IS,1,0.4287071,-1
2026-01-20,EREGL.IS,1,0.41766593,-1
2026-01-20,FROTO.IS,1,0.46137896,-1
2026-01-20,GARAN.IS,0,0.45094952,-1
2026-01-20,ISCTR.IS,1,0.44390765,-1
2026-01-20,KCHOL.IS,1,0.47722632,0
2026-01-20,KRDMD.IS,1,0.4515065,-1
2026-01-20,MGROS.IS,0,0.4735119,-1
2026-01-20,PETKM.IS,1,0.44800425,-1
2026-01-20,PGSUS.IS,0,0.40139815,-1
2026-01-20,SAHOL.IS,1,0.4609234,-1
2026-01-20,SASA.IS,1,0.5919344,1
2026-01-20,SISE.IS,1,0.39751652,-1
2026-01-20,TAVHL.IS,1,0.4843985,0
2026-01-20,TCELL.IS,1,0.46312526,-1
2026-01-20,THYAO.IS,0,0.44515926,-1
2026-01-20,TOASO.IS,1,0.47500342,0
2026-01-20,TTKOM.IS,1,0.47239128,-1
2026-01-20,TUPRS.IS,0,0.47292322,-1
2026-01-20,ULKER.IS,0,0.44050282,-1
2026-01-20,YKBNK.IS,0,0.47830868,0
2026-01-21,AKBNK.IS,1,0.45290527,0
2026-01-21,ALARK.IS,0,0.45548645,0
2026-01-21,ARCLK.IS,0,0.47495642,0
2026-01-21,ASELS.IS,0,0.4095369,0
2026-01-21,ASTOR.IS,1,0.46069276,0
2026-01-21,BIMAS.IS,0,0.46533948,0
2026-01-21,EKGYO.IS,0,0.4732359,0
2026-01-21,ENKAI.IS,1,0.4367949,0
2026-01-21,EREGL.IS,1,0.42856413,0
2026-01-21,FROTO.IS,1,0.44346252,0
2026-01-21,GARAN.IS,0,0.4324756,0
2026-01-21,ISCTR.IS,0,0.43963054,0
2026-01-21,KCHOL.IS,0,0.4381585,0
2026-01-21,KRDMD.IS,0,0.48393452,0
2026-01-21,MGROS.IS,0,0.45379636,0
2026-01-21,PETKM.IS,1,0.431499,0
2026-01-21,PGSUS.IS,0,0.38830993,0
2026-01-21,SAHOL.IS,1,0.42273706,0
2026-01-21,SASA.IS,1,0.5267035,0
2026-01-21,SISE.IS,1,0.40229598,0
2026-01-21,TAVHL.IS,1,0.45679545,0
2026-01-21,TCELL.IS,1,0.4418235,0
2026-01-21,THYAO.IS,0,0.43135458,0
2026-01-21,TOASO.IS,1,0.4364404,0
2026-01-21,TTKOM.IS,0,0.4548958,0
2026-01-21,TUPRS.IS,1,0.47783682,0
2026-01-21,ULKER.IS,0,0.45703447,0
2026-01-21,YKBNK.IS,0,0.45193672,0
2026-01-22,AKBNK.IS,1,0.47615796,0
2026-01-22,ALARK.IS,0,0.4868285,0
2026-01-22,ARCLK.IS,0,0.5126375,0
2026-01-22,ASELS.IS,0,0.4619484,0
2026-01-22,ASTOR.IS,0,0.4702,0
2026-01-22,BIMAS.IS,1,0.5179644,0
2026-01-22,EKGYO.IS,0,0.49180034,0
2026-01-22,ENKAI.IS,1,0.47725755,0
2026-01-22,EREGL.IS,0,0.45943063,0
2026-01-22,FROTO.IS,1,0.49283862,0
2026-01-22,GARAN.IS,0,0.47093242,0
2026-01-22,ISCTR.IS,1,0.46612054,0
2026-01-22,KCHOL.IS,0,0.4768099,0
2026-01-22,KRDMD.IS,0,0.5063348,0
2026-01-22,MGROS.IS,0,0.47449845,0
2026-01-22,PETKM.IS,0,0.4820741,0
2026-01-22,PGSUS.IS,0,0.4223495,0
2026-01-22,SAHOL.IS,1,0.4677223,0
2026-01-22,SASA.IS,1,0.6167032,1
2026-01-22,SISE.IS,1,0.45233163,0
2026-01-22,TAVHL.IS,0,0.479545,0
2026-01-22,TCELL.IS,0,0.4621423,0
2026-01-22,THYAO.IS,0,0.46150762,0
2026-01-22,TOASO.IS,1,0.4629405,0
2026-01-22,TTKOM.IS,0,0.4822885,0
2026-01-22,TUPRS.IS,1,0.5039692,0
2026-01-22,ULKER.IS,0,0.4992374,0
2026-01-22,YKBNK.IS,0,0.48404425,0
2026-01-23,AKBNK.IS,1,0.48489612,0
2026-01-23,ALARK.IS,0,0.4852198,0
2026-01-23,ARCLK.IS,0,0.52491087,1
2026-01-23,ASELS.IS,0,0.47368366,-1
2026-01-23,ASTOR.IS,0,0.46797943,-1
2026-01-23,BIMAS.IS,0,0.50848174,0
2026-01-23,EKGYO.IS,1,0.5035251,0
2026-01-23,ENKAI.IS,1,0.47762814,-1
2026-01-23,EREGL.IS,0,0.46905658,-1
2026-01-23,FROTO.IS,1,0.491939,0
2026-01-23,GARAN.IS,1,0.50142103,0
2026-01-23,ISCTR.IS,1,0.46520808,-1
2026-01-23,KCHOL.IS,0,0.46735078,-1
2026-01-23,KRDMD.IS,0,0.50486887,0
2026-01-23,MGROS.IS,0,0.46794435,-1
2026-01-23,PETKM.IS,0,0.51111096,0
2026-01-23,PGSUS.IS,0,0.42554295,-1
2026-01-23,SAHOL.IS,1,0.47867206,-1
2026-01-23,SASA.IS,0,0.5331111,1
2026-01-23,SISE.IS,1,0.4462536,-1
2026-01-23,TAVHL.IS,0,0.48647684,0
2026-01-23,TCELL.IS,0,0.47191796,-1
2026-01-23,THYAO.IS,0,0.48002413,0
2026-01-23,TOASO.IS,1,0.48706287,0
2026-01-23,TTKOM.IS,0,0.47896257,-1
2026-01-23,TUPRS.IS,1,0.50017065,0
2026-01-23,ULKER.IS,0,0.46678457,-1
2026-01-23,YKBNK.IS,0,0.5217933,1
2026-01-26,AKBNK.IS,1,0.4642304,-1
2026-01-26,ALARK.IS,0,0.47856987,0
2026-01-26,ARCLK.IS,0,0.508079,0
2026-01-26,ASELS.IS,0,0.46933755,0
2026-01-26,ASTOR.IS,0,0.4642479,-1
2026-01-26,BIMAS.IS,1,0.47799933,0
2026-01-26,EKGYO.IS,1,0.48067978,0
2026-01-26,ENKAI.IS,1,0.44946635,-1
2026-01-26,EREGL.IS,0,0.477376,0
2026-01-26,FROTO.IS,1,0.4792293,0
2026-01-26,GARAN.IS,1,0.4689785,0
2026-01-26,ISCTR.IS,1,0.47234952,0
2026-01-26,KCHOL.IS,0,0.4512107,-1
2026-01-26,KRDMD.IS,0,0.48998225,0
2026-01-26,MGROS.IS,0,0.4480082,-1
2026-01-26,PETKM.IS,0,0.51612186,0
2026-01-26,PGSUS.IS,0,0.42190045,-1
2026-01-26,SAHOL.IS,1,0.45947614,-1
2026-01-26,SISE.IS,1,0.450659,-1
2026-01-26,TAVHL.IS,1,0.47793084,0
2026-01-26,TCELL.IS,0,0.46394345,-1
2026-01-26,THYAO.IS,0,0.46202198,-1
2026-01-26,TOASO.IS,1,0.46026245,-1
2026-01-26,TTKOM.IS,0,0.48347226,0
2026-01-26,TUPRS.IS,0,0.4837558,0
2026-01-26,ULKER.IS,0,0.46312892,-1
2026-01-26,YKBNK.IS,1,0.46857008,-1
2026-01-27,AKBNK.IS,1,0.48069182,0
2026-01-27,ALARK.IS,0,0.48926157,0
2026-01-27,ARCLK.IS,0,0.4754916,0
2026-01-27,ASELS.IS,0,0.46149674,-1
2026-01-27,ASTOR.IS,0,0.43932617,-1
2026-01-27,BIMAS.IS,1,0.476855,0
2026-01-27,EKGYO.IS,1,0.47823745,0
2026-01-27,ENKAI.IS,1,0.42620844,-1
2026-01-27,EREGL.IS,0,0.47056732,0
2026-01-27,FROTO.IS,1,0.44989383,-1
2026-01-27,GARAN.IS,1,0.46561307,-1
2026-01-27,ISCTR.IS,1,0.45800155,-1
2026-01-27,KCHOL.IS,0,0.45602757,-1
2026-01-27,KRDMD.IS,0,0.48349014,0
2026-01-27,MGROS.IS,1,0.4746121,0
2026-01-27,PETKM.IS,0,0.52924204,0
2026-01-27,PGSUS.IS,1,0.41741994,-1
2026-01-27,SAHOL.IS,1,0.44391802,-1
2026-01-27,SASA.IS,0,0.452626,-1
2026-01-27,SISE.IS,1,0.438132,-1
2026-01-27,TAVHL.IS,1,0.44868425,-1
2026-01-27,TCELL.IS,0,0.4514413,-1
2026-01-27,THYAO.IS,1,0.4586064,-1
2026-01-27,TOASO.IS,0,0.4890914,0
2026-01-27,TTKOM.IS,0,0.47006628,0
2026-01-27,TUPRS.IS,0,0.47022843,0
2026-01-27,ULKER.IS,1,0.46225515,-1
2026-01-27,YKBNK.IS,1,0.4756477,0
2026-01-28,AKBNK.IS,0,0.45267743,-1
2026-01-28,ALARK.IS,0,0.5155768,0
2026-01-28,ARCLK.IS,1,0.50704914,0
2026-01-28,ASELS.IS,0,0.47020543,0
2026-01-28,ASTOR.IS,0,0.43007123,-1
2026-01-28,BIMAS.IS,1,0.49954116,0
2026-01-28,EKGYO.IS,1,0.50237554,0
2026-01-28,ENKAI.IS,1,0.46359968,0
2026-01-28,EREGL.IS,0,0.48645753,0
2026-01-28,FROTO.IS,1,0.48623484,0
2026-01-28,GARAN.IS,1,0.49247208,0
2026-01-28,ISCTR.IS,1,0.5057926,0
2026-01-28,KCHOL.IS,0,0.48684642,0
2026-01-28,KRDMD.IS,0,0.5160819,0
2026-01-28,MGROS.IS,1,0.44672588,-1
2026-01-28,PETKM.IS,0,0.54458886,1
2026-01-28,PGSUS.IS,1,0.42372236,-1
2026-01-28,SAHOL.IS,0,0.45488504,-1
2026-01-28,SISE.IS,1,0.48645177,0
2026-01-28,TAVHL.IS,0,0.45516706,-1
2026-01-28,TCELL.IS,0,0.4548796,-1
2026-01-28,THYAO.IS,1,0.45760798,-1
2026-01-28,TOASO.IS,0,0.4971882,0
2026-01-28,TTKOM.IS,1,0.47328973,0
2026-01-28,TUPRS.IS,0,0.47438583,0
2026-01-28,ULKER.IS,1,0.4740445,0
2026-01-28,YKBNK.IS,1,0.5090405,0
2026-01-29,AKBNK.IS,0,0.4525919,-1
2026-01-29,ALARK.IS,1,0.4909807,0
2026-01-29,ARCLK.IS,1,0.45930636,0
2026-01-29,ASELS.IS,0,0.42779323,-1
2026-01-29,ASTOR.IS,0,0.43103608,-1
2026-01-29,BIMAS.IS,1,0.43899855,-1
2026-01-29,EKGYO.IS,0,0.46659845,0
2026-01-29,ENKAI.IS,1,0.4737254,0
2026-01-29,EREGL.IS,1,0.46563148,0
2026-01-29,FROTO.IS,1,0.458555,-1
2026-01-29,GARAN.IS,0,0.46744785,0
2026-01-29,ISCTR.IS,1,0.46507633,0
2026-01-29,KCHOL.IS,1,0.44580233,-1
2026-01-29,KRDMD.IS,1,0.4964194,0
2026-01-29,MGROS.IS,1,0.4241113,-1
2026-01-29,PETKM.IS,0,0.56452936,1
2026-01-29,PGSUS.IS,1,0.4014375,-1
2026-01-29,SAHOL.IS,0,0.44219658,-1
2026-01-29,SISE.IS,1,0.44771427,-1
2026-01-29,TAVHL.IS,1,0.45800555,-1
2026-01-29,TCELL.IS,1,0.45652208,-1
2026-01-29,THYAO.IS,1,0.4409229,-1
2026-01-29,TOASO.IS,1,0.48744088,0
2026-01-29,TTKOM.IS,1,0.4607578,0
2026-01-29,TUPRS.IS,0,0.46380997,0
2026-01-29,ULKER.IS,1,0.4405961,-1
2026-01-29,YKBNK.IS,0,0.4553326,-1
2026-01-30,AKBNK.IS,0,0.44746396,0
2026-01-30,ALARK.IS,1,0.49635336,0
2026-01-30,ARCLK.IS,1,0.50562775,0
2026-01-30,ASELS.IS,0,0.46647972,0
2026-01-30,ASTOR.IS,0,0.4522668,0
2026-01-30,BIMAS.IS,1,0.4457397,0
2026-01-30,EKGYO.IS,0,0.43585506,0
2026-01-30,ENKAI.IS,0,0.4661849,0
2026-01-30,EREGL.IS,1,0.4768099,0
2026-01-30,FROTO.IS,1,0.45923018,0
2026-01-30,GARAN.IS,0,0.4856317,0
2026-01-30,ISCTR.IS,1,0.46599644,0
2026-01-30,KCHOL.IS,1,0.47292256,0
2026-01-30,KRDMD.IS,1,0.49138746,0
2026-01-30,MGROS.IS,1,0.46091312,0
2026-01-30,PETKM.IS,0,0.5052059,0
2026-01-30,PGSUS.IS,1,0.4311436,0
2026-01-30,SAHOL.IS,0,0.46039587,0
2026-01-30,SISE.IS,1,0.47688442,0
2026-01-30,TAVHL.IS,1,0.46888152,0
2026-01-30,TCELL.IS,1,0.44900626,0
2026-01-30,THYAO.IS,1,0.45866528,0
2026-01-30,TOASO.IS,0,0.47986278,0
2026-01-30,TTKOM.IS,1,0.45895737,0
2026-01-30,TUPRS.IS,0,0.4313258,0
2026-01-30,ULKER.IS,0,0.45286468,0
2026-01-30,YKBNK.IS,0,0.5047093,0
2026-02-02,AKBNK.IS,0,0.45886096,0
2026-02-02,ALARK.IS,1,0.49208727,0
2026-02-02,ARCLK.IS,1,0.48227498,0
2026-02-02,ASELS.IS,0,0.49715573,0
2026-02-02,ASTOR.IS,1,0.5035959,0
2026-02-02,BIMAS.IS,1,0.4742381,0
2026-02-02,EKGYO.IS,0,0.45312715,0
2026-02-02,ENKAI.IS,1,0.45206702,0
2026-02-02,EREGL.IS,1,0.45875838,0
2026-02-02,FROTO.IS,1,0.46918958,0
2026-02-02,GARAN.IS,0,0.51312304,0
2026-02-02,ISCTR.IS,0,0.44090614,0
2026-02-02,KCHOL.IS,1,0.43091443,0
2026-02-02,KRDMD.IS,1,0.47709614,0
2026-02-02,MGROS.IS,1,0.4891429,0
2026-02-02,PETKM.IS,1,0.45165002,0
2026-02-02,PGSUS.IS,1,0.44398773,0
2026-02-02,SAHOL.IS,0,0.4395922,0
2026-02-02,SISE.IS,1,0.49886224,0
2026-02-02,TAVHL.IS,1,0.49066633,0
2026-02-02,TCELL.IS,1,0.4570503,0
2026-02-02,THYAO.IS,1,0.45661718,0
2026-02-02,TOASO.IS,0,0.5379134,0
2026-02-02,TTKOM.IS,1,0.45603803,0
2026-02-02,TUPRS.IS,0,0.42650175,0
2026-02-02,ULKER.IS,0,0.4447156,0
2026-02-02,YKBNK.IS,0,0.49791825,0
2026-02-03,AKBNK.IS,0,0.4581283,-1
2026-02-03,ALARK.IS,1,0.49091452,0
2026-02-03,ARCLK.IS,1,0.5082618,0
2026-02-03,ASELS.IS,1,0.47168535,0
2026-02-03,ASTOR.IS,1,0.49527526,0
2026-02-03,BIMAS.IS,1,0.50007564,0
2026-02-03,EKGYO.IS,0,0.51313275,0
2026-02-03,ENKAI.IS,0,0.4920198,0
2026-02-03,EREGL.IS,1,0.4711336,0
2026-02-03,FROTO.IS,1,0.49656308,0
2026-02-03,GARAN.IS,0,0.5088915,0
2026-02-03,ISCTR.IS,0,0.5144315,0
2026-02-03,KCHOL.IS,0,0.45002997,-1
2026-02-03,KRDMD.IS,1,0.50484496,0
2026-02-03,MGROS.IS,1,0.4995497,0
2026-02-03,PETKM.IS,1,0.4577005,-1
2026-02-03,PGSUS.IS,0,0.45121396,-1
2026-02-03,SAHOL.IS,0,0.46569496,0
2026-02-03,SISE.IS,1,0.46934244,0
2026-02-03,TAVHL.IS,0,0.50184196,0
2026-02-03,TCELL.IS,1,0.47492447,0
2026-02-03,THYAO.IS,1,0.4708287,0
2026-02-03,TOASO.IS,0,0.54219514,1
2026-02-03,TTKOM.IS,0,0.49138078,0
2026-02-03,TUPRS.IS,0,0.4823302,0
2026-02-03,ULKER.IS,0,0.48710203,0
2026-02-03,YKBNK.IS,0,0.5003182,0
2026-02-04,AKBNK.IS,0,0.49630556,0
2026-02-04,ALARK.IS,1,0.4730652,0
2026-02-04,ARCLK.IS,1,0.48907655,0
2026-02-04,ASELS.IS,0,0.49501142,0
2026-02-04,ASTOR.IS,1,0.45794654,0
2026-02-04,BIMAS.IS,1,0.4735322,0
2026-02-04,EKGYO.IS,0,0.47648802,0
2026-02-04,ENKAI.IS,0,0.48321253,0
2026-02-04,EREGL.IS,1,0.45073465,0
2026-02-04,FROTO.IS,1,0.48797408,0
2026-02-04,GARAN.IS,0,0.49002203,0
2026-02-04,ISCTR.IS,1,0.49773598,0
2026-02-04,KCHOL.IS,1,0.4333934,0
2026-02-04,KRDMD.IS,1,0.48062512,0
2026-02-04,MGROS.IS,1,0.4525585,0
2026-02-04,PETKM.IS,1,0.43013084,0
2026-02-04,PGSUS.IS,1,0.4323422,0
2026-02-04,SAHOL.IS,0,0.46398965,0
2026-02-04,SASA.IS,0,0.4084693,0
2026-02-04,SISE.IS,1,0.4574085,0
2026-02-04,TAVHL.IS,1,0.47126147,0
2026-02-04,TCELL.IS,1,0.4662772,0
2026-02-04,THYAO.IS,1,0.4605683,0
2026-02-04,TOASO.IS,0,0.5257518,0
2026-02-04,TTKOM.IS,1,0.45329037,0
2026-02-04,TUPRS.IS,0,0.48174787,0
2026-02-04,ULKER.IS,1,0.4689821,0
2026-02-04,YKBNK.IS,1,0.48422247,0
2026-02-05,AKBNK.IS,1,0.4951186,0
2026-02-05,ALARK.IS,0,0.48914307,0
2026-02-05,ARCLK.IS,1,0.49206972,0
2026-02-05,ASELS.IS,1,0.4808918,0
2026-02-05,ASTOR.IS,1,0.47628826,0
2026-02-05,BIMAS.IS,0,0.48287168,0
2026-02-05,EKGYO.IS,0,0.44869712,0
2026-02-05,ENKAI.IS,1,0.47413987,0
2026-02-05,EREGL.IS,0,0.47049743,0
2026-02-05,FROTO.IS,1,0.59803134,0
2026-02-05,GARAN.IS,1,0.49441123,0
2026-02-05,ISCTR.IS,1,0.4843637,0
2026-02-05,KCHOL.IS,1,0.4548293,0
2026-02-05,KRDMD.IS,1,0.50060165,0
2026-02-05,MGROS.IS,1,0.46743447,0
2026-02-05,PETKM.IS,1,0.44013247,0
2026-02-05,PGSUS.IS,1,0.4498448,0
2026-02-05,SAHOL.IS,1,0.47122607,0
2026-02-05,SISE.IS,0,0.48275813,0
2026-02-05,TAVHL.IS,0,0.4835131,0
2026-02-05,TCELL.IS,1,0.46876398,0
2026-02-05,THYAO.IS,1,0.4873882,0
2026-02-05,TOASO.IS,0,0.5396913,0
2026-02-05,TTKOM.IS,0,0.4774676,0
2026-02-05,TUPRS.IS,0,0.48652548,0
2026-02-05,ULKER.IS,0,0.48281574,0
2026-02-05,YKBNK.IS,1,0.4938947,0
2026-02-06,AKBNK.IS,1,0.49582386,0
2026-02-06,ALARK.IS,0,0.50671476,0
2026-02-06,ARCLK.IS,1,0.48361206,0
2026-02-06,ASELS.IS,1,0.4969683,0
2026-02-06,ASTOR.IS,1,0.48421073,0
2026-02-06,BIMAS.IS,0,0.52771014,0
2026-02-06,EKGYO.IS,1,0.48609266,0
2026-02-06,ENKAI.IS,1,0.48800257,0
2026-02-06,EREGL.IS,0,0.4889451,0
2026-02-06,FROTO.IS,1,0.6252053,0
2026-02-06,GARAN.IS,0,0.5114903,0
2026-02-06,ISCTR.IS,1,0.5041855,0
2026-02-06,KCHOL.IS,1,0.45385066,0
2026-02-06,KRDMD.IS,1,0.49531323,0
2026-02-06,MGROS.IS,1,0.50964165,0
2026-02-06,PETKM.IS,1,0.43619984,0
2026-02-06,PGSUS.IS,1,0.4747075,0
2026-02-06,SAHOL.IS,1,0.49291715,0
2026-02-06,SISE.IS,0,0.49890643,0
2026-02-06,TAVHL.IS,0,0.49576983,0
2026-02-06,TCELL.IS,1,0.48600563,0
2026-02-06,THYAO.IS,1,0.47901464,0
2026-02-06,TOASO.IS,1,0.56641597,0
2026-02-06,TTKOM.IS,0,0.4981896,0
2026-02-06,TUPRS.IS,0,0.49160558,0
2026-02-06,ULKER.IS,0,0.494194,0
2026-02-06,YKBNK.IS,1,0.48970458,0
2026-02-09,AKBNK.IS,1,0.510773,0
2026-02-09,ALARK.IS,0,0.49042523,0
2026-02-09,ARCLK.IS,1,0.49016482,0
2026-02-09,ASELS.IS,0,0.48962215,0
2026-02-09,ASTOR.IS,1,0.47667122,0
2026-02-09,BIMAS.IS,0,0.4834002,0
2026-02-09,EKGYO.IS,1,0.46814784,0
2026-02-09,ENKAI.IS,1,0.4983075,0
2026-02-09,EREGL.IS,0,0.45964503,0
2026-02-09,FROTO.IS,1,0.5654713,0
2026-02-09,GARAN.IS,0,0.48613352,0
2026-02-09,ISCTR.IS,1,0.49100733,0
2026-02-09,KCHOL.IS,1,0.4668625,0
2026-02-09,KRDMD.IS,1,0.49669504,0
2026-02-09,MGROS.IS,1,0.48796192,0
2026-02-09,PETKM.IS,1,0.4669148,0
2026-02-09,PGSUS.IS,1,0.45358646,0
2026-02-09,SAHOL.IS,1,0.5067548,0
2026-02-09,SISE.IS,1,0.50173897,0
2026-02-09,TAVHL.IS,0,0.48616302,0
2026-02-09,TCELL.IS,1,0.48240688,0
2026-02-09,THYAO.IS,1,0.4825059,0
2026-02-09,TOASO.IS,1,0.53890586,0
2026-02-09,TTKOM.IS,1,0.49304903,0
2026-02-09,TUPRS.IS,0,0.48237348,0
2026-02-09,ULKER.IS,0,0.48372144,0
2026-02-09,YKBNK.IS,1,0.47988695,0
2026-02-10,AKBNK.IS,1,0.4878241,0
2026-02-10,ALARK.IS,0,0.49035862,0
2026-02-10,ARCLK.IS,1,0.5002912,0
2026-02-10,ASELS.IS,0,0.4585302,0
2026-02-10,ASTOR.IS,1,0.43362668,0
2026-02-10,BIMAS.IS,0,0.46952978,0
2026-02-10,EKGYO.IS,1,0.4678675,0
2026-02-10,ENKAI.IS,1,0.47202998,0
2026-02-10,EREGL.IS,0,0.47903576,0
2026-02-10,FROTO.IS,1,0.5269283,0
2026-02-10,GARAN.IS,0,0.48180595,0
2026-02-10,ISCTR.IS,1,0.4825876,0
2026-02-10,KCHOL.IS,1,0.4844144,0
2026-02-10,KRDMD.IS,1,0.49285153,0
2026-02-10,MGROS.IS,1,0.4868121,0
2026-02-10,PETKM.IS,0,0.45967966,0
2026-02-10,PGSUS.IS,1,0.461574,0
2026-02-10,SAHOL.IS,1,0.47854638,0
2026-02-10,SASA.IS,1,0.406173,0
2026-02-10,SISE.IS,0,0.4890231,0
2026-02-10,TAVHL.IS,0,0.47061485,0
2026-02-10,TCELL.IS,1,0.45272848,0
2026-02-10,THYAO.IS,1,0.4612297,0
2026-02-10,TOASO.IS,1,0.53922325,0
2026-02-10,TTKOM.IS,1,0.4793436,0
2026-02-10,TUPRS.IS,0,0.48394865,0
2026-02-10,ULKER.IS,1,0.48576152,0
2026-02-10,YKBNK.IS,1,0.50041044,0
2026-02-11,AKBNK.IS,1,0.49724108,0
2026-02-11,ALARK.IS,0,0.48554513,0
2026-02-11,ARCLK.IS,1,0.49133042,0
2026-02-11,ASELS.IS,1,0.48302743,0
2026-02-11,ASTOR.IS,1,0.47334772,0
2026-02-11,BIMAS.IS,0,0.5158701,0
2026-02-11,EKGYO.IS,1,0.51513326,0
2026-02-11,ENKAI.IS,1,0.51107043,0
2026-02-11,EREGL.IS,0,0.4906325,0
2026-02-11,FROTO.IS,0,0.58857125,0
2026-02-11,GARAN.IS,1,0.483646,0
2026-02-11,ISCTR.IS,0,0.5159945,0
2026-02-11,KCHOL.IS,1,0.5037054,0
2026-02-11,KRDMD.IS,0,0.47522014,0
2026-02-11,MGROS.IS,0,0.5006594,0
2026-02-11,PETKM.IS,0,0.46766832,0
2026-02-11,PGSUS.IS,0,0.43816334,0
2026-02-11,SAHOL.IS,1,0.48800978,0
2026-02-11,SISE.IS,0,0.51629215,0
2026-02-11,TAVHL.IS,0,0.489578,0
2026-02-11,TCELL.IS,0,0.46927112,0
2026-02-11,THYAO.IS,0,0.47582477,0
2026-02-11,TOASO.IS,1,0.6246564,1
2026-02-11,TTKOM.IS,1,0.47856185,0
2026-02-11,TUPRS.IS,0,0.5035276,0
2026-02-11,ULKER.IS,0,0.5070397,0
2026-02-11,YKBNK.IS,1,0.49040854,0
2026-02-12,AKBNK.IS,0,0.49889073,0
2026-02-12,ALARK.IS,0,0.5171858,0
2026-02-12,ARCLK.IS,0,0.49214792,0
2026-02-12,ASELS.IS,1,0.48685184,0
2026-02-12,ASTOR.IS,1,0.49104843,0
2026-02-12,BIMAS.IS,1,0.5132031,0
2026-02-12,EKGYO.IS,1,0.5069147,0
2026-02-12,ENKAI.IS,0,0.49645475,0
2026-02-12,EREGL.IS,1,0.48080456,0
2026-02-12,FROTO.IS,0,0.6049407,1
2026-02-12,GARAN.IS,0,0.49397695,0
2026-02-12,ISCTR.IS,0,0.5110306,0
2026-02-12,KCHOL.IS,0,0.4854999,0
2026-02-12,KRDMD.IS,0,0.5007761,0
2026-02-12,MGROS.IS,1,0.48172727,0
2026-02-12,PETKM.IS,0,0.47446105,0
2026-02-12,PGSUS.IS,0,0.47453818,0
2026-02-12,SAHOL.IS,0,0.4811288,0
2026-02-12,SISE.IS,0,0.5192969,0
2026-02-12,TAVHL.IS,0,0.5000515,0
2026-02-12,TCELL.IS,0,0.49150705,0
2026-02-12,THYAO.IS,0,0.47943833,0
2026-02-12,TOASO.IS,1,0.574182,0
2026-02-12,TTKOM.IS,1,0.50224507,0
2026-02-12,TUPRS.IS,1,0.5113769,0
2026-02-12,ULKER.IS,0,0.49557605,0
2026-02-12,YKBNK.IS,0,0.4843107,0
2026-02-13,AKBNK.IS,1,0.4842635,0
2026-02-13,ALARK.IS,0,0.50859654,0
2026-02-13,ARCLK.IS,0,0.49552628,0
2026-02-13,ASELS.IS,1,0.4948368,0
2026-02-13,ASTOR.IS,1,0.47022557,0
2026-02-13,BIMAS.IS,0,0.5137607,0
2026-02-13,EKGYO.IS,0,0.4851172,0
2026-02-13,ENKAI.IS,1,0.50156736,0
2026-02-13,EREGL.IS,1,0.48133233,0
2026-02-13,FROTO.IS,0,0.5795372,0
2026-02-13,GARAN.IS,0,0.5073517,0
2026-02-13,ISCTR.IS,0,0.49518797,0
2026-02-13,KCHOL.IS,0,0.4946118,0
2026-02-13,KRDMD.IS,0,0.4985354,0
2026-02-13,MGROS.IS,0,0.48823252,0
2026-02-13,PETKM.IS,0,0.46686438,0
2026-02-13,PGSUS.IS,0,0.46856225,0
2026-02-13,SAHOL.IS,0,0.4907761,0
2026-02-13,SISE.IS,0,0.48341668,0
2026-02-13,TAVHL.IS,0,0.48910758,0
2026-02-13,TCELL.IS,0,0.5068294,0
2026-02-13,THYAO.IS,0,0.46519467,0
2026-02-13,TOASO.IS,0,0.5729908,0
2026-02-13,TTKOM.IS,1,0.49180558,0
2026-02-13,TUPRS.IS,1,0.49635687,0
2026-02-13,ULKER.IS,0,0.49399924,0
2026-02-13,YKBNK.IS,1,0.5093423,0
2026-02-16,AKBNK.IS,1,0.49315017,0
2026-02-16,ALARK.IS,0,0.49456075,0
2026-02-16,ARCLK.IS,0,0.4807961,0
2026-02-16,ASELS.IS,1,0.49198732,0
2026-02-16,ASTOR.IS,1,0.43655306,0
2026-02-16,BIMAS.IS,0,0.5085117,0
2026-02-16,EKGYO.IS,0,0.47906366,0
2026-02-16,ENKAI.IS,1,0.51005596,0
2026-02-16,EREGL.IS,1,0.4731316,0
2026-02-16,FROTO.IS,0,0.5233522,0
2026-02-16,GARAN.IS,1,0.49674603,0
2026-02-16,ISCTR.IS,0,0.48860398,0
2026-02-16,KCHOL.IS,0,0.48206452,0
2026-02-16,KRDMD.IS,1,0.49389204,0
2026-02-16,MGROS.IS,0,0.45830002,0
2026-02-16,PETKM.IS,0,0.47229493,0
2026-02-16,PGSUS.IS,0,0.46610162,0
2026-02-16,SAHOL.IS,0,0.4902275,0
2026-02-16,SISE.IS,0,0.4658191,0
2026-02-16,TAVHL.IS,0,0.48732755,0
2026-02-16,TCELL.IS,0,0.479186,0
2026-02-16,THYAO.IS,0,0.47488472,0
2026-02-16,TOASO.IS,0,0.56588084,0
2026-02-16,TTKOM.IS,0,0.4648703,0
2026-02-16,TUPRS.IS,1,0.49591345,0
2026-02-16,ULKER.IS,0,0.49307594,0
2026-02-16,YKBNK.IS,1,0.5185263,0
2026-02-17,AKBNK.IS,1,0.48387647,0
2026-02-17,ALARK.IS,0,0.4955513,0
2026-02-17,ARCLK.IS,0,0.4811377,0
2026-02-17,ASELS.IS,1,0.4864416,0
2026-02-17,ASTOR.IS,1,0.45198026,0
2026-02-17,BIMAS.IS,1,0.49256665,0
2026-02-17,EKGYO.IS,0,0.46579272,0
2026-02-17,ENKAI.IS,1,0.48346978,0
2026-02-17,EREGL.IS,1,0.4659824,0
2026-02-17,FROTO.IS,0,0.52588964,0
2026-02-17,GARAN.IS,1,0.4932145,0
2026-02-17,ISCTR.IS,0,0.4820752,0
2026-02-17,KCHOL.IS,0,0.47881216,0
2026-02-17,KRDMD.IS,1,0.50931054,0
2026-02-17,MGROS.IS,0,0.43237752,0
2026-02-17,PETKM.IS,0,0.4475043,0
2026-02-17,PGSUS.IS,0,0.46622762,0
2026-02-17,SAHOL.IS,0,0.47806257,0
2026-02-17,SISE.IS,0,0.43853068,0
2026-02-17,TAVHL.IS,0,0.4840479,0
2026-02-17,TCELL.IS,0,0.48389745,0
2026-02-17,THYAO.IS,0,0.4559689,0
2026-02-17,TOASO.IS,0,0.54485554,0
2026-02-17,TTKOM.IS,0,0.4542579,0
2026-02-17,TUPRS.IS,1,0.4810555,0
2026-02-17,ULKER.IS,0,0.4959129,0
2026-02-17,YKBNK.IS,1,0.504535,0
2026-02-18,AKBNK.IS,1,0.493658,0
2026-02-18,ALARK.IS,0,0.454756,0
2026-02-18,ARCLK.IS,0,0.4407801,0
2026-02-18,ASELS.IS,1,0.48957276,0
2026-02-18,ASTOR.IS,1,0.46424067,0
2026-02-18,BIMAS.IS,1,0.492664,0
2026-02-18,EKGYO.IS,0,0.47497135,0
2026-02-18,ENKAI.IS,1,0.49257833,0
2026-02-18,EREGL.IS,1,0.50075114,0
2026-02-18,FROTO.IS,0,0.55201554,0
2026-02-18,GARAN.IS,1,0.509688,0
2026-02-18,ISCTR.IS,0,0.4913484,0
2026-02-18,KCHOL.IS,0,0.47649205,0
2026-02-18,KRDMD.IS,1,0.492694,0
2026-02-18,MGROS.IS,1,0.44804314,0
2026-02-18,PETKM.IS,0,0.45830208,0
2026-02-18,PGSUS.IS,0,0.43752238,0
2026-02-18,SAHOL.IS,0,0.47099048,0
2026-02-18,SISE.IS,1,0.46393967,0
2026-02-18,TAVHL.IS,0,0.4011009,0
2026-02-18,TCELL.IS,1,0.4825806,0
2026-02-18,THYAO.IS,0,0.45058414,0
2026-02-18,TOASO.IS,0,0.59436816,0
2026-02-18,TTKOM.IS,1,0.4713619,0
2026-02-18,TUPRS.IS,1,0.5119856,0
2026-02-18,ULKER.IS,0,0.4804445,0
2026-02-18,YKBNK.IS,1,0.48936307,0
2026-02-19,AKBNK.IS,1,0.48893175,0
2026-02-19,ALARK.IS,0,0.48714846,0
2026-02-19,ARCLK.IS,0,0.46523336,0
2026-02-19,ASELS.IS,1,0.4642602,0
2026-02-19,ASTOR.IS,0,0.44022635,0
2026-02-19,BIMAS.IS,0,0.46366882,0
2026-02-19,EKGYO.IS,0,0.48166344,0
2026-02-19,ENKAI.IS,1,0.47523314,0
2026-02-19,EREGL.IS,1,0.4660427,0
2026-02-19,FROTO.IS,0,0.51172304,0
2026-02-19,GARAN.IS,1,0.50295687,0
2026-02-19,ISCTR.IS,1,0.4991471,0
2026-02-19,KCHOL.IS,0,0.47003946,0
2026-02-19,KRDMD.IS,1,0.5129616,0
2026-02-19,MGROS.IS,0,0.49089557,0
2026-02-19,PETKM.IS,1,0.45184466,0
2026-02-19,PGSUS.IS,0,0.47612834,0
2026-02-19,SAHOL.IS,1,0.48277023,0
2026-02-19,SISE.IS,1,0.48184395,0
2026-02-19,TAVHL.IS,1,0.4848557,0
2026-02-19,TCELL.IS,0,0.4945831,0
2026-02-19,THYAO.IS,0,0.47313058,0
2026-02-19,TOASO.IS,0,0.563428,0
2026-02-19,TTKOM.IS,1,0.47225735,0
2026-02-19,TUPRS.IS,0,0.46551004,0
2026-02-19,ULKER.IS,0,0.4658815,0
2026-02-19,YKBNK.IS,1,0.49275604,0
2026-02-20,AKBNK.IS,1,0.49425298,0
2026-02-20,ALARK.IS,0,0.47950992,0
2026-02-20,ARCLK.IS,0,0.4766495,0
2026-02-20,ASELS.IS,1,0.50431347,0
2026-02-20,ASTOR.IS,1,0.4725547,0
2026-02-20,BIMAS.IS,0,0.49936065,0
2026-02-20,EKGYO.IS,0,0.43495545,0
2026-02-20,ENKAI.IS,1,0.51272744,0
2026-02-20,EREGL.IS,1,0.5119412,0
2026-02-20,FROTO.IS,0,0.56632245,0
2026-02-20,GARAN.IS,1,0.49753866,0
2026-02-20,ISCTR.IS,1,0.50720346,0
2026-02-20,KCHOL.IS,0,0.49973264,0
2026-02-20,KRDMD.IS,1,0.4914656,0
2026-02-20,MGROS.IS,0,0.49594253,0
2026-02-20,PETKM.IS,1,0.46891564,0
2026-02-20,PGSUS.IS,0,0.4787788,0
2026-02-20,SAHOL.IS,0,0.49058172,0
2026-02-20,SISE.IS,0,0.50926155,0
2026-02-20,TAVHL.IS,0,0.5011397,0
2026-02-20,TCELL.IS,0,0.49591443,0
2026-02-20,THYAO.IS,0,0.5055264,0
2026-02-20,TOASO.IS,0,0.6119514,0
2026-02-20,TTKOM.IS,0,0.4769359,0
2026-02-20,TUPRS.IS,1,0.48437548,0
2026-02-20,ULKER.IS,0,0.5070695,0
2026-02-20,YKBNK.IS,1,0.5011937,0
2026-02-23,AKBNK.IS,0,0.5145127,0
2026-02-23,ALARK.IS,1,0.49186575,0
2026-02-23,ARCLK.IS,0,0.47742444,0
2026-02-23,ASELS.IS,1,0.49583453,0
2026-02-23,ASTOR.IS,0,0.46736524,0
2026-02-23,BIMAS.IS,1,0.5217376,0
2026-02-23,EKGYO.IS,0,0.49156582,0
2026-02-23,ENKAI.IS,0,0.5211587,0
2026-02-23,EREGL.IS,1,0.48963317,0
2026-02-23,FROTO.IS,0,0.59622824,0
2026-02-23,GARAN.IS,0,0.514281,0
2026-02-23,ISCTR.IS,0,0.5036312,0
2026-02-23,KCHOL.IS,0,0.5149112,0
2026-02-23,KRDMD.IS,1,0.51348245,0
2026-02-23,MGROS.IS,1,0.48474336,0
2026-02-23,PETKM.IS,1,0.49065048,0
2026-02-23,PGSUS.IS,0,0.48693657,0
2026-02-23,SAHOL.IS,0,0.5214261,0
2026-02-23,SASA.IS,1,0.3380485,-1
2026-02-23,SISE.IS,0,0.49608165,0
2026-02-23,TAVHL.IS,0,0.5039553,0
2026-02-23,TCELL.IS,0,0.4965615,0
2026-02-23,THYAO.IS,0,0.5116268,0
2026-02-23,TOASO.IS,0,0.61181295,0
2026-02-23,TTKOM.IS,0,0.51652247,0
2026-02-23,TUPRS.IS,1,0.49029866,0
2026-02-23,ULKER.IS,0,0.5150521,0
2026-02-23,YKBNK.IS,0,0.4902067,0
2026-02-24,AKBNK.IS,0,0.4985955,0
2026-02-24,ALARK.IS,1,0.50814265,0
2026-02-24,ARCLK.IS,0,0.5050259,0
2026-02-24,ASELS.IS,1,0.5070137,0
2026-02-24,ASTOR.IS,0,0.46079025,0
2026-02-24,BIMAS.IS,1,0.52569526,0
2026-02-24,EKGYO.IS,0,0.51748425,0
2026-02-24,ENKAI.IS,0,0.49546903,0
2026-02-24,EREGL.IS,0,0.48585764,0
2026-02-24,FROTO.IS,0,0.59487534,0
2026-02-24,GARAN.IS,0,0.5056023,0
2026-02-24,ISCTR.IS,0,0.52772534,0
2026-02-24,KCHOL.IS,0,0.5496776,0
2026-02-24,KRDMD.IS,0,0.49234596,0
2026-02-24,MGROS.IS,1,0.5072505,0
2026-02-24,PETKM.IS,1,0.5139117,0
2026-02-24,PGSUS.IS,0,0.49099326,0
2026-02-24,SAHOL.IS,0,0.5244141,0
2026-02-24,SASA.IS,1,0.37363014,0
2026-02-24,SISE.IS,0,0.5210585,0
2026-02-24,TAVHL.IS,0,0.49369538,0
2026-02-24,TCELL.IS,1,0.52992,0
2026-02-24,THYAO.IS,1,0.5246388,0
2026-02-24,TOASO.IS,0,0.6074259,0
2026-02-24,TTKOM.IS,0,0.51986253,0
2026-02-24,TUPRS.IS,1,0.49719167,0
2026-02-24,ULKER.IS,0,0.52111894,0
2026-02-24,YKBNK.IS,0,0.5006561,0
2026-02-25,AKBNK.IS,0,0.53253025,0
2026-02-25,ALARK.IS,1,0.48764613,0
2026-02-25,ARCLK.IS,1,0.51950043,0
2026-02-25,ASELS.IS,1,0.5399044,0
2026-02-25,ASTOR.IS,0,0.48157153,0
2026-02-25,BIMAS.IS,1,0.53098077,0
2026-02-25,EKGYO.IS,0,0.507901,0
2026-02-25,ENKAI.IS,0,0.48773745,0
2026-02-25,EREGL.IS,0,0.4935976,0
2026-02-25,FROTO.IS,0,0.5700718,0
2026-02-25,GARAN.IS,0,0.5105511,0
2026-02-25,ISCTR.IS,0,0.5148325,0
2026-02-25,KCHOL.IS,0,0.5134821,0
2026-02-25,KRDMD.IS,1,0.5076874,0
2026-02-25,MGROS.IS,0,0.4759407,0
2026-02-25,PETKM.IS,1,0.49265406,0
2026-02-25,PGSUS.IS,0,0.51159173,0
2026-02-25,SAHOL.IS,0,0.5152262,0
2026-02-25,SASA.IS,1,0.35779494,-1
2026-02-25,SISE.IS,0,0.5171652,0
2026-02-25,TAVHL.IS,1,0.47645772,0
2026-02-25,TCELL.IS,0,0.52534974,0
2026-02-25,THYAO.IS,1,0.52196836,0
2026-02-25,TOASO.IS,0,0.5210446,0
2026-02-25,TTKOM.IS,0,0.5033052,0
2026-02-25,TUPRS.IS,1,0.52323276,0
2026-02-25,ULKER.IS,1,0.5074698,0
2026-02-25,YKBNK.IS,0,0.49923608,0
2026-02-26,AKBNK.IS,0,0.5026762,0
2026-02-26,ALARK.IS,0,0.4889859,0
2026-02-26,ARCLK.IS,1,0.5053908,0
2026-02-26,ASELS.IS,1,0.5238895,0
2026-02-26,ASTOR.IS,0,0.47357294,0
2026-02-26,BIMAS.IS,1,0.51183426,0
2026-02-26,EKGYO.IS,0,0.50312626,0
2026-02-26,ENKAI.IS,0,0.47627258,0
2026-02-26,EREGL.IS,0,0.51989055,0
2026-02-26,FROTO.IS,0,0.5477952,0
2026-02-26,GARAN.IS,0,0.5257826,0
2026-02-26,ISCTR.IS,0,0.52970684,0
2026-02-26,KCHOL.IS,0,0.5258091,0
2026-02-26,KRDMD.IS,1,0.52621037,0
2026-02-26,MGROS.IS,0,0.49497613,0
2026-02-26,PETKM.IS,1,0.49722096,0
2026-02-26,PGSUS.IS,0,0.5051031,0
2026-02-26,SAHOL.IS,0,0.52306736,0
2026-02-26,SISE.IS,0,0.5061774,0
2026-02-26,TAVHL.IS,0,0.50693333,0
2026-02-26,TCELL.IS,0,0.5022747,0
2026-02-26,THYAO.IS,0,0.5265682,0
2026-02-26,TOASO.IS,0,0.51094544,0
2026-02-26,TTKOM.IS,0,0.5150308,0
2026-02-26,TUPRS.IS,1,0.4871826,0
2026-02-26,ULKER.IS,1,0.49174747,0
2026-02-26,YKBNK.IS,0,0.5154698,0
2026-02-27,AKBNK.IS,0,0.51774955,0
2026-02-27,ALARK.IS,0,0.5195825,0
2026-02-27,ARCLK.IS,1,0.5450097,0
2026-02-27,ASELS.IS,1,0.5286072,0
2026-02-27,ASTOR.IS,1,0.49082837,0
2026-02-27,BIMAS.IS,0,0.52385086,0
2026-02-27,EKGYO.IS,0,0.5159723,0
2026-02-27,ENKAI.IS,0,0.5069474,0
2026-02-27,EREGL.IS,0,0.5045346,0
2026-02-27,FROTO.IS,1,0.52499306,0
2026-02-27,GARAN.IS,0,0.52393055,0
2026-02-27,ISCTR.IS,0,0.5242783,0
2026-02-27,KCHOL.IS,1,0.52133495,0
2026-02-27,KRDMD.IS,0,0.5150658,0
2026-02-27,MGROS.IS,0,0.5131036,0
2026-02-27,PETKM.IS,1,0.51183057,0
2026-02-27,PGSUS.IS,0,0.5123668,0
2026-02-27,SAHOL.IS,0,0.5090762,0
2026-02-27,SISE.IS,0,0.5313926,0
2026-02-27,TAVHL.IS,1,0.49346262,0
2026-02-27,TCELL.IS,0,0.51530486,0
2026-02-27,THYAO.IS,0,0.52444047,0
2026-02-27,TOASO.IS,0,0.5269019,0
2026-02-27,TTKOM.IS,0,0.51462436,0
2026-02-27,TUPRS.IS,1,0.52022487,0
2026-02-27,ULKER.IS,1,0.51730937,0
2026-02-27,YKBNK.IS,0,0.5142561,0
2026-03-02,AKBNK.IS,0,0.45716965,0
2026-03-02,ALARK.IS,0,0.5049819,0
2026-03-02,ARCLK.IS,1,0.4829349,0
2026-03-02,ASELS.IS,0,0.5188639,0
2026-03-02,ASTOR.IS,1,0.48562914,0
2026-03-02,BIMAS.IS,0,0.5040404,0
2026-03-02,EKGYO.IS,0,0.48513943,0
2026-03-02,ENKAI.IS,0,0.5177327,0
2026-03-02,EREGL.IS,0,0.5196801,0
2026-03-02,FROTO.IS,1,0.5066529,0
2026-03-02,GARAN.IS,0,0.44852453,0
2026-03-02,ISCTR.IS,0,0.46240157,0
2026-03-02,KCHOL.IS,1,0.50390476,0
2026-03-02,KRDMD.IS,0,0.5045626,0
2026-03-02,MGROS.IS,0,0.4901427,0
2026-03-02,PETKM.IS,1,0.47389325,0
2026-03-02,PGSUS.IS,0,0.4597838,0
2026-03-02,SAHOL.IS,0,0.48634258,0
2026-03-02,SASA.IS,0,0.37215576,0
2026-03-02,SISE.IS,1,0.46405536,0
2026-03-02,TAVHL.IS,0,0.506226,0
2026-03-02,TCELL.IS,0,0.51098514,0
2026-03-02,THYAO.IS,1,0.47008654,0
2026-03-02,TOASO.IS,0,0.523689,0
2026-03-02,TTKOM.IS,0,0.49660754,0
2026-03-02,TUPRS.IS,1,0.47846112,0
2026-03-02,ULKER.IS,0,0.5057172,0
2026-03-02,YKBNK.IS,0,0.4601091,0
2026-03-03,AKBNK.IS,0,0.5057691,0
2026-03-03,ALARK.IS,0,0.5275602,0
2026-03-03,ARCLK.IS,1,0.55063933,0
2026-03-03,ASELS.IS,1,0.49039635,0
2026-03-03,ASTOR.IS,1,0.4557228,0
2026-03-03,BIMAS.IS,0,0.53096753,0
2026-03-03,EKGYO.IS,0,0.48624852,0
2026-03-03,ENKAI.IS,0,0.52537745,0
2026-03-03,EREGL.IS,0,0.5074628,0
2026-03-03,FROTO.IS,1,0.5158754,0
2026-03-03,GARAN.IS,1,0.4945049,0
2026-03-03,ISCTR.IS,0,0.51014644,0
2026-03-03,KCHOL.IS,1,0.5042452,0
2026-03-03,KRDMD.IS,1,0.46791437,0
2026-03-03,MGROS.IS,0,0.52679527,0
2026-03-03,PETKM.IS,0,0.44956246,0
2026-03-03,PGSUS.IS,0,0.5374123,0
2026-03-03,SAHOL.IS,1,0.50573677,0
2026-03-03,SASA.IS,0,0.42755184,0
2026-03-03,SISE.IS,1,0.47653046,0
2026-03-03,TAVHL.IS,1,0.5381962,0
2026-03-03,TCELL.IS,0,0.49501672,0
2026-03-03,THYAO.IS,1,0.5071909,0
2026-03-03,TOASO.IS,0,0.5228062,0
2026-03-03,TTKOM.IS,0,0.5101062,0
2026-03-03,TUPRS.IS,1,0.47342327,0
2026-03-03,ULKER.IS,1,0.5495565,0
2026-03-03,YKBNK.IS,0,0.5138711,0
2026-03-04,AKBNK.IS,0,0.5142297,0
2026-03-04,ALARK.IS,0,0.5620467,0
2026-03-04,ARCLK.IS,0,0.5131214,0
2026-03-04,ASELS.IS,0,0.47621775,0
2026-03-04,ASTOR.IS,1,0.47935966,0
2026-03-04,BIMAS.IS,1,0.5575274,0
2026-03-04,EKGYO.IS,0,0.5187307,0
2026-03-04,ENKAI.IS,0,0.5388117,0
2026-03-04,EREGL.IS,0,0.5250912,0
2026-03-04,FROTO.IS,1,0.5179249,0
2026-03-04,GARAN.IS,0,0.5310388,0
2026-03-04,ISCTR.IS,0,0.5179203,0
2026-03-04,KCHOL.IS,0,0.52034914,0
2026-03-04,KRDMD.IS,1,0.5067912,0
2026-03-04,MGROS.IS,0,0.51544046,0
2026-03-04,PETKM.IS,0,0.46104842,0
2026-03-04,PGSUS.IS,0,0.5330134,0
2026-03-04,SAHOL.IS,1,0.5093758,0
2026-03-04,SASA.IS,0,0.41514912,0
2026-03-04,SISE.IS,0,0.4931886,0
2026-03-04,TAVHL.IS,0,0.5321166,0
2026-03-04,TCELL.IS,0,0.5147827,0
2026-03-04,THYAO.IS,1,0.54071206,0
2026-03-04,TOASO.IS,1,0.53581315,0
2026-03-04,TTKOM.IS,0,0.5103691,0
2026-03-04,TUPRS.IS,1,0.5093762,0
2026-03-04,ULKER.IS,0,0.55765134,0
2026-03-04,YKBNK.IS,0,0.5322079,0
2026-03-05,AKBNK.IS,0,0.49277186,0
2026-03-05,ALARK.IS,0,0.5514852,0
2026-03-05,ARCLK.IS,0,0.5260905,0
2026-03-05,ASELS.IS,0,0.48500425,0
2026-03-05,ASTOR.IS,1,0.487871,0
2026-03-05,BIMAS.IS,1,0.50009614,0
2026-03-05,EKGYO.IS,0,0.5301636,0
2026-03-05,ENKAI.IS,0,0.5417358,0
2026-03-05,EREGL.IS,0,0.5341316,0
2026-03-05,FROTO.IS,0,0.5090388,0
2026-03-05,GARAN.IS,0,0.51198655,0
2026-03-05,ISCTR.IS,0,0.5066417,0
2026-03-05,KCHOL.IS,0,0.5204633,0
2026-03-05,KRDMD.IS,0,0.51756597,0
2026-03-05,MGROS.IS,0,0.48157397,0
2026-03-05,PETKM.IS,0,0.48654416,0
2026-03-05,PGSUS.IS,0,0.5579627,0
2026-03-05,SAHOL.IS,1,0.5415115,0
2026-03-05,SASA.IS,1,0.4183932,0
2026-03-05,SISE.IS,1,0.52879304,0
2026-03-05,TAVHL.IS,0,0.5498014,0
2026-03-05,TCELL.IS,0,0.5005779,0
2026-03-05,THYAO.IS,1,0.5450059,0
2026-03-05,TOASO.IS,1,0.54409444,0
2026-03-05,TTKOM.IS,0,0.53077686,0
2026-03-05,TUPRS.IS,1,0.47569996,0
2026-03-05,ULKER.IS,0,0.5323934,0
2026-03-05,YKBNK.IS,0,0.48896828,0
2026-03-06,AKBNK.IS,0,0.49808145,0
2026-03-06,ALARK.IS,0,0.56814146,0
2026-03-06,ARCLK.IS,1,0.5531003,0
2026-03-06,ASELS.IS,0,0.48850086,0
2026-03-06,ASTOR.IS,1,0.5044221,0
2026-03-06,BIMAS.IS,1,0.5358041,0
2026-03-06,EKGYO.IS,0,0.5474586,0
2026-03-06,ENKAI.IS,1,0.54159796,0
2026-03-06,EREGL.IS,0,0.54245734,0
2026-03-06,FROTO.IS,0,0.5277483,0
2026-03-06,GARAN.IS,0,0.54970443,0
2026-03-06,ISCTR.IS,0,0.53626525,0
2026-03-06,KCHOL.IS,1,0.54103047,0
2026-03-06,KRDMD.IS,0,0.49235347,0
2026-03-06,MGROS.IS,1,0.5230387,0
2026-03-06,PETKM.IS,1,0.4548018,0
2026-03-06,PGSUS.IS,0,0.564588,0
2026-03-06,SAHOL.IS,1,0.548325,0
2026-03-06,SASA.IS,1,0.4575988,0
2026-03-06,SISE.IS,1,0.5522376,0
2026-03-06,TAVHL.IS,0,0.55754673,0
2026-03-06,TCELL.IS,0,0.52399033,0
2026-03-06,THYAO.IS,1,0.5767296,0
2026-03-06,TOASO.IS,1,0.5313473,0
2026-03-06,TTKOM.IS,1,0.5226164,0
2026-03-06,TUPRS.IS,0,0.50048786,0
2026-03-06,ULKER.IS,0,0.5662437,0
2026-03-06,YKBNK.IS,0,0.506429,0
2026-03-09,AKBNK.IS,0,0.52922463,0
2026-03-09,ALARK.IS,0,0.5458279,0
2026-03-09,ARCLK.IS,1,0.5147612,0
2026-03-09,ASELS.IS,0,0.5145107,0
2026-03-09,ASTOR.IS,1,0.48268342,0
2026-03-09,BIMAS.IS,1,0.4996023,0
2026-03-09,EKGYO.IS,0,0.5358468,0
2026-03-09,ENKAI.IS,1,0.49930888,0
2026-03-09,EREGL.IS,0,0.5351737,0
2026-03-09,FROTO.IS,0,0.523345,0
2026-03-09,GARAN.IS,0,0.53801477,0
2026-03-09,ISCTR.IS,0,0.53144616,0
2026-03-09,KCHOL.IS,1,0.5337684,0
2026-03-09,KRDMD.IS,0,0.48221144,0
2026-03-09,MGROS.IS,1,0.53337055,0
2026-03-09,PETKM.IS,1,0.4572273,0
2026-03-09,PGSUS.IS,0,0.5632772,0
2026-03-09,SAHOL.IS,1,0.50210565,0
2026-03-09,SASA.IS,1,0.44335246,0
2026-03-09,SISE.IS,1,0.5357551,0
2026-03-09,TAVHL.IS,0,0.52735615,0
2026-03-09,TCELL.IS,1,0.5350352,0
2026-03-09,THYAO.IS,1,0.51389,0
2026-03-09,TOASO.IS,1,0.5146259,0
2026-03-09,TTKOM.IS,0,0.53039014,0
2026-03-09,TUPRS.IS,1,0.4597097,0
2026-03-09,ULKER.IS,0,0.53910935,0
2026-03-09,YKBNK.IS,0,0.5253704,0
2026-03-10,AKBNK.IS,0,0.5199932,0
2026-03-10,ALARK.IS,0,0.54090655,0
2026-03-10,ARCLK.IS,1,0.48518398,0
2026-03-10,ASELS.IS,1,0.5065779,0
2026-03-10,ASTOR.IS,0,0.469061,0
2026-03-10,BIMAS.IS,1,0.49896228,0
2026-03-10,EKGYO.IS,0,0.5232196,0
2026-03-10,ENKAI.IS,1,0.5056102,0
2026-03-10,EREGL.IS,0,0.5278432,0
2026-03-10,FROTO.IS,0,0.51204187,0
2026-03-10,GARAN.IS,0,0.52046686,0
2026-03-10,ISCTR.IS,0,0.54083216,0
2026-03-10,KCHOL.IS,1,0.5063155,0
2026-03-10,KRDMD.IS,0,0.4755094,0
2026-03-10,MGROS.IS,0,0.54148024,0
2026-03-10,PETKM.IS,1,0.44005638,0
2026-03-10,PGSUS.IS,0,0.5517688,0
2026-03-10,SAHOL.IS,0,0.5021407,0
2026-03-10,SASA.IS,1,0.38685098,0
2026-03-10,SISE.IS,1,0.5010571,0
2026-03-10,TAVHL.IS,0,0.53434896,0
2026-03-10,TCELL.IS,0,0.51203895,0
2026-03-10,THYAO.IS,0,0.5231046,0
2026-03-10,TOASO.IS,1,0.52291507,0
2026-03-10,TTKOM.IS,0,0.532375,0
2026-03-10,TUPRS.IS,1,0.4483673,0
2026-03-10,ULKER.IS,0,0.50570726,0
2026-03-10,YKBNK.IS,0,0.48208633,0
2026-03-11,AKBNK.IS,0,0.475897,0
2026-03-11,ALARK.IS,0,0.5037277,0
2026-03-11,ARCLK.IS,1,0.48621082,0
2026-03-11,ASELS.IS,1,0.46324423,0
2026-03-11,ASTOR.IS,0,0.47096434,0
2026-03-11,BIMAS.IS,0,0.4322941,0
2026-03-11,EKGYO.IS,0,0.49038053,0
2026-03-11,ENKAI.IS,1,0.46757767,0
2026-03-11,EREGL.IS,0,0.48241752,0
2026-03-11,FROTO.IS,0,0.48233593,0
2026-03-11,GARAN.IS,0,0.48595506,0
2026-03-11,ISCTR.IS,0,0.4870661,0
2026-03-11,KCHOL.IS,0,0.48469272,0
2026-03-11,KRDMD.IS,0,0.45343208,0
2026-03-11,MGROS.IS,0,0.48485196,0
2026-03-11,PETKM.IS,1,0.45755574,0
2026-03-11,PGSUS.IS,0,0.50251627,0
2026-03-11,SAHOL.IS,0,0.48213798,0
2026-03-11,SASA.IS,1,0.46364677,0
2026-03-11,SISE.IS,1,0.47635674,0
2026-03-11,TAVHL.IS,0,0.48485544,0
2026-03-11,TCELL.IS,1,0.47928604,0
2026-03-11,THYAO.IS,0,0.48740804,0
2026-03-11,TOASO.IS,1,0.48233593,0
2026-03-11,TTKOM.IS,0,0.48877656,0
2026-03-11,TUPRS.IS,1,0.45492157,0
2026-03-11,ULKER.IS,1,0.43422928,0
2026-03-11,YKBNK.IS,0,0.4937296,0
2026-03-12,AKBNK.IS,0,0.49227718,0
2026-03-12,ALARK.IS,0,0.5378619,0
2026-03-12,ARCLK.IS,1,0.50618845,0
2026-03-12,ASELS.IS,1,0.48172146,0
2026-03-12,ASTOR.IS,0,0.4099761,0
2026-03-12,BIMAS.IS,0,0.5044651,0
2026-03-12,EKGYO.IS,1,0.50785995,0
2026-03-12,ENKAI.IS,1,0.50769895,0
2026-03-12,EREGL.IS,0,0.48244694,0
2026-03-12,FROTO.IS,1,0.50255555,0
2026-03-12,GARAN.IS,0,0.5173281,0
2026-03-12,ISCTR.IS,0,0.5206982,0
2026-03-12,KCHOL.IS,1,0.5020928,0
2026-03-12,KRDMD.IS,0,0.43757543,0
2026-03-12,MGROS.IS,0,0.49118242,0
2026-03-12,PETKM.IS,1,0.47501904,0
2026-03-12,PGSUS.IS,1,0.5243622,0
2026-03-12,SAHOL.IS,0,0.49795076,0
2026-03-12,SISE.IS,1,0.49592283,0
2026-03-12,TAVHL.IS,0,0.5307672,0
2026-03-12,TCELL.IS,0,0.5037228,0
2026-03-12,THYAO.IS,1,0.50169665,0
2026-03-12,TOASO.IS,1,0.495031,0
2026-03-12,TTKOM.IS,0,0.4985488,0
2026-03-12,TUPRS.IS,1,0.45202932,0
2026-03-12,ULKER.IS,1,0.48861605,0
2026-03-12,YKBNK.IS,0,0.4902783,0
2026-03-13,AKBNK.IS,1,0.4896432,0
2026-03-13,ALARK.IS,1,0.5411737,0
2026-03-13,ARCLK.IS,1,0.51183593,0
2026-03-13,ASELS.IS,1,0.50317866,0
2026-03-13,ASTOR.IS,0,0.45219365,0
2026-03-13,BIMAS.IS,0,0.505894,0
2026-03-13,EKGYO.IS,1,0.51137596,0
2026-03-13,ENKAI.IS,1,0.47804406,0
2026-03-13,EREGL.IS,1,0.49465594,0
2026-03-13,FROTO.IS,1,0.50954795,0
2026-03-13,GARAN.IS,1,0.512466,0
2026-03-13,ISCTR.IS,0,0.5082435,0
2026-03-13,KCHOL.IS,1,0.50716656,0
2026-03-13,KRDMD.IS,1,0.4598997,0
2026-03-13,MGROS.IS,0,0.50845176,0
2026-03-13,PETKM.IS,0,0.45985636,0
2026-03-13,PGSUS.IS,1,0.5149601,0
2026-03-13,SAHOL.IS,0,0.5092554,0
2026-03-13,SISE.IS,1,0.50353056,0
2026-03-13,TAVHL.IS,1,0.53295016,0
2026-03-13,TCELL.IS,0,0.50190187,0
2026-03-13,THYAO.IS,1,0.51644224,0
2026-03-13,TOASO.IS,0,0.47566482,0
2026-03-13,TTKOM.IS,0,0.49206027,0
2026-03-13,TUPRS.IS,1,0.46558222,0
2026-03-13,ULKER.IS,1,0.51803064,0
2026-03-13,YKBNK.IS,0,0.50553834,0
2026-03-16,AKBNK.IS,0,0.52510834,0
2026-03-16,ALARK.IS,1,0.59156066,0
2026-03-16,ARCLK.IS,1,0.48291543,0
2026-03-16,ASELS.IS,1,0.48553985,0
2026-03-16,ASTOR.IS,1,0.3800456,0
2026-03-16,BIMAS.IS,0,0.5080459,0
2026-03-16,EKGYO.IS,0,0.5213967,0
2026-03-16,ENKAI.IS,0,0.49422398,0
2026-03-16,EREGL.IS,0,0.47462738,0
2026-03-16,FROTO.IS,0,0.4976458,0
2026-03-16,GARAN.IS,0,0.49487597,0
2026-03-16,ISCTR.IS,0,0.5208142,0
2026-03-16,KCHOL.IS,0,0.505528,0
2026-03-16,KRDMD.IS,0,0.46366948,0
2026-03-16,MGROS.IS,0,0.49540105,0
2026-03-16,PETKM.IS,0,0.46393377,0
2026-03-16,PGSUS.IS,1,0.52494365,0
2026-03-16,SAHOL.IS,0,0.49562424,0
2026-03-16,SISE.IS,1,0.471741,0
2026-03-16,TAVHL.IS,1,0.51747483,0
2026-03-16,TCELL.IS,0,0.50188786,0
2026-03-16,THYAO.IS,1,0.49663252,0
2026-03-16,TOASO.IS,0,0.4966498,0
2026-03-16,TTKOM.IS,0,0.5098155,0
2026-03-16,TUPRS.IS,1,0.45799243,0
2026-03-16,ULKER.IS,1,0.53042346,0
2026-03-16,YKBNK.IS,0,0.5177545,0
2026-03-17,AKBNK.IS,0,0.44578853,0
2026-03-17,ALARK.IS,0,0.54612994,0
2026-03-17,ARCLK.IS,1,0.4840746,0
2026-03-17,ASELS.IS,1,0.4382864,0
2026-03-17,ASTOR.IS,1,0.37682092,0
2026-03-17,BIMAS.IS,1,0.49113187,0
2026-03-17,EKGYO.IS,1,0.48880696,0
2026-03-17,ENKAI.IS,0,0.4611609,0
2026-03-17,EREGL.IS,0,0.45272526,0
2026-03-17,FROTO.IS,0,0.46502298,0
2026-03-17,GARAN.IS,0,0.49421927,0
2026-03-17,ISCTR.IS,0,0.4766267,0
2026-03-17,KCHOL.IS,1,0.46611103,0
2026-03-17,KRDMD.IS,0,0.44473153,0
2026-03-17,MGROS.IS,1,0.4666511,0
2026-03-17,PETKM.IS,0,0.4801634,0
2026-03-17,PGSUS.IS,1,0.4480623,0
2026-03-17,SAHOL.IS,0,0.47013408,0
2026-03-17,SASA.IS,0,0.35541958,0
2026-03-17,SISE.IS,1,0.45599774,0
2026-03-17,TAVHL.IS,1,0.48236406,0
2026-03-17,TCELL.IS,0,0.46438223,0
2026-03-17,THYAO.IS,1,0.4786331,0
2026-03-17,TOASO.IS,0,0.47921705,0
2026-03-17,TTKOM.IS,0,0.46699214,0
2026-03-17,TUPRS.IS,1,0.43103498,0
2026-03-17,ULKER.IS,1,0.48661742,0
2026-03-17,YKBNK.IS,0,0.49675226,0
2026-03-18,AKBNK.IS,0,0.5264112,0
2026-03-18,ALARK.IS,1,0.59293437,0
2026-03-18,ARCLK.IS,1,0.5273987,0
2026-03-18,ASELS.IS,0,0.47734493,0
2026-03-18,ASTOR.IS,1,0.509123,0
2026-03-18,BIMAS.IS,1,0.53288233,0
2026-03-18,EKGYO.IS,1,0.578179,0
2026-03-18,ENKAI.IS,0,0.5148372,0
2026-03-18,EREGL.IS,0,0.50700366,0
2026-03-18,FROTO.IS,1,0.52244717,0
2026-03-18,GARAN.IS,0,0.5502533,0
2026-03-18,ISCTR.IS,0,0.5503217,0
2026-03-18,KCHOL.IS,1,0.52040654,0
2026-03-18,KRDMD.IS,0,0.46842358,0
2026-03-18,MGROS.IS,1,0.5229606,0
2026-03-18,PETKM.IS,0,0.4770716,0
2026-03-18,PGSUS.IS,1,0.5608166,0
2026-03-18,SAHOL.IS,0,0.52187127,0
2026-03-18,SASA.IS,1,0.39701006,0
2026-03-18,SISE.IS,1,0.51100594,0
2026-03-18,TAVHL.IS,1,0.55823684,0
2026-03-18,TCELL.IS,1,0.5196679,0
2026-03-18,THYAO.IS,1,0.52849156,0
2026-03-18,TOASO.IS,0,0.51225996,0
2026-03-18,TTKOM.IS,1,0.55810964,0
2026-03-18,TUPRS.IS,0,0.4718652,0
2026-03-18,ULKER.IS,1,0.5543086,0
2026-03-18,YKBNK.IS,0,0.5447944,0
2026-03-19,AKBNK.IS,0,0.5186901,0
2026-03-19,ALARK.IS,0,0.5644399,0
2026-03-19,ARCLK.IS,0,0.5105865,0
2026-03-19,ASELS.IS,1,0.4963994,0
2026-03-19,ASTOR.IS,1,0.5280406,0
2026-03-19,BIMAS.IS,0,0.53271884,0
2026-03-19,EKGYO.IS,0,0.54527986,0
2026-03-19,ENKAI.IS,1,0.4771678,0
2026-03-19,EREGL.IS,1,0.5142232,0
2026-03-19,FROTO.IS,0,0.49031022,0
2026-03-19,GARAN.IS,0,0.5333988,0
2026-03-19,ISCTR.IS,0,0.51102173,0
2026-03-19,KCHOL.IS,1,0.51508,0
2026-03-19,KRDMD.IS,1,0.48387763,0
2026-03-19,MGROS.IS,1,0.53522104,0
2026-03-19,PETKM.IS,0,0.49697182,0
2026-03-19,PGSUS.IS,1,0.5495571,0
2026-03-19,SAHOL.IS,0,0.52160066,0
2026-03-19,SASA.IS,0,0.43196294,0
2026-03-19,SISE.IS,1,0.51856375,0
2026-03-19,TAVHL.IS,1,0.53734964,0
2026-03-19,TCELL.IS,1,0.52852505,0
2026-03-19,THYAO.IS,1,0.5344482,0
2026-03-19,TOASO.IS,0,0.5273468,0
2026-03-19,TTKOM.IS,1,0.54876167,0
2026-03-19,TUPRS.IS,0,0.5125776,0
2026-03-19,ULKER.IS,1,0.5307585,0
2026-03-19,YKBNK.IS,0,0.5207727,0
2026-03-23,AKBNK.IS,0,0.48784113,0
2026-03-23,ALARK.IS,1,0.5156418,0
2026-03-23,ARCLK.IS,0,0.4945699,0
2026-03-23,ASELS.IS,0,0.4739914,0
2026-03-23,ASTOR.IS,1,0.4803333,0
2026-03-23,BIMAS.IS,1,0.53667504,0
2026-03-23,EKGYO.IS,0,0.49287534,0
2026-03-23,ENKAI.IS,1,0.4860591,0
2026-03-23,EREGL.IS,1,0.51623905,0
2026-03-23,FROTO.IS,0,0.4959284,0
2026-03-23,GARAN.IS,0,0.49840775,0
2026-03-23,ISCTR.IS,0,0.4528872,0
2026-03-23,KCHOL.IS,1,0.4911634,0
2026-03-23,KRDMD.IS,1,0.4920426,0
2026-03-23,MGROS.IS,1,0.53012204,0
2026-03-23,PETKM.IS,1,0.41970783,0
2026-03-23,PGSUS.IS,1,0.55693674,0
2026-03-23,SAHOL.IS,0,0.50655645,0
2026-03-23,SISE.IS,0,0.4319231,0
2026-03-23,TAVHL.IS,1,0.5003278,0
2026-03-23,TCELL.IS,1,0.5104048,0
2026-03-23,THYAO.IS,1,0.51977843,0
2026-03-23,TOASO.IS,0,0.43990895,0
2026-03-23,TTKOM.IS,1,0.52656674,0
2026-03-23,TUPRS.IS,1,0.46936923,0
2026-03-23,ULKER.IS,1,0.5156239,0
2026-03-23,YKBNK.IS,0,0.49269277,0
2026-03-24,AKBNK.IS,0,0.4510922,0
2026-03-24,ALARK.IS,1,0.5087221,0
2026-03-24,ARCLK.IS,0,0.47919765,0
2026-03-24,ASELS.IS,0,0.49800184,0
2026-03-24,ASTOR.IS,1,0.48121378,0
2026-03-24,BIMAS.IS,1,0.49384004,0
2026-03-24,EKGYO.IS,0,0.48253408,0
2026-03-24,ENKAI.IS,1,0.47675958,0
2026-03-24,EREGL.IS,1,0.47702166,0
2026-03-24,FROTO.IS,0,0.4365774,0
2026-03-24,GARAN.IS,0,0.45800924,0
2026-03-24,ISCTR.IS,1,0.51568115,0
2026-03-24,KCHOL.IS,1,0.49199182,0
2026-03-24,KRDMD.IS,1,0.43483138,0
2026-03-24,MGROS.IS,1,0.47784412,0
2026-03-24,PETKM.IS,1,0.45220923,0
2026-03-24,PGSUS.IS,0,0.49170348,0
2026-03-24,SAHOL.IS,1,0.465698,0
2026-03-24,SASA.IS,0,0.38599747,0
2026-03-24,SISE.IS,0,0.45310757,0
2026-03-24,TAVHL.IS,1,0.49563736,0
2026-03-24,TCELL.IS,1,0.4813276,0
2026-03-24,THYAO.IS,1,0.49447137,0
2026-03-24,TOASO.IS,1,0.47040224,0
2026-03-24,TTKOM.IS,1,0.43068036,0
2026-03-24,TUPRS.IS,1,0.49286902,0
2026-03-24,ULKER.IS,1,0.48730552,0
2026-03-24,YKBNK.IS,1,0.46969438,0
2026-03-25,AKBNK.IS,0,0.47321218,0
2026-03-25,ALARK.IS,0,0.5121067,0
2026-03-25,ARCLK.IS,0,0.48416668,0
2026-03-25,ASELS.IS,0,0.42966533,0
2026-03-25,ASTOR.IS,0,0.46997574,0
2026-03-25,BIMAS.IS,0,0.49698642,0
2026-03-25,EKGYO.IS,0,0.4736385,0
2026-03-25,ENKAI.IS,1,0.48077178,0
2026-03-25,EREGL.IS,1,0.4799477,0
2026-03-25,FROTO.IS,0,0.47753766,0
2026-03-25,GARAN.IS,0,0.47676533,0
2026-03-25,ISCTR.IS,1,0.51831377,0
2026-03-25,KCHOL.IS,1,0.48720086,0
2026-03-25,KRDMD.IS,1,0.44945103,0
2026-03-25,MGROS.IS,1,0.48535427,0
2026-03-25,PETKM.IS,1,0.39600953,0
2026-03-25,PGSUS.IS,0,0.51190686,0
2026-03-25,SAHOL.IS,1,0.5033997,0
2026-03-25,SASA.IS,1,0.36463577,0
2026-03-25,SISE.IS,0,0.473081,0
2026-03-25,TAVHL.IS,1,0.48332432,0
2026-03-25,TCELL.IS,1,0.4957412,0
2026-03-25,THYAO.IS,1,0.49868038,0
2026-03-25,TOASO.IS,0,0.46391994,0
2026-03-25,TTKOM.IS,1,0.49856764,0
2026-03-25,TUPRS.IS,1,0.4404538,0
2026-03-25,ULKER.IS,1,0.50255907,0
2026-03-25,YKBNK.IS,1,0.45080644,0
2026-03-26,AKBNK.IS,1,0.46945894,0
2026-03-26,ALARK.IS,0,0.49065036,0
2026-03-26,ARCLK.IS,0,0.4778322,0
2026-03-26,ASELS.IS,0,0.47319165,0
2026-03-26,ASTOR.IS,0,0.47803205,0
2026-03-26,BIMAS.IS,1,0.49104166,0
2026-03-26,EKGYO.IS,0,0.4705951,0
2026-03-26,ENKAI.IS,1,0.47441006,0
2026-03-26,EREGL.IS,1,0.49146622,0
2026-03-26,FROTO.IS,0,0.4701133,0
2026-03-26,GARAN.IS,1,0.47164044,0
2026-03-26,ISCTR.IS,1,0.46747735,0
2026-03-26,KCHOL.IS,0,0.48194712,0
2026-03-26,KRDMD.IS,1,0.4497402,0
2026-03-26,MGROS.IS,1,0.4661985,0
2026-03-26,PETKM.IS,1,0.42277774,0
2026-03-26,PGSUS.IS,0,0.48115984,0
2026-03-26,SAHOL.IS,0,0.47649506,0
2026-03-26,SISE.IS,0,0.47210357,0
2026-03-26,TAVHL.IS,1,0.49006915,0
2026-03-26,TCELL.IS,0,0.47234803,0
2026-03-26,THYAO.IS,0,0.4793189,0
2026-03-26,TOASO.IS,0,0.4636051,0
2026-03-26,TTKOM.IS,0,0.48686194,0
2026-03-26,TUPRS.IS,1,0.4652341,0
2026-03-26,ULKER.IS,1,0.47965106,0
2026-03-26,YKBNK.IS,1,0.4588068,0
2026-03-27,AKBNK.IS,1,0.4824854,0
2026-03-27,ALARK.IS,1,0.5216906,0
2026-03-27,ARCLK.IS,0,0.4629953,0
2026-03-27,ASELS.IS,0,0.46923995,0
2026-03-27,ASTOR.IS,0,0.50068843,0
2026-03-27,BIMAS.IS,1,0.48347318,0
2026-03-27,EKGYO.IS,0,0.4908943,0
2026-03-27,ENKAI.IS,0,0.49104717,0
2026-03-27,EREGL.IS,1,0.48797247,0
2026-03-27,FROTO.IS,0,0.48943144,0
2026-03-27,GARAN.IS,1,0.49066162,0
2026-03-27,ISCTR.IS,1,0.5163044,0
2026-03-27,KCHOL.IS,0,0.49192706,0
2026-03-27,KRDMD.IS,1,0.46661228,0
2026-03-27,MGROS.IS,0,0.48411584,0
2026-03-27,PETKM.IS,1,0.4353783,0
2026-03-27,PGSUS.IS,0,0.48372534,0
2026-03-27,SAHOL.IS,0,0.4701478,0
2026-03-27,SASA.IS,0,0.34942225,-1
2026-03-27,SISE.IS,0,0.47054675,0
2026-03-27,TAVHL.IS,1,0.49087712,0
2026-03-27,TCELL.IS,0,0.4749474,0
2026-03-27,THYAO.IS,0,0.49015903,0
2026-03-27,TOASO.IS,0,0.48916468,0
2026-03-27,TTKOM.IS,0,0.49941424,0
2026-03-27,TUPRS.IS,1,0.49737054,0
2026-03-27,ULKER.IS,1,0.4984713,0
2026-03-27,YKBNK.IS,1,0.47375268,0
2026-03-30,AKBNK.IS,1,0.5152154,0
2026-03-30,ALARK.IS,1,0.4852358,0
2026-03-30,ARCLK.IS,0,0.46493405,0
2026-03-30,ASELS.IS,1,0.44629714,0
2026-03-30,ASTOR.IS,1,0.41599396,0
2026-03-30,BIMAS.IS,0,0.4652407,0
2026-03-30,EKGYO.IS,0,0.54016364,0
2026-03-30,ENKAI.IS,0,0.45874423,0
2026-03-30,EREGL.IS,1,0.4800483,0
2026-03-30,FROTO.IS,0,0.47401494,0
2026-03-30,GARAN.IS,1,0.50286037,0
2026-03-30,ISCTR.IS,1,0.5166586,0
2026-03-30,KCHOL.IS,0,0.4681519,0
2026-03-30,KRDMD.IS,1,0.44430143,0
2026-03-30,MGROS.IS,0,0.48817858,0
2026-03-30,PETKM.IS,0,0.42647928,0
2026-03-30,PGSUS.IS,0,0.47652614,0
2026-03-30,SAHOL.IS,1,0.47951272,0
2026-03-30,SASA.IS,1,0.34589466,-1
2026-03-30,SISE.IS,1,0.46138567,0
2026-03-30,TAVHL.IS,1,0.4931804,0
2026-03-30,TCELL.IS,0,0.47979176,0
2026-03-30,THYAO.IS,0,0.48635453,0
2026-03-30,TOASO.IS,0,0.46678615,0
2026-03-30,TTKOM.IS,0,0.4936609,0
2026-03-30,TUPRS.IS,0,0.46212503,0
2026-03-30,ULKER.IS,1,0.480281,0
2026-03-30,YKBNK.IS,1,0.51684344,0
2026-03-31,AKBNK.IS,1,0.5798325,0
2026-03-31,ALARK.IS,0,0.53258365,0
2026-03-31,ARCLK.IS,0,0.5182004,0
2026-03-31,ASELS.IS,1,0.5309802,0
2026-03-31,ASTOR.IS,1,0.49330893,0
2026-03-31,BIMAS.IS,0,0.51658505,0
2026-03-31,EKGYO.IS,0,0.5890351,0
2026-03-31,ENKAI.IS,0,0.50747526,0
2026-03-31,EREGL.IS,1,0.51749504,0
2026-03-31,FROTO.IS,0,0.5292411,0
2026-03-31,GARAN.IS,1,0.5586549,0
2026-03-31,ISCTR.IS,1,0.56016636,0
2026-03-31,KCHOL.IS,0,0.48717704,0
2026-03-31,KRDMD.IS,1,0.45874083,0
2026-03-31,MGROS.IS,0,0.5113299,0
2026-03-31,PETKM.IS,1,0.44166952,0
2026-03-31,PGSUS.IS,0,0.5373192,0
2026-03-31,SAHOL.IS,1,0.5414872,0
2026-03-31,SASA.IS,1,0.4399957,0
2026-03-31,SISE.IS,0,0.5600075,0
2026-03-31,TAVHL.IS,1,0.49131557,0
2026-03-31,TCELL.IS,0,0.5103769,0
2026-03-31,THYAO.IS,0,0.5156145,0
2026-03-31,TOASO.IS,0,0.51854867,0
2026-03-31,TTKOM.IS,0,0.53506774,0
2026-03-31,TUPRS.IS,0,0.5047983,0
2026-03-31,ULKER.IS,0,0.47066692,0
2026-03-31,YKBNK.IS,1,0.54509497,0
2026-04-01,AKBNK.IS,1,0.54986465,0
2026-04-01,ALARK.IS,0,0.5411232,0
2026-04-01,ARCLK.IS,0,0.545006,0
2026-04-01,ASELS.IS,1,0.5348753,0
2026-04-01,ASTOR.IS,1,0.5338776,0
2026-04-01,BIMAS.IS,1,0.535241,0
2026-04-01,EKGYO.IS,0,0.5743161,0
2026-04-01,ENKAI.IS,0,0.5196069,0
2026-04-01,EREGL.IS,0,0.4986706,0
2026-04-01,FROTO.IS,0,0.5275675,0
2026-04-01,GARAN.IS,1,0.5231679,0
2026-04-01,ISCTR.IS,1,0.54233664,0
2026-04-01,KCHOL.IS,0,0.50594133,0
2026-04-01,KRDMD.IS,1,0.4683857,0
2026-04-01,MGROS.IS,0,0.5001706,0
2026-04-01,PETKM.IS,0,0.46704498,0
2026-04-01,PGSUS.IS,0,0.53045213,0
2026-04-01,SAHOL.IS,1,0.49477094,0
2026-04-01,SASA.IS,0,0.4283705,0
2026-04-01,SISE.IS,1,0.5513643,0
2026-04-01,TAVHL.IS,1,0.4692076,0
2026-04-01,TCELL.IS,0,0.523778,0
2026-04-01,THYAO.IS,1,0.5170974,0
2026-04-01,TOASO.IS,0,0.5295555,0
2026-04-01,TTKOM.IS,0,0.52231336,0
2026-04-01,TUPRS.IS,0,0.540407,0
2026-04-01,ULKER.IS,0,0.5089976,0
2026-04-01,YKBNK.IS,1,0.49678233,0
2026-04-02,AKBNK.IS,1,0.4753173,0
2026-04-02,ALARK.IS,0,0.49360135,0
2026-04-02,ARCLK.IS,0,0.4758942,0
2026-04-02,ASELS.IS,1,0.4981827,0
2026-04-02,ASTOR.IS,0,0.4719733,0
2026-04-02,BIMAS.IS,1,0.45066485,0
2026-04-02,EKGYO.IS,1,0.49176407,0
2026-04-02,ENKAI.IS,0,0.4914732,0
2026-04-02,EREGL.IS,1,0.49818996,0
2026-04-02,FROTO.IS,0,0.49646157,0
2026-04-02,GARAN.IS,1,0.47364044,0
2026-04-02,ISCTR.IS,1,0.4794435,0
2026-04-02,KCHOL.IS,0,0.4797912,0
2026-04-02,KRDMD.IS,1,0.4633709,0
2026-04-02,MGROS.IS,0,0.48763072,0
2026-04-02,PETKM.IS,1,0.453919,0
2026-04-02,PGSUS.IS,0,0.50360525,0
2026-04-02,SAHOL.IS,1,0.4912986,0
2026-04-02,SISE.IS,0,0.49528697,0
2026-04-02,TAVHL.IS,1,0.46412334,0
2026-04-02,TCELL.IS,1,0.4912986,0
2026-04-02,THYAO.IS,1,0.48447886,0
2026-04-02,TOASO.IS,0,0.46753275,0
2026-04-02,TTKOM.IS,1,0.49082455,0
2026-04-02,TUPRS.IS,0,0.49183455,0
2026-04-02,ULKER.IS,0,0.46868005,0
2026-04-02,YKBNK.IS,1,0.4868953,0
2026-04-03,AKBNK.IS,1,0.5061703,0
2026-04-03,ALARK.IS,0,0.5143614,0
2026-04-03,ARCLK.IS,0,0.4824707,0
2026-04-03,ASELS.IS,1,0.48020735,0
2026-04-03,ASTOR.IS,0,0.4704321,0
2026-04-03,BIMAS.IS,0,0.46986595,0
2026-04-03,EKGYO.IS,1,0.50486064,0
2026-04-03,ENKAI.IS,1,0.48448002,0
2026-04-03,EREGL.IS,0,0.45238867,0
2026-04-03,FROTO.IS,0,0.5021795,0
2026-04-03,GARAN.IS,1,0.5238023,0
2026-04-03,ISCTR.IS,1,0.51073456,0
2026-04-03,KCHOL.IS,0,0.5004973,0
2026-04-03,KRDMD.IS,1,0.5015162,0
2026-04-03,MGROS.IS,1,0.49149227,0
2026-04-03,PETKM.IS,0,0.43945432,0
2026-04-03,PGSUS.IS,0,0.51313704,0
2026-04-03,SAHOL.IS,1,0.48533648,0
2026-04-03,SASA.IS,1,0.42769963,0
2026-04-03,SISE.IS,0,0.4675549,0
2026-04-03,TAVHL.IS,0,0.47766662,0
2026-04-03,TCELL.IS,1,0.5087521,0
2026-04-03,THYAO.IS,1,0.4934903,0
2026-04-03,TOASO.IS,0,0.49025786,0
2026-04-03,TTKOM.IS,0,0.5081657,0
2026-04-03,TUPRS.IS,0,0.49527177,0
2026-04-03,ULKER.IS,0,0.49192962,0
2026-04-03,YKBNK.IS,1,0.5088699,0
2026-04-06,AKBNK.IS,1,0.50573444,0
2026-04-06,ALARK.IS,0,0.50301176,0
2026-04-06,ARCLK.IS,1,0.47785026,0
2026-04-06,ASELS.IS,1,0.4838702,0
2026-04-06,ASTOR.IS,0,0.45682147,0
2026-04-06,BIMAS.IS,1,0.46087018,0
2026-04-06,EKGYO.IS,0,0.5097904,0
2026-04-06,ENKAI.IS,0,0.48576924,0
2026-04-06,EREGL.IS,0,0.47751364,0
2026-04-06,FROTO.IS,0,0.4743943,0
2026-04-06,GARAN.IS,0,0.50709915,0
2026-04-06,ISCTR.IS,1,0.48894534,0
2026-04-06,KCHOL.IS,0,0.46407822,0
2026-04-06,KRDMD.IS,0,0.45933646,0
2026-04-06,MGROS.IS,0,0.48323447,0
2026-04-06,PETKM.IS,0,0.43202314,0
2026-04-06,PGSUS.IS,0,0.51103115,0
2026-04-06,SAHOL.IS,1,0.49951017,0
2026-04-06,SASA.IS,0,0.45041445,0
2026-04-06,SISE.IS,0,0.4783055,0
2026-04-06,TAVHL.IS,0,0.4738302,0
2026-04-06,TCELL.IS,0,0.4920397,0
2026-04-06,THYAO.IS,0,0.47973758,0
2026-04-06,TOASO.IS,0,0.46317086,0
2026-04-06,TTKOM.IS,0,0.4933224,0
2026-04-06,TUPRS.IS,0,0.48250678,0
2026-04-06,ULKER.IS,0,0.48868713,0
2026-04-06,YKBNK.IS,1,0.5050001,0
2026-04-07,AKBNK.IS,1,0.52927583,0
2026-04-07,ALARK.IS,0,0.5235854,0
2026-04-07,ARCLK.IS,1,0.539308,0
2026-04-07,ASELS.IS,1,0.5365657,0
2026-04-07,ASTOR.IS,0,0.5226047,0
2026-04-07,BIMAS.IS,0,0.5244639,0
2026-04-07,EKGYO.IS,0,0.5310964,0
2026-04-07,ENKAI.IS,1,0.5271158,0
2026-04-07,EREGL.IS,0,0.51182467,0
2026-04-07,FROTO.IS,0,0.53302133,0
2026-04-07,GARAN.IS,1,0.5301463,0
2026-04-07,ISCTR.IS,1,0.5272952,0
2026-04-07,KCHOL.IS,0,0.5253104,0
2026-04-07,KRDMD.IS,0,0.52950305,0
2026-04-07,MGROS.IS,0,0.53212005,0
2026-04-07,PETKM.IS,0,0.46782434,0
2026-04-07,PGSUS.IS,0,0.53114486,0
2026-04-07,SAHOL.IS,1,0.52284044,0
2026-04-07,SASA.IS,1,0.50704044,0
2026-04-07,SISE.IS,0,0.51497996,0
2026-04-07,TAVHL.IS,0,0.51017034,0
2026-04-07,TCELL.IS,1,0.5242708,0
2026-04-07,THYAO.IS,1,0.5303574,0
2026-04-07,TOASO.IS,1,0.4956795,0
2026-04-07,TTKOM.IS,0,0.52827394,0
2026-04-07,TUPRS.IS,0,0.52153397,0
2026-04-07,ULKER.IS,0,0.51657724,0
2026-04-07,YKBNK.IS,0,0.5315224,0
2026-04-08,AKBNK.IS,0,0.51749647,0
2026-04-08,ALARK.IS,0,0.5162094,0
2026-04-08,ARCLK.IS,1,0.51792574,0
2026-04-08,ASELS.IS,1,0.53224635,0
2026-04-08,ASTOR.IS,0,0.47213918,0
2026-04-08,BIMAS.IS,0,0.54596114,0
2026-04-08,EKGYO.IS,0,0.51053834,0
2026-04-08,ENKAI.IS,1,0.50508827,0
2026-04-08,EREGL.IS,1,0.5036181,0
2026-04-08,FROTO.IS,0,0.51364934,0
2026-04-08,GARAN.IS,0,0.5182906,0
2026-04-08,ISCTR.IS,0,0.5182971,0
2026-04-08,KCHOL.IS,0,0.5312627,0
2026-04-08,KRDMD.IS,1,0.5062046,0
2026-04-08,MGROS.IS,0,0.5190908,0
2026-04-08,PETKM.IS,1,0.36684468,0
2026-04-08,PGSUS.IS,0,0.5350384,0
2026-04-08,SAHOL.IS,0,0.5178975,0
2026-04-08,SISE.IS,0,0.5146758,0
2026-04-08,TAVHL.IS,0,0.51135087,0
2026-04-08,TCELL.IS,1,0.5386294,0
2026-04-08,THYAO.IS,0,0.5070126,0
2026-04-08,TOASO.IS,1,0.4874473,0
2026-04-08,TTKOM.IS,0,0.51636094,0
2026-04-08,TUPRS.IS,0,0.40095052,0
2026-04-08,ULKER.IS,0,0.45986634,0
2026-04-08,YKBNK.IS,0,0.52027845,0
2026-04-09,AKBNK.IS,0,0.53844655,0
2026-04-09,ALARK.IS,0,0.5330195,0
2026-04-09,ARCLK.IS,0,0.5354871,0
2026-04-09,ASELS.IS,1,0.51557904,0
2026-04-09,ASTOR.IS,0,0.49680454,0
2026-04-09,BIMAS.IS,0,0.5274861,0
2026-04-09,EKGYO.IS,0,0.5375712,0
2026-04-09,ENKAI.IS,1,0.5101064,0
2026-04-09,EREGL.IS,0,0.50087106,0
2026-04-09,FROTO.IS,0,0.5326433,0
2026-04-09,GARAN.IS,0,0.5328316,0
2026-04-09,ISCTR.IS,0,0.5204788,0
2026-04-09,KCHOL.IS,0,0.5240316,0
2026-04-09,KRDMD.IS,0,0.49420512,0
2026-04-09,MGROS.IS,0,0.49860865,0
2026-04-09,PETKM.IS,1,0.42836624,0
2026-04-09,PGSUS.IS,0,0.5236503,0
2026-04-09,SAHOL.IS,0,0.53008574,0
2026-04-09,SASA.IS,1,0.48050383,0
2026-04-09,SISE.IS,0,0.533599,0
2026-04-09,TAVHL.IS,0,0.54060876,0
2026-04-09,TCELL.IS,0,0.5135299,0
2026-04-09,THYAO.IS,0,0.5232263,0
2026-04-09,TOASO.IS,1,0.5241257,0
2026-04-09,TTKOM.IS,0,0.5404852,0
2026-04-09,TUPRS.IS,1,0.5341801,0
2026-04-09,ULKER.IS,0,0.5437416,0
2026-04-09,YKBNK.IS,0,0.52736783,0
2026-04-10,AKBNK.IS,1,0.53342706,0
2026-04-10,ALARK.IS,0,0.5063906,0
2026-04-10,ARCLK.IS,0,0.5083058,0
2026-04-10,ASELS.IS,1,0.49431148,0
2026-04-10,ASTOR.IS,0,0.457673,0
2026-04-10,BIMAS.IS,0,0.5163354,0
2026-04-10,EKGYO.IS,1,0.51899487,0
2026-04-10,ENKAI.IS,1,0.50993586,0
2026-04-10,EREGL.IS,0,0.5429057,0
2026-04-10,FROTO.IS,1,0.5162864,0
2026-04-10,GARAN.IS,1,0.5103208,0
2026-04-10,ISCTR.IS,0,0.513594,0
2026-04-10,KCHOL.IS,1,0.52577186,0
2026-04-10,KRDMD.IS,0,0.41736403,0
2026-04-10,MGROS.IS,0,0.51794577,0
2026-04-10,PETKM.IS,0,0.44106573,0
2026-04-10,PGSUS.IS,1,0.5205639,0
2026-04-10,SAHOL.IS,0,0.5130698,0
2026-04-10,SISE.IS,0,0.5210385,0
2026-04-10,TAVHL.IS,0,0.52682936,0
2026-04-10,TCELL.IS,0,0.5093148,0
2026-04-10,THYAO.IS,0,0.517248,0
2026-04-10,TOASO.IS,0,0.53357357,0
2026-04-10,TTKOM.IS,0,0.5135251,0
2026-04-10,TUPRS.IS,0,0.4859173,0
2026-04-10,ULKER.IS,1,0.5173469,0
2026-04-10,YKBNK.IS,0,0.5094917,0
2026-04-13,AKBNK.IS,1,0.48319888,0
2026-04-13,ALARK.IS,0,0.50527567,0
2026-04-13,ARCLK.IS,0,0.47480002,0
2026-04-13,ASELS.IS,0,0.45196944,0
2026-04-13,ASTOR.IS,1,0.42492864,0
2026-04-13,BIMAS.IS,0,0.5039797,0
2026-04-13,EKGYO.IS,1,0.50815284,0
2026-04-13,ENKAI.IS,1,0.5042228,0
2026-04-13,EREGL.IS,1,0.50167483,0
2026-04-13,FROTO.IS,0,0.4913592,0
2026-04-13,GARAN.IS,1,0.4915759,0
2026-04-13,ISCTR.IS,0,0.48319888,0
2026-04-13,KCHOL.IS,0,0.5039797,0
2026-04-13,KRDMD.IS,0,0.43347114,0
2026-04-13,MGROS.IS,0,0.48475024,0
2026-04-13,PETKM.IS,0,0.42289543,0
2026-04-13,PGSUS.IS,1,0.48491564,0
2026-04-13,SAHOL.IS,1,0.45983505,0
2026-04-13,SISE.IS,0,0.51457256,0
2026-04-13,TAVHL.IS,0,0.44179398,0
2026-04-13,TCELL.IS,0,0.49310282,0
2026-04-13,THYAO.IS,1,0.4956837,0
2026-04-13,TOASO.IS,0,0.517816,0
2026-04-13,TTKOM.IS,1,0.50008667,0
2026-04-13,TUPRS.IS,0,0.49197215,0
2026-04-13,ULKER.IS,1,0.50214493,0
2026-04-13,YKBNK.IS,0,0.48414326,0
2026-04-14,AKBNK.IS,1,0.49262524,0
2026-04-14,ALARK.IS,0,0.49306154,0
2026-04-14,ARCLK.IS,0,0.47985768,0
2026-04-14,ASELS.IS,0,0.44916195,0
2026-04-14,ASTOR.IS,1,0.46638304,0
2026-04-14,BIMAS.IS,0,0.49190813,0
2026-04-14,EKGYO.IS,0,0.49738672,0
2026-04-14,ENKAI.IS,0,0.46146548,0
2026-04-14,EREGL.IS,1,0.46189857,0
2026-04-14,FROTO.IS,0,0.4755751,0
2026-04-14,GARAN.IS,1,0.4807246,0
2026-04-14,ISCTR.IS,1,0.45446163,0
2026-04-14,KCHOL.IS,0,0.48774585,0
2026-04-14,KRDMD.IS,1,0.39812332,0
2026-04-14,MGROS.IS,1,0.49015096,0
2026-04-14,PETKM.IS,1,0.4162445,0
2026-04-14,PGSUS.IS,1,0.48851496,0
2026-04-14,SAHOL.IS,0,0.4972473,0
2026-04-14,SISE.IS,0,0.49176165,0
2026-04-14,TAVHL.IS,0,0.4829295,0
2026-04-14,TCELL.IS,0,0.48728764,0
2026-04-14,THYAO.IS,0,0.50424093,0
2026-04-14,TOASO.IS,0,0.47462758,0
2026-04-14,TTKOM.IS,1,0.48873952,0
2026-04-14,TUPRS.IS,0,0.48531616,0
2026-04-14,ULKER.IS,1,0.48347265,0
2026-04-14,YKBNK.IS,1,0.47703895,0
2026-04-15,AKBNK.IS,0,0.51883775,0
2026-04-15,ALARK.IS,0,0.502145,0
2026-04-15,ARCLK.IS,0,0.5177569,0
2026-04-15,ASELS.IS,0,0.42669,0
2026-04-15,ASTOR.IS,1,0.41522384,0
2026-04-15,BIMAS.IS,1,0.51217115,0
2026-04-15,EKGYO.IS,0,0.5109155,0
2026-04-15,ENKAI.IS,1,0.5029726,0
2026-04-15,EREGL.IS,1,0.51504534,0
2026-04-15,FROTO.IS,0,0.49512547,0
2026-04-15,GARAN.IS,0,0.5035892,0
2026-04-15,ISCTR.IS,1,0.48731086,0
2026-04-15,KCHOL.IS,0,0.51367927,0
2026-04-15,KRDMD.IS,0,0.4354188,0
2026-04-15,MGROS.IS,0,0.48702627,0
2026-04-15,PETKM.IS,1,0.45880985,0
2026-04-15,PGSUS.IS,1,0.4817225,0
2026-04-15,SAHOL.IS,0,0.50188667,0
2026-04-15,SISE.IS,0,0.51597416,0
2026-04-15,TAVHL.IS,0,0.44162682,0
2026-04-15,TCELL.IS,0,0.499047,0
2026-04-15,THYAO.IS,1,0.4946451,0
2026-04-15,TOASO.IS,0,0.48961008,0
2026-04-15,TTKOM.IS,1,0.48922464,0
2026-04-15,TUPRS.IS,1,0.47507024,0
2026-04-15,ULKER.IS,1,0.49890924,0
2026-04-15,YKBNK.IS,1,0.5020547,0
2026-04-16,AKBNK.IS,0,0.51584643,0
2026-04-16,ALARK.IS,0,0.50148004,0
2026-04-16,ARCLK.IS,0,0.5077361,0
2026-04-16,ASELS.IS,0,0.4608317,0
2026-04-16,ASTOR.IS,1,0.4239162,0
2026-04-16,BIMAS.IS,1,0.51612306,0
2026-04-16,EKGYO.IS,0,0.49450123,0
2026-04-16,ENKAI.IS,1,0.5071813,0
2026-04-16,EREGL.IS,1,0.51119334,0
2026-04-16,FROTO.IS,0,0.4937209,0
2026-04-16,GARAN.IS,0,0.50673383,0
2026-04-16,ISCTR.IS,0,0.50601894,0
2026-04-16,KCHOL.IS,0,0.51736766,0
2026-04-16,KRDMD.IS,1,0.45820108,0
2026-04-16,MGROS.IS,0,0.52305984,0
2026-04-16,PETKM.IS,1,0.46561044,0
2026-04-16,PGSUS.IS,1,0.49685302,0
2026-04-16,SAHOL.IS,0,0.51086193,0
2026-04-16,SISE.IS,1,0.5030635,0
2026-04-16,TAVHL.IS,0,0.43779668,0
2026-04-16,TCELL.IS,0,0.51736766,0
2026-04-16,THYAO.IS,1,0.5023974,0
2026-04-16,TOASO.IS,1,0.48075956,0
2026-04-16,TTKOM.IS,1,0.5059109,0
2026-04-16,TUPRS.IS,0,0.49992168,0
2026-04-16,ULKER.IS,1,0.5186613,0
2026-04-16,YKBNK.IS,0,0.51309717,0
2026-04-17,AKBNK.IS,0,0.4722661,0
2026-04-17,ALARK.IS,0,0.50183964,0
2026-04-17,ARCLK.IS,0,0.5077033,0
2026-04-17,ASELS.IS,1,0.43461877,0
2026-04-17,ASTOR.IS,1,0.4801846,0
2026-04-17,BIMAS.IS,0,0.5015999,0
2026-04-17,EKGYO.IS,0,0.47366259,0
2026-04-17,ENKAI.IS,0,0.4985265,0
2026-04-17,EREGL.IS,1,0.51983154,0
2026-04-17,FROTO.IS,0,0.49392065,0
2026-04-17,GARAN.IS,0,0.49745774,0
2026-04-17,ISCTR.IS,0,0.48855713,0
2026-04-17,KCHOL.IS,0,0.5280449,0
2026-04-17,KRDMD.IS,0,0.45677963,0
2026-04-17,MGROS.IS,0,0.5178932,0
2026-04-17,PETKM.IS,1,0.40176943,0
2026-04-17,PGSUS.IS,0,0.49155176,0
2026-04-17,SAHOL.IS,0,0.49344093,0
2026-04-17,SISE.IS,0,0.51608914,0
2026-04-17,TAVHL.IS,0,0.4879672,0
2026-04-17,TCELL.IS,0,0.5135191,0
2026-04-17,THYAO.IS,0,0.5091168,0
2026-04-17,TOASO.IS,1,0.5036268,0
2026-04-17,TTKOM.IS,0,0.5258235,0
2026-04-17,TUPRS.IS,1,0.39841908,0
2026-04-17,ULKER.IS,0,0.5243056,0
2026-04-17,YKBNK.IS,0,0.49071306,0
2026-04-20,AKBNK.IS,0,0.52992505,0
2026-04-20,ALARK.IS,1,0.50905305,0
2026-04-20,ARCLK.IS,0,0.52066106,0
2026-04-20,ASELS.IS,1,0.50507337,0
2026-04-20,ASTOR.IS,1,0.4764063,0
2026-04-20,BIMAS.IS,0,0.534049,0
2026-04-20,EKGYO.IS,0,0.52215815,0
2026-04-20,ENKAI.IS,0,0.5185417,0
2026-04-20,EREGL.IS,1,0.5110139,0
2026-04-20,FROTO.IS,0,0.49901277,0
2026-04-20,GARAN.IS,0,0.517872,0
2026-04-20,ISCTR.IS,0,0.52992505,0
2026-04-20,KCHOL.IS,0,0.5358751,0
2026-04-20,KRDMD.IS,1,0.4734483,0
2026-04-20,MGROS.IS,0,0.53856325,0
2026-04-20,PETKM.IS,1,0.430418,0
2026-04-20,PGSUS.IS,0,0.52426255,0
2026-04-20,SAHOL.IS,0,0.5213877,0
2026-04-20,SISE.IS,0,0.5149247,0
2026-04-20,TAVHL.IS,0,0.49392065,0
2026-04-20,TCELL.IS,0,0.52359545,0
2026-04-20,THYAO.IS,0,0.5091542,0
2026-04-20,TOASO.IS,1,0.5148579,0
2026-04-20,TTKOM.IS,0,0.51798725,0
2026-04-20,TUPRS.IS,1,0.54149634,0
2026-04-20,ULKER.IS,0,0.526487,0
2026-04-20,YKBNK.IS,0,0.53174007,0
2026-04-21,AKBNK.IS,0,0.51020926,0
2026-04-21,ALARK.IS,1,0.48042822,0
2026-04-21,ARCLK.IS,0,0.490153,0
2026-04-21,ASELS.IS,1,0.46187058,0
2026-04-21,ASTOR.IS,1,0.44668183,0
2026-04-21,BIMAS.IS,0,0.500011,0
2026-04-21,EKGYO.IS,0,0.49396217,0
2026-04-21,ENKAI.IS,0,0.49207956,0
2026-04-21,EREGL.IS,1,0.48210567,0
2026-04-21,FROTO.IS,0,0.43922228,0
2026-04-21,GARAN.IS,0,0.5047438,0
2026-04-21,ISCTR.IS,0,0.4972585,0
2026-04-21,KCHOL.IS,0,0.50232625,0
2026-04-21,KRDMD.IS,1,0.446741,0
2026-04-21,MGROS.IS,0,0.5045372,0
2026-04-21,PETKM.IS,1,0.45110327,0
2026-04-21,PGSUS.IS,0,0.49465448,0
2026-04-21,SAHOL.IS,0,0.49459568,0
2026-04-21,SISE.IS,0,0.49848568,0
2026-04-21,TAVHL.IS,0,0.48044047,0
2026-04-21,TCELL.IS,0,0.48925433,0
2026-04-21,THYAO.IS,0,0.49148184,0
2026-04-21,TOASO.IS,1,0.5049834,0
2026-04-21,TTKOM.IS,0,0.51747143,0
2026-04-21,TUPRS.IS,1,0.50340015,0
2026-04-21,ULKER.IS,0,0.4938097,0
2026-04-21,YKBNK.IS,0,0.49813503,0
2026-04-22,AKBNK.IS,0,0.4680086,0
2026-04-22,ALARK.IS,1,0.46182278,0
2026-04-22,ARCLK.IS,0,0.46607387,0
2026-04-22,ASELS.IS,1,0.4327054,0
2026-04-22,ASTOR.IS,1,0.4086941,0
2026-04-22,BIMAS.IS,0,0.47888547,0
2026-04-22,EKGYO.IS,0,0.46884105,0
2026-04-22,ENKAI.IS,0,0.4640617,0
2026-04-22,EREGL.IS,1,0.4423603,0
2026-04-22,FROTO.IS,0,0.4640379,0
2026-04-22,GARAN.IS,0,0.47096336,0
2026-04-22,ISCTR.IS,0,0.47973686,0
2026-04-22,KCHOL.IS,0,0.47164577,0
2026-04-22,KRDMD.IS,1,0.42553097,0
2026-04-22,MGROS.IS,0,0.47095928,0
2026-04-22,PETKM.IS,1,0.4516254,0
2026-04-22,PGSUS.IS,0,0.4719683,0
2026-04-22,SAHOL.IS,0,0.4675977,0
2026-04-22,SISE.IS,1,0.47309855,0
2026-04-22,TAVHL.IS,0,0.43833187,0
2026-04-22,TCELL.IS,0,0.47164577,0
2026-04-22,THYAO.IS,0,0.48178062,0
2026-04-22,TOASO.IS,0,0.49254727,0
2026-04-22,TTKOM.IS,0,0.4774383,0
2026-04-22,TUPRS.IS,1,0.4493164,0
2026-04-22,ULKER.IS,1,0.4754226,0
2026-04-22,YKBNK.IS,0,0.47334644,0
2026-04-24,AKBNK.IS,0,0.49711943,0
2026-04-24,ALARK.IS,1,0.48516122,0
2026-04-24,ARCLK.IS,0,0.501706,0
2026-04-24,ASELS.IS,1,0.47830805,0
2026-04-24,ASTOR.IS,1,0.4391751,0
2026-04-24,BIMAS.IS,0,0.48982456,0
2026-04-24,EKGYO.IS,0,0.4954499,0
2026-04-24,ENKAI.IS,0,0.47003978,0
2026-04-24,EREGL.IS,1,0.48781696,0
2026-04-24,FROTO.IS,0,0.48502645,0
2026-04-24,GARAN.IS,0,0.4922241,0
2026-04-24,ISCTR.IS,0,0.4660138,0
2026-04-24,KCHOL.IS,0,0.49305075,0
2026-04-24,KRDMD.IS,1,0.48583996,0
2026-04-24,MGROS.IS,1,0.47705284,0
2026-04-24,PETKM.IS,1,0.49040344,0
2026-04-24,PGSUS.IS,0,0.49730167,0
2026-04-24,SAHOL.IS,0,0.49718142,0
2026-04-24,SISE.IS,0,0.49493858,0
2026-04-24,TAVHL.IS,0,0.4685078,0
2026-04-24,TCELL.IS,0,0.5053846,0
2026-04-24,THYAO.IS,0,0.48916,0
2026-04-24,TOASO.IS,0,0.4817774,0
2026-04-24,TTKOM.IS,0,0.49805164,0
2026-04-24,TUPRS.IS,1,0.50149244,0
2026-04-24,ULKER.IS,1,0.5093674,0
2026-04-24,YKBNK.IS,0,0.49736288,0
2026-04-27,AKBNK.IS,0,0.52900666,0
2026-04-27,ALARK.IS,1,0.5162992,0
2026-04-27,ARCLK.IS,0,0.50933546,0
2026-04-27,ASELS.IS,1,0.46798104,0
2026-04-27,ASTOR.IS,1,0.46198803,0
2026-04-27,BIMAS.IS,0,0.51623124,0
2026-04-27,EKGYO.IS,0,0.5225043,0
2026-04-27,ENKAI.IS,1,0.4832133,0
2026-04-27,EREGL.IS,1,0.49019116,0
2026-04-27,FROTO.IS,0,0.48736623,0
2026-04-27,GARAN.IS,0,0.52976656,0
2026-04-27,ISCTR.IS,0,0.5310532,0
2026-04-27,KCHOL.IS,0,0.51895964,0
2026-04-27,KRDMD.IS,1,0.4694414,0
2026-04-27,MGROS.IS,1,0.51397204,0
2026-04-27,PETKM.IS,1,0.47758302,0
2026-04-27,PGSUS.IS,0,0.49327907,0
2026-04-27,SAHOL.IS,0,0.5230339,0
2026-04-27,SISE.IS,1,0.49846977,0
2026-04-27,TAVHL.IS,0,0.46753123,0
2026-04-27,TCELL.IS,0,0.5364235,0
2026-04-27,THYAO.IS,0,0.49747893,0
2026-04-27,TOASO.IS,1,0.52503824,0
2026-04-27,TTKOM.IS,0,0.5279675,0
2026-04-27,TUPRS.IS,0,0.48963186,0
2026-04-27,ULKER.IS,1,0.5096086,0
2026-04-27,YKBNK.IS,0,0.5279675,0
2026-04-28,AKBNK.IS,0,0.5443068,0
2026-04-28,ALARK.IS,1,0.47349715,0
2026-04-28,ARCLK.IS,0,0.51890945,0
2026-04-28,ASELS.IS,1,0.50595194,0
2026-04-28,ASTOR.IS,1,0.41122305,0
2026-04-28,BIMAS.IS,1,0.5353515,0
2026-04-28,EKGYO.IS,0,0.5380633,0
2026-04-28,ENKAI.IS,1,0.54212904,0
2026-04-28,EREGL.IS,1,0.5156689,0
2026-04-28,FROTO.IS,0,0.56340283,0
2026-04-28,GARAN.IS,0,0.54456437,0
2026-04-28,ISCTR.IS,0,0.53748757,0
2026-04-28,KCHOL.IS,0,0.5309001,0
2026-04-28,KRDMD.IS,1,0.49356076,0
2026-04-28,MGROS.IS,1,0.54197353,0
2026-04-28,PETKM.IS,0,0.4641105,0
2026-04-28,PGSUS.IS,0,0.5236567,0
2026-04-28,SAHOL.IS,1,0.54196423,0
2026-04-28,SISE.IS,1,0.52854496,0
2026-04-28,TAVHL.IS,0,0.5029767,0
2026-04-28,TCELL.IS,0,0.5224364,0
2026-04-28,THYAO.IS,0,0.5504226,0
2026-04-28,TOASO.IS,1,0.5443587,0
2026-04-28,TTKOM.IS,1,0.5507284,0
2026-04-28,TUPRS.IS,0,0.50801796,0
2026-04-28,ULKER.IS,1,0.5193364,0
2026-04-28,YKBNK.IS,0,0.54713565,0
2026-04-29,AKBNK.IS,0,0.5256838,0
2026-04-29,ALARK.IS,0,0.48761016,0
2026-04-29,ARCLK.IS,0,0.51732486,0
2026-04-29,ASELS.IS,0,0.46802464,0
2026-04-29,ASTOR.IS,1,0.3991134,0
2026-04-29,BIMAS.IS,1,0.53610647,0
2026-04-29,EKGYO.IS,1,0.52967304,0
2026-04-29,ENKAI.IS,1,0.5456959,0
2026-04-29,EREGL.IS,1,0.49092263,0
2026-04-29,FROTO.IS,0,0.5620358,0
2026-04-29,GARAN.IS,0,0.5538591,0
2026-04-29,ISCTR.IS,0,0.5494323,0
2026-04-29,KCHOL.IS,0,0.5212869,0
2026-04-29,KRDMD.IS,1,0.46525702,0
2026-04-29,MGROS.IS,1,0.5367351,0
2026-04-29,PETKM.IS,0,0.47746992,0
2026-04-29,PGSUS.IS,0,0.511995,0
2026-04-29,SAHOL.IS,0,0.54514027,0
2026-04-29,SISE.IS,1,0.53344035,0
2026-04-29,TAVHL.IS,0,0.5556493,0
2026-04-29,TCELL.IS,1,0.5373888,0
2026-04-29,THYAO.IS,0,0.523574,0
2026-04-29,TOASO.IS,1,0.52387816,0
2026-04-29,TTKOM.IS,1,0.53193444,0
2026-04-29,TUPRS.IS,0,0.47509995,0
2026-04-29,ULKER.IS,1,0.5325984,0
2026-04-29,YKBNK.IS,1,0.5437165,0
2026-04-30,AKBNK.IS,0,0.5465606,0
2026-04-30,ALARK.IS,0,0.4789997,0
2026-04-30,ARCLK.IS,0,0.5224,0
2026-04-30,ASELS.IS,0,0.4761605,0
2026-04-30,ASTOR.IS,1,0.40688035,0
2026-04-30,BIMAS.IS,1,0.54984385,0
2026-04-30,EKGYO.IS,1,0.53627604,0
2026-04-30,ENKAI.IS,1,0.5329934,0
2026-04-30,EREGL.IS,1,0.43662196,0
2026-04-30,FROTO.IS,0,0.5553209,0
2026-04-30,GARAN.IS,0,0.5400705,0
2026-04-30,ISCTR.IS,0,0.5368789,0
2026-04-30,KCHOL.IS,1,0.52424186,0
2026-04-30,KRDMD.IS,1,0.49017757,0
2026-04-30,MGROS.IS,1,0.5410402,0
2026-04-30,PETKM.IS,0,0.4613599,0
2026-04-30,PGSUS.IS,0,0.50481004,0
2026-04-30,SAHOL.IS,1,0.55811083,0
2026-04-30,SISE.IS,1,0.5260171,0
2026-04-30,TAVHL.IS,0,0.5530807,0
2026-04-30,TCELL.IS,1,0.51748186,0
2026-04-30,THYAO.IS,0,0.5102955,0
2026-04-30,TOASO.IS,1,0.5176114,0
2026-04-30,TTKOM.IS,1,0.51735836,0
2026-04-30,TUPRS.IS,0,0.49002245,0
2026-04-30,ULKER.IS,1,0.5049004,0
2026-04-30,YKBNK.IS,1,0.5282337,0
2026-05-04,AKBNK.IS,1,0.47171554,0
2026-05-04,ALARK.IS,1,0.48613182,0
2026-05-04,ARCLK.IS,1,0.47038874,0
2026-05-04,ASELS.IS,0,0.47734946,0
2026-05-04,ASTOR.IS,1,0.43421927,0
2026-05-04,BIMAS.IS,1,0.49488807,0
2026-05-04,EKGYO.IS,1,0.46691054,0
2026-05-04,ENKAI.IS,0,0.49286607,0
2026-05-04,EREGL.IS,1,0.4633169,0
2026-05-04,FROTO.IS,0,0.50835687,0
2026-05-04,GARAN.IS,1,0.45725858,0
2026-05-04,ISCTR.IS,0,0.49045035,0
2026-05-04,KCHOL.IS,1,0.490663,0
2026-05-04,KRDMD.IS,1,0.47847825,0
2026-05-04,MGROS.IS,1,0.49037004,0
2026-05-04,PETKM.IS,1,0.500051,0
2026-05-04,PGSUS.IS,0,0.46867105,0
2026-05-04,SAHOL.IS,1,0.48849794,0
2026-05-04,SISE.IS,1,0.45523736,0
2026-05-04,TAVHL.IS,0,0.50757545,0
2026-05-04,TCELL.IS,1,0.4797514,0
2026-05-04,THYAO.IS,0,0.47267687,0
2026-05-04,TOASO.IS,1,0.48267424,0
2026-05-04,TTKOM.IS,1,0.49318436,0
2026-05-04,TUPRS.IS,0,0.49360612,0
2026-05-04,ULKER.IS,0,0.47607625,0
2026-05-04,YKBNK.IS,1,0.45926917,0
2026-05-05,AKBNK.IS,1,0.5411692,0
2026-05-05,ALARK.IS,1,0.48882532,0
2026-05-05,ARCLK.IS,1,0.49732956,0
2026-05-05,ASELS.IS,0,0.49878109,0
2026-05-05,ASTOR.IS,1,0.4780593,0
2026-05-05,BIMAS.IS,1,0.5260521,0
2026-05-05,EKGYO.IS,0,0.52049744,0
2026-05-05,ENKAI.IS,0,0.5287223,0
2026-05-05,EREGL.IS,1,0.47566077,0
2026-05-05,FROTO.IS,0,0.548513,0
2026-05-05,GARAN.IS,1,0.5005498,0
2026-05-05,ISCTR.IS,0,0.5012478,0
2026-05-05,KCHOL.IS,0,0.5319593,0
2026-05-05,KRDMD.IS,1,0.4941998,0
2026-05-05,MGROS.IS,1,0.48934337,0
2026-05-05,PETKM.IS,1,0.49305087,0
2026-05-05,PGSUS.IS,0,0.48586693,0
2026-05-05,SAHOL.IS,0,0.49903947,0
2026-05-05,SISE.IS,1,0.49920744,0
2026-05-05,TAVHL.IS,0,0.54844534,0
2026-05-05,TCELL.IS,0,0.5020867,0
2026-05-05,THYAO.IS,0,0.5052805,0
2026-05-05,TOASO.IS,1,0.5108897,0
2026-05-05,TTKOM.IS,1,0.49833485,0
2026-05-05,TUPRS.IS,0,0.50856245,0
2026-05-05,ULKER.IS,0,0.4601287,0
2026-05-05,YKBNK.IS,1,0.48508984,0
2026-05-06,AKBNK.IS,0,0.46342102,0
2026-05-06,ALARK.IS,1,0.47581518,0
2026-05-06,ARCLK.IS,1,0.44922593,0
2026-05-06,ASELS.IS,0,0.48505652,0
2026-05-06,ASTOR.IS,1,0.4527685,0
2026-05-06,BIMAS.IS,1,0.48474023,0
2026-05-06,EKGYO.IS,0,0.45910317,0
2026-05-06,ENKAI.IS,0,0.48415384,0
2026-05-06,EREGL.IS,1,0.468997,0
2026-05-06,FROTO.IS,0,0.46003532,0
2026-05-06,GARAN.IS,0,0.4451053,0
2026-05-06,ISCTR.IS,0,0.45493686,0
2026-05-06,KCHOL.IS,0,0.4759812,0
2026-05-06,KRDMD.IS,1,0.44901222,0
2026-05-06,MGROS.IS,1,0.44454074,0
2026-05-06,PETKM.IS,1,0.46290678,0
2026-05-06,PGSUS.IS,0,0.44938168,0
2026-05-06,SAHOL.IS,0,0.4582993,0
2026-05-06,SISE.IS,1,0.45782048,0
2026-05-06,TAVHL.IS,0,0.44479144,0
2026-05-06,TCELL.IS,0,0.45219928,0
2026-05-06,THYAO.IS,1,0.4405976,0
2026-05-06,TOASO.IS,0,0.4666319,0
2026-05-06,TTKOM.IS,1,0.46087322,0
2026-05-06,TUPRS.IS,0,0.44445404,0
2026-05-06,ULKER.IS,0,0.42775878,0
2026-05-06,YKBNK.IS,1,0.45866197,0
2026-05-07,AKBNK.IS,0,0.49348783,0
2026-05-07,ALARK.IS,1,0.51696706,0
2026-05-07,ARCLK.IS,1,0.4864826,0
2026-05-07,ASELS.IS,0,0.5052887,0
2026-05-07,ASTOR.IS,1,0.44466797,0
2026-05-07,BIMAS.IS,1,0.51356375,0
2026-05-07,EKGYO.IS,0,0.48352057,0
2026-05-07,ENKAI.IS,0,0.5009239,0
2026-05-07,EREGL.IS,1,0.42176002,0
2026-05-07,FROTO.IS,0,0.4854696,0
2026-05-07,GARAN.IS,0,0.49290776,0
2026-05-07,ISCTR.IS,1,0.4996541,0
2026-05-07,KCHOL.IS,0,0.5104223,0
2026-05-07,KRDMD.IS,1,0.49741173,0
2026-05-07,MGROS.IS,1,0.503268,0
2026-05-07,PETKM.IS,1,0.47818217,0
2026-05-07,PGSUS.IS,0,0.47354254,0
2026-05-07,SAHOL.IS,0,0.50299615,0
2026-05-07,SISE.IS,1,0.5031564,0
2026-05-07,TAVHL.IS,0,0.49170595,0
2026-05-07,TCELL.IS,0,0.5170087,0
2026-05-07,THYAO.IS,1,0.48606172,0
2026-05-07,TOASO.IS,0,0.49705917,0
2026-05-07,TTKOM.IS,0,0.50368255,0
2026-05-07,TUPRS.IS,1,0.50846636,0
2026-05-07,ULKER.IS,1,0.49352172,0
2026-05-07,YKBNK.IS,1,0.4796987,0
2026-05-08,AKBNK.IS,0,0.47726107,0
2026-05-08,ALARK.IS,1,0.5032638,0
2026-05-08,ARCLK.IS,1,0.4870473,0
2026-05-08,ASELS.IS,1,0.4827467,0
2026-05-08,ASTOR.IS,1,0.46443138,0
2026-05-08,BIMAS.IS,1,0.4935582,0
2026-05-08,EKGYO.IS,0,0.49383056,0
2026-05-08,ENKAI.IS,0,0.47668964,0
2026-05-08,EREGL.IS,1,0.45443055,0
2026-05-08,FROTO.IS,0,0.4664648,0
2026-05-08,GARAN.IS,0,0.47740656,0
2026-05-08,ISCTR.IS,0,0.48236904,0
2026-05-08,KCHOL.IS,0,0.48962918,0
2026-05-08,KRDMD.IS,1,0.504818,0
2026-05-08,MGROS.IS,1,0.5066525,0
2026-05-08,PETKM.IS,1,0.4668464,0
2026-05-08,PGSUS.IS,0,0.4753722,0
2026-05-08,SAHOL.IS,0,0.5021398,0
2026-05-08,SISE.IS,0,0.4802541,0
2026-05-08,TAVHL.IS,0,0.46037105,0
2026-05-08,TCELL.IS,0,0.5050355,0
2026-05-08,THYAO.IS,1,0.4679984,0
2026-05-08,TOASO.IS,0,0.49058458,0
2026-05-08,TTKOM.IS,0,0.49421647,0
2026-05-08,TUPRS.IS,1,0.4939044,0
2026-05-08,ULKER.IS,0,0.47044477,0
2026-05-08,YKBNK.IS,0,0.53003645,0
2026-05-11,AKBNK.IS,0,0.50328726,0
2026-05-11,ALARK.IS,0,0.53200626,0
2026-05-11,ARCLK.IS,0,0.52083695,0
2026-05-11,ASELS.IS,1,0.50122917,0
2026-05-11,ASTOR.IS,0,0.4745669,0
2026-05-11,BIMAS.IS,1,0.48086283,0
2026-05-11,EKGYO.IS,0,0.51936245,0
2026-05-11,ENKAI.IS,1,0.45949867,0
2026-05-11,EREGL.IS,1,0.45500907,0
2026-05-11,FROTO.IS,0,0.4981077,0
2026-05-11,GARAN.IS,1,0.5013942,0
2026-05-11,ISCTR.IS,1,0.5233875,0
2026-05-11,KCHOL.IS,0,0.51326466,0
2026-05-11,KRDMD.IS,0,0.44110283,0
2026-05-11,MGROS.IS,1,0.516764,0
2026-05-11,PETKM.IS,1,0.4703332,0
2026-05-11,PGSUS.IS,1,0.47230494,0
2026-05-11,SAHOL.IS,1,0.51851046,0
2026-05-11,SISE.IS,0,0.50183296,0
2026-05-11,TAVHL.IS,0,0.5130462,0
2026-05-11,TCELL.IS,0,0.5302553,0
2026-05-11,THYAO.IS,1,0.50352657,0
2026-05-11,TOASO.IS,0,0.5316832,0
2026-05-11,TTKOM.IS,0,0.5326404,0
2026-05-11,TUPRS.IS,1,0.5130203,0
2026-05-11,ULKER.IS,0,0.47102046,0
2026-05-11,YKBNK.IS,0,0.5211058,0
2026-05-12,AKBNK.IS,1,0.50782686,0
2026-05-12,ALARK.IS,0,0.53055394,0
2026-05-12,ARCLK.IS,0,0.5311441,0
2026-05-12,ASELS.IS,0,0.5175412,0
2026-05-12,ASTOR.IS,1,0.44407135,0
2026-05-12,BIMAS.IS,1,0.5199062,0
2026-05-12,EKGYO.IS,1,0.48015657,0
2026-05-12,ENKAI.IS,1,0.52208275,0
2026-05-12,EREGL.IS,1,0.46287084,0
2026-05-12,FROTO.IS,0,0.53348666,0
2026-05-12,GARAN.IS,1,0.51039076,0
2026-05-12,ISCTR.IS,1,0.5327407,0
2026-05-12,KCHOL.IS,1,0.5358129,0
2026-05-12,KRDMD.IS,0,0.44505176,0
2026-05-12,MGROS.IS,1,0.5251074,0
2026-05-12,PETKM.IS,0,0.4725853,0
2026-05-12,PGSUS.IS,1,0.50126606,0
2026-05-12,SAHOL.IS,1,0.5195231,0
2026-05-12,SISE.IS,0,0.5331268,0
2026-05-12,TAVHL.IS,1,0.55433,0
2026-05-12,TCELL.IS,0,0.5180771,0
2026-05-12,THYAO.IS,1,0.53341955,0
2026-05-12,TOASO.IS,0,0.53671926,0
2026-05-12,TTKOM.IS,1,0.5302998,0
2026-05-12,TUPRS.IS,1,0.5424125,0
2026-05-12,ULKER.IS,0,0.49821147,0
2026-05-12,YKBNK.IS,0,0.5420512,0
2026-05-13,AKBNK.IS,0,0.44503504,0
2026-05-13,ALARK.IS,1,0.4993779,0
2026-05-13,ARCLK.IS,0,0.46494323,0
2026-05-13,ASELS.IS,1,0.42455485,0
2026-05-13,ASTOR.IS,1,0.49811077,0
2026-05-13,BIMAS.IS,1,0.46279448,0
2026-05-13,EKGYO.IS,1,0.42947742,0
2026-05-13,ENKAI.IS,1,0.43100053,0
2026-05-13,EREGL.IS,0,0.43164304,0
2026-05-13,FROTO.IS,0,0.48375735,0
2026-05-13,GARAN.IS,1,0.43982506,0
2026-05-13,ISCTR.IS,0,0.469275,0
2026-05-13,KCHOL.IS,0,0.4867587,0
2026-05-13,KRDMD.IS,0,0.44814315,0
2026-05-13,MGROS.IS,1,0.47162098,0
2026-05-13,PETKM.IS,0,0.45970678,0
2026-05-13,PGSUS.IS,1,0.44892076,0
2026-05-13,SAHOL.IS,1,0.45936793,0
2026-05-13,SISE.IS,0,0.45455968,0
2026-05-13,TAVHL.IS,1,0.51655877,0
2026-05-13,TCELL.IS,1,0.46355116,0
2026-05-13,THYAO.IS,0,0.44141313,0
2026-05-13,TOASO.IS,1,0.47496632,0
2026-05-13,TTKOM.IS,0,0.48283264,0
2026-05-13,TUPRS.IS,1,0.43881336,0
2026-05-13,ULKER.IS,0,0.42459217,0
2026-05-13,YKBNK.IS,0,0.4856221,0
2026-05-14,AKBNK.IS,0,0.48811945,0
2026-05-14,ALARK.IS,1,0.4565674,0
2026-05-14,ARCLK.IS,0,0.4731174,0
2026-05-14,ASELS.IS,1,0.40925133,0
2026-05-14,ASTOR.IS,1,0.5093985,0
2026-05-14,BIMAS.IS,1,0.49714535,0
2026-05-14,EKGYO.IS,1,0.47492453,0
2026-05-14,ENKAI.IS,1,0.48751062,0
2026-05-14,EREGL.IS,1,0.45872417,0
2026-05-14,FROTO.IS,0,0.52160984,0
2026-05-14,GARAN.IS,0,0.49230942,0
2026-05-14,ISCTR.IS,0,0.48300862,0
2026-05-14,KCHOL.IS,0,0.4766989,0
2026-05-14,KRDMD.IS,1,0.46226263,0
2026-05-14,MGROS.IS,1,0.46069974,0
2026-05-14,PETKM.IS,0,0.4520149,0
2026-05-14,PGSUS.IS,0,0.46089947,0
2026-05-14,SAHOL.IS,0,0.46703002,0
2026-05-14,SISE.IS,0,0.42471844,0
2026-05-14,TAVHL.IS,0,0.51263076,0
2026-05-14,TCELL.IS,0,0.48240116,0
2026-05-14,THYAO.IS,0,0.39485687,0
2026-05-14,TOASO.IS,1,0.4762901,0
2026-05-14,TTKOM.IS,0,0.4895935,0
2026-05-14,TUPRS.IS,1,0.46603176,0
2026-05-14,ULKER.IS,0,0.43219414,0
2026-05-14,YKBNK.IS,0,0.5122534,0
2026-05-15,AKBNK.IS,0,0.51658785,0
2026-05-15,ALARK.IS,1,0.5317287,0
2026-05-15,ARCLK.IS,0,0.51568073,0
2026-05-15,ASELS.IS,1,0.44511637,0
2026-05-15,ASTOR.IS,1,0.45701754,0
2026-05-15,BIMAS.IS,0,0.51557493,0
2026-05-15,EKGYO.IS,0,0.52431834,0
2026-05-15,ENKAI.IS,1,0.49704638,0
2026-05-15,EREGL.IS,1,0.5101704,0
2026-05-15,FROTO.IS,0,0.54933774,0
2026-05-15,GARAN.IS,0,0.5042438,0
2026-05-15,ISCTR.IS,0,0.5018602,0
2026-05-15,KCHOL.IS,0,0.50301415,0
2026-05-15,KRDMD.IS,0,0.48429427,0
2026-05-15,MGROS.IS,1,0.46126115,0
2026-05-15,PETKM.IS,0,0.50061256,0
2026-05-15,PGSUS.IS,1,0.48097008,0
2026-05-15,SAHOL.IS,1,0.501089,0
2026-05-15,SISE.IS,1,0.49200568,0
2026-05-15,TAVHL.IS,1,0.5838762,0
2026-05-15,TCELL.IS,1,0.47263145,0
2026-05-15,THYAO.IS,1,0.44870666,0
2026-05-15,TOASO.IS,1,0.5213367,0
2026-05-15,TTKOM.IS,1,0.5238583,0
2026-05-15,TUPRS.IS,0,0.48443705,0
2026-05-15,ULKER.IS,0,0.43208978,0
2026-05-15,YKBNK.IS,0,0.5232536,0
2026-05-18,AKBNK.IS,0,0.506891,0
2026-05-18,ALARK.IS,1,0.50652903,0
2026-05-18,ARCLK.IS,0,0.5076323,0
2026-05-18,ASELS.IS,0,0.41856256,0
2026-05-18,ASTOR.IS,1,0.45643318,0
2026-05-18,BIMAS.IS,0,0.5060206,0
2026-05-18,EKGYO.IS,0,0.50926703,0
2026-05-18,ENKAI.IS,1,0.5056169,0
2026-05-18,EREGL.IS,1,0.46727216,0
2026-05-18,FROTO.IS,0,0.5676437,0
2026-05-18,GARAN.IS,0,0.49255958,0
2026-05-18,ISCTR.IS,0,0.5151541,0
2026-05-18,KCHOL.IS,0,0.48030245,0
2026-05-18,KRDMD.IS,1,0.43951058,0
2026-05-18,MGROS.IS,1,0.50856274,0
2026-05-18,PETKM.IS,0,0.49603304,0
2026-05-18,PGSUS.IS,1,0.5162945,0
2026-05-18,SAHOL.IS,1,0.5064917,0
2026-05-18,SISE.IS,1,0.45542747,0
2026-05-18,TAVHL.IS,1,0.6005465,0
2026-05-18,TCELL.IS,0,0.5133853,0
2026-05-18,THYAO.IS,1,0.43397984,0
2026-05-18,TOASO.IS,1,0.49324924,0
2026-05-18,TTKOM.IS,1,0.4889883,0
2026-05-18,TUPRS.IS,0,0.4500038,0
2026-05-18,ULKER.IS,0,0.42309764,0
2026-05-18,YKBNK.IS,0,0.50439936,0
2026-05-20,AKBNK.IS,0,0.3963694,0
2026-05-20,ALARK.IS,1,0.4600774,0
2026-05-20,ARCLK.IS,0,0.4271054,0
2026-05-20,ASELS.IS,0,0.38684526,0
2026-05-20,ASTOR.IS,0,0.40645427,0
2026-05-20,BIMAS.IS,0,0.47806066,0
2026-05-20,EKGYO.IS,0,0.47081357,0
2026-05-20,ENKAI.IS,1,0.4551633,0
2026-05-20,EREGL.IS,1,0.45257685,0
2026-05-20,FROTO.IS,1,0.4980152,0
2026-05-20,GARAN.IS,0,0.4399796,0
2026-05-20,ISCTR.IS,0,0.42958423,0
2026-05-20,KCHOL.IS,0,0.44374624,0
2026-05-20,KRDMD.IS,1,0.41560254,0
2026-05-20,MGROS.IS,0,0.44078526,0
2026-05-20,PETKM.IS,0,0.44468683,0
2026-05-20,PGSUS.IS,0,0.45694205,0
2026-05-20,SAHOL.IS,0,0.35632673,-1
2026-05-20,SISE.IS,1,0.4088667,0
2026-05-20,TAVHL.IS,1,0.546259,0
2026-05-20,TCELL.IS,0,0.4607854,0
2026-05-20,THYAO.IS,1,0.3580007,-1
2026-05-20,TOASO.IS,1,0.44840747,0
2026-05-20,TTKOM.IS,1,0.4664676,0
2026-05-20,TUPRS.IS,1,0.4120662,0
2026-05-20,ULKER.IS,0,0.3732375,-1
2026-05-20,YKBNK.IS,0,0.44639707,0
2026-05-21,AKBNK.IS,0,0.39182925,-1
2026-05-21,ALARK.IS,1,0.46955544,0
2026-05-21,ARCLK.IS,0,0.49890247,0
2026-05-21,ASELS.IS,1,0.3699893,-1
2026-05-21,ASTOR.IS,1,0.47127238,0
2026-05-21,BIMAS.IS,0,0.46322653,0
2026-05-21,EKGYO.IS,1,0.48967463,0
2026-05-21,ENKAI.IS,0,0.4357772,0
2026-05-21,EREGL.IS,1,0.4575152,0
2026-05-21,FROTO.IS,1,0.5490591,0
2026-05-21,GARAN.IS,0,0.49578765,0
2026-05-21,ISCTR.IS,0,0.40175766,-1
2026-05-21,KCHOL.IS,0,0.48248413,0
2026-05-21,KRDMD.IS,1,0.4189619,0
2026-05-21,MGROS.IS,0,0.46248528,0
2026-05-21,PETKM.IS,0,0.42128015,0
2026-05-21,PGSUS.IS,0,0.4339967,0
2026-05-21,SAHOL.IS,0,0.41575018,0
2026-05-21,SISE.IS,1,0.3599282,-1
2026-05-21,TAVHL.IS,1,0.54330784,0
2026-05-21,TCELL.IS,0,0.47436547,0
2026-05-21,THYAO.IS,1,0.367182,-1
2026-05-21,TOASO.IS,1,0.46147928,0
2026-05-21,TTKOM.IS,1,0.4790257,0
2026-05-21,TUPRS.IS,0,0.4516153,0
2026-05-21,ULKER.IS,0,0.47179386,0
2026-05-21,YKBNK.IS,1,0.43103516,0
2026-05-22,AKBNK.IS,1,0.47690558,0
2026-05-22,ALARK.IS,1,0.490168,0
2026-05-22,ARCLK.IS,1,0.46042934,0
2026-05-22,ASELS.IS,0,0.45137566,0
2026-05-22,ASTOR.IS,1,0.45395446,0
2026-05-22,BIMAS.IS,0,0.49820367,0
2026-05-22,EKGYO.IS,1,0.48883078,0
2026-05-22,ENKAI.IS,0,0.44812778,0
2026-05-22,EREGL.IS,1,0.4797033,0
2026-05-22,FROTO.IS,1,0.54672396,0
2026-05-22,GARAN.IS,1,0.46849516,0
2026-05-22,ISCTR.IS,1,0.4704355,0
2026-05-22,KCHOL.IS,0,0.46679845,0
2026-05-22,KRDMD.IS,0,0.45305163,0
2026-05-22,MGROS.IS,0,0.50863653,0
2026-05-22,PETKM.IS,0,0.45161676,0
2026-05-22,PGSUS.IS,0,0.50153047,0
2026-05-22,SAHOL.IS,1,0.44928807,0
2026-05-22,SISE.IS,1,0.42552418,-1
2026-05-22,TAVHL.IS,1,0.54118556,0
2026-05-22,TCELL.IS,0,0.46998036,0
2026-05-22,THYAO.IS,1,0.44630533,0
2026-05-22,TOASO.IS,0,0.46632487,0
2026-05-22,TTKOM.IS,1,0.46249223,0
2026-05-22,TUPRS.IS,0,0.46180248,0
2026-05-22,ULKER.IS,0,0.47826645,0
2026-05-22,YKBNK.IS,1,0.47786355,0
2026-05-25,AKBNK.IS,1,0.4757979,0
2026-05-25,ALARK.IS,1,0.48233604,0
2026-05-25,ARCLK.IS,1,0.4872154,0
2026-05-25,ASELS.IS,0,0.4447653,0
2026-05-25,ASTOR.IS,0,0.4594246,0
2026-05-25,BIMAS.IS,0,0.46192348,0
2026-05-25,EKGYO.IS,1,0.4997117,0
2026-05-25,ENKAI.IS,0,0.47436285,0
2026-05-25,EREGL.IS,1,0.50223005,0
2026-05-25,FROTO.IS,1,0.4973366,0
2026-05-25,GARAN.IS,1,0.5210356,0
2026-05-25,ISCTR.IS,1,0.4939886,0
2026-05-25,KCHOL.IS,1,0.49133214,0
2026-05-25,KRDMD.IS,0,0.4376482,-1
2026-05-25,MGROS.IS,0,0.50008357,0
2026-05-25,PETKM.IS,0,0.4271985,-1
2026-05-25,PGSUS.IS,0,0.48435953,0
2026-05-25,SAHOL.IS,1,0.51652604,0
2026-05-25,SISE.IS,0,0.45831755,0
2026-05-25,TAVHL.IS,1,0.46296096,0
2026-05-25,TCELL.IS,1,0.49203175,0
2026-05-25,THYAO.IS,1,0.45064145,0
2026-05-25,TOASO.IS,0,0.46643928,0
2026-05-25,TTKOM.IS,1,0.49424285,0
2026-05-25,TUPRS.IS,0,0.43869445,-1
2026-05-25,ULKER.IS,0,0.4756469,0
2026-05-25,YKBNK.IS,1,0.5005605,0
2026-05-26,AKBNK.IS,1,0.48732772,0
2026-05-26,ALARK.IS,1,0.48882645,0
2026-05-26,ARCLK.IS,0,0.48729625,0
2026-05-26,ASELS.IS,0,0.39131388,-1
2026-05-26,ASTOR.IS,1,0.3790809,-1
2026-05-26,BIMAS.IS,1,0.48708957,0
2026-05-26,EKGYO.IS,1,0.48839453,0
2026-05-26,ENKAI.IS,0,0.4574048,0
2026-05-26,EREGL.IS,1,0.49564645,0
2026-05-26,FROTO.IS,1,0.5013093,0
2026-05-26,GARAN.IS,1,0.50208753,0
2026-05-26,ISCTR.IS,1,0.49564973,0
2026-05-26,KCHOL.IS,0,0.4929635,0
2026-05-26,KRDMD.IS,0,0.45523232,0
2026-05-26,MGROS.IS,1,0.4857063,0
2026-05-26,PETKM.IS,0,0.43167117,-1
2026-05-26,PGSUS.IS,0,0.48880577,0
2026-05-26,SAHOL.IS,0,0.49274608,0
2026-05-26,SASA.IS,0,0.43847257,-1
2026-05-26,SISE.IS,0,0.45817742,0
2026-05-26,TAVHL.IS,1,0.499084,0
2026-05-26,TCELL.IS,1,0.48619488,0
2026-05-26,THYAO.IS,0,0.4458359,-1
2026-05-26,TOASO.IS,0,0.4682889,0
2026-05-26,TTKOM.IS,1,0.47502193,0
2026-05-26,TUPRS.IS,1,0.4789204,0
2026-05-26,ULKER.IS,0,0.46880117,0
2026-05-26,YKBNK.IS,1,0.49731052,0
2026-06-01,AKBNK.IS,1,0.47144917,-1
2026-06-01,ALARK.IS,1,0.47247338,-1
2026-06-01,ARCLK.IS,0,0.49001008,0
2026-06-01,ASELS.IS,0,0.36287045,-1
2026-06-01,ASTOR.IS,0,0.4098427,-1
2026-06-01,BIMAS.IS,1,0.4842668,0
2026-06-01,EKGYO.IS,1,0.4649785,-1
2026-06-01,ENKAI.IS,0,0.46515346,-1
2026-06-01,EREGL.IS,0,0.45664555,-1
2026-06-01,FROTO.IS,1,0.51149106,0
2026-06-01,GARAN.IS,1,0.49051002,0
2026-06-01,ISCTR.IS,1,0.47775903,-1
2026-06-01,KCHOL.IS,1,0.47496286,-1
2026-06-01,KRDMD.IS,0,0.4115189,-1
2026-06-01,MGROS.IS,0,0.48506975,0
2026-06-01,PETKM.IS,0,0.39942512,-1
2026-06-01,PGSUS.IS,0,0.48027033,0
2026-06-01,SAHOL.IS,1,0.45010775,-1
2026-06-01,SISE.IS,0,0.4578139,-1
2026-06-01,TAVHL.IS,0,0.46316904,-1
2026-06-01,TCELL.IS,1,0.46085906,-1
2026-06-01,THYAO.IS,1,0.44189894,-1
2026-06-01,TOASO.IS,0,0.4658555,-1
2026-06-01,TTKOM.IS,1,0.45900217,-1
2026-06-01,TUPRS.IS,0,0.45723474,-1
2026-06-01,ULKER.IS,0,0.46902412,-1
2026-06-01,YKBNK.IS,1,0.468381,-1
2026-06-02,AKBNK.IS,1,0.4614673,-1
2026-06-02,ALARK.IS,1,0.47454888,-1
2026-06-02,ARCLK.IS,0,0.46149614,-1
2026-06-02,ASELS.IS,0,0.40610704,-1
2026-06-02,ASTOR.IS,0,0.40262157,-1
2026-06-02,BIMAS.IS,1,0.4855863,0
2026-06-02,EKGYO.IS,0,0.4520181,-1
2026-06-02,ENKAI.IS,1,0.43755123,-1
2026-06-02,EREGL.IS,0,0.4830348,0
2026-06-02,FROTO.IS,1,0.50209934,0
2026-06-02,GARAN.IS,1,0.47789067,-1
2026-06-02,ISCTR.IS,1,0.4666055,-1
2026-06-02,KCHOL.IS,0,0.46417046,-1
2026-06-02,KRDMD.IS,0,0.39423764,-1
2026-06-02,MGROS.IS,1,0.4859627,0
2026-06-02,PETKM.IS,0,0.42591846,-1
2026-06-02,PGSUS.IS,1,0.46178427,-1
2026-06-02,SAHOL.IS,1,0.47706676,-1
2026-06-02,SISE.IS,0,0.43678087,-1
2026-06-02,TAVHL.IS,1,0.45747092,-1
2026-06-02,TCELL.IS,1,0.46402994,-1
2026-06-02,THYAO.IS,1,0.46465546,-1
2026-06-02,TOASO.IS,1,0.47223774,-1
2026-06-02,TTKOM.IS,1,0.4547692,-1
2026-06-02,TUPRS.IS,0,0.47225866,-1
2026-06-02,ULKER.IS,1,0.46384802,-1
2026-06-02,YKBNK.IS,1,0.46205497,-1
2026-06-03,AKBNK.IS,1,0.47478124,-1
2026-06-03,ALARK.IS,1,0.5125579,0
2026-06-03,ARCLK.IS,0,0.49591613,0
2026-06-03,ASELS.IS,0,0.36338654,-1
2026-06-03,ASTOR.IS,0,0.45553285,-1
2026-06-03,BIMAS.IS,1,0.51561666,0
2026-06-03,EKGYO.IS,0,0.5194957,0
2026-06-03,ENKAI.IS,0,0.48792553,0
2026-06-03,EREGL.IS,0,0.52646,1
2026-06-03,FROTO.IS,0,0.5193729,0
2026-06-03,GARAN.IS,1,0.49703896,0
2026-06-03,ISCTR.IS,1,0.49243438,0
2026-06-03,KCHOL.IS,0,0.5003228,0
2026-06-03,KRDMD.IS,0,0.457442,-1
2026-06-03,MGROS.IS,1,0.5145203,0
2026-06-03,PETKM.IS,0,0.3960262,-1
2026-06-03,PGSUS.IS,0,0.48994774,0
2026-06-03,SAHOL.IS,1,0.4944779,0
2026-06-03,SISE.IS,0,0.480075,0
2026-06-03,TAVHL.IS,1,0.49089068,0
2026-06-03,TCELL.IS,1,0.4940831,0
2026-06-03,THYAO.IS,1,0.49491528,0
2026-06-03,TOASO.IS,0,0.4961637,0
2026-06-03,TTKOM.IS,0,0.49773237,0
2026-06-03,TUPRS.IS,1,0.45436803,-1
2026-06-03,ULKER.IS,1,0.49019024,0
2026-06-03,YKBNK.IS,1,0.4798427,-1
2026-06-04,AKBNK.IS,1,0.52266365,1
2026-06-04,ALARK.IS,1,0.5452478,1
2026-06-04,ARCLK.IS,0,0.5353803,1
2026-06-04,ASELS.IS,1,0.42720956,-1
2026-06-04,ASTOR.IS,0,0.3872825,-1
2026-06-04,BIMAS.IS,1,0.5283458,1
2026-06-04,EKGYO.IS,0,0.5147047,0
2026-06-04,ENKAI.IS,0,0.52340573,1
2026-06-04,EREGL.IS,0,0.5160551,0
2026-06-04,FROTO.IS,0,0.5734762,1
2026-06-04,GARAN.IS,1,0.50952137,0
2026-06-04,ISCTR.IS,1,0.506258,0
2026-06-04,KCHOL.IS,0,0.5082228,0
2026-06-04,KRDMD.IS,0,0.4815514,0
2026-06-04,MGROS.IS,1,0.5510211,1
2026-06-04,PETKM.IS,0,0.46170092,-1
2026-06-04,PGSUS.IS,0,0.5369746,1
2026-06-04,SAHOL.IS,1,0.51278055,0
2026-06-04,SISE.IS,0,0.52076775,0
2026-06-04,TAVHL.IS,0,0.5757071,1
2026-06-04,TCELL.IS,1,0.5096526,0
2026-06-04,THYAO.IS,0,0.53673106,1
2026-06-04,TOASO.IS,0,0.5339692,1
2026-06-04,TTKOM.IS,0,0.50961155,0
2026-06-04,TUPRS.IS,1,0.5294795,1
2026-06-04,ULKER.IS,0,0.5189046,0
2026-06-04,YKBNK.IS,1,0.50800836,0
2026-06-05,AKBNK.IS,1,0.46210954,-1
2026-06-05,ALARK.IS,1,0.51536757,0
2026-06-05,ARCLK.IS,0,0.5235886,1
2026-06-05,ASELS.IS,1,0.40967464,-1
2026-06-05,ASTOR.IS,0,0.46424663,-1
2026-06-05,BIMAS.IS,0,0.49525166,0
2026-06-05,EKGYO.IS,1,0.42640206,-1
2026-06-05,ENKAI.IS,0,0.5043971,0
2026-06-05,EREGL.IS,0,0.4840431,0
2026-06-05,FROTO.IS,0,0.5483415,1
2026-06-05,GARAN.IS,1,0.50557625,0
2026-06-05,ISCTR.IS,1,0.4691897,-1
2026-06-05,KCHOL.IS,0,0.51431364,0
2026-06-05,KRDMD.IS,0,0.45190072,-1
2026-06-05,MGROS.IS,0,0.5279811,1
2026-06-05,PETKM.IS,0,0.46044207,-1
2026-06-05,PGSUS.IS,1,0.5115471,0
2026-06-05,SAHOL.IS,1,0.50999385,0
2026-06-05,SISE.IS,0,0.4758402,-1
2026-06-05,TAVHL.IS,1,0.50896734,0
2026-06-05,TCELL.IS,1,0.51540834,0
2026-06-05,THYAO.IS,1,0.50937253,0
2026-06-05,TOASO.IS,0,0.49255177,0
2026-06-05,TTKOM.IS,1,0.48098692,0
2026-06-05,TUPRS.IS,0,0.48561418,0
2026-06-05,ULKER.IS,0,0.5204145,1
2026-06-05,YKBNK.IS,1,0.45946497,-1
2026-06-08,AKBNK.IS,1,0.48622113,0
2026-06-08,ALARK.IS,1,0.50977135,0
2026-06-08,ARCLK.IS,0,0.4747158,0
2026-06-08,ASELS.IS,0,0.4125023,0
2026-06-08,ASTOR.IS,0,0.43973857,0
2026-06-08,BIMAS.IS,1,0.47611013,0
2026-06-08,EKGYO.IS,1,0.46828038,0
2026-06-08,ENKAI.IS,0,0.48429027,0
2026-06-08,EREGL.IS,0,0.47716346,0
2026-06-08,FROTO.IS,0,0.5183449,0
2026-06-08,GARAN.IS,1,0.4949488,0
2026-06-08,ISCTR.IS,1,0.49041137,0
2026-06-08,KCHOL.IS,0,0.50088,0
2026-06-08,KRDMD.IS,1,0.43449783,0
2026-06-08,MGROS.IS,1,0.4891248,0
2026-06-08,PETKM.IS,0,0.45354545,0
2026-06-08,PGSUS.IS,1,0.486196,0
2026-06-08,SAHOL.IS,1,0.48840058,0
2026-06-08,SISE.IS,0,0.45665202,0
2026-06-08,TAVHL.IS,1,0.467306,0
2026-06-08,TCELL.IS,1,0.50256294,0
2026-06-08,THYAO.IS,1,0.48773223,0
2026-06-08,TOASO.IS,1,0.46977592,0
2026-06-08,TTKOM.IS,0,0.49975723,0
2026-06-08,TUPRS.IS,0,0.4679793,0
2026-06-08,ULKER.IS,0,0.48775133,0
2026-06-08,YKBNK.IS,1,0.4834119,0
2026-06-09,AKBNK.IS,1,0.4994454,0
2026-06-09,ALARK.IS,0,0.49644214,0
2026-06-09,ARCLK.IS,0,0.4781415,0
2026-06-09,ASELS.IS,1,0.39837053,0
2026-06-09,ASTOR.IS,0,0.41510993,0
2026-06-09,BIMAS.IS,0,0.4695852,0
2026-06-09,EKGYO.IS,1,0.47855496,0
2026-06-09,ENKAI.IS,0,0.45852387,0
2026-06-09,EREGL.IS,0,0.47548407,0
2026-06-09,FROTO.IS,1,0.51479226,0
2026-06-09,GARAN.IS,1,0.49190003,0
2026-06-09,ISCTR.IS,1,0.48862177,0
2026-06-09,KCHOL.IS,1,0.47646466,0
2026-06-09,KRDMD.IS,0,0.43732235,0
2026-06-09,MGROS.IS,0,0.47295254,0
2026-06-09,PETKM.IS,0,0.4446206,0
2026-06-09,PGSUS.IS,1,0.48032102,0
2026-06-09,SAHOL.IS,1,0.4719706,0
2026-06-09,SISE.IS,0,0.45226172,0
2026-06-09,TAVHL.IS,1,0.4821947,0
2026-06-09,TCELL.IS,1,0.48041284,0
2026-06-09,THYAO.IS,1,0.47648564,0
2026-06-09,TOASO.IS,1,0.47624883,0
2026-06-09,TTKOM.IS,0,0.45186466,0
2026-06-09,TUPRS.IS,0,0.4283096,0
2026-06-09,ULKER.IS,0,0.44120994,0
2026-06-09,YKBNK.IS,1,0.48173282,0
2026-06-10,AKBNK.IS,1,0.50307757,0
2026-06-10,ALARK.IS,0,0.5150802,0
2026-06-10,ARCLK.IS,0,0.48625103,0
2026-06-10,ASELS.IS,0,0.43961284,0
2026-06-10,ASTOR.IS,0,0.3967628,0
2026-06-10,BIMAS.IS,0,0.4884793,0
2026-06-10,EKGYO.IS,1,0.48944125,0
2026-06-10,ENKAI.IS,0,0.4452917,0
2026-06-10,EREGL.IS,0,0.48828265,0
2026-06-10,FROTO.IS,0,0.6033777,0
2026-06-10,GARAN.IS,1,0.4909181,0
2026-06-10,ISCTR.IS,1,0.4857032,0
2026-06-10,KCHOL.IS,1,0.48963735,0
2026-06-10,KRDMD.IS,0,0.4064178,0
2026-06-10,MGROS.IS,0,0.4825287,0
2026-06-10,PETKM.IS,0,0.45942107,0
2026-06-10,PGSUS.IS,1,0.5042819,0
2026-06-10,SAHOL.IS,1,0.48825416,0
2026-06-10,SISE.IS,0,0.48357403,0
2026-06-10,TAVHL.IS,1,0.5216509,0
2026-06-10,TCELL.IS,1,0.49519026,0
2026-06-10,THYAO.IS,1,0.47533992,0
2026-06-10,TOASO.IS,1,0.48694155,0
2026-06-10,TTKOM.IS,0,0.45046854,0
2026-06-10,TUPRS.IS,0,0.4917957,0
2026-06-10,ULKER.IS,0,0.41963822,0
2026-06-10,YKBNK.IS,1,0.4842302,0
2026-06-11,AKBNK.IS,1,0.5203107,0
2026-06-11,ALARK.IS,0,0.4967631,0
2026-06-11,ARCLK.IS,0,0.47325432,0
2026-06-11,ASELS.IS,1,0.42334244,0
2026-06-11,ASTOR.IS,0,0.4455902,0
2026-06-11,BIMAS.IS,0,0.48343018,0
2026-06-11,EKGYO.IS,1,0.49131995,0
2026-06-11,ENKAI.IS,0,0.48948947,0
2026-06-11,EREGL.IS,0,0.48873538,0
2026-06-11,FROTO.IS,0,0.5809843,0
2026-06-11,GARAN.IS,1,0.50382376,0
2026-06-11,ISCTR.IS,1,0.501175,0
2026-06-11,KCHOL.IS,1,0.49139473,0
2026-06-11,KRDMD.IS,0,0.4513504,0
2026-06-11,MGROS.IS,0,0.48364374,0
2026-06-11,PETKM.IS,0,0.44110882,0
2026-06-11,PGSUS.IS,1,0.49472052,0
2026-06-11,SAHOL.IS,1,0.49527627,0
2026-06-11,SISE.IS,1,0.47271568,0
2026-06-11,TAVHL.IS,1,0.5056081,0
2026-06-11,TCELL.IS,1,0.49628899,0
2026-06-11,THYAO.IS,1,0.4650855,0
2026-06-11,TOASO.IS,1,0.43236387,0
2026-06-11,TTKOM.IS,0,0.50455886,0
2026-06-11,TUPRS.IS,0,0.47651812,0
2026-06-11,ULKER.IS,0,0.48953277,0
2026-06-11,YKBNK.IS,1,0.5011492,0
2026-06-12,AKBNK.IS,1,0.48535433,0
2026-06-12,ALARK.IS,0,0.5002669,0
2026-06-12,ARCLK.IS,0,0.48320928,0
2026-06-12,ASELS.IS,1,0.3937569,0
2026-06-12,ASTOR.IS,1,0.38229293,0
2026-06-12,BIMAS.IS,0,0.49390954,0
2026-06-12,EKGYO.IS,1,0.49420047,0
2026-06-12,ENKAI.IS,0,0.49280456,0
2026-06-12,EREGL.IS,0,0.52513516,0
2026-06-12,FROTO.IS,0,0.53179103,0
2026-06-12,GARAN.IS,1,0.49211475,0
2026-06-12,ISCTR.IS,1,0.4715624,0
2026-06-12,KCHOL.IS,0,0.49982476,0
2026-06-12,KRDMD.IS,0,0.4334702,0
2026-06-12,MGROS.IS,0,0.498312,0
2026-06-12,PETKM.IS,0,0.4187735,0
2026-06-12,PGSUS.IS,1,0.49705634,0
2026-06-12,SAHOL.IS,0,0.5180251,0
2026-06-12,SISE.IS,0,0.51801825,0
2026-06-12,TAVHL.IS,1,0.501179,0
2026-06-12,TCELL.IS,0,0.52142,0
2026-06-12,THYAO.IS,1,0.4865477,0
2026-06-12,TOASO.IS,1,0.50473595,0
2026-06-12,TTKOM.IS,0,0.50439435,0
2026-06-12,TUPRS.IS,0,0.49317518,0
2026-06-12,ULKER.IS,0,0.5117875,0
2026-06-12,YKBNK.IS,1,0.48236173,0
2026-06-15,AKBNK.IS,1,0.48336944,0
2026-06-15,ALARK.IS,0,0.49267468,0
2026-06-15,ARCLK.IS,0,0.4972438,0
2026-06-15,ASELS.IS,1,0.4754038,0
2026-06-15,ASTOR.IS,1,0.42307356,0
2026-06-15,BIMAS.IS,0,0.47984314,0
2026-06-15,EKGYO.IS,1,0.48336014,0
2026-06-15,ENKAI.IS,0,0.50285256,0
2026-06-15,EREGL.IS,0,0.49521095,0
2026-06-15,FROTO.IS,0,0.527306,0
2026-06-15,GARAN.IS,0,0.48748797,0
2026-06-15,ISCTR.IS,1,0.48377353,0
2026-06-15,KCHOL.IS,0,0.4888985,0
2026-06-15,KRDMD.IS,0,0.44425577,0
2026-06-15,MGROS.IS,0,0.47885585,0
2026-06-15,PETKM.IS,1,0.4897079,0
2026-06-15,PGSUS.IS,0,0.48276162,0
2026-06-15,SAHOL.IS,0,0.4870458,0
2026-06-15,SISE.IS,0,0.48832777,0
2026-06-15,TAVHL.IS,0,0.48037484,0
2026-06-15,TCELL.IS,0,0.4911565,0
2026-06-15,THYAO.IS,0,0.46601182,0
2026-06-15,TOASO.IS,1,0.47697213,0
2026-06-15,TTKOM.IS,0,0.471824,0
2026-06-15,TUPRS.IS,0,0.49997872,0
2026-06-15,ULKER.IS,0,0.50025153,0
2026-06-15,YKBNK.IS,1,0.4811133,0
2026-06-16,AKBNK.IS,1,0.48590153,0
2026-06-16,ALARK.IS,0,0.45040357,-1
2026-06-16,ARCLK.IS,0,0.49816522,0
2026-06-16,ASELS.IS,0,0.4419008,-1
2026-06-16,ASTOR.IS,0,0.39295855,-1
2026-06-16,BIMAS.IS,0,0.47288334,0
2026-06-16,EKGYO.IS,1,0.46905133,-1
2026-06-16,ENKAI.IS,0,0.48625997,0
2026-06-16,EREGL.IS,0,0.49440423,0
2026-06-16,FROTO.IS,0,0.49152675,0
2026-06-16,GARAN.IS,1,0.49102986,0
2026-06-16,ISCTR.IS,1,0.511246,0
2026-06-16,KCHOL.IS,0,0.47617504,0
2026-06-16,KRDMD.IS,0,0.46159497,-1
2026-06-16,MGROS.IS,0,0.49230757,0
2026-06-16,PETKM.IS,1,0.46250814,-1
2026-06-16,PGSUS.IS,0,0.43683958,-1
2026-06-16,SAHOL.IS,0,0.5033716,0
2026-06-16,SISE.IS,0,0.50471056,0
2026-06-16,TAVHL.IS,0,0.44446537,-1
2026-06-16,TCELL.IS,0,0.49678642,0
2026-06-16,THYAO.IS,0,0.47762805,0
2026-06-16,TOASO.IS,1,0.48113212,0
2026-06-16,TTKOM.IS,0,0.48763674,0
2026-06-16,TUPRS.IS,0,0.51102436,0
2026-06-16,ULKER.IS,0,0.49710616,0
2026-06-16,YKBNK.IS,1,0.5089624,0
2026-06-17,AKBNK.IS,1,0.5102191,0
2026-06-17,ALARK.IS,1,0.4286091,-1
2026-06-17,ARCLK.IS,0,0.48727825,0
2026-06-17,ASELS.IS,0,0.46586463,0
2026-06-17,ASTOR.IS,1,0.36772895,-1
2026-06-17,BIMAS.IS,0,0.4795493,0
2026-06-17,EKGYO.IS,0,0.49437055,0
2026-06-17,ENKAI.IS,0,0.4859536,0
2026-06-17,EREGL.IS,1,0.4821989,0
2026-06-17,FROTO.IS,0,0.5082011,0
2026-06-17,GARAN.IS,1,0.51147,0
2026-06-17,ISCTR.IS,1,0.49481764,0
2026-06-17,KCHOL.IS,0,0.49538043,0
2026-06-17,KRDMD.IS,1,0.3785376,-1
2026-06-17,MGROS.IS,1,0.47481576,0
2026-06-17,PETKM.IS,0,0.46598345,0
2026-06-17,PGSUS.IS,0,0.47576988,0
2026-06-17,SAHOL.IS,1,0.51417524,0
2026-06-17,SISE.IS,1,0.47828194,0
2026-06-17,TAVHL.IS,0,0.48952404,0
2026-06-17,TCELL.IS,0,0.4933194,0
2026-06-17,THYAO.IS,1,0.49753854,0
2026-06-17,TOASO.IS,1,0.47840294,0
2026-06-17,TTKOM.IS,0,0.44012988,-1
2026-06-17,TUPRS.IS,0,0.5006197,0
2026-06-17,ULKER.IS,0,0.47888193,0
2026-06-17,YKBNK.IS,1,0.5095117,0
2026-06-18,AKBNK.IS,0,0.50007606,0
2026-06-18,ALARK.IS,1,0.48363128,0
2026-06-18,ARCLK.IS,1,0.47232854,0
2026-06-18,ASELS.IS,0,0.48663262,0
2026-06-18,ASTOR.IS,1,0.44226733,0
2026-06-18,BIMAS.IS,0,0.4933795,0
2026-06-18,EKGYO.IS,0,0.506914,0
2026-06-18,ENKAI.IS,0,0.51012284,0
2026-06-18,EREGL.IS,1,0.50273645,0
2026-06-18,FROTO.IS,0,0.50725496,0
2026-06-18,GARAN.IS,0,0.514017,0
2026-06-18,ISCTR.IS,0,0.52224135,0
2026-06-18,KCHOL.IS,1,0.4914254,0
2026-06-18,KRDMD.IS,1,0.46989232,0
2026-06-18,MGROS.IS,1,0.5007134,0
2026-06-18,PETKM.IS,0,0.50859225,0
2026-06-18,PGSUS.IS,1,0.49079448,0
2026-06-18,SAHOL.IS,0,0.5017477,0
2026-06-18,SISE.IS,0,0.48916692,0
2026-06-18,TAVHL.IS,0,0.50374746,0
2026-06-18,TCELL.IS,0,0.5000015,0
2026-06-18,THYAO.IS,1,0.5066103,0
2026-06-18,TOASO.IS,1,0.4971371,0
2026-06-18,TTKOM.IS,0,0.50755626,0
2026-06-18,TUPRS.IS,1,0.5018869,0
2026-06-18,ULKER.IS,0,0.44006488,0
2026-06-18,YKBNK.IS,0,0.4978505,0
2026-06-19,AKBNK.IS,0,0.4985882,0
2026-06-19,ALARK.IS,1,0.49549773,0
2026-06-19,ARCLK.IS,1,0.48235628,0
2026-06-19,ASELS.IS,0,0.47083873,0
2026-06-19,ASTOR.IS,1,0.42560184,-1
2026-06-19,BIMAS.IS,1,0.4779261,0
2026-06-19,EKGYO.IS,1,0.5125193,0
2026-06-19,ENKAI.IS,0,0.51508266,0
2026-06-19,EREGL.IS,1,0.50250846,0
2026-06-19,FROTO.IS,0,0.5008639,0
2026-06-19,GARAN.IS,0,0.49657208,0
2026-06-19,ISCTR.IS,0,0.4956956,0
2026-06-19,KCHOL.IS,1,0.46775115,0
2026-06-19,KRDMD.IS,1,0.4912328,0
2026-06-19,MGROS.IS,1,0.5028383,0
2026-06-19,PETKM.IS,1,0.49889308,0
2026-06-19,PGSUS.IS,1,0.48724565,0
2026-06-19,SAHOL.IS,0,0.5067113,0
2026-06-19,SASA.IS,0,0.40111354,-1
2026-06-19,SISE.IS,1,0.47334257,0
2026-06-19,TAVHL.IS,0,0.49516734,0
2026-06-19,TCELL.IS,1,0.49627808,0
2026-06-19,THYAO.IS,1,0.49176857,0
2026-06-19,TOASO.IS,1,0.5125193,0
2026-06-19,TTKOM.IS,1,0.48938859,0
2026-06-19,TUPRS.IS,0,0.49542683,0
2026-06-19,ULKER.IS,0,0.43683153,-1
2026-06-19,YKBNK.IS,0,0.475258,0
2026-06-22,AKBNK.IS,0,0.4978332,0
2026-06-22,ALARK.IS,1,0.48661476,0
2026-06-22,ARCLK.IS,1,0.50672835,0
2026-06-22,ASELS.IS,0,0.48381406,0
2026-06-22,ASTOR.IS,0,0.4224243,-1
2026-06-22,BIMAS.IS,1,0.51659894,0
2026-06-22,EKGYO.IS,1,0.5253485,0
2026-06-22,ENKAI.IS,1,0.50283355,0
2026-06-22,EREGL.IS,1,0.50456786,0
2026-06-22,FROTO.IS,0,0.51162386,0
2026-06-22,GARAN.IS,0,0.51681435,0
2026-06-22,ISCTR.IS,0,0.51870674,0
2026-06-22,KCHOL.IS,1,0.49248433,0
2026-06-22,KRDMD.IS,1,0.50984144,0
2026-06-22,MGROS.IS,1,0.5268793,0
2026-06-22,PETKM.IS,0,0.51381975,0
2026-06-22,PGSUS.IS,1,0.50767374,0
2026-06-22,SAHOL.IS,0,0.5344537,0
2026-06-22,SISE.IS,1,0.4832298,0
2026-06-22,TAVHL.IS,1,0.47699296,0
2026-06-22,TCELL.IS,1,0.5263058,0
2026-06-22,THYAO.IS,1,0.5191867,0
2026-06-22,TOASO.IS,0,0.50526124,0
2026-06-22,TTKOM.IS,1,0.52211905,0
2026-06-22,TUPRS.IS,1,0.48687816,0
2026-06-22,ULKER.IS,0,0.445535,-1
2026-06-22,YKBNK.IS,0,0.51257324,0
2026-06-23,AKBNK.IS,0,0.48705557,0
2026-06-23,ALARK.IS,1,0.46524513,0
2026-06-23,ARCLK.IS,1,0.4575329,0
2026-06-23,ASELS.IS,0,0.4360637,0
2026-06-23,ASTOR.IS,0,0.38732967,-1
2026-06-23,BIMAS.IS,0,0.47204298,0
2026-06-23,EKGYO.IS,1,0.484289,0
2026-06-23,ENKAI.IS,1,0.4712459,0
2026-06-23,EREGL.IS,1,0.47686368,0
2026-06-23,FROTO.IS,0,0.46919218,0
2026-06-23,GARAN.IS,1,0.48295557,0
2026-06-23,ISCTR.IS,1,0.4699118,0
2026-06-23,KCHOL.IS,1,0.44539344,0
2026-06-23,KRDMD.IS,1,0.43818533,0
2026-06-23,MGROS.IS,0,0.48266602,0
2026-06-23,PETKM.IS,0,0.46534646,0
2026-06-23,PGSUS.IS,1,0.4620823,0
2026-06-23,SAHOL.IS,1,0.47811866,0
2026-06-23,SISE.IS,1,0.46312398,0
2026-06-23,TAVHL.IS,1,0.4791934,0
2026-06-23,TCELL.IS,0,0.47712773,0
2026-06-23,THYAO.IS,1,0.4619129,0
2026-06-23,TOASO.IS,0,0.46558696,0
2026-06-23,TTKOM.IS,1,0.40290728,0
2026-06-23,TUPRS.IS,1,0.49843913,0
2026-06-23,ULKER.IS,0,0.39385635,-1
2026-06-23,YKBNK.IS,0,0.4739552,0
2026-06-24,AKBNK.IS,0,0.47614357,0
2026-06-24,ALARK.IS,1,0.4978104,0
2026-06-24,ARCLK.IS,0,0.4936801,0
2026-06-24,ASELS.IS,1,0.37982342,0
2026-06-24,ASTOR.IS,0,0.42817834,0
2026-06-24,BIMAS.IS,0,0.48683912,0
2026-06-24,EKGYO.IS,1,0.510131,0
2026-06-24,ENKAI.IS,1,0.48706016,0
2026-06-24,EREGL.IS,1,0.5070223,0
2026-06-24,FROTO.IS,0,0.4936662,0
2026-06-24,GARAN.IS,0,0.5161684,0
2026-06-24,ISCTR.IS,0,0.5077407,0
2026-06-24,KCHOL.IS,1,0.46212086,0
2026-06-24,KRDMD.IS,0,0.41462633,0
2026-06-24,MGROS.IS,0,0.5235274,0
2026-06-24,PETKM.IS,0,0.48215556,0
2026-06-24,PGSUS.IS,0,0.5048926,0
2026-06-24,SAHOL.IS,0,0.4929956,0
2026-06-24,SASA.IS,0,0.3495296,-1
2026-06-24,SISE.IS,0,0.49765489,0
2026-06-24,TAVHL.IS,0,0.48261416,0
2026-06-24,TCELL.IS,0,0.51386696,0
2026-06-24,THYAO.IS,1,0.46845192,0
2026-06-24,TOASO.IS,0,0.47579357,0
2026-06-24,TTKOM.IS,0,0.49832714,0
2026-06-24,TUPRS.IS,1,0.49213243,0
2026-06-24,ULKER.IS,0,0.51522136,0
2026-06-24,YKBNK.IS,0,0.49344406,0
2026-06-25,AKBNK.IS,0,0.4352126,0
2026-06-25,ALARK.IS,1,0.49744824,0
2026-06-25,ARCLK.IS,0,0.48195335,0
2026-06-25,ASELS.IS,1,0.45350152,0
2026-06-25,ASTOR.IS,0,0.45109308,0
2026-06-25,BIMAS.IS,0,0.50172186,0
2026-06-25,EKGYO.IS,1,0.50378346,0
2026-06-25,ENKAI.IS,1,0.49880844,0
2026-06-25,EREGL.IS,0,0.5143776,0
2026-06-25,FROTO.IS,0,0.4853758,0
2026-06-25,GARAN.IS,0,0.5018855,0
2026-06-25,ISCTR.IS,1,0.47057563,0
2026-06-25,KCHOL.IS,0,0.49689835,0
2026-06-25,KRDMD.IS,0,0.40096152,0
2026-06-25,MGROS.IS,0,0.5069052,0
2026-06-25,PETKM.IS,0,0.4610928,0
2026-06-25,PGSUS.IS,0,0.50375915,0
2026-06-25,SAHOL.IS,0,0.50182545,0
2026-06-25,SASA.IS,0,0.3367435,-1
2026-06-25,SISE.IS,0,0.4713844,0
2026-06-25,TAVHL.IS,0,0.5004498,0
2026-06-25,TCELL.IS,0,0.4974116,0
2026-06-25,THYAO.IS,1,0.485654,0
2026-06-25,TOASO.IS,0,0.4829994,0
2026-06-25,TTKOM.IS,0,0.4745184,0
2026-06-25,TUPRS.IS,1,0.49756262,0
2026-06-25,ULKER.IS,0,0.5292304,0
2026-06-25,YKBNK.IS,0,0.44270286,0
2026-06-26,AKBNK.IS,0,0.50412774,0
2026-06-26,ALARK.IS,0,0.5141981,0
2026-06-26,ARCLK.IS,0,0.4797137,0
2026-06-26,ASELS.IS,1,0.42206916,0
2026-06-26,ASTOR.IS,1,0.40076372,0
2026-06-26,BIMAS.IS,0,0.47828788,0
2026-06-26,EKGYO.IS,0,0.5158408,0
2026-06-26,ENKAI.IS,1,0.5101108,0
2026-06-26,EREGL.IS,0,0.4967464,0
2026-06-26,FROTO.IS,0,0.50088406,0
2026-06-26,GARAN.IS,0,0.49856752,0
2026-06-26,ISCTR.IS,0,0.5114693,0
2026-06-26,KCHOL.IS,0,0.49589503,0
2026-06-26,KRDMD.IS,0,0.4816963,0
2026-06-26,MGROS.IS,0,0.5009997,0
2026-06-26,PETKM.IS,0,0.49753824,0
2026-06-26,PGSUS.IS,0,0.49353695,0
2026-06-26,SAHOL.IS,0,0.49476382,0
2026-06-26,SASA.IS,0,0.3394089,-1
2026-06-26,SISE.IS,0,0.49442336,0
2026-06-26,TAVHL.IS,0,0.49789968,0
2026-06-26,TCELL.IS,0,0.47955653,0
2026-06-26,THYAO.IS,0,0.46097797,0
2026-06-26,TOASO.IS,0,0.43674743,0
2026-06-26,TTKOM.IS,0,0.4842983,0
2026-06-26,TUPRS.IS,1,0.49244335,0
2026-06-26,ULKER.IS,0,0.6031783,0
2026-06-26,YKBNK.IS,0,0.4973216,0
2026-06-29,AKBNK.IS,0,0.4929868,0
2026-06-29,ALARK.IS,0,0.49279037,0
2026-06-29,ARCLK.IS,0,0.47424957,0
2026-06-29,ASELS.IS,1,0.4434316,0
2026-06-29,ASTOR.IS,1,0.38498548,0
2026-06-29,BIMAS.IS,0,0.46943697,0
2026-06-29,EKGYO.IS,0,0.47705612,0
2026-06-29,ENKAI.IS,0,0.4729583,0
2026-06-29,EREGL.IS,0,0.4774891,0
2026-06-29,FROTO.IS,0,0.47079772,0
2026-06-29,GARAN.IS,0,0.47508046,0
2026-06-29,ISCTR.IS,0,0.4751342,0
2026-06-29,KCHOL.IS,0,0.4703005,0
2026-06-29,KRDMD.IS,0,0.4642447,0
2026-06-29,MGROS.IS,0,0.4981635,0
2026-06-29,PETKM.IS,0,0.45816535,0
2026-06-29,PGSUS.IS,0,0.47282693,0
2026-06-29,SAHOL.IS,0,0.5012107,0
2026-06-29,SASA.IS,0,0.30070785,-1
2026-06-29,SISE.IS,0,0.48024377,0
2026-06-29,TAVHL.IS,0,0.4766103,0
2026-06-29,TCELL.IS,0,0.47538546,0
2026-06-29,THYAO.IS,1,0.44774327,0
2026-06-29,TOASO.IS,0,0.43115586,0
2026-06-29,TTKOM.IS,0,0.49221104,0
2026-06-29,TUPRS.IS,1,0.47122177,0
2026-06-29,ULKER.IS,0,0.5450935,0
2026-06-29,YKBNK.IS,0,0.46945086,0
2026-06-30,AKBNK.IS,0,0.4755615,0
2026-06-30,ALARK.IS,0,0.4747063,0
2026-06-30,ARCLK.IS,0,0.4750066,0
2026-06-30,ASELS.IS,1,0.39864543,0
2026-06-30,ASTOR.IS,1,0.41182935,0
2026-06-30,BIMAS.IS,0,0.46094444,0
2026-06-30,EKGYO.IS,0,0.47131702,0
2026-06-30,ENKAI.IS,0,0.47749183,0
2026-06-30,EREGL.IS,0,0.47719863,0
2026-06-30,FROTO.IS,0,0.49678648,0
2026-06-30,GARAN.IS,0,0.49434176,0
2026-06-30,ISCTR.IS,0,0.4873904,0
2026-06-30,KCHOL.IS,0,0.45814943,0
2026-06-30,KRDMD.IS,0,0.40075138,0
2026-06-30,MGROS.IS,0,0.47892255,0
2026-06-30,PETKM.IS,0,0.47402415,0
2026-06-30,PGSUS.IS,0,0.4632695,0
2026-06-30,SAHOL.IS,0,0.46744817,0
2026-06-30,SISE.IS,0,0.41141304,0
2026-06-30,TAVHL.IS,0,0.48982123,0
2026-06-30,TCELL.IS,0,0.4499468,0
2026-06-30,THYAO.IS,1,0.43433514,0
2026-06-30,TOASO.IS,0,0.44762486,0
2026-06-30,TTKOM.IS,0,0.45751566,0
2026-06-30,TUPRS.IS,1,0.46335834,0
2026-06-30,ULKER.IS,0,0.6012286,0
2026-06-30,YKBNK.IS,0,0.49100578,0
2026-07-01,AKBNK.IS,0,0.48187244,0
2026-07-01,ALARK.IS,0,0.4290371,-1
2026-07-01,ARCLK.IS,0,0.47853667,0
2026-07-01,ASELS.IS,1,0.44113904,-1
2026-07-01,ASTOR.IS,1,0.42859355,-1
2026-07-01,BIMAS.IS,1,0.46336627,0
2026-07-01,EKGYO.IS,0,0.49615607,0
2026-07-01,ENKAI.IS,0,0.49310648,0
2026-07-01,EREGL.IS,0,0.4800236,0
2026-07-01,FROTO.IS,0,0.4881466,0
2026-07-01,GARAN.IS,0,0.48299706,0
2026-07-01,ISCTR.IS,0,0.47898307,0
2026-07-01,KCHOL.IS,0,0.46709,0
2026-07-01,KRDMD.IS,0,0.43779063,-1
2026-07-01,MGROS.IS,0,0.44476667,-1
2026-07-01,PETKM.IS,1,0.4767634,0
2026-07-01,PGSUS.IS,0,0.46908244,0
2026-07-01,SAHOL.IS,0,0.4799269,0
2026-07-01,SISE.IS,0,0.46038708,0
2026-07-01,TAVHL.IS,0,0.48322004,0
2026-07-01,TCELL.IS,0,0.46956852,0
2026-07-01,THYAO.IS,1,0.42997158,-1
2026-07-01,TOASO.IS,0,0.42537957,-1
2026-07-01,TTKOM.IS,0,0.42711243,-1
2026-07-01,TUPRS.IS,1,0.46588445,0
2026-07-01,ULKER.IS,0,0.5822981,1
2026-07-01,YKBNK.IS,0,0.47870094,0
2026-07-02,AKBNK.IS,0,0.4953204,0
2026-07-02,ALARK.IS,0,0.49090543,0
2026-07-02,ARCLK.IS,0,0.46778297,0
2026-07-02,ASELS.IS,0,0.43342403,-1
2026-07-02,ASTOR.IS,1,0.43209422,-1
2026-07-02,BIMAS.IS,1,0.45046607,0
2026-07-02,EKGYO.IS,0,0.4912974,0
2026-07-02,ENKAI.IS,0,0.4825734,0
2026-07-02,EREGL.IS,1,0.49365354,0
2026-07-02,FROTO.IS,0,0.5163036,0
2026-07-02,GARAN.IS,0,0.49332228,0
2026-07-02,ISCTR.IS,0,0.4893037,0
2026-07-02,KCHOL.IS,0,0.47196978,0
2026-07-02,KRDMD.IS,0,0.44105145,-1
2026-07-02,MGROS.IS,1,0.41947293,-1
2026-07-02,PETKM.IS,1,0.49299854,0
2026-07-02,PGSUS.IS,0,0.43536004,-1
2026-07-02,SAHOL.IS,0,0.49491358,0
2026-07-02,SASA.IS,0,0.3615384,-1
2026-07-02,SISE.IS,0,0.4671442,0
2026-07-02,TAVHL.IS,0,0.4903709,0
2026-07-02,TCELL.IS,0,0.47606003,0
2026-07-02,THYAO.IS,1,0.4568018,0
2026-07-02,TOASO.IS,0,0.45507032,0
2026-07-02,TTKOM.IS,0,0.47295853,0
2026-07-02,TUPRS.IS,1,0.49082175,0
2026-07-02,ULKER.IS,1,0.6113701,1
2026-07-02,YKBNK.IS,0,0.49411628,0
2026-07-03,AKBNK.IS,0,0.43621045,-1
2026-07-03,ALARK.IS,0,0.46929264,-1
2026-07-03,ARCLK.IS,0,0.3989373,-1
2026-07-03,ASELS.IS,0,0.43834746,-1
2026-07-03,ASTOR.IS,1,0.41184276,-1
2026-07-03,BIMAS.IS,1,0.45361236,-1
2026-07-03,EKGYO.IS,0,0.4274172,-1
2026-07-03,ENKAI.IS,0,0.47893572,0
2026-07-03,EREGL.IS,1,0.4762564,0
2026-07-03,FROTO.IS,0,0.48461634,0
2026-07-03,GARAN.IS,0,0.44146276,-1
2026-07-03,ISCTR.IS,0,0.4266256,-1
2026-07-03,KCHOL.IS,1,0.44377628,-1
2026-07-03,KRDMD.IS,0,0.42699808,-1
2026-07-03,MGROS.IS,0,0.45507467,-1
2026-07-03,PETKM.IS,1,0.48174554,0
2026-07-03,PGSUS.IS,0,0.4128804,-1
2026-07-03,SAHOL.IS,0,0.42826796,-1
2026-07-03,SASA.IS,1,0.33527943,-1
2026-07-03,SISE.IS,0,0.44538096,-1
2026-07-03,TAVHL.IS,0,0.4671986,-1
2026-07-03,TCELL.IS,1,0.4512632,-1
2026-07-03,THYAO.IS,1,0.4292602,-1
2026-07-03,TOASO.IS,1,0.4447742,-1
2026-07-03,TTKOM.IS,0,0.4692833,-1
2026-07-03,TUPRS.IS,1,0.4670247,-1
2026-07-03,ULKER.IS,0,0.5410976,1
2026-07-03,YKBNK.IS,0,0.43103218,-1
2026-07-06,AKBNK.IS,0,0.48697516,0
2026-07-06,ALARK.IS,0,0.4826338,0
2026-07-06,ARCLK.IS,1,0.4296419,-1
2026-07-06,ASELS.IS,0,0.43176532,-1
2026-07-06,ASTOR.IS,1,0.463328,-1
2026-07-06,BIMAS.IS,1,0.4657684,-1
2026-07-06,EKGYO.IS,1,0.47957626,0
2026-07-06,ENKAI.IS,1,0.45061368,-1
2026-07-06,EREGL.IS,1,0.4726709,0
2026-07-06,FROTO.IS,1,0.49398404,0
2026-07-06,GARAN.IS,0,0.47202143,-1
2026-07-06,ISCTR.IS,0,0.49591514,0
2026-07-06,KCHOL.IS,1,0.45606422,-1
2026-07-06,KRDMD.IS,1,0.47904375,0
2026-07-06,MGROS.IS,1,0.48322955,0
2026-07-06,PETKM.IS,1,0.48606223,0
2026-07-06,PGSUS.IS,0,0.41662693,-1
2026-07-06,SAHOL.IS,0,0.4639069,-1
2026-07-06,SASA.IS,1,0.37274668,-1
2026-07-06,SISE.IS,1,0.44950464,-1
2026-07-06,TAVHL.IS,0,0.47569764,0
2026-07-06,TCELL.IS,1,0.48198304,0
2026-07-06,THYAO.IS,0,0.4523355,-1
2026-07-06,TOASO.IS,1,0.46263078,-1
2026-07-06,TTKOM.IS,0,0.4564326,-1
2026-07-06,TUPRS.IS,1,0.46560428,-1
2026-07-06,ULKER.IS,0,0.58300465,1
2026-07-06,YKBNK.IS,0,0.48299757,0
2026-07-07,AKBNK.IS,0,0.48718667,0
2026-07-07,ALARK.IS,1,0.47544342,-1
2026-07-07,ARCLK.IS,1,0.38822848,-1
2026-07-07,ASELS.IS,0,0.37616873,-1
2026-07-07,ASTOR.IS,1,0.47964033,-1
2026-07-07,BIMAS.IS,1,0.47009352,-1
2026-07-07,EKGYO.IS,1,0.49707714,0
2026-07-07,ENKAI.IS,1,0.4845056,0
2026-07-07,EREGL.IS,1,0.48722148,0
2026-07-07,FROTO.IS,1,0.5048136,0
2026-07-07,GARAN.IS,0,0.4751674,-1
2026-07-07,ISCTR.IS,0,0.4752719,-1
2026-07-07,KCHOL.IS,1,0.46179217,-1
2026-07-07,KRDMD.IS,1,0.3982383,-1
2026-07-07,MGROS.IS,0,0.4840843,0
2026-07-07,PETKM.IS,1,0.5103248,0
2026-07-07,PGSUS.IS,0,0.41793916,-1
2026-07-07,SAHOL.IS,0,0.46204504,-1
2026-07-07,SISE.IS,1,0.45943597,-1
2026-07-07,TAVHL.IS,0,0.47171703,-1
2026-07-07,TCELL.IS,1,0.47138134,-1
2026-07-07,THYAO.IS,0,0.46433133,-1
2026-07-07,TOASO.IS,1,0.46456265,-1
2026-07-07,TTKOM.IS,0,0.43517005,-1
2026-07-07,TUPRS.IS,1,0.47615978,-1
2026-07-07,ULKER.IS,0,0.5718733,1
2026-07-07,YKBNK.IS,0,0.48020896,0
2026-07-08,AKBNK.IS,0,0.43486118,-1
2026-07-08,ALARK.IS,1,0.45417428,-1
2026-07-08,ARCLK.IS,1,0.4057261,-1
2026-07-08,ASELS.IS,0,0.4226832,-1
2026-07-08,ASTOR.IS,0,0.47578067,0
2026-07-08,BIMAS.IS,1,0.45583224,-1
2026-07-08,EKGYO.IS,1,0.46752596,-1
2026-07-08,ENKAI.IS,1,0.47002977,-1
2026-07-08,EREGL.IS,1,0.46752596,-1
2026-07-08,FROTO.IS,1,0.47801486,0
2026-07-08,GARAN.IS,0,0.44226983,-1
2026-07-08,ISCTR.IS,0,0.44559076,-1
2026-07-08,KCHOL.IS,1,0.4399543,-1
2026-07-08,KRDMD.IS,1,0.4477256,-1
2026-07-08,MGROS.IS,0,0.46109444,-1
2026-07-08,PETKM.IS,1,0.47011605,-1
2026-07-08,PGSUS.IS,1,0.36736828,-1
2026-07-08,SAHOL.IS,0,0.43410695,-1
2026-07-08,SISE.IS,1,0.41462368,-1
2026-07-08,TAVHL.IS,1,0.4638545,-1
2026-07-08,TCELL.IS,1,0.45421973,-1
2026-07-08,THYAO.IS,0,0.436779,-1
2026-07-08,TOASO.IS,1,0.44986874,-1
2026-07-08,TTKOM.IS,1,0.46964493,-1
2026-07-08,TUPRS.IS,1,0.47969913,0
2026-07-08,ULKER.IS,1,0.5532624,1
2026-07-08,YKBNK.IS,0,0.428664,-1
2026-07-09,AKBNK.IS,0,0.49555063,0
2026-07-09,ALARK.IS,1,0.5026327,0
2026-07-09,ARCLK.IS,1,0.4704623,0
2026-07-09,ASELS.IS,0,0.4259127,0
2026-07-09,ASTOR.IS,0,0.4129806,-1
2026-07-09,BIMAS.IS,1,0.45877048,0
2026-07-09,EKGYO.IS,1,0.49237773,0
2026-07-09,ENKAI.IS,1,0.53309953,0
2026-07-09,EREGL.IS,1,0.5269308,0
2026-07-09,FROTO.IS,1,0.53510314,0
2026-07-09,GARAN.IS,0,0.47903058,0
2026-07-09,ISCTR.IS,0,0.48371542,0
2026-07-09,KCHOL.IS,1,0.4883346,0
2026-07-09,KRDMD.IS,1,0.48540646,0
2026-07-09,MGROS.IS,1,0.48353112,0
2026-07-09,PETKM.IS,1,0.51300377,0
2026-07-09,PGSUS.IS,1,0.51899666,0
2026-07-09,SAHOL.IS,1,0.5154667,0
2026-07-09,SISE.IS,1,0.43972743,0
2026-07-09,TAVHL.IS,1,0.5277533,0
2026-07-09,TCELL.IS,1,0.48525152,0
2026-07-09,THYAO.IS,0,0.4747976,0
2026-07-09,TOASO.IS,1,0.48785016,0
2026-07-09,TTKOM.IS,1,0.53466785,0
2026-07-09,TUPRS.IS,1,0.45838156,0
2026-07-09,ULKER.IS,1,0.6113492,1
2026-07-09,YKBNK.IS,0,0.52831393,0
2026-07-10,AKBNK.IS,0,0.507289,0
2026-07-10,ALARK.IS,1,0.47299767,-1
2026-07-10,ARCLK.IS,1,0.46358964,-1
2026-07-10,ASELS.IS,0,0.45423487,-1
2026-07-10,ASTOR.IS,0,0.40924487,-1
2026-07-10,BIMAS.IS,1,0.46456978,-1
2026-07-10,EKGYO.IS,1,0.4829857,0
2026-07-10,ENKAI.IS,1,0.48840454,0
2026-07-10,EREGL.IS,1,0.47765258,-1
2026-07-10,FROTO.IS,1,0.54936653,1
2026-07-10,GARAN.IS,0,0.47599486,-1
2026-07-10,ISCTR.IS,0,0.4734062,-1
2026-07-10,KCHOL.IS,1,0.45971122,-1
2026-07-10,KRDMD.IS,1,0.44459283,-1
2026-07-10,MGROS.IS,1,0.49235705,0
2026-07-10,PETKM.IS,1,0.49784,0
2026-07-10,PGSUS.IS,0,0.4642696,-1
2026-07-10,SAHOL.IS,1,0.47852743,-1
2026-07-10,SISE.IS,1,0.49441683,0
2026-07-10,TAVHL.IS,1,0.49875373,0
2026-07-10,TCELL.IS,1,0.46666667,-1
2026-07-10,THYAO.IS,0,0.47164902,-1
2026-07-10,TOASO.IS,1,0.4816246,0
2026-07-10,TTKOM.IS,1,0.5221943,1
2026-07-10,TUPRS.IS,1,0.4928245,0
2026-07-10,ULKER.IS,1,0.5985701,1
2026-07-10,YKBNK.IS,0,0.50754493,0
2026-07-13,AKBNK.IS,0,0.5461984,1
2026-07-13,ALARK.IS,1,0.4813485,0
2026-07-13,ARCLK.IS,1,0.43366402,-1
2026-07-13,ASELS.IS,1,0.45002124,-1
2026-07-13,ASTOR.IS,0,0.45399636,-1
2026-07-13,BIMAS.IS,1,0.4877625,0
2026-07-13,EKGYO.IS,0,0.49173784,0
2026-07-13,ENKAI.IS,1,0.5044776,0
2026-07-13,EREGL.IS,1,0.4910864,0
2026-07-13,FROTO.IS,1,0.5242116,1
2026-07-13,GARAN.IS,0,0.52389485,1
2026-07-13,ISCTR.IS,0,0.5105766,0
2026-07-13,KCHOL.IS,1,0.49630097,0
2026-07-13,KRDMD.IS,1,0.47454855,-1
2026-07-13,MGROS.IS,1,0.51662236,0
2026-07-13,PETKM.IS,1,0.47862536,-1
2026-07-13,PGSUS.IS,0,0.52522516,1
2026-07-13,SAHOL.IS,0,0.4504988,-1
2026-07-13,SISE.IS,1,0.45715272,-1
2026-07-13,TAVHL.IS,1,0.5241072,1
2026-07-13,TCELL.IS,1,0.47010925,-1
2026-07-13,THYAO.IS,0,0.4982335,0
2026-07-13,TOASO.IS,1,0.50127053,0
2026-07-13,TTKOM.IS,1,0.5368258,1
2026-07-13,TUPRS.IS,1,0.47512767,-1
2026-07-13,ULKER.IS,1,0.61628294,1
2026-07-13,YKBNK.IS,0,0.53547114,1
2026-07-14,AKBNK.IS,0,0.5409163,0
2026-07-14,ALARK.IS,1,0.5258103,0
2026-07-14,ARCLK.IS,1,0.4646447,0
2026-07-14,ASELS.IS,1,0.52985793,0
2026-07-14,ASTOR.IS,0,0.44785714,0
2026-07-14,BIMAS.IS,1,0.49448642,0
2026-07-14,EKGYO.IS,0,0.55417544,0
2026-07-14,ENKAI.IS,1,0.5254844,0
2026-07-14,EREGL.IS,1,0.49951333,0
2026-07-14,FROTO.IS,1,0.51225644,0
2026-07-14,GARAN.IS,0,0.5312248,0
2026-07-14,ISCTR.IS,0,0.53460133,0
2026-07-14,KCHOL.IS,1,0.51038677,0
2026-07-14,KRDMD.IS,1,0.45032063,0
2026-07-14,MGROS.IS,1,0.54068536,0
2026-07-14,PETKM.IS,1,0.50811183,0
2026-07-14,PGSUS.IS,0,0.54719007,0
2026-07-14,SAHOL.IS,0,0.4703253,0
2026-07-14,SISE.IS,0,0.5182047,0
2026-07-14,TAVHL.IS,1,0.55765235,0
2026-07-14,TCELL.IS,1,0.51280254,0
2026-07-14,THYAO.IS,0,0.53548604,0
2026-07-14,TOASO.IS,1,0.5143912,0
2026-07-14,TTKOM.IS,1,0.5420716,0
2026-07-14,TUPRS.IS,1,0.5147752,0
2026-07-14,ULKER.IS,0,0.6165697,1
2026-07-14,YKBNK.IS,0,0.49292943,0
2026-07-16,AKBNK.IS,0,0.52606595,1
2026-07-16,ALARK.IS,1,0.47886676,-1
2026-07-16,ARCLK.IS,1,0.4243602,-1
2026-07-16,ASELS.IS,1,0.5156754,0
2026-07-16,ASTOR.IS,0,0.4084771,-1
2026-07-16,BIMAS.IS,0,0.47645307,-1
2026-07-16,EKGYO.IS,0,0.47573107,-1
2026-07-16,ENKAI.IS,0,0.50893337,0
2026-07-16,EREGL.IS,1,0.4839381,0
2026-07-16,FROTO.IS,0,0.4476556,-1
2026-07-16,GARAN.IS,0,0.49878988,0
2026-07-16,ISCTR.IS,0,0.49753308,0
2026-07-16,KCHOL.IS,1,0.4633079,-1
2026-07-16,KRDMD.IS,1,0.44765764,-1
2026-07-16,MGROS.IS,1,0.5004897,0
2026-07-16,PETKM.IS,1,0.47736663,-1
2026-07-16,PGSUS.IS,0,0.4938183,0
2026-07-16,SAHOL.IS,0,0.50620514,0
2026-07-16,SISE.IS,0,0.47089598,-1
2026-07-16,TAVHL.IS,0,0.48832995,0
2026-07-16,TCELL.IS,0,0.4653848,-1
2026-07-16,THYAO.IS,0,0.5227826,1
2026-07-16,TOASO.IS,0,0.49759963,0
2026-07-16,TTKOM.IS,0,0.5073444,0
2026-07-16,TUPRS.IS,1,0.48275113,0
2026-07-16,ULKER.IS,0,0.5884611,1
2026-07-16,YKBNK.IS,1,0.5175696,0
2026-07-17,AKBNK.IS,1,0.50208306,0
2026-07-17,ALARK.IS,1,0.49565628,0
2026-07-17,ARCLK.IS,1,0.43928382,0
2026-07-17,ASELS.IS,1,0.54777,0
2026-07-17,ASTOR.IS,1,0.37782922,-1
2026-07-17,BIMAS.IS,0,0.5086511,0
2026-07-17,EKGYO.IS,0,0.529031,0
2026-07-17,ENKAI.IS,0,0.50314355,0
2026-07-17,EREGL.IS,1,0.50801927,0
2026-07-17,FROTO.IS,0,0.48780972,0
2026-07-17,GARAN.IS,0,0.52601886,0
2026-07-17,ISCTR.IS,0,0.51725036,0
2026-07-17,KCHOL.IS,1,0.47071224,0
2026-07-17,KRDMD.IS,0,0.4633136,0
2026-07-17,MGROS.IS,0,0.48063338,0
2026-07-17,PETKM.IS,1,0.48818514,0
2026-07-17,PGSUS.IS,0,0.48396483,0
2026-07-17,SAHOL.IS,0,0.4693804,0
2026-07-17,SASA.IS,1,0.40703753,-1
2026-07-17,SISE.IS,0,0.4661556,0
2026-07-17,TAVHL.IS,0,0.53035736,0
2026-07-17,TCELL.IS,0,0.50339967,0
2026-07-17,THYAO.IS,0,0.539531,0
2026-07-17,TOASO.IS,0,0.50156623,0
2026-07-17,TTKOM.IS,0,0.5276813,0
2026-07-17,TUPRS.IS,1,0.45736563,0
2026-07-17,ULKER.IS,0,0.5952159,1
2026-07-17,YKBNK.IS,1,0.5034377,0
2026-07-20,AKBNK.IS,1,0.49733678,0
2026-07-20,ALARK.IS,0,0.4967837,0
2026-07-20,ARCLK.IS,1,0.43107104,0
2026-07-20,ASELS.IS,1,0.54230136,0
2026-07-20,ASTOR.IS,0,0.5114173,0
2026-07-20,BIMAS.IS,0,0.4962008,0
2026-07-20,EKGYO.IS,0,0.53384227,0
2026-07-20,ENKAI.IS,1,0.52247477,0
2026-07-20,EREGL.IS,1,0.48312715,0
2026-07-20,FROTO.IS,0,0.4815598,0
2026-07-20,GARAN.IS,1,0.5382794,0
2026-07-20,ISCTR.IS,0,0.5213773,0
2026-07-20,KCHOL.IS,1,0.48970893,0
2026-07-20,KRDMD.IS,0,0.48306403,0
2026-07-20,MGROS.IS,0,0.52204007,0
2026-07-20,PETKM.IS,0,0.44683716,0
2026-07-20,PGSUS.IS,1,0.5124458,0
2026-07-20,SAHOL.IS,0,0.51601803,0
2026-07-20,SISE.IS,0,0.50515354,0
2026-07-20,TAVHL.IS,0,0.5148891,0
2026-07-20,TCELL.IS,0,0.5040583,0
2026-07-20,THYAO.IS,0,0.5523522,0
2026-07-20,TOASO.IS,0,0.5017176,0
2026-07-20,TTKOM.IS,0,0.5314503,0
2026-07-20,TUPRS.IS,0,0.46972463,0
2026-07-20,ULKER.IS,0,0.60686857,0
2026-07-20,YKBNK.IS,1,0.5163341,0
2026-07-21,AKBNK.IS,1,0.47484934,0
2026-07-21,ALARK.IS,0,0.4940512,0
2026-07-21,ARCLK.IS,1,0.44922546,0
2026-07-21,ASELS.IS,1,0.4827717,0
2026-07-21,ASTOR.IS,0,0.4934119,0
2026-07-21,BIMAS.IS,1,0.507756,0
2026-07-21,EKGYO.IS,0,0.50909007,0
2026-07-21,ENKAI.IS,0,0.48543602,0
2026-07-21,EREGL.IS,1,0.50624317,0
2026-07-21,FROTO.IS,0,0.49258244,0
2026-07-21,GARAN.IS,1,0.5443322,0
2026-07-21,ISCTR.IS,1,0.5568533,0
2026-07-21,KCHOL.IS,0,0.47615844,0
2026-07-21,KRDMD.IS,0,0.48696527,0
2026-07-21,MGROS.IS,1,0.5024087,0
2026-07-21,PETKM.IS,0,0.45750725,0
2026-07-21,PGSUS.IS,0,0.5017648,0
2026-07-21,SAHOL.IS,1,0.46986032,0
2026-07-21,SISE.IS,1,0.49311048,0
2026-07-21,TAVHL.IS,1,0.5151063,0
2026-07-21,TCELL.IS,0,0.4983975,0
2026-07-21,THYAO.IS,1,0.51247555,0
2026-07-21,TOASO.IS,0,0.5063905,0
2026-07-21,TTKOM.IS,0,0.49867445,0
2026-07-21,TUPRS.IS,0,0.48780346,0
2026-07-21,ULKER.IS,0,0.59442407,0
2026-07-21,YKBNK.IS,1,0.39844877,0
2026-07-22,AKBNK.IS,0,0.46877718,0
2026-07-22,ALARK.IS,0,0.4768556,0
2026-07-22,ARCLK.IS,1,0.43563136,0
2026-07-22,ASELS.IS,1,0.48491284,0
2026-07-22,ASTOR.IS,0,0.45699343,0
2026-07-22,BIMAS.IS,1,0.50733924,0
2026-07-22,EKGYO.IS,0,0.48632488,0
2026-07-22,ENKAI.IS,1,0.49496222,0
2026-07-22,EREGL.IS,1,0.51096463,0
2026-07-22,FROTO.IS,0,0.4586346,0
2026-07-22,GARAN.IS,1,0.5131908,0
2026-07-22,ISCTR.IS,0,0.5459551,0
2026-07-22,KCHOL.IS,0,0.46483353,0
2026-07-22,KRDMD.IS,1,0.45374206,0
2026-07-22,MGROS.IS,1,0.49018496,0
2026-07-22,PETKM.IS,0,0.48489556,0
2026-07-22,PGSUS.IS,0,0.45213962,0
2026-07-22,SAHOL.IS,0,0.46549717,0
2026-07-22,SISE.IS,1,0.5007706,0
2026-07-22,TAVHL.IS,1,0.49113262,0
2026-07-22,TCELL.IS,0,0.49352655,0
2026-07-22,THYAO.IS,1,0.49932,0
2026-07-22,TOASO.IS,0,0.48624706,0
2026-07-22,TTKOM.IS,0,0.49972132,0
2026-07-22,TUPRS.IS,0,0.4767213,0
2026-07-22,ULKER.IS,0,0.5891879,1
2026-07-22,YKBNK.IS,1,0.45978186,0
2026-07-23,AKBNK.IS,0,0.53669864,0
2026-07-23,ALARK.IS,0,0.5291625,0
2026-07-23,ARCLK.IS,1,0.4417559,0
2026-07-23,ASELS.IS,0,0.48083198,0
2026-07-23,ASTOR.IS,0,0.45479518,0
2026-07-23,BIMAS.IS,1,0.5369687,0
2026-07-23,EKGYO.IS,0,0.48074237,0
2026-07-23,ENKAI.IS,1,0.5254777,0
2026-07-23,EREGL.IS,1,0.49188766,0
2026-07-23,FROTO.IS,1,0.5312549,0
2026-07-23,GARAN.IS,1,0.55687475,0
2026-07-23,ISCTR.IS,0,0.5720995,1
2026-07-23,KCHOL.IS,1,0.5022543,0
2026-07-23,KRDMD.IS,1,0.5021962,0
2026-07-23,MGROS.IS,1,0.51947373,0
2026-07-23,PETKM.IS,0,0.487628,0
2026-07-23,PGSUS.IS,0,0.5252205,0
2026-07-23,SAHOL.IS,0,0.50096714,0
2026-07-23,SISE.IS,1,0.5289006,0
2026-07-23,TAVHL.IS,1,0.50423956,0
2026-07-23,TCELL.IS,1,0.4660187,0
2026-07-23,THYAO.IS,1,0.5274939,0
2026-07-23,TOASO.IS,0,0.52993274,0
2026-07-23,TTKOM.IS,0,0.52288157,0
2026-07-23,TUPRS.IS,0,0.47727016,0
2026-07-23,ULKER.IS,0,0.6309819,1
2026-07-23,YKBNK.IS,0,0.47221252,0
2026-07-24,AKBNK.IS,0,0.54184604,0
2026-07-24,ALARK.IS,0,0.5388871,0
2026-07-24,ARCLK.IS,1,0.4644531,0
2026-07-24,ASELS.IS,0,0.49234203,0
2026-07-24,ASTOR.IS,1,0.44510257,0
2026-07-24,BIMAS.IS,1,0.54570687,0
2026-07-24,EKGYO.IS,0,0.48425555,0
2026-07-24,ENKAI.IS,1,0.53192717,0
2026-07-24,EREGL.IS,1,0.5369057,0
2026-07-24,FROTO.IS,1,0.5015084,0
2026-07-24,GARAN.IS,1,0.53086656,0
2026-07-24,ISCTR.IS,1,0.5551474,0
2026-07-24,KCHOL.IS,1,0.50444186,0
2026-07-24,KRDMD.IS,1,0.53795046,0
2026-07-24,MGROS.IS,1,0.5291913,0
2026-07-24,PETKM.IS,0,0.53222096,0
2026-07-24,PGSUS.IS,0,0.49355704,0
2026-07-24,SAHOL.IS,1,0.49509415,0
2026-07-24,SISE.IS,0,0.53504467,0
2026-07-24,TAVHL.IS,1,0.5583291,0
2026-07-24,TCELL.IS,0,0.5365092,0
2026-07-24,THYAO.IS,1,0.5317949,0
2026-07-24,TOASO.IS,1,0.57019395,0
2026-07-24,TTKOM.IS,0,0.55532485,0
2026-07-24,TUPRS.IS,1,0.5725883,0
2026-07-24,ULKER.IS,0,0.6650349,1
2026-07-24,YKBNK.IS,1,0.49594477,0
2026-07-27,AKBNK.IS,1,0.54002005,0
2026-07-27,ALARK.IS,1,0.53279495,0
2026-07-27,ARCLK.IS,0,0.4015767,0
2026-07-27,ASELS.IS,0,0.43300593,0
2026-07-27,ASTOR.IS,1,0.43829763,0
2026-07-27,BIMAS.IS,1,0.5155187,0
2026-07-27,EKGYO.IS,0,0.40145347,0
2026-07-27,ENKAI.IS,1,0.5124329,0
2026-07-27,EREGL.IS,0,0.52475834,0
2026-07-27,FROTO.IS,1,0.50377685,0
2026-07-27,GARAN.IS,1,0.48633814,0
2026-07-27,ISCTR.IS,1,0.56637824,0
2026-07-27,KCHOL.IS,1,0.52823526,0
2026-07-27,KRDMD.IS,0,0.53055215,0
2026-07-27,MGROS.IS,1,0.52521455,0
2026-07-27,PETKM.IS,0,0.40331274,0
2026-07-27,PGSUS.IS,0,0.4512839,0
2026-07-27,SAHOL.IS,1,0.46908528,0
2026-07-27,SISE.IS,1,0.49602735,0
2026-07-27,TAVHL.IS,1,0.50422823,0
2026-07-27,TCELL.IS,1,0.55042934,0
2026-07-27,THYAO.IS,1,0.4896658,0
2026-07-27,TOASO.IS,1,0.56743896,0
2026-07-27,TTKOM.IS,1,0.5128281,0
2026-07-27,TUPRS.IS,1,0.53469884,0
2026-07-27,ULKER.IS,0,0.62743884,0
2026-07-27,YKBNK.IS,1,0.5119094,0
2026-07-28,AKBNK.IS,1,0.45422286,0
2026-07-28,ALARK.IS,1,0.49499202,0
2026-07-28,ARCLK.IS,0,0.35008615,-1
2026-07-28,ASELS.IS,0,0.4420659,0
2026-07-28,ASTOR.IS,1,0.40075588,0
2026-07-28,BIMAS.IS,0,0.48715967,0
2026-07-28,EKGYO.IS,1,0.34350827,-1
2026-07-28,ENKAI.IS,0,0.475363,0
2026-07-28,EREGL.IS,0,0.4776599,0
2026-07-28,FROTO.IS,1,0.42929536,0
2026-07-28,GARAN.IS,1,0.4407049,0
2026-07-28,ISCTR.IS,0,0.4934222,0
2026-07-28,KCHOL.IS,1,0.47609428,0
2026-07-28,KRDMD.IS,0,0.4928145,0
2026-07-28,MGROS.IS,0,0.4617504,0
2026-07-28,PETKM.IS,0,0.46607625,0
2026-07-28,PGSUS.IS,0,0.4034208,0
2026-07-28,SAHOL.IS,1,0.38415414,0
2026-07-28,SISE.IS,0,0.45426366,0
2026-07-28,TAVHL.IS,1,0.4730459,0
2026-07-28,TCELL.IS,1,0.47822696,0
2026-07-28,THYAO.IS,1,0.47691897,0
2026-07-28,TOASO.IS,1,0.42599854,0
2026-07-28,TTKOM.IS,1,0.4275195,0
2026-07-28,TUPRS.IS,0,0.48288706,0
2026-07-28,ULKER.IS,0,0.54496187,0
2026-07-28,YKBNK.IS,1,0.4512913,0
2026-07-29,AKBNK.IS,1,0.39965758,0
2026-07-29,ALARK.IS,0,0.48767456,0
2026-07-29,ARCLK.IS,0,0.40118852,0
2026-07-29,ASELS.IS,0,0.45789084,0
2026-07-29,ASTOR.IS,1,0.4489381,0
2026-07-29,BIMAS.IS,0,0.5041909,0
2026-07-29,EKGYO.IS,1,0.35410953,-1
2026-07-29,ENKAI.IS,0,0.48395807,0
2026-07-29,EREGL.IS,0,0.50183296,0
2026-07-29,FROTO.IS,1,0.44914013,0
2026-07-29,GARAN.IS,1,0.48454288,0
2026-07-29,ISCTR.IS,0,0.48103833,0
2026-07-29,KCHOL.IS,1,0.49570432,0
2026-07-29,KRDMD.IS,1,0.49621513,0
2026-07-29,MGROS.IS,0,0.48567894,0
2026-07-29,PETKM.IS,0,0.46104085,0
2026-07-29,PGSUS.IS,1,0.3982015,0
2026-07-29,SAHOL.IS,1,0.42324585,0
2026-07-29,SASA.IS,1,0.3056575,-1
2026-07-29,SISE.IS,0,0.4764599,0
2026-07-29,TAVHL.IS,1,0.48800528,0
2026-07-29,TCELL.IS,1,0.493597,0
2026-07-29,THYAO.IS,0,0.47880036,0
2026-07-29,TOASO.IS,0,0.47250307,0
2026-07-29,TTKOM.IS,1,0.37730488,-1
2026-07-29,TUPRS.IS,1,0.4605804,0
2026-07-29,ULKER.IS,0,0.531672,0
2026-07-29,YKBNK.IS,1,0.4423961,0
2026-07-30,AKBNK.IS,1,0.3950686,0
2026-07-30,ALARK.IS,0,0.48686913,0
2026-07-30,ARCLK.IS,0,0.35010898,0
2026-07-30,ASELS.IS,1,0.41509932,0
2026-07-30,ASTOR.IS,1,0.42781934,0
2026-07-30,BIMAS.IS,0,0.48305425,0
2026-07-30,EKGYO.IS,0,0.33648613,-1
2026-07-30,ENKAI.IS,0,0.4709918,0
2026-07-30,EREGL.IS,0,0.48939237,0
2026-07-30,FROTO.IS,0,0.40270874,0
2026-07-30,GARAN.IS,1,0.4269906,0
2026-07-30,ISCTR.IS,0,0.4199154,0
2026-07-30,KCHOL.IS,0,0.46267036,0
2026-07-30,KRDMD.IS,0,0.47711602,0
2026-07-30,MGROS.IS,0,0.4868155,0
2026-07-30,PETKM.IS,0,0.41289687,0
2026-07-30,PGSUS.IS,1,0.396442,0
2026-07-30,SAHOL.IS,1,0.39262548,0
2026-07-30,SISE.IS,0,0.45327234,0
2026-07-30,TAVHL.IS,0,0.4742393,0
2026-07-30,TCELL.IS,0,0.49170205,0
2026-07-30,THYAO.IS,0,0.4627073,0
2026-07-30,TOASO.IS,0,0.46831626,0
2026-07-30,TTKOM.IS,1,0.4271421,0
2026-07-30,TUPRS.IS,1,0.4755026,0
2026-07-30,ULKER.IS,0,0.5130698,0
2026-07-30,YKBNK.IS,1,0.46210322,0
2026-07-31,AKBNK.IS,1,0.45373616,0
2026-07-31,ALARK.IS,0,0.46485448,0
2026-07-31,ARCLK.IS,0,0.36295867,-1
2026-07-31,ASELS.IS,1,0.47529373,0
2026-07-31,ASTOR.IS,1,0.43334886,0
2026-07-31,BIMAS.IS,0,0.46646032,0
2026-07-31,EKGYO.IS,0,0.34127402,-1
2026-07-31,ENKAI.IS,0,0.47467864,0
2026-07-31,EREGL.IS,0,0.49250436,0
2026-07-31,FROTO.IS,0,0.47290206,0
2026-07-31,GARAN.IS,1,0.48306403,0
2026-07-31,ISCTR.IS,0,0.4760266,0
2026-07-31,KCHOL.IS,0,0.4702125,0
2026-07-31,KRDMD.IS,0,0.47525465,0
2026-07-31,MGROS.IS,1,0.46961865,0
2026-07-31,PETKM.IS,0,0.46095133,0
2026-07-31,PGSUS.IS,0,0.4327148,0
2026-07-31,SAHOL.IS,1,0.4531237,0
2026-07-31,SASA.IS,1,0.35600755,-1
2026-07-31,SISE.IS,0,0.47426897,0
2026-07-31,TAVHL.IS,0,0.47096542,0
2026-07-31,TCELL.IS,1,0.46320555,0
2026-07-31,THYAO.IS,0,0.4603507,0
2026-07-31,TOASO.IS,0,0.45850533,0
2026-07-31,TTKOM.IS,1,0.46734035,0
2026-07-31,TUPRS.IS,1,0.5016512,0
2026-07-31,ULKER.IS,1,0.53785986,0
2026-07-31,YKBNK.IS,1,0.42852446,0
2026-08-03,AKBNK.IS,0,0.48376432,0
2026-08-03,ALARK.IS,1,0.49659276,0
2026-08-03,ARCLK.IS,0,0.33146104,-1
2026-08-03,ASELS.IS,1,0.40874785,-1
2026-08-03,ASTOR.IS,1,0.4351384,-1
2026-08-03,BIMAS.IS,0,0.4709486,-1
2026-08-03,EKGYO.IS,0,0.36572397,-1
2026-08-03,ENKAI.IS,0,0.4892386,0
2026-08-03,EREGL.IS,0,0.46355417,-1
2026-08-03,FROTO.IS,0,0.49346593,0
2026-08-03,GARAN.IS,0,0.4860798,0
2026-08-03,ISCTR.IS,0,0.48901373,0
2026-08-03,KCHOL.IS,1,0.48487723,0
2026-08-03,KRDMD.IS,0,0.4956467,0
2026-08-03,MGROS.IS,1,0.48806766,0
2026-08-03,PETKM.IS,0,0.46695918,-1
2026-08-03,PGSUS.IS,0,0.4398378,-1
2026-08-03,SAHOL.IS,0,0.4786697,-1
2026-08-03,SISE.IS,0,0.4984572,0
2026-08-03,TAVHL.IS,0,0.49771193,0
2026-08-03,TCELL.IS,0,0.4808989,0
2026-08-03,THYAO.IS,0,0.50041735,0
2026-08-03,TOASO.IS,0,0.47989014,-1
2026-08-03,TTKOM.IS,1,0.4379415,-1
2026-08-03,TUPRS.IS,1,0.51272845,0
2026-08-03,ULKER.IS,0,0.532252,1
2026-08-03,YKBNK.IS,0,0.46124792,-1
2026-08-04,AKBNK.IS,0,0.5164765,0
2026-08-04,ALARK.IS,1,0.5074234,0
2026-08-04,ARCLK.IS,0,0.39038724,-1
2026-08-04,ASELS.IS,1,0.49828175,0
2026-08-04,ASTOR.IS,0,0.4775966,-1
2026-08-04,BIMAS.IS,0,0.51684576,0
2026-08-04,EKGYO.IS,0,0.4561529,-1
2026-08-04,ENKAI.IS,0,0.47942814,-1
2026-08-04,EREGL.IS,0,0.53291065,1
2026-08-04,FROTO.IS,0,0.50442636,0
2026-08-04,GARAN.IS,0,0.5237811,1
2026-08-04,ISCTR.IS,0,0.48808882,0
2026-08-04,KCHOL.IS,1,0.52163213,1
2026-08-04,KRDMD.IS,0,0.54260993,1
2026-08-04,MGROS.IS,1,0.529558,1
2026-08-04,PETKM.IS,0,0.49544272,0
2026-08-04,PGSUS.IS,0,0.52168,1
2026-08-04,SAHOL.IS,0,0.5173685,0
2026-08-04,SASA.IS,0,0.35442442,-1
2026-08-04,SISE.IS,0,0.51061374,0
2026-08-04,TAVHL.IS,0,0.52013946,1
2026-08-04,TCELL.IS,0,0.5181101,0
2026-08-04,THYAO.IS,0,0.51043314,0
2026-08-04,TOASO.IS,0,0.51063114,0
2026-08-04,TTKOM.IS,1,0.49897677,0
2026-08-04,TUPRS.IS,1,0.53485584,1
2026-08-04,ULKER.IS,0,0.58385134,1
2026-08-04,YKBNK.IS,0,0.50864583,0
2026-08-05,AKBNK.IS,0,0.48994803,0
2026-08-05,ALARK.IS,0,0.45528615,0
2026-08-05,ARCLK.IS,0,0.36649182,-1
2026-08-05,ASELS.IS,1,0.48077625,0
2026-08-05,ASTOR.IS,1,0.46575397,0
2026-08-05,BIMAS.IS,0,0.50197816,0
2026-08-05,EKGYO.IS,0,0.46359405,0
2026-08-05,ENKAI.IS,0,0.49511975,0
2026-08-05,EREGL.IS,0,0.51242363,0
2026-08-05,FROTO.IS,0,0.49113813,0
2026-08-05,GARAN.IS,0,0.5068413,0
2026-08-05,ISCTR.IS,0,0.5120239,0
2026-08-05,KCHOL.IS,0,0.49136472,0
2026-08-05,KRDMD.IS,0,0.5073546,0
2026-08-05,MGROS.IS,0,0.49888432,0
2026-08-05,PETKM.IS,0,0.48160106,0
2026-08-05,PGSUS.IS,0,0.5028616,0
2026-08-05,SAHOL.IS,0,0.48709953,0
2026-08-05,SISE.IS,0,0.48228762,0
2026-08-05,TAVHL.IS,0,0.5026565,0
2026-08-05,TCELL.IS,0,0.46444002,0
2026-08-05,THYAO.IS,0,0.44190085,-1
2026-08-05,TOASO.IS,0,0.47110984,0
2026-08-05,TTKOM.IS,1,0.51293814,0
2026-08-05,TUPRS.IS,1,0.48345748,0
2026-08-05,ULKER.IS,0,0.5738693,1
2026-08-05,YKBNK.IS,1,0.49027058,0
2026-08-06,AKBNK.IS,1,0.511669,0
2026-08-06,ALARK.IS,0,0.48066083,0
2026-08-06,ARCLK.IS,0,0.43043524,-1
2026-08-06,ASELS.IS,1,0.47329593,-1
2026-08-06,ASTOR.IS,1,0.4865573,0
2026-08-06,BIMAS.IS,0,0.49598792,0
2026-08-06,EKGYO.IS,0,0.49098498,0
2026-08-06,ENKAI.IS,0,0.5024977,0
2026-08-06,EREGL.IS,0,0.50841475,0
2026-08-06,FROTO.IS,0,0.5519279,1
2026-08-06,GARAN.IS,0,0.49835646,0
2026-08-06,ISCTR.IS,0,0.5075333,0
2026-08-06,KCHOL.IS,1,0.5123547,0
2026-08-06,KRDMD.IS,0,0.5355047,1
2026-08-06,MGROS.IS,0,0.4913219,0
2026-08-06,PETKM.IS,0,0.43925145,-1
2026-08-06,PGSUS.IS,0,0.52639204,1
2026-08-06,SAHOL.IS,0,0.51179045,0
2026-08-06,SASA.IS,0,0.38803777,-1
2026-08-06,SISE.IS,0,0.49052474,0
2026-08-06,TAVHL.IS,0,0.51748735,0
2026-08-06,TCELL.IS,0,0.49992728,0
2026-08-06,THYAO.IS,0,0.49399656,0
2026-08-06,TOASO.IS,1,0.56680864,1
2026-08-06,TTKOM.IS,1,0.497005,0
2026-08-06,TUPRS.IS,1,0.45374623,-1
2026-08-06,ULKER.IS,0,0.55924547,1
2026-08-06,YKBNK.IS,1,0.52219355,1
2026-08-07,AKBNK.IS,0,0.5372626,1
2026-08-07,ALARK.IS,0,0.51276195,0
2026-08-07,ARCLK.IS,0,0.44196868,-1
2026-08-07,ASELS.IS,1,0.4849375,0
2026-08-07,ASTOR.IS,1,0.50820947,0
2026-08-07,BIMAS.IS,0,0.52766144,1
2026-08-07,EKGYO.IS,0,0.48039943,0
2026-08-07,ENKAI.IS,0,0.5218908,1
2026-08-07,EREGL.IS,0,0.39139852,-1
2026-08-07,FROTO.IS,0,0.536487,1
2026-08-07,GARAN.IS,1,0.5154189,0
2026-08-07,ISCTR.IS,0,0.53045166,1
2026-08-07,KCHOL.IS,1,0.5336391,1
2026-08-07,KRDMD.IS,1,0.47000727,-1
2026-08-07,MGROS.IS,0,0.5059064,0
2026-08-07,PETKM.IS,1,0.5076676,0
2026-08-07,PGSUS.IS,0,0.53972346,1
2026-08-07,SAHOL.IS,0,0.52581817,1
2026-08-07,SASA.IS,0,0.42993358,-1
2026-08-07,SISE.IS,0,0.52390337,1
2026-08-07,TAVHL.IS,0,0.5309089,1
2026-08-07,TCELL.IS,0,0.535777,1
2026-08-07,THYAO.IS,0,0.51009655,0
2026-08-07,TOASO.IS,0,0.50017565,0
2026-08-07,TTKOM.IS,0,0.527134,1
2026-08-07,TUPRS.IS,1,0.49842295,0
2026-08-07,ULKER.IS,0,0.5133298,0
2026-08-07,YKBNK.IS,1,0.5438683,1
2026-08-10,AKBNK.IS,0,0.52412426,1
2026-08-10,ALARK.IS,0,0.45494407,-1
2026-08-10,ARCLK.IS,0,0.39096522,-1
2026-08-10,ASELS.IS,1,0.49995434,0
2026-08-10,ASTOR.IS,1,0.4995194,0
2026-08-10,BIMAS.IS,0,0.5120764,0
2026-08-10,EKGYO.IS,1,0.5047696,0
2026-08-10,ENKAI.IS,0,0.49960834,0
2026-08-10,EREGL.IS,1,0.5081903,0
2026-08-10,FROTO.IS,0,0.52648544,1
2026-08-10,GARAN.IS,0,0.51690096,0
2026-08-10,ISCTR.IS,1,0.5231097,1
2026-08-10,KCHOL.IS,0,0.4922606,0
2026-08-10,KRDMD.IS,1,0.47018236,-1
2026-08-10,MGROS.IS,0,0.502286,0
2026-08-10,PETKM.IS,0,0.51087564,0
2026-08-10,PGSUS.IS,0,0.536428,1
2026-08-10,SAHOL.IS,0,0.47742578,-1
2026-08-10,SISE.IS,0,0.49599707,0
2026-08-10,TAVHL.IS,0,0.5240043,1
2026-08-10,TCELL.IS,0,0.51937085,0
2026-08-10,THYAO.IS,0,0.4776388,-1
2026-08-10,TOASO.IS,0,0.5201069,1
2026-08-10,TTKOM.IS,0,0.5071803,0
2026-08-10,TUPRS.IS,1,0.45553467,-1
2026-08-10,ULKER.IS,0,0.5285919,1
2026-08-10,YKBNK.IS,1,0.528012,1
2026-08-11,AKBNK.IS,0,0.49848753,0
2026-08-11,ALARK.IS,0,0.45645005,-1
2026-08-11,ARCLK.IS,0,0.37221465,-1
2026-08-11,ASELS.IS,1,0.48130333,0
2026-08-11,ASTOR.IS,1,0.44493514,-1
2026-08-11,BIMAS.IS,1,0.46988612,-1
2026-08-11,EKGYO.IS,1,0.4661445,-1
2026-08-11,ENKAI.IS,0,0.49064037,0
2026-08-11,EREGL.IS,0,0.49251235,0
2026-08-11,FROTO.IS,0,0.4837288,0
2026-08-11,GARAN.IS,0,0.49484345,0
2026-08-11,ISCTR.IS,0,0.5183653,0
2026-08-11,KCHOL.IS,1,0.48712048,0
2026-08-11,KRDMD.IS,1,0.4760312,-1
2026-08-11,MGROS.IS,0,0.45685774,-1
2026-08-11,PETKM.IS,1,0.51769924,0
2026-08-11,PGSUS.IS,0,0.5155367,0
2026-08-11,SAHOL.IS,0,0.48552597,0
2026-08-11,SISE.IS,0,0.49971727,0
2026-08-11,TAVHL.IS,0,0.50671005,0
2026-08-11,TCELL.IS,0,0.48265457,0
2026-08-11,THYAO.IS,0,0.47474664,-1
2026-08-11,TOASO.IS,0,0.51622206,0
2026-08-11,TTKOM.IS,0,0.49241993,0
2026-08-11,TUPRS.IS,1,0.4068356,-1
2026-08-11,ULKER.IS,1,0.55760795,1
2026-08-11,YKBNK.IS,0,0.5084712,0
2026-08-12,AKBNK.IS,0,0.50422645,0
2026-08-12,ALARK.IS,1,0.44878748,-1
2026-08-12,ARCLK.IS,0,0.43147883,-1
2026-08-12,ASELS.IS,1,0.45111543,-1
2026-08-12,ASTOR.IS,0,0.46739763,-1
2026-08-12,BIMAS.IS,1,0.5026568,0
2026-08-12,EKGYO.IS,1,0.45227057,-1
2026-08-12,ENKAI.IS,0,0.47137466,-1
2026-08-12,EREGL.IS,0,0.5641946,1
2026-08-12,FROTO.IS,0,0.51553506,0
2026-08-12,GARAN.IS,0,0.48915824,0
2026-08-12,ISCTR.IS,0,0.535304,1
2026-08-12,KCHOL.IS,1,0.52969295,1
2026-08-12,KRDMD.IS,1,0.5006156,0
2026-08-12,MGROS.IS,0,0.46801165,-1
2026-08-12,PETKM.IS,1,0.5699461,1
2026-08-12,PGSUS.IS,0,0.5625457,1
2026-08-12,SAHOL.IS,0,0.45660803,-1
2026-08-12,SISE.IS,0,0.5378907,1
2026-08-12,TAVHL.IS,0,0.5361126,1
2026-08-12,TCELL.IS,0,0.4964148,0
2026-08-12,THYAO.IS,0,0.5042851,0
2026-08-12,TOASO.IS,0,0.510787,0
2026-08-12,TTKOM.IS,0,0.49769568,0
2026-08-12,TUPRS.IS,1,0.44452706,-1
2026-08-12,ULKER.IS,1,0.5400601,1
2026-08-12,YKBNK.IS,0,0.46764556,-1
2026-08-13,AKBNK.IS,0,0.4924711,0
2026-08-13,ALARK.IS,1,0.47404268,-1
2026-08-13,ARCLK.IS,0,0.36021253,-1
2026-08-13,ASELS.IS,0,0.45265138,-1
2026-08-13,ASTOR.IS,0,0.4686643,-1
2026-08-13,BIMAS.IS,1,0.4826948,0
2026-08-13,EKGYO.IS,1,0.45673466,-1
2026-08-13,ENKAI.IS,0,0.46142718,-1
2026-08-13,EREGL.IS,0,0.48055878,0
2026-08-13,FROTO.IS,0,0.48909882,0
2026-08-13,GARAN.IS,0,0.47229648,-1
2026-08-13,ISCTR.IS,0,0.5133909,0
2026-08-13,KCHOL.IS,1,0.48602822,0
2026-08-13,KRDMD.IS,1,0.45458466,-1
2026-08-13,MGROS.IS,1,0.5365423,1
2026-08-13,PETKM.IS,1,0.5221219,1
2026-08-13,PGSUS.IS,0,0.51574594,0
2026-08-13,SAHOL.IS,0,0.4890273,0
2026-08-13,SISE.IS,0,0.48078954,0
2026-08-13,TAVHL.IS,0,0.496114,0
2026-08-13,TCELL.IS,0,0.50311023,0
2026-08-13,THYAO.IS,0,0.47556943,-1
2026-08-13,TOASO.IS,0,0.5121855,0
2026-08-13,TTKOM.IS,0,0.47052944,-1
2026-08-13,TUPRS.IS,1,0.41150102,-1
2026-08-13,ULKER.IS,1,0.5474592,1
2026-08-13,YKBNK.IS,0,0.49422142,0
2026-08-14,AKBNK.IS,0,0.47237495,-1
2026-08-14,ALARK.IS,1,0.45707855,-1
2026-08-14,ARCLK.IS,0,0.37995258,-1
2026-08-14,ASELS.IS,1,0.46430922,-1
2026-08-14,ASTOR.IS,0,0.46949926,-1
2026-08-14,BIMAS.IS,1,0.4660095,-1
2026-08-14,EKGYO.IS,1,0.45140713,-1
2026-08-14,ENKAI.IS,0,0.4456367,-1
2026-08-14,EREGL.IS,0,0.4643255,-1
2026-08-14,FROTO.IS,0,0.47823694,-1
2026-08-14,GARAN.IS,0,0.48598543,0
2026-08-14,ISCTR.IS,0,0.5109475,0
2026-08-14,KCHOL.IS,1,0.46330988,-1
2026-08-14,KRDMD.IS,1,0.44541922,-1
2026-08-14,MGROS.IS,1,0.5144215,0
2026-08-14,PETKM.IS,1,0.479969,-1
2026-08-14,PGSUS.IS,0,0.49326578,0
2026-08-14,SAHOL.IS,1,0.47046894,-1
2026-08-14,SISE.IS,0,0.47006643,-1
2026-08-14,TAVHL.IS,0,0.48147705,0
2026-08-14,TCELL.IS,0,0.4776433,-1
2026-08-14,THYAO.IS,0,0.4526637,-1
2026-08-14,TOASO.IS,1,0.502524,0
2026-08-14,TTKOM.IS,0,0.4859185,0
2026-08-14,TUPRS.IS,1,0.41306958,-1
2026-08-14,ULKER.IS,1,0.512525,0
2026-08-14,YKBNK.IS,0,0.47998393,-1
2026-08-17,AKBNK.IS,1,0.48754662,0
2026-08-17,ALARK.IS,0,0.4927849,0
2026-08-17,ARCLK.IS,0,0.37465593,-1
2026-08-17,ASELS.IS,1,0.481561,0
2026-08-17,ASTOR.IS,0,0.46874186,-1
2026-08-17,BIMAS.IS,1,0.4677282,-1
2026-08-17,EKGYO.IS,1,0.42849818,-1
2026-08-17,ENKAI.IS,1,0.40822297,-1
2026-08-17,EREGL.IS,0,0.49371982,0
2026-08-17,FROTO.IS,0,0.4824929,0
2026-08-17,GARAN.IS,0,0.46850058,-1
2026-08-17,ISCTR.IS,0,0.52032316,1
2026-08-17,KCHOL.IS,1,0.48109108,0
2026-08-17,KRDMD.IS,0,0.45367816,-1
2026-08-17,MGROS.IS,0,0.53726107,1
2026-08-17,PETKM.IS,1,0.48023662,0
2026-08-17,PGSUS.IS,0,0.47748885,-1
2026-08-17,SAHOL.IS,1,0.4475709,-1
2026-08-17,SISE.IS,1,0.46908224,-1
2026-08-17,TAVHL.IS,0,0.49876738,0
2026-08-17,TCELL.IS,0,0.47291735,-1
2026-08-17,THYAO.IS,0,0.45322064,-1
2026-08-17,TOASO.IS,1,0.5237935,1
2026-08-17,TTKOM.IS,0,0.4866831,0
2026-08-17,TUPRS.IS,1,0.46839455,-1
2026-08-17,ULKER.IS,0,0.5523727,1
2026-08-17,YKBNK.IS,1,0.4843928,0
2026-08-18,AKBNK.IS,1,0.47050852,-1
2026-08-18,ALARK.IS,0,0.43683967,-1
2026-08-18,ARCLK.IS,0,0.3221826,-1
2026-08-18,ASELS.IS,1,0.44732943,-1
2026-08-18,ASTOR.IS,1,0.3815562,-1
2026-08-18,BIMAS.IS,1,0.42334494,-1
2026-08-18,EKGYO.IS,1,0.46794403,-1
2026-08-18,ENKAI.IS,1,0.4981484,0
2026-08-18,EREGL.IS,0,0.46090695,-1
2026-08-18,FROTO.IS,0,0.45956585,-1
2026-08-18,GARAN.IS,1,0.45902854,-1
2026-08-18,ISCTR.IS,0,0.5031925,0
2026-08-18,KCHOL.IS,1,0.47434664,-1
2026-08-18,KRDMD.IS,0,0.40360898,-1
2026-08-18,MGROS.IS,0,0.5065824,0
2026-08-18,PETKM.IS,0,0.45050657,-1
2026-08-18,PGSUS.IS,0,0.46674764,-1
2026-08-18,SAHOL.IS,1,0.41742873,-1
2026-08-18,SISE.IS,1,0.4998359,0
2026-08-18,TAVHL.IS,1,0.4673715,-1
2026-08-18,TCELL.IS,0,0.4576139,-1
2026-08-18,THYAO.IS,0,0.4363968,-1
2026-08-18,TOASO.IS,1,0.50502163,0
2026-08-18,TTKOM.IS,0,0.49928826,0
2026-08-18,TUPRS.IS,0,0.49783066,0
2026-08-18,ULKER.IS,0,0.44422984,-1
2026-08-18,YKBNK.IS,1,0.4700444,-1
2026-08-19,AKBNK.IS,1,0.4737444,-1
2026-08-19,ALARK.IS,0,0.4575404,-1
2026-08-19,ARCLK.IS,0,0.30357915,-1
2026-08-19,ASELS.IS,0,0.43646294,-1
2026-08-19,ASTOR.IS,1,0.43415356,-1
2026-08-19,BIMAS.IS,0,0.4806426,0
2026-08-19,EKGYO.IS,1,0.47028527,-1
2026-08-19,ENKAI.IS,1,0.48196796,0
2026-08-19,EREGL.IS,1,0.45611194,-1
2026-08-19,FROTO.IS,0,0.41183138,-1
2026-08-19,GARAN.IS,0,0.42311165,-1
2026-08-19,ISCTR.IS,1,0.4787946,-1
2026-08-19,KCHOL.IS,0,0.4804133,0
2026-08-19,KRDMD.IS,0,0.46363536,-1
2026-08-19,MGROS.IS,0,0.49342752,0
2026-08-19,PETKM.IS,0,0.4631637,-1
2026-08-19,PGSUS.IS,1,0.44569626,-1
2026-08-19,SAHOL.IS,1,0.42074287,-1
2026-08-19,SISE.IS,1,0.49624366,0
2026-08-19,TAVHL.IS,1,0.46340576,-1
2026-08-19,TCELL.IS,0,0.45028704,-1
2026-08-19,THYAO.IS,1,0.3878511,-1
2026-08-19,TOASO.IS,1,0.47643262,-1
2026-08-19,TTKOM.IS,0,0.46355847,-1
2026-08-19,TUPRS.IS,0,0.4304189,-1
2026-08-19,ULKER.IS,0,0.4264335,-1
2026-08-19,YKBNK.IS,1,0.46138528,-1
2026-08-20,AKBNK.IS,1,0.4536059,-1
2026-08-20,ALARK.IS,1,0.46267527,-1
2026-08-20,ARCLK.IS,1,0.32050797,-1
2026-08-20,ASELS.IS,0,0.46529803,-1
2026-08-20,ASTOR.IS,1,0.42988685,-1
2026-08-20,BIMAS.IS,0,0.48362857,0
2026-08-20,EKGYO.IS,1,0.46666673,-1
2026-08-20,ENKAI.IS,1,0.48171854,0
2026-08-20,EREGL.IS,1,0.44789097,-1
2026-08-20,FROTO.IS,0,0.40590852,-1
2026-08-20,GARAN.IS,1,0.4484006,-1
2026-08-20,ISCTR.IS,1,0.49114275,0
2026-08-20,KCHOL.IS,0,0.4548551,-1
2026-08-20,KRDMD.IS,1,0.459762,-1
2026-08-20,MGROS.IS,0,0.4989832,0
2026-08-20,PETKM.IS,0,0.45000648,-1
2026-08-20,PGSUS.IS,1,0.444879,-1
2026-08-20,SAHOL.IS,1,0.42052516,-1
2026-08-20,SASA.IS,1,0.4756631,-1
2026-08-20,SISE.IS,0,0.4601375,-1
2026-08-20,TAVHL.IS,1,0.46188655,-1
2026-08-20,TCELL.IS,0,0.45388284,-1
2026-08-20,THYAO.IS,1,0.39334264,-1
2026-08-20,TOASO.IS,0,0.46633452,-1
2026-08-20,TTKOM.IS,0,0.47043565,-1
2026-08-20,TUPRS.IS,0,0.48538658,0
2026-08-20,ULKER.IS,0,0.46868163,-1
2026-08-20,YKBNK.IS,1,0.45056337,-1
2026-08-21,AKBNK.IS,1,0.46918735,-1
2026-08-21,ALARK.IS,1,0.4641699,-1
2026-08-21,ARCLK.IS,0,0.3644474,-1
2026-08-21,ASELS.IS,0,0.49055332,0
2026-08-21,ASTOR.IS,1,0.47975856,0
2026-08-21,BIMAS.IS,0,0.49014446,0
2026-08-21,EKGYO.IS,1,0.4741147,-1
2026-08-21,ENKAI.IS,1,0.523083,1
2026-08-21,EREGL.IS,1,0.4728728,-1
2026-08-21,FROTO.IS,0,0.42960835,-1
2026-08-21,GARAN.IS,1,0.47912386,0
2026-08-21,ISCTR.IS,1,0.5166979,0
2026-08-21,KCHOL.IS,0,0.4819168,0
2026-08-21,KRDMD.IS,1,0.47262084,-1
2026-08-21,MGROS.IS,0,0.49742588,0
2026-08-21,PETKM.IS,0,0.4722644,-1
2026-08-21,PGSUS.IS,0,0.45311645,-1
2026-08-21,SAHOL.IS,1,0.43867552,-1
2026-08-21,SISE.IS,0,0.5004132,0
2026-08-21,TAVHL.IS,1,0.4765779,-1
2026-08-21,TCELL.IS,0,0.4686106,-1
2026-08-21,THYAO.IS,1,0.41768873,-1
2026-08-21,TOASO.IS,0,0.4641574,-1
2026-08-21,TTKOM.IS,0,0.4786087,0
2026-08-21,TUPRS.IS,0,0.47062835,-1
2026-08-21,ULKER.IS,0,0.4727015,-1
2026-08-21,YKBNK.IS,1,0.48473004,0
2026-08-24,AKBNK.IS,1,0.4607082,-1
2026-08-24,ALARK.IS,1,0.4905814,0
2026-08-24,ARCLK.IS,0,0.3538184,-1
2026-08-24,ASELS.IS,0,0.50133604,0
2026-08-24,ASTOR.IS,0,0.4567316,-1
2026-08-24,BIMAS.IS,0,0.49343023,0
2026-08-24,EKGYO.IS,0,0.43912274,-1
2026-08-24,ENKAI.IS,1,0.49797347,0
2026-08-24,EREGL.IS,1,0.4807088,0
2026-08-24,FROTO.IS,0,0.42031345,-1
2026-08-24,GARAN.IS,1,0.45323497,-1
2026-08-24,ISCTR.IS,1,0.4686699,-1
2026-08-24,KCHOL.IS,0,0.49065667,0
2026-08-24,KRDMD.IS,1,0.50219965,0
2026-08-24,MGROS.IS,0,0.50452816,0
2026-08-24,PETKM.IS,0,0.46048242,-1
2026-08-24,PGSUS.IS,0,0.45140406,-1
2026-08-24,SAHOL.IS,1,0.43716943,-1
2026-08-24,SISE.IS,1,0.5072466,0
2026-08-24,TAVHL.IS,0,0.5038588,0
2026-08-24,TCELL.IS,0,0.47063345,-1
2026-08-24,THYAO.IS,1,0.41428837,-1
2026-08-24,TOASO.IS,0,0.47929657,-1
2026-08-24,TTKOM.IS,0,0.5186098,0
2026-08-24,TUPRS.IS,1,0.4658105,-1
2026-08-24,ULKER.IS,0,0.46536273,-1
2026-08-24,YKBNK.IS,1,0.45885897,-1
2026-08-25,AKBNK.IS,1,0.47120172,-1
2026-08-25,ALARK.IS,1,0.4672604,-1
2026-08-25,ARCLK.IS,0,0.34761876,-1
2026-08-25,ASELS.IS,0,0.5024568,0
2026-08-25,ASTOR.IS,0,0.4813258,0
2026-08-25,BIMAS.IS,0,0.4992601,0
2026-08-25,EKGYO.IS,1,0.4549109,-1
2026-08-25,ENKAI.IS,1,0.4875203,0
2026-08-25,EREGL.IS,1,0.47951803,-1
2026-08-25,FROTO.IS,0,0.41495425,-1
2026-08-25,GARAN.IS,1,0.45858148,-1
2026-08-25,ISCTR.IS,1,0.47047737,-1
2026-08-25,KCHOL.IS,1,0.47959742,-1
2026-08-25,KRDMD.IS,1,0.47689316,-1
2026-08-25,MGROS.IS,0,0.49193785,0
2026-08-25,PETKM.IS,1,0.4511948,-1
2026-08-25,PGSUS.IS,1,0.4291928,-1
2026-08-25,SAHOL.IS,1,0.4429831,-1
2026-08-25,SASA.IS,1,0.48651347,0
2026-08-25,SISE.IS,1,0.48553422,0
2026-08-25,TAVHL.IS,0,0.48157302,0
2026-08-25,TCELL.IS,0,0.46484244,-1
2026-08-25,THYAO.IS,1,0.424003,-1
2026-08-25,TOASO.IS,0,0.4922951,0
2026-08-25,TTKOM.IS,0,0.4842293,0
2026-08-25,TUPRS.IS,1,0.3874752,-1
2026-08-25,ULKER.IS,1,0.48344633,0
2026-08-25,YKBNK.IS,1,0.4814667,0
2026-08-26,AKBNK.IS,1,0.5061627,0
2026-08-26,ALARK.IS,1,0.5275145,1
2026-08-26,ARCLK.IS,1,0.37811533,-1
2026-08-26,ASELS.IS,0,0.52172303,1
2026-08-26,ASTOR.IS,0,0.49018812,0
2026-08-26,BIMAS.IS,1,0.50912756,0
2026-08-26,EKGYO.IS,1,0.49911144,0
2026-08-26,ENKAI.IS,1,0.48202834,0
2026-08-26,EREGL.IS,1,0.49604452,0
2026-08-26,FROTO.IS,0,0.4330678,-1
2026-08-26,GARAN.IS,1,0.49992108,0
2026-08-26,ISCTR.IS,1,0.5045912,0
2026-08-26,KCHOL.IS,1,0.477127,-1
2026-08-26,KRDMD.IS,1,0.49711865,0
2026-08-26,MGROS.IS,0,0.4943205,0
2026-08-26,PETKM.IS,1,0.5053413,0
2026-08-26,PGSUS.IS,1,0.4432817,-1
2026-08-26,SAHOL.IS,1,0.48341256,0
2026-08-26,SASA.IS,1,0.4999342,0
2026-08-26,SISE.IS,1,0.49726477,0
2026-08-26,TAVHL.IS,0,0.5094712,0
2026-08-26,TCELL.IS,0,0.4854104,0
2026-08-26,THYAO.IS,0,0.4409612,-1
2026-08-26,TOASO.IS,0,0.50441927,0
2026-08-26,TTKOM.IS,0,0.46981275,-1
2026-08-26,TUPRS.IS,1,0.4768952,-1
2026-08-26,ULKER.IS,1,0.51629215,0
2026-08-26,YKBNK.IS,1,0.5091532,0
2026-08-27,AKBNK.IS,1,0.48980305,0
2026-08-27,ALARK.IS,1,0.4998794,0
2026-08-27,ARCLK.IS,0,0.41578543,-1
2026-08-27,ASELS.IS,0,0.49992555,0
2026-08-27,ASTOR.IS,0,0.4499044,-1
2026-08-27,BIMAS.IS,1,0.4843617,0
2026-08-27,EKGYO.IS,0,0.4892749,0
2026-08-27,ENKAI.IS,1,0.48489746,0
2026-08-27,EREGL.IS,0,0.489493,0
2026-08-27,FROTO.IS,1,0.40865284,-1
2026-08-27,GARAN.IS,1,0.48009536,0
2026-08-27,ISCTR.IS,1,0.47120678,-1
2026-08-27,KCHOL.IS,1,0.48151773,0
2026-08-27,KRDMD.IS,0,0.47124627,-1
2026-08-27,MGROS.IS,0,0.4939086,0
2026-08-27,PETKM.IS,1,0.4816777,0
2026-08-27,PGSUS.IS,1,0.4315078,-1
2026-08-27,SAHOL.IS,1,0.4457437,-1
2026-08-27,SISE.IS,1,0.49635383,0
2026-08-27,TAVHL.IS,0,0.4975988,0
2026-08-27,TCELL.IS,0,0.46593422,-1
2026-08-27,THYAO.IS,0,0.40765753,-1
2026-08-27,TOASO.IS,0,0.49064392,0
2026-08-27,TTKOM.IS,0,0.46808973,-1
2026-08-27,TUPRS.IS,1,0.5089761,0
2026-08-27,ULKER.IS,1,0.47777092,-1
2026-08-27,YKBNK.IS,1,0.48980305,0
2026-08-28,AKBNK.IS,1,0.488722,0
2026-08-28,ALARK.IS,1,0.49081957,0
2026-08-28,ARCLK.IS,1,0.3986082,-1
2026-08-28,ASELS.IS,1,0.4986084,0
2026-08-28,ASTOR.IS,0,0.45308903,-1
2026-08-28,BIMAS.IS,1,0.46894604,-1
2026-08-28,EKGYO.IS,0,0.48771572,0
2026-08-28,ENKAI.IS,1,0.4909573,0
2026-08-28,EREGL.IS,0,0.49721855,0
2026-08-28,FROTO.IS,1,0.41659352,-1
2026-08-28,GARAN.IS,1,0.44797435,-1
2026-08-28,ISCTR.IS,1,0.47491974,-1
2026-08-28,KCHOL.IS,1,0.47875378,-1
2026-08-28,KRDMD.IS,0,0.48180562,0
2026-08-28,MGROS.IS,0,0.46432096,-1
2026-08-28,PETKM.IS,1,0.4800588,0
2026-08-28,PGSUS.IS,1,0.4312602,-1
2026-08-28,SAHOL.IS,1,0.4191211,-1
2026-08-28,SASA.IS,1,0.46348596,-1
2026-08-28,SISE.IS,1,0.50400853,0
2026-08-28,TAVHL.IS,0,0.48952207,0
2026-08-28,TCELL.IS,0,0.43230414,-1
2026-08-28,THYAO.IS,1,0.41973606,-1
2026-08-28,TOASO.IS,1,0.48537752,0
2026-08-28,TTKOM.IS,1,0.4760269,-1
2026-08-28,TUPRS.IS,1,0.4723235,-1
2026-08-28,ULKER.IS,1,0.46768034,-1
2026-08-28,YKBNK.IS,1,0.488722,0
2026-08-31,AKBNK.IS,1,0.48193383,0
2026-08-31,ALARK.IS,1,0.49037594,0
2026-08-31,ARCLK.IS,1,0.37456894,-1
2026-08-31,ASELS.IS,1,0.47901127,-1
2026-08-31,ASTOR.IS,0,0.37874928,-1
2026-08-31,BIMAS.IS,1,0.4816522,0
2026-08-31,EKGYO.IS,1,0.48970526,0
2026-08-31,ENKAI.IS,1,0.4738331,-1
2026-08-31,EREGL.IS,1,0.49491748,0
2026-08-31,FROTO.IS,1,0.42127177,-1
2026-08-31,GARAN.IS,1,0.4726101,-1
2026-08-31,ISCTR.IS,1,0.4806018,0
2026-08-31,KCHOL.IS,1,0.46982232,-1
2026-08-31,KRDMD.IS,0,0.47851542,-1
2026-08-31,MGROS.IS,1,0.49921042,0
2026-08-31,PETKM.IS,1,0.48217762,0
2026-08-31,PGSUS.IS,1,0.4498879,-1
2026-08-31,SAHOL.IS,1,0.44959322,-1
2026-08-31,SASA.IS,1,0.47763,-1
2026-08-31,SISE.IS,1,0.49915206,0
2026-08-31,TAVHL.IS,1,0.42910513,-1
2026-08-31,TCELL.IS,1,0.43030268,-1
2026-08-31,THYAO.IS,0,0.40816754,-1
2026-08-31,TOASO.IS,1,0.49037328,0
2026-08-31,TTKOM.IS,1,0.4879434,0
2026-08-31,TUPRS.IS,0,0.46777108,-1
2026-08-31,ULKER.IS,1,0.4730252,-1
2026-08-31,YKBNK.IS,1,0.48193383,0
2026-09-01,AKBNK.IS,1,0.49825737,0
2026-09-01,ALARK.IS,1,0.48529908,0
2026-09-01,ARCLK.IS,1,0.35473275,-1
2026-09-01,ASELS.IS,1,0.4889689,0
2026-09-01,ASTOR.IS,0,0.42617783,-1
2026-09-01,BIMAS.IS,1,0.50229263,0
2026-09-01,EKGYO.IS,1,0.4900178,0
2026-09-01,ENKAI.IS,0,0.47075066,-1
2026-09-01,EREGL.IS,1,0.4704794,-1
2026-09-01,FROTO.IS,1,0.42956045,-1
2026-09-01,GARAN.IS,1,0.45373848,-1
2026-09-01,ISCTR.IS,1,0.46915013,-1
2026-09-01,KCHOL.IS,1,0.4930117,0
2026-09-01,KRDMD.IS,1,0.4245596,-1
2026-09-01,MGROS.IS,1,0.4807246,0
2026-09-01,PETKM.IS,1,0.49275824,0
2026-09-01,PGSUS.IS,1,0.42367887,-1
2026-09-01,SAHOL.IS,1,0.44641352,-1
2026-09-01,SISE.IS,1,0.4803344,0
2026-09-01,TAVHL.IS,1,0.45694026,-1
2026-09-01,TCELL.IS,1,0.4779665,-1
2026-09-01,THYAO.IS,0,0.39037815,-1
2026-09-01,TOASO.IS,1,0.47853863,-1
2026-09-01,TTKOM.IS,1,0.51138514,0
2026-09-01,TUPRS.IS,0,0.52339315,1
2026-09-01,ULKER.IS,1,0.4890318,0
2026-09-01,YKBNK.IS,1,0.5007662,0
2026-09-02,AKBNK.IS,0,0.5104595,0
2026-09-02,ALARK.IS,1,0.4660732,0
2026-09-02,ARCLK.IS,1,0.39799413,-1
2026-09-02,ASELS.IS,1,0.502026,0
2026-09-02,ASTOR.IS,0,0.4729745,0
2026-09-02,BIMAS.IS,1,0.5139523,0
2026-09-02,EKGYO.IS,1,0.48747516,0
2026-09-02,ENKAI.IS,1,0.48117182,0
2026-09-02,EREGL.IS,1,0.5153812,0
2026-09-02,FROTO.IS,1,0.47592494,0
2026-09-02,GARAN.IS,0,0.4956601,0
2026-09-02,ISCTR.IS,1,0.49707052,0
2026-09-02,KCHOL.IS,1,0.49754602,0
2026-09-02,KRDMD.IS,1,0.49994612,0
2026-09-02,MGROS.IS,0,0.4838424,0
2026-09-02,PETKM.IS,1,0.49692607,0
2026-09-02,PGSUS.IS,1,0.49556142,0
2026-09-02,SAHOL.IS,1,0.4697172,0
2026-09-02,SASA.IS,1,0.50566816,0
2026-09-02,SISE.IS,1,0.53520066,0
2026-09-02,TAVHL.IS,1,0.511513,0
2026-09-02,TCELL.IS,1,0.5328748,0
2026-09-02,THYAO.IS,1,0.4387217,-1
2026-09-02,TOASO.IS,1,0.5372748,0
2026-09-02,TTKOM.IS,1,0.5485891,1
2026-09-02,TUPRS.IS,1,0.5278844,0
2026-09-02,ULKER.IS,1,0.5046885,0
2026-09-02,YKBNK.IS,0,0.50763327,0
2026-09-03,AKBNK.IS,0,0.52101773,1
2026-09-03,ALARK.IS,1,0.46864948,-1
2026-09-03,ARCLK.IS,1,0.40004486,-1
2026-09-03,ASELS.IS,1,0.52461624,1
2026-09-03,ASTOR.IS,0,0.44687128,-1
2026-09-03,BIMAS.IS,1,0.4737789,-1
2026-09-03,EKGYO.IS,1,0.5040039,0
2026-09-03,ENKAI.IS,0,0.49825907,0
2026-09-03,EREGL.IS,1,0.52275395,1
2026-09-03,FROTO.IS,1,0.45132717,-1
2026-09-03,GARAN.IS,0,0.4937204,0
2026-09-03,ISCTR.IS,1,0.46600938,-1
2026-09-03,KCHOL.IS,1,0.47020596,-1
2026-09-03,KRDMD.IS,1,0.46273342,-1
2026-09-03,MGROS.IS,1,0.51373655,0
2026-09-03,PETKM.IS,1,0.49420804,0
2026-09-03,PGSUS.IS,1,0.45578986,-1
2026-09-03,SAHOL.IS,0,0.46184713,-1
2026-09-03,SASA.IS,1,0.48420408,0
2026-09-03,SISE.IS,1,0.52816653,1
2026-09-03,TAVHL.IS,1,0.49526405,0
2026-09-03,TCELL.IS,1,0.53463477,1
2026-09-03,THYAO.IS,0,0.47323227,-1
2026-09-03,TOASO.IS,1,0.5413886,1
2026-09-03,TTKOM.IS,1,0.5553076,1
2026-09-03,TUPRS.IS,1,0.49276137,0
2026-09-03,ULKER.IS,1,0.5135345,0
2026-09-03,YKBNK.IS,0,0.50289196,0
2026-09-04,AKBNK.IS,0,0.51150936,0
2026-09-04,ALARK.IS,1,0.49006423,0
2026-09-04,ARCLK.IS,1,0.37841853,-1
2026-09-04,ASELS.IS,0,0.49798304,0
2026-09-04,ASTOR.IS,0,0.46298376,-1
2026-09-04,BIMAS.IS,1,0.4650917,-1
2026-09-04,EKGYO.IS,1,0.5184886,0
2026-09-04,ENKAI.IS,1,0.49399614,0
2026-09-04,EREGL.IS,1,0.49094015,0
2026-09-04,FROTO.IS,1,0.42371097,-1
2026-09-04,GARAN.IS,0,0.47045216,-1
2026-09-04,ISCTR.IS,1,0.48725736,0
2026-09-04,KCHOL.IS,1,0.49614045,0
2026-09-04,KRDMD.IS,1,0.47828898,-1
2026-09-04,MGROS.IS,1,0.46553504,-1
2026-09-04,PETKM.IS,1,0.49283734,0
2026-09-04,PGSUS.IS,1,0.4596981,-1
2026-09-04,SAHOL.IS,0,0.4542396,-1
2026-09-04,SASA.IS,1,0.49669674,0
2026-09-04,SISE.IS,1,0.48684964,0
2026-09-04,TAVHL.IS,0,0.4873439,0
2026-09-04,TCELL.IS,1,0.5134485,0
2026-09-04,THYAO.IS,0,0.42472598,-1
2026-09-04,TOASO.IS,1,0.47151467,-1
2026-09-04,TTKOM.IS,1,0.51038206,0
2026-09-04,TUPRS.IS,1,0.4832065,0
2026-09-04,ULKER.IS,1,0.47604588,-1
2026-09-04,YKBNK.IS,0,0.50990087,0
2026-09-07,AKBNK.IS,0,0.52254045,1
2026-09-07,ALARK.IS,0,0.5227991,1
2026-09-07,ARCLK.IS,1,0.3827997,-1
2026-09-07,ASELS.IS,0,0.5140461,0
2026-09-07,ASTOR.IS,0,0.47315225,-1
2026-09-07,BIMAS.IS,1,0.45468524,-1
2026-09-07,EKGYO.IS,1,0.53783685,1
2026-09-07,ENKAI.IS,0,0.5132057,0
2026-09-07,EREGL.IS,1,0.5086786,0
2026-09-07,FROTO.IS,1,0.4087562,-1
2026-09-07,GARAN.IS,0,0.4545118,-1
2026-09-07,ISCTR.IS,1,0.45937902,-1
2026-09-07,KCHOL.IS,1,0.5212061,1
2026-09-07,KRDMD.IS,1,0.5099327,0
2026-09-07,MGROS.IS,1,0.48636547,0
2026-09-07,PETKM.IS,1,0.49827883,0
2026-09-07,PGSUS.IS,1,0.43081516,-1
2026-09-07,SAHOL.IS,1,0.44804832,-1
2026-09-07,SISE.IS,1,0.45435858,-1
2026-09-07,TAVHL.IS,0,0.49037308,0
2026-09-07,TCELL.IS,1,0.50873387,0
2026-09-07,THYAO.IS,0,0.4313431,-1
2026-09-07,TOASO.IS,0,0.45312524,-1
2026-09-07,TTKOM.IS,1,0.5079545,0
2026-09-07,TUPRS.IS,1,0.49102488,0
2026-09-07,ULKER.IS,1,0.49727437,0
2026-09-07,YKBNK.IS,1,0.5174369,0
2026-09-08,AKBNK.IS,0,0.52536213,1
2026-09-08,ALARK.IS,0,0.5165698,0
2026-09-08,ARCLK.IS,0,0.4159885,-1
2026-09-08,ASELS.IS,1,0.4931718,0
2026-09-08,ASTOR.IS,0,0.45726416,-1
2026-09-08,BIMAS.IS,1,0.47913936,-1
2026-09-08,EKGYO.IS,1,0.52519786,1
2026-09-08,ENKAI.IS,0,0.50951934,0
2026-09-08,EREGL.IS,0,0.49592587,0
2026-09-08,FROTO.IS,0,0.42221126,-1
2026-09-08,GARAN.IS,0,0.47933358,-1
2026-09-08,ISCTR.IS,0,0.48769444,0
2026-09-08,KCHOL.IS,1,0.5144374,0
2026-09-08,KRDMD.IS,0,0.51747483,0
2026-09-08,MGROS.IS,0,0.5345652,1
2026-09-08,PETKM.IS,0,0.49290395,0
2026-09-08,PGSUS.IS,1,0.4645868,-1
2026-09-08,SAHOL.IS,0,0.4949468,0
2026-09-08,SISE.IS,0,0.45685914,-1
2026-09-08,TAVHL.IS,0,0.48670217,0
2026-09-08,TCELL.IS,1,0.508063,0
2026-09-08,THYAO.IS,0,0.46525028,-1
2026-09-08,TOASO.IS,1,0.4880129,0
2026-09-08,TTKOM.IS,1,0.4931201,0
2026-09-08,TUPRS.IS,1,0.49164855,0
2026-09-08,ULKER.IS,0,0.46704692,-1
2026-09-08,YKBNK.IS,0,0.51758116,0
2026-09-09,AKBNK.IS,0,0.46106443,-1
2026-09-09,ALARK.IS,0,0.5018219,0
2026-09-09,ARCLK.IS,1,0.4065835,-1
2026-09-09,ASELS.IS,0,0.49310863,0
2026-09-09,ASTOR.IS,0,0.45494524,-1
2026-09-09,BIMAS.IS,1,0.489456,0
2026-09-09,EKGYO.IS,0,0.47483754,-1
2026-09-09,ENKAI.IS,1,0.4941192,0
2026-09-09,EREGL.IS,0,0.46014142,-1
2026-09-09,FROTO.IS,0,0.45349917,-1
2026-09-09,GARAN.IS,0,0.48708126,0
2026-09-09,ISCTR.IS,0,0.45813173,-1
2026-09-09,KCHOL.IS,1,0.495057,0
2026-09-09,KRDMD.IS,0,0.47977155,-1
2026-09-09,MGROS.IS,1,0.5011959,0
2026-09-09,PETKM.IS,0,0.4672228,-1
2026-09-09,PGSUS.IS,1,0.44965407,-1
2026-09-09,SAHOL.IS,0,0.47365713,-1
2026-09-09,SISE.IS,0,0.4387889,-1
2026-09-09,TAVHL.IS,1,0.47454527,-1
2026-09-09,TCELL.IS,1,0.4872053,0
2026-09-09,THYAO.IS,1,0.41796094,-1
2026-09-09,TOASO.IS,1,0.4872808,0
2026-09-09,TTKOM.IS,0,0.5027309,0
2026-09-09,TUPRS.IS,1,0.43104702,-1
2026-09-09,ULKER.IS,0,0.46648026,-1
2026-09-09,YKBNK.IS,0,0.4634479,-1
