Date,Open,High,Low,Close,Volume
2021-09-17,5.579999923706055,5.590000152587891,5.489999771118164,5.550000190734863,44558226
2021-09-20,5.480000019073486,5.489999771118164,5.340000152587891,5.349999904632568,55313553
2021-09-21,5.400000095367432,5.429999828338623,5.340000152587891,5.380000114440918,53444737
2021-09-22,5.409999847412109,5.480000019073486,5.360000133514404,5.480000019073486,51763888
2021-09-23,5.489999771118164,5.539999961853027,5.28000020980835,5.300000190734863,144838058
2021-09-24,5.260000228881836,5.260000228881836,5.099999904632568,5.139999866485596,110507439
2021-09-27,5.190000057220459,5.199999809265137,5.119999885559082,5.190000057220459,57426382
2021-09-28,5.199999809265137,5.199999809265137,5.119999885559082,5.170000076293945,65235176
2021-09-29,5.210000038146973,5.269999980926514,5.170000076293945,5.239999771118164,96418601
2021-09-30,5.260000228881836,5.360000133514404,5.179999828338623,5.329999923706055,142817527
2021-10-01,5.28000020980835,5.349999904632568,5.269999980926514,5.300000190734863,57970442
2021-10-04,5.320000171661377,5.340000152587891,5.28000020980835,5.28000020980835,75918221
2021-10-05,5.289999961853027,5.300000190734863,5.25,5.269999980926514,38405564
2021-10-06,5.260000228881836,5.269999980926514,5.190000057220459,5.21999979019165,60571243
2021-10-07,5.28000020980835,5.309999942779541,5.260000228881836,5.28000020980835,82618566
2021-10-08,5.289999961853027,5.320000171661377,5.25,5.260000228881836,82177027
2021-10-11,5.28000020980835,5.360000133514404,5.269999980926514,5.320000171661377,65426338
2021-10-12,5.289999961853027,5.360000133514404,5.28000020980835,5.309999942779541,80628129
2021-10-13,5.340000152587891,5.349999904632568,5.230000019073486,5.25,83160348
2021-10-14,5.239999771118164,5.28000020980835,5.210000038146973,5.25,50738067
2021-10-15,5.269999980926514,5.269999980926514,5.090000152587891,5.139999866485596,93688964
2021-10-18,5.139999866485596,5.150000095367432,5.070000171661377,5.079999923706055,89035160
2021-10-19,5.110000133514404,5.239999771118164,5.110000133514404,5.230000019073486,96837740
2021-10-20,5.230000019073486,5.309999942779541,5.210000038146973,5.300000190734863,80987360
2021-10-21,5.300000190734863,5.389999866485596,5.110000133514404,5.320000171661377,152758302
2021-10-22,5.309999942779541,5.489999771118164,5.300000190734863,5.449999809265137,127324802
2021-10-25,5.409999847412109,5.570000171661377,5.400000095367432,5.539999961853027,152444701
2021-10-26,5.579999923706055,5.619999885559082,5.559999942779541,5.579999923706055,91973826
2021-10-27,5.599999904632568,5.809999942779541,5.579999923706055,5.78000020980835,200007325
2021-10-28,5.78000020980835,5.900000095367432,5.75,5.860000133514404,64075060
2021-11-01,5.900000095367432,5.989999771118164,5.860000133514404,5.949999809265137,118833867
2021-11-02,5.96999979019165,6.110000133514404,5.960000038146973,6.070000171661377,141654912
2021-11-03,6.059999942779541,6.21999979019165,5.900000095367432,6.199999809265137,150783476
2021-11-04,6.300000190734863,6.380000114440918,6.230000019073486,6.320000171661377,134145679
2021-11-05,6.329999923706055,6.349999904632568,6.210000038146973,6.329999923706055,122398297
2021-11-08,6.340000152587891,6.369999885559082,6.28000020980835,6.369999885559082,96170826
2021-11-09,6.369999885559082,6.440000057220459,6.289999961853027,6.300000190734863,120695825
2021-11-10,6.300000190734863,6.429999828338623,6.269999980926514,6.400000095367432,142729245
2021-11-11,6.369999885559082,6.400000095367432,6.28000020980835,6.300000190734863,99050441
2021-11-12,6.329999923706055,6.400000095367432,6.320000171661377,6.340000152587891,72577034
2021-11-15,6.849999904632568,6.96999979019165,6.75,6.96999979019165,174071198
2021-11-16,7.659999847412109,7.659999847412109,6.96999979019165,7.03000020980835,393995693
2021-11-17,7.0,7.210000038146973,6.96999979019165,7.110000133514404,113367436
2021-11-18,7.119999885559082,7.659999847412109,7.03000020980835,7.25,408721430
2021-11-19,7.309999942779541,7.349999904632568,7.170000076293945,7.230000019073486,112590112
2021-11-22,7.300000190734863,7.329999923706055,7.170000076293945,7.190000057220459,86075265
2021-11-23,7.170000076293945,7.230000019073486,6.820000171661377,6.900000095367432,291014756
2021-11-24,6.949999809265137,7.090000152587891,6.909999847412109,6.980000019073486,363469148
2021-11-25,7.0,7.010000228881836,6.829999923706055,6.840000152587891,168362967
2021-11-26,6.769999980926514,6.769999980926514,6.5,6.610000133514404,159358876
2021-11-29,6.619999885559082,6.679999828338623,6.5,6.599999904632568,127200083
2021-11-30,6.550000190734863,6.610000133514404,6.480000019073486,6.519999980926514,209301216
2021-12-01,6.590000152587891,6.789999961853027,6.570000171661377,6.730000019073486,162163561
2021-12-02,6.75,6.849999904632568,6.739999771118164,6.809999942779541,109060822
2021-12-03,6.849999904632568,6.920000076293945,6.800000190734863,6.880000114440918,136373993
2021-12-06,6.900000095367432,7.199999809265137,6.880000114440918,7.190000057220459,131559340
2021-12-07,7.269999980926514,7.300000190734863,7.090000152587891,7.210000038146973,187657853
2021-12-08,7.260000228881836,7.460000038146973,7.239999771118164,7.409999847412109,209192363
2021-12-09,7.440000057220459,7.570000171661377,7.369999885559082,7.420000076293945,167332237
2021-12-10,7.400000095367432,7.400000095367432,7.139999866485596,7.269999980926514,159598791
2021-12-13,7.269999980926514,7.610000133514404,7.199999809265137,7.510000228881836,185683661
2021-12-14,7.539999961853027,8.029999732971191,7.539999961853027,7.909999847412109,237433520
2021-12-15,8.050000190734863,8.15999984741211,7.829999923706055,7.869999885559082,170927211
2021-12-16,8.0,8.220000267028809,7.960000038146973,8.220000267028809,255865289
2021-12-17,8.329999923706055,8.739999771118164,7.400000095367432,7.400000095367432,449895318
2021-12-20,7.0,7.860000133514404,6.809999942779541,7.329999923706055,234594065
2021-12-21,8.0600004196167,8.0600004196167,7.190000057220459,7.25,261765372
2021-12-22,7.25,7.639999866485596,7.190000057220459,7.590000152587891,168090630
2021-12-23,7.739999771118164,7.800000190734863,7.400000095367432,7.619999885559082,139365923
2021-12-24,7.639999866485596,7.679999828338623,7.559999942779541,7.619999885559082,67609854
2021-12-27,7.619999885559082,7.860000133514404,7.619999885559082,7.829999923706055,119223114
2021-12-28,7.789999961853027,7.789999961853027,7.360000133514404,7.360000133514404,90322870
2021-12-29,7.260000228881836,7.429999828338623,7.139999866485596,7.349999904632568,113406667
2021-12-30,7.369999885559082,7.519999980926514,7.340000152587891,7.340000152587891,97992400
2021-12-31,7.349999904632568,7.429999828338623,7.130000114440918,7.199999809265137,51493549
2022-01-03,7.199999809265137,7.369999885559082,7.179999828338623,7.329999923706055,94514821
2022-01-04,7.329999923706055,7.440000057220459,7.170000076293945,7.269999980926514,121714202
2022-01-05,7.269999980926514,7.349999904632568,7.210000038146973,7.340000152587891,83950950
2022-01-06,7.28000020980835,7.400000095367432,7.25,7.320000171661377,115505011
2022-01-07,7.349999904632568,7.619999885559082,7.349999904632568,7.619999885559082,151522796
2022-01-10,7.71999979019165,7.809999942779541,7.579999923706055,7.579999923706055,104575255
2022-01-11,7.639999866485596,7.739999771118164,7.489999771118164,7.610000133514404,176004201
2022-01-12,7.679999828338623,7.699999809265137,7.610000133514404,7.630000114440918,144694957
2022-01-13,7.630000114440918,7.679999828338623,7.550000190734863,7.559999942779541,179560357
2022-01-14,7.570000171661377,7.579999923706055,7.460000038146973,7.510000228881836,136876364
2022-01-17,7.659999847412109,7.769999980926514,7.579999923706055,7.75,361919287
2022-01-18,7.739999771118164,7.869999885559082,7.400000095367432,7.409999847412109,269355957
2022-01-19,7.46999979019165,7.880000114440918,7.429999828338623,7.880000114440918,229385818
2022-01-20,7.949999809265137,8.029999732971191,7.630000114440918,7.840000152587891,285889396
2022-01-21,7.809999942779541,7.940000057220459,7.730000019073486,7.920000076293945,137583877
2022-01-24,7.900000095367432,8.0,7.570000171661377,7.579999923706055,177742629
2022-01-25,7.670000076293945,7.760000228881836,7.550000190734863,7.699999809265137,84985361
2022-01-26,7.739999771118164,7.829999923706055,7.690000057220459,7.699999809265137,68170806
2022-01-27,7.599999904632568,7.78000020980835,7.559999942779541,7.760000228881836,97453965
2022-01-28,7.789999961853027,7.900000095367432,7.71999979019165,7.730000019073486,141337844
2022-01-31,7.820000171661377,8.039999961853027,7.800000190734863,8.039999961853027,160333213
2022-02-01,8.09000015258789,8.130000114440918,7.96999979019165,8.0,112835063
2022-02-02,8.109999656677246,8.180000305175781,8.069999694824219,8.119999885559082,232297310
2022-02-03,8.039999961853027,8.119999885559082,7.769999980926514,7.769999980926514,123197374
2022-02-04,7.840000152587891,7.920000076293945,7.75,7.809999942779541,78419045
2022-02-07,7.789999961853027,7.869999885559082,7.539999961853027,7.840000152587891,151808762
2022-02-08,7.860000133514404,8.029999732971191,7.800000190734863,7.920000076293945,135203536
2022-02-09,7.96999979019165,8.130000114440918,7.949999809265137,8.130000114440918,115714281
2022-02-10,8.140000343322754,8.180000305175781,8.0,8.039999961853027,105973396
2022-02-11,7.989999771118164,8.119999885559082,7.840000152587891,8.119999885559082,112722372
2022-02-14,7.980000019073486,8.050000190734863,7.78000020980835,7.980000019073486,110933367
2022-02-15,8.0,8.140000343322754,7.929999828338623,8.079999923706055,91902431
2022-02-16,8.09000015258789,8.130000114440918,7.940000057220459,7.940000057220459,49886303
2022-02-17,7.980000019073486,8.0600004196167,7.840000152587891,7.840000152587891,92974315
2022-02-18,7.909999847412109,7.949999809265137,7.849999904632568,7.949999809265137,60183916
2022-02-21,8.039999961853027,8.09000015258789,7.849999904632568,7.920000076293945,86841045
2022-02-22,7.769999980926514,7.929999828338623,7.71999979019165,7.889999866485596,97664226
2022-02-23,7.920000076293945,7.929999828338623,7.760000228881836,7.760000228881836,47040489
2022-02-24,7.170000076293945,7.360000133514404,6.989999771118164,6.989999771118164,93053605
2022-02-25,7.179999828338623,7.25,6.949999809265137,7.170000076293945,155773568
2022-02-28,6.989999771118164,7.039999961853027,6.869999885559082,7.03000020980835,164353268
2022-03-01,7.090000152587891,7.340000152587891,7.0,7.039999961853027,212341953
2022-03-02,7.039999961853027,7.150000095367432,7.019999980926514,7.070000171661377,104159123
2022-03-03,7.139999866485596,7.199999809265137,7.079999923706055,7.139999866485596,79912395
2022-03-04,7.099999904632568,7.119999885559082,7.019999980926514,7.019999980926514,75782608
2022-03-07,6.96999979019165,7.03000020980835,6.869999885559082,6.929999828338623,79921712
2022-03-08,6.889999866485596,6.989999771118164,6.860000133514404,6.900000095367432,90462040
2022-03-09,6.960000038146973,7.139999866485596,6.949999809265137,7.099999904632568,87365885
2022-03-10,7.210000038146973,7.239999771118164,7.0,7.0,128621925
2022-03-11,7.110000133514404,7.170000076293945,7.039999961853027,7.090000152587891,98955479
2022-03-14,7.099999904632568,7.190000057220459,7.079999923706055,7.159999847412109,107920596
2022-03-15,7.139999866485596,7.210000038146973,7.099999904632568,7.170000076293945,159193701
2022-03-16,7.210000038146973,7.289999961853027,7.159999847412109,7.239999771118164,134444830
2022-03-17,7.289999961853027,7.460000038146973,7.28000020980835,7.400000095367432,134147613
2022-03-18,7.409999847412109,7.440000057220459,7.309999942779541,7.400000095367432,68710246
2022-03-21,7.440000057220459,7.559999942779541,7.409999847412109,7.510000228881836,63614163
2022-03-22,7.510000228881836,7.619999885559082,7.489999771118164,7.599999904632568,102167007
2022-03-23,7.630000114440918,7.659999847412109,7.53000020980835,7.579999923706055,113663377
2022-03-24,7.599999904632568,7.630000114440918,7.409999847412109,7.420000076293945,106511448
2022-03-25,7.429999828338623,7.46999979019165,7.269999980926514,7.269999980926514,98154092
2022-03-28,7.28000020980835,7.320000171661377,7.21999979019165,7.21999979019165,69997174
2022-03-29,7.260000228881836,7.360000133514404,7.239999771118164,7.340000152587891,128703834
2022-03-30,7.170000076293945,7.320000171661377,7.159999847412109,7.309999942779541,161854829
2022-03-31,7.329999923706055,7.360000133514404,7.199999809265137,7.260000228881836,135836035
2022-04-01,7.329999923706055,7.380000114440918,7.230000019073486,7.309999942779541,297771016
2022-04-04,7.349999904632568,7.739999771118164,7.320000171661377,7.71999979019165,360112135
2022-04-05,7.769999980926514,7.889999866485596,7.639999866485596,7.679999828338623,259379157
2022-04-06,7.699999809265137,7.789999961853027,7.619999885559082,7.690000057220459,173424661
2022-04-07,7.75,8.039999961853027,7.75,8.039999961853027,216168540
2022-04-08,8.119999885559082,8.5,8.119999885559082,8.5,257616417
2022-04-11,8.640000343322754,9.149999618530273,8.619999885559082,9.149999618530273,320239351
2022-04-12,9.119999885559082,9.25,8.850000381469727,9.109999656677246,365032939
2022-04-13,9.25,9.270000457763672,8.930000305175781,8.989999771118164,240843754
2022-04-14,9.09000015258789,9.270000457763672,9.029999732971191,9.239999771118164,235041149
2022-04-15,9.25,9.449999809265137,9.180000305175781,9.399999618530273,125545467
2022-04-18,9.399999618530273,9.609999656677246,9.329999923706055,9.539999961853027,194080637
2022-04-19,9.59000015258789,9.649999618530273,9.279999732971191,9.380000114440918,216521117
2022-04-20,9.420000076293945,9.520000457763672,9.319999694824219,9.470000267028809,138963874
2022-04-21,9.489999771118164,9.59000015258789,9.479999542236328,9.529999732971191,139721344
2022-04-22,9.5,9.5600004196167,9.109999656677246,9.140000343322754,165883544
2022-04-25,9.270000457763672,9.449999809265137,9.15999984741211,9.359999656677246,226878639
2022-04-26,9.399999618530273,9.420000076293945,8.979999542236328,9.029999732971191,181221973
2022-04-27,9.069999694824219,9.180000305175781,8.949999809265137,9.149999618530273,168630857
2022-04-28,9.229999542236328,9.289999961853027,8.960000038146973,8.970000267028809,189639340
2022-04-29,9.010000228881836,9.09000015258789,8.800000190734863,8.920000076293945,170667131
2022-05-05,9.039999961853027,9.079999923706055,8.779999732971191,8.779999732971191,178224317
2022-05-06,8.699999809265137,8.829999923706055,8.649999618530273,8.720000267028809,184862814
2022-05-09,8.710000038146973,8.720000267028809,8.550000190734863,8.65999984741211,168754155
2022-05-10,8.699999809265137,8.75,8.649999618530273,8.720000267028809,35795733
2022-05-11,8.680000305175781,8.6899995803833,8.369999885559082,8.470000267028809,125765327
2022-05-12,8.40999984741211,8.4399995803833,8.100000381469727,8.270000457763672,167848753
2022-05-13,8.319999694824219,8.34000015258789,8.210000038146973,8.25,90389123
2022-05-16,8.25,8.25,7.949999809265137,7.96999979019165,110331230
2022-05-17,8.0,8.010000228881836,7.78000020980835,7.849999904632568,170796240
2022-05-18,7.840000152587891,8.199999809265137,7.789999961853027,8.109999656677246,192717592
2022-05-20,8.0600004196167,8.25,8.010000228881836,8.039999961853027,207454392
2022-05-23,8.09000015258789,8.170000076293945,7.980000019073486,8.15999984741211,151701326
2022-05-24,8.199999809265137,8.210000038146973,8.039999961853027,8.0600004196167,106448920
2022-05-25,8.079999923706055,8.220000267028809,7.940000057220459,8.170000076293945,153301031
2022-05-26,8.1899995803833,8.25,8.109999656677246,8.1899995803833,111532105
2022-05-27,8.1899995803833,8.229999542236328,8.029999732971191,8.0600004196167,160000957
2022-05-30,8.109999656677246,8.3100004196167,8.109999656677246,8.229999542236328,161825185
2022-05-31,8.25,8.380000114440918,8.229999542236328,8.359999656677246,185464171
2022-06-01,8.380000114440918,8.5600004196167,8.369999885559082,8.460000038146973,188818733
2022-06-02,8.479999542236328,8.850000381469727,8.460000038146973,8.829999923706055,317244687
2022-06-03,8.829999923706055,8.84000015258789,8.640000343322754,8.760000228881836,161865543
2022-06-06,8.800000190734863,9.130000114440918,8.789999961853027,9.100000381469727,459839593
2022-06-07,9.079999923706055,9.079999923706055,8.8100004196167,8.869999885559082,151526907
2022-06-08,8.90999984741211,8.949999809265137,8.270000457763672,8.270000457763672,189772559
2022-06-09,8.25,8.399999618530273,8.180000305175781,8.369999885559082,126506877
2022-06-10,8.25,8.729999542236328,8.239999771118164,8.520000457763672,216877641
2022-06-13,8.479999542236328,8.6899995803833,8.460000038146973,8.479999542236328,121995833
2022-06-14,8.550000190734863,8.569999694824219,8.369999885559082,8.430000305175781,90851858
2022-06-15,8.430000305175781,8.6899995803833,8.350000381469727,8.65999984741211,131201730
2022-06-16,8.65999984741211,8.699999809265137,8.40999984741211,8.470000267028809,99752058
2022-06-17,8.460000038146973,9.100000381469727,8.460000038146973,9.100000381469727,224347353
2022-06-20,9.079999923706055,9.109999656677246,8.890000343322754,9.050000190734863,125580397
2022-06-21,9.09000015258789,9.300000190734863,9.079999923706055,9.130000114440918,149857458
2022-06-22,9.079999923706055,9.220000267028809,9.010000228881836,9.09000015258789,141665666
2022-06-23,9.079999923706055,9.140000343322754,8.779999732971191,8.819999694824219,146854296
2022-06-24,8.869999885559082,8.899999618530273,8.6899995803833,8.770000457763672,101213314
2022-06-27,8.59000015258789,8.59000015258789,8.59000015258789,8.59000015258789,2192235
2022-06-28,8.550000190734863,8.630000114440918,8.270000457763672,8.3100004196167,143778340
2022-06-29,8.300000190734863,8.380000114440918,8.020000457763672,8.020000457763672,145541973
2022-06-30,7.929999828338623,8.130000114440918,7.920000076293945,8.020000457763672,119266966
2022-07-01,8.020000457763672,8.239999771118164,7.980000019073486,8.15999984741211,71055459
2022-07-04,8.229999542236328,8.260000228881836,7.920000076293945,7.949999809265137,57735709
2022-07-05,7.960000038146973,8.09000015258789,7.78000020980835,7.800000190734863,89695917
2022-07-06,7.880000114440918,7.929999828338623,7.739999771118164,7.909999847412109,95052100
2022-07-07,7.949999809265137,8.149999618530273,7.929999828338623,8.0600004196167,83903050
2022-07-08,8.069999694824219,8.119999885559082,8.029999732971191,8.09000015258789,19931491
2022-07-13,8.109999656677246,8.109999656677246,7.860000133514404,7.960000038146973,61904761
2022-07-14,7.949999809265137,8.010000228881836,7.820000171661377,7.909999847412109,64265076
2022-07-18,8.029999732971191,8.289999961853027,8.029999732971191,8.270000457763672,87714847
2022-07-19,8.239999771118164,8.539999961853027,8.180000305175781,8.5,106346801
2022-07-20,8.539999961853027,8.569999694824219,8.399999618530273,8.5600004196167,109726652
2022-07-21,8.579999923706055,8.670000076293945,8.479999542236328,8.579999923706055,85802698
2022-07-22,8.619999885559082,8.710000038146973,8.59000015258789,8.640000343322754,59791572
2022-07-25,8.640000343322754,9.010000228881836,8.640000343322754,8.949999809265137,117580106
2022-07-26,9.0,9.039999961853027,8.649999618530273,8.710000038146973,120641742
2022-07-27,8.800000190734863,8.869999885559082,8.6899995803833,8.829999923706055,90088966
2022-07-28,8.859999656677246,8.880000114440918,8.479999542236328,8.510000228881836,159099532
2022-07-29,8.529999732971191,8.65999984741211,8.430000305175781,8.630000114440918,134148977
2022-08-01,8.640000343322754,8.890000343322754,8.630000114440918,8.850000381469727,122757375
2022-08-02,8.850000381469727,8.920000076293945,8.770000457763672,8.789999961853027,106381208
2022-08-03,8.819999694824219,8.90999984741211,8.710000038146973,8.890000343322754,98269396
2022-08-04,8.970000267028809,9.119999885559082,8.949999809265137,9.109999656677246,141220028
2022-08-05,9.130000114440918,9.619999885559082,9.069999694824219,9.369999885559082,277626977
2022-08-08,9.420000076293945,9.470000267028809,9.180000305175781,9.279999732971191,172762080
2022-08-09,9.279999732971191,9.5600004196167,9.1899995803833,9.479999542236328,165134505
2022-08-10,9.489999771118164,9.850000381469727,9.460000038146973,9.800000190734863,226533294
2022-08-11,9.899999618530273,10.210000038146973,9.829999923706055,10.069999694824219,339964063
2022-08-12,10.079999923706055,10.390000343322754,9.890000343322754,10.0,244899840
2022-08-15,10.109999656677246,10.329999923706055,9.960000038146973,10.220000267028809,183479528
2022-08-16,10.319999694824219,10.649999618530273,9.869999885559082,10.579999923706055,273796452
2022-08-17,10.65999984741211,11.380000114440918,10.5,11.3100004196167,481702489
2022-08-18,11.279999732971191,11.600000381469727,10.789999961853027,11.039999961853027,381002519
2022-08-19,11.050000190734863,11.15999984741211,10.550000190734863,10.600000381469727,236474360
2022-08-22,10.5,10.890000343322754,10.329999923706055,10.760000228881836,318682682
2022-08-23,10.819999694824219,11.600000381469727,10.75,11.479999542236328,497489472
2022-08-24,11.550000190734863,11.680000305175781,11.029999732971191,11.069999694824219,331114633
2022-08-25,11.180000305175781,12.15999984741211,11.069999694824219,11.979999542236328,454491050
2022-08-26,12.010000228881836,12.800000190734863,11.890000343322754,11.979999542236328,700503627
2022-08-29,12.029999732971191,12.229999542236328,11.640000343322754,11.890000343322754,251885158
2022-08-31,11.90999984741211,12.199999809265137,11.649999618530273,11.720000267028809,304096832
2022-09-01,11.739999771118164,12.25,11.5,11.850000381469727,440172559
2022-09-02,12.100000381469727,13.029999732971191,11.90999984741211,13.029999732971191,434411274
2022-09-05,13.5,14.329999923706055,13.020000457763672,14.1899995803833,499673234
2022-09-06,14.5,15.600000381469727,14.300000190734863,15.569999694824219,512307492
2022-09-07,15.569999694824219,16.059999465942383,14.869999885559082,15.6899995803833,516399862
2022-09-08,16.100000381469727,16.229999542236328,15.039999961853027,15.149999618530273,932824945
2022-09-09,15.25,16.280000686645508,15.09000015258789,15.920000076293945,988525278
2022-09-12,16.459999084472656,17.510000228881836,16.0,17.510000228881836,700107192
2022-09-13,17.950000762939453,19.139999389648438,15.760000228881836,15.760000228881836,794925474
2022-09-14,15.550000190734863,15.630000114440918,14.1899995803833,14.1899995803833,238222865
2022-09-15,14.25,14.720000267028809,12.779999732971191,12.779999732971191,245851404
2022-09-16,12.020000457763672,12.5600004196167,11.720000267028809,12.1899995803833,619918664
2022-09-19,12.260000228881836,12.319999694824219,11.0600004196167,11.0600004196167,386559482
2022-09-20,11.399999618530273,11.880000114440918,10.949999809265137,11.880000114440918,286853919
2022-09-21,11.819999694824219,12.079999923706055,11.520000457763672,11.520000457763672,173237170
2022-09-22,11.600000381469727,11.989999771118164,11.369999885559082,11.619999885559082,223342103
2022-09-23,11.619999885559082,11.729999542236328,11.25,11.279999732971191,130620157
2022-09-26,11.199999809265137,11.359999656677246,10.729999542236328,11.350000381469727,167707342
2022-09-27,11.420000076293945,12.34000015258789,11.319999694824219,11.819999694824219,216355871
2022-09-28,11.739999771118164,12.050000190734863,11.420000076293945,11.420000076293945,194449965
2022-09-29,11.529999732971191,11.729999542236328,10.960000038146973,11.260000228881836,173041320
2022-09-30,11.279999732971191,11.539999961853027,11.09000015258789,11.289999961853027,140480281
2022-10-03,11.350000381469727,12.40999984741211,11.289999961853027,12.40999984741211,174172001
2022-10-04,12.850000381469727,13.130000114440918,12.350000381469727,12.380000114440918,313101245
2022-10-05,12.5,12.520000457763672,12.039999961853027,12.369999885559082,182098868
2022-10-06,12.539999961853027,12.90999984741211,12.449999809265137,12.899999618530273,198534900
2022-10-07,12.899999618530273,13.050000190734863,12.670000076293945,12.859999656677246,162789566
2022-10-10,12.890000343322754,13.039999961853027,12.729999542236328,12.789999961853027,131196257
2022-10-11,12.859999656677246,13.229999542236328,12.739999771118164,13.0600004196167,244322831
2022-10-12,13.0600004196167,13.119999885559082,12.819999694824219,12.930000305175781,166625154
2022-10-13,12.9399995803833,13.079999923706055,12.819999694824219,13.010000228881836,200445586
2022-10-14,13.399999618530273,13.630000114440918,13.3100004196167,13.5,208453747
2022-10-17,13.600000381469727,14.850000381469727,13.600000381469727,14.850000381469727,106202500
2022-10-18,15.90999984741211,15.949999809265137,14.789999961853027,15.09000015258789,332294636
2022-10-19,15.220000267028809,15.899999618530273,14.9399995803833,15.710000038146973,372716155
2022-10-20,15.6899995803833,16.149999618530273,15.510000228881836,15.75,332866859
2022-10-21,15.779999732971191,15.899999618530273,15.520000457763672,15.550000190734863,157792867
2022-10-24,15.710000038146973,15.970000267028809,15.270000457763672,15.460000038146973,156267237
2022-10-25,15.5600004196167,15.890000343322754,15.40999984741211,15.520000457763672,227496847
2022-10-26,15.680000305175781,15.9399995803833,15.619999885559082,15.779999732971191,225597222
2022-10-27,15.699999809265137,15.739999771118164,15.170000076293945,15.229999542236328,239917551
2022-10-28,15.220000267028809,15.319999694824219,14.649999618530273,14.680000305175781,121296498
2022-10-31,14.789999961853027,14.829999923706055,14.199999809265137,14.619999885559082,239419576
2022-11-01,14.760000228881836,15.210000038146973,14.489999771118164,14.550000190734863,211681497
2022-11-02,14.579999923706055,14.720000267028809,14.390000343322754,14.449999809265137,156588495
2022-11-03,14.420000076293945,14.569999694824219,14.140000343322754,14.1899995803833,132025474
2022-11-04,14.319999694824219,14.699999809265137,14.149999618530273,14.569999694824219,174753889
2022-11-07,14.770000457763672,15.319999694824219,14.760000228881836,15.239999771118164,192680049
2022-11-08,15.289999961853027,15.59000015258789,14.979999542236328,15.210000038146973,201986838
2022-11-09,15.239999771118164,15.380000114440918,14.859999656677246,14.9399995803833,154904351
2022-11-10,14.949999809265137,15.529999732971191,14.9399995803833,15.430000305175781,188682288
2022-11-11,15.800000190734863,15.890000343322754,14.890000343322754,14.979999542236328,149972527
2022-11-14,15.039999961853027,15.229999542236328,14.899999618530273,15.229999542236328,164014762
2022-11-15,15.399999618530273,16.200000762939453,15.130000114440918,16.190000534057617,344700239
2022-11-16,16.25,17.489999771118164,15.960000038146973,16.670000076293945,407931462
2022-11-17,16.780000686645508,16.889999389648438,15.710000038146973,15.869999885559082,210950481
2022-11-18,15.649999618530273,16.3799991607666,15.640000343322754,16.25,185619645
2022-11-21,16.399999618530273,16.559999465942383,15.960000038146973,16.530000686645508,183439934
2022-11-22,16.75,17.06999969482422,16.3799991607666,16.969999313354492,250613064
2022-11-23,17.010000228881836,17.780000686645508,16.809999465942383,17.6299991607666,265039721
2022-11-24,17.75,17.8700008392334,17.049999237060547,17.200000762939453,282858724
2022-11-25,17.0,17.270000457763672,16.799999237060547,16.81999969482422,150982096
2022-11-28,16.93000030517578,17.700000762939453,16.8799991607666,17.489999771118164,189918332
2022-11-29,17.59000015258789,17.75,17.149999618530273,17.6200008392334,160236590
2022-11-30,17.700000762939453,17.8799991607666,17.309999465942383,17.309999465942383,211305964
2022-12-01,17.649999618530273,17.700000762939453,17.139999389648438,17.43000030517578,180876231
2022-12-02,17.440000534057617,17.489999771118164,16.649999618530273,16.860000610351562,132822767
2022-12-05,16.950000762939453,17.020000457763672,16.270000457763672,16.280000686645508,203224738
2022-12-06,16.360000610351562,16.59000015258789,16.09000015258789,16.229999542236328,271898082
2022-12-07,16.260000228881836,16.440000534057617,15.579999923706055,15.75,221098224
2022-12-08,15.760000228881836,16.299999237060547,15.5600004196167,16.200000762939453,195190270
2022-12-09,16.25,16.700000762939453,16.110000610351562,16.670000076293945,167745783
2022-12-12,16.670000076293945,17.700000762939453,16.440000534057617,17.559999465942383,292277315
2022-12-13,17.350000381469727,17.780000686645508,17.139999389648438,17.459999084472656,254504148
2022-12-14,17.540000915527344,18.270000457763672,16.899999618530273,17.290000915527344,364856828
2022-12-15,17.809999465942383,18.65999984741211,17.690000534057617,18.5,323169448
2022-12-16,18.65999984741211,19.0,18.65999984741211,18.770000457763672,73080982
2022-12-19,18.969999313354492,20.5,18.969999313354492,20.5,314036668
2022-12-20,20.5,20.5,19.479999542236328,20.0,243242290
2022-12-21,20.219999313354492,21.399999618530273,19.760000228881836,19.950000762939453,276352314
2022-12-22,20.239999771118164,20.5,19.59000015258789,19.850000381469727,196870961
2022-12-23,19.860000610351562,20.139999389648438,19.510000228881836,19.719999313354492,158386819
2022-12-26,20.020000457763672,20.299999237060547,19.84000015258789,19.920000076293945,122519583
2022-12-27,20.0,20.200000762939453,19.559999465942383,19.6299991607666,138334048
2022-12-28,19.649999618530273,19.729999542236328,18.790000915527344,19.1299991607666,144809015
2022-12-29,19.170000076293945,19.84000015258789,19.170000076293945,19.729999542236328,126876655
2022-12-30,19.8799991607666,20.079999923706055,19.510000228881836,19.549999237060547,137204309
2023-01-02,19.700000762939453,20.260000228881836,19.670000076293945,20.020000457763672,146707509
2023-01-03,20.200000762939453,20.260000228881836,19.540000915527344,19.579999923706055,167143625
2023-01-04,19.6299991607666,20.079999923706055,19.329999923706055,19.649999618530273,200222323
2023-01-05,19.889999389648438,19.959999084472656,18.899999618530273,19.06999969482422,206043002
2023-01-06,18.100000381469727,19.110000610351562,17.520000457763672,18.700000762939453,196879074
2023-01-09,18.899999618530273,18.93000030517578,17.5,17.809999465942383,164022143
2023-01-10,17.899999618530273,18.25,17.010000228881836,17.030000686645508,183185741
2023-01-11,17.059999465942383,17.399999618530273,16.100000381469727,16.100000381469727,188456919
2023-01-12,16.510000228881836,16.770000457763672,15.270000457763672,16.649999618530273,217774043
2023-01-13,16.600000381469727,16.969999313354492,16.260000228881836,16.549999237060547,138549057
2023-01-16,16.829999923706055,17.309999465942383,16.81999969482422,17.270000457763672,208493022
2023-01-17,17.299999237060547,17.780000686645508,17.079999923706055,17.520000457763672,202278413
2023-01-18,17.549999237060547,17.93000030517578,17.100000381469727,17.360000610351562,239337946
2023-01-19,17.309999465942383,17.850000381469727,17.200000762939453,17.59000015258789,206900775
2023-01-20,17.65999984741211,18.780000686645508,17.610000610351562,18.709999084472656,286389616
2023-01-23,19.149999618530273,19.719999313354492,18.329999923706055,18.56999969482422,326720804
2023-01-24,18.610000610351562,18.90999984741211,18.020000457763672,18.309999465942383,246304599
2023-01-25,18.469999313354492,18.600000381469727,17.010000228881836,17.739999771118164,256574489
2023-01-26,17.739999771118164,17.739999771118164,17.020000457763672,17.049999237060547,322416904
2023-01-27,16.860000610351562,17.010000228881836,16.030000686645508,16.649999618530273,262508754
2023-01-30,16.709999084472656,17.3700008392334,16.68000030517578,17.030000686645508,269241577
2023-01-31,17.030000686645508,17.5,16.68000030517578,16.979999542236328,276185058
2023-02-01,17.209999084472656,17.299999237060547,15.550000190734863,15.550000190734863,296326837
2023-02-02,15.569999694824219,16.010000228881836,14.350000381469727,15.0600004196167,447082547
2023-02-03,15.119999885559082,16.540000915527344,15.079999923706055,16.510000228881836,314770649
2023-02-06,16.020000457763672,16.5,15.510000228881836,16.200000762939453,50998223
2023-02-07,16.1299991607666,16.1299991607666,14.579999923706055,14.699999809265137,118983174
2023-02-08,13.699999809265137,13.699999809265137,13.699999809265137,13.699999809265137,1161
2023-02-15,15.5,16.170000076293945,15.260000228881836,16.170000076293945,60931391
2023-02-16,17.399999618530273,17.40999984741211,15.9399995803833,16.100000381469727,249659918
2023-02-17,15.920000076293945,16.469999313354492,15.819999694824219,15.989999771118164,128084961
2023-02-20,16.059999465942383,16.350000381469727,15.800000190734863,15.989999771118164,149402175
2023-02-21,15.9399995803833,16.25,15.800000190734863,15.899999618530273,136853525
2023-02-22,15.890000343322754,16.290000915527344,15.819999694824219,16.059999465942383,154468616
2023-02-23,16.09000015258789,16.56999969482422,15.9399995803833,16.110000610351562,215424022
2023-02-24,16.110000610351562,16.270000457763672,15.930000305175781,15.960000038146973,124308416
2023-02-27,16.299999237060547,17.549999237060547,16.110000610351562,17.31999969482422,221535410
2023-02-28,17.420000076293945,17.8700008392334,17.06999969482422,17.5,220605409
2023-03-01,17.5,17.889999389648438,17.389999389648438,17.610000610351562,164320004
2023-03-02,17.639999389648438,18.06999969482422,17.610000610351562,17.739999771118164,138619655
2023-03-03,17.719999313354492,17.8700008392334,16.850000381469727,17.40999984741211,201500586
2023-03-06,17.649999618530273,18.889999389648438,17.5,18.75,281361558
2023-03-07,18.93000030517578,19.549999237060547,18.59000015258789,18.6200008392334,246126701
2023-03-08,18.579999923706055,20.299999237060547,18.489999771118164,19.93000030517578,332905012
2023-03-09,19.770000457763672,20.440000534057617,18.790000915527344,19.809999465942383,348397741
2023-03-10,19.649999618530273,20.34000015258789,19.450000762939453,19.520000457763672,253186178
2023-03-13,19.530000686645508,19.600000381469727,18.600000381469727,18.700000762939453,163246039
2023-03-14,18.719999313354492,19.170000076293945,18.5,18.549999237060547,146100209
2023-03-15,18.6200008392334,18.850000381469727,18.25,18.600000381469727,225524402
2023-03-16,18.739999771118164,19.020000457763672,18.56999969482422,18.8799991607666,118113991
2023-03-17,19.030000686645508,19.219999313354492,18.209999084472656,18.209999084472656,127543134
2023-03-20,18.18000030517578,18.540000915527344,17.969999313354492,18.149999618530273,130333216
2023-03-21,18.200000762939453,18.290000915527344,17.510000228881836,17.59000015258789,139677775
2023-03-22,17.690000534057617,17.940000534057617,17.530000686645508,17.93000030517578,109092283
2023-03-23,17.84000015258789,18.329999923706055,17.829999923706055,18.309999465942383,96769594
2023-03-24,18.3700008392334,18.450000762939453,17.979999542236328,18.0,77000819
2023-03-27,18.149999618530273,18.649999618530273,17.979999542236328,18.350000381469727,83545407
2023-03-28,18.350000381469727,18.420000076293945,17.780000686645508,17.780000686645508,90296917
2023-03-29,17.75,18.719999313354492,17.729999542236328,18.649999618530273,130594787
2023-03-30,16.979999542236328,17.25,16.610000610351562,16.700000762939453,126043080
2023-03-31,16.489999771118164,16.979999542236328,16.200000762939453,16.940000534057617,127234782
2023-04-03,16.81999969482422,17.100000381469727,16.450000762939453,17.020000457763672,108137441
2023-04-04,17.010000228881836,17.389999389648438,16.93000030517578,17.360000610351562,97667386
2023-04-05,17.360000610351562,17.459999084472656,16.860000610351562,16.860000610351562,76794780
2023-04-06,16.8799991607666,17.020000457763672,16.6200008392334,16.649999618530273,54862684
2023-04-07,16.670000076293945,17.040000915527344,16.649999618530273,16.829999923706055,53132052
2023-04-10,16.899999618530273,17.389999389648438,16.899999618530273,17.270000457763672,75144923
2023-04-11,17.299999237060547,17.899999618530273,17.229999542236328,17.850000381469727,128299318
2023-04-12,17.860000610351562,18.489999771118164,17.739999771118164,18.290000915527344,153241733
2023-04-13,18.34000015258789,18.469999313354492,17.850000381469727,17.850000381469727,104560616
2023-04-14,17.8799991607666,18.170000076293945,17.530000686645508,17.56999969482422,87584827
2023-04-17,17.6299991607666,18.0,17.6299991607666,17.8799991607666,84508902
2023-04-18,17.889999389648438,18.209999084472656,17.84000015258789,17.969999313354492,72120261
2023-04-19,18.040000915527344,19.049999237060547,17.670000076293945,18.479999542236328,150043262
2023-04-20,18.0,18.149999618530273,17.610000610351562,17.700000762939453,65554354
2023-04-24,17.799999237060547,17.969999313354492,17.639999389648438,17.68000030517578,82019300
2023-04-25,17.700000762939453,17.770000457763672,17.200000762939453,17.25,79061956
2023-04-26,17.1200008392334,17.450000762939453,16.780000686645508,16.860000610351562,92463897
2023-04-27,16.969999313354492,17.110000610351562,16.65999984741211,17.0,126344468
2023-04-28,17.040000915527344,17.079999923706055,15.970000267028809,16.049999237060547,90224420
2023-05-02,16.09000015258789,16.34000015258789,15.600000381469727,15.670000076293945,85726980
2023-05-03,15.720000267028809,15.90999984741211,15.149999618530273,15.520000457763672,80014182
2023-05-04,15.5,15.850000381469727,15.289999961853027,15.539999961853027,58501546
2023-05-05,15.520000457763672,15.720000267028809,15.100000381469727,15.239999771118164,51255066
2023-05-08,15.399999618530273,16.6299991607666,15.25,16.489999771118164,93315379
2023-05-09,16.399999618530273,17.3799991607666,16.350000381469727,16.709999084472656,185607539
2023-05-10,16.700000762939453,17.190000534057617,16.649999618530273,16.809999465942383,129060499
2023-05-11,16.809999465942383,18.489999771118164,16.809999465942383,18.489999771118164,169163877
2023-05-12,19.229999542236328,19.760000228881836,18.829999923706055,19.290000915527344,220433901
2023-05-15,17.3700008392334,17.3700008392334,17.3700008392334,17.3700008392334,14298113
2023-05-16,15.640000343322754,16.15999984741211,15.640000343322754,15.770000457763672,370159232
2023-05-17,15.890000343322754,16.15999984741211,15.420000076293945,15.579999923706055,198445636
2023-05-18,15.609999656677246,15.739999771118164,14.970000267028809,14.979999542236328,169696694
2023-05-22,15.199999809265137,15.239999771118164,14.380000114440918,14.4399995803833,105634934
2023-05-23,14.460000038146973,14.6899995803833,14.369999885559082,14.399999618530273,109768860
2023-05-24,14.430000305175781,14.609999656677246,13.949999809265137,13.949999809265137,97671946
2023-05-25,14.029999732971191,14.489999771118164,14.010000228881836,14.300000190734863,106923387
2023-05-26,14.390000343322754,15.729999542236328,14.140000343322754,14.510000228881836,153944978
2023-05-29,14.59000015258789,15.15999984741211,14.15999984741211,14.890000343322754,166918671
2023-05-30,15.539999961853027,16.3700008392334,15.460000038146973,16.3700008392334,249191432
2023-05-31,16.299999237060547,16.770000457763672,15.800000190734863,15.800000190734863,296285144
2023-06-01,16.0,16.6299991607666,15.989999771118164,16.34000015258789,150579046
2023-06-02,17.5,17.790000915527344,17.139999389648438,17.549999237060547,233504521
2023-06-05,18.229999542236328,18.31999969482422,17.459999084472656,18.170000076293945,292462724
2023-06-06,18.020000457763672,18.209999084472656,17.770000457763672,18.040000915527344,218038927
2023-06-07,18.25,18.84000015258789,17.940000534057617,18.389999389648438,307507749
2023-06-08,18.3799991607666,18.969999313354492,18.239999771118164,18.649999618530273,232563259
2023-06-09,18.760000228881836,18.84000015258789,18.329999923706055,18.459999084472656,145465679
2023-06-12,18.610000610351562,18.709999084472656,18.06999969482422,18.079999923706055,130389545
2023-06-13,18.079999923706055,18.450000762939453,17.739999771118164,18.030000686645508,192891246
2023-06-14,18.100000381469727,18.920000076293945,17.969999313354492,18.3700008392334,277300427
2023-06-15,18.639999389648438,19.229999542236328,18.510000228881836,19.229999542236328,245301528
2023-06-16,19.25,19.40999984741211,18.799999237060547,18.889999389648438,236543483
2023-06-19,18.989999771118164,19.100000381469727,18.299999237060547,18.510000228881836,221616790
2023-06-20,18.510000228881836,19.229999542236328,18.389999389648438,19.040000915527344,214513795
2023-06-21,19.219999313354492,19.389999389648438,18.93000030517578,19.309999465942383,171878858
2023-06-22,19.299999237060547,19.549999237060547,18.600000381469727,19.190000534057617,439656074
2023-06-23,19.440000534057617,20.139999389648438,19.440000534057617,19.790000915527344,255233189
2023-06-26,20.540000915527344,20.780000686645508,20.239999771118164,20.420000076293945,168986593
2023-06-27,20.280000686645508,20.440000534057617,20.1200008392334,20.200000762939453,46844272
2023-07-03,20.440000534057617,20.760000228881836,20.239999771118164,20.700000762939453,137561972
2023-07-04,21.0,21.3799991607666,20.81999969482422,21.100000381469727,194345235
2023-07-05,21.18000030517578,21.18000030517578,20.219999313354492,20.860000610351562,166031493
2023-07-06,21.0,21.139999389648438,20.440000534057617,20.459999084472656,160266708
2023-07-07,20.399999618530273,20.760000228881836,20.219999313354492,20.260000228881836,110111389
2023-07-10,20.559999465942383,20.579999923706055,20.299999237060547,20.5,104255266
2023-07-11,20.920000076293945,22.15999984741211,20.459999084472656,21.8799991607666,286280268
2023-07-12,21.8799991607666,23.540000915527344,21.799999237060547,23.100000381469727,288852811
2023-07-13,23.34000015258789,24.520000457763672,23.200000762939453,24.440000534057617,217836768
2023-07-14,24.700000762939453,25.219999313354492,24.059999465942383,24.760000228881836,164042058
2023-07-17,24.959999084472656,26.0,24.3799991607666,25.31999969482422,126449786
2023-07-18,25.5,26.100000381469727,23.459999084472656,23.520000457763672,165510629
2023-07-19,23.600000381469727,25.020000457763672,23.579999923706055,25.020000457763672,125852786
2023-07-20,25.459999084472656,25.579999923706055,24.559999465942383,24.700000762939453,226861507
2023-07-21,24.559999465942383,24.719999313354492,23.899999618530273,23.959999084472656,90736785
2023-07-24,24.040000915527344,25.0,23.760000228881836,24.799999237060547,126252650
2023-07-25,25.0,25.559999465942383,24.459999084472656,24.899999618530273,186966200
2023-07-26,24.799999237060547,25.1200008392334,23.979999542236328,25.0,107395637
2023-07-27,25.260000228881836,26.5,24.84000015258789,26.440000534057617,219030092
2023-07-28,27.5,29.020000457763672,27.239999771118164,28.559999465942383,174829574
2023-07-31,28.899999618530273,29.260000228881836,27.600000381469727,27.940000534057617,196816660
2023-08-01,27.739999771118164,28.020000457763672,27.040000915527344,27.059999465942383,114947143
2023-08-02,27.059999465942383,28.559999465942383,26.600000381469727,28.040000915527344,202487390
2023-08-03,27.959999084472656,28.579999923706055,27.200000762939453,27.280000686645508,141295444
2023-08-04,27.440000534057617,28.420000076293945,27.200000762939453,28.299999237060547,131007707
2023-08-07,28.479999542236328,28.559999465942383,27.799999237060547,28.1200008392334,85319620
2023-08-08,28.139999389648438,28.899999618530273,27.81999969482422,28.15999984741211,140526936
2023-08-09,28.239999771118164,30.959999084472656,28.040000915527344,30.959999084472656,209195026
2023-08-10,31.399999618530273,33.619998931884766,30.0,30.65999984741211,355991785
2023-08-11,30.68000030517578,31.5,29.639999389648438,30.8799991607666,237474548
2023-08-14,31.200000762939453,32.2599983215332,30.040000915527344,30.200000762939453,160804218
2023-08-15,30.299999237060547,31.5,29.059999465942383,30.360000610351562,236386137
2023-08-16,30.3799991607666,30.639999389648438,29.719999313354492,29.780000686645508,130979033
2023-08-17,29.799999237060547,30.459999084472656,29.799999237060547,30.15999984741211,127804074
2023-08-18,30.299999237060547,30.540000915527344,27.959999084472656,28.65999984741211,121799926
2023-08-21,27.200000762939453,28.959999084472656,26.739999771118164,28.34000015258789,274594788
2023-08-22,28.780000686645508,28.860000610351562,27.1200008392334,27.5,141221085
2023-08-23,27.600000381469727,28.360000610351562,27.31999969482422,27.65999984741211,145323141
2023-08-24,27.799999237060547,30.420000076293945,27.780000686645508,30.420000076293945,403019400
2023-08-25,31.200000762939453,31.299999237060547,29.459999084472656,29.940000534057617,211337363
2023-08-28,30.3799991607666,30.8799991607666,29.719999313354492,29.799999237060547,172239520
2023-08-29,29.920000076293945,30.860000610351562,29.799999237060547,30.200000762939453,146569122
2023-08-31,30.399999618530273,30.559999465942383,28.780000686645508,28.780000686645508,114195329
2023-09-01,28.979999542236328,29.520000457763672,28.559999465942383,29.3799991607666,102033286
2023-09-04,29.8799991607666,30.84000015258789,29.520000457763672,30.219999313354492,132517471
2023-09-05,30.239999771118164,31.65999984741211,30.100000381469727,31.559999465942383,149713182
2023-09-06,31.739999771118164,32.400001525878906,30.959999084472656,31.399999618530273,126874355
2023-09-07,31.559999465942383,32.91999816894531,31.520000457763672,32.619998931884766,95659012
2023-09-08,32.79999923706055,33.36000061035156,32.2400016784668,32.29999923706055,97988515
2023-09-11,32.720001220703125,32.84000015258789,30.219999313354492,30.6200008392334,102977206
2023-09-12,30.639999389648438,30.719999313354492,29.559999465942383,29.6200008392334,139885024
2023-09-13,29.65999984741211,30.219999313354492,28.920000076293945,29.139999389648438,135099115
2023-09-14,29.059999465942383,29.15999984741211,28.15999984741211,28.799999237060547,121968127
2023-09-15,28.940000534057617,29.68000030517578,28.440000534057617,28.440000534057617,122175476
2023-09-18,28.440000534057617,28.979999542236328,28.200000762939453,28.540000915527344,92781296
2023-09-19,28.6200008392334,28.979999542236328,28.020000457763672,28.979999542236328,90146602
2023-09-20,29.059999465942383,30.18000030517578,28.780000686645508,29.600000381469727,132231768
2023-09-21,29.940000534057617,31.34000015258789,29.540000915527344,31.200000762939453,237909804
2023-09-22,31.200000762939453,31.68000030517578,30.799999237060547,30.799999237060547,110847853
2023-09-25,30.940000534057617,32.599998474121094,30.84000015258789,32.220001220703125,132338628
2023-09-26,32.279998779296875,32.47999954223633,31.459999084472656,31.68000030517578,108955425
2023-09-27,31.700000762939453,32.02000045776367,31.34000015258789,31.559999465942383,85927349
2023-09-28,31.579999923706055,32.5,31.440000534057617,32.040000915527344,134636143
2023-09-29,32.540000915527344,34.220001220703125,32.47999954223633,33.459999084472656,152427587
2023-10-02,33.47999954223633,35.20000076293945,33.15999984741211,34.47999954223633,130396219
2023-10-03,34.7400016784668,35.099998474121094,33.5,33.900001525878906,86596571
2023-10-04,33.900001525878906,34.400001525878906,33.41999816894531,33.439998626708984,94829167
2023-10-05,33.7599983215332,34.63999938964844,32.439998626708984,34.20000076293945,142533300
2023-10-06,33.880001068115234,34.2599983215332,33.619998931884766,33.65999984741211,97807776
2023-10-09,33.18000030517578,33.380001068115234,32.15999984741211,32.2599983215332,96530249
2023-10-10,32.68000030517578,33.36000061035156,32.439998626708984,33.13999938964844,71195544
2023-10-11,33.279998779296875,33.959999084472656,33.099998474121094,33.31999969482422,82944842
2023-10-12,33.68000030517578,34.34000015258789,32.29999923706055,32.91999816894531,109831125
2023-10-13,32.959999084472656,33.0,31.459999084472656,31.600000381469727,80078086
2023-10-16,32.20000076293945,32.2599983215332,31.0,31.639999389648438,69413122
2023-10-17,31.739999771118164,32.220001220703125,31.280000686645508,32.220001220703125,75348848
2023-10-18,31.600000381469727,32.20000076293945,30.959999084472656,31.299999237060547,73193188
2023-10-19,31.280000686645508,31.920000076293945,30.600000381469727,30.920000076293945,71152845
2023-10-20,30.600000381469727,30.920000076293945,29.65999984741211,29.920000076293945,55618251
2023-10-23,30.459999084472656,30.6200008392334,29.700000762939453,30.5,63744257
2023-10-24,30.719999313354492,32.599998474121094,30.520000457763672,31.65999984741211,136151710
2023-10-25,31.65999984741211,32.060001373291016,29.600000381469727,29.600000381469727,72076721
2023-10-26,30.020000457763672,30.860000610351562,29.040000915527344,30.799999237060547,163455750
2023-10-27,30.940000534057617,31.440000534057617,30.139999389648438,30.920000076293945,102420863
2023-10-30,30.84000015258789,31.280000686645508,30.1200008392334,30.219999313354492,74818809
2023-10-31,30.3799991607666,30.739999771118164,29.399999618530273,29.459999084472656,71662383
2023-11-01,29.700000762939453,29.940000534057617,28.219999313354492,29.65999984741211,76396792
2023-11-02,29.780000686645508,30.360000610351562,29.399999618530273,30.020000457763672,71274321
2023-11-03,30.100000381469727,30.18000030517578,29.5,30.0,69920777
2023-11-06,30.420000076293945,30.81999969482422,30.299999237060547,30.559999465942383,61670311
2023-11-07,30.5,30.600000381469727,29.979999542236328,30.239999771118164,43948310
2023-11-08,30.5,30.6200008392334,29.5,29.799999237060547,57965690
2023-11-09,29.559999465942383,29.940000534057617,29.219999313354492,29.360000610351562,89006270
2023-11-10,29.3799991607666,29.65999984741211,28.940000534057617,28.979999542236328,63145074
2023-11-13,28.920000076293945,29.0,27.940000534057617,28.0,51651875
2023-11-14,28.079999923706055,28.6200008392334,27.520000457763672,28.559999465942383,78797982
2023-11-15,28.65999984741211,29.139999389648438,28.280000686645508,28.600000381469727,69086402
2023-11-16,28.65999984741211,30.020000457763672,28.639999389648438,29.979999542236328,71393794
2023-11-17,29.8799991607666,30.3799991607666,29.68000030517578,30.079999923706055,62257814
2023-11-20,30.520000457763672,30.739999771118164,30.040000915527344,30.440000534057617,63548276
2023-11-21,30.68000030517578,31.200000762939453,30.360000610351562,30.940000534057617,74887016
2023-11-22,30.899999618530273,31.139999389648438,30.31999969482422,30.8799991607666,86465262
2023-11-23,30.979999542236328,32.400001525878906,30.8799991607666,31.459999084472656,158470522
2023-11-24,31.440000534057617,32.29999923706055,30.84000015258789,31.860000610351562,101221429
2023-11-27,32.900001525878906,34.34000015258789,32.720001220703125,34.29999923706055,138309694
2023-11-28,34.2599983215332,34.599998474121094,33.52000045776367,33.79999923706055,111758315
2023-11-29,33.84000015258789,34.060001373291016,33.36000061035156,33.91999816894531,97004716
2023-11-30,33.97999954223633,34.63999938964844,33.5,33.63999938964844,101146410
2023-12-01,34.68000030517578,35.36000061035156,34.439998626708984,34.86000061035156,103259731
2023-12-04,35.02000045776367,36.2400016784668,34.599998474121094,36.220001220703125,91585452
2023-12-05,36.119998931884766,36.599998474121094,35.880001068115234,36.560001373291016,90056364
2023-12-06,36.5,37.959999084472656,36.41999816894531,36.5,127874886
2023-12-07,36.36000061035156,36.47999954223633,34.68000030517578,35.880001068115234,89041192
2023-12-08,35.959999084472656,36.060001373291016,34.619998931884766,34.959999084472656,76565251
2023-12-11,34.97999954223633,35.439998626708984,34.439998626708984,34.900001525878906,89978519
2023-12-12,34.900001525878906,37.58000183105469,34.70000076293945,37.2400016784668,170723368
2023-12-13,37.119998931884766,38.599998474121094,36.70000076293945,36.779998779296875,161077643
2023-12-14,37.400001525878906,38.97999954223633,37.040000915527344,38.34000015258789,150445210
2023-12-15,38.380001068115234,39.939998626708984,38.2599983215332,39.099998474121094,111997233
2023-12-18,38.52000045776367,39.7400016784668,38.52000045776367,39.400001525878906,96768505
2023-12-19,39.380001068115234,39.5,37.900001525878906,38.880001068115234,99601214
2023-12-20,38.880001068115234,40.0,38.7599983215332,39.939998626708984,95516726
2023-12-21,39.939998626708984,40.720001220703125,39.02000045776367,39.099998474121094,129392092
2023-12-22,39.15999984741211,39.779998779296875,38.959999084472656,39.15999984741211,92069386
2023-12-25,39.02000045776367,39.02000045776367,37.08000183105469,38.040000915527344,51310128
2023-12-26,38.380001068115234,38.5,36.959999084472656,37.68000030517578,84349028
2023-12-27,37.599998474121094,37.68000030517578,35.81999969482422,35.880001068115234,117038330
2023-12-28,36.0,36.5,35.97999954223633,36.040000915527344,84474308
2023-12-29,36.08000183105469,36.86000061035156,36.060001373291016,36.52000045776367,86945109
2024-01-02,36.900001525878906,37.279998779296875,36.220001220703125,36.540000915527344,79522318
2024-01-03,36.540000915527344,36.7599983215332,35.2599983215332,35.34000015258789,72162968
2024-01-04,35.400001525878906,36.47999954223633,34.86000061035156,36.29999923706055,81318741
2024-01-05,36.380001068115234,36.880001068115234,35.86000061035156,36.779998779296875,71031470
2024-01-08,37.400001525878906,40.439998626708984,37.380001068115234,40.439998626708984,157542084
2024-01-09,40.68000030517578,41.81999969482422,39.41999816894531,39.84000015258789,154543709
2024-01-10,39.84000015258789,41.0,39.63999938964844,40.7400016784668,106339128
2024-01-11,40.97999954223633,41.560001373291016,40.52000045776367,41.119998931884766,140335176
2024-01-12,40.7400016784668,44.2599983215332,40.15999984741211,43.2599983215332,224445913
2024-01-15,43.18000030517578,43.5,42.560001373291016,43.18000030517578,131860495
2024-01-16,43.18000030517578,43.599998474121094,41.31999969482422,41.79999923706055,96953620
2024-01-17,41.7400016784668,42.279998779296875,41.619998931884766,42.0,79328967
2024-01-18,43.0,43.29999923706055,41.02000045776367,41.02000045776367,86320667
2024-01-19,41.220001220703125,41.439998626708984,40.2599983215332,40.91999816894531,90860380
2024-01-22,40.560001373291016,40.599998474121094,39.779998779296875,40.060001373291016,82754095
2024-01-23,40.560001373291016,40.84000015258789,37.79999923706055,38.15999984741211,134993560
2024-01-24,38.400001525878906,40.880001068115234,38.02000045776367,40.400001525878906,126878011
2024-01-25,40.619998931884766,41.400001525878906,39.79999923706055,40.34000015258789,112890666
2024-01-26,40.439998626708984,40.7400016784668,39.91999816894531,40.31999969482422,95380217
2024-01-29,40.439998626708984,40.540000915527344,39.47999954223633,39.65999984741211,70494073
2024-01-30,39.86000061035156,40.18000030517578,39.5,39.65999984741211,77863803
2024-01-31,39.7400016784668,40.18000030517578,39.2599983215332,39.540000915527344,85127823
2024-02-01,39.65999984741211,40.619998931884766,39.619998931884766,40.08000183105469,98906685
2024-02-02,40.02000045776367,40.47999954223633,39.040000915527344,39.2599983215332,115940161
2024-02-05,40.02000045776367,40.47999954223633,39.720001220703125,40.220001220703125,106046445
2024-02-06,40.41999816894531,41.119998931884766,40.15999984741211,41.040000915527344,108159145
2024-02-07,41.20000076293945,41.619998931884766,40.31999969482422,40.439998626708984,79274041
2024-02-08,40.5,40.86000061035156,40.29999923706055,40.380001068115234,50325890
2024-02-09,40.459999084472656,40.70000076293945,39.81999969482422,40.2599983215332,75056048
2024-02-12,40.900001525878906,41.20000076293945,40.34000015258789,41.15999984741211,89795098
2024-02-13,41.459999084472656,41.900001525878906,40.5,40.52000045776367,116086386
2024-02-14,40.599998474121094,41.08000183105469,40.0,41.0,73043847
2024-02-15,41.20000076293945,42.560001373291016,40.959999084472656,41.86000061035156,92683548
2024-02-16,42.02000045776367,42.119998931884766,41.34000015258789,41.47999954223633,67801461
2024-02-19,41.7599983215332,43.36000061035156,41.41999816894531,41.540000915527344,125687225
2024-02-20,41.7599983215332,43.58000183105469,41.720001220703125,43.099998474121094,134595715
2024-02-21,43.220001220703125,44.5,42.880001068115234,43.5,125634447
2024-02-22,43.79999923706055,44.36000061035156,41.81999969482422,42.34000015258789,134406613
2024-02-23,42.34000015258789,43.08000183105469,41.900001525878906,42.900001525878906,89110168
2024-02-26,42.939998626708984,43.02000045776367,41.52000045776367,41.65999984741211,75850862
2024-02-27,41.84000015258789,42.400001525878906,41.400001525878906,41.599998474121094,94955982
2024-02-28,41.599998474121094,41.65999984741211,40.29999923706055,40.459999084472656,65362068
2024-02-29,40.599998474121094,41.7400016784668,40.52000045776367,41.58000183105469,84001060
2024-03-01,41.58000183105469,41.68000030517578,40.13999938964844,40.29999923706055,56995283
2024-03-04,40.41999816894531,40.7599983215332,39.02000045776367,39.02000045776367,54636962
2024-03-05,39.119998931884766,40.119998931884766,38.7599983215332,39.380001068115234,62977964
2024-03-06,39.2599983215332,39.58000183105469,38.0,38.70000076293945,68429866
2024-03-07,38.91999816894531,41.040000915527344,38.900001525878906,40.959999084472656,68053257
2024-03-08,41.040000915527344,42.13999938964844,40.65999984741211,41.84000015258789,91797736
2024-03-11,44.400001525878906,44.400001525878906,42.68000030517578,42.79999923706055,111987258
2024-03-12,42.779998779296875,44.58000183105469,42.63999938964844,43.779998779296875,80572409
2024-03-13,43.91999816894531,43.939998626708984,41.31999969482422,41.79999923706055,90998988
2024-03-14,41.91999816894531,42.13999938964844,40.34000015258789,40.560001373291016,60599320
2024-03-15,40.599998474121094,40.84000015258789,39.720001220703125,39.720001220703125,48651930
2024-03-18,39.86000061035156,40.68000030517578,39.779998779296875,40.13999938964844,50299825
2024-03-19,40.13999938964844,42.540000915527344,40.099998474121094,42.31999969482422,68129871
2024-03-20,42.20000076293945,43.439998626708984,41.880001068115234,42.63999938964844,83857926
2024-03-21,43.02000045776367,46.099998474121094,42.7400016784668,45.040000915527344,197399494
2024-03-22,45.220001220703125,46.380001068115234,45.02000045776367,45.81999969482422,88011898
2024-03-25,45.81999969482422,48.58000183105469,45.119998931884766,46.0,131880682
2024-03-26,44.29999923706055,45.279998779296875,43.70000076293945,44.279998779296875,113101313
2024-03-27,44.5,45.15999984741211,43.84000015258789,44.400001525878906,68362428
2024-03-28,44.68000030517578,47.36000061035156,44.619998931884766,46.779998779296875,82871023
2024-03-29,47.0,47.70000076293945,46.220001220703125,46.779998779296875,64583949
2024-04-01,47.220001220703125,48.7599983215332,45.79999923706055,47.79999923706055,82619229
2024-04-02,47.97999954223633,49.81999969482422,47.540000915527344,49.29999923706055,116052968
2024-04-03,49.29999923706055,49.81999969482422,48.2400016784668,49.2400016784668,65659675
2024-04-04,49.29999923706055,52.54999923706055,48.86000061035156,52.400001525878906,95493303
2024-04-05,54.0,55.75,52.150001525878906,55.650001525878906,83579094
2024-04-08,55.79999923706055,56.54999923706055,55.0,55.5,57245712
2024-04-15,56.650001525878906,59.29999923706055,56.54999923706055,58.400001525878906,76419250
2024-04-16,58.400001525878906,58.849998474121094,55.5,55.849998474121094,71099679
2024-04-17,56.5,58.650001525878906,56.04999923706055,56.04999923706055,83747735
2024-04-18,56.54999923706055,58.900001525878906,56.45000076293945,58.54999923706055,68368051
2024-04-19,58.20000076293945,62.54999923706055,57.0,62.5,75560278
2024-04-22,62.95000076293945,63.29999923706055,59.79999923706055,59.849998474121094,76153685
2024-04-24,60.25,61.150001525878906,60.04999923706055,60.29999923706055,81096038
2024-04-25,60.45000076293945,60.849998474121094,57.45000076293945,57.45000076293945,81800041
2024-04-26,57.79999923706055,59.95000076293945,57.70000076293945,59.04999923706055,82044128
2024-04-29,59.54999923706055,60.400001525878906,59.099998474121094,60.349998474121094,62512628
2024-04-30,60.29999923706055,61.349998474121094,59.45000076293945,59.45000076293945,73215496
2024-05-02,60.0,60.400001525878906,58.04999923706055,58.150001525878906,72988852
2024-05-03,58.54999923706055,60.099998474121094,57.849998474121094,60.04999923706055,79154559
2024-05-06,60.0,60.650001525878906,59.20000076293945,60.25,42522188
2024-05-07,60.25,62.45000076293945,59.79999923706055,61.599998474121094,90335355
2024-05-08,61.599998474121094,62.29999923706055,59.0,60.0,93629377
2024-05-09,60.5,60.75,59.400001525878906,59.400001525878906,73846599
2024-05-10,59.75,59.900001525878906,57.79999923706055,57.79999923706055,82417543
2024-05-13,58.150001525878906,58.25,55.849998474121094,56.0,97974456
2024-05-14,57.54999923706055,57.95000076293945,56.349998474121094,57.5,109276197
2024-05-15,57.29999923706055,58.70000076293945,56.0,57.20000076293945,84317874
2024-05-16,57.29999923706055,59.150001525878906,56.79999923706055,59.150001525878906,90178002
2024-05-17,59.349998474121094,63.04999923706055,59.0,62.900001525878906,109988406
2024-05-20,62.900001525878906,65.25,62.400001525878906,64.5,78966570
2024-05-21,64.5999984741211,70.75,64.44999694824219,67.3499984741211,237249387
2024-05-22,67.19999694824219,68.5,64.1500015258789,66.25,128164280
2024-05-23,66.25,68.9000015258789,66.0999984741211,66.55000305175781,88163245
2024-05-24,66.55000305175781,67.80000305175781,65.80000305175781,66.5,57836631
2024-05-27,66.69999694824219,68.0,65.4000015258789,68.0,48715024
2024-05-28,68.0,69.9000015258789,67.3499984741211,69.80000305175781,60706165
2024-05-29,69.80000305175781,69.80000305175781,66.0,66.0,59905929
2024-05-30,66.4000015258789,67.3499984741211,64.80000305175781,65.69999694824219,72102523
2024-05-31,65.80000305175781,68.80000305175781,63.79999923706055,66.4000015258789,125307179
2024-06-03,66.44999694824219,67.4000015258789,64.5999984741211,66.80000305175781,64050347
2024-06-04,66.80000305175781,67.4000015258789,63.5,63.5,57120992
2024-06-05,64.05000305175781,65.05000305175781,62.099998474121094,62.349998474121094,79136641
2024-06-06,62.650001525878906,62.95000076293945,60.79999923706055,61.150001525878906,58237476
2024-06-07,61.349998474121094,61.45000076293945,59.150001525878906,59.29999923706055,56386822
2024-06-10,59.0,60.349998474121094,58.20000076293945,59.45000076293945,61061868
2024-06-11,59.400001525878906,61.599998474121094,59.20000076293945,60.599998474121094,83153037
2024-06-12,60.650001525878906,62.900001525878906,60.20000076293945,62.20000076293945,56287276
2024-06-13,63.04999923706055,64.0,61.5,61.5,73408060
2024-06-14,62.70000076293945,63.099998474121094,60.70000076293945,61.099998474121094,77088933
2024-06-20,61.95000076293945,63.79999923706055,61.54999923706055,63.79999923706055,73779357
2024-06-21,63.75,66.5999984741211,63.349998474121094,66.0,78091355
2024-06-24,65.9000015258789,67.1500015258789,65.19999694824219,67.1500015258789,48584363
2024-06-25,67.30000305175781,68.05000305175781,65.19999694824219,65.19999694824219,72232460
2024-06-26,65.1500015258789,65.5,64.30000305175781,64.80000305175781,44844351
2024-06-27,65.1500015258789,67.3499984741211,65.1500015258789,66.8499984741211,67130054
2024-06-28,67.30000305175781,68.1500015258789,63.95000076293945,64.05000305175781,93609366
2024-07-01,64.69999694824219,64.80000305175781,60.849998474121094,61.95000076293945,60193096
2024-07-02,62.25,62.70000076293945,61.20000076293945,62.70000076293945,53669684
2024-07-03,63.04999923706055,66.30000305175781,62.70000076293945,66.25,83985701
2024-07-04,66.19999694824219,68.30000305175781,65.5999984741211,67.25,63807973
2024-07-05,67.44999694824219,68.0999984741211,65.94999694824219,66.75,40181508
2024-07-08,67.05000305175781,68.5,66.5999984741211,67.69999694824219,48655310
2024-07-09,67.8499984741211,67.9000015258789,64.5,64.5999984741211,52290314
2024-07-10,64.69999694824219,64.9000015258789,62.54999923706055,64.0,68851483
2024-07-11,65.0,67.3499984741211,64.5999984741211,66.69999694824219,72253346
2024-07-12,66.69999694824219,67.9000015258789,66.0999984741211,66.69999694824219,61965944
2024-07-16,67.1500015258789,69.19999694824219,66.75,68.30000305175781,68267334
2024-07-17,68.4000015258789,68.5,66.30000305175781,67.8499984741211,71919040
2024-07-18,68.30000305175781,69.1500015258789,67.30000305175781,68.19999694824219,68522741
2024-07-19,68.0,69.6500015258789,67.55000305175781,68.75,64526495
2024-07-22,68.9000015258789,70.55000305175781,67.75,69.30000305175781,60858236
2024-07-23,69.30000305175781,70.5999984741211,66.69999694824219,69.30000305175781,79986526
2024-07-24,69.19999694824219,69.30000305175781,67.5,67.5,46627121
2024-07-25,67.44999694824219,68.1500015258789,65.05000305175781,65.55000305175781,57750429
2024-07-26,65.75,66.5,64.94999694824219,65.6500015258789,50467104
2024-07-29,64.69999694824219,66.69999694824219,64.5,64.6500015258789,48235005
2024-07-30,64.5,65.0,62.5,62.75,58543749
2024-07-31,62.70000076293945,63.54999923706055,61.45000076293945,61.900001525878906,66376579
2024-08-01,62.900001525878906,64.8499984741211,62.849998474121094,63.20000076293945,60901951
2024-08-02,62.0,62.349998474121094,59.70000076293945,60.20000076293945,51224390
2024-08-05,56.0,58.45000076293945,54.650001525878906,56.900001525878906,78640333
2024-08-06,58.599998474121094,58.95000076293945,55.650001525878906,55.650001525878906,66017767
2024-08-07,56.29999923706055,57.0,54.95000076293945,55.70000076293945,53241220
2024-08-08,55.599998474121094,56.650001525878906,55.29999923706055,55.849998474121094,54436167
2024-08-09,56.400001525878906,57.0,52.849998474121094,52.95000076293945,69362597
2024-08-12,53.400001525878906,54.900001525878906,53.04999923706055,54.20000076293945,53996642
2024-08-13,54.25,55.75,53.5,55.75,42431039
2024-08-14,56.0,56.900001525878906,55.45000076293945,56.20000076293945,43279756
2024-08-15,57.0,58.599998474121094,56.25,58.349998474121094,59873682
2024-08-16,58.54999923706055,58.95000076293945,56.79999923706055,56.849998474121094,38230994
2024-08-19,57.099998474121094,60.400001525878906,56.5,60.25,62201951
2024-08-20,59.95000076293945,60.849998474121094,59.150001525878906,59.900001525878906,53769284
2024-08-21,59.79999923706055,60.650001525878906,59.099998474121094,59.150001525878906,44932974
2024-08-22,59.54999923706055,61.29999923706055,58.599998474121094,59.54999923706055,77072601
2024-08-23,59.5,59.900001525878906,57.349998474121094,58.099998474121094,45431014
2024-08-26,58.650001525878906,59.650001525878906,57.849998474121094,58.5,52432516
2024-08-27,58.54999923706055,59.400001525878906,57.70000076293945,59.099998474121094,50349618
2024-08-28,59.150001525878906,59.349998474121094,58.099998474121094,58.70000076293945,44035968
2024-08-29,58.54999923706055,59.400001525878906,57.54999923706055,58.29999923706055,59991782
2024-09-02,58.70000076293945,61.45000076293945,58.650001525878906,61.45000076293945,65892355
2024-09-03,61.45000076293945,62.0,60.25,60.95000076293945,39817678
2024-09-04,60.099998474121094,61.29999923706055,60.0,61.099998474121094,52460289
2024-09-05,61.650001525878906,61.900001525878906,59.75,60.599998474121094,73000159
2024-09-06,60.650001525878906,61.150001525878906,59.599998474121094,59.650001525878906,47969697
2024-09-09,59.20000076293945,59.54999923706055,57.849998474121094,58.04999923706055,41425629
2024-09-10,58.349998474121094,58.5,55.70000076293945,56.45000076293945,83896955
2024-09-11,56.150001525878906,57.400001525878906,55.29999923706055,55.29999923706055,75066706
2024-09-12,56.04999923706055,56.95000076293945,54.5,56.79999923706055,65586230
2024-09-13,56.70000076293945,57.150001525878906,55.5,56.599998474121094,60916326
2024-09-16,56.599998474121094,56.900001525878906,55.25,56.20000076293945,56443913
2024-09-17,56.45000076293945,58.349998474121094,56.25,57.849998474121094,63758565
2024-09-18,57.79999923706055,59.400001525878906,57.650001525878906,58.54999923706055,50251166
2024-09-19,59.400001525878906,61.849998474121094,59.29999923706055,61.349998474121094,69509928
2024-09-20,61.400001525878906,61.5,60.099998474121094,60.150001525878906,46349837
2024-09-23,60.70000076293945,61.70000076293945,60.70000076293945,61.25,51143695
2024-09-24,61.349998474121094,64.8499984741211,61.04999923706055,63.849998474121094,80820830
2024-09-25,63.75,64.69999694824219,63.099998474121094,63.900001525878906,67382533
2024-09-26,64.5,65.0999984741211,62.79999923706055,63.099998474121094,74452040
2024-09-27,63.349998474121094,63.849998474121094,62.099998474121094,63.54999923706055,50044983
2024-09-30,63.349998474121094,63.54999923706055,61.20000076293945,61.599998474121094,51038604
2024-10-01,61.650001525878906,62.0,57.650001525878906,57.650001525878906,77832577
2024-10-02,57.5,57.75,52.849998474121094,52.849998474121094,88773741
2024-10-03,53.0,53.70000076293945,50.599998474121094,51.54999923706055,90545860
2024-10-04,52.150001525878906,54.599998474121094,51.349998474121094,54.349998474121094,78835934
2024-10-07,54.54999923706055,56.0,54.150001525878906,55.650001525878906,71560335
2024-10-08,55.599998474121094,57.29999923706055,54.900001525878906,56.04999923706055,72150471
2024-10-09,56.04999923706055,57.20000076293945,54.04999923706055,57.20000076293945,70533210
2024-10-10,57.099998474121094,57.54999923706055,55.400001525878906,55.75,53590589
2024-10-11,55.849998474121094,57.29999923706055,55.04999923706055,55.54999923706055,64292186
2024-10-14,55.70000076293945,56.650001525878906,53.54999923706055,53.900001525878906,62964899
2024-10-15,53.95000076293945,54.75,52.79999923706055,54.349998474121094,88715885
2024-10-16,54.20000076293945,54.75,53.04999923706055,54.5,73785505
2024-10-17,54.400001525878906,54.900001525878906,53.099998474121094,53.25,85709089
2024-10-18,53.349998474121094,53.54999923706055,49.91999816894531,50.150001525878906,84785647
2024-10-21,50.29999923706055,50.54999923706055,48.34000015258789,48.459999084472656,75933397
2024-10-22,48.540000915527344,50.599998474121094,48.220001220703125,49.900001525878906,99981947
2024-10-23,49.939998626708984,50.04999923706055,48.65999984741211,49.119998931884766,89298906
2024-10-24,49.380001068115234,50.5,49.31999969482422,49.68000030517578,52616959
2024-10-25,49.119998931884766,50.5,48.900001525878906,49.97999954223633,76473609
2024-10-28,50.04999923706055,50.349998474121094,49.81999969482422,49.959999084472656,16412608
2024-10-30,50.04999923706055,51.29999923706055,49.720001220703125,51.0,65076142
2024-10-31,51.04999923706055,51.5,50.29999923706055,50.599998474121094,71978732
2024-11-01,50.849998474121094,51.95000076293945,49.400001525878906,49.91999816894531,88745294
2024-11-04,49.70000076293945,49.779998779296875,46.68000030517578,46.959999084472656,105181392
2024-11-05,47.29999923706055,47.459999084472656,46.119998931884766,46.400001525878906,70344070
2024-11-06,46.540000915527344,47.97999954223633,46.2400016784668,47.459999084472656,100567230
2024-11-07,47.540000915527344,48.5,47.439998626708984,48.400001525878906,80452926
2024-11-08,48.400001525878906,52.04999923706055,48.040000915527344,51.20000076293945,137637546
2024-11-11,51.400001525878906,53.29999923706055,51.099998474121094,52.54999923706055,110744989
2024-11-12,52.400001525878906,53.400001525878906,52.25,53.0,71434916
2024-11-13,52.54999923706055,55.400001525878906,51.79999923706055,53.900001525878906,108010778
2024-11-14,54.25,55.70000076293945,53.849998474121094,55.400001525878906,88119040
2024-11-15,55.45000076293945,56.29999923706055,54.70000076293945,54.849998474121094,69735464
2024-11-18,55.04999923706055,55.650001525878906,54.349998474121094,55.04999923706055,64130862
2024-11-19,55.25,55.349998474121094,53.25,53.54999923706055,81005803
2024-11-20,53.79999923706055,54.25,52.0,52.20000076293945,82952575
2024-11-21,52.599998474121094,57.150001525878906,52.5,56.900001525878906,140474464
2024-11-22,56.900001525878906,60.79999923706055,56.70000076293945,60.599998474121094,138626137
2024-11-25,61.25,62.349998474121094,59.349998474121094,59.599998474121094,94300103
2024-11-26,59.650001525878906,60.29999923706055,58.75,59.20000076293945,82554580
2024-11-27,60.150001525878906,60.5,58.70000076293945,59.45000076293945,87604097
2024-11-28,59.5,60.45000076293945,59.25,59.70000076293945,64810548
2024-11-29,59.79999923706055,61.599998474121094,59.400001525878906,60.849998474121094,94895196
2024-12-02,60.54999923706055,61.25,59.650001525878906,61.0,61113513
2024-12-03,61.5,64.44999694824219,60.20000076293945,63.400001525878906,98242262
2024-12-04,63.599998474121094,63.900001525878906,62.150001525878906,62.75,65767237
2024-12-05,62.900001525878906,63.79999923706055,62.54999923706055,63.45000076293945,65084604
2024-12-06,65.69999694824219,66.05000305175781,64.69999694824219,65.30000305175781,124670921
2024-12-09,65.5,66.5,64.5,66.3499984741211,80969112
2024-12-10,66.3499984741211,66.69999694824219,64.94999694824219,65.1500015258789,51082303
2024-12-11,65.25,65.5999984741211,62.20000076293945,63.900001525878906,151479905
2024-12-12,63.849998474121094,64.6500015258789,63.25,63.650001525878906,86612458
2024-12-13,63.349998474121094,63.900001525878906,62.79999923706055,63.54999923706055,60368464
2024-12-16,63.75,64.1500015258789,62.70000076293945,62.70000076293945,47291787
2024-12-17,62.79999923706055,63.400001525878906,61.599998474121094,62.70000076293945,71159634
2024-12-18,62.650001525878906,64.30000305175781,62.54999923706055,62.900001525878906,62942592
2024-12-19,62.349998474121094,62.54999923706055,60.849998474121094,61.150001525878906,48926859
2024-12-20,61.75,61.75,60.29999923706055,60.70000076293945,50837700
2024-12-23,61.04999923706055,61.599998474121094,58.849998474121094,59.29999923706055,55068189
2024-12-24,59.20000076293945,60.45000076293945,58.95000076293945,60.25,41096970
2024-12-25,62.79999923706055,65.0999984741211,62.400001525878906,65.05000305175781,71638781
2024-12-26,65.5999984741211,67.6500015258789,65.0,65.6500015258789,149601641
2024-12-27,65.6500015258789,66.30000305175781,64.9000015258789,66.25,61695043
2024-12-30,66.25,66.8499984741211,65.6500015258789,65.6500015258789,34533981
2024-12-31,65.69999694824219,66.94999694824219,64.8499984741211,64.8499984741211,59635167
2025-01-02,65.44999694824219,67.0999984741211,64.55000305175781,66.19999694824219,117926984
2025-01-03,66.3499984741211,67.1500015258789,65.44999694824219,66.19999694824219,95587993
2025-01-06,66.3499984741211,67.25,66.0999984741211,66.80000305175781,76614473
2025-01-07,66.75,67.05000305175781,64.75,64.75,84326346
2025-01-08,64.80000305175781,65.05000305175781,63.20000076293945,63.599998474121094,103420103
2025-01-09,64.05000305175781,66.0,63.349998474121094,65.9000015258789,92848476
2025-01-10,65.94999694824219,66.1500015258789,63.75,64.4000015258789,64530319
2025-01-13,64.3499984741211,65.80000305175781,62.25,62.79999923706055,139456381
2025-01-14,63.29999923706055,64.80000305175781,62.45000076293945,63.0,131704649
2025-01-15,63.099998474121094,64.30000305175781,62.599998474121094,63.20000076293945,82878907
2025-01-16,64.4000015258789,64.5999984741211,62.54999923706055,64.1500015258789,107524559
2025-01-17,64.30000305175781,66.3499984741211,64.05000305175781,66.0,89903240
2025-01-20,66.8499984741211,67.1500015258789,65.25,67.1500015258789,77100736
2025-01-21,67.0,68.94999694824219,66.9000015258789,68.55000305175781,120771667
2025-01-22,68.5999984741211,69.69999694824219,68.3499984741211,69.5999984741211,106457903
2025-01-23,69.8499984741211,69.9000015258789,67.5999984741211,68.1500015258789,102087833
2025-01-24,68.19999694824219,68.30000305175781,66.19999694824219,66.44999694824219,75476621
2025-01-27,65.4000015258789,66.6500015258789,64.94999694824219,66.0,77948259
2025-01-28,66.69999694824219,67.19999694824219,66.25,67.0999984741211,94405944
2025-01-29,67.4000015258789,67.5999984741211,65.9000015258789,66.0,76913164
2025-01-30,66.19999694824219,66.55000305175781,65.4000015258789,65.5,61541114
2025-01-31,65.94999694824219,66.9000015258789,64.8499984741211,64.8499984741211,109025124
2025-02-03,64.05000305175781,64.6500015258789,61.599998474121094,63.79999923706055,126671721
2025-02-04,64.25,66.75,63.599998474121094,65.69999694824219,106971884
2025-02-05,65.80000305175781,66.19999694824219,63.849998474121094,64.9000015258789,85561138
2025-02-06,65.5999984741211,65.80000305175781,63.45000076293945,64.44999694824219,125920258
2025-02-07,64.30000305175781,64.4000015258789,62.20000076293945,63.5,167653441
2025-02-10,63.54999923706055,63.79999923706055,62.70000076293945,62.70000076293945,91025885
2025-02-11,62.75,63.650001525878906,62.599998474121094,63.20000076293945,89657621
2025-02-12,63.29999923706055,63.75,62.5,62.849998474121094,110641971
2025-02-13,63.45000076293945,64.5,62.79999923706055,64.05000305175781,113560016
2025-02-14,64.3499984741211,65.3499984741211,63.70000076293945,64.8499984741211,104854218
2025-02-17,64.9000015258789,65.0999984741211,63.95000076293945,64.5,72150044
2025-02-18,64.55000305175781,65.6500015258789,64.0,65.0999984741211,76126788
2025-02-19,65.1500015258789,65.8499984741211,64.0999984741211,64.30000305175781,87123352
2025-02-20,64.5999984741211,66.1500015258789,64.5,65.5999984741211,87059681
2025-02-21,65.6500015258789,66.4000015258789,63.849998474121094,64.80000305175781,95491578
2025-02-24,65.6500015258789,65.94999694824219,64.30000305175781,64.80000305175781,62767270
2025-02-25,64.9000015258789,66.3499984741211,64.44999694824219,66.1500015258789,96236948
2025-02-26,66.19999694824219,67.69999694824219,65.4000015258789,67.5,73360666
2025-02-27,67.19999694824219,68.69999694824219,67.05000305175781,67.80000305175781,64519911
2025-02-28,67.55000305175781,68.69999694824219,66.94999694824219,67.30000305175781,76126762
2025-03-03,68.25,74.0,68.19999694824219,73.0,189115602
2025-03-04,73.0,74.5,71.69999694824219,72.1500015258789,89272803
2025-03-05,73.19999694824219,74.5,71.1500015258789,73.0999984741211,152425896
2025-03-06,73.5999984741211,73.80000305175781,71.75,73.44999694824219,88047637
2025-03-07,73.3499984741211,74.5999984741211,72.8499984741211,73.75,81465821
2025-03-10,73.69999694824219,75.05000305175781,73.25,73.9000015258789,65581069
2025-03-11,74.05000305175781,74.0999984741211,71.4000015258789,71.9000015258789,73305987
2025-03-12,72.19999694824219,74.5,72.19999694824219,73.55000305175781,110555600
2025-03-13,73.80000305175781,75.44999694824219,73.5,74.80000305175781,65910258
2025-03-14,74.8499984741211,75.5999984741211,74.4000015258789,74.9000015258789,71228697
2025-03-17,75.0999984741211,76.19999694824219,73.94999694824219,75.0999984741211,68606367
2025-03-18,74.6500015258789,75.05000305175781,72.9000015258789,73.25,56440539
2025-03-19,68.0,68.94999694824219,65.94999694824219,65.94999694824219,108314114
2025-03-20,64.3499984741211,65.80000305175781,59.400001525878906,59.70000076293945,368315029
2025-03-21,59.04999923706055,59.349998474121094,53.75,53.75,216452516
2025-03-24,55.099998474121094,56.29999923706055,50.599998474121094,53.95000076293945,320436194
2025-03-25,56.0,57.650001525878906,53.95000076293945,56.0,327099500
2025-03-26,54.5,55.45000076293945,52.650001525878906,53.95000076293945,174001338
2025-03-27,54.599998474121094,54.900001525878906,52.29999923706055,52.79999923706055,137011552
2025-03-28,52.75,53.099998474121094,51.099998474121094,52.25,128162225
2025-04-02,52.0,53.45000076293945,51.400001525878906,52.849998474121094,119712929
2025-04-03,53.25,54.099998474121094,52.349998474121094,52.54999923706055,83226815
2025-04-04,52.54999923706055,52.849998474121094,51.400001525878906,52.25,109948487
2025-04-07,50.5,52.75,49.7400016784668,52.099998474121094,158254026
2025-04-08,53.20000076293945,53.20000076293945,51.599998474121094,51.95000076293945,105625239
2025-04-09,51.20000076293945,51.70000076293945,49.7400016784668,49.779998779296875,120588860
2025-04-10,52.0,52.25,49.400001525878906,49.400001525878906,119834868
2025-04-11,49.41999816894531,49.939998626708984,48.099998474121094,49.880001068115234,149545571
2025-04-14,50.400001525878906,51.099998474121094,50.0,50.099998474121094,85256100
2025-04-15,50.20000076293945,51.0,50.0,50.349998474121094,117217121
2025-04-16,50.29999923706055,51.150001525878906,49.720001220703125,50.54999923706055,130823493
2025-04-17,50.900001525878906,52.0,50.79999923706055,51.29999923706055,192376661
2025-04-18,51.45000076293945,51.54999923706055,49.47999954223633,49.540000915527344,101035688
2025-04-21,49.560001373291016,51.79999923706055,48.560001373291016,49.779998779296875,150006455
2025-04-22,50.099998474121094,50.650001525878906,49.86000061035156,50.400001525878906,94162055
2025-04-24,50.75,53.54999923706055,50.650001525878906,53.5,137574079
2025-04-25,53.599998474121094,53.70000076293945,51.5,51.5,105000684
2025-04-28,51.900001525878906,52.0,49.31999969482422,49.36000061035156,135445485
2025-04-29,49.380001068115234,49.7400016784668,48.7400016784668,48.939998626708984,90830204
2025-04-30,49.099998474121094,49.279998779296875,47.880001068115234,48.5,117050993
2025-05-02,48.81999969482422,49.7599983215332,48.63999938964844,49.5,76343374
2025-05-05,50.25,50.650001525878906,48.58000183105469,48.58000183105469,64057251
2025-05-06,48.58000183105469,50.099998474121094,48.58000183105469,49.2599983215332,109155346
2025-05-07,49.2599983215332,49.70000076293945,48.91999816894531,49.47999954223633,84243888
2025-05-08,49.939998626708984,50.400001525878906,49.459999084472656,49.900001525878906,45378543
2025-05-09,49.900001525878906,50.29999923706055,48.70000076293945,49.880001068115234,142020138
2025-05-12,51.349998474121094,52.349998474121094,50.849998474121094,51.900001525878906,117215443
2025-05-13,51.599998474121094,52.79999923706055,51.150001525878906,52.25,166915762
2025-05-14,52.0,52.79999923706055,51.650001525878906,51.79999923706055,180394564
2025-05-15,51.95000076293945,52.25,50.599998474121094,50.70000076293945,97368465
2025-05-16,50.79999923706055,52.150001525878906,50.29999923706055,51.95000076293945,162478877
2025-05-20,51.900001525878906,53.29999923706055,51.54999923706055,52.54999923706055,180165844
2025-05-21,52.45000076293945,53.25,52.04999923706055,52.5,102916902
2025-05-22,52.849998474121094,54.5,52.75,53.650001525878906,149130710
2025-05-23,53.54999923706055,54.20000076293945,51.54999923706055,51.900001525878906,150177253
2025-05-26,52.45000076293945,52.5,50.650001525878906,51.95000076293945,113854673
2025-05-27,51.95000076293945,52.400001525878906,50.79999923706055,50.95000076293945,84875574
2025-05-28,51.0,52.0,50.900001525878906,51.650001525878906,85748391
2025-05-29,52.150001525878906,53.25,52.0,52.79999923706055,86026847
2025-05-30,52.70000076293945,52.900001525878906,50.849998474121094,50.95000076293945,96666805
2025-06-02,51.04999923706055,52.70000076293945,50.900001525878906,52.04999923706055,89954105
2025-06-03,53.099998474121094,56.20000076293945,52.900001525878906,55.650001525878906,154539428
2025-06-04,55.54999923706055,56.349998474121094,55.29999923706055,56.20000076293945,77849769
2025-06-05,55.849998474121094,56.400001525878906,55.75,56.25,27098461
2025-06-10,57.04999923706055,60.25,56.75,59.849998474121094,131249675
2025-06-11,59.849998474121094,60.70000076293945,59.5,60.0,95399025
2025-06-12,59.0,60.25,58.95000076293945,59.20000076293945,86668958
2025-06-13,57.0,59.5,56.099998474121094,59.5,122185155
2025-06-16,59.95000076293945,60.5,59.099998474121094,59.900001525878906,82820940
2025-06-17,60.04999923706055,60.29999923706055,58.599998474121094,58.599998474121094,82694480
2025-06-18,58.400001525878906,59.400001525878906,57.20000076293945,58.349998474121094,75596185
2025-06-19,59.20000076293945,59.400001525878906,56.5,57.150001525878906,109589773
2025-06-20,57.95000076293945,58.599998474121094,57.099998474121094,57.20000076293945,61392803
2025-06-23,56.349998474121094,58.099998474121094,56.29999923706055,57.900001525878906,65149202
2025-06-24,61.0,61.45000076293945,59.150001525878906,61.04999923706055,121576604
2025-06-25,61.25,61.45000076293945,60.099998474121094,60.95000076293945,76102839
2025-06-26,60.650001525878906,61.70000076293945,60.5,60.79999923706055,67990726
2025-06-27,60.849998474121094,62.849998474121094,60.04999923706055,62.0,105749680
2025-06-30,62.900001525878906,68.19999694824219,62.650001525878906,68.19999694824219,181852024
2025-07-01,68.25,69.5999984741211,67.6500015258789,68.0999984741211,121101939
2025-07-02,68.30000305175781,70.05000305175781,68.05000305175781,69.1500015258789,108603506
2025-07-03,70.69999694824219,72.1500015258789,68.30000305175781,68.80000305175781,108444178
2025-07-04,68.80000305175781,69.69999694824219,67.9000015258789,69.69999694824219,75862399
2025-07-07,68.25,69.4000015258789,67.8499984741211,67.94999694824219,84094277
2025-07-08,68.5,68.80000305175781,66.3499984741211,67.69999694824219,119840078
2025-07-09,67.5999984741211,69.4000015258789,67.19999694824219,69.30000305175781,87400206
2025-07-10,70.44999694824219,71.0,69.94999694824219,70.3499984741211,76512950
2025-07-11,70.8499984741211,71.55000305175781,69.0,69.75,85433702
2025-07-14,69.5999984741211,69.69999694824219,66.8499984741211,66.9000015258789,89913681
2025-07-16,66.69999694824219,67.30000305175781,64.05000305175781,65.44999694824219,100313981
2025-07-17,66.1500015258789,68.05000305175781,65.8499984741211,67.8499984741211,94074629
2025-07-18,68.0,68.19999694824219,67.1500015258789,67.30000305175781,55596842
2025-07-21,67.5999984741211,69.1500015258789,67.55000305175781,68.5999984741211,81161207
2025-07-22,68.5999984741211,68.9000015258789,67.5999984741211,67.5999984741211,71079028
2025-07-23,67.80000305175781,68.05000305175781,66.80000305175781,67.55000305175781,65856876
2025-07-24,68.0,69.75,67.4000015258789,68.19999694824219,133795924
2025-07-25,68.1500015258789,68.3499984741211,67.5,68.0,47837585
2025-07-28,68.5,68.6500015258789,67.0,67.1500015258789,43729270
2025-07-29,67.1500015258789,68.0999984741211,67.0999984741211,67.1500015258789,42197495
2025-07-30,66.9000015258789,67.75,66.69999694824219,67.19999694824219,87762619
2025-07-31,67.5,68.19999694824219,67.19999694824219,67.5,65151987
2025-08-01,67.44999694824219,67.55000305175781,66.1500015258789,66.55000305175781,67032652
2025-08-04,67.05000305175781,69.05000305175781,66.8499984741211,66.8499984741211,119780173
2025-08-05,67.0999984741211,67.25,66.4000015258789,66.75,64184213
2025-08-06,66.80000305175781,67.30000305175781,66.05000305175781,66.69999694824219,62955664
2025-08-07,67.0,69.5,67.0,68.55000305175781,103053560
2025-08-08,68.55000305175781,68.9000015258789,67.6500015258789,67.9000015258789,44365359
2025-08-11,68.5,68.80000305175781,68.0,68.25,40565358
2025-08-12,68.25,68.6500015258789,68.05000305175781,68.25,47787595
2025-08-13,68.3499984741211,69.0,68.05000305175781,68.3499984741211,45283465
2025-08-14,68.25,68.6500015258789,66.69999694824219,66.75,51928070
2025-08-15,66.6500015258789,67.55000305175781,66.44999694824219,67.19999694824219,41335094
2025-08-18,67.30000305175781,67.55000305175781,66.0999984741211,66.5,34848810
2025-08-19,66.69999694824219,67.4000015258789,65.4000015258789,65.8499984741211,57276455
2025-08-20,65.8499984741211,67.80000305175781,65.6500015258789,67.19999694824219,69912998
2025-08-21,67.5999984741211,68.4000015258789,67.0999984741211,68.25,85706056
2025-08-22,68.9000015258789,69.9000015258789,68.0999984741211,69.8499984741211,98409817
2025-08-25,70.80000305175781,71.05000305175781,69.0999984741211,69.25,71331928
2025-08-26,69.05000305175781,70.5,68.5,70.5,68803350
2025-08-27,70.19999694824219,70.30000305175781,69.0,69.0,75024312
2025-08-28,69.0999984741211,70.5999984741211,69.05000305175781,69.5,68689946
2025-08-29,69.55000305175781,70.30000305175781,67.9000015258789,68.25,74843072
2025-09-01,68.44999694824219,69.75,68.30000305175781,69.19999694824219,61462013
2025-09-02,69.4000015258789,70.19999694824219,62.900001525878906,66.05000305175781,195347696
2025-09-03,66.1500015258789,66.1500015258789,60.79999923706055,60.79999923706055,238502747
2025-09-04,61.099998474121094,62.349998474121094,60.400001525878906,61.599998474121094,225698329
2025-09-05,62.150001525878906,64.6500015258789,61.04999923706055,62.45000076293945,222024322
2025-09-08,61.349998474121094,62.349998474121094,60.5,61.54999923706055,85842924
2025-09-09,62.0,63.349998474121094,61.20000076293945,62.79999923706055,113444254
2025-09-10,63.29999923706055,64.1500015258789,62.54999923706055,63.900001525878906,97477938
2025-09-11,63.95000076293945,65.5,60.900001525878906,61.0,279575856
2025-09-12,61.099998474121094,62.25,60.29999923706055,62.0,116877780
2025-09-15,61.79999923706055,66.44999694824219,61.150001525878906,65.44999694824219,225592296
2025-09-16,65.6500015258789,66.9000015258789,65.0,66.5999984741211,139190101
2025-09-17,66.55000305175781,67.75,66.1500015258789,67.3499984741211,107131487
2025-09-18,67.44999694824219,67.69999694824219,64.5,65.05000305175781,103300265
2025-09-19,65.25,67.19999694824219,64.80000305175781,66.6500015258789,168004241
2025-09-22,68.55000305175781,68.75,67.69999694824219,67.69999694824219,104159330
2025-09-23,66.5,67.19999694824219,65.8499984741211,66.0,77666838
2025-09-24,66.1500015258789,67.0999984741211,63.75,65.55000305175781,134901660
2025-09-25,65.94999694824219,66.05000305175781,64.55000305175781,64.6500015258789,81998160
2025-09-26,64.44999694824219,64.80000305175781,61.400001525878906,61.79999923706055,165377284
2025-09-29,61.04999923706055,62.400001525878906,60.900001525878906,61.20000076293945,91622028
2025-09-30,61.54999923706055,62.95000076293945,61.349998474121094,62.70000076293945,121790011
2025-10-01,62.54999923706055,64.75,61.900001525878906,64.25,144114140
2025-10-02,64.1500015258789,64.55000305175781,62.0,62.45000076293945,85094072
2025-10-03,63.0,63.099998474121094,59.25,59.45000076293945,127994750
2025-10-06,59.79999923706055,60.29999923706055,58.04999923706055,58.45000076293945,95526811
2025-10-07,58.650001525878906,59.349998474121094,58.29999923706055,59.099998474121094,80150817
2025-10-08,59.150001525878906,60.099998474121094,58.04999923706055,58.099998474121094,87488015
2025-10-09,58.900001525878906,59.099998474121094,57.0,57.349998474121094,82498198
2025-10-10,57.5,58.29999923706055,56.849998474121094,57.5,60948273
2025-10-13,56.650001525878906,57.20000076293945,55.75,55.95000076293945,80296118
2025-10-14,56.0,56.150001525878906,53.20000076293945,53.5,98138435
2025-10-15,53.75,54.54999923706055,53.150001525878906,53.599998474121094,114118711
2025-10-16,53.70000076293945,56.099998474121094,53.54999923706055,55.29999923706055,123768038
2025-10-17,54.95000076293945,55.400001525878906,53.04999923706055,54.849998474121094,103779268
2025-10-20,55.349998474121094,58.45000076293945,54.25,57.95000076293945,171472391
2025-10-21,57.95000076293945,58.349998474121094,57.0,57.599998474121094,147773980
2025-10-22,58.04999923706055,58.650001525878906,57.650001525878906,57.900001525878906,107375413
2025-10-23,58.0,59.400001525878906,57.54999923706055,58.54999923706055,149438380
2025-10-24,59.599998474121094,63.95000076293945,58.29999923706055,60.20000076293945,417538800
2025-10-27,60.099998474121094,60.650001525878906,58.45000076293945,58.79999923706055,136831864
2025-10-28,58.849998474121094,59.25,58.29999923706055,58.54999923706055,49490310
2025-10-30,59.0,59.599998474121094,58.349998474121094,59.5,110517855
2025-10-31,59.54999923706055,60.79999923706055,58.95000076293945,60.79999923706055,140413207
2025-11-03,61.25,63.099998474121094,60.75,61.099998474121094,141234115
2025-11-04,60.849998474121094,62.29999923706055,60.70000076293945,61.0,121773694
2025-11-05,60.95000076293945,61.95000076293945,60.650001525878906,61.20000076293945,103469653
2025-11-06,61.599998474121094,62.79999923706055,61.5,62.45000076293945,110806492
2025-11-07,62.5,62.5,59.79999923706055,60.900001525878906,125949127
2025-11-10,61.20000076293945,61.54999923706055,59.400001525878906,59.900001525878906,106712931
2025-11-11,59.75,60.29999923706055,56.79999923706055,58.29999923706055,140154959
2025-11-12,58.70000076293945,59.29999923706055,57.95000076293945,58.900001525878906,97514970
2025-11-13,59.099998474121094,59.349998474121094,58.29999923706055,58.70000076293945,76597097
2025-11-14,58.45000076293945,59.099998474121094,57.79999923706055,58.29999923706055,73427462
2025-11-17,58.650001525878906,59.29999923706055,58.099998474121094,58.349998474121094,108194045
2025-11-18,58.099998474121094,59.20000076293945,57.79999923706055,58.849998474121094,106742003
2025-11-19,59.150001525878906,61.599998474121094,58.75,61.349998474121094,126977080
2025-11-20,61.650001525878906,62.29999923706055,60.5,61.900001525878906,115990105
2025-11-21,61.54999923706055,62.0,60.70000076293945,61.79999923706055,96592433
2025-11-24,61.45000076293945,63.099998474121094,61.29999923706055,62.900001525878906,122292540
2025-11-25,63.099998474121094,63.849998474121094,62.25,63.400001525878906,148040826
2025-11-26,63.45000076293945,63.900001525878906,63.04999923706055,63.5,79768119
2025-11-27,64.0,64.75,63.45000076293945,63.75,112590595
2025-11-28,63.54999923706055,64.9000015258789,63.5,64.75,98579659
2025-12-01,64.69999694824219,66.80000305175781,63.95000076293945,66.25,156666165
2025-12-02,66.3499984741211,66.55000305175781,65.4000015258789,66.05000305175781,139090446
2025-12-03,66.30000305175781,68.1500015258789,65.6500015258789,66.69999694824219,288126298
2025-12-04,66.9000015258789,67.0999984741211,63.95000076293945,64.4000015258789,154221145
2025-12-05,64.3499984741211,67.1500015258789,64.19999694824219,67.0,174274956
2025-12-08,67.69999694824219,69.80000305175781,67.5999984741211,68.30000305175781,129704282
2025-12-09,68.3499984741211,69.5,67.8499984741211,69.30000305175781,111936685
2025-12-10,69.44999694824219,69.55000305175781,67.69999694824219,68.6500015258789,123335569
2025-12-11,68.80000305175781,69.9000015258789,68.19999694824219,69.0,181861925
2025-12-12,69.3499984741211,70.30000305175781,68.44999694824219,69.55000305175781,79782866
2025-12-15,69.75,71.0,69.4000015258789,71.0,80518973
2025-12-16,70.94999694824219,71.4000015258789,70.19999694824219,71.30000305175781,71275588
2025-12-17,71.1500015258789,71.25,69.75,70.69999694824219,78876952
2025-12-18,70.8499984741211,71.5999984741211,69.9000015258789,71.1500015258789,79132589
2025-12-19,71.25,71.94999694824219,70.8499984741211,71.80000305175781,85809859
2025-12-22,72.0,73.3499984741211,71.55000305175781,72.9000015258789,66552845
2025-12-23,72.55000305175781,73.6500015258789,71.6500015258789,71.94999694824219,78667504
2025-12-24,72.05000305175781,72.44999694824219,69.80000305175781,69.8499984741211,60517161
2025-12-25,70.1500015258789,70.69999694824219,69.5999984741211,69.75,29010795
2025-12-26,69.75,70.0999984741211,68.69999694824219,69.25,48721582
2025-12-29,69.30000305175781,70.4000015258789,68.5999984741211,69.55000305175781,65331759
2025-12-30,69.69999694824219,69.94999694824219,69.0,69.75,41656445
2025-12-31,69.9000015258789,70.94999694824219,69.69999694824219,69.80000305175781,74571658
2026-01-02,70.0999984741211,73.5,70.0999984741211,73.5,87346615
2026-01-05,73.9000015258789,74.25,72.6500015258789,73.19999694824219,96172422
2026-01-06,73.3499984741211,75.05000305175781,72.75,74.4000015258789,107913405
2026-01-07,74.5,74.69999694824219,72.1500015258789,72.30000305175781,93336994
2026-01-08,72.3499984741211,73.05000305175781,71.69999694824219,72.69999694824219,80616052
2026-01-09,73.19999694824219,74.30000305175781,72.94999694824219,73.80000305175781,96406766
2026-01-12,74.0999984741211,75.19999694824219,73.19999694824219,73.5,81393710
2026-01-13,73.55000305175781,75.0999984741211,72.9000015258789,74.5,83494226
2026-01-14,74.9000015258789,75.0999984741211,73.69999694824219,74.0,63952882
2026-01-15,73.94999694824219,74.55000305175781,72.5999984741211,73.8499984741211,73254946
2026-01-16,74.05000305175781,75.5999984741211,73.75,74.9000015258789,146855379
2026-01-19,75.25,77.6500015258789,75.1500015258789,77.30000305175781,131731832
2026-01-20,77.5999984741211,79.1500015258789,76.80000305175781,78.19999694824219,96843898
2026-01-21,78.4000015258789,79.9000015258789,77.9000015258789,79.9000015258789,102660384
2026-01-22,80.30000305175781,80.44999694824219,76.80000305175781,77.80000305175781,146538041
2026-01-23,78.30000305175781,79.75,78.0999984741211,78.8499984741211,112988522
2026-01-26,78.19999694824219,79.75,77.1500015258789,79.6500015258789,93416787
2026-01-27,79.8499984741211,81.0,78.80000305175781,79.55000305175781,110809029
2026-01-28,79.80000305175781,86.0999984741211,79.55000305175781,84.8499984741211,172690992
2026-01-29,85.75,91.55000305175781,85.0999984741211,89.0,190801344
2026-01-30,89.0,92.94999694824219,87.9000015258789,92.94999694824219,154140709
2026-02-02,91.1500015258789,93.3499984741211,88.6500015258789,90.94999694824219,193525093
2026-02-03,90.94999694824219,91.0,86.8499984741211,87.94999694824219,268386545
2026-02-04,88.3499984741211,88.75,85.6500015258789,85.6500015258789,131179438
2026-02-05,85.5999984741211,85.9000015258789,84.05000305175781,84.4000015258789,121806464
2026-02-06,84.4000015258789,85.4000015258789,82.9000015258789,83.8499984741211,97424846
2026-02-09,84.80000305175781,86.3499984741211,84.75,85.44999694824219,126338000
2026-02-10,85.5999984741211,85.6500015258789,83.30000305175781,83.55000305175781,100678699
2026-02-11,83.1500015258789,84.80000305175781,82.6500015258789,83.94999694824219,99579681
2026-02-12,84.19999694824219,91.19999694824219,84.05000305175781,91.1500015258789,229968914
2026-02-13,91.0999984741211,91.69999694824219,88.44999694824219,88.69999694824219,118646606
2026-02-16,89.19999694824219,90.25,88.19999694824219,89.5,87548193
2026-02-17,89.25,91.0,88.9000015258789,88.9000015258789,93633091
2026-02-18,89.19999694824219,92.30000305175781,88.94999694824219,90.5,137839259
2026-02-19,91.0,91.05000305175781,86.44999694824219,87.0,103799361
2026-02-20,87.0,88.3499984741211,85.55000305175781,88.3499984741211,93436385
2026-02-23,89.75,91.0999984741211,88.75,90.3499984741211,134597261
2026-02-24,89.9000015258789,92.0999984741211,89.0,91.55000305175781,98805414
2026-02-25,91.69999694824219,92.8499984741211,89.75,91.0,111915545
2026-02-26,91.19999694824219,93.0999984741211,89.75,91.69999694824219,78520727
2026-02-27,92.3499984741211,93.5,89.1500015258789,90.1500015258789,114684024
2026-03-02,85.0999984741211,86.69999694824219,82.0999984741211,82.75,98769212
2026-03-03,81.75,84.0,78.05000305175781,78.9000015258789,106917553
2026-03-04,78.94999694824219,80.25,77.69999694824219,78.44999694824219,122155687
2026-03-05,79.30000305175781,81.19999694824219,79.30000305175781,79.5999984741211,52412668
2026-03-06,79.0,80.25,73.0999984741211,74.05000305175781,118526833
2026-03-09,71.19999694824219,73.9000015258789,69.30000305175781,73.5999984741211,168363803
2026-03-10,76.8499984741211,78.19999694824219,75.44999694824219,77.0999984741211,95851404
2026-03-11,76.94999694824219,77.69999694824219,75.30000305175781,77.55000305175781,96519339
2026-03-12,76.44999694824219,78.69999694824219,75.1500015258789,75.75,145752390
2026-03-13,75.30000305175781,75.3499984741211,71.69999694824219,72.55000305175781,124021617
2026-03-16,72.80000305175781,73.44999694824219,71.80000305175781,72.69999694824219,81045986
2026-03-17,73.30000305175781,76.5,73.19999694824219,75.80000305175781,105162072
2026-03-18,76.25,77.19999694824219,74.94999694824219,75.69999694824219,91425442
2026-03-19,74.5999984741211,75.5,73.3499984741211,73.5999984741211,38275313
2026-03-23,71.30000305175781,73.5,68.0,73.0999984741211,265710458
2026-03-24,71.94999694824219,72.94999694824219,70.30000305175781,70.30000305175781,103386429
2026-03-25,71.69999694824219,72.44999694824219,70.9000015258789,70.9000015258789,107675770
2026-03-26,68.5999984741211,69.9000015258789,66.75,67.25,90829385
2026-03-27,67.75,68.30000305175781,66.0999984741211,66.9000015258789,78516965
2026-03-30,66.75,66.8499984741211,65.05000305175781,65.5999984741211,92947863
2026-03-31,65.9000015258789,67.69999694824219,65.6500015258789,66.0,120022442
2026-04-01,69.0,69.0,67.5999984741211,68.25,119338472
2026-04-02,66.6500015258789,69.4000015258789,66.44999694824219,69.25,95329896
2026-04-03,69.30000305175781,70.25,68.25,68.75,77195433
2026-04-06,69.0,71.4000015258789,68.94999694824219,70.30000305175781,96991162
2026-04-07,70.0,70.69999694824219,68.5,69.25,87632891
2026-04-08,75.0,76.1500015258789,73.75,75.75,159266547
2026-04-09,75.3499984741211,76.05000305175781,74.4000015258789,75.30000305175781,121611302
2026-04-10,76.0,78.5,75.8499984741211,78.4000015258789,121958318
2026-04-13,76.5999984741211,77.69999694824219,75.30000305175781,77.4000015258789,128526158
2026-04-14,78.94999694824219,81.0999984741211,77.1500015258789,78.44999694824219,163378836
2026-04-15,78.8499984741211,79.25,78.0999984741211,78.9000015258789,72630584
2026-04-16,79.5999984741211,80.5,77.5,78.0999984741211,84412322
2026-04-17,78.19999694824219,83.8499984741211,77.4000015258789,83.55000305175781,171211565
2026-04-20,81.6500015258789,83.0,81.30000305175781,81.8499984741211,121572943
2026-04-21,82.19999694824219,82.6500015258789,80.75,80.75,64597825
2026-04-22,81.69999694824219,82.0999984741211,78.69999694824219,79.25,97886805
2026-04-24,78.69999694824219,79.1500015258789,77.5999984741211,77.9000015258789,92696662
2026-04-27,78.0,79.3499984741211,77.19999694824219,77.69999694824219,85905779
2026-04-28,77.80000305175781,78.44999694824219,75.94999694824219,75.94999694824219,83163069
2026-04-29,76.3499984741211,76.9000015258789,73.6500015258789,73.69999694824219,112160625
2026-04-30,73.0999984741211,74.05000305175781,72.8499984741211,73.19999694824219,119107754
2026-05-04,73.3499984741211,73.5999984741211,70.4000015258789,70.6500015258789,153716653
2026-05-05,70.75,71.5,70.19999694824219,70.69999694824219,113971461
2026-05-06,72.5,75.44999694824219,72.1500015258789,74.3499984741211,263674524
2026-05-07,74.75,76.44999694824219,74.5,75.19999694824219,156929000
2026-05-08,74.6500015258789,76.1500015258789,73.9000015258789,75.25,131973117
2026-05-11,74.9000015258789,76.0999984741211,74.19999694824219,75.8499984741211,142376341
2026-05-12,75.75,76.19999694824219,72.75,72.75,122754063
2026-05-13,73.5,73.69999694824219,71.05000305175781,71.55000305175781,104825683
2026-05-14,72.0999984741211,73.44999694824219,71.30000305175781,72.3499984741211,130258986
2026-05-15,71.3499984741211,71.44999694824219,69.75,70.25,105928792
2026-05-18,69.80000305175781,71.1500015258789,69.0,70.0999984741211,104054753
2026-05-20,69.25,69.80000305175781,68.75,69.0999984741211,183781142
2026-05-21,69.0999984741211,69.5,62.20000076293945,62.20000076293945,97702960
2026-05-22,60.849998474121094,64.44999694824219,60.650001525878906,63.599998474121094,406472082
2026-05-25,64.19999694824219,66.05000305175781,63.70000076293945,65.4000015258789,125346119
2026-05-26,65.0999984741211,65.5999984741211,64.0,64.0,72536655
2026-05-27,64.0,64.0,64.0,64.0,0
2026-05-28,64.0,64.0,64.0,64.0,0
2026-05-29,64.0,64.0,64.0,64.0,0
2026-06-01,64.55000305175781,66.1500015258789,63.400001525878906,63.70000076293945,205912090
2026-06-02,64.5,66.55000305175781,64.5,65.94999694824219,230426736
2026-06-03,65.69999694824219,66.5,64.8499984741211,64.8499984741211,169675801
2026-06-04,65.5999984741211,67.25,64.6500015258789,67.1500015258789,177397473
2026-06-05,67.44999694824219,67.55000305175781,64.4000015258789,64.5,152389168
2026-06-08,63.650001525878906,67.4000015258789,63.45000076293945,66.9000015258789,170008643
2026-06-09,66.94999694824219,68.25,66.69999694824219,67.1500015258789,122734065
2026-06-10,67.0,67.44999694824219,65.5999984741211,66.0999984741211,99313495
2026-06-11,66.3499984741211,67.5,64.8499984741211,66.80000305175781,137050859
2026-06-12,69.0,72.5999984741211,68.4000015258789,72.5999984741211,247723163
2026-06-15,77.80000305175781,78.1500015258789,75.5,76.75,175534688
2026-06-16,76.9000015258789,77.6500015258789,76.05000305175781,77.0999984741211,116731723
2026-06-17,77.4000015258789,78.5,76.6500015258789,78.0,112738906
2026-06-18,78.30000305175781,81.5,78.0999984741211,81.0999984741211,139070596
2026-06-19,79.9000015258789,83.0,79.80000305175781,81.8499984741211,136887074
2026-06-22,82.5,82.9000015258789,81.55000305175781,82.0,71939721
2026-06-23,81.69999694824219,81.8499984741211,79.69999694824219,80.5,84757120
2026-06-24,80.55000305175781,81.6500015258789,79.69999694824219,80.94999694824219,77633485
2026-06-25,82.4000015258789,83.0,77.0999984741211,77.19999694824219,114519923
2026-06-26,77.25,77.9000015258789,76.44999694824219,77.25,66354920
2026-06-29,77.55000305175781,78.6500015258789,76.30000305175781,77.19999694824219,83449915
2026-06-30,77.4000015258789,78.05000305175781,76.5999984741211,77.0,108359556
2026-07-01,76.69999694824219,78.25,75.6500015258789,77.8499984741211,138758867
2026-07-02,78.0999984741211,78.8499984741211,77.0999984741211,77.94999694824219,95377409
2026-07-03,78.69999694824219,78.69999694824219,73.44999694824219,73.75,192059490
2026-07-06,74.25,74.75,73.05000305175781,73.5,104545434
2026-07-07,73.30000305175781,75.1500015258789,73.19999694824219,73.5999984741211,101711621
2026-07-08,73.05000305175781,73.55000305175781,70.6500015258789,70.6500015258789,145917996
2026-07-09,71.19999694824219,71.5,70.05000305175781,70.19999694824219,84840566
2026-07-10,70.19999694824219,71.0999984741211,68.5999984741211,68.75,147110522
2026-07-13,67.75,68.0,66.9000015258789,67.6500015258789,155690527
2026-07-14,67.5999984741211,69.55000305175781,67.44999694824219,69.0999984741211,114435800
2026-07-16,69.30000305175781,69.75,67.1500015258789,68.5999984741211,165218737
2026-07-17,68.30000305175781,68.4000015258789,66.5,66.5,152675856
2026-07-20,66.5999984741211,67.75,66.1500015258789,66.8499984741211,106779859
2026-07-21,67.05000305175781,67.5,66.25,66.69999694824219,94739634
2026-07-22,66.80000305175781,67.1500015258789,65.94999694824219,66.55000305175781,115581013
2026-07-23,66.6500015258789,67.1500015258789,66.1500015258789,67.05000305175781,124594164
2026-07-24,67.05000305175781,68.30000305175781,66.80000305175781,67.5999984741211,130918130
2026-07-27,69.05000305175781,69.6500015258789,66.25,66.44999694824219,172388887
2026-07-28,66.80000305175781,67.30000305175781,65.80000305175781,65.80000305175781,124096174
2026-07-29,66.0,66.3499984741211,62.900001525878906,63.29999923706055,194948481
2026-07-30,63.29999923706055,63.54999923706055,61.29999923706055,61.599998474121094,168767186
2026-07-31,62.0,63.849998474121094,61.349998474121094,63.400001525878906,181079262
2026-08-03,64.19999694824219,66.5999984741211,63.900001525878906,66.0,221170129
2026-08-04,66.0,68.30000305175781,65.3499984741211,68.0999984741211,235067903
2026-08-05,67.5,68.05000305175781,66.5,67.55000305175781,127280890
2026-08-06,67.80000305175781,68.8499984741211,66.6500015258789,67.0999984741211,129735618
2026-08-07,67.25,67.94999694824219,66.55000305175781,67.4000015258789,118586545
2026-08-10,67.9000015258789,67.9000015258789,66.44999694824219,66.80000305175781,93235544
2026-08-11,66.44999694824219,67.0,64.4000015258789,66.1500015258789,168547581
2026-08-12,66.0,69.19999694824219,65.8499984741211,68.80000305175781,230729455
2026-08-13,69.0,70.05000305175781,68.19999694824219,69.05000305175781,145657147
2026-08-14,69.0,69.6500015258789,68.55000305175781,68.80000305175781,128800446
2026-08-17,68.94999694824219,69.19999694824219,68.0,68.0,83855483
2026-08-18,67.5999984741211,68.80000305175781,67.19999694824219,67.6500015258789,88354193
2026-08-19,67.6500015258789,70.44999694824219,67.30000305175781,70.30000305175781,150170756
2026-08-20,70.6500015258789,71.75,68.8499984741211,69.19999694824219,133413019
2026-08-21,69.4000015258789,71.5,69.30000305175781,69.69999694824219,166762304
2026-08-24,72.5999984741211,73.3499984741211,71.3499984741211,72.0999984741211,182768779
2026-08-25,72.1500015258789,72.9000015258789,71.44999694824219,72.0,147641236
2026-08-26,72.5,74.8499984741211,72.4000015258789,73.1500015258789,206790108
2026-08-27,73.5,74.30000305175781,72.44999694824219,72.8499984741211,134916666
2026-08-28,73.1500015258789,73.4000015258789,72.5,73.19999694824219,135778198
2026-08-31,73.4000015258789,73.4000015258789,71.25,71.8499984741211,166818966
2026-09-01,71.8499984741211,73.5999984741211,71.3499984741211,71.94999694824219,170045935
2026-09-02,71.30000305175781,71.69999694824219,68.55000305175781,71.5,154689884
2026-09-03,72.25,73.3499984741211,71.3499984741211,71.55000305175781,162759332
2026-09-04,72.0,72.75,71.1500015258789,71.8499984741211,153672641
2026-09-08,73.4000015258789,74.94999694824219,72.19999694824219,74.94999694824219,322399528
2026-09-09,75.05000305175781,76.30000305175781,72.6500015258789,72.94999694824219,372553606
2026-09-10,73.25,73.4000015258789,70.5999984741211,72.0999984741211,222813703
2026-09-11,72.1500015258789,73.5999984741211,71.9000015258789,72.69999694824219,198445068
2026-09-14,72.0,73.44999694824219,71.75,72.55000305175781,121396176
2026-09-15,72.5999984741211,73.0,69.5,69.55000305175781,151461390
2026-09-16,69.80000305175781,69.94999694824219,62.79999923706055,65.19999694824219,308313185
