Date,Open,High,Low,Close,Volume
2021-09-17,1.8300000429153442,1.840000033378601,1.809999942779541,1.8200000524520874,70219219
2021-09-20,1.809999942779541,1.809999942779541,1.7599999904632568,1.7799999713897705,132343032
2021-09-21,1.7999999523162842,1.7999999523162842,1.7599999904632568,1.7699999809265137,182250445
2021-09-22,1.7799999713897705,1.7899999618530273,1.7599999904632568,1.7899999618530273,76433832
2021-09-23,1.7899999618530273,1.850000023841858,1.7599999904632568,1.8200000524520874,309466201
2021-09-24,1.809999942779541,1.8200000524520874,1.7799999713897705,1.7899999618530273,180419898
2021-09-27,1.7999999523162842,1.7999999523162842,1.7599999904632568,1.7799999713897705,117403916
2021-09-28,1.7799999713897705,1.7899999618530273,1.7599999904632568,1.7799999713897705,83965882
2021-09-29,1.7799999713897705,1.7999999523162842,1.7799999713897705,1.7799999713897705,84906262
2021-09-30,1.7899999618530273,1.7999999523162842,1.7799999713897705,1.7899999618530273,88004949
2021-10-01,1.7799999713897705,1.7899999618530273,1.7699999809265137,1.7699999809265137,37090794
2021-10-04,1.7799999713897705,1.7999999523162842,1.7699999809265137,1.7899999618530273,92467532
2021-10-05,1.7999999523162842,1.7999999523162842,1.7699999809265137,1.7799999713897705,74074837
2021-10-06,1.7699999809265137,1.7799999713897705,1.7400000095367432,1.7599999904632568,90948775
2021-10-07,1.7699999809265137,1.7799999713897705,1.7599999904632568,1.7799999713897705,84296361
2021-10-08,1.7699999809265137,1.7999999523162842,1.7599999904632568,1.7799999713897705,251803201
2021-10-11,1.7799999713897705,1.809999942779541,1.7799999713897705,1.7899999618530273,129741083
2021-10-12,1.7899999618530273,1.840000033378601,1.7799999713897705,1.8300000429153442,219606028
2021-10-13,1.840000033378601,1.8600000143051147,1.809999942779541,1.8200000524520874,365682600
2021-10-14,1.8200000524520874,1.840000033378601,1.809999942779541,1.840000033378601,117214939
2021-10-15,1.840000033378601,1.899999976158142,1.840000033378601,1.8799999952316284,438656479
2021-10-18,1.8799999952316284,1.9199999570846558,1.8700000047683716,1.9199999570846558,180564730
2021-10-19,1.9299999475479126,1.9600000381469727,1.909999966621399,1.909999966621399,310659662
2021-10-20,1.909999966621399,1.9600000381469727,1.899999976158142,1.9199999570846558,350190296
2021-10-21,1.909999966621399,1.9700000286102295,1.899999976158142,1.940000057220459,394207425
2021-10-22,1.940000057220459,1.9700000286102295,1.9199999570846558,1.9600000381469727,189835978
2021-10-25,1.940000057220459,2.0,1.940000057220459,1.9700000286102295,223116926
2021-10-26,1.9800000190734863,2.009999990463257,1.9600000381469727,1.9700000286102295,133368296
2021-10-27,1.9700000286102295,1.9900000095367432,1.9600000381469727,1.9700000286102295,200524173
2021-10-28,1.9700000286102295,1.9700000286102295,1.9500000476837158,1.9700000286102295,27935639
2021-11-01,1.9700000286102295,2.0399999618530273,1.9600000381469727,2.0299999713897705,190751987
2021-11-02,2.0199999809265137,2.049999952316284,2.0,2.0299999713897705,161100419
2021-11-03,2.0299999713897705,2.0399999618530273,1.9299999475479126,1.9900000095367432,472624058
2021-11-04,2.0,2.049999952316284,2.0,2.049999952316284,273504341
2021-11-05,2.049999952316284,2.109999895095825,2.049999952316284,2.059999942779541,290663798
2021-11-08,2.069999933242798,2.109999895095825,2.049999952316284,2.0999999046325684,112957780
2021-11-09,2.0999999046325684,2.1500000953674316,2.0999999046325684,2.119999885559082,305816647
2021-11-10,2.119999885559082,2.1500000953674316,2.0999999046325684,2.109999895095825,259530533
2021-11-11,2.0999999046325684,2.109999895095825,2.0299999713897705,2.0399999618530273,189623786
2021-11-12,2.049999952316284,2.0899999141693115,2.0399999618530273,2.059999942779541,92217476
2021-11-15,2.0899999141693115,2.190000057220459,2.0799999237060547,2.180000066757202,298607546
2021-11-16,2.1700000762939453,2.180000066757202,2.0899999141693115,2.0899999141693115,168699039
2021-11-17,2.0899999141693115,2.180000066757202,2.0799999237060547,2.180000066757202,299166454
2021-11-18,2.1700000762939453,2.2200000286102295,2.0999999046325684,2.1500000953674316,369102263
2021-11-19,2.1700000762939453,2.2200000286102295,2.1700000762939453,2.180000066757202,167013214
2021-11-22,2.200000047683716,2.2200000286102295,2.180000066757202,2.190000057220459,99016866
2021-11-23,2.190000057220459,2.2100000381469727,2.109999895095825,2.1700000762939453,342142546
2021-11-24,2.190000057220459,2.25,2.190000057220459,2.2200000286102295,261845030
2021-11-25,2.2300000190734863,2.25,2.2100000381469727,2.2100000381469727,137428307
2021-11-26,2.190000057220459,2.2300000190734863,2.140000104904175,2.2200000286102295,411385769
2021-11-29,2.25,2.2899999618530273,2.2300000190734863,2.259999990463257,300780975
2021-11-30,2.25,2.2899999618530273,2.2300000190734863,2.240000009536743,175418569
2021-12-01,2.2699999809265137,2.299999952316284,2.259999990463257,2.2799999713897705,282405915
2021-12-02,2.309999942779541,2.380000114440918,2.309999942779541,2.359999895095825,402184360
2021-12-03,2.380000114440918,2.390000104904175,2.359999895095825,2.369999885559082,171906283
2021-12-06,2.380000114440918,2.4000000953674316,2.369999885559082,2.380000114440918,147758120
2021-12-07,2.390000104904175,2.440000057220459,2.359999895095825,2.4000000953674316,272904882
2021-12-08,2.4200000762939453,2.559999942779541,2.390000104904175,2.5399999618530273,787506148
2021-12-09,2.549999952316284,2.5799999237060547,2.5,2.5299999713897705,516419283
2021-12-10,2.5399999618530273,2.5799999237060547,2.4200000762939453,2.509999990463257,494760382
2021-12-13,2.5299999713897705,2.5999999046325684,2.509999990463257,2.5299999713897705,599228629
2021-12-14,2.549999952316284,2.690000057220459,2.5399999618530273,2.690000057220459,665011403
2021-12-15,2.7300000190734863,2.7799999713897705,2.5999999046325684,2.609999895095825,609459952
2021-12-16,2.640000104904175,2.799999952316284,2.630000114440918,2.7699999809265137,523283642
2021-12-17,2.8299999237060547,2.890000104904175,2.5,2.5,709666700
2021-12-20,2.3499999046325684,2.5999999046325684,2.25,2.3399999141693115,404299735
2021-12-21,2.450000047683716,2.4800000190734863,2.1500000953674316,2.180000066757202,368983578
2021-12-22,2.140000104904175,2.2899999618530273,2.130000114440918,2.130000114440918,296970343
2021-12-23,2.1700000762939453,2.2200000286102295,2.069999933242798,2.119999885559082,194762037
2021-12-24,2.1500000953674316,2.2200000286102295,2.119999885559082,2.2200000286102295,171786902
2021-12-27,2.2200000286102295,2.2699999809265137,2.180000066757202,2.2200000286102295,299386805
2021-12-28,2.259999990463257,2.319999933242798,2.190000057220459,2.200000047683716,470299461
2021-12-29,2.2100000381469727,2.2300000190734863,2.1500000953674316,2.200000047683716,310132243
2021-12-30,2.2200000286102295,2.2300000190734863,2.180000066757202,2.190000057220459,185411273
2021-12-31,2.200000047683716,2.200000047683716,2.130000114440918,2.140000104904175,131070538
2022-01-03,2.1600000858306885,2.2300000190734863,2.140000104904175,2.2300000190734863,166473217
2022-01-04,2.240000009536743,2.2899999618530273,2.2100000381469727,2.259999990463257,273350002
2022-01-05,2.259999990463257,2.299999952316284,2.2300000190734863,2.2899999618530273,166360497
2022-01-06,2.2699999809265137,2.309999942779541,2.259999990463257,2.259999990463257,189706095
2022-01-07,2.2799999713897705,2.3499999046325684,2.2699999809265137,2.3399999141693115,240845338
2022-01-10,2.359999895095825,2.4600000381469727,2.3499999046325684,2.4200000762939453,341521866
2022-01-11,2.440000057220459,2.4600000381469727,2.3499999046325684,2.369999885559082,367398640
2022-01-12,2.4000000953674316,2.4200000762939453,2.359999895095825,2.380000114440918,173810505
2022-01-13,2.369999885559082,2.390000104904175,2.359999895095825,2.369999885559082,158657571
2022-01-14,2.380000114440918,2.440000057220459,2.369999885559082,2.430000066757202,429876051
2022-01-17,2.450000047683716,2.5299999713897705,2.440000057220459,2.509999990463257,330163626
2022-01-18,2.5,2.5399999618530273,2.380000114440918,2.380000114440918,314809864
2022-01-19,2.380000114440918,2.490000009536743,2.3399999141693115,2.4700000286102295,538121874
2022-01-20,2.490000009536743,2.5,2.369999885559082,2.4000000953674316,384094081
2022-01-21,2.4000000953674316,2.450000047683716,2.369999885559082,2.450000047683716,241893593
2022-01-24,2.450000047683716,2.4600000381469727,2.2899999618530273,2.299999952316284,393172008
2022-01-25,2.319999933242798,2.3399999141693115,2.2899999618530273,2.309999942779541,133600808
2022-01-26,2.319999933242798,2.3499999046325684,2.299999952316284,2.299999952316284,192648007
2022-01-27,2.259999990463257,2.3299999237060547,2.25,2.319999933242798,160715306
2022-01-28,2.3299999237060547,2.4100000858306885,2.319999933242798,2.359999895095825,379548073
2022-01-31,2.390000104904175,2.440000057220459,2.380000114440918,2.4100000858306885,192100886
2022-02-01,2.430000066757202,2.490000009536743,2.4200000762939453,2.4800000190734863,145638237
2022-02-02,2.490000009536743,2.509999990463257,2.4200000762939453,2.430000066757202,234146358
2022-02-03,2.4200000762939453,2.4600000381469727,2.369999885559082,2.380000114440918,152861010
2022-02-04,2.4000000953674316,2.4000000953674316,2.3399999141693115,2.3399999141693115,148316825
2022-02-07,2.3399999141693115,2.3399999141693115,2.25,2.319999933242798,305585664
2022-02-08,2.3299999237060547,2.3499999046325684,2.299999952316284,2.309999942779541,115307975
2022-02-09,2.3299999237060547,2.369999885559082,2.319999933242798,2.3399999141693115,190488455
2022-02-10,2.3399999141693115,2.359999895095825,2.309999942779541,2.3299999237060547,172397442
2022-02-11,2.299999952316284,2.3399999141693115,2.259999990463257,2.319999933242798,230548673
2022-02-14,2.2799999713897705,2.299999952316284,2.240000009536743,2.259999990463257,289020984
2022-02-15,2.2699999809265137,2.3299999237060547,2.259999990463257,2.309999942779541,228102804
2022-02-16,2.319999933242798,2.369999885559082,2.319999933242798,2.359999895095825,205442293
2022-02-17,2.369999885559082,2.380000114440918,2.2799999713897705,2.299999952316284,192423204
2022-02-18,2.309999942779541,2.3399999141693115,2.309999942779541,2.3299999237060547,79888780
2022-02-21,2.3499999046325684,2.369999885559082,2.2799999713897705,2.299999952316284,114261938
2022-02-22,2.259999990463257,2.2699999809265137,2.2200000286102295,2.2300000190734863,178920444
2022-02-23,2.25,2.259999990463257,2.2100000381469727,2.2100000381469727,76721345
2022-02-24,2.0199999809265137,2.069999933242798,1.9900000095367432,1.9900000095367432,132088535
2022-02-25,2.0,2.0799999237060547,1.9600000381469727,2.0399999618530273,322090178
2022-02-28,1.9900000095367432,2.0199999809265137,1.9700000286102295,1.9900000095367432,177793332
2022-03-01,2.009999990463257,2.049999952316284,1.9900000095367432,2.009999990463257,167976710
2022-03-02,2.009999990463257,2.0199999809265137,1.9900000095367432,1.9900000095367432,65473196
2022-03-03,2.009999990463257,2.049999952316284,2.0,2.0199999809265137,130420627
2022-03-04,2.009999990463257,2.069999933242798,2.009999990463257,2.0399999618530273,177348634
2022-03-07,2.0299999713897705,2.109999895095825,2.0199999809265137,2.0999999046325684,302295828
2022-03-08,2.0799999237060547,2.1500000953674316,2.0799999237060547,2.130000114440918,266293025
2022-03-09,2.1500000953674316,2.190000057220459,2.1500000953674316,2.180000066757202,169713191
2022-03-10,2.200000047683716,2.2100000381469727,2.119999885559082,2.119999885559082,237951281
2022-03-11,2.109999895095825,2.140000104904175,2.0999999046325684,2.109999895095825,148305697
2022-03-14,2.119999885559082,2.1700000762939453,2.109999895095825,2.1600000858306885,103036966
2022-03-15,2.1500000953674316,2.190000057220459,2.130000114440918,2.1700000762939453,137592614
2022-03-16,2.190000057220459,2.259999990463257,2.180000066757202,2.2300000190734863,376859305
2022-03-17,2.25,2.2799999713897705,2.240000009536743,2.25,167843157
2022-03-18,2.25,2.259999990463257,2.2200000286102295,2.240000009536743,58487882
2022-03-21,2.25,2.3399999141693115,2.25,2.3399999141693115,231686109
2022-03-22,2.3299999237060547,2.3499999046325684,2.299999952316284,2.3399999141693115,129960278
2022-03-23,2.359999895095825,2.380000114440918,2.3399999141693115,2.3399999141693115,178605858
2022-03-24,2.3499999046325684,2.359999895095825,2.240000009536743,2.259999990463257,237857971
2022-03-25,2.259999990463257,2.299999952316284,2.259999990463257,2.2799999713897705,109714698
2022-03-28,2.2899999618530273,2.359999895095825,2.2799999713897705,2.3399999141693115,252652483
2022-03-29,2.359999895095825,2.4200000762939453,2.359999895095825,2.369999885559082,226697070
2022-03-30,2.380000114440918,2.4100000858306885,2.3399999141693115,2.369999885559082,210420303
2022-03-31,2.380000114440918,2.390000104904175,2.3399999141693115,2.3499999046325684,82573501
2022-04-01,2.359999895095825,2.4000000953674316,2.3399999141693115,2.390000104904175,138233618
2022-04-04,2.4100000858306885,2.5299999713897705,2.4100000858306885,2.509999990463257,732716227
2022-04-05,2.5199999809265137,2.5999999046325684,2.490000009536743,2.5899999141693115,458743877
2022-04-06,2.5999999046325684,2.640000104904175,2.5399999618530273,2.549999952316284,325488573
2022-04-07,2.559999942779541,2.5899999141693115,2.5399999618530273,2.559999942779541,150758014
2022-04-08,2.5799999237060547,2.6700000762939453,2.569999933242798,2.619999885559082,510262770
2022-04-11,2.630000114440918,2.7699999809265137,2.630000114440918,2.759999990463257,672336649
2022-04-12,2.759999990463257,2.7699999809265137,2.6500000953674316,2.7200000286102295,528906070
2022-04-13,2.75,2.7799999713897705,2.680000066757202,2.7100000381469727,416693535
2022-04-14,2.7699999809265137,2.9800000190734863,2.7699999809265137,2.9800000190734863,883026835
2022-04-15,3.0199999809265137,3.0199999809265137,2.880000114440918,2.940000057220459,580160040
2022-04-18,2.9600000381469727,2.9600000381469727,2.869999885559082,2.9000000953674316,272718561
2022-04-19,2.9200000762939453,2.9600000381469727,2.869999885559082,2.9000000953674316,382581361
2022-04-20,2.9200000762939453,2.940000057220459,2.859999895095825,2.9100000858306885,333804530
2022-04-21,2.9200000762939453,3.1700000762939453,2.9200000762939453,3.0999999046325684,973511384
2022-04-22,3.0999999046325684,3.1700000762939453,2.869999885559082,2.9100000858306885,619954723
2022-04-25,2.809999942779541,2.8499999046325684,2.7300000190734863,2.759999990463257,488735580
2022-04-26,2.7799999713897705,2.809999942779541,2.5799999237060547,2.5999999046325684,537223490
2022-04-27,2.619999885559082,2.6600000858306885,2.569999933242798,2.630000114440918,475627970
2022-04-28,2.6500000953674316,2.75,2.630000114440918,2.6500000953674316,410655182
2022-04-29,2.6700000762939453,2.690000057220459,2.5899999141693115,2.6600000858306885,430028266
2022-05-05,2.7200000286102295,2.7799999713897705,2.690000057220459,2.7100000381469727,269001678
2022-05-06,2.690000057220459,2.700000047683716,2.640000104904175,2.690000057220459,184131104
2022-05-09,2.690000057220459,2.7200000286102295,2.6500000953674316,2.680000066757202,333966974
2022-05-10,2.869999885559082,2.890000104904175,2.809999942779541,2.8299999237060547,217367823
2022-05-11,2.7699999809265137,2.7699999809265137,2.6700000762939453,2.75,295828603
2022-05-12,2.7100000381469727,2.7200000286102295,2.619999885559082,2.6700000762939453,456855998
2022-05-13,2.690000057220459,2.7100000381469727,2.6500000953674316,2.690000057220459,199505573
2022-05-16,2.690000057220459,2.7300000190734863,2.619999885559082,2.619999885559082,398140242
2022-05-17,2.6500000953674316,2.680000066757202,2.609999895095825,2.630000114440918,340284441
2022-05-18,2.630000114440918,2.6700000762939453,2.5999999046325684,2.619999885559082,286059904
2022-05-20,2.619999885559082,2.6600000858306885,2.609999895095825,2.630000114440918,258529336
2022-05-23,2.6500000953674316,2.6600000858306885,2.559999942779541,2.569999933242798,223122498
2022-05-24,2.5899999141693115,2.5899999141693115,2.5299999713897705,2.559999942779541,202740086
2022-05-25,2.569999933242798,2.619999885559082,2.549999952316284,2.5999999046325684,240948695
2022-05-26,2.609999895095825,2.630000114440918,2.5899999141693115,2.609999895095825,176739335
2022-05-27,2.619999885559082,2.640000104904175,2.5799999237060547,2.5799999237060547,147518519
2022-05-30,2.609999895095825,2.7100000381469727,2.5999999046325684,2.690000057220459,305273979
2022-05-31,2.700000047683716,2.9000000953674316,2.700000047683716,2.869999885559082,582960517
2022-06-01,2.8399999141693115,2.9100000858306885,2.7899999618530273,2.809999942779541,395962347
2022-06-02,2.809999942779541,2.869999885559082,2.799999952316284,2.809999942779541,256225045
2022-06-03,2.8299999237060547,2.859999895095825,2.7799999713897705,2.7799999713897705,202849429
2022-06-06,2.799999952316284,2.890000104904175,2.799999952316284,2.869999885559082,383299554
2022-06-07,2.880000114440918,2.9000000953674316,2.819999933242798,2.8399999141693115,317139231
2022-06-08,2.859999895095825,2.880000114440918,2.6600000858306885,2.680000066757202,381306568
2022-06-09,2.690000057220459,2.700000047683716,2.5899999141693115,2.680000066757202,304925147
2022-06-10,2.640000104904175,2.700000047683716,2.569999933242798,2.5899999141693115,366887310
2022-06-13,2.559999942779541,2.619999885559082,2.559999942779541,2.5899999141693115,269294399
2022-06-14,2.619999885559082,2.630000114440918,2.569999933242798,2.5799999237060547,202739645
2022-06-15,2.5899999141693115,2.619999885559082,2.569999933242798,2.5999999046325684,125529498
2022-06-16,2.609999895095825,2.619999885559082,2.509999990463257,2.549999952316284,214255057
2022-06-17,2.569999933242798,2.619999885559082,2.549999952316284,2.619999885559082,125593943
2022-06-20,2.640000104904175,2.6500000953674316,2.5999999046325684,2.619999885559082,152132953
2022-06-21,2.640000104904175,2.6700000762939453,2.619999885559082,2.6500000953674316,155739284
2022-06-22,2.630000114440918,2.640000104904175,2.609999895095825,2.640000104904175,114803373
2022-06-23,2.640000104904175,2.6600000858306885,2.5799999237060547,2.5899999141693115,144924886
2022-06-24,2.5899999141693115,2.609999895095825,2.549999952316284,2.5999999046325684,137397547
2022-06-27,2.5199999809265137,2.5199999809265137,2.5199999809265137,2.5199999809265137,1319392
2022-06-28,2.5899999141693115,2.6600000858306885,2.5899999141693115,2.619999885559082,221138190
2022-06-29,2.609999895095825,2.619999885559082,2.5199999809265137,2.5299999713897705,227468922
2022-06-30,2.630000114440918,2.7300000190734863,2.5899999141693115,2.640000104904175,424094649
2022-07-01,2.630000114440918,2.8399999141693115,2.619999885559082,2.809999942779541,274953038
2022-07-04,2.8499999046325684,2.9000000953674316,2.7899999618530273,2.8299999237060547,329739716
2022-07-05,2.819999933242798,2.9100000858306885,2.7799999713897705,2.7899999618530273,419372636
2022-07-06,2.809999942779541,2.859999895095825,2.7200000286102295,2.759999990463257,325273701
2022-07-07,2.7699999809265137,2.8499999046325684,2.7300000190734863,2.8399999141693115,246448482
2022-07-08,2.8299999237060547,2.8499999046325684,2.819999933242798,2.8299999237060547,46647669
2022-07-13,2.8299999237060547,2.890000104904175,2.7799999713897705,2.809999942779541,195905484
2022-07-14,2.819999933242798,2.990000009536743,2.809999942779541,2.950000047683716,282317022
2022-07-18,2.9800000190734863,3.009999990463257,2.950000047683716,2.9700000286102295,232253064
2022-07-19,2.9700000286102295,3.1500000953674316,2.9600000381469727,3.0199999809265137,470195077
2022-07-20,3.0299999713897705,3.049999952316284,2.9600000381469727,3.009999990463257,342365512
2022-07-21,3.009999990463257,3.0899999141693115,2.990000009536743,3.0199999809265137,392540839
2022-07-22,3.0299999713897705,3.2100000381469727,3.0199999809265137,3.1600000858306885,520809862
2022-07-25,3.1600000858306885,3.2200000286102295,3.119999885559082,3.1700000762939453,535191464
2022-07-26,3.190000057220459,3.2799999713897705,3.180000066757202,3.190000057220459,546387939
2022-07-27,3.2100000381469727,3.2300000190734863,3.1600000858306885,3.2200000286102295,329415131
2022-07-28,3.240000009536743,3.2899999618530273,3.119999885559082,3.1500000953674316,426435893
2022-07-29,3.1600000858306885,3.1600000858306885,3.069999933242798,3.0899999141693115,274290815
2022-08-01,3.0999999046325684,3.1500000953674316,3.069999933242798,3.140000104904175,405031484
2022-08-02,3.140000104904175,3.1700000762939453,3.069999933242798,3.0799999237060547,326977237
2022-08-03,3.0999999046325684,3.1600000858306885,3.0799999237060547,3.1600000858306885,260217963
2022-08-04,3.180000066757202,3.259999990463257,3.180000066757202,3.2300000190734863,291055510
2022-08-05,3.240000009536743,3.549999952316284,3.200000047683716,3.5,571849016
2022-08-08,3.490000009536743,3.7300000190734863,3.4200000762939453,3.440000057220459,734460884
2022-08-09,3.440000057220459,3.5399999618530273,3.369999885559082,3.4600000381469727,515922340
2022-08-10,3.450000047683716,3.700000047683716,3.440000057220459,3.630000114440918,553137155
2022-08-11,3.6600000858306885,3.740000009536743,3.559999942779541,3.6500000953674316,508963462
2022-08-12,3.6500000953674316,3.700000047683716,3.490000009536743,3.5399999618530273,380493550
2022-08-15,3.559999942779541,3.5999999046325684,3.4800000190734863,3.5199999809265137,374329523
2022-08-16,3.5399999618530273,3.5899999141693115,3.369999885559082,3.5399999618530273,486107838
2022-08-17,3.5899999141693115,3.8299999237060547,3.5899999141693115,3.759999990463257,731977528
2022-08-18,3.680000066757202,3.7300000190734863,3.5299999713897705,3.640000104904175,771010953
2022-08-19,3.6600000858306885,3.75,3.5999999046325684,3.6600000858306885,616686119
2022-08-22,3.7200000286102295,3.930000066757202,3.7100000381469727,3.880000114440918,821790442
2022-08-23,3.9000000953674316,4.039999961853027,3.869999885559082,3.9700000286102295,839734610
2022-08-24,4.010000228881836,4.03000020980835,3.7699999809265137,3.799999952316284,628167666
2022-08-25,3.819999933242798,3.9000000953674316,3.799999952316284,3.8399999141693115,688329828
2022-08-26,3.880000114440918,4.070000171661377,3.880000114440918,3.9600000381469727,41868203
2022-08-29,3.9600000381469727,4.079999923706055,3.9100000858306885,4.03000020980835,528464744
2022-08-31,4.059999942779541,4.110000133514404,4.0,4.010000228881836,704967927
2022-09-01,4.039999961853027,4.099999904632568,4.0,4.0,734785648
2022-09-02,4.039999961853027,4.099999904632568,4.019999980926514,4.050000190734863,548368059
2022-09-05,4.079999923706055,4.429999828338623,4.070000171661377,4.380000114440918,31662477
2022-09-06,4.489999771118164,4.670000076293945,4.269999980926514,4.510000228881836,605799574
2022-09-07,4.539999961853027,4.960000038146973,4.489999771118164,4.880000114440918,283366342
2022-09-08,4.920000076293945,5.139999866485596,4.820000171661377,4.889999866485596,1048953157
2022-09-09,4.96999979019165,5.210000038146973,4.900000095367432,5.110000133514404,24074983
2022-09-12,5.239999771118164,5.409999847412109,5.170000076293945,5.349999904632568,53758327
2022-09-13,5.46999979019165,5.510000228881836,4.820000171661377,4.820000171661377,46951786
2022-09-14,4.449999809265137,4.550000190734863,4.340000152587891,4.420000076293945,689424165
2022-09-15,4.46999979019165,4.550000190734863,3.9800000190734863,3.9800000190734863,623603432
2022-09-16,3.9000000953674316,4.369999885559082,3.8499999046325684,4.369999885559082,688826200
2022-09-19,4.440000057220459,4.610000133514404,3.940000057220459,3.940000057220459,681341089
2022-09-20,4.119999885559082,4.150000095367432,3.740000009536743,4.010000228881836,659397943
2022-09-21,3.9700000286102295,4.019999980926514,3.8399999141693115,3.9000000953674316,595260705
2022-09-22,3.890000104904175,4.139999866485596,3.859999895095825,4.03000020980835,866319937
2022-09-23,4.039999961853027,4.130000114440918,3.9600000381469727,3.9700000286102295,379428591
2022-09-26,3.950000047683716,3.9800000190734863,3.8399999141693115,3.930000066757202,331626475
2022-09-27,3.950000047683716,4.130000114440918,3.940000057220459,3.9800000190734863,600740819
2022-09-28,3.9700000286102295,4.050000190734863,3.859999895095825,3.869999885559082,420786944
2022-09-29,3.9100000858306885,3.9600000381469727,3.559999942779541,3.819999933242798,406185516
2022-09-30,3.8299999237060547,3.9000000953674316,3.7799999713897705,3.869999885559082,403467701
2022-10-03,3.9000000953674316,4.25,3.880000114440918,4.239999771118164,567808876
2022-10-04,4.260000228881836,4.28000020980835,4.150000095367432,4.210000038146973,431131291
2022-10-05,4.230000019073486,4.360000133514404,4.139999866485596,4.21999979019165,751898501
2022-10-06,4.269999980926514,4.349999904632568,4.230000019073486,4.300000190734863,625703810
2022-10-07,4.309999942779541,4.340000152587891,4.239999771118164,4.300000190734863,537922822
2022-10-10,4.329999923706055,4.380000114440918,4.300000190734863,4.320000171661377,577406128
2022-10-11,4.329999923706055,4.380000114440918,4.28000020980835,4.309999942779541,459270337
2022-10-12,4.320000171661377,4.329999923706055,4.139999866485596,4.139999866485596,427835914
2022-10-13,4.150000095367432,4.210000038146973,4.070000171661377,4.170000076293945,344596705
2022-10-14,4.25,4.260000228881836,4.170000076293945,4.21999979019165,430222135
2022-10-17,4.239999771118164,4.5,4.230000019073486,4.489999771118164,962032300
2022-10-18,4.539999961853027,4.639999866485596,4.349999904632568,4.389999866485596,885208952
2022-10-19,4.429999828338623,4.489999771118164,4.369999885559082,4.449999809265137,515408148
2022-10-20,4.46999979019165,4.590000152587891,4.460000038146973,4.5,796287687
2022-10-21,4.510000228881836,4.760000228881836,4.480000019073486,4.639999866485596,685376324
2022-10-24,4.710000038146973,4.739999771118164,4.630000114440918,4.630000114440918,462663206
2022-10-25,4.639999866485596,4.710000038146973,4.510000228881836,4.53000020980835,545239538
2022-10-26,4.539999961853027,4.659999847412109,4.539999961853027,4.570000171661377,427544742
2022-10-27,4.590000152587891,4.619999885559082,4.46999979019165,4.519999980926514,380937348
2022-10-28,4.5,4.519999980926514,4.409999847412109,4.420000076293945,141747402
2022-10-31,4.440000057220459,4.46999979019165,4.369999885559082,4.409999847412109,376586887
2022-11-01,4.429999828338623,4.539999961853027,4.409999847412109,4.510000228881836,628384999
2022-11-02,4.519999980926514,4.610000133514404,4.519999980926514,4.539999961853027,391566123
2022-11-03,4.539999961853027,4.579999923706055,4.489999771118164,4.53000020980835,397388373
2022-11-04,4.559999942779541,4.639999866485596,4.550000190734863,4.599999904632568,441155621
2022-11-07,4.659999847412109,4.860000133514404,4.659999847412109,4.789999961853027,1018342025
2022-11-08,4.710000038146973,5.21999979019165,4.610000133514404,5.199999809265137,535641494
2022-11-09,5.170000076293945,5.21999979019165,5.019999980926514,5.110000133514404,591076044
2022-11-10,5.070000171661377,5.460000038146973,5.039999961853027,5.380000114440918,847717920
2022-11-11,5.440000057220459,5.579999923706055,5.170000076293945,5.300000190734863,680106840
2022-11-14,5.329999923706055,5.670000076293945,5.320000171661377,5.659999847412109,532756664
2022-11-15,5.659999847412109,5.679999828338623,5.489999771118164,5.559999942779541,449512377
2022-11-16,5.559999942779541,5.71999979019165,5.53000020980835,5.53000020980835,592830877
2022-11-17,5.550000190734863,5.610000133514404,5.300000190734863,5.449999809265137,371730275
2022-11-18,5.420000076293945,5.559999942779541,5.369999885559082,5.489999771118164,429533083
2022-11-21,5.53000020980835,5.809999942779541,5.489999771118164,5.78000020980835,761206354
2022-11-22,5.78000020980835,6.110000133514404,5.739999771118164,6.090000152587891,863171123
2022-11-23,6.059999942779541,6.170000076293945,5.96999979019165,6.079999923706055,495374492
2022-11-24,6.119999885559082,6.449999809265137,6.090000152587891,6.329999923706055,880875869
2022-11-25,6.340000152587891,6.960000038146973,6.309999942779541,6.909999847412109,778032437
2022-11-28,6.909999847412109,7.099999904632568,6.75,6.920000076293945,602071109
2022-11-29,6.980000019073486,7.28000020980835,6.889999866485596,7.150000095367432,554165372
2022-11-30,7.010000228881836,7.119999885559082,6.75,6.889999866485596,501365879
2022-12-01,7.019999980926514,7.380000114440918,6.980000019073486,7.139999866485596,479320673
2022-12-02,7.170000076293945,7.329999923706055,6.980000019073486,7.139999866485596,523824764
2022-12-05,7.210000038146973,7.400000095367432,7.119999885559082,7.269999980926514,612945689
2022-12-06,7.320000171661377,7.449999809265137,7.199999809265137,7.239999771118164,582212197
2022-12-07,7.28000020980835,7.349999904632568,6.900000095367432,6.920000076293945,418635560
2022-12-08,6.929999828338623,7.269999980926514,6.880000114440918,7.199999809265137,600818216
2022-12-09,7.230000019073486,7.869999885559082,7.159999847412109,7.559999942779541,750277217
2022-12-12,7.650000095367432,8.0,7.630000114440918,7.940000057220459,683311893
2022-12-13,7.949999809265137,8.180000305175781,7.869999885559082,7.909999847412109,565825882
2022-12-14,7.980000019073486,8.350000381469727,7.820000171661377,7.949999809265137,714470430
2022-12-15,8.149999618530273,8.220000267028809,7.570000171661377,7.880000114440918,702405347
2022-12-16,7.96999979019165,8.199999809265137,7.960000038146973,8.15999984741211,266417886
2022-12-19,8.289999961853027,8.489999771118164,8.210000038146973,8.279999732971191,643140025
2022-12-20,8.34000015258789,8.449999809265137,8.119999885559082,8.1899995803833,546522776
2022-12-21,8.260000228881836,8.279999732971191,7.929999828338623,8.039999961853027,499995393
2022-12-22,8.069999694824219,8.34000015258789,8.069999694824219,8.3100004196167,719736515
2022-12-23,8.3100004196167,8.510000228881836,8.180000305175781,8.510000228881836,562202405
2022-12-26,8.579999923706055,8.670000076293945,8.489999771118164,8.550000190734863,441155202
2022-12-27,8.5600004196167,8.630000114440918,8.220000267028809,8.3100004196167,407417767
2022-12-28,8.329999923706055,8.34000015258789,7.840000152587891,8.15999984741211,415726147
2022-12-29,8.109999656677246,8.619999885559082,8.109999656677246,8.619999885559082,425495673
2022-12-30,8.65999984741211,8.960000038146973,8.609999656677246,8.729999542236328,547621436
2023-01-02,8.84000015258789,9.59000015258789,8.8100004196167,9.5,864570906
2023-01-03,9.680000305175781,9.920000076293945,9.199999809265137,9.420000076293945,907171967
2023-01-04,9.699999809265137,9.770000457763672,9.239999771118164,9.420000076293945,824975830
2023-01-05,9.5,9.579999923706055,8.979999542236328,9.100000381469727,378165853
2023-01-06,8.5,9.289999961853027,8.329999923706055,9.220000267028809,637037084
2023-01-09,9.270000457763672,9.3100004196167,8.670000076293945,8.729999542236328,420042277
2023-01-10,8.720000267028809,9.0,8.34000015258789,8.5,488473378
2023-01-11,8.529999732971191,8.770000457763672,8.079999923706055,8.079999923706055,400684717
2023-01-12,8.359999656677246,8.520000457763672,7.75,8.510000228881836,574397892
2023-01-13,8.270000457763672,8.359999656677246,7.860000133514404,7.880000114440918,554478069
2023-01-16,7.920000076293945,8.210000038146973,7.869999885559082,8.180000305175781,560196419
2023-01-17,8.380000114440918,8.630000114440918,8.260000228881836,8.59000015258789,624851213
2023-01-18,8.579999923706055,8.670000076293945,8.319999694824219,8.420000076293945,463391222
2023-01-19,8.399999618530273,8.630000114440918,8.319999694824219,8.430000305175781,389389308
2023-01-20,8.449999809265137,8.779999732971191,8.449999809265137,8.630000114440918,517379610
2023-01-23,8.710000038146973,8.829999923706055,8.369999885559082,8.449999809265137,459797305
2023-01-24,8.460000038146973,8.529999732971191,8.069999694824219,8.180000305175781,414788012
2023-01-25,8.239999771118164,8.34000015258789,7.829999923706055,8.229999542236328,465433702
2023-01-26,8.239999771118164,8.380000114440918,8.100000381469727,8.130000114440918,384030368
2023-01-27,8.09000015258789,8.199999809265137,7.71999979019165,8.100000381469727,352512366
2023-01-30,8.09000015258789,8.220000267028809,7.929999828338623,7.940000057220459,359435333
2023-01-31,7.940000057220459,8.079999923706055,7.730000019073486,7.849999904632568,428397754
2023-02-01,7.889999866485596,7.920000076293945,7.139999866485596,7.139999866485596,364749709
2023-02-02,7.130000114440918,7.28000020980835,6.550000190734863,7.019999980926514,487349862
2023-02-03,7.019999980926514,7.289999961853027,6.869999885559082,7.269999980926514,534868596
2023-02-06,6.949999809265137,7.349999904632568,6.849999904632568,7.269999980926514,61959699
2023-02-07,7.179999828338623,7.21999979019165,6.550000190734863,6.550000190734863,163306034
2023-02-08,5.980000019073486,5.980000019073486,5.980000019073486,5.980000019073486,10000
2023-02-15,7.0,7.199999809265137,6.900000095367432,7.199999809265137,62864155
2023-02-16,7.699999809265137,7.889999866485596,7.230000019073486,7.309999942779541,202497566
2023-02-17,7.199999809265137,7.53000020980835,7.070000171661377,7.389999866485596,121847740
2023-02-20,7.510000228881836,8.119999885559082,7.420000076293945,8.119999885559082,334727277
2023-02-21,8.470000267028809,8.930000305175781,8.399999618530273,8.930000305175781,425067780
2023-02-22,9.069999694824219,9.079999923706055,8.039999961853027,8.039999961853027,417274791
2023-02-23,8.130000114440918,8.300000190734863,7.929999828338623,8.09000015258789,258750128
2023-02-24,8.109999656677246,8.779999732971191,8.069999694824219,8.65999984741211,748456569
2023-02-27,8.600000381469727,9.010000228881836,8.520000457763672,8.539999961853027,666630085
2023-02-28,8.520000457763672,8.609999656677246,8.279999732971191,8.390000343322754,344684116
2023-03-01,8.40999984741211,8.609999656677246,8.40999984741211,8.430000305175781,363290370
2023-03-02,8.420000076293945,8.470000267028809,8.069999694824219,8.079999923706055,243879093
2023-03-03,8.069999694824219,8.3100004196167,7.829999923706055,8.09000015258789,352332829
2023-03-06,8.180000305175781,8.369999885559082,8.149999618530273,8.350000381469727,309467219
2023-03-07,8.390000343322754,8.4399995803833,8.100000381469727,8.100000381469727,212311144
2023-03-08,8.229999542236328,8.350000381469727,8.079999923706055,8.109999656677246,260741955
2023-03-09,8.130000114440918,8.350000381469727,8.109999656677246,8.239999771118164,252761845
2023-03-10,8.199999809265137,8.289999961853027,8.0600004196167,8.09000015258789,182103635
2023-03-13,8.149999618530273,8.170000076293945,7.929999828338623,7.940000057220459,237366978
2023-03-14,7.949999809265137,8.0,7.559999942779541,7.559999942779541,181641020
2023-03-15,7.579999923706055,7.599999904632568,7.099999904632568,7.210000038146973,241442366
2023-03-16,7.260000228881836,7.329999923706055,7.110000133514404,7.210000038146973,179244622
2023-03-17,7.260000228881836,7.400000095367432,7.050000190734863,7.079999923706055,182874769
2023-03-20,7.010000228881836,7.050000190734863,6.75,6.809999942779541,173324303
2023-03-21,6.809999942779541,6.829999923706055,6.579999923706055,6.579999923706055,200753316
2023-03-22,6.599999904632568,6.78000020980835,6.599999904632568,6.71999979019165,191258291
2023-03-23,6.699999809265137,7.090000152587891,6.679999828338623,6.980000019073486,246875867
2023-03-24,7.0,7.079999923706055,6.900000095367432,6.900000095367432,163135832
2023-03-27,6.960000038146973,7.099999904632568,6.880000114440918,6.880000114440918,177364910
2023-03-28,6.880000114440918,6.889999866485596,6.369999885559082,6.369999885559082,166306829
2023-03-29,6.329999923706055,6.489999771118164,6.199999809265137,6.480000019073486,239295287
2023-03-30,6.449999809265137,6.619999885559082,6.360000133514404,6.400000095367432,150664879
2023-03-31,6.349999904632568,6.369999885559082,6.170000076293945,6.190000057220459,134823259
2023-04-03,6.119999885559082,6.269999980926514,6.019999980926514,6.230000019073486,172961684
2023-04-04,6.230000019073486,6.550000190734863,6.21999979019165,6.550000190734863,177196142
2023-04-05,6.559999942779541,6.630000114440918,6.369999885559082,6.380000114440918,157813249
2023-04-06,6.380000114440918,6.5,6.260000228881836,6.409999847412109,113609010
2023-04-07,6.409999847412109,6.690000057220459,6.409999847412109,6.690000057220459,234129076
2023-04-10,6.75,7.340000152587891,6.71999979019165,7.289999961853027,457204249
2023-04-11,7.28000020980835,7.489999771118164,7.210000038146973,7.28000020980835,295038571
2023-04-12,7.159999847412109,7.179999828338623,6.980000019073486,7.0,205128143
2023-04-13,7.03000020980835,7.119999885559082,6.900000095367432,7.0,180265595
2023-04-14,7.019999980926514,7.090000152587891,6.860000133514404,6.869999885559082,144001611
2023-04-17,6.889999866485596,6.940000057220459,6.789999961853027,6.800000190734863,167795966
2023-04-18,6.769999980926514,6.889999866485596,6.650000095367432,6.710000038146973,133388307
2023-04-19,6.71999979019165,6.880000114440918,6.650000095367432,6.800000190734863,149574012
2023-04-20,6.75,6.760000228881836,6.610000133514404,6.71999979019165,61393895
2023-04-24,6.769999980926514,6.809999942779541,6.630000114440918,6.659999847412109,113116121
2023-04-25,6.659999847412109,6.699999809265137,6.409999847412109,6.420000076293945,142906536
2023-04-26,6.420000076293945,6.440000057220459,6.170000076293945,6.230000019073486,122209177
2023-04-27,6.190000057220459,6.320000171661377,6.150000095367432,6.210000038146973,151657730
2023-04-28,6.21999979019165,6.25,5.940000057220459,6.010000228881836,142238943
2023-05-02,6.010000228881836,6.079999923706055,5.739999771118164,5.75,169311727
2023-05-03,5.699999809265137,5.75,5.409999847412109,5.53000020980835,158812051
2023-05-04,5.480000019073486,5.630000114440918,5.400000095367432,5.480000019073486,156313218
2023-05-05,5.480000019073486,5.53000020980835,5.269999980926514,5.28000020980835,164372898
2023-05-08,5.309999942779541,5.559999942779541,5.230000019073486,5.550000190734863,193550466
2023-05-09,5.5,5.639999866485596,5.420000076293945,5.489999771118164,148290611
2023-05-10,5.489999771118164,5.650000095367432,5.420000076293945,5.449999809265137,131169060
2023-05-11,5.440000057220459,5.989999771118164,5.429999828338623,5.929999828338623,359471272
2023-05-12,5.940000057220459,6.119999885559082,5.75,5.75,270828774
2023-05-15,5.650000095367432,6.320000171661377,5.650000095367432,5.929999828338623,379765850
2023-05-16,6.0,6.46999979019165,5.96999979019165,6.46999979019165,307792514
2023-05-17,6.480000019073486,6.610000133514404,6.329999923706055,6.409999847412109,224397250
2023-05-18,6.409999847412109,6.599999904632568,6.070000171661377,6.070000171661377,302918321
2023-05-22,6.170000076293945,6.539999961853027,6.170000076293945,6.460000038146973,307970900
2023-05-23,6.449999809265137,6.480000019073486,6.190000057220459,6.28000020980835,178875115
2023-05-24,6.28000020980835,6.349999904632568,6.159999847412109,6.170000076293945,174552510
2023-05-25,6.199999809265137,6.460000038146973,6.190000057220459,6.460000038146973,239926389
2023-05-26,6.449999809265137,7.079999923706055,6.440000057220459,7.039999961853027,370773383
2023-05-29,7.550000190734863,7.559999942779541,7.25,7.260000228881836,405671753
2023-05-30,7.340000152587891,7.53000020980835,7.289999961853027,7.400000095367432,319294704
2023-05-31,7.389999866485596,7.420000076293945,7.110000133514404,7.110000133514404,298828074
2023-06-01,7.190000057220459,7.349999904632568,7.130000114440918,7.239999771118164,194931562
2023-06-02,7.46999979019165,7.53000020980835,7.269999980926514,7.300000190734863,284034917
2023-06-05,7.400000095367432,7.650000095367432,7.340000152587891,7.599999904632568,448624479
2023-06-06,7.579999923706055,7.619999885559082,7.429999828338623,7.449999809265137,315189441
2023-06-07,7.559999942779541,8.029999732971191,7.550000190734863,7.96999979019165,702494158
2023-06-08,7.900000095367432,8.119999885559082,7.739999771118164,7.860000133514404,363784688
2023-06-09,7.920000076293945,8.130000114440918,7.869999885559082,8.029999732971191,380436470
2023-06-12,8.09000015258789,8.130000114440918,7.730000019073486,7.730000019073486,284058832
2023-06-13,7.690000057220459,7.78000020980835,7.409999847412109,7.409999847412109,300451386
2023-06-14,7.420000076293945,7.510000228881836,7.070000171661377,7.099999904632568,253112714
2023-06-15,7.119999885559082,7.210000038146973,7.079999923706055,7.170000076293945,127382918
2023-06-16,7.179999828338623,7.46999979019165,7.179999828338623,7.199999809265137,257591585
2023-06-19,7.210000038146973,7.21999979019165,6.78000020980835,6.78000020980835,130489424
2023-06-20,6.769999980926514,6.869999885559082,6.559999942779541,6.650000095367432,171933119
2023-06-21,6.71999979019165,6.809999942779541,6.449999809265137,6.519999980926514,136263941
2023-06-22,6.5,6.940000057220459,6.46999979019165,6.860000133514404,234431043
2023-06-23,6.989999771118164,7.300000190734863,6.989999771118164,7.28000020980835,258443458
2023-06-26,7.300000190734863,7.550000190734863,7.25,7.449999809265137,175422467
2023-06-27,7.449999809265137,7.570000171661377,7.389999866485596,7.400000095367432,98353424
2023-07-03,7.650000095367432,7.760000228881836,7.599999904632568,7.690000057220459,231273059
2023-07-04,7.699999809265137,8.020000457763672,7.699999809265137,7.78000020980835,315056492
2023-07-05,7.800000190734863,7.949999809265137,7.590000152587891,7.829999923706055,301072289
2023-07-06,7.860000133514404,8.109999656677246,7.860000133514404,7.940000057220459,476965492
2023-07-07,7.940000057220459,8.479999542236328,7.920000076293945,8.449999809265137,693764347
2023-07-10,8.479999542236328,8.600000381469727,8.329999923706055,8.380000114440918,546304407
2023-07-11,8.479999542236328,8.529999732971191,8.289999961853027,8.40999984741211,419510985
2023-07-12,8.390000343322754,8.710000038146973,8.390000343322754,8.399999618530273,625203448
2023-07-13,8.430000305175781,8.569999694824219,8.300000190734863,8.319999694824219,454887772
2023-07-14,8.399999618530273,8.40999984741211,8.170000076293945,8.239999771118164,220187110
2023-07-17,8.279999732971191,8.449999809265137,8.180000305175781,8.25,395359439
2023-07-18,8.300000190734863,8.529999732971191,8.25,8.279999732971191,669602683
2023-07-19,8.319999694824219,8.449999809265137,8.220000267028809,8.34000015258789,286779117
2023-07-20,8.4399995803833,8.670000076293945,8.399999618530273,8.510000228881836,604683253
2023-07-21,8.510000228881836,8.5600004196167,8.210000038146973,8.279999732971191,313219927
2023-07-24,8.3100004196167,8.420000076293945,8.1899995803833,8.270000457763672,380696102
2023-07-25,8.270000457763672,8.350000381469727,8.149999618530273,8.1899995803833,249072145
2023-07-26,8.1899995803833,8.369999885559082,8.1899995803833,8.319999694824219,322012251
2023-07-27,8.380000114440918,8.569999694824219,8.359999656677246,8.470000267028809,400908523
2023-07-28,8.510000228881836,8.75,8.5,8.5,639778983
2023-07-31,8.5600004196167,8.829999923706055,8.539999961853027,8.6899995803833,648662519
2023-08-01,8.699999809265137,8.859999656677246,8.520000457763672,8.569999694824219,385353936
2023-08-02,8.5600004196167,8.760000228881836,8.5600004196167,8.619999885559082,354523847
2023-08-03,8.649999618530273,8.9399995803833,8.649999618530273,8.859999656677246,658990378
2023-08-04,8.930000305175781,9.050000190734863,8.8100004196167,8.859999656677246,495670319
2023-08-07,8.920000076293945,9.15999984741211,8.90999984741211,9.130000114440918,505734674
2023-08-08,9.239999771118164,9.279999732971191,8.890000343322754,8.949999809265137,307505266
2023-08-09,8.960000038146973,9.149999618530273,8.930000305175781,9.0600004196167,393156028
2023-08-10,9.100000381469727,9.130000114440918,8.430000305175781,8.5,374239053
2023-08-11,8.5,8.720000267028809,8.260000228881836,8.65999984741211,486388826
2023-08-14,8.75,8.949999809265137,8.619999885559082,8.739999771118164,264135666
2023-08-15,8.75,8.859999656677246,8.399999618530273,8.529999732971191,168234676
2023-08-16,8.520000457763672,8.949999809265137,8.510000228881836,8.869999885559082,351942136
2023-08-17,9.09000015258789,9.149999618530273,8.850000381469727,8.930000305175781,305216819
2023-08-18,8.949999809265137,8.960000038146973,8.5,8.550000190734863,232558683
2023-08-21,8.5,9.130000114440918,8.470000267028809,9.029999732971191,347367403
2023-08-22,9.039999961853027,9.109999656677246,8.75,8.899999618530273,297834962
2023-08-23,8.930000305175781,9.369999885559082,8.890000343322754,8.979999542236328,737580389
2023-08-24,9.020000457763672,9.369999885559082,8.319999694824219,8.40999984741211,629670623
2023-08-25,8.470000267028809,8.65999984741211,8.149999618530273,8.640000343322754,291957662
2023-08-28,8.640000343322754,8.739999771118164,8.470000267028809,8.539999961853027,316829815
2023-08-29,8.569999694824219,8.710000038146973,8.489999771118164,8.550000190734863,304345938
2023-08-31,8.600000381469727,8.850000381469727,8.569999694824219,8.59000015258789,345686664
2023-09-01,8.65999984741211,8.890000343322754,8.630000114440918,8.84000015258789,503814995
2023-09-04,8.890000343322754,9.010000228881836,8.739999771118164,8.800000190734863,315316487
2023-09-05,8.8100004196167,9.539999961853027,8.770000457763672,9.4399995803833,826939617
2023-09-06,9.390000343322754,9.520000457763672,9.039999961853027,9.239999771118164,783914340
2023-09-07,9.260000228881836,9.75,9.199999809265137,9.600000381469727,738020586
2023-09-08,9.640000343322754,9.6899995803833,9.40999984741211,9.479999542236328,324741574
2023-09-11,9.5,9.649999618530273,9.029999732971191,9.029999732971191,417546657
2023-09-12,9.0600004196167,9.130000114440918,8.760000228881836,8.869999885559082,318522681
2023-09-13,8.880000114440918,8.9399995803833,8.4399995803833,8.470000267028809,308207628
2023-09-14,8.479999542236328,8.609999656677246,8.220000267028809,8.609999656677246,234040236
2023-09-15,8.579999923706055,8.619999885559082,8.350000381469727,8.350000381469727,165707487
2023-09-18,8.359999656677246,8.449999809265137,8.029999732971191,8.109999656677246,207336227
2023-09-19,8.100000381469727,8.199999809265137,7.840000152587891,7.889999866485596,279237063
2023-09-20,7.920000076293945,8.050000190734863,7.800000190734863,7.800000190734863,210251333
2023-09-21,7.75,8.0600004196167,7.739999771118164,8.029999732971191,280725934
2023-09-22,8.029999732971191,8.09000015258789,7.849999904632568,7.909999847412109,186942975
2023-09-25,7.940000057220459,8.1899995803833,7.929999828338623,8.180000305175781,364028397
2023-09-26,8.199999809265137,8.229999542236328,8.0,8.020000457763672,257722119
2023-09-27,8.050000190734863,8.220000267028809,7.96999979019165,8.039999961853027,361482703
2023-09-28,8.0600004196167,8.15999984741211,7.949999809265137,8.020000457763672,318969619
2023-09-29,8.0600004196167,8.140000343322754,7.989999771118164,8.079999923706055,322589333
2023-10-02,8.15999984741211,8.399999618530273,8.149999618530273,8.399999618530273,513578980
2023-10-03,8.430000305175781,8.489999771118164,8.239999771118164,8.3100004196167,310155356
2023-10-04,8.3100004196167,8.34000015258789,8.0,8.0,231519489
2023-10-05,8.029999732971191,8.239999771118164,7.889999866485596,8.220000267028809,520573552
2023-10-06,8.199999809265137,8.789999961853027,8.149999618530273,8.640000343322754,804374876
2023-10-09,8.5600004196167,8.619999885559082,8.15999984741211,8.1899995803833,351243751
2023-10-10,8.319999694824219,8.449999809265137,8.239999771118164,8.399999618530273,358379401
2023-10-11,8.399999618530273,8.4399995803833,8.170000076293945,8.180000305175781,277332541
2023-10-12,8.270000457763672,8.350000381469727,7.710000038146973,7.929999828338623,452044059
2023-10-13,7.920000076293945,7.949999809265137,7.639999866485596,7.639999866485596,318002039
2023-10-16,7.760000228881836,7.78000020980835,7.369999885559082,7.369999885559082,342085007
2023-10-17,7.400000095367432,7.639999866485596,7.329999923706055,7.630000114440918,407732263
2023-10-18,7.440000057220459,7.53000020980835,7.320000171661377,7.329999923706055,272261348
2023-10-19,7.349999904632568,7.53000020980835,7.170000076293945,7.190000057220459,319319799
2023-10-20,7.099999904632568,7.150000095367432,6.840000152587891,6.920000076293945,256779508
2023-10-23,7.039999961853027,7.159999847412109,6.929999828338623,7.130000114440918,310883836
2023-10-24,7.139999866485596,7.440000057220459,7.110000133514404,7.320000171661377,268892194
2023-10-25,7.320000171661377,7.389999866485596,6.690000057220459,6.690000057220459,212019565
2023-10-26,6.75,6.880000114440918,6.539999961853027,6.78000020980835,312178120
2023-10-27,6.789999961853027,6.800000190734863,6.510000228881836,6.699999809265137,191214082
2023-10-30,6.679999828338623,6.860000133514404,6.650000095367432,6.71999979019165,204716115
2023-10-31,6.75,6.760000228881836,6.46999979019165,6.559999942779541,174443151
2023-11-01,6.610000133514404,6.639999866485596,6.28000020980835,6.480000019073486,222936192
2023-11-02,6.539999961853027,6.639999866485596,6.519999980926514,6.630000114440918,179699021
2023-11-03,6.630000114440918,6.639999866485596,6.480000019073486,6.579999923706055,171556773
2023-11-06,6.650000095367432,6.809999942779541,6.650000095367432,6.769999980926514,214045863
2023-11-07,6.769999980926514,6.880000114440918,6.699999809265137,6.860000133514404,230385583
2023-11-08,6.949999809265137,7.050000190734863,6.820000171661377,6.940000057220459,190567528
2023-11-09,6.849999904632568,6.960000038146973,6.75,6.829999923706055,210449742
2023-11-10,6.840000152587891,6.989999771118164,6.820000171661377,6.880000114440918,230079226
2023-11-13,6.889999866485596,7.25,6.860000133514404,7.010000228881836,355310331
2023-11-14,7.25,7.579999923706055,7.170000076293945,7.489999771118164,541725186
2023-11-15,7.400000095367432,7.510000228881836,7.320000171661377,7.489999771118164,262810018
2023-11-16,7.5,7.679999828338623,7.460000038146973,7.539999961853027,223698852
2023-11-17,7.550000190734863,7.650000095367432,7.46999979019165,7.53000020980835,178210293
2023-11-20,7.570000171661377,7.730000019073486,7.570000171661377,7.650000095367432,196086730
2023-11-21,7.679999828338623,7.730000019073486,7.550000190734863,7.619999885559082,190798717
2023-11-22,7.610000133514404,7.679999828338623,7.550000190734863,7.559999942779541,228023857
2023-11-23,7.570000171661377,7.610000133514404,7.260000228881836,7.260000228881836,218087443
2023-11-24,7.260000228881836,7.420000076293945,7.25,7.320000171661377,170801935
2023-11-27,7.349999904632568,7.599999904632568,7.349999904632568,7.599999904632568,189333064
2023-11-28,7.590000152587891,7.619999885559082,7.429999828338623,7.5,141836146
2023-11-29,7.510000228881836,7.570000171661377,7.369999885559082,7.400000095367432,191467850
2023-11-30,7.429999828338623,7.519999980926514,7.300000190734863,7.369999885559082,161508575
2023-12-01,7.46999979019165,7.510000228881836,7.28000020980835,7.349999904632568,131860308
2023-12-04,7.369999885559082,7.53000020980835,7.309999942779541,7.489999771118164,227530892
2023-12-05,7.480000019073486,7.510000228881836,7.340000152587891,7.380000114440918,144201722
2023-12-06,7.389999866485596,7.590000152587891,7.369999885559082,7.380000114440918,336038398
2023-12-07,7.400000095367432,7.659999847412109,7.349999904632568,7.659999847412109,342771374
2023-12-08,7.639999866485596,7.960000038146973,7.619999885559082,7.900000095367432,312627683
2023-12-11,7.900000095367432,7.920000076293945,7.510000228881836,7.510000228881836,320282597
2023-12-12,7.5,7.53000020980835,7.300000190734863,7.400000095367432,301635665
2023-12-13,7.360000133514404,7.429999828338623,6.960000038146973,6.960000038146973,249779476
2023-12-14,7.059999942779541,7.289999961853027,6.989999771118164,7.260000228881836,201192996
2023-12-15,7.260000228881836,7.449999809265137,7.210000038146973,7.409999847412109,170148002
2023-12-18,7.349999904632568,7.550000190734863,7.28000020980835,7.309999942779541,145088037
2023-12-19,7.289999961853027,7.320000171661377,7.070000171661377,7.099999904632568,175894832
2023-12-20,7.090000152587891,7.230000019073486,7.070000171661377,7.119999885559082,135836653
2023-12-21,7.119999885559082,7.25,7.039999961853027,7.199999809265137,207384012
2023-12-22,7.21999979019165,7.340000152587891,7.050000190734863,7.079999923706055,156852795
2023-12-25,7.059999942779541,7.059999942779541,6.789999961853027,6.909999847412109,105768131
2023-12-26,6.96999979019165,6.96999979019165,6.78000020980835,6.840000152587891,122949960
2023-12-27,6.820000171661377,6.929999828338623,6.75,6.760000228881836,208754449
2023-12-28,6.769999980926514,6.96999979019165,6.760000228881836,6.940000057220459,159781045
2023-12-29,6.949999809265137,7.010000228881836,6.849999904632568,6.880000114440918,146116252
2024-01-02,6.929999828338623,7.179999828338623,6.920000076293945,7.150000095367432,213947879
2024-01-03,7.139999866485596,7.150000095367432,6.880000114440918,6.880000114440918,121974696
2024-01-04,6.909999847412109,7.28000020980835,6.900000095367432,7.260000228881836,205923756
2024-01-05,7.25,7.639999866485596,7.230000019073486,7.639999866485596,238688261
2024-01-08,7.730000019073486,7.989999771118164,7.690000057220459,7.940000057220459,241733309
2024-01-09,7.940000057220459,8.1899995803833,7.860000133514404,8.130000114440918,299807878
2024-01-10,8.100000381469727,8.3100004196167,7.960000038146973,8.25,245821506
2024-01-11,8.25,8.34000015258789,8.09000015258789,8.170000076293945,146372254
2024-01-12,8.109999656677246,8.329999923706055,7.989999771118164,8.1899995803833,190460527
2024-01-15,8.1899995803833,8.369999885559082,8.140000343322754,8.270000457763672,144623604
2024-01-16,8.289999961853027,8.460000038146973,8.279999732971191,8.390000343322754,179431780
2024-01-17,8.329999923706055,8.800000190734863,8.329999923706055,8.779999732971191,275627572
2024-01-18,8.800000190734863,9.020000457763672,8.630000114440918,8.979999542236328,278558894
2024-01-19,8.979999542236328,8.989999771118164,8.720000267028809,8.779999732971191,224712665
2024-01-22,8.949999809265137,9.600000381469727,8.930000305175781,9.470000267028809,406488494
2024-01-23,9.479999542236328,9.699999809265137,9.350000381469727,9.399999618530273,374615948
2024-01-24,9.430000305175781,9.569999694824219,9.25,9.529999732971191,258429552
2024-01-25,9.569999694824219,10.029999732971191,9.529999732971191,9.609999656677246,457771011
2024-01-26,9.59000015258789,10.390000343322754,9.510000228881836,10.289999961853027,542880606
2024-01-29,10.300000190734863,10.399999618530273,10.130000114440918,10.199999809265137,320682437
2024-01-30,10.210000038146973,10.390000343322754,10.020000457763672,10.149999618530273,285667401
2024-01-31,10.119999885559082,10.210000038146973,9.920000076293945,10.050000190734863,248031296
2024-02-01,10.100000381469727,10.479999542236328,10.09000015258789,10.239999771118164,347416404
2024-02-02,10.260000228881836,10.34000015258789,9.869999885559082,9.930000305175781,229801582
2024-02-05,9.989999771118164,10.25,9.970000267028809,10.170000076293945,285553882
2024-02-06,10.199999809265137,10.670000076293945,10.109999656677246,10.449999809265137,405611112
2024-02-07,10.470000267028809,10.5,10.229999542236328,10.300000190734863,181379057
2024-02-08,10.319999694824219,10.449999809265137,10.279999732971191,10.319999694824219,175287054
2024-02-09,10.369999885559082,10.819999694824219,10.34000015258789,10.489999771118164,348644255
2024-02-12,10.59000015258789,10.680000305175781,10.350000381469727,10.479999542236328,179551326
2024-02-13,10.529999732971191,10.949999809265137,10.5,10.710000038146973,468633008
2024-02-14,10.760000228881836,10.960000038146973,10.359999656677246,10.399999618530273,325709650
2024-02-15,10.4399995803833,10.569999694824219,10.15999984741211,10.430000305175781,312584797
2024-02-16,10.470000267028809,10.789999961853027,10.460000038146973,10.579999923706055,275367362
2024-02-19,10.649999618530273,10.899999618530273,10.420000076293945,10.520000457763672,203830209
2024-02-20,10.569999694824219,10.829999923706055,10.479999542236328,10.789999961853027,241332087
2024-02-21,10.869999885559082,11.020000457763672,10.65999984741211,10.930000305175781,270492822
2024-02-22,11.010000228881836,11.4399995803833,10.970000267028809,11.300000190734863,314350024
2024-02-23,11.329999923706055,12.029999732971191,11.279999732971191,11.630000114440918,416608326
2024-02-26,11.600000381469727,11.65999984741211,11.220000267028809,11.630000114440918,254399690
2024-02-27,11.649999618530273,11.680000305175781,11.300000190734863,11.300000190734863,217320511
2024-02-28,11.220000267028809,11.5600004196167,11.020000457763672,11.149999618530273,296111018
2024-02-29,11.180000305175781,11.5600004196167,11.069999694824219,11.100000381469727,249781079
2024-03-01,11.170000076293945,11.399999618530273,11.149999618530273,11.34000015258789,213761126
2024-03-04,11.359999656677246,11.550000190734863,11.130000114440918,11.40999984741211,310800052
2024-03-05,11.710000038146973,11.770000457763672,11.140000343322754,11.15999984741211,357316337
2024-03-06,11.079999923706055,11.1899995803833,10.550000190734863,10.680000305175781,234787322
2024-03-07,10.739999771118164,11.069999694824219,10.739999771118164,11.050000190734863,190406204
2024-03-08,11.09000015258789,11.380000114440918,10.949999809265137,11.300000190734863,215377082
2024-03-11,11.539999961853027,11.5600004196167,11.039999961853027,11.119999885559082,164522911
2024-03-12,11.100000381469727,11.140000343322754,10.670000076293945,10.770000457763672,189139014
2024-03-13,10.760000228881836,10.949999809265137,10.579999923706055,10.739999771118164,155008233
2024-03-14,10.779999732971191,10.960000038146973,10.619999885559082,10.899999618530273,172578332
2024-03-15,10.9399995803833,10.949999809265137,10.739999771118164,10.779999732971191,97159216
2024-03-18,10.779999732971191,10.8100004196167,10.529999732971191,10.539999961853027,126197725
2024-03-19,10.539999961853027,10.760000228881836,10.399999618530273,10.649999618530273,149747951
2024-03-20,10.649999618530273,11.34000015258789,10.600000381469727,10.770000457763672,324381656
2024-03-21,10.850000381469727,11.130000114440918,10.430000305175781,10.510000228881836,290906240
2024-03-22,10.520000457763672,10.539999961853027,10.029999732971191,10.029999732971191,144260449
2024-03-25,10.020000457763672,10.180000305175781,9.680000305175781,9.720000267028809,189606868
2024-03-26,9.770000457763672,9.850000381469727,9.279999732971191,9.319999694824219,181253877
2024-03-27,9.3100004196167,9.680000305175781,9.119999885559082,9.430000305175781,197079105
2024-03-28,9.4399995803833,9.729999542236328,9.4399995803833,9.670000076293945,138623602
2024-03-29,9.710000038146973,10.149999618530273,9.710000038146973,9.970000267028809,196735609
2024-04-01,9.420000076293945,9.449999809265137,8.989999771118164,9.25,336049523
2024-04-02,9.34000015258789,9.390000343322754,8.949999809265137,8.949999809265137,166826826
2024-04-03,8.949999809265137,9.180000305175781,8.949999809265137,9.0,116035588
2024-04-04,9.020000457763672,9.420000076293945,9.0,9.279999732971191,170415481
2024-04-05,9.350000381469727,9.899999618530273,9.34000015258789,9.880000114440918,198794630
2024-04-08,9.920000076293945,10.569999694824219,9.920000076293945,10.569999694824219,193857128
2024-04-15,10.75,11.020000457763672,10.65999984741211,10.8100004196167,181316425
2024-04-16,10.819999694824219,10.84000015258789,10.470000267028809,10.699999809265137,152781053
2024-04-17,10.65999984741211,10.65999984741211,10.130000114440918,10.15999984741211,216103015
2024-04-18,9.149999618530273,9.149999618530273,9.149999618530273,9.149999618530273,18705174
2024-04-19,8.649999618530273,9.140000343322754,8.5600004196167,8.960000038146973,537696916
2024-04-22,9.109999656677246,9.289999961853027,8.989999771118164,9.039999961853027,177321134
2024-04-24,9.119999885559082,9.390000343322754,9.109999656677246,9.25,232088119
2024-04-25,9.289999961853027,9.420000076293945,9.15999984741211,9.239999771118164,188149873
2024-04-26,9.270000457763672,9.8100004196167,9.220000267028809,9.680000305175781,252855230
2024-04-29,9.729999542236328,9.90999984741211,9.59000015258789,9.8100004196167,174340133
2024-04-30,9.789999961853027,9.899999618530273,9.670000076293945,9.739999771118164,151201027
2024-05-02,9.920000076293945,10.229999542236328,9.90999984741211,10.069999694824219,166199796
2024-05-03,10.09000015258789,10.5,10.069999694824219,10.34000015258789,236678253
2024-05-06,10.420000076293945,10.5600004196167,10.140000343322754,10.449999809265137,204745609
2024-05-07,10.449999809265137,10.609999656677246,10.229999542236328,10.5,197411937
2024-05-08,10.529999732971191,10.670000076293945,10.390000343322754,10.390000343322754,143486672
2024-05-09,10.420000076293945,10.489999771118164,10.329999923706055,10.40999984741211,134327196
2024-05-10,10.40999984741211,10.40999984741211,9.890000343322754,9.890000343322754,241294027
2024-05-13,9.890000343322754,9.970000267028809,9.539999961853027,9.539999961853027,199422276
2024-05-14,9.5600004196167,9.75,8.609999656677246,8.699999809265137,349491981
2024-05-15,8.770000457763672,8.970000267028809,8.640000343322754,8.720000267028809,297004178
2024-05-16,8.720000267028809,8.890000343322754,8.6899995803833,8.850000381469727,243192006
2024-05-17,8.949999809265137,8.960000038146973,8.829999923706055,8.859999656677246,261254489
2024-05-20,8.850000381469727,9.220000267028809,8.8100004196167,9.119999885559082,337286898
2024-05-21,9.260000228881836,9.359999656677246,9.119999885559082,9.1899995803833,360157029
2024-05-22,9.260000228881836,9.369999885559082,9.140000343322754,9.350000381469727,284412991
2024-05-23,9.350000381469727,9.420000076293945,9.020000457763672,9.039999961853027,234345351
2024-05-24,9.029999732971191,9.079999923706055,8.859999656677246,8.880000114440918,171589855
2024-05-27,9.079999923706055,9.350000381469727,8.970000267028809,8.989999771118164,347737967
2024-05-28,9.0,9.34000015258789,8.890000343322754,9.279999732971191,278869112
2024-05-29,9.40999984741211,9.550000190734863,9.079999923706055,9.079999923706055,271656197
2024-05-30,9.170000076293945,9.170000076293945,8.979999542236328,9.119999885559082,182679657
2024-05-31,9.15999984741211,9.229999542236328,8.829999923706055,8.850000381469727,209879437
2024-06-03,8.949999809265137,8.970000267028809,8.779999732971191,8.920000076293945,188585638
2024-06-04,8.880000114440918,9.199999809265137,8.850000381469727,8.90999984741211,260419098
2024-06-05,8.920000076293945,8.9399995803833,8.6899995803833,8.760000228881836,175567579
2024-06-06,8.789999961853027,9.010000228881836,8.779999732971191,8.819999694824219,149658659
2024-06-07,8.890000343322754,8.90999984741211,8.600000381469727,8.649999618530273,116002249
2024-06-10,8.609999656677246,8.649999618530273,8.510000228881836,8.529999732971191,91528350
2024-06-11,8.5,8.670000076293945,8.40999984741211,8.670000076293945,139897379
2024-06-12,8.65999984741211,8.819999694824219,8.59000015258789,8.65999984741211,128116879
2024-06-13,8.800000190734863,9.15999984741211,8.779999732971191,9.079999923706055,154931686
2024-06-14,9.119999885559082,9.25,8.989999771118164,9.069999694824219,125576878
2024-06-20,9.149999618530273,9.220000267028809,8.979999542236328,9.15999984741211,165743516
2024-06-21,9.170000076293945,9.329999923706055,9.149999618530273,9.229999542236328,186633892
2024-06-24,9.3100004196167,9.40999984741211,9.199999809265137,9.399999618530273,240266243
2024-06-25,9.420000076293945,9.649999618530273,9.319999694824219,9.520000457763672,279829565
2024-06-26,9.5,9.710000038146973,9.460000038146973,9.600000381469727,212889019
2024-06-27,9.609999656677246,9.829999923706055,9.399999618530273,9.800000190734863,222977062
2024-06-28,9.829999923706055,9.949999809265137,9.699999809265137,9.710000038146973,209813168
2024-07-01,9.770000457763672,9.9399995803833,9.149999618530273,9.319999694824219,190250278
2024-07-02,9.4399995803833,9.789999961853027,9.270000457763672,9.699999809265137,222920956
2024-07-03,9.710000038146973,10.329999923706055,9.710000038146973,10.329999923706055,298496034
2024-07-04,10.3100004196167,11.020000457763672,10.260000228881836,11.020000457763672,323785835
2024-07-05,10.970000267028809,11.430000305175781,10.880000114440918,11.0600004196167,321725025
2024-07-08,11.100000381469727,11.210000038146973,10.819999694824219,10.899999618530273,176372528
2024-07-09,10.949999809265137,11.130000114440918,10.819999694824219,11.020000457763672,188946976
2024-07-10,11.020000457763672,11.239999771118164,11.0,11.069999694824219,226998761
2024-07-11,11.170000076293945,11.40999984741211,11.039999961853027,11.350000381469727,199524638
2024-07-12,11.359999656677246,11.579999923706055,11.239999771118164,11.25,185337623
2024-07-16,11.279999732971191,11.329999923706055,11.050000190734863,11.140000343322754,140102942
2024-07-17,11.210000038146973,11.600000381469727,11.0600004196167,11.5,273551330
2024-07-18,11.539999961853027,12.020000457763672,11.539999961853027,11.90999984741211,288684088
2024-07-19,11.899999618530273,12.15999984741211,11.829999923706055,12.109999656677246,170447501
2024-07-22,12.149999618530273,12.289999961853027,11.979999542236328,12.029999732971191,151256172
2024-07-23,11.989999771118164,12.0600004196167,11.479999542236328,11.600000381469727,197280710
2024-07-24,11.569999694824219,12.010000228881836,11.510000228881836,11.84000015258789,180893057
2024-07-25,11.760000228881836,12.350000381469727,11.760000228881836,12.15999984741211,221928260
2024-07-26,12.199999809265137,12.449999809265137,11.90999984741211,12.399999618530273,221353482
2024-07-29,12.350000381469727,12.529999732971191,12.109999656677246,12.1899995803833,176894961
2024-07-30,12.229999542236328,12.420000076293945,11.5600004196167,11.670000076293945,202641074
2024-07-31,11.59000015258789,11.829999923706055,11.369999885559082,11.600000381469727,195568510
2024-08-01,11.739999771118164,11.819999694824219,11.550000190734863,11.600000381469727,184001822
2024-08-02,11.350000381469727,11.380000114440918,10.800000190734863,11.069999694824219,141699160
2024-08-05,10.270000457763672,10.84000015258789,10.270000457763672,10.640000343322754,190064845
2024-08-06,10.90999984741211,11.079999923706055,10.699999809265137,10.699999809265137,171298292
2024-08-07,10.770000457763672,11.350000381469727,10.760000228881836,11.020000457763672,255536897
2024-08-08,11.0,11.220000267028809,10.880000114440918,11.100000381469727,166597863
2024-08-09,11.199999809265137,11.390000343322754,10.729999542236328,10.75,201668005
2024-08-12,10.850000381469727,11.210000038146973,10.720000267028809,10.890000343322754,214816954
2024-08-13,10.90999984741211,11.140000343322754,10.579999923706055,11.140000343322754,148886676
2024-08-14,11.199999809265137,11.289999961853027,11.029999732971191,11.050000190734863,184259784
2024-08-15,11.109999656677246,11.600000381469727,11.09000015258789,11.550000190734863,218982801
2024-08-16,11.5600004196167,11.789999961853027,11.3100004196167,11.390000343322754,154576115
2024-08-19,11.5,11.710000038146973,11.1899995803833,11.6899995803833,162539406
2024-08-20,11.710000038146973,11.850000381469727,11.550000190734863,11.710000038146973,148846055
2024-08-21,11.699999809265137,11.920000076293945,11.670000076293945,11.729999542236328,133762971
2024-08-22,11.789999961853027,12.1899995803833,11.789999961853027,12.029999732971191,240501883
2024-08-23,12.050000190734863,12.109999656677246,11.550000190734863,11.65999984741211,158273662
2024-08-26,11.8100004196167,11.819999694824219,11.390000343322754,11.430000305175781,166739170
2024-08-27,11.369999885559082,11.84000015258789,11.359999656677246,11.829999923706055,222118132
2024-08-28,11.819999694824219,12.25,11.649999618530273,11.75,242601741
2024-08-29,11.770000457763672,11.829999923706055,11.600000381469727,11.680000305175781,149750368
2024-09-02,11.739999771118164,12.130000114440918,11.739999771118164,12.130000114440918,163373550
2024-09-03,12.130000114440918,12.800000190734863,11.960000038146973,12.470000267028809,376019372
2024-09-04,12.34000015258789,12.699999809265137,12.199999809265137,12.699999809265137,205202183
2024-09-05,12.739999771118164,12.859999656677246,12.520000457763672,12.699999809265137,190049932
2024-09-06,12.710000038146973,12.899999618530273,12.529999732971191,12.609999656677246,167242348
2024-09-09,12.569999694824219,12.630000114440918,12.079999923706055,12.09000015258789,141242739
2024-09-10,12.15999984741211,12.1899995803833,11.380000114440918,11.399999618530273,219431884
2024-09-11,11.369999885559082,11.430000305175781,10.770000457763672,10.770000457763672,247119703
2024-09-12,10.920000076293945,11.180000305175781,10.720000267028809,11.149999618530273,363559063
2024-09-13,11.149999618530273,11.359999656677246,11.010000228881836,11.34000015258789,203755148
2024-09-16,11.3100004196167,11.4399995803833,11.15999984741211,11.180000305175781,109418695
2024-09-17,11.239999771118164,11.319999694824219,11.0600004196167,11.229999542236328,156605723
2024-09-18,11.1899995803833,11.460000038146973,11.130000114440918,11.270000457763672,146590376
2024-09-19,11.470000267028809,11.789999961853027,11.359999656677246,11.789999961853027,231828427
2024-09-20,11.789999961853027,12.079999923706055,11.720000267028809,11.989999771118164,161425608
2024-09-23,12.039999961853027,12.119999885559082,11.819999694824219,12.119999885559082,152485258
2024-09-24,12.130000114440918,12.460000038146973,12.029999732971191,12.300000190734863,219171611
2024-09-25,12.25,12.369999885559082,11.829999923706055,11.960000038146973,166239934
2024-09-26,12.0,12.229999542236328,11.90999984741211,12.0,166664080
2024-09-27,11.989999771118164,12.220000267028809,11.880000114440918,12.220000267028809,174829871
2024-09-30,12.1899995803833,12.279999732971191,11.949999809265137,12.020000457763672,143853899
2024-10-01,12.029999732971191,12.130000114440918,10.979999542236328,11.149999618530273,253678666
2024-10-02,11.149999618530273,11.220000267028809,10.600000381469727,10.649999618530273,114242485
2024-10-03,10.65999984741211,10.6899995803833,9.859999656677246,9.869999885559082,255601314
2024-10-04,9.850000381469727,10.1899995803833,9.630000114440918,10.170000076293945,239883766
2024-10-07,10.229999542236328,10.239999771118164,9.760000228881836,9.800000190734863,197918232
2024-10-08,9.760000228881836,10.029999732971191,9.760000228881836,9.8100004196167,155249625
2024-10-09,9.829999923706055,9.989999771118164,9.5600004196167,9.989999771118164,179682002
2024-10-10,9.970000267028809,10.119999885559082,9.819999694824219,9.850000381469727,157166347
2024-10-11,9.819999694824219,9.899999618530273,9.569999694824219,9.59000015258789,126773387
2024-10-14,9.569999694824219,9.710000038146973,9.4399995803833,9.470000267028809,148365029
2024-10-15,9.5,9.84000015258789,9.479999542236328,9.829999923706055,158258304
2024-10-16,9.760000228881836,10.109999656677246,9.760000228881836,10.0600004196167,127917633
2024-10-17,10.029999732971191,10.1899995803833,9.930000305175781,10.039999961853027,155919950
2024-10-18,10.0600004196167,10.289999961853027,9.75,9.760000228881836,178599113
2024-10-21,9.75,9.779999732971191,9.460000038146973,9.489999771118164,123622379
2024-10-22,9.510000228881836,9.84000015258789,9.460000038146973,9.789999961853027,156274939
2024-10-23,9.760000228881836,9.84000015258789,9.470000267028809,9.699999809265137,186947668
2024-10-24,9.75,10.0600004196167,9.75,9.84000015258789,139976105
2024-10-25,9.850000381469727,9.930000305175781,9.680000305175781,9.869999885559082,126234037
2024-10-28,9.949999809265137,10.239999771118164,9.930000305175781,10.149999618530273,78385465
2024-10-30,10.220000267028809,10.329999923706055,10.079999923706055,10.260000228881836,186757399
2024-10-31,10.25,10.380000114440918,10.020000457763672,10.069999694824219,166331958
2024-11-01,10.109999656677246,10.319999694824219,9.84000015258789,9.850000381469727,250798158
2024-11-04,9.779999732971191,9.789999961853027,9.40999984741211,9.449999809265137,152800872
2024-11-05,9.510000228881836,9.529999732971191,9.289999961853027,9.460000038146973,184075273
2024-11-06,9.5,9.779999732971191,9.489999771118164,9.680000305175781,192302808
2024-11-07,9.670000076293945,9.720000267028809,9.520000457763672,9.720000267028809,147605559
2024-11-08,9.710000038146973,10.369999885559082,9.710000038146973,10.350000381469727,256208529
2024-11-11,10.40999984741211,10.949999809265137,10.399999618530273,10.819999694824219,249711210
2024-11-12,10.899999618530273,11.239999771118164,10.760000228881836,11.15999984741211,233052536
2024-11-13,11.109999656677246,11.640000343322754,11.020000457763672,11.510000228881836,235872381
2024-11-14,11.550000190734863,11.829999923706055,11.4399995803833,11.640000343322754,215710139
2024-11-15,11.640000343322754,11.829999923706055,11.520000457763672,11.720000267028809,156899140
2024-11-18,11.770000457763672,11.920000076293945,11.640000343322754,11.770000457763672,158350539
2024-11-19,11.84000015258789,12.050000190734863,11.640000343322754,12.039999961853027,296627024
2024-11-20,12.100000381469727,12.109999656677246,11.180000305175781,11.210000038146973,265250607
2024-11-21,11.260000228881836,12.079999923706055,11.199999809265137,12.069999694824219,431329670
2024-11-22,12.010000228881836,12.319999694824219,11.890000343322754,12.119999885559082,214097964
2024-11-25,12.210000038146973,12.369999885559082,11.84000015258789,11.960000038146973,155831674
2024-11-26,11.9399995803833,12.220000267028809,11.850000381469727,12.0,189360103
2024-11-27,12.119999885559082,12.289999961853027,11.880000114440918,12.0,189859438
2024-11-28,12.0,12.260000228881836,12.0,12.119999885559082,157945007
2024-11-29,12.130000114440918,12.680000305175781,12.020000457763672,12.65999984741211,198065148
2024-12-02,12.399999618530273,12.529999732971191,12.210000038146973,12.380000114440918,177400833
2024-12-03,12.600000381469727,13.609999656677246,12.4399995803833,13.609999656677246,424135833
2024-12-04,13.899999618530273,14.109999656677246,13.6899995803833,13.720000267028809,373557312
2024-12-05,13.720000267028809,13.90999984741211,13.319999694824219,13.380000114440918,209559820
2024-12-06,13.470000267028809,13.529999732971191,13.039999961853027,13.100000381469727,161763117
2024-12-09,13.569999694824219,13.65999984741211,13.260000228881836,13.420000076293945,296982599
2024-12-10,13.350000381469727,13.569999694824219,13.069999694824219,13.180000305175781,219750366
2024-12-11,13.210000038146973,13.4399995803833,13.09000015258789,13.3100004196167,189328972
2024-12-12,13.399999618530273,13.65999984741211,13.300000190734863,13.430000305175781,239968442
2024-12-13,13.399999618530273,13.720000267028809,13.329999923706055,13.720000267028809,222753475
2024-12-16,13.729999542236328,13.770000457763672,13.520000457763672,13.550000190734863,153254950
2024-12-17,13.579999923706055,13.729999542236328,13.260000228881836,13.609999656677246,218667632
2024-12-18,13.65999984741211,13.869999885559082,13.510000228881836,13.649999618530273,233794197
2024-12-19,13.520000457763672,13.550000190734863,13.119999885559082,13.199999809265137,144635639
2024-12-20,13.170000076293945,13.359999656677246,12.8100004196167,13.0,217087262
2024-12-23,12.989999771118164,13.069999694824219,12.579999923706055,12.859999656677246,164246719
2024-12-24,12.869999885559082,13.369999885559082,12.869999885559082,13.359999656677246,154581814
2024-12-25,13.680000305175781,13.960000038146973,13.619999885559082,13.880000114440918,144326518
2024-12-26,13.960000038146973,14.020000457763672,13.420000076293945,13.470000267028809,296969582
2024-12-27,13.479999542236328,14.149999618530273,13.4399995803833,14.0,283534261
2024-12-30,14.050000190734863,14.260000228881836,13.970000267028809,14.130000114440918,159391406
2024-12-31,14.119999885559082,14.170000076293945,13.619999885559082,13.619999885559082,163318262
2025-01-02,13.6899995803833,13.859999656677246,13.460000038146973,13.8100004196167,263264128
2025-01-03,13.899999618530273,14.09000015258789,13.729999542236328,13.930000305175781,315032460
2025-01-06,13.970000267028809,14.069999694824219,13.84000015258789,13.880000114440918,191043602
2025-01-07,13.880000114440918,13.970000267028809,13.550000190734863,13.600000381469727,215191404
2025-01-08,13.579999923706055,13.710000038146973,13.5,13.5600004196167,148221039
2025-01-09,13.630000114440918,14.140000343322754,13.609999656677246,14.039999961853027,256373812
2025-01-10,14.020000457763672,14.270000457763672,13.760000228881836,13.960000038146973,182905190
2025-01-13,13.949999809265137,14.039999961853027,13.779999732971191,13.930000305175781,147949003
2025-01-14,13.949999809265137,14.199999809265137,13.779999732971191,14.0600004196167,200507934
2025-01-15,14.100000381469727,14.319999694824219,13.949999809265137,14.069999694824219,157957563
2025-01-16,14.239999771118164,14.59000015258789,14.140000343322754,14.59000015258789,211669416
2025-01-17,14.649999618530273,14.729999542236328,14.449999809265137,14.649999618530273,163909174
2025-01-20,14.760000228881836,14.979999542236328,14.670000076293945,14.880000114440918,196545567
2025-01-21,14.829999923706055,14.920000076293945,14.569999694824219,14.729999542236328,149582104
2025-01-22,14.729999542236328,14.890000343322754,14.609999656677246,14.819999694824219,165831439
2025-01-23,14.880000114440918,14.90999984741211,14.350000381469727,14.489999771118164,291167961
2025-01-24,14.510000228881836,14.8100004196167,14.510000228881836,14.600000381469727,202703273
2025-01-27,14.399999618530273,14.59000015258789,14.149999618530273,14.380000114440918,153267649
2025-01-28,14.420000076293945,15.1899995803833,14.25,15.1899995803833,333971657
2025-01-29,15.140000343322754,15.369999885559082,15.010000228881836,15.020000457763672,176195014
2025-01-30,15.010000228881836,15.0600004196167,14.84000015258789,14.960000038146973,137296802
2025-01-31,14.979999542236328,15.350000381469727,14.729999542236328,15.270000457763672,191961682
2025-02-03,15.119999885559082,15.119999885559082,14.430000305175781,14.520000457763672,223846246
2025-02-04,14.609999656677246,14.859999656677246,14.460000038146973,14.640000343322754,196639722
2025-02-05,14.65999984741211,14.6899995803833,14.0600004196167,14.319999694824219,149032303
2025-02-06,14.399999618530273,14.569999694824219,14.069999694824219,14.289999961853027,219389067
2025-02-07,14.279999732971191,14.420000076293945,13.949999809265137,14.25,232071553
2025-02-10,14.300000190734863,14.5,13.920000076293945,14.0,179080566
2025-02-11,14.0,14.010000228881836,13.770000457763672,13.84000015258789,150254577
2025-02-12,13.859999656677246,13.930000305175781,13.600000381469727,13.6899995803833,158057109
2025-02-13,13.779999732971191,13.930000305175781,13.600000381469727,13.710000038146973,180808160
2025-02-14,13.75,14.210000038146973,13.75,14.0600004196167,233731976
2025-02-17,14.0600004196167,14.239999771118164,13.90999984741211,14.079999923706055,194041484
2025-02-18,14.100000381469727,15.25,13.920000076293945,15.140000343322754,511753299
2025-02-19,15.140000343322754,15.180000305175781,13.890000343322754,13.899999618530273,536146767
2025-02-20,13.9399995803833,14.210000038146973,13.859999656677246,14.050000190734863,247737348
2025-02-21,14.050000190734863,14.25,13.569999694824219,13.850000381469727,241436192
2025-02-24,14.010000228881836,14.050000190734863,13.449999809265137,13.470000267028809,198605671
2025-02-25,13.470000267028809,13.630000114440918,13.350000381469727,13.460000038146973,185342521
2025-02-26,13.479999542236328,13.850000381469727,13.479999542236328,13.770000457763672,209545059
2025-02-27,13.710000038146973,14.1899995803833,13.6899995803833,14.0600004196167,264620466
2025-02-28,14.069999694824219,14.40999984741211,14.039999961853027,14.399999618530273,219267635
2025-03-03,14.600000381469727,15.449999809265137,14.579999923706055,15.119999885559082,291769296
2025-03-04,15.039999961853027,15.460000038146973,14.920000076293945,15.380000114440918,224623655
2025-03-05,15.470000267028809,15.670000076293945,14.989999771118164,15.670000076293945,271408842
2025-03-06,15.800000190734863,15.8100004196167,15.069999694824219,15.510000228881836,251256812
2025-03-07,15.5,15.65999984741211,15.359999656677246,15.470000267028809,147904770
2025-03-10,15.800000190734863,15.850000381469727,15.210000038146973,15.289999961853027,208950713
2025-03-11,15.329999923706055,15.640000343322754,15.270000457763672,15.350000381469727,212978609
2025-03-12,15.399999618530273,15.670000076293945,15.399999618530273,15.510000228881836,167775013
2025-03-13,15.600000381469727,16.18000030517578,15.600000381469727,15.930000305175781,278128377
2025-03-14,16.0,16.0,15.779999732971191,15.859999656677246,118039036
2025-03-17,15.829999923706055,16.40999984741211,15.619999885559082,16.239999771118164,278719554
2025-03-18,16.110000610351562,16.309999465942383,15.880000114440918,16.15999984741211,174940667
2025-03-19,15.25,15.4399995803833,14.550000190734863,14.550000190734863,178718612
2025-03-20,14.199999809265137,14.350000381469727,13.15999984741211,13.5,484576818
2025-03-21,13.380000114440918,13.399999618530273,12.149999618530273,12.149999618530273,277911916
2025-03-24,12.289999961853027,12.430000305175781,11.34000015258789,12.069999694824219,367648335
2025-03-25,12.380000114440918,13.029999732971191,12.329999923706055,12.819999694824219,361414395
2025-03-26,12.600000381469727,12.930000305175781,12.550000190734863,12.65999984741211,215515906
2025-03-27,12.789999961853027,13.09000015258789,12.369999885559082,12.420000076293945,224504387
2025-03-28,12.430000305175781,12.970000267028809,12.109999656677246,12.930000305175781,204318851
2025-04-02,12.789999961853027,12.970000267028809,12.609999656677246,12.779999732971191,159413699
2025-04-03,12.8100004196167,13.1899995803833,12.789999961853027,12.789999961853027,229066936
2025-04-04,12.800000190734863,13.109999656677246,12.729999542236328,12.960000038146973,224472680
2025-04-07,12.460000038146973,13.199999809265137,12.399999618530273,13.100000381469727,242264975
2025-04-08,13.289999961853027,13.289999961853027,12.869999885559082,12.920000076293945,167545567
2025-04-09,12.789999961853027,13.039999961853027,12.59000015258789,12.600000381469727,181390643
2025-04-10,13.0,13.119999885559082,12.819999694824219,12.869999885559082,194546555
2025-04-11,12.819999694824219,12.880000114440918,12.630000114440918,12.800000190734863,146211968
2025-04-14,12.90999984741211,12.979999542236328,12.649999618530273,12.670000076293945,129007408
2025-04-15,12.699999809265137,12.760000228881836,12.25,12.289999961853027,156449486
2025-04-16,12.25,12.289999961853027,11.760000228881836,11.779999732971191,149551613
2025-04-17,11.760000228881836,12.25,11.369999885559082,11.399999618530273,340096713
2025-04-18,11.420000076293945,11.59000015258789,10.979999542236328,11.239999771118164,253932287
2025-04-21,11.270000457763672,11.850000381469727,11.15999984741211,11.539999961853027,246545197
2025-04-22,11.59000015258789,11.960000038146973,11.430000305175781,11.84000015258789,193916845
2025-04-24,12.270000457763672,12.279999732971191,11.899999618530273,12.0,227053433
2025-04-25,12.029999732971191,12.25,11.850000381469727,11.960000038146973,165312236
2025-04-28,11.979999542236328,12.210000038146973,11.869999885559082,12.050000190734863,199557686
2025-04-29,12.0,12.079999923706055,11.680000305175781,11.739999771118164,166989561
2025-04-30,11.739999771118164,11.90999984741211,11.489999771118164,11.520000457763672,195262097
2025-05-02,11.729999542236328,12.15999984741211,11.6899995803833,12.15999984741211,199932701
2025-05-05,12.239999771118164,12.260000228881836,11.829999923706055,12.069999694824219,169903266
2025-05-06,12.100000381469727,12.359999656677246,12.09000015258789,12.149999618530273,151716915
2025-05-07,12.140000343322754,12.170000076293945,11.850000381469727,12.0600004196167,119565404
2025-05-08,12.100000381469727,12.229999542236328,12.0600004196167,12.170000076293945,69168426
2025-05-09,12.40999984741211,12.819999694824219,12.329999923706055,12.779999732971191,190289185
2025-05-12,13.59000015258789,13.949999809265137,13.359999656677246,13.920000076293945,239840257
2025-05-13,13.800000190734863,14.34000015258789,13.760000228881836,13.960000038146973,230047138
2025-05-14,13.9399995803833,14.09000015258789,13.710000038146973,13.729999542236328,162387538
2025-05-15,13.84000015258789,14.229999542236328,13.84000015258789,14.050000190734863,254557558
2025-05-16,14.079999923706055,14.699999809265137,13.84000015258789,14.670000076293945,309039421
2025-05-20,14.65999984741211,14.729999542236328,14.390000343322754,14.449999809265137,136690220
2025-05-21,14.399999618530273,14.710000038146973,14.270000457763672,14.539999961853027,189796728
2025-05-22,14.630000114440918,14.680000305175781,13.859999656677246,13.989999771118164,289787468
2025-05-23,13.960000038146973,14.289999961853027,13.829999923706055,14.029999732971191,238333240
2025-05-26,14.180000305175781,14.1899995803833,13.569999694824219,13.609999656677246,156194874
2025-05-27,13.59000015258789,13.890000343322754,13.449999809265137,13.5,171303812
2025-05-28,13.470000267028809,13.819999694824219,13.470000267028809,13.779999732971191,180867053
2025-05-29,13.880000114440918,14.220000267028809,13.869999885559082,14.050000190734863,179773509
2025-05-30,13.979999542236328,14.359999656677246,13.819999694824219,13.979999542236328,302194247
2025-06-02,14.050000190734863,14.569999694824219,14.0,14.460000038146973,199170348
2025-06-03,14.630000114440918,15.420000076293945,14.529999732971191,15.359999656677246,344199569
2025-06-04,15.289999961853027,15.479999542236328,15.279999732971191,15.460000038146973,131214605
2025-06-05,15.369999885559082,15.489999771118164,15.329999923706055,15.460000038146973,37051859
2025-06-10,15.649999618530273,15.960000038146973,15.359999656677246,15.880000114440918,176213666
2025-06-11,15.850000381469727,16.209999084472656,15.729999542236328,16.110000610351562,244935850
2025-06-12,15.899999618530273,16.049999237060547,15.710000038146973,15.75,191397478
2025-06-13,14.970000267028809,15.300000190734863,14.819999694824219,15.180000305175781,245675134
2025-06-16,14.880000114440918,15.329999923706055,14.670000076293945,15.239999771118164,214077426
2025-06-17,15.300000190734863,15.380000114440918,15.0600004196167,15.109999656677246,178916908
2025-06-18,15.039999961853027,15.170000076293945,14.270000457763672,14.369999885559082,272810960
2025-06-19,14.550000190734863,15.0600004196167,14.180000305175781,14.34000015258789,305367126
2025-06-20,14.65999984741211,15.149999618530273,14.550000190734863,15.140000343322754,197524064
2025-06-23,14.979999542236328,15.369999885559082,14.949999809265137,15.180000305175781,145205294
2025-06-24,16.0,16.559999465942383,15.899999618530273,16.489999771118164,229672446
2025-06-25,16.5,16.889999389648438,16.440000534057617,16.84000015258789,202783880
2025-06-26,16.84000015258789,17.0,16.329999923706055,16.600000381469727,182377360
2025-06-27,16.549999237060547,16.920000076293945,16.059999465942383,16.739999771118164,235679635
2025-06-30,16.969999313354492,18.040000915527344,16.84000015258789,18.0,326637404
2025-07-01,17.899999618530273,18.170000076293945,17.739999771118164,17.850000381469727,193368000
2025-07-02,17.8700008392334,18.31999969482422,17.6200008392334,18.059999465942383,318397324
2025-07-03,18.350000381469727,18.559999465942383,17.780000686645508,17.8799991607666,242019243
2025-07-04,17.889999389648438,17.899999618530273,17.489999771118164,17.770000457763672,150935495
2025-07-07,17.399999618530273,17.90999984741211,17.399999618530273,17.719999313354492,181443409
2025-07-08,17.860000610351562,18.110000610351562,17.670000076293945,17.93000030517578,262133966
2025-07-09,18.040000915527344,18.209999084472656,17.850000381469727,18.18000030517578,245653019
2025-07-10,18.350000381469727,19.040000915527344,18.299999237060547,19.0,236692099
2025-07-11,19.260000228881836,19.329999923706055,18.850000381469727,19.149999618530273,160329610
2025-07-14,19.149999618530273,19.149999618530273,18.479999542236328,18.5,146134793
2025-07-16,18.559999465942383,18.979999542236328,18.290000915527344,18.690000534057617,244883558
2025-07-17,19.0,19.229999542236328,18.610000610351562,19.15999984741211,229316224
2025-07-18,19.18000030517578,19.540000915527344,19.139999389648438,19.479999542236328,155039935
2025-07-21,19.540000915527344,20.3799991607666,19.530000686645508,20.360000610351562,219703919
2025-07-22,20.360000610351562,21.700000762939453,19.989999771118164,20.299999237060547,523534642
2025-07-23,20.31999969482422,20.399999618530273,19.549999237060547,19.729999542236328,256001967
2025-07-24,19.860000610351562,20.31999969482422,19.690000534057617,19.790000915527344,365660954
2025-07-25,19.84000015258789,20.040000915527344,19.43000030517578,19.440000534057617,160921893
2025-07-28,19.549999237060547,19.59000015258789,19.290000915527344,19.3799991607666,139604537
2025-07-29,19.389999389648438,20.1200008392334,19.34000015258789,19.889999389648438,255676339
2025-07-30,19.93000030517578,20.059999465942383,19.6200008392334,19.729999542236328,189433901
2025-07-31,19.780000686645508,19.989999771118164,19.700000762939453,19.850000381469727,134852650
2025-08-01,19.899999618530273,20.15999984741211,19.790000915527344,20.100000381469727,189435593
2025-08-04,20.280000686645508,20.579999923706055,19.899999618530273,19.959999084472656,153420381
2025-08-05,20.0,20.1200008392334,19.510000228881836,19.950000762939453,187706099
2025-08-06,20.059999465942383,20.15999984741211,19.81999969482422,19.850000381469727,97554110
2025-08-07,19.920000076293945,20.18000030517578,19.81999969482422,19.850000381469727,176103561
2025-08-08,19.8799991607666,19.969999313354492,19.65999984741211,19.850000381469727,144301823
2025-08-11,20.079999923706055,20.239999771118164,19.8700008392334,19.90999984741211,123933489
2025-08-12,19.93000030517578,20.0,19.639999389648438,19.649999618530273,95462257
2025-08-13,19.68000030517578,19.959999084472656,19.530000686645508,19.780000686645508,190152173
2025-08-14,19.780000686645508,19.84000015258789,18.950000762939453,18.950000762939453,151809061
2025-08-15,18.90999984741211,19.350000381469727,18.6200008392334,19.149999618530273,151385913
2025-08-18,19.239999771118164,19.350000381469727,18.719999313354492,19.1200008392334,139203861
2025-08-19,19.899999618530273,20.34000015258789,19.649999618530273,20.1200008392334,296269153
2025-08-20,20.139999389648438,20.540000915527344,20.0,20.1200008392334,144202516
2025-08-21,20.299999237060547,21.200000762939453,20.299999237060547,20.780000686645508,189643268
2025-08-22,20.799999237060547,21.979999542236328,20.799999237060547,21.360000610351562,216970058
2025-08-25,21.68000030517578,21.719999313354492,21.18000030517578,21.239999771118164,100263742
2025-08-26,21.18000030517578,21.479999542236328,21.0,21.040000915527344,98184982
2025-08-27,21.559999465942383,21.68000030517578,21.100000381469727,21.15999984741211,202895020
2025-08-28,21.219999313354492,21.559999465942383,20.5,20.84000015258789,176434281
2025-08-29,20.860000610351562,20.959999084472656,20.520000457763672,20.700000762939453,92789139
2025-09-01,20.760000228881836,21.239999771118164,20.360000610351562,21.18000030517578,137066247
2025-09-02,21.299999237060547,21.420000076293945,19.700000762939453,20.700000762939453,194201852
2025-09-03,20.559999465942383,20.559999465942383,18.959999084472656,19.079999923706055,290330723
2025-09-04,19.149999618530273,19.530000686645508,18.8700008392334,19.31999969482422,263380090
2025-09-05,19.520000457763672,19.93000030517578,19.200000762939453,19.510000228881836,288628771
2025-09-08,19.030000686645508,19.309999465942383,18.739999771118164,18.940000534057617,148228321
2025-09-09,19.010000228881836,19.8799991607666,18.940000534057617,19.739999771118164,238950631
2025-09-10,20.020000457763672,20.520000457763672,19.850000381469727,20.5,161974573
2025-09-11,20.520000457763672,20.639999389648438,19.200000762939453,19.219999313354492,265498787
2025-09-12,19.239999771118164,19.450000762939453,18.8799991607666,19.299999237060547,153513221
2025-09-15,19.200000762939453,20.760000228881836,19.139999389648438,20.700000762939453,252402862
2025-09-16,20.65999984741211,20.84000015258789,20.34000015258789,20.559999465942383,168301276
2025-09-17,20.6200008392334,20.639999389648438,20.18000030517578,20.18000030517578,126425160
2025-09-18,20.34000015258789,20.739999771118164,19.479999542236328,19.610000610351562,187950360
2025-09-19,19.700000762939453,20.299999237060547,19.530000686645508,20.299999237060547,195846613
2025-09-22,20.760000228881836,20.799999237060547,20.239999771118164,20.299999237060547,126163888
2025-09-23,19.950000762939453,20.100000381469727,19.579999923706055,19.75,137405898
2025-09-24,19.780000686645508,20.540000915527344,19.649999618530273,20.280000686645508,336696953
2025-09-25,20.459999084472656,20.5,19.760000228881836,19.889999389648438,142857604
2025-09-26,19.860000610351562,19.860000610351562,18.8700008392334,18.979999542236328,200938009
2025-09-29,19.059999465942383,19.809999465942383,18.989999771118164,19.549999237060547,240789963
2025-09-30,19.940000534057617,20.1200008392334,19.489999771118164,19.8700008392334,254836245
2025-10-01,19.90999984741211,20.860000610351562,19.81999969482422,20.65999984741211,252938037
2025-10-02,20.600000381469727,20.799999237060547,20.299999237060547,20.700000762939453,145781056
2025-10-03,20.760000228881836,20.760000228881836,19.420000076293945,19.510000228881836,216117662
2025-10-06,19.600000381469727,19.6299991607666,19.030000686645508,19.209999084472656,179614138
2025-10-07,19.219999313354492,19.610000610351562,19.059999465942383,19.600000381469727,154252217
2025-10-08,19.510000228881836,20.18000030517578,19.360000610351562,19.68000030517578,198437764
2025-10-09,19.90999984741211,20.040000915527344,19.34000015258789,19.510000228881836,148124343
2025-10-10,19.610000610351562,20.020000457763672,19.549999237060547,19.81999969482422,185463616
2025-10-13,19.5,19.649999618530273,19.010000228881836,19.040000915527344,160834764
2025-10-14,19.049999237060547,19.139999389648438,17.799999237060547,18.059999465942383,226255680
2025-10-15,18.200000762939453,18.649999618530273,17.8799991607666,18.649999618530273,236010144
2025-10-16,18.450000762939453,18.8799991607666,18.219999313354492,18.5,211855191
2025-10-17,18.3700008392334,18.799999237060547,17.84000015258789,18.399999618530273,208536708
2025-10-20,18.450000762939453,19.139999389648438,18.100000381469727,18.989999771118164,230226028
2025-10-21,18.969999313354492,19.5,18.6200008392334,19.299999237060547,199914815
2025-10-22,19.3700008392334,19.700000762939453,19.15999984741211,19.34000015258789,170490859
2025-10-23,19.399999618530273,19.65999984741211,19.079999923706055,19.3799991607666,294235191
2025-10-24,19.600000381469727,20.719999313354492,19.600000381469727,20.100000381469727,298506918
2025-10-27,20.059999465942383,20.399999618530273,19.5,19.760000228881836,160418011
2025-10-28,19.700000762939453,20.079999923706055,19.649999618530273,19.770000457763672,59038945
2025-10-30,19.799999237060547,20.059999465942383,19.68000030517578,19.93000030517578,151629099
2025-10-31,19.920000076293945,20.3799991607666,19.690000534057617,20.219999313354492,152271418
2025-11-03,20.31999969482422,21.260000228881836,20.239999771118164,20.739999771118164,202310085
2025-11-04,20.68000030517578,21.040000915527344,20.100000381469727,20.219999313354492,136878633
2025-11-05,20.239999771118164,20.520000457763672,19.729999542236328,20.100000381469727,179783252
2025-11-06,20.280000686645508,20.579999923706055,19.93000030517578,20.559999465942383,147159027
2025-11-07,20.520000457763672,20.540000915527344,19.709999084472656,19.940000534057617,192064625
2025-11-10,19.399999618530273,19.489999771118164,18.809999465942383,18.81999969482422,247064601
2025-11-11,18.81999969482422,18.899999618530273,17.6200008392334,17.899999618530273,283043134
2025-11-12,18.079999923706055,18.219999313354492,17.75,18.149999618530273,185366337
2025-11-13,18.200000762939453,18.520000457763672,18.079999923706055,18.149999618530273,150680614
2025-11-14,18.079999923706055,18.6299991607666,17.93000030517578,18.59000015258789,160706919
2025-11-17,18.739999771118164,19.700000762939453,18.639999389648438,19.200000762939453,291156789
2025-11-18,19.110000610351562,19.5,18.84000015258789,19.06999969482422,277718980
2025-11-19,19.170000076293945,19.90999984741211,19.170000076293945,19.75,247108702
2025-11-20,19.850000381469727,19.950000762939453,19.489999771118164,19.93000030517578,150407660
2025-11-21,19.780000686645508,20.200000762939453,19.670000076293945,20.1200008392334,184891429
2025-11-24,20.1200008392334,20.34000015258789,19.860000610351562,20.059999465942383,129595104
2025-11-25,20.200000762939453,20.399999618530273,20.020000457763672,20.15999984741211,121637267
2025-11-26,20.200000762939453,20.700000762939453,20.139999389648438,20.559999465942383,111254847
2025-11-27,20.739999771118164,21.139999389648438,20.559999465942383,21.0,161569966
2025-11-28,21.020000457763672,21.399999618530273,20.65999984741211,21.1200008392334,141855985
2025-12-01,21.139999389648438,21.780000686645508,21.1200008392334,21.68000030517578,123518013
2025-12-02,21.700000762939453,21.8799991607666,21.440000534057617,21.81999969482422,97396087
2025-12-03,21.959999084472656,22.059999465942383,21.479999542236328,21.780000686645508,213335198
2025-12-04,21.780000686645508,22.0,20.700000762939453,20.8799991607666,144542402
2025-12-05,21.0,21.219999313354492,20.579999923706055,20.940000534057617,119022672
2025-12-08,21.219999313354492,21.3799991607666,20.84000015258789,21.0,144377260
2025-12-09,21.059999465942383,21.15999984741211,20.65999984741211,20.799999237060547,109904755
2025-12-10,20.899999618530273,21.18000030517578,20.31999969482422,20.559999465942383,162933234
2025-12-11,20.68000030517578,20.959999084472656,20.260000228881836,20.420000076293945,189370416
2025-12-12,20.559999465942383,20.860000610351562,20.079999923706055,20.81999969482422,183299624
2025-12-15,20.959999084472656,21.280000686645508,20.739999771118164,20.8799991607666,159370578
2025-12-16,20.8799991607666,20.899999618530273,20.360000610351562,20.399999618530273,108988418
2025-12-17,20.399999618530273,20.520000457763672,20.260000228881836,20.399999618530273,94341976
2025-12-18,20.5,20.719999313354492,20.399999618530273,20.540000915527344,101094549
2025-12-19,20.559999465942383,20.739999771118164,20.260000228881836,20.260000228881836,128277582
2025-12-22,20.299999237060547,20.459999084472656,20.020000457763672,20.18000030517578,128629658
2025-12-23,20.1200008392334,20.579999923706055,20.040000915527344,20.219999313354492,144517545
2025-12-24,20.280000686645508,20.579999923706055,20.18000030517578,20.399999618530273,134568606
2025-12-25,20.559999465942383,20.739999771118164,20.520000457763672,20.559999465942383,67346314
2025-12-26,20.559999465942383,21.040000915527344,20.34000015258789,20.979999542236328,128233765
2025-12-29,21.020000457763672,21.040000915527344,20.139999389648438,20.15999984741211,121447999
2025-12-30,20.200000762939453,20.31999969482422,20.020000457763672,20.239999771118164,89627767
2025-12-31,20.299999237060547,20.68000030517578,20.280000686645508,20.440000534057617,95372556
2026-01-02,20.520000457763672,21.200000762939453,20.520000457763672,21.200000762939453,155662189
2026-01-05,21.299999237060547,21.420000076293945,20.899999618530273,21.200000762939453,166487357
2026-01-06,21.260000228881836,21.739999771118164,21.200000762939453,21.68000030517578,168405210
2026-01-07,21.780000686645508,21.780000686645508,21.219999313354492,21.360000610351562,103640126
2026-01-08,21.299999237060547,21.3799991607666,20.540000915527344,21.280000686645508,171191718
2026-01-09,21.399999618530273,21.65999984741211,21.18000030517578,21.360000610351562,125604788
2026-01-12,21.459999084472656,21.780000686645508,21.31999969482422,21.520000457763672,147000508
2026-01-13,21.540000915527344,21.719999313354492,21.260000228881836,21.540000915527344,136857223
2026-01-14,21.600000381469727,21.700000762939453,20.84000015258789,20.899999618530273,193260585
2026-01-15,20.760000228881836,21.459999084472656,20.520000457763672,21.34000015258789,219230083
2026-01-16,21.3799991607666,22.920000076293945,21.219999313354492,22.8799991607666,382153865
2026-01-19,23.079999923706055,23.299999237060547,22.739999771118164,22.940000534057617,187087904
2026-01-20,23.020000457763672,23.200000762939453,22.3799991607666,22.5,176714215
2026-01-21,22.799999237060547,23.739999771118164,22.040000915527344,22.799999237060547,467285457
2026-01-22,23.0,23.399999618530273,22.639999389648438,22.920000076293945,358488945
2026-01-23,23.059999465942383,23.559999465942383,23.059999465942383,23.399999618530273,188844670
2026-01-26,23.15999984741211,23.739999771118164,22.959999084472656,23.739999771118164,188272803
2026-01-27,23.799999237060547,23.899999618530273,23.280000686645508,23.5,166679352
2026-01-28,23.5,24.280000686645508,23.479999542236328,23.959999084472656,188286239
2026-01-29,24.1200008392334,24.799999237060547,23.899999618530273,24.559999465942383,205839752
2026-01-30,24.65999984741211,25.739999771118164,24.31999969482422,25.5,251561168
2026-02-02,24.979999542236328,25.5,24.3799991607666,25.040000915527344,183015383
2026-02-03,25.239999771118164,26.079999923706055,24.760000228881836,25.940000534057617,192976342
2026-02-04,26.040000915527344,26.100000381469727,25.280000686645508,25.280000686645508,112267626
2026-02-05,25.15999984741211,25.3799991607666,23.979999542236328,24.040000915527344,174796478
2026-02-06,24.040000915527344,24.139999389648438,23.420000076293945,23.760000228881836,117986853
2026-02-09,24.139999389648438,25.059999465942383,23.959999084472656,25.020000457763672,133726287
2026-02-10,24.84000015258789,24.959999084472656,23.959999084472656,24.100000381469727,144748455
2026-02-11,23.8799991607666,24.579999923706055,23.68000030517578,24.299999237060547,154110861
2026-02-12,24.399999618530273,25.899999618530273,24.3799991607666,25.040000915527344,279041182
2026-02-13,25.1200008392334,25.739999771118164,25.1200008392334,25.579999923706055,188023689
2026-02-16,26.5,27.1200008392334,25.81999969482422,26.040000915527344,242683344
2026-02-17,25.8799991607666,26.739999771118164,25.440000534057617,26.219999313354492,282076237
2026-02-18,26.360000610351562,26.81999969482422,25.780000686645508,25.920000076293945,232443258
2026-02-19,26.040000915527344,26.15999984741211,24.8799991607666,25.139999389648438,144557096
2026-02-20,25.139999389648438,25.520000457763672,23.979999542236328,24.3799991607666,238878373
2026-02-23,24.719999313354492,25.079999923706055,24.579999923706055,24.920000076293945,166136883
2026-02-24,24.920000076293945,25.1200008392334,24.579999923706055,24.84000015258789,105324968
2026-02-25,24.959999084472656,24.959999084472656,24.040000915527344,24.360000610351562,110360410
2026-02-26,24.420000076293945,24.479999542236328,23.719999313354492,24.280000686645508,124368096
2026-02-27,24.31999969482422,24.600000381469727,23.420000076293945,23.700000762939453,147668424
2026-03-02,22.299999237060547,23.100000381469727,22.059999465942383,22.540000915527344,97980469
2026-03-03,22.459999084472656,22.81999969482422,21.579999923706055,21.719999313354492,103211101
2026-03-04,21.700000762939453,22.0,21.299999237060547,21.600000381469727,91189858
2026-03-05,21.799999237060547,22.280000686645508,21.559999465942383,21.6200008392334,61260588
2026-03-06,21.479999542236328,21.739999771118164,20.84000015258789,20.959999084472656,74912245
2026-03-09,19.90999984741211,21.0,19.3799991607666,21.0,160026553
2026-03-10,21.899999618530273,21.899999618530273,21.260000228881836,21.600000381469727,101764703
2026-03-11,21.360000610351562,21.5,20.899999618530273,21.040000915527344,81201320
2026-03-12,20.760000228881836,21.299999237060547,20.5,20.5,137625732
2026-03-13,20.34000015258789,20.600000381469727,20.0,20.0,76267072
2026-03-16,19.950000762939453,20.34000015258789,19.84000015258789,20.15999984741211,80618603
2026-03-17,20.260000228881836,20.860000610351562,20.18000030517578,20.719999313354492,79428816
2026-03-18,20.81999969482422,21.0,20.280000686645508,20.34000015258789,61677870
2026-03-19,20.260000228881836,20.3799991607666,20.139999389648438,20.15999984741211,24425601
2026-03-23,19.559999465942383,20.440000534057617,19.0,20.420000076293945,141369501
2026-03-24,20.15999984741211,20.459999084472656,19.65999984741211,19.700000762939453,64700541
2026-03-25,20.0,20.479999542236328,19.860000610351562,20.399999618530273,110540159
2026-03-26,20.200000762939453,20.360000610351562,19.809999465942383,19.809999465942383,79947997
2026-03-27,20.0,20.020000457763672,19.110000610351562,19.270000457763672,103986018
2026-03-30,19.190000534057617,19.43000030517578,18.860000610351562,19.170000076293945,86318299
2026-03-31,19.239999771118164,19.579999923706055,18.940000534057617,19.209999084472656,103237749
2026-04-01,19.799999237060547,19.90999984741211,19.59000015258789,19.729999542236328,74391014
2026-04-02,19.309999465942383,19.700000762939453,19.170000076293945,19.600000381469727,82406805
2026-04-03,19.600000381469727,20.040000915527344,19.450000762939453,19.510000228881836,107346272
2026-04-06,19.520000457763672,19.979999542236328,19.520000457763672,19.8700008392334,102114348
2026-04-07,19.780000686645508,19.899999618530273,19.1200008392334,19.270000457763672,79342944
2026-04-08,20.239999771118164,20.920000076293945,20.1200008392334,20.6200008392334,164070757
2026-04-09,20.540000915527344,20.65999984741211,20.34000015258789,20.579999923706055,66312008
2026-04-10,20.81999969482422,21.579999923706055,20.68000030517578,21.540000915527344,135977737
2026-04-13,20.979999542236328,21.18000030517578,20.760000228881836,21.0,80015171
2026-04-14,21.299999237060547,21.520000457763672,20.899999618530273,21.15999984741211,101034538
2026-04-15,21.299999237060547,21.420000076293945,21.200000762939453,21.200000762939453,60907382
2026-04-16,21.3799991607666,21.799999237060547,20.940000534057617,20.959999084472656,90746871
2026-04-17,20.979999542236328,22.34000015258789,20.81999969482422,22.34000015258789,157130981
2026-04-20,21.799999237060547,22.31999969482422,21.600000381469727,21.81999969482422,121394903
2026-04-21,21.940000534057617,22.020000457763672,21.260000228881836,21.31999969482422,83370578
2026-04-22,21.459999084472656,21.6200008392334,21.0,21.15999984741211,65243485
2026-04-24,21.0,21.399999618530273,20.84000015258789,21.18000030517578,67073159
2026-04-27,21.200000762939453,21.520000457763672,20.940000534057617,21.0,80713840
2026-04-28,20.899999618530273,21.0,20.600000381469727,20.700000762939453,63770591
2026-04-29,20.760000228881836,21.0,20.059999465942383,20.18000030517578,103039751
2026-04-30,19.979999542236328,20.579999923706055,19.770000457763672,20.579999923706055,107389060
2026-05-04,20.6200008392334,20.739999771118164,19.540000915527344,19.770000457763672,150138716
2026-05-05,19.799999237060547,20.420000076293945,19.799999237060547,20.260000228881836,113208633
2026-05-06,20.739999771118164,21.479999542236328,20.579999923706055,21.219999313354492,152788722
2026-05-07,21.31999969482422,22.0,21.200000762939453,21.700000762939453,117164002
2026-05-08,21.579999923706055,22.15999984741211,21.34000015258789,22.0,104281791
2026-05-11,22.0,22.639999389648438,21.899999618530273,22.239999771118164,120038123
2026-05-12,21.719999313354492,21.719999313354492,20.639999389648438,20.639999389648438,157498954
2026-05-13,20.799999237060547,20.899999618530273,20.020000457763672,20.020000457763672,95261375
2026-05-14,20.15999984741211,20.639999389648438,20.15999984741211,20.360000610351562,101866603
2026-05-15,19.979999542236328,20.440000534057617,19.959999084472656,20.31999969482422,81796250
2026-05-18,20.139999389648438,20.219999313354492,19.850000381469727,19.860000610351562,83958086
2026-05-20,19.6200008392334,20.040000915527344,19.610000610351562,19.84000015258789,90573844
2026-05-21,19.739999771118164,19.989999771118164,18.40999984741211,18.40999984741211,135433112
2026-05-22,18.030000686645508,19.540000915527344,18.030000686645508,19.290000915527344,196670431
2026-05-25,19.389999389648438,19.969999313354492,19.31999969482422,19.579999923706055,115497698
2026-05-26,19.579999923706055,19.670000076293945,19.100000381469727,19.100000381469727,39150674
2026-05-27,19.100000381469727,19.100000381469727,19.100000381469727,19.100000381469727,0
2026-05-28,19.100000381469727,19.100000381469727,19.100000381469727,19.100000381469727,0
2026-05-29,19.100000381469727,19.100000381469727,19.100000381469727,19.100000381469727,0
2026-06-01,19.229999542236328,19.729999542236328,19.110000610351562,19.209999084472656,96848838
2026-06-02,19.399999618530273,20.059999465942383,19.399999618530273,19.969999313354492,87417480
2026-06-03,19.850000381469727,20.239999771118164,19.690000534057617,19.799999237060547,87104046
2026-06-04,19.90999984741211,20.31999969482422,19.670000076293945,20.31999969482422,112887718
2026-06-05,20.3799991607666,20.399999618530273,19.229999542236328,19.229999542236328,150443949
2026-06-08,18.850000381469727,19.56999969482422,18.81999969482422,19.43000030517578,106979631
2026-06-09,19.440000534057617,19.579999923706055,19.200000762939453,19.200000762939453,75270394
2026-06-10,19.149999618530273,19.479999542236328,19.09000015258789,19.09000015258789,86055728
2026-06-11,19.170000076293945,19.3700008392334,18.729999542236328,19.15999984741211,117611094
2026-06-12,19.5,20.260000228881836,19.389999389648438,19.90999984741211,208541364
2026-06-15,20.8799991607666,21.040000915527344,20.559999465942383,20.860000610351562,117603328
2026-06-16,21.020000457763672,21.579999923706055,21.0,21.459999084472656,122316768
2026-06-17,21.559999465942383,21.979999542236328,21.360000610351562,21.600000381469727,136032131
2026-06-18,21.739999771118164,22.3799991607666,21.719999313354492,22.31999969482422,115687551
2026-06-19,21.979999542236328,22.260000228881836,21.68000030517578,21.940000534057617,69526519
2026-06-22,22.0,22.15999984741211,21.84000015258789,22.0,68329356
2026-06-23,21.799999237060547,21.959999084472656,21.399999618530273,21.540000915527344,74529168
2026-06-24,21.0,21.100000381469727,20.6200008392334,20.860000610351562,76463396
2026-06-25,21.100000381469727,21.6200008392334,20.719999313354492,20.799999237060547,99793437
2026-06-26,20.81999969482422,21.0,20.6200008392334,20.959999084472656,54578731
2026-06-29,20.940000534057617,20.959999084472656,20.540000915527344,20.799999237060547,74272221
2026-06-30,20.81999969482422,21.040000915527344,20.559999465942383,20.68000030517578,77212903
2026-07-01,20.65999984741211,21.479999542236328,20.479999542236328,21.31999969482422,106560070
2026-07-02,21.600000381469727,22.0,21.440000534057617,22.0,118172236
2026-07-03,22.020000457763672,22.040000915527344,20.700000762939453,20.799999237060547,157544462
2026-07-06,20.81999969482422,21.040000915527344,20.459999084472656,20.5,110603353
2026-07-07,20.399999618530273,21.15999984741211,20.34000015258789,20.940000534057617,110008624
2026-07-08,20.719999313354492,20.84000015258789,20.299999237060547,20.399999618530273,123200325
2026-07-09,20.579999923706055,20.84000015258789,20.139999389648438,20.360000610351562,93921781
2026-07-10,20.31999969482422,20.719999313354492,20.280000686645508,20.479999542236328,99462473
2026-07-13,20.200000762939453,20.8799991607666,20.059999465942383,20.84000015258789,96925522
2026-07-14,20.739999771118164,21.31999969482422,20.6200008392334,21.020000457763672,96037056
2026-07-16,21.020000457763672,21.34000015258789,20.719999313354492,20.760000228881836,116501949
2026-07-17,20.760000228881836,20.780000686645508,20.280000686645508,20.3799991607666,147605052
2026-07-20,20.399999618530273,20.8799991607666,20.200000762939453,20.200000762939453,141384033
2026-07-21,20.299999237060547,20.479999542236328,19.719999313354492,19.799999237060547,138705501
2026-07-22,19.959999084472656,20.040000915527344,19.540000915527344,19.6299991607666,176193002
2026-07-23,19.649999618530273,19.719999313354492,19.09000015258789,19.170000076293945,298989867
2026-07-24,19.200000762939453,19.34000015258789,18.520000457763672,18.6200008392334,179513470
2026-07-27,18.84000015258789,19.3799991607666,18.84000015258789,18.90999984741211,156543113
2026-07-28,18.90999984741211,19.040000915527344,18.149999618530273,18.200000762939453,158982857
2026-07-29,18.260000228881836,18.290000915527344,17.920000076293945,17.989999771118164,118784773
2026-07-30,17.989999771118164,18.139999389648438,17.649999618530273,17.729999542236328,108956803
2026-07-31,17.8799991607666,17.979999542236328,17.559999465942383,17.90999984741211,95983304
2026-08-03,18.100000381469727,18.520000457763672,17.93000030517578,18.190000534057617,146936073
2026-08-04,18.1299991607666,18.549999237060547,17.889999389648438,18.5,156908977
2026-08-05,18.479999542236328,18.510000228881836,18.100000381469727,18.280000686645508,94529503
2026-08-06,18.299999237060547,18.479999542236328,18.1200008392334,18.190000534057617,98668672
2026-08-07,18.18000030517578,18.270000457763672,17.690000534057617,17.940000534057617,147138889
2026-08-10,18.0,18.079999923706055,17.799999237060547,17.81999969482422,75603859
2026-08-11,17.81999969482422,18.25,17.469999313354492,17.950000762939453,127248922
2026-08-12,17.899999618530273,18.610000610351562,17.84000015258789,18.510000228881836,158784331
2026-08-13,18.450000762939453,18.81999969482422,18.309999465942383,18.399999618530273,138645257
2026-08-14,18.3700008392334,18.56999969482422,18.219999313354492,18.299999237060547,144760487
2026-08-17,18.0,18.860000610351562,18.0,18.610000610351562,143366863
2026-08-18,18.5,18.780000686645508,18.360000610351562,18.700000762939453,103651351
2026-08-19,18.6299991607666,19.479999542236328,18.6200008392334,19.40999984741211,149163407
2026-08-20,19.40999984741211,19.6200008392334,19.149999618530273,19.299999237060547,100333167
2026-08-21,19.299999237060547,19.700000762939453,19.299999237060547,19.450000762939453,94305890
2026-08-24,20.299999237060547,20.799999237060547,20.139999389648438,20.719999313354492,161429043
2026-08-25,20.579999923706055,20.65999984741211,19.84000015258789,20.040000915527344,202074088
2026-08-26,20.15999984741211,21.079999923706055,20.15999984741211,20.600000381469727,186246457
2026-08-27,20.68000030517578,20.799999237060547,20.3799991607666,20.520000457763672,87270767
2026-08-28,20.540000915527344,20.68000030517578,20.139999389648438,20.6200008392334,99398302
2026-08-31,20.700000762939453,20.8799991607666,19.920000076293945,20.0,134050053
2026-09-01,20.100000381469727,20.459999084472656,19.690000534057617,19.75,130966094
2026-09-02,19.600000381469727,20.100000381469727,19.329999923706055,20.059999465942383,99347451
2026-09-03,20.200000762939453,20.239999771118164,19.3700008392334,19.510000228881836,176287626
2026-09-04,19.510000228881836,19.59000015258789,19.209999084472656,19.440000534057617,105498742
2026-09-08,19.959999084472656,20.479999542236328,19.790000915527344,20.440000534057617,157593684
2026-09-09,20.65999984741211,22.479999542236328,20.360000610351562,22.479999542236328,595457812
2026-09-10,22.360000610351562,22.360000610351562,20.68000030517578,20.799999237060547,369435640
2026-09-11,20.84000015258789,21.299999237060547,20.719999313354492,20.920000076293945,181287051
2026-09-14,20.579999923706055,21.020000457763672,20.5,20.579999923706055,98122846
2026-09-15,20.579999923706055,20.6200008392334,19.75,19.799999237060547,146085047
2026-09-16,19.81999969482422,19.920000076293945,17.81999969482422,18.200000762939453,255228762
