Date,Open,High,Low,Close,Volume
2021-09-17,9.800000190734863,9.958666801452637,9.482666969299316,9.501333236694336,5849917
2021-09-20,9.380000114440918,9.669333457946777,9.342666625976562,9.46399974822998,2077144
2021-09-21,9.75333309173584,9.772000312805176,9.370667457580566,9.38933277130127,2766256
2021-09-22,9.435999870300293,9.501333236694336,9.342666625976562,9.445332527160645,1695966
2021-09-23,9.482666969299316,9.73466682434082,9.417332649230957,9.687999725341797,2449722
2021-09-24,9.65999984741211,9.977333068847656,9.650667190551758,9.837332725524902,3565199
2021-09-27,9.837332725524902,9.921333312988281,9.687999725341797,9.772000312805176,2286042
2021-09-28,9.772000312805176,9.8186674118042,9.54800033569336,9.594667434692383,3977437
2021-09-29,9.62266731262207,9.631999969482422,9.491999626159668,9.510666847229004,2227906
2021-09-30,9.510666847229004,9.697333335876465,9.380000114440918,9.697333335876465,4191386
2021-10-01,9.613332748413086,9.631999969482422,9.380000114440918,9.417332649230957,3976342
2021-10-04,9.398667335510254,9.566666603088379,9.35200023651123,9.361332893371582,4163500
2021-10-05,9.370667457580566,9.529333114624023,9.342666625976562,9.398667335510254,4043160
2021-10-06,9.380000114440918,9.407999992370605,9.286666870117188,9.361332893371582,2472511
2021-10-07,9.370667457580566,9.454667091369629,9.361332893371582,9.417332649230957,2806152
2021-10-08,9.426667213439941,9.482666969299316,9.38933277130127,9.417332649230957,3096685
2021-10-11,9.426667213439941,9.491999626159668,9.398667335510254,9.473333358764648,2514599
2021-10-12,9.454667091369629,9.697333335876465,9.417332649230957,9.604000091552734,6480061
2021-10-13,9.613332748413086,9.650667190551758,9.529333114624023,9.613332748413086,2920717
2021-10-14,9.62266731262207,9.678667068481445,9.538666725158691,9.566666603088379,8357943
2021-10-15,9.613332748413086,9.62266731262207,9.398667335510254,9.417332649230957,3014756
2021-10-18,9.435999870300293,9.510666847229004,9.426667213439941,9.491999626159668,2732800
2021-10-19,9.510666847229004,9.529333114624023,9.417332649230957,9.454667091369629,1942023
2021-10-20,9.46399974822998,9.501333236694336,9.380000114440918,9.380000114440918,2150676
2021-10-21,9.380000114440918,9.800000190734863,9.380000114440918,9.800000190734863,6813850
2021-10-22,9.762666702270508,10.052000045776367,9.687999725341797,9.968000411987305,5406670
2021-10-25,9.958666801452637,10.201333999633789,9.958666801452637,10.079999923706055,5061985
2021-10-26,10.173334121704102,10.229333877563477,10.089333534240723,10.192000389099121,2967131
2021-10-27,10.192000389099121,10.201333999633789,10.061333656311035,10.117334365844727,3225391
2021-10-28,10.117334365844727,10.285333633422852,10.107999801635742,10.266667366027832,2775608
2021-11-01,10.266667366027832,10.303999900817871,10.042667388916016,10.089333534240723,3058896
2021-11-02,10.107999801635742,10.220000267028809,10.052000045776367,10.107999801635742,3994042
2021-11-03,10.107999801635742,10.154666900634766,9.986666679382324,10.145334243774414,3129754
2021-11-04,10.182666778564453,10.313334465026855,10.173334121704102,10.303999900817871,2987365
2021-11-05,10.322667121887207,10.490667343139648,10.313334465026855,10.425333976745605,5431833
2021-11-08,10.40666675567627,10.472000122070312,10.359999656677246,10.416000366210938,4375194
2021-11-09,10.453333854675293,10.56533432006836,10.416000366210938,10.416000366210938,5434596
2021-11-10,10.434666633605957,10.86400032043457,10.434666633605957,10.826666831970215,7235433
2021-11-11,10.873333930969238,11.34000015258789,10.733333587646484,11.312000274658203,8482966
2021-11-12,11.312000274658203,11.582667350769043,11.15333366394043,11.433334350585938,5983739
2021-11-15,11.526666641235352,12.48799991607666,11.284000396728516,12.28266716003418,7557864
2021-11-16,12.28266716003418,12.39466667175293,11.489334106445312,11.526666641235352,7808528
2021-11-17,11.573333740234375,11.890666961669922,11.573333740234375,11.890666961669922,5205357
2021-11-18,11.974666595458984,12.48799991607666,11.974666595458984,12.236000061035156,8404265
2021-11-19,12.254667282104492,12.478667259216309,11.88133430480957,11.909334182739258,5246188
2021-11-22,11.91866683959961,12.319999694824219,11.91866683959961,12.217333793640137,4422285
2021-11-23,12.413333892822266,13.421334266662598,12.413333892822266,13.309333801269531,15649071
2021-11-24,13.59866714477539,14.531999588012695,13.365333557128906,13.533333778381348,15836173
2021-11-25,13.645334243774414,14.317334175109863,13.645334243774414,14.317334175109863,9534499
2021-11-26,14.373333930969238,14.438667297363281,13.748000144958496,14.38266658782959,8131111
2021-11-29,14.503999710083008,14.84000015258789,14.046667098999023,14.336000442504883,8061781
2021-11-30,14.373333930969238,14.74666690826416,14.093334197998047,14.485334396362305,9217296
2021-12-01,14.727999687194824,15.213334083557129,14.485334396362305,15.157334327697754,9093874
2021-12-02,15.334667205810547,15.530667304992676,14.793334007263184,14.961334228515625,6662371
2021-12-03,15.026666641235352,16.165334701538086,14.989334106445312,16.00666618347168,9820684
2021-12-06,16.1373348236084,16.501333236694336,15.092000961303711,15.166666984558105,14581600
2021-12-07,15.428001403808594,15.502667427062988,15.260001182556152,15.49333381652832,7341065
2021-12-08,15.549333572387695,15.605334281921387,15.325333595275879,15.502667427062988,6232446
2021-12-09,15.502667427062988,15.540000915527344,15.250666618347168,15.437334060668945,7774812
2021-12-10,15.68933391571045,15.922666549682617,15.353334426879883,15.502667427062988,13212655
2021-12-13,15.521333694458008,15.76400089263916,15.484001159667969,15.614666938781738,8804387
2021-12-14,15.78266716003418,15.838666915893555,15.540000915527344,15.754667282104492,7327318
2021-12-15,16.72533416748047,17.229333877563477,15.932001113891602,16.240001678466797,17254074
2021-12-16,16.520000457763672,17.02400016784668,16.33333396911621,17.02400016784668,13508583
2021-12-17,18.013334274291992,18.349334716796875,15.38133430480957,16.72533416748047,15299441
2021-12-20,16.72533416748047,17.481334686279297,15.960000991821289,16.80000114440918,14125223
2021-12-21,16.781333923339844,16.781333923339844,15.120000839233398,15.120000839233398,6694612
2021-12-22,14.205333709716797,14.578666687011719,13.607999801635742,13.607999801635742,9512365
2021-12-23,13.813334465026855,14.0,12.684000015258789,13.533333778381348,6255544
2021-12-24,13.720000267028809,13.850666999816895,13.449334144592285,13.776000022888184,7488958
2021-12-27,13.813334465026855,14.186667442321777,13.12266731262207,13.300000190734863,10600244
2021-12-28,13.468000411987305,13.542667388916016,12.880000114440918,13.020000457763672,4743595
2021-12-29,13.085333824157715,14.317334175109863,13.038666725158691,14.317334175109863,9990313
2021-12-30,14.914667129516602,15.185334205627441,14.233333587646484,14.326666831970215,15692981
2021-12-31,14.466667175292969,14.74666690826416,13.748000144958496,14.055999755859375,6669935
2022-01-03,14.279999732971191,14.65333366394043,13.822667121887207,14.485334396362305,5378647
2022-01-04,14.513334274291992,14.802666664123535,14.4573335647583,14.597333908081055,5082894
2022-01-05,14.616000175476074,14.84000015258789,14.47599983215332,14.812000274658203,3256222
2022-01-06,14.765334129333496,14.914667129516602,14.410667419433594,14.410667419433594,4596745
2022-01-07,14.401333808898926,14.54133415222168,14.046667098999023,14.140000343322754,4613101
2022-01-10,14.205333709716797,14.466667175292969,14.140000343322754,14.242667198181152,4235185
2022-01-11,14.36400032043457,14.401333808898926,13.98133373260498,14.223999977111816,3490250
2022-01-12,14.27066707611084,14.410667419433594,13.90666675567627,14.046667098999023,4958251
2022-01-13,14.06533432006836,14.149333953857422,13.850666999816895,13.859999656677246,4111221
2022-01-14,13.859999656677246,14.242667198181152,13.850666999816895,14.093334197998047,5320781
2022-01-17,14.158666610717773,14.438667297363281,14.130666732788086,14.410667419433594,4389450
2022-01-18,14.420000076293945,14.67199993133545,13.701333999633789,13.701333999633789,4587659
2022-01-19,13.579999923706055,13.79466724395752,13.337333679199219,13.757333755493164,4750903
2022-01-20,13.79466724395752,13.990667343139648,13.346667289733887,13.4399995803833,3991369
2022-01-21,13.449334144592285,14.307999610900879,13.449334144592285,14.037334442138672,7502955
2022-01-24,13.962667465209961,14.774666786193848,13.916000366210938,13.934666633605957,9489447
2022-01-25,14.513334274291992,14.513334274291992,13.71066665649414,14.112000465393066,6075850
2022-01-26,14.205333709716797,14.289334297180176,13.831999778747559,13.859999656677246,4663810
2022-01-27,13.626667022705078,13.972000122070312,13.4399995803833,13.90666675567627,3328033
2022-01-28,13.953333854675293,14.242667198181152,13.813334465026855,14.046667098999023,4948503
2022-01-31,14.102666854858398,14.616000175476074,14.102666854858398,14.616000175476074,5062514
2022-02-01,14.616000175476074,14.830666542053223,14.410667419433594,14.420000076293945,3381394
2022-02-02,14.522666931152344,14.531999588012695,14.168000221252441,14.186667442321777,2414862
2022-02-03,14.233333587646484,14.261334419250488,13.962667465209961,13.98133373260498,1813701
2022-02-04,13.972000122070312,14.251999855041504,13.850666999816895,14.149333953857422,2830543
2022-02-07,14.17733383178711,14.373333930969238,13.953333854675293,14.36400032043457,2763314
2022-02-08,14.354666709899902,14.616000175476074,14.298666954040527,14.466667175292969,3498949
2022-02-09,14.494667053222656,14.569334030151367,14.242667198181152,14.401333808898926,3953345
2022-02-10,14.410667419433594,14.513334274291992,14.251999855041504,14.251999855041504,2693686
2022-02-11,14.233333587646484,14.34533405303955,14.06533432006836,14.298666954040527,1942551
2022-02-14,13.962667465209961,14.055999755859375,13.3186674118042,13.579999923706055,4922847
2022-02-15,13.589333534240723,13.916000366210938,13.50533390045166,13.701333999633789,2893268
2022-02-16,13.776000022888184,13.887999534606934,13.738666534423828,13.757333755493164,1795620
2022-02-17,13.776000022888184,13.934666633605957,13.561333656311035,13.682666778564453,1879492
2022-02-18,13.682666778564453,13.850666999816895,13.645334243774414,13.813334465026855,1586517
2022-02-21,13.822667121887207,13.90666675567627,13.169334411621094,13.337333679199219,3517087
2022-02-22,13.010666847229004,13.010666847229004,12.55333423614502,12.935999870300293,4526289
2022-02-23,12.889333724975586,13.020000457763672,12.600000381469727,12.66533374786377,4486308
2022-02-24,11.423999786376953,11.946666717529297,11.40533447265625,11.40533447265625,7369280
2022-02-25,11.573333740234375,12.506667137145996,11.274666786193848,11.928000450134277,5489511
2022-02-28,11.573333740234375,11.853334426879883,11.218667030334473,11.433334350585938,5114780
2022-03-01,11.45199966430664,11.657334327697754,11.265334129333496,11.423999786376953,2614083
2022-03-02,11.433334350585938,11.573333740234375,11.237334251403809,11.237334251403809,2512069
2022-03-03,11.199999809265137,12.142666816711426,11.199999809265137,11.946666717529297,7333584
2022-03-04,11.946666717529297,12.142666816711426,11.619999885559082,11.937334060668945,5347767
2022-03-07,11.937334060668945,12.301334381103516,11.825333595275879,12.273333549499512,4911055
2022-03-08,12.133334159851074,12.506667137145996,12.08666706085205,12.142666816711426,3789881
2022-03-09,12.217333793640137,13.04800033569336,12.0773344039917,12.973334312438965,7925573
2022-03-10,13.066666603088379,13.748000144958496,13.066666603088379,13.468000411987305,9353600
2022-03-11,13.514666557312012,13.831999778747559,13.215999603271484,13.355999946594238,6452842
2022-03-14,13.449334144592285,13.626667022705078,13.290666580200195,13.309333801269531,3812155
2022-03-15,13.300000190734863,13.346667289733887,13.104000091552734,13.300000190734863,3285842
2022-03-16,13.309333801269531,13.411999702453613,13.225334167480469,13.290666580200195,2477346
2022-03-17,13.309333801269531,13.374667167663574,13.215999603271484,13.253334045410156,2926313
2022-03-18,13.3186674118042,14.223999977111816,13.3186674118042,14.196000099182129,11850036
2022-03-21,14.158666610717773,14.569334030151367,14.093334197998047,14.149333953857422,4942037
2022-03-22,14.214667320251465,14.38266658782959,14.130666732788086,14.205333709716797,4134801
2022-03-23,14.27066707611084,14.63466739654541,14.158666610717773,14.317334175109863,8415211
2022-03-24,14.373333930969238,14.718667030334473,14.326666831970215,14.429333686828613,4445116
2022-03-25,14.503999710083008,14.513334274291992,14.317334175109863,14.410667419433594,3087304
2022-03-28,14.513334274291992,14.868000030517578,14.466667175292969,14.485334396362305,4014038
2022-03-29,14.5600004196167,15.30666732788086,14.447999954223633,14.802666664123535,11747512
2022-03-30,14.858667373657227,14.877333641052246,14.410667419433594,14.485334396362305,4309396
2022-03-31,14.606666564941406,15.008001327514648,14.466667175292969,15.008001327514648,5331460
2022-04-01,14.933334350585938,14.989334106445312,14.681333541870117,14.849333763122559,4523694
2022-04-04,14.933334350585938,15.120000839233398,14.802666664123535,14.849333763122559,7371787
2022-04-05,14.895999908447266,15.446666717529297,14.895999908447266,15.213334083557129,9861201
2022-04-06,15.148000717163086,15.148000717163086,14.74666690826416,14.793334007263184,6511885
2022-04-07,14.830666542053223,15.148000717163086,14.802666664123535,15.026666641235352,4651839
2022-04-08,15.101333618164062,15.372000694274902,15.045333862304688,15.148000717163086,4540581
2022-04-11,15.241333961486816,15.540000915527344,15.129334449768066,15.194666862487793,7401244
2022-04-12,15.213334083557129,15.344000816345215,14.895999908447266,15.194666862487793,6807358
2022-04-13,14.830666542053223,14.90533447265625,14.466667175292969,14.569334030151367,5887519
2022-04-14,14.63466739654541,14.63466739654541,14.447999954223633,14.485334396362305,3938668
2022-04-15,14.494667053222656,14.765334129333496,14.485334396362305,14.597333908081055,4262697
2022-04-18,14.606666564941406,14.65333366394043,14.513334274291992,14.531999588012695,2673481
2022-04-19,14.597333908081055,14.802666664123535,14.54133415222168,14.662667274475098,8384684
2022-04-20,14.74666690826416,14.774666786193848,14.531999588012695,14.588000297546387,6956911
2022-04-21,14.681333541870117,15.260001182556152,14.662667274475098,14.998666763305664,11250084
2022-04-22,14.979999542236328,14.979999542236328,14.522666931152344,14.5600004196167,6325936
2022-04-25,14.531999588012695,14.578666687011719,14.36400032043457,14.503999710083008,5499112
2022-04-26,14.625333786010742,14.74666690826416,14.317334175109863,14.420000076293945,6424224
2022-04-27,14.438667297363281,14.765334129333496,14.261334419250488,14.690667152404785,5293395
2022-04-28,14.690667152404785,14.784000396728516,14.550666809082031,14.718667030334473,3328899
2022-04-29,14.765334129333496,14.812000274658203,14.662667274475098,14.812000274658203,2446404
2022-05-05,14.886667251586914,14.970666885375977,14.755999565124512,14.830666542053223,5335481
2022-05-06,14.793334007263184,14.970666885375977,14.727999687194824,14.923999786376953,4574368
2022-05-09,14.989334106445312,15.521333694458008,14.989334106445312,15.278667449951172,7577790
2022-05-10,14.830666542053223,14.84000015258789,14.466667175292969,14.67199993133545,3063865
2022-05-11,14.5600004196167,14.737334251403809,14.513334274291992,14.65333366394043,3930448
2022-05-12,14.625333786010742,14.65333366394043,14.447999954223633,14.503999710083008,4179296
2022-05-13,14.531999588012695,14.690667152404785,14.466667175292969,14.466667175292969,3070388
2022-05-16,14.466667175292969,14.5600004196167,14.438667297363281,14.531999588012695,2431889
2022-05-17,14.531999588012695,14.597333908081055,14.420000076293945,14.5600004196167,2468525
2022-05-18,14.5600004196167,14.737334251403809,14.47599983215332,14.5600004196167,3872044
2022-05-20,14.662667274475098,14.727999687194824,14.447999954223633,14.4573335647583,3516737
2022-05-23,14.531999588012695,14.569334030151367,14.233333587646484,14.289334297180176,2622900
2022-05-24,14.289334297180176,14.34533405303955,14.233333587646484,14.279999732971191,3588210
2022-05-25,14.289334297180176,14.531999588012695,14.289334297180176,14.4573335647583,5760389
2022-05-26,14.5600004196167,14.569334030151367,14.4573335647583,14.531999588012695,3511940
2022-05-27,14.531999588012695,14.597333908081055,14.485334396362305,14.550666809082031,1907734
2022-05-30,14.569334030151367,14.858667373657227,14.503999710083008,14.812000274658203,2682696
2022-05-31,14.821333885192871,14.868000030517578,14.606666564941406,14.681333541870117,2312471
2022-06-01,14.737334251403809,15.129334449768066,14.65333366394043,15.017333984375,6208979
2022-06-02,15.082667350769043,15.157334327697754,14.802666664123535,14.821333885192871,3332963
2022-06-03,14.895999908447266,15.316000938415527,14.895999908447266,15.260001182556152,6713926
2022-06-06,16.299999237060547,16.299999237060547,15.520000457763672,15.630000114440918,6932121
2022-06-07,15.680000305175781,16.010000228881836,15.470000267028809,16.010000228881836,6568683
2022-06-08,16.100000381469727,16.8799991607666,15.579999923706055,15.90999984741211,11400098
2022-06-09,16.0,16.760000228881836,15.600000381469727,16.709999084472656,10627715
2022-06-10,16.700000762939453,18.100000381469727,16.3700008392334,17.90999984741211,16350176
2022-06-13,17.920000076293945,18.190000534057617,16.889999389648438,16.889999389648438,10750009
2022-06-14,17.020000457763672,18.56999969482422,16.950000762939453,18.280000686645508,20854588
2022-06-15,18.309999465942383,19.34000015258789,18.139999389648438,18.770000457763672,33569752
2022-06-16,18.649999618530273,18.649999618530273,17.65999984741211,18.100000381469727,21229118
2022-06-17,18.229999542236328,19.09000015258789,18.229999542236328,18.59000015258789,52773982
2022-06-20,18.799999237060547,19.360000610351562,18.299999237060547,18.299999237060547,6361714
2022-06-21,18.3799991607666,18.610000610351562,17.950000762939453,17.979999542236328,5783892
2022-06-22,18.0,18.829999923706055,18.0,18.600000381469727,7726448
2022-06-23,18.59000015258789,19.149999618530273,18.40999984741211,18.739999771118164,6150989
2022-06-24,18.899999618530273,19.0,18.469999313354492,18.530000686645508,2652260
2022-06-27,18.010000228881836,18.010000228881836,18.010000228881836,18.010000228881836,32315
2022-06-28,18.899999618530273,18.950000762939453,18.149999618530273,18.200000762939453,2428882
2022-06-29,18.25,18.489999771118164,17.90999984741211,17.979999542236328,2215674
2022-06-30,17.959999084472656,18.260000228881836,17.239999771118164,17.239999771118164,6208340
2022-07-01,17.190000534057617,17.719999313354492,16.850000381469727,17.219999313354492,3636243
2022-07-04,17.290000915527344,17.799999237060547,17.290000915527344,17.43000030517578,2388318
2022-07-05,17.3799991607666,17.770000457763672,17.010000228881836,17.260000228881836,3262828
2022-07-06,17.5,17.950000762939453,17.3799991607666,17.75,3727284
2022-07-07,17.65999984741211,18.280000686645508,17.6299991607666,17.969999313354492,2752213
2022-07-08,18.010000228881836,18.489999771118164,17.90999984741211,18.030000686645508,1296245
2022-07-13,18.25,19.559999465942383,18.1200008392334,19.479999542236328,6803461
2022-07-14,19.510000228881836,20.540000915527344,18.31999969482422,18.31999969482422,6240949
2022-07-18,18.709999084472656,18.709999084472656,18.3700008392334,18.559999465942383,2379681
2022-07-19,18.75,20.34000015258789,18.56999969482422,20.34000015258789,5295835
2022-07-20,20.34000015258789,20.920000076293945,20.020000457763672,20.1200008392334,4123959
2022-07-21,20.139999389648438,20.459999084472656,19.260000228881836,19.270000457763672,2981372
2022-07-22,19.389999389648438,19.729999542236328,18.860000610351562,18.979999542236328,2596905
2022-07-25,19.030000686645508,19.389999389648438,18.920000076293945,18.950000762939453,1563678
2022-07-26,19.049999237060547,19.170000076293945,18.729999542236328,18.75,2377613
2022-07-27,18.8700008392334,19.600000381469727,18.790000915527344,19.100000381469727,4348556
2022-07-28,19.229999542236328,19.299999237060547,18.68000030517578,18.760000228881836,4012906
2022-07-29,18.850000381469727,19.170000076293945,18.700000762939453,18.719999313354492,5392407
2022-08-01,18.739999771118164,19.200000762939453,18.719999313354492,18.989999771118164,2375188
2022-08-02,19.030000686645508,19.1200008392334,18.649999618530273,18.649999618530273,1710843
2022-08-03,18.709999084472656,19.139999389648438,18.700000762939453,18.8799991607666,1849880
2022-08-04,19.020000457763672,19.079999923706055,18.860000610351562,18.920000076293945,2112273
2022-08-05,18.969999313354492,19.030000686645508,18.690000534057617,18.729999542236328,1396074
2022-08-08,18.809999465942383,19.020000457763672,18.770000457763672,18.959999084472656,2249238
2022-08-09,19.0,19.899999618530273,18.93000030517578,19.559999465942383,5771301
2022-08-10,19.559999465942383,19.639999389648438,19.25,19.389999389648438,2376338
2022-08-11,19.5,19.709999084472656,19.329999923706055,19.610000610351562,2985563
2022-08-12,19.6200008392334,20.520000457763672,19.489999771118164,20.360000610351562,3386033
2022-08-15,20.559999465942383,21.360000610351562,20.239999771118164,20.31999969482422,3103715
2022-08-16,20.399999618530273,20.459999084472656,19.3799991607666,19.979999542236328,3094034
2022-08-17,19.649999618530273,20.219999313354492,19.280000686645508,20.100000381469727,5181966
2022-08-18,20.1200008392334,20.260000228881836,19.540000915527344,19.940000534057617,2750517
2022-08-19,20.299999237060547,20.540000915527344,19.84000015258789,19.84000015258789,5126555
2022-08-22,19.84000015258789,20.0,19.56999969482422,19.610000610351562,4016560
2022-08-23,19.6200008392334,19.739999771118164,19.520000457763672,19.549999237060547,2765131
2022-08-24,19.56999969482422,19.610000610351562,18.899999618530273,18.950000762939453,2337579
2022-08-25,18.979999542236328,19.350000381469727,18.81999969482422,19.020000457763672,3187860
2022-08-26,19.049999237060547,19.260000228881836,18.860000610351562,18.959999084472656,1971457
2022-08-29,18.959999084472656,18.959999084472656,18.690000534057617,18.700000762939453,1303032
2022-08-31,18.719999313354492,18.920000076293945,18.489999771118164,18.489999771118164,2130541
2022-09-01,18.510000228881836,18.989999771118164,18.469999313354492,18.489999771118164,2610227
2022-09-02,18.540000915527344,18.950000762939453,18.5,18.739999771118164,2019520
2022-09-05,18.899999618530273,19.110000610351562,18.829999923706055,18.989999771118164,3358390
2022-09-06,19.110000610351562,19.489999771118164,18.18000030517578,19.31999969482422,4767040
2022-09-07,19.530000686645508,19.600000381469727,18.799999237060547,18.799999237060547,4186193
2022-09-08,18.969999313354492,19.280000686645508,18.809999465942383,18.829999923706055,3667610
2022-09-09,18.950000762939453,19.200000762939453,18.81999969482422,19.06999969482422,3057213
2022-09-12,19.309999465942383,19.950000762939453,19.239999771118164,19.530000686645508,6704734
2022-09-13,19.90999984741211,19.950000762939453,18.40999984741211,18.40999984741211,4554353
2022-09-14,18.5,19.100000381469727,18.5,18.75,3839114
2022-09-15,18.760000228881836,19.18000030517578,18.690000534057617,18.799999237060547,3224129
2022-09-16,19.0,19.31999969482422,18.639999389648438,19.31999969482422,6501429
2022-09-19,19.549999237060547,19.8700008392334,19.079999923706055,19.100000381469727,6345583
2022-09-20,19.149999618530273,19.469999313354492,18.75,18.93000030517578,4631133
2022-09-21,18.93000030517578,19.15999984741211,18.700000762939453,18.700000762939453,3117802
2022-09-22,18.700000762939453,18.729999542236328,18.40999984741211,18.469999313354492,3518599
2022-09-23,18.5,18.559999465942383,17.899999618530273,17.899999618530273,4896147
2022-09-26,17.899999618530273,18.260000228881836,17.81999969482422,18.059999465942383,3128399
2022-09-27,18.059999465942383,18.25,17.6299991607666,17.6299991607666,2843579
2022-09-28,17.65999984741211,17.65999984741211,16.770000457763672,16.770000457763672,5357080
2022-09-29,16.809999465942383,17.0,15.739999771118164,15.949999809265137,6321929
2022-09-30,15.979999542236328,17.299999237060547,15.979999542236328,16.90999984741211,6262913
2022-10-03,16.899999618530273,17.530000686645508,16.850000381469727,17.489999771118164,4624213
2022-10-04,17.600000381469727,17.639999389648438,17.15999984741211,17.399999618530273,3877909
2022-10-05,17.40999984741211,17.420000076293945,17.020000457763672,17.1200008392334,4047059
2022-10-06,17.15999984741211,17.940000534057617,17.1299991607666,17.770000457763672,7442889
2022-10-07,17.799999237060547,17.860000610351562,17.399999618530273,17.420000076293945,3446593
2022-10-10,17.600000381469727,18.079999923706055,17.5,17.899999618530273,5513216
2022-10-11,18.0,18.149999618530273,17.65999984741211,17.68000030517578,4627007
2022-10-12,17.690000534057617,17.760000228881836,17.09000015258789,17.09000015258789,5215364
2022-10-13,17.110000610351562,17.399999618530273,16.969999313354492,17.079999923706055,2880416
2022-10-14,17.260000228881836,17.489999771118164,17.200000762939453,17.25,3747312
2022-10-17,17.280000686645508,17.639999389648438,17.280000686645508,17.510000228881836,7643474
2022-10-18,17.549999237060547,18.1200008392334,17.520000457763672,17.700000762939453,9280300
2022-10-19,17.770000457763672,18.18000030517578,17.75,18.079999923706055,7175454
2022-10-20,18.110000610351562,18.420000076293945,17.93000030517578,17.940000534057617,10842313
2022-10-21,17.940000534057617,18.079999923706055,17.65999984741211,18.059999465942383,7652967
2022-10-24,18.170000076293945,19.110000610351562,18.15999984741211,18.8799991607666,13132214
2022-10-25,18.8700008392334,18.8799991607666,18.209999084472656,18.25,6688690
2022-10-26,18.34000015258789,18.799999237060547,18.34000015258789,18.59000015258789,6580689
2022-10-27,18.649999618530273,18.68000030517578,18.1299991607666,18.209999084472656,4912270
2022-10-28,18.219999313354492,18.459999084472656,18.030000686645508,18.030000686645508,1908936
2022-10-31,18.06999969482422,18.739999771118164,18.06999969482422,18.739999771118164,7960863
2022-11-01,18.809999465942383,18.950000762939453,18.520000457763672,18.6200008392334,4831910
2022-11-02,18.719999313354492,19.100000381469727,18.540000915527344,18.950000762939453,9009384
2022-11-03,19.100000381469727,19.489999771118164,18.90999984741211,19.489999771118164,10926572
2022-11-04,19.75,19.979999542236328,19.079999923706055,19.1200008392334,16212913
2022-11-07,19.15999984741211,19.450000762939453,19.1200008392334,19.350000381469727,10513140
2022-11-08,19.399999618530273,19.469999313354492,19.059999465942383,19.139999389648438,10459898
2022-11-09,19.350000381469727,21.020000457763672,19.350000381469727,20.280000686645508,35457940
2022-11-10,20.579999923706055,22.0,20.479999542236328,21.360000610351562,21037209
2022-11-11,22.0,22.280000686645508,21.3799991607666,21.940000534057617,21003940
2022-11-14,21.959999084472656,22.479999542236328,21.81999969482422,22.059999465942383,13531129
2022-11-15,22.200000762939453,22.760000228881836,21.579999923706055,22.059999465942383,15790865
2022-11-16,22.139999389648438,22.260000228881836,21.15999984741211,21.8799991607666,11621512
2022-11-17,21.8799991607666,21.940000534057617,21.020000457763672,21.059999465942383,7971474
2022-11-18,21.1200008392334,21.579999923706055,20.920000076293945,21.1200008392334,8079610
2022-11-21,21.31999969482422,21.31999969482422,20.760000228881836,21.18000030517578,7298141
2022-11-22,21.239999771118164,22.579999923706055,21.239999771118164,22.239999771118164,14773375
2022-11-23,22.440000534057617,23.139999389648438,22.200000762939453,22.799999237060547,15490505
2022-11-24,22.940000534057617,24.6200008392334,22.940000534057617,24.280000686645508,26004987
2022-11-25,24.299999237060547,24.479999542236328,23.700000762939453,23.739999771118164,18420034
2022-11-28,23.899999618530273,24.31999969482422,23.559999465942383,23.760000228881836,16783019
2022-11-29,24.0,26.040000915527344,23.780000686645508,25.18000030517578,40461937
2022-11-30,25.31999969482422,26.1200008392334,25.200000762939453,25.65999984741211,21737467
2022-12-01,26.15999984741211,26.18000030517578,25.34000015258789,25.600000381469727,37124691
2022-12-02,26.040000915527344,26.399999618530273,25.399999618530273,26.059999465942383,72985339
2022-12-05,26.459999084472656,26.799999237060547,25.940000534057617,26.65999984741211,162615990
2022-12-06,26.8799991607666,27.920000076293945,26.31999969482422,26.5,145935556
2022-12-07,26.420000076293945,26.420000076293945,23.860000610351562,23.940000534057617,116919519
2022-12-08,23.65999984741211,24.34000015258789,22.360000610351562,23.020000457763672,73153009
2022-12-09,23.059999465942383,24.31999969482422,22.81999969482422,23.979999542236328,95300365
2022-12-12,24.399999618530273,24.760000228881836,24.1200008392334,24.5,68919497
2022-12-13,24.700000762939453,25.059999465942383,24.3799991607666,24.479999542236328,125658607
2022-12-14,24.540000915527344,24.860000610351562,23.299999237060547,23.299999237060547,101917557
2022-12-15,23.979999542236328,25.6200008392334,23.959999084472656,25.6200008392334,205365605
2022-12-16,26.3799991607666,27.979999542236328,26.200000762939453,27.299999237060547,83859531
2022-12-19,27.299999237060547,27.440000534057617,26.139999389648438,26.579999923706055,101356549
2022-12-20,26.760000228881836,27.459999084472656,26.520000457763672,26.559999465942383,74697501
2022-12-21,26.700000762939453,27.700000762939453,26.420000076293945,26.739999771118164,116881079
2022-12-22,26.8799991607666,28.81999969482422,26.8799991607666,27.920000076293945,168423911
2022-12-23,28.100000381469727,30.700000762939453,27.8799991607666,30.700000762939453,182729577
2022-12-26,31.459999084472656,33.7599983215332,30.959999084472656,32.29999923706055,236815650
2022-12-27,32.439998626708984,32.560001373291016,30.3799991607666,30.559999465942383,119938129
2022-12-28,30.799999237060547,32.65999984741211,30.719999313354492,31.8799991607666,198355154
2022-12-29,32.20000076293945,34.880001068115234,32.20000076293945,34.13999938964844,148927014
2022-12-30,34.400001525878906,34.560001373291016,32.959999084472656,33.13999938964844,119020789
2023-01-02,33.7599983215332,34.599998474121094,33.7400016784668,33.84000015258789,72475314
2023-01-03,33.91999816894531,35.599998474121094,32.84000015258789,35.040000915527344,180374135
2023-01-04,35.5,36.380001068115234,34.47999954223633,34.47999954223633,133455004
2023-01-05,34.84000015258789,35.18000030517578,33.099998474121094,33.68000030517578,83988119
2023-01-06,31.5,34.13999938964844,30.020000457763672,34.13999938964844,155300417
2023-01-09,35.29999923706055,35.380001068115234,33.5,34.2599983215332,152523472
2023-01-10,34.060001373291016,34.5,31.280000686645508,32.5,98221927
2023-01-11,32.81999969482422,33.08000183105469,29.84000015258789,29.84000015258789,95097642
2023-01-12,30.84000015258789,32.560001373291016,29.299999237060547,32.220001220703125,131069488
2023-01-13,31.780000686645508,32.779998779296875,31.239999771118164,31.3799991607666,79548682
2023-01-16,31.6200008392334,32.400001525878906,31.219999313354492,32.18000030517578,84227593
2023-01-17,32.29999923706055,33.70000076293945,32.2400016784668,32.79999923706055,87343546
2023-01-18,33.0,34.02000045776367,32.13999938964844,32.540000915527344,106252403
2023-01-19,32.29999923706055,32.86000061035156,31.34000015258789,31.65999984741211,67620058
2023-01-20,31.940000534057617,32.2599983215332,30.100000381469727,30.559999465942383,75885478
2023-01-23,30.899999618530273,30.940000534057617,29.459999084472656,29.700000762939453,68779232
2023-01-24,29.780000686645508,30.639999389648438,29.360000610351562,30.040000915527344,78743327
2023-01-25,30.18000030517578,30.459999084472656,28.239999771118164,29.200000762939453,72086098
2023-01-26,29.139999389648438,30.260000228881836,28.899999618530273,29.739999771118164,52777682
2023-01-27,29.540000915527344,30.040000915527344,28.5,28.8799991607666,46544843
2023-01-30,29.0,29.239999771118164,28.520000457763672,28.6200008392334,33886991
2023-01-31,28.3799991607666,30.899999618530273,28.299999237060547,29.68000030517578,78957645
2023-02-01,29.700000762939453,29.81999969482422,28.040000915527344,28.040000915527344,57256222
2023-02-02,27.979999542236328,28.440000534057617,25.239999771118164,27.299999237060547,74733892
2023-02-03,27.299999237060547,28.68000030517578,27.1200008392334,28.459999084472656,43536446
2023-02-06,27.899999618530273,28.399999618530273,26.520000457763672,28.360000610351562,9728707
2023-02-07,27.979999542236328,28.219999313354492,25.540000915527344,25.540000915527344,26313434
2023-02-08,23.3799991607666,23.3799991607666,23.3799991607666,23.3799991607666,250
2023-02-15,26.34000015258789,28.079999923706055,25.959999084472656,28.079999923706055,48268367
2023-02-16,29.020000457763672,29.399999618530273,26.6200008392334,26.6200008392334,60585526
2023-02-17,26.3799991607666,27.440000534057617,26.040000915527344,26.920000076293945,44024537
2023-02-20,27.059999465942383,27.920000076293945,26.040000915527344,27.040000915527344,45969597
2023-02-21,26.860000610351562,29.65999984741211,26.65999984741211,28.360000610351562,108185409
2023-02-22,28.5,30.5,28.360000610351562,30.020000457763672,104317005
2023-02-23,30.200000762939453,31.5,29.799999237060547,31.5,70988158
2023-02-24,31.280000686645508,31.399999618530273,30.34000015258789,30.5,48881541
2023-02-27,30.520000457763672,31.540000915527344,30.299999237060547,31.100000381469727,47011437
2023-02-28,31.299999237060547,32.81999969482422,31.079999923706055,32.720001220703125,62644577
2023-03-01,32.900001525878906,33.29999923706055,32.47999954223633,32.560001373291016,50349749
2023-03-02,32.70000076293945,33.18000030517578,32.060001373291016,32.18000030517578,48836162
2023-03-03,32.29999923706055,33.060001373291016,30.700000762939453,32.540000915527344,60894916
2023-03-06,32.959999084472656,33.380001068115234,32.439998626708984,32.939998626708984,53927341
2023-03-07,33.099998474121094,33.63999938964844,32.7599983215332,32.959999084472656,49180923
2023-03-08,33.099998474121094,34.880001068115234,32.84000015258789,33.2400016784668,81088703
2023-03-09,33.5,33.86000061035156,33.220001220703125,33.279998779296875,37547353
2023-03-10,33.20000076293945,33.58000183105469,32.81999969482422,33.20000076293945,42155050
2023-03-13,33.36000061035156,33.400001525878906,32.220001220703125,32.439998626708984,44949773
2023-03-14,32.459999084472656,32.720001220703125,31.280000686645508,31.5,30158999
2023-03-15,31.399999618530273,31.5,29.719999313354492,29.760000228881836,49731307
2023-03-16,30.139999389648438,30.540000915527344,29.420000076293945,29.860000610351562,25725572
2023-03-17,30.260000228881836,31.579999923706055,29.979999542236328,30.0,35086053
2023-03-20,30.040000915527344,30.399999618530273,28.559999465942383,29.100000381469727,31170298
2023-03-21,29.239999771118164,29.299999237060547,28.399999618530273,28.399999618530273,20104931
2023-03-22,28.579999923706055,28.780000686645508,28.219999313354492,28.559999465942383,12402001
2023-03-23,28.639999389648438,29.719999313354492,28.5,29.479999542236328,23295938
2023-03-24,29.600000381469727,30.139999389648438,29.239999771118164,29.239999771118164,25243843
2023-03-27,29.5,29.799999237060547,28.979999542236328,28.979999542236328,15992304
2023-03-28,29.1200008392334,29.239999771118164,27.700000762939453,27.920000076293945,27264989
2023-03-29,27.799999237060547,28.600000381469727,26.940000534057617,28.079999923706055,25010962
2023-03-30,28.459999084472656,29.399999618530273,28.200000762939453,28.84000015258789,31878854
2023-03-31,28.8799991607666,29.799999237060547,28.760000228881836,29.299999237060547,47013640
2023-04-03,29.260000228881836,30.399999618530273,29.260000228881836,30.399999618530273,47290596
2023-04-04,30.579999923706055,31.780000686645508,30.5,31.520000457763672,40890386
2023-04-05,31.6200008392334,31.639999389648438,30.700000762939453,30.700000762939453,28427005
2023-04-06,30.899999618530273,31.299999237060547,30.540000915527344,30.81999969482422,31209958
2023-04-07,31.020000457763672,31.020000457763672,30.299999237060547,30.299999237060547,18942699
2023-04-10,30.579999923706055,31.3799991607666,30.399999618530273,31.34000015258789,24213435
2023-04-11,31.399999618530273,32.13999938964844,31.260000228881836,32.02000045776367,27259812
2023-04-12,31.899999618530273,32.220001220703125,31.18000030517578,31.459999084472656,27422713
2023-04-13,31.559999465942383,31.84000015258789,31.0,31.020000457763672,27425818
2023-04-14,31.15999984741211,31.739999771118164,30.68000030517578,30.799999237060547,35054933
2023-04-17,30.920000076293945,30.959999084472656,29.399999618530273,29.540000915527344,23971425
2023-04-18,30.200000762939453,30.579999923706055,28.940000534057617,28.940000534057617,23425133
2023-04-19,29.399999618530273,30.260000228881836,28.84000015258789,30.059999465942383,36228644
2023-04-20,29.979999542236328,30.3799991607666,29.739999771118164,30.34000015258789,11182917
2023-04-24,30.559999465942383,31.3799991607666,30.559999465942383,30.899999618530273,28170679
2023-04-25,30.959999084472656,31.540000915527344,29.360000610351562,29.360000610351562,60523384
2023-04-26,29.5,29.719999313354492,28.799999237060547,29.3799991607666,37983179
2023-04-27,29.5,29.579999923706055,28.84000015258789,28.920000076293945,27734849
2023-04-28,28.920000076293945,29.020000457763672,27.280000686645508,27.34000015258789,27046602
2023-05-02,27.399999618530273,27.899999618530273,26.459999084472656,26.459999084472656,24574574
2023-05-03,26.420000076293945,26.600000381469727,25.100000381469727,25.780000686645508,23776358
2023-05-04,25.5,26.719999313354492,25.0,25.0,28504674
2023-05-05,24.920000076293945,25.200000762939453,24.219999313354492,24.920000076293945,35387818
2023-05-08,25.059999465942383,25.81999969482422,24.68000030517578,25.780000686645508,20957213
2023-05-09,25.780000686645508,26.260000228881836,24.959999084472656,25.18000030517578,22138861
2023-05-10,24.899999618530273,25.15999984741211,23.940000534057617,23.940000534057617,24772410
2023-05-11,23.760000228881836,26.15999984741211,23.700000762939453,25.540000915527344,61191400
2023-05-12,25.440000534057617,25.579999923706055,24.1200008392334,24.299999237060547,43712810
2023-05-15,23.100000381469727,25.139999389648438,22.940000534057617,23.68000030517578,38151347
2023-05-16,23.760000228881836,24.860000610351562,23.739999771118164,24.299999237060547,48876613
2023-05-17,24.3799991607666,25.260000228881836,24.219999313354492,24.84000015258789,48848643
2023-05-18,25.020000457763672,25.5,23.700000762939453,23.700000762939453,39829874
2023-05-22,23.8799991607666,24.139999389648438,23.100000381469727,23.15999984741211,34250312
2023-05-23,23.34000015258789,23.920000076293945,23.200000762939453,23.5,43329055
2023-05-24,23.600000381469727,24.1200008392334,23.559999465942383,24.059999465942383,42414545
2023-05-25,24.059999465942383,24.420000076293945,23.280000686645508,23.299999237060547,39969577
2023-05-26,23.3799991607666,24.079999923706055,23.260000228881836,23.84000015258789,31691474
2023-05-29,24.540000915527344,25.739999771118164,24.260000228881836,25.540000915527344,44596607
2023-05-30,25.799999237060547,26.860000610351562,25.65999984741211,26.399999618530273,56505490
2023-05-31,26.540000915527344,26.860000610351562,25.68000030517578,25.860000610351562,50853814
2023-06-01,26.139999389648438,26.65999984741211,25.860000610351562,25.979999542236328,34684034
2023-06-02,27.260000228881836,28.559999465942383,26.799999237060547,27.299999237060547,114636645
2023-06-05,27.799999237060547,28.260000228881836,27.3799991607666,28.020000457763672,69254835
2023-06-06,28.020000457763672,28.479999542236328,27.760000228881836,28.200000762939453,65403750
2023-06-07,29.219999313354492,30.5,29.139999389648438,29.420000076293945,93447947
2023-06-08,29.200000762939453,29.760000228881836,28.780000686645508,29.479999542236328,60362486
2023-06-09,29.899999618530273,30.420000076293945,29.399999618530273,30.219999313354492,67053719
2023-06-12,30.5,31.059999465942383,29.739999771118164,29.899999618530273,88735975
2023-06-13,29.940000534057617,30.040000915527344,28.860000610351562,29.059999465942383,47479370
2023-06-14,29.059999465942383,29.540000915527344,27.6200008392334,27.940000534057617,56068575
2023-06-15,28.200000762939453,28.479999542236328,28.0,28.440000534057617,36615631
2023-06-16,28.5,28.81999969482422,27.940000534057617,27.979999542236328,32251480
2023-06-19,28.0,28.079999923706055,26.5,26.5,29093698
2023-06-20,26.459999084472656,27.31999969482422,26.139999389648438,26.420000076293945,30569740
2023-06-21,26.600000381469727,27.079999923706055,26.479999542236328,26.700000762939453,35670454
2023-06-22,26.860000610351562,28.399999618530273,25.899999618530273,28.34000015258789,75023931
2023-06-23,28.799999237060547,29.3799991607666,28.0,28.700000762939453,75863890
2023-06-26,28.719999313354492,29.65999984741211,28.700000762939453,29.3799991607666,51416944
2023-06-27,29.31999969482422,29.5,29.059999465942383,29.299999237060547,17407083
2023-07-03,29.899999618530273,30.440000534057617,29.520000457763672,29.959999084472656,69312202
2023-07-04,30.520000457763672,31.040000915527344,29.700000762939453,29.700000762939453,97265843
2023-07-05,29.739999771118164,30.420000076293945,29.5,30.15999984741211,50451884
2023-07-06,30.5,30.940000534057617,30.079999923706055,30.15999984741211,40533682
2023-07-07,30.15999984741211,31.540000915527344,30.1200008392334,31.5,69944689
2023-07-10,32.0,32.459999084472656,31.68000030517578,32.119998931884766,56103902
2023-07-11,32.619998931884766,32.79999923706055,31.479999542236328,31.940000534057617,48510361
2023-07-12,31.979999542236328,32.0,31.239999771118164,31.260000228881836,39407598
2023-07-13,31.31999969482422,32.220001220703125,31.059999465942383,31.079999923706055,56918251
2023-07-14,31.459999084472656,32.099998474121094,31.1200008392334,31.84000015258789,49285049
2023-07-17,32.65999984741211,34.279998779296875,32.63999938964844,33.380001068115234,73401314
2023-07-18,33.58000183105469,33.65999984741211,31.760000228881836,31.760000228881836,51213673
2023-07-19,31.760000228881836,32.52000045776367,31.299999237060547,32.13999938964844,71575461
2023-07-20,32.540000915527344,32.959999084472656,31.799999237060547,32.7400016784668,65617322
2023-07-21,32.720001220703125,33.20000076293945,32.29999923706055,33.13999938964844,59032906
2023-07-24,33.58000183105469,33.63999938964844,31.920000076293945,32.0,55127224
2023-07-25,32.099998474121094,32.2400016784668,31.040000915527344,31.360000610351562,44702912
2023-07-26,31.34000015258789,31.940000534057617,30.959999084472656,31.81999969482422,39806206
2023-07-27,32.0,32.58000183105469,31.979999542236328,32.29999923706055,38545198
2023-07-28,32.619998931884766,33.060001373291016,32.52000045776367,32.939998626708984,63879552
2023-07-31,33.400001525878906,33.7400016784668,33.040000915527344,33.619998931884766,72666476
2023-08-01,33.720001220703125,35.380001068115234,33.68000030517578,34.36000061035156,102553274
2023-08-02,34.380001068115234,34.619998931884766,33.779998779296875,33.779998779296875,68488124
2023-08-03,34.0,34.2400016784668,32.65999984741211,32.7400016784668,49955145
2023-08-04,32.900001525878906,33.900001525878906,32.540000915527344,33.540000915527344,42759357
2023-08-07,33.599998474121094,33.91999816894531,32.97999954223633,33.18000030517578,44867282
2023-08-08,33.31999969482422,33.7599983215332,32.7599983215332,32.939998626708984,46477504
2023-08-09,33.08000183105469,33.52000045776367,32.65999984741211,33.2599983215332,58925986
2023-08-10,33.58000183105469,34.220001220703125,31.920000076293945,32.040000915527344,64469657
2023-08-11,32.119998931884766,33.15999984741211,32.08000183105469,33.15999984741211,61886500
2023-08-14,33.79999923706055,35.58000183105469,33.79999923706055,34.18000030517578,97622343
2023-08-15,34.540000915527344,35.099998474121094,33.36000061035156,34.0,63377615
2023-08-16,34.099998474121094,35.02000045776367,33.70000076293945,34.619998931884766,65890064
2023-08-17,34.7400016784668,34.97999954223633,33.70000076293945,33.779998779296875,80160616
2023-08-18,33.939998626708984,34.220001220703125,31.5,32.20000076293945,67624988
2023-08-21,32.0,33.29999923706055,31.68000030517578,33.0,71824454
2023-08-22,33.15999984741211,33.2599983215332,32.099998474121094,32.2599983215332,53214596
2023-08-23,32.439998626708984,33.34000015258789,32.220001220703125,32.279998779296875,74839270
2023-08-24,32.5,33.040000915527344,30.81999969482422,30.81999969482422,66479324
2023-08-25,31.020000457763672,31.440000534057617,30.34000015258789,31.299999237060547,54068366
2023-08-28,31.739999771118164,32.15999984741211,31.600000381469727,31.780000686645508,43919782
2023-08-29,31.920000076293945,32.29999923706055,31.420000076293945,31.600000381469727,39100250
2023-08-31,31.799999237060547,33.459999084472656,31.639999389648438,32.79999923706055,81071864
2023-09-01,33.13999938964844,33.58000183105469,32.63999938964844,33.34000015258789,55957994
2023-09-04,33.779998779296875,34.81999969482422,33.47999954223633,33.900001525878906,81566240
2023-09-05,33.86000061035156,34.099998474121094,33.2599983215332,34.099998474121094,45474449
2023-09-06,34.459999084472656,34.58000183105469,33.459999084472656,33.459999084472656,53392087
2023-09-07,33.58000183105469,34.5,33.47999954223633,34.5,53954249
2023-09-08,34.7400016784668,35.15999984741211,33.97999954223633,34.2400016784668,52847237
2023-09-11,34.5,36.63999938964844,33.959999084472656,34.720001220703125,166740727
2023-09-12,34.959999084472656,38.18000030517578,34.86000061035156,38.18000030517578,163050481
2023-09-13,37.47999954223633,39.040000915527344,36.720001220703125,36.939998626708984,210477905
2023-09-14,37.040000915527344,38.34000015258789,36.5,37.47999954223633,144727919
2023-09-15,37.459999084472656,38.81999969482422,36.400001525878906,36.70000076293945,120843995
2023-09-18,36.70000076293945,37.540000915527344,35.18000030517578,35.220001220703125,75152575
2023-09-19,35.279998779296875,35.52000045776367,34.41999816894531,34.560001373291016,66641784
2023-09-20,34.779998779296875,35.15999984741211,33.18000030517578,33.36000061035156,58977379
2023-09-21,33.279998779296875,34.97999954223633,33.20000076293945,34.939998626708984,62558101
2023-09-22,35.119998931884766,35.900001525878906,34.2599983215332,34.65999984741211,53328777
2023-09-25,35.13999938964844,35.619998931884766,34.880001068115234,35.36000061035156,52190672
2023-09-26,35.459999084472656,35.540000915527344,34.400001525878906,34.400001525878906,53041093
2023-09-27,34.52000045776367,35.2400016784668,34.220001220703125,34.459999084472656,52667004
2023-09-28,35.099998474121094,35.400001525878906,34.279998779296875,34.400001525878906,47581076
2023-09-29,34.599998474121094,34.939998626708984,34.400001525878906,34.81999969482422,40361164
2023-10-02,35.040000915527344,35.36000061035156,34.939998626708984,35.060001373291016,46480371
2023-10-03,35.13999938964844,36.779998779296875,35.08000183105469,36.779998779296875,102215352
2023-10-04,36.599998474121094,36.70000076293945,35.279998779296875,35.400001525878906,62268524
2023-10-05,35.599998474121094,36.2400016784668,34.560001373291016,36.18000030517578,59938074
2023-10-06,35.79999923706055,36.2400016784668,35.63999938964844,35.79999923706055,33894596
2023-10-09,34.97999954223633,34.97999954223633,33.400001525878906,33.439998626708984,40679519
2023-10-10,34.0,34.2599983215332,33.7599983215332,33.97999954223633,31253919
2023-10-11,34.099998474121094,34.439998626708984,32.63999938964844,32.63999938964844,42315246
2023-10-12,33.099998474121094,33.31999969482422,31.520000457763672,32.15999984741211,44083138
2023-10-13,32.099998474121094,32.63999938964844,31.65999984741211,32.119998931884766,33004483
2023-10-16,32.400001525878906,32.959999084472656,31.5,32.34000015258789,44767046
2023-10-17,32.41999816894531,33.13999938964844,31.979999542236328,33.060001373291016,32330469
2023-10-18,32.15999984741211,32.58000183105469,31.959999084472656,32.0,32944071
2023-10-19,32.099998474121094,32.63999938964844,31.940000534057617,32.380001068115234,29976245
2023-10-20,31.799999237060547,32.119998931884766,30.920000076293945,31.299999237060547,25329255
2023-10-23,32.0,32.20000076293945,31.100000381469727,31.8799991607666,25856613
2023-10-24,32.02000045776367,32.720001220703125,31.959999084472656,32.58000183105469,28241037
2023-10-25,32.81999969482422,33.119998931884766,29.940000534057617,29.940000534057617,29404743
2023-10-26,30.399999618530273,30.959999084472656,29.84000015258789,30.520000457763672,34939611
2023-10-27,30.559999465942383,31.399999618530273,30.440000534057617,31.18000030517578,30626751
2023-10-30,31.100000381469727,31.600000381469727,30.920000076293945,31.139999389648438,20430470
2023-10-31,31.34000015258789,31.459999084472656,30.299999237060547,30.420000076293945,15965621
2023-11-01,30.799999237060547,31.020000457763672,29.440000534057617,30.040000915527344,18729765
2023-11-02,30.299999237060547,31.31999969482422,30.200000762939453,31.299999237060547,21229450
2023-11-03,31.299999237060547,31.34000015258789,30.34000015258789,30.739999771118164,24243444
2023-11-06,31.200000762939453,31.6200008392334,31.040000915527344,31.6200008392334,18499660
2023-11-07,31.6200008392334,32.41999816894531,31.579999923706055,32.20000076293945,22731535
2023-11-08,32.58000183105469,32.68000030517578,31.8799991607666,32.41999816894531,18188472
2023-11-09,32.0,32.29999923706055,31.479999542236328,32.02000045776367,21357516
2023-11-10,32.040000915527344,33.86000061035156,31.979999542236328,33.279998779296875,41693273
2023-11-13,33.400001525878906,34.36000061035156,32.939998626708984,33.119998931884766,33889098
2023-11-14,33.119998931884766,33.599998474121094,32.560001373291016,33.41999816894531,25531828
2023-11-15,33.599998474121094,33.81999969482422,32.86000061035156,32.959999084472656,19879969
2023-11-16,33.0,33.41999816894531,32.91999816894531,33.099998474121094,21446075
2023-11-17,33.13999938964844,33.619998931884766,33.13999938964844,33.41999816894531,18569097
2023-11-20,33.619998931884766,33.959999084472656,33.599998474121094,33.70000076293945,19918641
2023-11-21,33.900001525878906,34.380001068115234,33.459999084472656,33.79999923706055,31449811
2023-11-22,33.81999969482422,35.41999816894531,33.70000076293945,34.959999084472656,59200657
2023-11-23,35.060001373291016,35.099998474121094,34.0,34.02000045776367,28531797
2023-11-24,34.060001373291016,34.619998931884766,33.880001068115234,34.41999816894531,21510877
2023-11-27,34.560001373291016,34.7400016784668,34.2599983215332,34.599998474121094,19562928
2023-11-28,34.65999984741211,35.880001068115234,34.439998626708984,35.70000076293945,52751254
2023-11-29,35.70000076293945,36.02000045776367,34.91999816894531,35.31999969482422,28167885
2023-11-30,35.400001525878906,35.84000015258789,35.060001373291016,35.15999984741211,27039410
2023-12-01,35.5,35.86000061035156,34.86000061035156,34.900001525878906,20850205
2023-12-04,34.939998626708984,35.220001220703125,34.720001220703125,34.86000061035156,22292479
2023-12-05,34.84000015258789,34.91999816894531,33.81999969482422,33.84000015258789,23898415
2023-12-06,33.959999084472656,34.099998474121094,32.439998626708984,32.439998626708984,23668430
2023-12-07,32.439998626708984,32.91999816894531,31.940000534057617,32.91999816894531,23416603
2023-12-08,32.97999954223633,33.34000015258789,32.70000076293945,32.97999954223633,18419012
2023-12-11,33.060001373291016,33.91999816894531,32.900001525878906,33.0,31026181
2023-12-12,32.97999954223633,34.380001068115234,32.900001525878906,34.2599983215332,28302045
2023-12-13,34.02000045776367,35.02000045776367,33.79999923706055,33.959999084472656,33607064
2023-12-14,34.29999923706055,35.13999938964844,33.97999954223633,34.400001525878906,37193961
2023-12-15,34.540000915527344,36.15999984741211,34.52000045776367,35.79999923706055,42983436
2023-12-18,35.599998474121094,37.119998931884766,35.560001373291016,36.18000030517578,39408933
2023-12-19,36.279998779296875,36.439998626708984,35.02000045776367,36.31999969482422,33247533
2023-12-20,37.0,37.900001525878906,36.7400016784668,37.20000076293945,50633518
2023-12-21,37.18000030517578,37.20000076293945,35.84000015258789,36.86000061035156,31655062
2023-12-22,36.91999816894531,37.13999938964844,35.65999984741211,35.720001220703125,24714800
2023-12-25,35.5,35.52000045776367,33.81999969482422,33.939998626708984,16174358
2023-12-26,34.29999923706055,34.720001220703125,33.63999938964844,34.13999938964844,18867379
2023-12-27,33.900001525878906,34.36000061035156,33.47999954223633,33.70000076293945,25681902
2023-12-28,34.099998474121094,34.52000045776367,33.959999084472656,34.20000076293945,17351810
2023-12-29,34.2599983215332,34.599998474121094,33.959999084472656,34.0,15936124
2024-01-02,34.279998779296875,34.31999969482422,33.91999816894531,34.099998474121094,21211911
2024-01-03,33.79999923706055,34.220001220703125,32.84000015258789,32.84000015258789,22776235
2024-01-04,32.81999969482422,33.29999923706055,32.41999816894531,33.29999923706055,19859462
2024-01-05,33.29999923706055,33.459999084472656,32.84000015258789,33.279998779296875,13633972
2024-01-08,33.439998626708984,33.97999954223633,33.439998626708984,33.81999969482422,21147386
2024-01-09,33.97999954223633,34.47999954223633,33.380001068115234,33.68000030517578,22086679
2024-01-10,33.70000076293945,35.58000183105469,33.599998474121094,35.36000061035156,30866587
2024-01-11,35.439998626708984,36.08000183105469,34.81999969482422,35.2599983215332,23764702
2024-01-12,34.900001525878906,35.400001525878906,34.29999923706055,34.97999954223633,23906364
2024-01-15,35.099998474121094,35.34000015258789,34.560001373291016,34.81999969482422,18467923
2024-01-16,35.20000076293945,35.52000045776367,34.880001068115234,35.040000915527344,18468476
2024-01-17,34.79999923706055,35.02000045776367,34.540000915527344,34.79999923706055,15841315
2024-01-18,35.02000045776367,35.18000030517578,34.720001220703125,34.86000061035156,19299131
2024-01-19,34.97999954223633,35.040000915527344,34.29999923706055,34.380001068115234,13700514
2024-01-22,34.36000061035156,34.7400016784668,33.959999084472656,34.31999969482422,16662110
2024-01-23,34.58000183105469,34.97999954223633,34.040000915527344,34.08000183105469,20165762
2024-01-24,34.13999938964844,35.18000030517578,33.84000015258789,35.13999938964844,23526083
2024-01-25,35.279998779296875,35.81999969482422,35.060001373291016,35.34000015258789,23527795
2024-01-26,35.400001525878906,36.560001373291016,35.220001220703125,36.41999816894531,26483292
2024-01-29,36.5,37.060001373291016,36.34000015258789,36.79999923706055,27602648
2024-01-30,36.959999084472656,36.959999084472656,36.060001373291016,36.20000076293945,18192385
2024-01-31,36.220001220703125,37.720001220703125,36.119998931884766,37.2599983215332,42689950
2024-02-01,37.31999969482422,39.7599983215332,37.31999969482422,38.65999984741211,45828498
2024-02-02,38.720001220703125,39.68000030517578,38.279998779296875,39.08000183105469,28782960
2024-02-05,38.91999816894531,39.52000045776367,38.459999084472656,38.68000030517578,25636172
2024-02-06,38.900001525878906,39.47999954223633,38.779998779296875,38.900001525878906,31073674
2024-02-07,39.08000183105469,40.02000045776367,38.84000015258789,39.400001525878906,48476259
2024-02-08,39.5,40.13999938964844,39.279998779296875,39.400001525878906,24848290
2024-02-09,39.560001373291016,40.41999816894531,39.119998931884766,39.5,38454746
2024-02-12,39.939998626708984,40.58000183105469,39.5,40.18000030517578,40520807
2024-02-13,40.2599983215332,40.41999816894531,39.08000183105469,39.08000183105469,25145201
2024-02-14,39.119998931884766,40.18000030517578,38.779998779296875,39.97999954223633,26204113
2024-02-15,40.02000045776367,40.65999984741211,39.97999954223633,40.15999984741211,29204771
2024-02-16,40.31999969482422,41.439998626708984,40.220001220703125,40.220001220703125,38473222
2024-02-19,40.47999954223633,41.02000045776367,39.7599983215332,39.880001068115234,33219588
2024-02-20,40.040000915527344,40.5,39.7599983215332,40.34000015258789,20547721
2024-02-21,40.5,40.79999923706055,39.18000030517578,39.560001373291016,21491457
2024-02-22,39.65999984741211,40.0,39.41999816894531,39.84000015258789,14147933
2024-02-23,39.91999816894531,41.13999938964844,39.79999923706055,40.959999084472656,32742929
2024-02-26,41.31999969482422,41.439998626708984,39.84000015258789,40.060001373291016,21772568
2024-02-27,39.97999954223633,40.060001373291016,38.08000183105469,38.08000183105469,24364116
2024-02-28,37.97999954223633,38.36000061035156,37.20000076293945,37.20000076293945,28304464
2024-02-29,37.47999954223633,38.15999984741211,37.279998779296875,37.79999923706055,20497298
2024-03-01,37.939998626708984,38.2400016784668,37.099998474121094,37.18000030517578,14935887
2024-03-04,37.41999816894531,38.439998626708984,37.060001373291016,37.13999938964844,28225984
2024-03-05,37.2599983215332,38.040000915527344,37.13999938964844,37.70000076293945,24187949
2024-03-06,37.68000030517578,38.5,37.52000045776367,38.119998931884766,25071154
2024-03-07,39.47999954223633,39.599998474121094,38.2400016784668,38.400001525878906,42844663
2024-03-08,38.599998474121094,38.720001220703125,38.060001373291016,38.060001373291016,31346209
2024-03-11,38.5,38.619998931884766,37.13999938964844,37.29999923706055,24065515
2024-03-12,37.34000015258789,37.560001373291016,36.220001220703125,36.400001525878906,19706151
2024-03-13,36.459999084472656,36.65999984741211,35.939998626708984,35.939998626708984,16426054
2024-03-14,36.02000045776367,36.540000915527344,35.959999084472656,36.20000076293945,16048639
2024-03-15,36.2400016784668,36.79999923706055,36.119998931884766,36.20000076293945,20440316
2024-03-18,36.2400016784668,37.060001373291016,36.2400016784668,36.400001525878906,16160130
2024-03-19,36.36000061035156,36.560001373291016,36.040000915527344,36.18000030517578,15759172
2024-03-20,36.220001220703125,36.36000061035156,35.459999084472656,35.47999954223633,18982518
2024-03-21,35.779998779296875,35.86000061035156,35.2400016784668,35.34000015258789,23082844
2024-03-22,35.459999084472656,36.220001220703125,35.380001068115234,35.720001220703125,29250546
2024-03-25,35.47999954223633,35.959999084472656,34.7400016784668,34.79999923706055,28935873
2024-03-26,34.81999969482422,34.86000061035156,33.70000076293945,33.70000076293945,22748506
2024-03-27,34.02000045776367,34.86000061035156,33.900001525878906,34.540000915527344,18830490
2024-03-28,34.58000183105469,35.099998474121094,34.29999923706055,34.439998626708984,20098261
2024-03-29,34.619998931884766,34.91999816894531,34.34000015258789,34.79999923706055,16555088
2024-04-01,34.91999816894531,34.939998626708984,33.880001068115234,34.18000030517578,18454792
2024-04-02,34.34000015258789,34.84000015258789,33.79999923706055,34.02000045776367,20158751
2024-04-03,33.91999816894531,34.040000915527344,33.41999816894531,33.41999816894531,13586294
2024-04-04,33.5,35.13999938964844,33.5,34.91999816894531,18160351
2024-04-05,35.36000061035156,36.599998474121094,34.81999969482422,36.599998474121094,22607847
2024-04-08,36.68000030517578,37.279998779296875,36.380001068115234,36.84000015258789,15952807
2024-04-15,36.47999954223633,36.880001068115234,35.599998474121094,35.70000076293945,17278368
2024-04-16,35.400001525878906,35.81999969482422,35.2599983215332,35.29999923706055,16050361
2024-04-17,35.63999938964844,35.81999969482422,34.84000015258789,34.900001525878906,14627333
2024-04-18,34.900001525878906,35.279998779296875,34.31999969482422,34.540000915527344,15852694
2024-04-19,34.41999816894531,35.70000076293945,34.040000915527344,35.599998474121094,16262130
2024-04-22,36.0,36.36000061035156,35.79999923706055,36.13999938964844,20990054
2024-04-24,36.439998626708984,36.52000045776367,35.779998779296875,36.15999984741211,14898593
2024-04-25,37.13999938964844,37.279998779296875,36.720001220703125,37.040000915527344,27523916
2024-04-26,37.18000030517578,39.220001220703125,37.119998931884766,38.900001525878906,30939435
2024-04-29,39.08000183105469,39.400001525878906,38.41999816894531,39.099998474121094,19976446
2024-04-30,39.099998474121094,39.099998474121094,37.70000076293945,38.400001525878906,24526646
2024-05-02,38.619998931884766,38.91999816894531,38.34000015258789,38.599998474121094,16424957
2024-05-03,38.599998474121094,38.7599983215332,37.81999969482422,38.13999938964844,14034139
2024-05-06,38.13999938964844,38.959999084472656,37.959999084472656,38.79999923706055,14645943
2024-05-07,38.7599983215332,39.040000915527344,38.060001373291016,38.439998626708984,17969272
2024-05-08,38.599998474121094,39.47999954223633,38.599998474121094,39.2400016784668,28735385
2024-05-09,39.2400016784668,39.47999954223633,38.79999923706055,39.15999984741211,14344537
2024-05-10,39.2599983215332,40.060001373291016,39.08000183105469,39.619998931884766,18864208
2024-05-13,39.63999938964844,39.63999938964844,38.5,38.560001373291016,25144767
2024-05-14,37.29999923706055,37.5,36.060001373291016,36.20000076293945,28960917
2024-05-15,36.34000015258789,36.47999954223633,36.040000915527344,36.220001220703125,15089955
2024-05-16,36.400001525878906,36.880001068115234,36.13999938964844,36.880001068115234,10629710
2024-05-17,37.02000045776367,37.900001525878906,36.939998626708984,37.900001525878906,11968866
2024-05-20,37.880001068115234,38.2599983215332,37.63999938964844,37.900001525878906,16423019
2024-05-21,38.0,38.720001220703125,37.84000015258789,38.47999954223633,27409408
2024-05-22,38.70000076293945,39.97999954223633,38.5,39.68000030517578,22556891
2024-05-23,39.68000030517578,41.70000076293945,39.52000045776367,40.84000015258789,30161773
2024-05-24,40.439998626708984,40.939998626708984,39.5,39.63999938964844,14211712
2024-05-27,39.720001220703125,40.619998931884766,39.34000015258789,40.2400016784668,15484667
2024-05-28,40.400001525878906,40.619998931884766,39.5,40.119998931884766,11439964
2024-05-29,42.380001068115234,42.459999084472656,40.459999084472656,40.599998474121094,31624773
2024-05-30,40.34000015258789,41.18000030517578,40.060001373291016,40.7400016784668,19172102
2024-05-31,40.7400016784668,41.599998474121094,40.2599983215332,41.58000183105469,27751654
2024-06-03,41.720001220703125,42.2599983215332,41.15999984741211,42.08000183105469,22478131
2024-06-04,42.040000915527344,42.13999938964844,40.70000076293945,40.880001068115234,18387711
2024-06-05,40.91999816894531,41.63999938964844,40.29999923706055,41.2599983215332,17517678
2024-06-06,41.31999969482422,41.779998779296875,41.060001373291016,41.060001373291016,12495575
2024-06-07,41.2400016784668,41.81999969482422,40.63999938964844,40.81999969482422,14955386
2024-06-10,40.400001525878906,40.84000015258789,40.040000915527344,40.13999938964844,8715101
2024-06-11,40.099998474121094,40.439998626708984,39.779998779296875,39.86000061035156,12131807
2024-06-12,39.81999969482422,40.34000015258789,39.68000030517578,40.040000915527344,10412836
2024-06-13,40.439998626708984,42.279998779296875,40.380001068115234,42.099998474121094,23801393
2024-06-14,42.13999938964844,42.459999084472656,41.7599983215332,42.0,15865984
2024-06-20,42.400001525878906,42.7400016784668,41.459999084472656,42.279998779296875,19428531
2024-06-21,42.36000061035156,42.959999084472656,41.619998931884766,41.619998931884766,18232050
2024-06-24,41.619998931884766,42.599998474121094,41.540000915527344,42.31999969482422,19256876
2024-06-25,42.279998779296875,42.81999969482422,41.720001220703125,41.7599983215332,15801805
2024-06-26,41.720001220703125,41.900001525878906,41.2599983215332,41.439998626708984,12178387
2024-06-27,41.63999938964844,41.70000076293945,40.779998779296875,41.2400016784668,17645624
2024-06-28,41.5,41.7599983215332,41.0,41.15999984741211,23361835
2024-07-01,41.400001525878906,41.7599983215332,39.31999969482422,39.599998474121094,18415158
2024-07-02,39.540000915527344,40.5,39.29999923706055,40.47999954223633,13626296
2024-07-03,40.439998626708984,40.720001220703125,39.939998626708984,40.619998931884766,12926674
2024-07-04,40.619998931884766,41.900001525878906,40.619998931884766,41.7599983215332,18743612
2024-07-05,42.0,42.2400016784668,41.31999969482422,41.599998474121094,26735556
2024-07-08,41.81999969482422,42.18000030517578,40.599998474121094,40.599998474121094,21357222
2024-07-09,40.7400016784668,41.040000915527344,40.099998474121094,40.20000076293945,17757714
2024-07-10,40.20000076293945,41.0,40.0,40.70000076293945,17027986
2024-07-11,40.97999954223633,41.619998931884766,40.79999923706055,41.41999816894531,15369267
2024-07-12,41.5,42.400001525878906,41.380001068115234,42.13999938964844,20659651
2024-07-16,42.880001068115234,43.720001220703125,42.70000076293945,43.31999969482422,25644643
2024-07-17,43.41999816894531,43.619998931884766,43.0,43.20000076293945,16268864
2024-07-18,43.34000015258789,43.58000183105469,42.79999923706055,42.900001525878906,15575905
2024-07-19,42.880001068115234,43.880001068115234,42.5,43.7400016784668,20976571
2024-07-22,43.880001068115234,44.5,43.70000076293945,44.13999938964844,14442052
2024-07-23,44.2400016784668,44.279998779296875,43.099998474121094,43.619998931884766,14161429
2024-07-24,43.52000045776367,47.0,43.52000045776367,45.52000045776367,53496543
2024-07-25,45.540000915527344,46.91999816894531,45.36000061035156,46.65999984741211,22298055
2024-07-26,46.900001525878906,47.02000045776367,45.400001525878906,45.7400016784668,14925820
2024-07-29,45.7400016784668,46.86000061035156,45.5,46.7599983215332,19160653
2024-07-30,46.97999954223633,47.279998779296875,45.86000061035156,46.779998779296875,18653228
2024-07-31,47.08000183105469,47.36000061035156,46.31999969482422,46.619998931884766,16580110
2024-08-01,46.91999816894531,47.7599983215332,46.880001068115234,47.63999938964844,13035896
2024-08-02,46.70000076293945,47.2599983215332,45.86000061035156,46.36000061035156,15334485
2024-08-05,44.7599983215332,46.97999954223633,43.040000915527344,45.0,34701865
2024-08-06,45.63999938964844,46.65999984741211,44.81999969482422,45.84000015258789,21495902
2024-08-07,45.97999954223633,46.900001525878906,45.779998779296875,46.5,11167508
2024-08-08,46.29999923706055,46.619998931884766,45.41999816894531,45.70000076293945,17552538
2024-08-09,46.0,46.15999984741211,44.279998779296875,44.279998779296875,10568241
2024-08-12,44.279998779296875,44.63999938964844,43.65999984741211,44.0,13795841
2024-08-13,44.0,44.79999923706055,43.7599983215332,44.779998779296875,9524832
2024-08-14,44.97999954223633,45.20000076293945,44.41999816894531,44.63999938964844,7072087
2024-08-15,44.70000076293945,45.13999938964844,43.97999954223633,45.099998474121094,10006089
2024-08-16,45.36000061035156,45.779998779296875,44.84000015258789,45.0,9388264
2024-08-19,45.5,47.79999923706055,45.5,47.5,26874108
2024-08-20,47.29999923706055,47.779998779296875,46.7599983215332,46.959999084472656,13842149
2024-08-21,46.880001068115234,47.439998626708984,46.2599983215332,46.31999969482422,8927854
2024-08-22,46.560001373291016,49.099998474121094,46.560001373291016,48.70000076293945,21360287
2024-08-23,48.720001220703125,49.36000061035156,47.040000915527344,47.040000915527344,19613331
2024-08-26,47.900001525878906,47.900001525878906,45.63999938964844,45.79999923706055,14433605
2024-08-27,45.779998779296875,47.2400016784668,45.41999816894531,47.2400016784668,12924129
2024-08-28,47.220001220703125,49.7400016784668,46.91999816894531,49.08000183105469,27227874
2024-08-29,49.0,49.63999938964844,48.52000045776367,48.79999923706055,12621501
2024-09-02,49.02000045776367,51.29999923706055,48.900001525878906,50.75,17834756
2024-09-03,51.20000076293945,51.29999923706055,50.04999923706055,50.70000076293945,12076156
2024-09-04,50.04999923706055,50.75,49.13999938964844,50.75,11778219
2024-09-05,51.0,51.75,50.5,51.70000076293945,10662359
2024-09-06,51.70000076293945,51.70000076293945,50.349998474121094,50.400001525878906,6163727
2024-09-09,50.04999923706055,50.54999923706055,48.779998779296875,49.0,8791240
2024-09-10,49.20000076293945,49.380001068115234,47.81999969482422,48.31999969482422,9491266
2024-09-11,48.18000030517578,48.79999923706055,46.939998626708984,47.0,11701309
2024-09-12,47.58000183105469,48.040000915527344,46.68000030517578,47.65999984741211,9270310
2024-09-13,47.65999984741211,49.900001525878906,47.380001068115234,49.900001525878906,9327028
2024-09-16,49.63999938964844,49.63999938964844,48.02000045776367,48.099998474121094,10649021
2024-09-17,48.279998779296875,48.900001525878906,48.119998931884766,48.560001373291016,8125065
2024-09-18,48.5,48.720001220703125,47.880001068115234,47.900001525878906,8631646
2024-09-19,48.31999969482422,49.13999938964844,48.119998931884766,49.060001373291016,10920471
2024-09-20,49.099998474121094,49.20000076293945,47.779998779296875,47.900001525878906,10295398
2024-09-23,48.13999938964844,48.34000015258789,46.2599983215332,46.5,17888175
2024-09-24,46.63999938964844,47.47999954223633,46.2599983215332,46.58000183105469,18229308
2024-09-25,46.63999938964844,47.08000183105469,45.86000061035156,45.959999084472656,12398174
2024-09-26,46.119998931884766,46.65999984741211,45.02000045776367,45.02000045776367,15887395
2024-09-27,45.099998474121094,45.619998931884766,44.959999084472656,45.31999969482422,9175431
2024-09-30,44.84000015258789,45.720001220703125,44.7400016784668,45.29999923706055,8624985
2024-10-01,46.0,47.18000030517578,45.2599983215332,46.040000915527344,26213517
2024-10-02,45.540000915527344,46.81999969482422,45.540000915527344,46.040000915527344,12252716
2024-10-03,46.34000015258789,46.52000045776367,44.779998779296875,45.040000915527344,14412915
2024-10-04,45.2400016784668,45.560001373291016,43.97999954223633,45.540000915527344,8942635
2024-10-07,45.540000915527344,46.34000015258789,45.15999984741211,45.400001525878906,7282214
2024-10-08,45.2599983215332,46.41999816894531,44.41999816894531,45.7400016784668,9343048
2024-10-09,45.58000183105469,46.0,44.79999923706055,46.0,8844915
2024-10-10,46.0,46.439998626708984,44.41999816894531,44.41999816894531,11622452
2024-10-11,44.47999954223633,45.84000015258789,44.400001525878906,44.779998779296875,11879419
2024-10-14,44.81999969482422,45.099998474121094,42.599998474121094,42.599998474121094,12926367
2024-10-15,42.79999923706055,44.20000076293945,42.619998931884766,44.02000045776367,11290405
2024-10-16,43.70000076293945,45.31999969482422,43.599998474121094,44.97999954223633,11732949
2024-10-17,44.939998626708984,47.380001068115234,44.939998626708984,46.939998626708984,19606930
2024-10-18,47.02000045776367,48.08000183105469,46.86000061035156,47.7400016784668,19818003
2024-10-21,47.79999923706055,48.63999938964844,45.79999923706055,45.91999816894531,18341961
2024-10-22,46.040000915527344,48.220001220703125,45.79999923706055,48.119998931884766,18730289
2024-10-23,48.20000076293945,48.380001068115234,46.599998474121094,47.13999938964844,10950514
2024-10-24,47.619998931884766,48.279998779296875,47.400001525878906,48.279998779296875,12195903
2024-10-25,48.36000061035156,48.5,47.47999954223633,47.880001068115234,7587216
2024-10-28,47.779998779296875,48.099998474121094,47.65999984741211,47.91999816894531,2560589
2024-10-30,47.959999084472656,48.5,47.7599983215332,48.220001220703125,15590998
2024-10-31,48.2599983215332,48.68000030517578,47.040000915527344,47.08000183105469,10298444
2024-11-01,47.13999938964844,48.97999954223633,47.13999938964844,48.7400016784668,13631622
2024-11-04,48.65999984741211,48.97999954223633,47.5,47.79999923706055,12810676
2024-11-05,48.0,48.70000076293945,47.47999954223633,47.7599983215332,12502339
2024-11-06,48.47999954223633,52.400001525878906,48.380001068115234,51.95000076293945,40260104
2024-11-07,52.25,52.95000076293945,50.70000076293945,51.849998474121094,19303956
2024-11-08,52.20000076293945,54.400001525878906,51.95000076293945,53.650001525878906,20398159
2024-11-11,53.75,53.95000076293945,51.75,52.04999923706055,16198019
2024-11-12,52.04999923706055,55.099998474121094,52.04999923706055,55.0,24807747
2024-11-13,54.849998474121094,55.75,53.95000076293945,54.54999923706055,29278563
2024-11-14,55.0,56.150001525878906,54.45000076293945,54.900001525878906,14947354
2024-11-15,55.150001525878906,55.400001525878906,53.75,53.75,9889110
2024-11-18,53.25,53.400001525878906,51.95000076293945,52.79999923706055,12407933
2024-11-19,53.099998474121094,53.849998474121094,50.45000076293945,51.150001525878906,15828235
2024-11-20,52.54999923706055,52.650001525878906,48.900001525878906,48.959999084472656,17003923
2024-11-21,48.81999969482422,50.25,48.63999938964844,50.04999923706055,16001704
2024-11-22,50.099998474121094,51.349998474121094,49.599998474121094,51.29999923706055,14061199
2024-11-25,51.54999923706055,52.5,51.400001525878906,51.900001525878906,9312733
2024-11-26,51.900001525878906,51.900001525878906,50.25,50.5,9218932
2024-11-27,50.95000076293945,51.79999923706055,49.97999954223633,51.20000076293945,13537749
2024-11-28,51.29999923706055,52.29999923706055,51.25,51.650001525878906,10514581
2024-11-29,51.75,52.75,51.0,52.45000076293945,12633529
2024-12-02,55.0,55.099998474121094,52.599998474121094,52.599998474121094,15294588
2024-12-03,52.75,54.099998474121094,52.75,53.45000076293945,12535463
2024-12-04,53.70000076293945,54.0,52.95000076293945,53.29999923706055,7639835
2024-12-05,53.45000076293945,53.75,53.04999923706055,53.599998474121094,6265449
2024-12-06,53.900001525878906,54.0,53.29999923706055,53.650001525878906,7466198
2024-12-09,54.54999923706055,57.20000076293945,54.5,56.20000076293945,27502155
2024-12-10,55.849998474121094,56.54999923706055,53.400001525878906,53.54999923706055,13017613
2024-12-11,53.70000076293945,54.20000076293945,52.900001525878906,53.25,12719707
2024-12-12,53.45000076293945,54.29999923706055,52.5,52.95000076293945,8332927
2024-12-13,52.849998474121094,53.75,51.95000076293945,53.75,8705235
2024-12-16,53.900001525878906,54.25,53.099998474121094,53.29999923706055,6384187
2024-12-17,53.349998474121094,55.20000076293945,53.0,54.650001525878906,16561700
2024-12-18,55.0,55.20000076293945,53.599998474121094,54.20000076293945,11126895
2024-12-19,53.599998474121094,53.79999923706055,52.04999923706055,52.5,10158394
2024-12-20,52.5,52.75,50.79999923706055,50.849998474121094,9243259
2024-12-23,51.099998474121094,51.5,50.400001525878906,51.099998474121094,8125187
2024-12-24,51.29999923706055,51.400001525878906,50.45000076293945,51.099998474121094,6304009
2024-12-25,51.599998474121094,52.099998474121094,51.400001525878906,51.45000076293945,5613868
2024-12-26,51.70000076293945,52.150001525878906,51.0,51.400001525878906,9350896
2024-12-27,51.54999923706055,52.79999923706055,51.400001525878906,52.349998474121094,9471881
2024-12-30,52.599998474121094,52.650001525878906,50.150001525878906,50.349998474121094,11038353
2024-12-31,49.0,49.63999938964844,47.939998626708984,48.599998474121094,20157072
2025-01-02,49.08000183105469,50.04999923706055,48.63999938964844,49.84000015258789,15290149
2025-01-03,49.84000015258789,50.75,49.400001525878906,50.650001525878906,13549888
2025-01-06,50.79999923706055,51.25,50.099998474121094,50.150001525878906,8707666
2025-01-07,50.150001525878906,50.54999923706055,49.779998779296875,49.900001525878906,10479045
2025-01-08,49.779998779296875,49.81999969482422,48.599998474121094,48.68000030517578,11024378
2025-01-09,48.84000015258789,49.68000030517578,48.560001373291016,49.52000045776367,10439881
2025-01-10,49.58000183105469,49.79999923706055,48.58000183105469,48.880001068115234,13577543
2025-01-13,48.720001220703125,48.900001525878906,47.619998931884766,47.880001068115234,8840245
2025-01-14,48.119998931884766,49.2400016784668,47.91999816894531,48.939998626708984,13889096
2025-01-15,49.040000915527344,50.45000076293945,48.52000045776367,48.939998626708984,29343837
2025-01-16,49.41999816894531,50.54999923706055,49.0,50.5,26507190
2025-01-17,50.54999923706055,50.900001525878906,49.939998626708984,50.45000076293945,12217034
2025-01-20,50.70000076293945,51.5,50.349998474121094,51.349998474121094,15843707
2025-01-21,51.099998474121094,51.349998474121094,50.099998474121094,50.25,12951823
2025-01-22,50.29999923706055,50.54999923706055,49.84000015258789,50.25,9676290
2025-01-23,50.45000076293945,51.20000076293945,50.29999923706055,50.599998474121094,10549377
2025-01-24,50.79999923706055,51.54999923706055,50.79999923706055,50.95000076293945,15082801
2025-01-27,50.349998474121094,50.5,49.720001220703125,50.099998474121094,12495947
2025-01-28,50.25,50.29999923706055,48.65999984741211,48.70000076293945,20419821
2025-01-29,48.91999816894531,49.099998474121094,48.15999984741211,48.279998779296875,15392110
2025-01-30,48.41999816894531,49.560001373291016,48.2400016784668,49.0,16239029
2025-01-31,49.040000915527344,49.2400016784668,48.119998931884766,48.70000076293945,10191538
2025-02-03,48.439998626708984,48.439998626708984,46.7599983215332,46.79999923706055,12083584
2025-02-04,46.97999954223633,48.040000915527344,46.52000045776367,47.720001220703125,12030206
2025-02-05,47.779998779296875,48.439998626708984,46.560001373291016,47.279998779296875,14858216
2025-02-06,47.720001220703125,48.400001525878906,47.58000183105469,48.20000076293945,13121875
2025-02-07,48.31999969482422,49.380001068115234,48.0,49.36000061035156,13615530
2025-02-10,49.86000061035156,50.099998474121094,48.68000030517578,48.880001068115234,13919978
2025-02-11,48.880001068115234,50.54999923706055,48.7400016784668,50.45000076293945,19406819
2025-02-12,50.54999923706055,52.70000076293945,50.54999923706055,51.45000076293945,27816329
2025-02-13,53.54999923706055,53.95000076293945,51.349998474121094,52.20000076293945,36279205
2025-02-14,52.25,53.5,52.04999923706055,52.349998474121094,19722436
2025-02-17,52.349998474121094,52.45000076293945,51.349998474121094,51.79999923706055,11034829
2025-02-18,51.79999923706055,54.20000076293945,51.54999923706055,53.5,21180467
2025-02-19,53.5,54.04999923706055,51.5,51.599998474121094,14628887
2025-02-20,51.79999923706055,52.650001525878906,51.54999923706055,52.150001525878906,10895120
2025-02-21,51.95000076293945,52.400001525878906,49.36000061035156,49.779998779296875,11947901
2025-02-24,50.400001525878906,51.0,49.29999923706055,49.86000061035156,8466709
2025-02-25,49.939998626708984,50.099998474121094,47.79999923706055,47.91999816894531,12329088
2025-02-26,47.880001068115234,49.2400016784668,47.599998474121094,48.599998474121094,15928890
2025-02-27,48.5,49.58000183105469,48.380001068115234,49.279998779296875,15446782
2025-02-28,49.02000045776367,49.2599983215332,48.13999938964844,48.58000183105469,17224452
2025-03-03,48.619998931884766,49.220001220703125,47.65999984741211,48.31999969482422,25081241
2025-03-04,48.400001525878906,48.7599983215332,47.97999954223633,48.34000015258789,19209457
2025-03-05,49.31999969482422,50.79999923706055,49.31999969482422,50.79999923706055,24944496
2025-03-06,53.95000076293945,53.95000076293945,52.099998474121094,53.5,32856374
2025-03-07,53.5,54.95000076293945,52.75,54.70000076293945,22446870
2025-03-10,54.75,55.150001525878906,53.5,53.849998474121094,21285362
2025-03-11,54.20000076293945,55.95000076293945,54.04999923706055,55.25,20629311
2025-03-12,57.0,57.29999923706055,54.599998474121094,54.95000076293945,33968919
2025-03-13,55.0,56.95000076293945,54.849998474121094,56.20000076293945,27271193
2025-03-14,56.5,58.349998474121094,55.70000076293945,57.5,33745450
2025-03-17,58.0,58.79999923706055,57.349998474121094,58.45000076293945,25796309
2025-03-18,58.099998474121094,61.54999923706055,58.0,61.099998474121094,39498956
2025-03-19,56.900001525878906,63.70000076293945,56.900001525878906,58.599998474121094,62860994
2025-03-20,59.849998474121094,61.5,59.599998474121094,60.849998474121094,47394866
2025-03-21,60.5,61.400001525878906,56.70000076293945,59.45000076293945,81567616
2025-03-24,60.5,62.54999923706055,57.5,59.70000076293945,45907794
2025-03-25,60.650001525878906,62.29999923706055,58.75,61.70000076293945,37424859
2025-03-26,61.599998474121094,65.55000305175781,61.099998474121094,64.1500015258789,35758368
2025-03-27,64.9000015258789,67.19999694824219,62.150001525878906,63.04999923706055,33511576
2025-03-28,62.900001525878906,63.900001525878906,61.70000076293945,63.650001525878906,17232393
2025-04-02,63.54999923706055,65.19999694824219,60.70000076293945,60.70000076293945,24987352
2025-04-03,60.75,63.599998474121094,60.75,62.70000076293945,20647183
2025-04-04,62.70000076293945,62.79999923706055,59.54999923706055,59.599998474121094,19061676
2025-04-07,57.650001525878906,60.75,57.5,60.0,24805404
2025-04-08,60.900001525878906,61.29999923706055,59.04999923706055,59.400001525878906,16069833
2025-04-09,59.29999923706055,62.0,59.20000076293945,61.20000076293945,26386541
2025-04-10,63.349998474121094,63.400001525878906,61.45000076293945,62.650001525878906,16897828
2025-04-11,62.5,65.05000305175781,62.150001525878906,64.5999984741211,20486676
2025-04-14,65.0999984741211,65.4000015258789,63.79999923706055,63.849998474121094,10549309
2025-04-15,63.849998474121094,64.94999694824219,63.650001525878906,64.0,11112873
2025-04-16,61.95000076293945,62.95000076293945,60.29999923706055,61.900001525878906,11870446
2025-04-17,61.79999923706055,64.05000305175781,59.79999923706055,60.75,18683991
2025-04-18,61.29999923706055,61.29999923706055,59.54999923706055,59.900001525878906,7180986
2025-04-21,60.0,60.849998474121094,59.0,59.849998474121094,9519789
2025-04-22,61.150001525878906,61.599998474121094,60.25,61.400001525878906,10007398
2025-04-24,61.900001525878906,65.5999984741211,61.900001525878906,64.75,23877485
2025-04-25,64.44999694824219,64.75,61.0,61.0,15424695
2025-04-28,61.45000076293945,64.80000305175781,60.900001525878906,64.19999694824219,18809838
2025-04-29,64.0,64.55000305175781,63.29999923706055,63.650001525878906,9138796
2025-04-30,64.0999984741211,65.44999694824219,62.45000076293945,64.0,14589279
2025-05-02,64.0,65.0999984741211,62.0,62.70000076293945,12388035
2025-05-05,63.599998474121094,64.94999694824219,63.29999923706055,63.75,8930735
2025-05-06,63.349998474121094,64.80000305175781,63.29999923706055,64.0,12742309
2025-05-07,63.75,64.30000305175781,61.54999923706055,61.95000076293945,11306436
2025-05-08,62.5,62.900001525878906,61.29999923706055,62.29999923706055,4850465
2025-05-09,64.6500015258789,69.3499984741211,64.0999984741211,68.05000305175781,24818564
2025-05-12,71.0,74.8499984741211,69.55000305175781,74.8499984741211,33645545
2025-05-13,75.05000305175781,75.44999694824219,69.0,69.0,35915273
2025-05-14,69.0,71.0999984741211,67.5,68.0,35011030
2025-05-15,67.8499984741211,68.0,64.5999984741211,66.19999694824219,25142070
2025-05-16,66.19999694824219,66.69999694824219,64.5999984741211,65.05000305175781,16837196
2025-05-20,66.19999694824219,66.5,63.95000076293945,64.1500015258789,18799417
2025-05-21,63.79999923706055,66.0,63.70000076293945,64.55000305175781,17056032
2025-05-22,65.0,65.05000305175781,62.349998474121094,62.599998474121094,19628402
2025-05-23,62.349998474121094,64.3499984741211,61.849998474121094,62.20000076293945,19995688
2025-05-26,63.849998474121094,64.5999984741211,63.349998474121094,63.54999923706055,16486732
2025-05-27,63.5,63.650001525878906,61.5,61.54999923706055,10346987
2025-05-28,61.5,61.95000076293945,60.5,61.29999923706055,11474564
2025-05-29,61.75,62.29999923706055,60.75,61.0,9170190
2025-05-30,60.900001525878906,62.099998474121094,60.29999923706055,60.29999923706055,14304126
2025-06-02,59.400001525878906,61.849998474121094,58.5,61.0,14726356
2025-06-03,61.150001525878906,63.400001525878906,61.150001525878906,62.45000076293945,8781046
2025-06-04,62.29999923706055,63.400001525878906,62.099998474121094,63.400001525878906,8556317
2025-06-05,63.25,63.650001525878906,62.70000076293945,63.0,2864632
2025-06-10,63.25,64.0,62.79999923706055,63.599998474121094,8892298
2025-06-11,63.04999923706055,64.75,62.95000076293945,64.30000305175781,11563272
2025-06-12,63.0,63.95000076293945,61.650001525878906,62.70000076293945,13362937
2025-06-13,60.0,62.54999923706055,59.150001525878906,62.54999923706055,12466527
2025-06-16,61.79999923706055,63.45000076293945,61.0,62.29999923706055,9874371
2025-06-17,62.45000076293945,64.1500015258789,62.400001525878906,63.75,9694538
2025-06-18,63.75,63.79999923706055,61.75,62.25,8683677
2025-06-19,62.29999923706055,62.79999923706055,60.79999923706055,60.79999923706055,6780320
2025-06-20,61.95000076293945,61.95000076293945,60.349998474121094,60.349998474121094,7031624
2025-06-23,60.349998474121094,61.29999923706055,59.900001525878906,60.400001525878906,6971055
2025-06-24,63.0,63.400001525878906,62.25,62.900001525878906,10363787
2025-06-25,62.900001525878906,64.05000305175781,62.5,63.0,10229477
2025-06-26,63.349998474121094,64.6500015258789,63.25,63.70000076293945,10077603
2025-06-27,63.70000076293945,63.79999923706055,61.599998474121094,62.849998474121094,11526475
2025-06-30,62.849998474121094,66.44999694824219,62.75,66.44999694824219,20869602
2025-07-01,66.8499984741211,68.94999694824219,66.69999694824219,68.4000015258789,14459728
2025-07-02,68.25,68.9000015258789,66.30000305175781,66.69999694824219,16470270
2025-07-03,67.19999694824219,68.3499984741211,67.1500015258789,67.75,10508082
2025-07-04,67.6500015258789,68.5999984741211,66.75,67.69999694824219,8047452
2025-07-07,66.5,67.05000305175781,65.3499984741211,66.0,7887372
2025-07-08,66.0999984741211,66.44999694824219,64.05000305175781,64.55000305175781,9327073
2025-07-09,64.55000305175781,64.75,63.54999923706055,64.05000305175781,12917396
2025-07-10,64.55000305175781,65.4000015258789,64.55000305175781,64.9000015258789,10401425
2025-07-11,65.5,66.0,64.1500015258789,65.05000305175781,11544539
2025-07-14,65.25,65.6500015258789,63.20000076293945,64.19999694824219,11982358
2025-07-16,64.1500015258789,64.1500015258789,62.099998474121094,63.0,10517238
2025-07-17,63.29999923706055,64.4000015258789,62.900001525878906,64.05000305175781,10436841
2025-07-18,63.900001525878906,65.6500015258789,63.29999923706055,65.5,11058431
2025-07-21,65.55000305175781,68.1500015258789,65.30000305175781,67.30000305175781,21294221
2025-07-22,67.4000015258789,68.6500015258789,66.94999694824219,68.05000305175781,17693165
2025-07-23,68.3499984741211,70.0,68.30000305175781,68.55000305175781,15048819
2025-07-24,68.5999984741211,69.69999694824219,67.55000305175781,68.30000305175781,13413471
2025-07-25,68.5,69.44999694824219,67.9000015258789,69.1500015258789,9698792
2025-07-28,69.5,69.5999984741211,67.9000015258789,69.19999694824219,10257799
2025-07-29,69.4000015258789,69.8499984741211,66.55000305175781,66.55000305175781,16707380
2025-07-30,66.05000305175781,69.0999984741211,65.75,68.8499984741211,16223940
2025-07-31,69.0,69.94999694824219,68.5999984741211,69.5999984741211,7490095
2025-08-01,69.44999694824219,70.5,68.5999984741211,68.9000015258789,14857467
2025-08-04,68.9000015258789,70.8499984741211,68.9000015258789,69.9000015258789,12716686
2025-08-05,70.0999984741211,71.3499984741211,69.5,69.55000305175781,9658505
2025-08-06,69.8499984741211,70.1500015258789,68.6500015258789,69.5999984741211,7643864
2025-08-07,69.94999694824219,73.30000305175781,69.9000015258789,72.5999984741211,17090824
2025-08-08,72.6500015258789,73.05000305175781,71.75,72.6500015258789,6275591
2025-08-11,73.6500015258789,74.0,72.30000305175781,72.30000305175781,6786273
2025-08-12,72.4000015258789,72.75,71.0,71.44999694824219,6044785
2025-08-13,71.80000305175781,73.4000015258789,71.1500015258789,73.25,9131792
2025-08-14,73.19999694824219,73.25,70.94999694824219,71.69999694824219,9295374
2025-08-15,71.69999694824219,74.30000305175781,71.5999984741211,73.30000305175781,13688505
2025-08-18,75.94999694824219,76.0,72.4000015258789,73.4000015258789,17074415
2025-08-19,73.69999694824219,74.69999694824219,71.69999694824219,71.69999694824219,14946748
2025-08-20,71.9000015258789,73.55000305175781,71.0999984741211,73.1500015258789,13613853
2025-08-21,73.55000305175781,74.80000305175781,73.05000305175781,74.0,10872596
2025-08-22,73.94999694824219,74.5999984741211,72.5999984741211,73.19999694824219,10902545
2025-08-25,73.5,74.75,72.8499984741211,74.0999984741211,14781777
2025-08-26,74.0999984741211,74.25,72.94999694824219,73.25,9200301
2025-08-27,73.30000305175781,73.5999984741211,71.8499984741211,72.0,8649729
2025-08-28,72.1500015258789,72.6500015258789,71.1500015258789,71.94999694824219,7590752
2025-08-29,71.94999694824219,73.69999694824219,71.1500015258789,73.1500015258789,13912459
2025-09-01,73.3499984741211,73.44999694824219,71.80000305175781,72.94999694824219,7639617
2025-09-02,72.9000015258789,73.1500015258789,67.5,68.80000305175781,17012980
2025-09-03,68.80000305175781,69.1500015258789,66.3499984741211,68.5,15822449
2025-09-04,68.55000305175781,69.44999694824219,67.75,69.0999984741211,11186273
2025-09-05,69.44999694824219,71.1500015258789,69.0,69.19999694824219,11734003
2025-09-08,67.75,69.0999984741211,67.25,67.8499984741211,9730437
2025-09-09,67.9000015258789,68.9000015258789,66.6500015258789,66.80000305175781,12081628
2025-09-10,67.0999984741211,67.25,65.55000305175781,66.44999694824219,11323309
2025-09-11,66.0999984741211,69.1500015258789,66.0999984741211,66.8499984741211,14670354
2025-09-12,67.0999984741211,68.9000015258789,66.69999694824219,68.25,11622125
2025-09-15,68.25,75.05000305175781,68.25,74.8499984741211,34426448
2025-09-16,75.0,76.0999984741211,73.8499984741211,74.30000305175781,24572909
2025-09-17,74.1500015258789,76.4000015258789,73.8499984741211,75.19999694824219,21407388
2025-09-18,75.5,77.6500015258789,74.6500015258789,74.94999694824219,20764704
2025-09-19,74.94999694824219,76.19999694824219,74.4000015258789,75.9000015258789,14941858
2025-09-22,77.5,77.6500015258789,75.25,75.5,14771155
2025-09-23,75.19999694824219,76.0999984741211,74.4000015258789,74.94999694824219,11483918
2025-09-24,74.94999694824219,76.5,73.4000015258789,75.25,16354517
2025-09-25,75.5,76.0999984741211,72.69999694824219,73.69999694824219,11133111
2025-09-26,73.6500015258789,74.05000305175781,71.5,71.5,12212551
2025-09-29,71.44999694824219,72.05000305175781,70.5,70.55000305175781,7961639
2025-09-30,70.9000015258789,71.1500015258789,69.8499984741211,70.4000015258789,11235861
2025-10-01,70.4000015258789,72.55000305175781,69.75,71.30000305175781,14024406
2025-10-02,71.4000015258789,71.9000015258789,70.55000305175781,70.69999694824219,8941465
2025-10-03,71.0999984741211,71.75,69.80000305175781,70.4000015258789,11969005
2025-10-06,70.8499984741211,71.30000305175781,67.80000305175781,68.0999984741211,14527451
2025-10-07,68.19999694824219,69.80000305175781,67.75,69.5,14718726
2025-10-08,69.5,70.1500015258789,67.80000305175781,69.44999694824219,14479849
2025-10-09,70.19999694824219,70.25,68.0,68.3499984741211,9519706
2025-10-10,68.3499984741211,71.0,68.1500015258789,70.0,15150082
2025-10-13,68.25,70.0999984741211,68.25,69.5999984741211,9703641
2025-10-14,69.5999984741211,70.1500015258789,68.5,69.5,10516468
2025-10-15,69.5,74.0999984741211,68.3499984741211,73.6500015258789,21554931
2025-10-16,73.6500015258789,74.19999694824219,70.1500015258789,70.69999694824219,16806324
2025-10-17,70.75,71.19999694824219,68.9000015258789,70.5,13061474
2025-10-20,70.75,72.55000305175781,69.19999694824219,72.1500015258789,16627956
2025-10-21,72.5,72.80000305175781,71.19999694824219,71.19999694824219,12787428
2025-10-22,71.4000015258789,75.1500015258789,71.0999984741211,74.5999984741211,24092709
2025-10-23,74.5999984741211,75.44999694824219,73.9000015258789,74.5,14400269
2025-10-24,74.8499984741211,77.30000305175781,74.0,75.5,32004879
2025-10-27,75.5,76.75,75.0,76.0,15085904
2025-10-28,75.9000015258789,76.6500015258789,75.69999694824219,75.80000305175781,4548399
2025-10-30,76.1500015258789,78.30000305175781,75.44999694824219,77.25,15201284
2025-10-31,77.25,78.30000305175781,76.80000305175781,77.69999694824219,15002835
2025-11-03,77.69999694824219,78.5999984741211,75.69999694824219,76.0,16739952
2025-11-04,76.0,76.5,75.0999984741211,75.94999694824219,10587802
2025-11-05,76.0,76.6500015258789,75.30000305175781,75.69999694824219,9925136
2025-11-06,75.94999694824219,77.9000015258789,75.80000305175781,77.55000305175781,10983491
2025-11-07,77.55000305175781,78.0,76.5,77.9000015258789,9311000
2025-11-10,78.0999984741211,78.19999694824219,75.1500015258789,76.25,13741006
2025-11-11,76.25,77.1500015258789,72.6500015258789,73.5,14777970
2025-11-12,73.80000305175781,74.6500015258789,72.55000305175781,74.30000305175781,11235619
2025-11-13,74.30000305175781,74.6500015258789,73.30000305175781,73.80000305175781,10403012
2025-11-14,73.3499984741211,74.6500015258789,73.0999984741211,74.0,7789962
2025-11-17,74.3499984741211,75.5,73.55000305175781,73.80000305175781,11348196
2025-11-18,73.69999694824219,75.0,73.3499984741211,74.5999984741211,13660300
2025-11-19,75.0,76.6500015258789,74.3499984741211,75.9000015258789,15876221
2025-11-20,76.25,76.8499984741211,75.30000305175781,76.05000305175781,9494967
2025-11-21,75.75,76.0999984741211,74.75,76.0,7712544
2025-11-24,76.3499984741211,79.4000015258789,75.8499984741211,78.19999694824219,27196252
2025-11-25,78.30000305175781,81.4000015258789,76.5999984741211,77.4000015258789,30977440
2025-11-26,77.75,78.0999984741211,76.80000305175781,77.1500015258789,9808770
2025-11-27,77.5999984741211,80.30000305175781,77.44999694824219,79.25,19267673
2025-11-28,79.4000015258789,80.05000305175781,78.75,79.4000015258789,7112766
2025-12-01,79.4000015258789,79.80000305175781,78.80000305175781,79.25,10817031
2025-12-02,79.1500015258789,80.30000305175781,78.3499984741211,79.6500015258789,13210467
2025-12-03,79.69999694824219,80.94999694824219,78.6500015258789,80.19999694824219,11093114
2025-12-04,80.3499984741211,81.30000305175781,79.8499984741211,80.05000305175781,8007813
2025-12-05,80.05000305175781,80.75,78.9000015258789,79.75,9940665
2025-12-08,80.0,81.6500015258789,80.0,81.0999984741211,7237607
2025-12-09,81.0999984741211,81.8499984741211,79.9000015258789,81.55000305175781,7779022
2025-12-10,81.55000305175781,81.69999694824219,80.3499984741211,80.80000305175781,6072237
2025-12-11,81.0999984741211,81.6500015258789,80.05000305175781,80.05000305175781,6680666
2025-12-12,80.30000305175781,81.0999984741211,80.05000305175781,80.1500015258789,5222631
2025-12-15,80.3499984741211,82.25,80.30000305175781,81.25,10648931
2025-12-16,81.6500015258789,82.05000305175781,80.19999694824219,80.75,7952796
2025-12-17,80.9000015258789,80.94999694824219,78.9000015258789,80.25,11031005
2025-12-18,80.25,80.5,78.19999694824219,78.5,10596009
2025-12-19,78.69999694824219,78.75,77.6500015258789,78.25,8264597
2025-12-22,78.25,79.55000305175781,78.25,78.69999694824219,7051554
2025-12-23,78.69999694824219,79.0,77.44999694824219,78.05000305175781,6130206
2025-12-24,78.0,78.69999694824219,77.19999694824219,78.05000305175781,6609930
2025-12-25,78.5,79.0,78.1500015258789,78.3499984741211,2698762
2025-12-26,78.3499984741211,79.44999694824219,77.5999984741211,79.44999694824219,6192261
2025-12-29,81.0,81.5,77.94999694824219,78.0999984741211,10186931
2025-12-30,78.0999984741211,79.0,77.3499984741211,78.5,6735167
2025-12-31,78.9000015258789,80.44999694824219,78.6500015258789,78.8499984741211,9868545
2026-01-02,78.8499984741211,80.0999984741211,78.6500015258789,80.0999984741211,6869770
2026-01-05,80.19999694824219,81.0,79.75,80.80000305175781,7712909
2026-01-06,80.94999694824219,82.75,80.75,82.44999694824219,10441324
2026-01-07,82.5999984741211,82.69999694824219,81.19999694824219,81.30000305175781,6267271
2026-01-08,81.30000305175781,83.0999984741211,80.0,82.69999694824219,10070033
2026-01-09,82.94999694824219,83.0,80.94999694824219,81.4000015258789,8379723
2026-01-12,81.9000015258789,81.94999694824219,79.94999694824219,80.0,13386144
2026-01-13,80.0,81.44999694824219,79.80000305175781,80.94999694824219,13368322
2026-01-14,80.0,80.75,79.5999984741211,80.1500015258789,9056946
2026-01-15,80.1500015258789,80.94999694824219,78.8499984741211,80.94999694824219,14067272
2026-01-16,81.0,84.4000015258789,80.69999694824219,84.0,16497379
2026-01-19,84.4000015258789,85.0,82.55000305175781,82.6500015258789,11946821
2026-01-20,82.5999984741211,82.75,80.05000305175781,80.55000305175781,13392554
2026-01-21,80.69999694824219,81.19999694824219,80.1500015258789,80.44999694824219,10186473
2026-01-22,80.75,82.19999694824219,80.19999694824219,82.1500015258789,17406867
2026-01-23,82.5,84.5,82.4000015258789,84.0999984741211,15171439
2026-01-26,84.0,84.0999984741211,82.3499984741211,84.05000305175781,15418428
2026-01-27,84.0999984741211,85.25,83.05000305175781,84.4000015258789,13157730
2026-01-28,84.5999984741211,92.0999984741211,84.5999984741211,91.0,29890434
2026-01-29,91.0,95.9000015258789,90.55000305175781,94.05000305175781,26233920
2026-01-30,94.05000305175781,98.19999694824219,92.6500015258789,97.8499984741211,22978226
2026-02-02,95.4000015258789,95.9000015258789,92.80000305175781,94.4000015258789,16571543
2026-02-03,94.4000015258789,97.0,93.5,96.25,13868375
2026-02-04,96.9000015258789,97.9000015258789,96.1500015258789,97.9000015258789,9942511
2026-02-05,97.69999694824219,97.8499984741211,95.5,96.0999984741211,8723866
2026-02-06,96.0999984741211,96.0999984741211,93.30000305175781,94.5,9157190
2026-02-09,95.0,97.55000305175781,94.8499984741211,97.25,7930403
2026-02-10,97.30000305175781,97.4000015258789,94.6500015258789,95.3499984741211,9521449
2026-02-11,94.94999694824219,96.69999694824219,94.1500015258789,96.0,9586833
2026-02-12,96.0,102.30000305175781,95.69999694824219,102.30000305175781,15695078
2026-02-13,102.5,104.0999984741211,100.0,101.0999984741211,11718439
2026-02-16,101.5,104.19999694824219,101.4000015258789,102.9000015258789,10491849
2026-02-17,102.9000015258789,103.9000015258789,100.0,100.0,12827401
2026-02-18,100.19999694824219,102.19999694824219,98.05000305175781,99.5,16479094
2026-02-19,99.80000305175781,101.19999694824219,98.4000015258789,99.5,11109938
2026-02-20,99.55000305175781,102.0,99.05000305175781,102.0,10926907
2026-02-23,102.4000015258789,104.69999694824219,101.19999694824219,103.0,11565319
2026-02-24,103.0,103.4000015258789,101.0,103.0,9386127
2026-02-25,103.4000015258789,104.0,100.69999694824219,101.80000305175781,10453610
2026-02-26,101.19999694824219,102.4000015258789,100.0999984741211,101.80000305175781,6998276
2026-02-27,102.0999984741211,104.4000015258789,100.0,101.69999694824219,15482182
2026-03-02,96.0,99.80000305175781,95.80000305175781,97.75,13402738
2026-03-03,97.0,98.9000015258789,93.0,93.0999984741211,9416086
2026-03-04,93.0999984741211,94.25,91.80000305175781,93.05000305175781,10089316
2026-03-05,95.0,95.75,92.55000305175781,93.19999694824219,13116101
2026-03-06,93.19999694824219,94.30000305175781,89.5999984741211,89.5999984741211,10943829
2026-03-09,87.5,92.0999984741211,87.19999694824219,92.0999984741211,11398132
2026-03-10,94.8499984741211,95.0,92.0999984741211,93.44999694824219,14996873
2026-03-11,93.05000305175781,93.05000305175781,89.55000305175781,90.69999694824219,16010724
2026-03-12,90.0,93.05000305175781,89.94999694824219,91.30000305175781,13490240
2026-03-13,90.9000015258789,94.5,90.6500015258789,93.6500015258789,15988940
2026-03-16,94.05000305175781,95.19999694824219,93.3499984741211,94.25,9366983
2026-03-17,94.75,97.1500015258789,94.75,96.0,9395838
2026-03-18,96.5,98.4000015258789,94.9000015258789,96.19999694824219,11031894
2026-03-19,95.25,96.05000305175781,92.94999694824219,92.94999694824219,5176467
2026-03-23,92.4000015258789,97.5,91.30000305175781,97.4000015258789,18298962
2026-03-24,96.5,97.69999694824219,93.5999984741211,93.69999694824219,8812229
2026-03-25,94.5999984741211,95.1500015258789,93.1500015258789,93.94999694824219,9686176
2026-03-26,93.80000305175781,94.1500015258789,91.5,91.8499984741211,7177504
2026-03-27,92.8499984741211,93.0999984741211,91.55000305175781,92.44999694824219,7408487
2026-03-30,91.94999694824219,94.75,91.80000305175781,93.44999694824219,9727612
2026-03-31,93.44999694824219,95.44999694824219,92.80000305175781,93.44999694824219,10151945
2026-04-01,95.75,95.94999694824219,93.5,94.75,7799787
2026-04-02,93.44999694824219,95.0999984741211,92.5999984741211,94.3499984741211,8199579
2026-04-03,94.3499984741211,94.4000015258789,93.4000015258789,93.6500015258789,4563897
2026-04-06,94.0,96.55000305175781,94.0,96.0,9352490
2026-04-07,96.0,96.1500015258789,92.55000305175781,93.19999694824219,7709319
2026-04-08,95.5,96.4000015258789,94.5,95.05000305175781,15693011
2026-04-09,94.9000015258789,95.5,94.05000305175781,94.75,8671514
2026-04-10,95.55000305175781,102.30000305175781,95.30000305175781,102.19999694824219,21125954
2026-04-13,100.30000305175781,101.69999694824219,98.75,100.30000305175781,12965590
2026-04-14,101.80000305175781,108.0,101.5,104.5999984741211,18500698
2026-04-15,104.69999694824219,105.5,103.0,104.19999694824219,8136383
2026-04-16,104.5999984741211,106.9000015258789,102.5999984741211,103.80000305175781,8805276
2026-04-17,103.80000305175781,108.5999984741211,103.4000015258789,108.0,11140402
2026-04-20,106.0,108.19999694824219,104.9000015258789,107.5,9321027
2026-04-21,107.80000305175781,108.0999984741211,104.5999984741211,105.5,7453994
2026-04-22,105.5999984741211,107.4000015258789,105.30000305175781,106.80000305175781,8676997
2026-04-24,106.69999694824219,108.19999694824219,105.5999984741211,106.5,6701436
2026-04-27,106.80000305175781,108.19999694824219,106.0999984741211,106.30000305175781,10102021
2026-04-28,106.4000015258789,106.4000015258789,102.5999984741211,103.69999694824219,8391477
2026-04-29,104.0,106.69999694824219,104.0,104.9000015258789,8403818
2026-04-30,105.0,105.30000305175781,103.5,104.5999984741211,6050980
2026-05-04,105.19999694824219,105.80000305175781,102.0,103.4000015258789,6790251
2026-05-05,103.5999984741211,106.80000305175781,102.5999984741211,106.0999984741211,10329276
2026-05-06,107.0,110.80000305175781,106.5999984741211,110.5,14525679
2026-05-07,111.0,113.5,110.5,111.4000015258789,9725586
2026-05-08,111.4000015258789,114.30000305175781,110.80000305175781,111.30000305175781,10962316
2026-05-11,108.19999694824219,109.0,104.9000015258789,105.19999694824219,19801946
2026-05-12,104.5,104.5,100.69999694824219,101.0999984741211,16034594
2026-05-13,101.4000015258789,104.5,101.4000015258789,102.0,13789979
2026-05-14,102.4000015258789,104.69999694824219,102.0999984741211,103.69999694824219,9658545
2026-05-15,104.0,104.0,99.0,101.69999694824219,7007681
2026-05-18,101.69999694824219,101.69999694824219,98.19999694824219,98.19999694824219,8404353
2026-05-20,98.0,99.6500015258789,96.1500015258789,98.80000305175781,8997053
2026-05-21,98.80000305175781,98.9000015258789,92.5,95.25,7889941
2026-05-22,93.0,99.30000305175781,92.5,98.94999694824219,17571530
2026-05-25,100.19999694824219,100.4000015258789,97.9000015258789,99.0,7548521
2026-05-26,99.05000305175781,100.5,97.30000305175781,100.5,3045198
2026-05-27,100.5,100.5,100.5,100.5,0
2026-05-28,100.5,100.5,100.5,100.5,0
2026-05-29,100.5,100.5,100.5,100.5,0
2026-06-01,100.5,101.80000305175781,97.6500015258789,98.5,14084145
2026-06-02,98.5,99.75,98.5,99.19999694824219,10634352
2026-06-03,99.19999694824219,99.19999694824219,95.5,95.9000015258789,10293825
2026-06-04,96.19999694824219,97.25,93.75,94.94999694824219,14312062
2026-06-05,95.1500015258789,95.1500015258789,92.5,93.3499984741211,10013303
2026-06-08,93.0,95.55000305175781,91.55000305175781,94.94999694824219,10206512
2026-06-09,95.0999984741211,97.80000305175781,95.0999984741211,96.1500015258789,10988389
2026-06-10,96.0,96.19999694824219,92.80000305175781,93.80000305175781,8544227
2026-06-11,93.8499984741211,94.30000305175781,90.94999694824219,92.80000305175781,9885053
2026-06-12,94.4000015258789,95.30000305175781,92.75,93.0,15143162
2026-06-15,95.5,96.69999694824219,94.30000305175781,96.0999984741211,16760607
2026-06-16,96.1500015258789,96.5,93.44999694824219,94.1500015258789,16961393
2026-06-17,94.4000015258789,94.69999694824219,92.44999694824219,92.6500015258789,10668385
2026-06-18,93.0,94.6500015258789,92.4000015258789,94.30000305175781,14608542
2026-06-19,93.4000015258789,94.69999694824219,92.9000015258789,94.4000015258789,9401333
2026-06-22,94.5,94.69999694824219,91.9000015258789,92.69999694824219,12961712
2026-06-23,92.1500015258789,92.44999694824219,89.9000015258789,90.1500015258789,12447939
2026-06-24,90.44999694824219,90.44999694824219,89.0999984741211,89.30000305175781,8378511
2026-06-25,90.05000305175781,90.6500015258789,88.6500015258789,89.69999694824219,12747582
2026-06-26,89.5,91.25,89.1500015258789,90.8499984741211,9580496
2026-06-29,91.0,91.4000015258789,89.55000305175781,91.4000015258789,8957725
2026-06-30,92.30000305175781,92.55000305175781,90.0,90.5,17202901
2026-07-01,90.5,94.1500015258789,89.94999694824219,93.55000305175781,18535023
2026-07-02,93.5,93.8499984741211,91.8499984741211,92.05000305175781,11655202
2026-07-03,92.5,95.3499984741211,91.69999694824219,93.69999694824219,20136788
2026-07-06,94.30000305175781,94.44999694824219,91.0,91.05000305175781,11429260
2026-07-07,91.05000305175781,92.19999694824219,90.0999984741211,91.05000305175781,10339602
2026-07-08,91.0,91.0,88.75,89.5999984741211,14867916
2026-07-09,90.0,90.44999694824219,88.0,88.5,8271723
2026-07-10,88.8499984741211,90.6500015258789,88.25,90.30000305175781,11330554
2026-07-13,90.0,90.75,89.0,89.80000305175781,7229553
2026-07-14,89.9000015258789,90.3499984741211,88.44999694824219,89.69999694824219,9800886
2026-07-16,90.25,92.1500015258789,90.0999984741211,92.1500015258789,8122500
2026-07-17,92.1500015258789,92.19999694824219,90.05000305175781,90.69999694824219,7033451
2026-07-20,90.80000305175781,90.80000305175781,89.0999984741211,89.69999694824219,11243857
2026-07-21,90.1500015258789,91.9000015258789,89.94999694824219,91.19999694824219,9955572
2026-07-22,91.5999984741211,92.1500015258789,90.5999984741211,91.05000305175781,10173888
2026-07-23,91.05000305175781,91.44999694824219,89.25,89.94999694824219,11629601
2026-07-24,90.3499984741211,90.3499984741211,88.25,88.80000305175781,8348093
2026-07-27,89.5999984741211,90.55000305175781,88.0999984741211,88.6500015258789,8553069
2026-07-28,88.5,90.0,87.8499984741211,88.75,9039053
2026-07-29,88.80000305175781,89.94999694824219,87.0999984741211,87.55000305175781,8194693
2026-07-30,87.75,88.19999694824219,85.25,85.25,9960052
2026-07-31,85.44999694824219,87.69999694824219,84.75,87.5999984741211,15331035
2026-08-03,88.0,88.75,86.4000015258789,87.05000305175781,7939854
2026-08-04,87.05000305175781,87.19999694824219,85.55000305175781,85.8499984741211,12221440
2026-08-05,85.80000305175781,87.44999694824219,85.1500015258789,87.0999984741211,15550329
2026-08-06,87.55000305175781,88.05000305175781,85.75,85.8499984741211,16261778
2026-08-07,86.30000305175781,87.69999694824219,86.0,86.3499984741211,9755483
2026-08-10,86.69999694824219,87.44999694824219,85.55000305175781,86.19999694824219,9741184
2026-08-11,86.19999694824219,86.55000305175781,84.5999984741211,85.9000015258789,8451687
2026-08-12,86.1500015258789,87.05000305175781,85.0999984741211,86.6500015258789,13021209
2026-08-13,86.5999984741211,87.1500015258789,85.5,85.8499984741211,12278486
2026-08-14,86.05000305175781,87.69999694824219,85.8499984741211,87.6500015258789,14925184
2026-08-17,86.4000015258789,87.0,79.8499984741211,80.1500015258789,52418759
2026-08-18,80.0,81.75,78.5,81.0,33998045
2026-08-19,80.94999694824219,83.5999984741211,80.69999694824219,83.0999984741211,23161767
2026-08-20,83.1500015258789,84.1500015258789,82.1500015258789,82.8499984741211,13559963
2026-08-21,83.19999694824219,84.19999694824219,83.05000305175781,83.25,12252832
2026-08-24,84.0,84.5999984741211,82.75,82.94999694824219,10793790
2026-08-25,83.0999984741211,84.05000305175781,82.44999694824219,83.94999694824219,16256176
2026-08-26,84.0,89.25,83.94999694824219,87.75,35516469
2026-08-27,88.0,88.44999694824219,87.0,87.44999694824219,13396394
2026-08-28,87.1500015258789,90.3499984741211,86.75,89.0,18743353
2026-08-31,89.55000305175781,89.80000305175781,86.80000305175781,87.4000015258789,18611522
2026-09-01,87.6500015258789,89.30000305175781,87.44999694824219,88.9000015258789,13972508
2026-09-02,88.80000305175781,89.0,85.30000305175781,86.80000305175781,14774428
2026-09-03,87.0,87.8499984741211,86.25,86.9000015258789,9982330
2026-09-04,86.9000015258789,88.19999694824219,86.69999694824219,87.25,9449641
2026-09-08,89.05000305175781,89.6500015258789,87.8499984741211,89.6500015258789,15164832
2026-09-09,90.8499984741211,91.3499984741211,88.9000015258789,90.3499984741211,19775049
2026-09-10,90.55000305175781,90.8499984741211,88.8499984741211,89.75,10033241
2026-09-11,89.75,91.6500015258789,89.30000305175781,91.25,11059783
2026-09-14,90.4000015258789,91.05000305175781,88.80000305175781,89.30000305175781,12522450
2026-09-15,89.30000305175781,89.5999984741211,85.80000305175781,85.80000305175781,12539133
2026-09-16,85.94999694824219,86.75,79.25,81.94999694824219,19409897
