Date,Open,High,Low,Close,Volume
2021-09-17,16.799999237060547,16.860000610351562,16.559999465942383,16.610000610351562,8910280
2021-09-20,16.530000686645508,16.649999618530273,16.290000915527344,16.520000457763672,7603550
2021-09-21,16.600000381469727,16.709999084472656,16.010000228881836,16.010000228881836,10994420
2021-09-22,16.040000915527344,16.239999771118164,15.949999809265137,16.229999542236328,6743370
2021-09-23,16.18000030517578,16.420000076293945,16.049999237060547,16.260000228881836,9708800
2021-09-24,16.170000076293945,16.18000030517578,15.970000267028809,15.979999542236328,6686490
2021-09-27,16.079999923706055,16.420000076293945,16.0,16.170000076293945,11072520
2021-09-28,16.170000076293945,16.3799991607666,15.989999771118164,15.989999771118164,7189460
2021-09-29,16.149999618530273,16.280000686645508,16.079999923706055,16.100000381469727,7973830
2021-09-30,16.100000381469727,16.719999313354492,16.100000381469727,16.709999084472656,16329620
2021-10-01,16.68000030517578,16.68000030517578,16.229999542236328,16.270000457763672,13074680
2021-10-04,16.290000915527344,16.3700008392334,16.0,16.0,9675790
2021-10-05,16.030000686645508,16.030000686645508,15.520000457763672,15.520000457763672,11942180
2021-10-06,15.529999732971191,15.609999656677246,15.199999809265137,15.199999809265137,11370620
2021-10-07,15.300000190734863,15.630000114440918,15.300000190734863,15.369999885559082,15633780
2021-10-08,15.399999618530273,15.630000114440918,15.329999923706055,15.430000305175781,10306930
2021-10-11,15.4399995803833,16.209999084472656,15.4399995803833,16.139999389648438,19415830
2021-10-12,16.1200008392334,16.360000610351562,16.049999237060547,16.149999618530273,21746090
2021-10-13,16.290000915527344,17.760000228881836,16.25,17.760000228881836,95547330
2021-10-14,17.790000915527344,18.139999389648438,16.920000076293945,17.030000686645508,68878020
2021-10-15,17.1299991607666,17.3700008392334,16.540000915527344,16.540000915527344,34455380
2021-10-18,16.56999969482422,16.81999969482422,16.5,16.639999389648438,22798960
2021-10-19,16.75,17.469999313354492,16.75,17.020000457763672,51443630
2021-10-20,17.139999389648438,17.739999771118164,16.920000076293945,17.68000030517578,39224320
2021-10-21,17.649999618530273,19.440000534057617,17.530000686645508,18.860000610351562,99202640
2021-10-22,18.899999618530273,19.219999313354492,18.479999542236328,18.700000762939453,40236440
2021-10-25,18.600000381469727,19.309999465942383,18.520000457763672,18.860000610351562,36039920
2021-10-26,19.100000381469727,19.149999618530273,18.84000015258789,18.899999618530273,24852700
2021-10-27,18.950000762939453,19.459999084472656,18.729999542236328,18.81999969482422,38821410
2021-10-28,18.899999618530273,19.040000915527344,18.549999237060547,18.559999465942383,13007610
2021-11-01,18.59000015258789,19.309999465942383,18.510000228881836,19.25,32860450
2021-11-02,19.270000457763672,19.56999969482422,19.059999465942383,19.309999465942383,39346820
2021-11-03,19.360000610351562,20.270000457763672,18.90999984741211,20.200000762939453,69361990
2021-11-04,20.34000015258789,20.559999465942383,20.1200008392334,20.139999389648438,21714430
2021-11-05,20.200000762939453,20.360000610351562,19.8799991607666,19.940000534057617,15365640
2021-11-08,19.889999389648438,20.09000015258789,19.530000686645508,19.93000030517578,19202130
2021-11-09,20.079999923706055,20.75,19.979999542236328,20.43000030517578,27653400
2021-11-10,20.5,20.56999969482422,20.06999969482422,20.350000381469727,19880220
2021-11-11,20.350000381469727,21.200000762939453,20.31999969482422,20.950000762939453,26979250
2021-11-12,21.079999923706055,21.420000076293945,20.90999984741211,21.40999984741211,17960880
2021-11-15,21.84000015258789,22.549999237060547,21.770000457763672,22.030000686645508,26437950
2021-11-16,22.06999969482422,22.3700008392334,21.229999542236328,21.229999542236328,20062900
2021-11-17,21.260000228881836,22.290000915527344,21.25,22.260000228881836,23940170
2021-11-18,22.350000381469727,22.649999618530273,21.760000228881836,22.549999237060547,29407590
2021-11-19,22.5,22.610000610351562,21.90999984741211,22.299999237060547,18392550
2021-11-22,22.459999084472656,23.309999465942383,22.329999923706055,23.239999771118164,25841630
2021-11-23,23.239999771118164,24.889999389648438,22.90999984741211,23.75,45069310
2021-11-24,24.200000762939453,24.559999465942383,22.739999771118164,23.399999618530273,33162870
2021-11-25,23.420000076293945,24.5,23.170000076293945,24.34000015258789,30385130
2021-11-26,24.290000915527344,24.450000762939453,23.639999389648438,23.899999618530273,24430230
2021-11-29,24.010000228881836,24.760000228881836,23.739999771118164,24.649999618530273,17282110
2021-11-30,24.700000762939453,24.850000381469727,24.270000457763672,24.600000381469727,16585750
2021-12-01,24.760000228881836,25.65999984741211,24.389999389648438,24.600000381469727,24102480
2021-12-02,25.09000015258789,25.739999771118164,24.899999618530273,25.350000381469727,22514090
2021-12-03,25.559999465942383,26.100000381469727,25.479999542236328,26.0,19493870
2021-12-06,26.049999237060547,26.209999084472656,25.31999969482422,25.40999984741211,16234000
2021-12-07,25.579999923706055,25.969999313354492,25.399999618530273,25.809999465942383,17715220
2021-12-08,25.950000762939453,26.079999923706055,25.479999542236328,25.760000228881836,15377460
2021-12-09,25.799999237060547,26.799999237060547,25.700000762939453,26.270000457763672,20759170
2021-12-10,26.280000686645508,26.280000686645508,25.3700008392334,25.850000381469727,13583390
2021-12-13,26.200000762939453,26.760000228881836,26.110000610351562,26.709999084472656,16279900
2021-12-14,26.959999084472656,28.229999542236328,26.959999084472656,28.229999542236328,18056860
2021-12-15,28.600000381469727,28.93000030517578,27.799999237060547,28.15999984741211,19383470
2021-12-16,28.59000015258789,29.950000762939453,28.1299991607666,29.950000762939453,21196980
2021-12-17,30.520000457763672,31.540000915527344,26.959999084472656,26.959999084472656,32983020
2021-12-20,26.0,28.290000915527344,24.760000228881836,27.950000762939453,23314170
2021-12-21,27.950000762939453,28.510000228881836,25.15999984741211,25.15999984741211,16118260
2021-12-22,24.0,25.139999389648438,22.649999618530273,22.649999618530273,27259510
2021-12-23,22.8700008392334,23.5,20.510000228881836,22.200000762939453,23321690
2021-12-24,22.34000015258789,24.309999465942383,21.860000610351562,24.309999465942383,16876290
2021-12-27,24.309999465942383,25.43000030517578,23.8799991607666,24.40999984741211,17399440
2021-12-28,24.649999618530273,24.8799991607666,23.420000076293945,23.809999465942383,9728750
2021-12-29,24.190000534057617,24.5,23.639999389648438,24.290000915527344,10539480
2021-12-30,24.450000762939453,24.68000030517578,23.760000228881836,23.940000534057617,10552020
2021-12-31,24.0,24.309999465942383,23.65999984741211,23.809999465942383,7537860
2022-01-03,24.0,25.389999389648438,23.950000762939453,25.18000030517578,16634340
2022-01-04,25.290000915527344,25.959999084472656,24.969999313354492,25.459999084472656,16272460
2022-01-05,25.5,26.15999984741211,25.299999237060547,26.09000015258789,11462940
2022-01-06,25.760000228881836,26.40999984741211,25.549999237060547,25.8799991607666,15769410
2022-01-07,26.049999237060547,26.34000015258789,25.219999313354492,25.690000534057617,11447940
2022-01-10,25.81999969482422,26.139999389648438,25.270000457763672,25.270000457763672,8789540
2022-01-11,25.549999237060547,25.649999618530273,24.59000015258789,25.450000762939453,13515470
2022-01-12,25.709999084472656,25.90999984741211,25.229999542236328,25.389999389648438,9200450
2022-01-13,25.5,27.65999984741211,25.5,27.559999465942383,29349300
2022-01-14,27.559999465942383,27.8700008392334,26.559999465942383,27.260000228881836,20856500
2022-01-17,27.399999618530273,27.600000381469727,26.610000610351562,26.6299991607666,13836270
2022-01-18,26.530000686645508,26.81999969482422,25.270000457763672,25.270000457763672,12398190
2022-01-19,25.1299991607666,27.1299991607666,24.979999542236328,27.040000915527344,26835420
2022-01-20,27.06999969482422,27.34000015258789,25.889999389648438,26.309999465942383,19887300
2022-01-21,26.209999084472656,26.40999984741211,25.530000686645508,25.760000228881836,15277480
2022-01-24,25.59000015258789,25.59000015258789,23.8700008392334,23.93000030517578,17864210
2022-01-25,24.239999771118164,25.0,23.350000381469727,24.790000915527344,19783110
2022-01-26,24.850000381469727,25.18000030517578,24.299999237060547,24.299999237060547,13315630
2022-01-27,23.809999465942383,25.020000457763672,23.5,25.020000457763672,13701720
2022-01-28,25.110000610351562,25.3799991607666,24.649999618530273,24.860000610351562,11982110
2022-01-31,25.139999389648438,25.329999923706055,24.799999237060547,24.799999237060547,7774760
2022-02-01,24.969999313354492,25.670000076293945,24.90999984741211,25.239999771118164,11625240
2022-02-02,25.399999618530273,25.459999084472656,24.459999084472656,24.469999313354492,11049390
2022-02-03,24.5,24.770000457763672,23.790000915527344,23.989999771118164,8153750
2022-02-04,24.1200008392334,24.270000457763672,23.450000762939453,23.579999923706055,8411360
2022-02-07,23.579999923706055,24.290000915527344,22.799999237060547,24.290000915527344,15869230
2022-02-08,24.290000915527344,24.700000762939453,24.020000457763672,24.459999084472656,17648340
2022-02-09,24.690000534057617,25.25,24.530000686645508,24.899999618530273,15926900
2022-02-10,25.09000015258789,25.209999084472656,24.229999542236328,24.489999771118164,12306620
2022-02-11,24.290000915527344,25.139999389648438,24.149999618530273,25.09000015258789,14526020
2022-02-14,24.639999389648438,24.940000534057617,23.899999618530273,24.219999313354492,14858910
2022-02-15,24.299999237060547,25.93000030517578,24.299999237060547,25.3700008392334,24366560
2022-02-16,26.100000381469727,26.649999618530273,25.780000686645508,26.469999313354492,31096290
2022-02-17,26.700000762939453,27.219999313354492,26.190000534057617,26.190000534057617,26112370
2022-02-18,26.489999771118164,26.719999313354492,25.850000381469727,26.489999771118164,13004310
2022-02-21,26.600000381469727,27.309999465942383,26.43000030517578,27.0,29671140
2022-02-22,26.260000228881836,26.899999618530273,25.969999313354492,26.739999771118164,21688520
2022-02-23,26.979999542236328,27.149999618530273,26.299999237060547,26.469999313354492,15012170
2022-02-24,24.299999237060547,25.0,23.829999923706055,23.829999923706055,18923010
2022-02-25,24.549999237060547,26.15999984741211,24.40999984741211,26.0,18902510
2022-02-28,25.799999237060547,27.600000381469727,25.489999771118164,26.959999084472656,28686910
2022-03-01,27.200000762939453,27.5,26.219999313354492,26.389999389648438,16451110
2022-03-02,26.399999618530273,26.670000076293945,25.530000686645508,25.700000762939453,13530680
2022-03-03,26.0,26.350000381469727,25.649999618530273,26.030000686645508,14154980
2022-03-04,25.93000030517578,25.93000030517578,24.989999771118164,24.989999771118164,11363100
2022-03-07,24.989999771118164,25.049999237060547,24.030000686645508,24.610000610351562,14907910
2022-03-08,24.299999237060547,24.59000015258789,24.079999923706055,24.079999923706055,14289020
2022-03-09,24.34000015258789,24.81999969482422,24.239999771118164,24.270000457763672,17551230
2022-03-10,24.489999771118164,24.799999237060547,23.510000228881836,23.75,27109090
2022-03-11,23.81999969482422,24.56999969482422,23.809999465942383,24.389999389648438,23048450
2022-03-14,24.920000076293945,26.81999969482422,24.81999969482422,26.81999969482422,47042370
2022-03-15,27.239999771118164,28.299999237060547,26.469999313354492,27.31999969482422,81444470
2022-03-16,27.700000762939453,28.649999618530273,27.56999969482422,28.649999618530273,47652640
2022-03-17,28.899999618530273,31.100000381469727,28.600000381469727,30.31999969482422,60781920
2022-03-18,30.31999969482422,30.760000228881836,29.459999084472656,29.459999084472656,32819110
2022-03-21,29.700000762939453,30.100000381469727,29.1299991607666,29.950000762939453,23372840
2022-03-22,30.049999237060547,31.190000534057617,29.75,31.190000534057617,34999890
2022-03-23,31.56999969482422,32.279998779296875,30.68000030517578,31.600000381469727,38841270
2022-03-24,30.600000381469727,30.790000915527344,29.719999313354492,29.799999237060547,27518290
2022-03-25,29.850000381469727,30.399999618530273,29.299999237060547,29.299999237060547,19926850
2022-03-28,29.3700008392334,29.829999923706055,28.920000076293945,29.100000381469727,22171220
2022-03-29,29.299999237060547,29.989999771118164,29.260000228881836,29.709999084472656,22241830
2022-03-30,29.950000762939453,30.31999969482422,29.65999984741211,30.170000076293945,19486190
2022-03-31,30.299999237060547,30.440000534057617,29.809999465942383,29.8700008392334,11212230
2022-04-01,29.989999771118164,30.229999542236328,29.739999771118164,30.1200008392334,12377090
2022-04-04,30.350000381469727,31.0,30.309999465942383,31.0,24830670
2022-04-05,31.350000381469727,32.290000915527344,30.969999313354492,31.389999389648438,28800180
2022-04-06,31.5,32.18000030517578,31.229999542236328,31.530000686645508,32643320
2022-04-07,31.790000915527344,31.889999389648438,31.170000076293945,31.190000534057617,30169970
2022-04-08,31.3799991607666,31.420000076293945,30.559999465942383,30.809999465942383,22085250
2022-04-11,30.889999389648438,30.889999389648438,30.3700008392334,30.600000381469727,24462150
2022-04-12,30.59000015258789,31.040000915527344,30.270000457763672,30.549999237060547,27510050
2022-04-13,30.610000610351562,30.959999084472656,30.110000610351562,30.200000762939453,28438910
2022-04-14,30.399999618530273,30.610000610351562,30.190000534057617,30.229999542236328,12818310
2022-04-15,30.290000915527344,30.84000015258789,30.290000915527344,30.600000381469727,16412710
2022-04-18,30.84000015258789,31.450000762939453,30.790000915527344,31.209999084472656,33610440
2022-04-19,31.309999465942383,31.360000610351562,30.739999771118164,30.969999313354492,18895720
2022-04-20,30.989999771118164,31.389999389648438,30.579999923706055,31.100000381469727,19726910
2022-04-21,31.219999313354492,31.670000076293945,31.15999984741211,31.25,17989420
2022-04-22,31.1200008392334,31.309999465942383,29.950000762939453,30.139999389648438,15204140
2022-04-25,30.0,30.709999084472656,29.360000610351562,30.489999771118164,16888860
2022-04-26,30.649999618530273,30.959999084472656,29.540000915527344,29.969999313354492,21232110
2022-04-27,30.170000076293945,30.450000762939453,29.809999465942383,30.450000762939453,14946800
2022-04-28,30.450000762939453,30.8799991607666,29.610000610351562,29.700000762939453,20289800
2022-04-29,29.899999618530273,30.149999618530273,29.459999084472656,29.889999389648438,14703920
2022-05-05,30.18000030517578,30.40999984741211,29.809999465942383,29.93000030517578,16726880
2022-05-06,29.920000076293945,30.110000610351562,29.209999084472656,29.5,16383240
2022-05-09,29.510000228881836,29.81999969482422,29.149999618530273,29.59000015258789,15153320
2022-05-10,29.75,29.850000381469727,29.559999465942383,29.75,2619020
2022-05-11,30.299999237060547,30.3700008392334,29.25,29.360000610351562,18119270
2022-05-12,29.100000381469727,29.100000381469727,27.90999984741211,28.479999542236328,17657730
2022-05-13,28.75,28.850000381469727,28.139999389648438,28.200000762939453,13496520
2022-05-16,28.200000762939453,28.489999771118164,27.68000030517578,27.979999542236328,21994940
2022-05-17,28.040000915527344,28.229999542236328,27.799999237060547,27.899999618530273,15858070
2022-05-18,27.899999618530273,28.299999237060547,27.75,27.8700008392334,13469050
2022-05-20,27.8700008392334,27.8700008392334,27.350000381469727,27.350000381469727,9579550
2022-05-23,27.5,28.389999389648438,27.329999923706055,28.389999389648438,16683250
2022-05-24,28.479999542236328,28.860000610351562,28.030000686645508,28.1200008392334,18686530
2022-05-25,28.209999084472656,28.5,28.040000915527344,28.329999923706055,13033150
2022-05-26,28.3700008392334,28.6200008392334,28.290000915527344,28.299999237060547,13062740
2022-05-27,28.360000610351562,29.040000915527344,28.100000381469727,28.510000228881836,21793520
2022-05-30,28.68000030517578,30.5,28.559999465942383,30.100000381469727,46018740
2022-05-31,30.239999771118164,31.399999618530273,30.139999389648438,30.959999084472656,41018270
2022-06-01,31.0,31.309999465942383,30.559999465942383,30.600000381469727,23549620
2022-06-02,30.719999313354492,31.549999237060547,30.56999969482422,31.290000915527344,26877380
2022-06-03,31.389999389648438,31.649999618530273,31.049999237060547,31.1200008392334,19589380
2022-06-06,31.25,31.860000610351562,31.15999984741211,31.649999618530273,23138360
2022-06-07,31.700000762939453,31.729999542236328,30.719999313354492,31.020000457763672,24399300
2022-06-08,31.200000762939453,31.8799991607666,29.639999389648438,29.639999389648438,29452010
2022-06-09,29.75,30.459999084472656,29.25,29.719999313354492,20846420
2022-06-10,29.399999618530273,30.43000030517578,29.219999313354492,29.75,17375190
2022-06-13,29.75,29.829999923706055,28.700000762939453,28.700000762939453,16084720
2022-06-14,28.989999771118164,29.200000762939453,28.5,28.860000610351562,12461240
2022-06-15,28.950000762939453,29.440000534057617,28.829999923706055,29.399999618530273,10224040
2022-06-16,29.5,29.670000076293945,28.43000030517578,28.56999969482422,13586240
2022-06-17,28.700000762939453,29.15999984741211,28.489999771118164,29.15999984741211,11276590
2022-06-20,29.43000030517578,29.6299991607666,28.979999542236328,29.309999465942383,10918150
2022-06-21,29.520000457763672,30.34000015258789,29.43000030517578,30.270000457763672,13816340
2022-06-22,30.200000762939453,31.84000015258789,29.979999542236328,30.959999084472656,39594720
2022-06-23,31.0,31.270000457763672,30.200000762939453,30.200000762939453,16498100
2022-06-24,30.34000015258789,30.600000381469727,29.770000457763672,29.899999618530273,12380200
2022-06-27,29.299999237060547,30.18000030517578,28.920000076293945,29.989999771118164,13421510
2022-06-28,30.0,30.299999237060547,28.6200008392334,28.799999237060547,22888810
2022-06-29,28.790000915527344,28.790000915527344,27.110000610351562,27.110000610351562,21177800
2022-06-30,27.149999618530273,27.280000686645508,26.329999923706055,26.700000762939453,23231410
2022-07-01,27.25,27.68000030517578,26.860000610351562,27.149999618530273,17014570
2022-07-04,27.450000762939453,27.790000915527344,26.559999465942383,26.559999465942383,15577930
2022-07-05,26.760000228881836,26.850000381469727,25.530000686645508,25.6200008392334,19670060
2022-07-06,25.799999237060547,26.440000534057617,25.6299991607666,26.43000030517578,15917420
2022-07-07,26.450000762939453,27.100000381469727,26.239999771118164,27.010000228881836,15549170
2022-07-08,26.989999771118164,27.530000686645508,26.860000610351562,27.399999618530273,5530760
2022-07-13,27.389999389648438,27.600000381469727,26.030000686645508,26.25,21761720
2022-07-14,26.170000076293945,26.31999969482422,25.579999923706055,25.799999237060547,14074130
2022-07-18,26.079999923706055,26.299999237060547,25.959999084472656,26.1299991607666,15890700
2022-07-19,26.1299991607666,26.389999389648438,25.950000762939453,26.139999389648438,18771980
2022-07-20,26.219999313354492,26.299999237060547,25.940000534057617,26.170000076293945,21305830
2022-07-21,26.25,27.100000381469727,26.229999542236328,26.579999923706055,27893840
2022-07-22,26.739999771118164,27.1299991607666,26.5,26.600000381469727,16179260
2022-07-25,26.719999313354492,27.940000534057617,26.56999969482422,27.549999237060547,23966250
2022-07-26,27.8700008392334,28.670000076293945,27.510000228881836,28.600000381469727,28705410
2022-07-27,28.670000076293945,29.149999618530273,28.079999923706055,28.1299991607666,24576230
2022-07-28,28.469999313354492,28.8700008392334,28.31999969482422,28.5,21086490
2022-07-29,28.809999465942383,30.5,28.739999771118164,30.280000686645508,47707330
2022-08-01,30.450000762939453,30.780000686645508,30.170000076293945,30.309999465942383,23805910
2022-08-02,30.34000015258789,31.350000381469727,30.190000534057617,30.959999084472656,32480070
2022-08-03,31.059999465942383,31.219999313354492,30.5,30.790000915527344,19807530
2022-08-04,31.079999923706055,31.59000015258789,31.020000457763672,31.209999084472656,24772610
2022-08-05,31.290000915527344,31.6200008392334,30.799999237060547,31.43000030517578,21764670
2022-08-08,31.5,32.5,31.329999923706055,32.400001525878906,26736240
2022-08-09,32.5099983215332,32.83000183105469,31.850000381469727,32.08000183105469,21086510
2022-08-10,32.400001525878906,33.06999969482422,31.969999313354492,32.93000030517578,25224980
2022-08-11,33.220001220703125,33.56999969482422,32.58000183105469,32.970001220703125,17253060
2022-08-12,32.970001220703125,33.9900016784668,32.470001220703125,33.81999969482422,26038690
2022-08-15,34.099998474121094,34.36000061035156,33.0099983215332,33.099998474121094,16630970
2022-08-16,33.220001220703125,33.880001068115234,32.099998474121094,33.849998474121094,24986880
2022-08-17,34.099998474121094,34.20000076293945,33.310001373291016,33.77000045776367,16918270
2022-08-18,33.790000915527344,34.70000076293945,32.970001220703125,34.380001068115234,33278840
2022-08-19,34.380001068115234,34.5,33.470001220703125,33.47999954223633,20021730
2022-08-22,33.470001220703125,33.66999816894531,32.63999938964844,33.22999954223633,20044280
2022-08-23,33.22999954223633,34.400001525878906,33.16999816894531,33.88999938964844,25079140
2022-08-24,34.099998474121094,34.099998474121094,33.04999923706055,33.04999923706055,17830610
2022-08-25,33.2400016784668,33.79999923706055,33.06999969482422,33.5099983215332,21492180
2022-08-26,33.58000183105469,34.16999816894531,33.31999969482422,33.88999938964844,23068120
2022-08-29,33.880001068115234,34.34000015258789,33.41999816894531,33.869998931884766,17447070
2022-08-31,33.900001525878906,34.47999954223633,33.189998626708984,33.189998626708984,20945870
2022-09-01,33.20000076293945,33.56999969482422,32.5,32.779998779296875,18967880
2022-09-02,32.79999923706055,33.689998626708984,32.79999923706055,33.45000076293945,21492800
2022-09-05,33.56999969482422,34.04999923706055,33.380001068115234,33.599998474121094,29760210
2022-09-06,33.79999923706055,34.59000015258789,33.29999923706055,33.65999984741211,40345050
2022-09-07,33.70000076293945,33.959999084472656,33.15999984741211,33.79999923706055,23526120
2022-09-08,34.0,36.34000015258789,34.0,35.099998474121094,51339800
2022-09-09,35.400001525878906,36.150001525878906,34.86000061035156,35.099998474121094,31931730
2022-09-12,35.5,36.040000915527344,35.18000030517578,35.540000915527344,32874120
2022-09-13,36.04999923706055,36.650001525878906,34.33000183105469,34.33000183105469,45130150
2022-09-14,34.27000045776367,35.59000015258789,33.5,35.59000015258789,26269280
2022-09-15,35.70000076293945,36.209999084472656,35.20000076293945,35.380001068115234,18251200
2022-09-16,35.470001220703125,36.119998931884766,35.349998474121094,35.380001068115234,16389610
2022-09-19,35.560001373291016,35.560001373291016,33.709999084472656,33.709999084472656,12398770
2022-09-20,33.70000076293945,34.900001525878906,33.40999984741211,34.459999084472656,17529970
2022-09-21,34.70000076293945,34.95000076293945,33.90999984741211,33.970001220703125,12374790
2022-09-22,34.0099983215332,35.5,34.0099983215332,34.810001373291016,16578120
2022-09-23,34.86000061035156,34.91999816894531,34.09000015258789,34.279998779296875,10199180
2022-09-26,34.20000076293945,34.33000183105469,33.38999938964844,33.59000015258789,11650390
2022-09-27,33.59000015258789,34.130001068115234,33.540000915527344,33.650001525878906,10200360
2022-09-28,33.599998474121094,33.84000015258789,32.58000183105469,32.81999969482422,16575720
2022-09-29,33.0,33.13999938964844,31.350000381469727,32.310001373291016,16936260
2022-09-30,32.31999969482422,33.20000076293945,32.209999084472656,32.70000076293945,12965350
2022-10-03,32.810001373291016,34.36000061035156,32.79999923706055,34.36000061035156,20346060
2022-10-04,34.70000076293945,35.130001068115234,33.880001068115234,34.650001525878906,24425280
2022-10-05,35.02000045776367,35.66999816894531,33.810001373291016,34.16999816894531,26377660
2022-10-06,34.400001525878906,35.2400016784668,34.400001525878906,34.84000015258789,20813710
2022-10-07,34.849998474121094,35.380001068115234,34.41999816894531,35.09000015258789,23640800
2022-10-10,35.310001373291016,36.36000061035156,35.310001373291016,35.68000030517578,22407150
2022-10-11,35.77000045776367,35.83000183105469,34.720001220703125,34.849998474121094,18721360
2022-10-12,34.88999938964844,35.04999923706055,33.5,33.5,20142790
2022-10-13,33.70000076293945,34.47999954223633,33.43000030517578,34.220001220703125,18749220
2022-10-14,34.790000915527344,34.970001220703125,34.459999084472656,34.54999923706055,16951730
2022-10-17,34.849998474121094,36.20000076293945,34.720001220703125,35.900001525878906,35134220
2022-10-18,35.900001525878906,37.34000015258789,35.15999984741211,36.81999969482422,42396370
2022-10-19,37.20000076293945,37.34000015258789,36.619998931884766,36.619998931884766,27139860
2022-10-20,36.70000076293945,37.099998474121094,36.150001525878906,36.540000915527344,27090840
2022-10-21,36.900001525878906,37.130001068115234,36.13999938964844,36.22999954223633,21821090
2022-10-24,36.400001525878906,38.459999084472656,36.380001068115234,37.56999969482422,44926490
2022-10-25,37.68000030517578,37.779998779296875,36.81999969482422,36.83000183105469,28028250
2022-10-26,37.09000015258789,37.38999938964844,36.33000183105469,36.529998779296875,21233740
2022-10-27,36.689998626708984,37.02000045776367,35.68000030517578,36.06999969482422,20856680
2022-10-28,35.9900016784668,36.2400016784668,35.66999816894531,35.689998626708984,7692740
2022-10-31,36.08000183105469,36.5,35.619998931884766,36.29999923706055,19585550
2022-11-01,36.470001220703125,37.099998474121094,36.36000061035156,36.779998779296875,23172730
2022-11-02,36.95000076293945,37.47999954223633,36.58000183105469,37.20000076293945,24135850
2022-11-03,35.31999969482422,35.970001220703125,35.279998779296875,35.41999816894531,49244550
2022-11-04,35.4900016784668,36.13999938964844,35.4900016784668,36.0,29710930
2022-11-07,36.2400016784668,37.54999923706055,36.220001220703125,36.959999084472656,40227130
2022-11-08,37.0,37.400001525878906,36.470001220703125,36.529998779296875,32149350
2022-11-09,36.54999923706055,36.9900016784668,35.97999954223633,36.38999938964844,25041440
2022-11-10,36.439998626708984,37.06999969482422,36.29999923706055,36.79999923706055,33537580
2022-11-11,37.209999084472656,38.20000076293945,36.95000076293945,37.15999984741211,43738130
2022-11-14,37.36000061035156,39.369998931884766,37.36000061035156,39.349998474121094,40049680
2022-11-15,39.599998474121094,41.58000183105469,39.599998474121094,40.20000076293945,52516230
2022-11-16,40.5,42.939998626708984,39.63999938964844,41.93000030517578,68689850
2022-11-17,41.900001525878906,41.95000076293945,39.810001373291016,40.22999954223633,40001600
2022-11-18,40.2599983215332,42.849998474121094,40.20000076293945,42.560001373291016,32065290
2022-11-21,43.63999938964844,44.130001068115234,42.15999984741211,43.459999084472656,34267440
2022-11-22,43.869998931884766,44.790000915527344,43.81999969482422,44.290000915527344,28894830
2022-11-23,44.400001525878906,45.08000183105469,43.900001525878906,44.56999969482422,29055330
2022-11-24,45.029998779296875,45.209999084472656,43.599998474121094,44.18000030517578,28826360
2022-11-25,44.18000030517578,44.900001525878906,43.5,44.7599983215332,27070620
2022-11-28,45.099998474121094,45.189998626708984,44.470001220703125,44.59000015258789,24160230
2022-11-29,44.81999969482422,44.939998626708984,43.849998474121094,44.380001068115234,21511600
2022-11-30,44.0,44.959999084472656,43.84000015258789,44.4900016784668,26887190
2022-12-01,44.970001220703125,45.369998931884766,44.2599983215332,44.560001373291016,25638200
2022-12-02,44.560001373291016,44.81999969482422,43.970001220703125,44.099998474121094,27487120
2022-12-05,44.310001373291016,44.47999954223633,42.4900016784668,42.61000061035156,45624360
2022-12-06,42.630001068115234,43.380001068115234,42.459999084472656,42.970001220703125,28642850
2022-12-07,43.099998474121094,43.41999816894531,41.150001525878906,41.75,31936540
2022-12-08,41.75,42.029998779296875,40.849998474121094,41.630001068115234,26213310
2022-12-09,41.720001220703125,43.20000076293945,41.70000076293945,42.880001068115234,22806590
2022-12-12,43.099998474121094,44.220001220703125,43.099998474121094,44.04999923706055,28842000
2022-12-13,44.189998626708984,44.81999969482422,43.79999923706055,44.25,32039730
2022-12-14,44.25,44.68000030517578,42.040000915527344,42.13999938964844,34946210
2022-12-15,42.849998474121094,43.369998931884766,41.68000030517578,42.52000045776367,23917130
2022-12-16,42.79999923706055,43.689998626708984,42.68000030517578,43.15999984741211,11539840
2022-12-19,44.869998931884766,47.0,44.869998931884766,46.9900016784668,39878990
2022-12-20,47.0,49.25,46.33000183105469,48.58000183105469,44094020
2022-12-21,48.599998474121094,49.599998474121094,48.29999923706055,48.349998474121094,35122430
2022-12-22,48.900001525878906,49.400001525878906,48.13999938964844,48.209999084472656,21351360
2022-12-23,48.34000015258789,48.459999084472656,47.459999084472656,48.04999923706055,18680690
2022-12-26,48.88999938964844,49.45000076293945,48.7400016784668,49.369998931884766,20725800
2022-12-27,49.400001525878906,49.689998626708984,48.63999938964844,48.84000015258789,16733060
2022-12-28,49.04999923706055,50.65999984741211,47.959999084472656,49.06999969482422,37976540
2022-12-29,49.81999969482422,52.599998474121094,49.4900016784668,52.400001525878906,49543680
2022-12-30,52.54999923706055,53.220001220703125,52.029998779296875,52.45000076293945,32131490
2023-01-02,53.2400016784668,54.529998779296875,52.95000076293945,53.95000076293945,25533920
2023-01-03,54.2599983215332,54.5,52.310001373291016,52.63999938964844,24238360
2023-01-04,52.63999938964844,52.79999923706055,51.099998474121094,51.15999984741211,21145560
2023-01-05,51.31999969482422,51.599998474121094,49.099998474121094,50.11000061035156,27483830
2023-01-06,48.70000076293945,50.900001525878906,47.720001220703125,50.11000061035156,35318470
2023-01-09,50.09000015258789,50.119998931884766,47.86000061035156,48.29999923706055,32461590
2023-01-10,48.279998779296875,48.720001220703125,46.7599983215332,47.900001525878906,26145250
2023-01-11,47.900001525878906,48.52000045776367,45.7400016784668,45.849998474121094,27014440
2023-01-12,46.66999816894531,47.81999969482422,44.52000045776367,47.560001373291016,31439160
2023-01-13,47.560001373291016,48.70000076293945,46.7599983215332,47.25,24865470
2023-01-16,47.43000030517578,49.650001525878906,47.11000061035156,49.56999969482422,23741310
2023-01-17,49.7400016784668,51.310001373291016,49.650001525878906,51.099998474121094,29825630
2023-01-18,51.29999923706055,52.029998779296875,50.4900016784668,51.40999984741211,30021310
2023-01-19,51.0,52.09000015258789,50.709999084472656,50.900001525878906,26305370
2023-01-20,51.20000076293945,51.45000076293945,50.7599983215332,51.279998779296875,15742630
2023-01-23,51.5,53.2400016784668,50.88999938964844,51.52000045776367,37488040
2023-01-24,51.599998474121094,52.060001373291016,50.209999084472656,51.27000045776367,25763010
2023-01-25,51.4900016784668,51.97999954223633,48.83000183105469,50.63999938964844,31707750
2023-01-26,50.63999938964844,51.83000183105469,49.439998626708984,51.290000915527344,25663240
2023-01-27,50.79999923706055,52.13999938964844,50.150001525878906,52.11000061035156,31574580
2023-01-30,52.220001220703125,53.45000076293945,51.88999938964844,52.900001525878906,32659550
2023-01-31,52.619998931884766,52.779998779296875,51.0099983215332,51.0099983215332,29739170
2023-02-01,51.209999084472656,51.41999816894531,48.59000015258789,48.59000015258789,26310290
2023-02-02,48.599998474121094,51.060001373291016,47.900001525878906,50.900001525878906,49161150
2023-02-03,51.029998779296875,53.529998779296875,50.27000045776367,53.5,36269800
2023-02-06,52.5,54.38999938964844,50.970001220703125,53.79999923706055,10501680
2023-02-07,53.599998474121094,53.599998474121094,48.41999816894531,49.060001373291016,24215140
2023-02-08,46.09000015258789,46.09000015258789,46.09000015258789,46.09000015258789,10
2023-02-15,53.70000076293945,53.959999084472656,51.02000045776367,53.959999084472656,16238760
2023-02-16,58.9900016784668,59.0,54.0,55.29999923706055,35090180
2023-02-17,55.119998931884766,56.400001525878906,54.0,54.88999938964844,21403200
2023-02-20,54.88999938964844,55.77000045776367,53.9900016784668,55.45000076293945,16532900
2023-02-21,55.150001525878906,55.29999923706055,53.779998779296875,53.79999923706055,19306050
2023-02-22,54.970001220703125,55.5,53.29999923706055,53.599998474121094,22082130
2023-02-23,53.56999969482422,54.63999938964844,53.400001525878906,54.040000915527344,13616600
2023-02-24,54.040000915527344,54.2599983215332,53.470001220703125,53.52000045776367,10180640
2023-02-27,53.56999969482422,55.70000076293945,52.400001525878906,55.54999923706055,19330640
2023-02-28,55.650001525878906,56.06999969482422,54.61000061035156,55.11000061035156,19154570
2023-03-01,55.560001373291016,58.849998474121094,55.43000030517578,58.43000030517578,24818950
2023-03-02,59.20000076293945,59.560001373291016,58.150001525878906,58.91999816894531,19845360
2023-03-03,58.400001525878906,59.619998931884766,56.56999969482422,58.84000015258789,28567400
2023-03-06,58.900001525878906,62.279998779296875,58.68000030517578,61.68000030517578,24161310
2023-03-07,61.70000076293945,63.400001525878906,61.36000061035156,61.709999084472656,17837200
2023-03-08,61.720001220703125,63.25,61.099998474121094,62.58000183105469,15063860
2023-03-09,62.599998474121094,62.9900016784668,60.529998779296875,61.150001525878906,16035490
2023-03-10,61.18000030517578,61.59000015258789,60.650001525878906,61.5,14977510
2023-03-13,60.40999984741211,60.939998626708984,59.400001525878906,60.790000915527344,15234930
2023-03-14,60.779998779296875,60.790000915527344,58.04999923706055,58.20000076293945,15388290
2023-03-15,58.2400016784668,58.77000045776367,57.29999923706055,58.290000915527344,14125090
2023-03-16,58.439998626708984,58.689998626708984,57.22999954223633,58.400001525878906,14163030
2023-03-17,58.79999923706055,59.040000915527344,56.959999084472656,57.09000015258789,14249390
2023-03-20,56.959999084472656,56.959999084472656,55.279998779296875,55.599998474121094,12551950
2023-03-21,55.79999923706055,58.0099983215332,55.36000061035156,56.689998626708984,19185520
2023-03-22,57.0,59.36000061035156,56.63999938964844,59.150001525878906,16293840
2023-03-23,59.13999938964844,60.56999969482422,58.61000061035156,60.47999954223633,16487860
2023-03-24,60.7599983215332,60.849998474121094,58.84000015258789,60.189998626708984,14240590
2023-03-27,60.2400016784668,60.7599983215332,59.18000030517578,60.34000015258789,11943940
2023-03-28,60.29999923706055,61.08000183105469,58.79999923706055,59.0099983215332,18881400
2023-03-29,58.9900016784668,60.40999984741211,57.54999923706055,60.310001373291016,15799980
2023-03-30,60.22999954223633,60.90999984741211,59.79999923706055,59.79999923706055,11074200
2023-03-31,59.790000915527344,59.790000915527344,58.20000076293945,58.4900016784668,11388520
2023-04-03,58.47999954223633,59.040000915527344,56.459999084472656,58.529998779296875,15763840
2023-04-04,58.43000030517578,60.900001525878906,58.349998474121094,60.5099983215332,14496270
2023-04-05,60.880001068115234,61.529998779296875,59.72999954223633,59.790000915527344,16212460
2023-04-06,59.439998626708984,61.15999984741211,59.439998626708984,60.900001525878906,15777290
2023-04-07,61.040000915527344,61.189998626708984,60.040000915527344,60.130001068115234,8092130
2023-04-10,60.41999816894531,61.119998931884766,60.209999084472656,60.7599983215332,14314620
2023-04-11,60.86000061035156,60.91999816894531,60.220001220703125,60.45000076293945,13099830
2023-04-12,60.689998626708984,61.70000076293945,60.400001525878906,60.599998474121094,21421650
2023-04-13,60.70000076293945,60.880001068115234,60.13999938964844,60.13999938964844,15715140
2023-04-14,60.29999923706055,61.400001525878906,60.2599983215332,60.540000915527344,15953520
2023-04-17,60.560001373291016,60.79999923706055,59.36000061035156,59.36000061035156,13360790
2023-04-18,59.41999816894531,60.38999938964844,59.31999969482422,59.369998931884766,9692350
2023-04-19,59.529998779296875,59.77000045776367,58.31999969482422,58.849998474121094,13905740
2023-04-20,58.849998474121094,58.849998474121094,57.7599983215332,58.29999923706055,6150880
2023-04-24,58.52000045776367,59.08000183105469,57.83000183105469,58.099998474121094,23748770
2023-04-25,58.310001373291016,58.5,56.529998779296875,56.65999984741211,17753950
2023-04-26,56.720001220703125,56.790000915527344,55.40999984741211,55.86000061035156,13784270
2023-04-27,55.86000061035156,57.47999954223633,55.79999923706055,57.29999923706055,16807880
2023-04-28,55.599998474121094,56.02000045776367,53.150001525878906,53.7400016784668,21458010
2023-05-02,54.0,54.54999923706055,52.439998626708984,52.599998474121094,17484750
2023-05-03,52.70000076293945,53.20000076293945,50.560001373291016,52.900001525878906,18769720
2023-05-04,52.70000076293945,53.9900016784668,52.0099983215332,52.790000915527344,11959580
2023-05-05,52.849998474121094,52.939998626708984,51.59000015258789,51.65999984741211,9259000
2023-05-08,51.9900016784668,53.029998779296875,51.380001068115234,53.0,11572510
2023-05-09,53.0,54.220001220703125,52.540000915527344,52.81999969482422,14387770
2023-05-10,53.0,53.25,51.91999816894531,52.310001373291016,9516620
2023-05-11,52.310001373291016,57.540000915527344,52.310001373291016,57.540000915527344,26895100
2023-05-12,57.709999084472656,58.97999954223633,55.70000076293945,56.130001068115234,18819810
2023-05-15,53.0,55.7599983215332,51.54999923706055,51.939998626708984,13876620
2023-05-16,51.939998626708984,55.040000915527344,51.869998931884766,54.75,18794070
2023-05-17,54.70000076293945,55.650001525878906,54.27000045776367,55.20000076293945,12741130
2023-05-18,55.20000076293945,56.77000045776367,53.970001220703125,54.0099983215332,17207580
2023-05-22,54.22999954223633,54.59000015258789,52.369998931884766,53.52000045776367,10386940
2023-05-23,53.5,53.77000045776367,52.439998626708984,52.5,7130400
2023-05-24,52.5,53.220001220703125,51.83000183105469,51.95000076293945,9694680
2023-05-25,52.119998931884766,52.619998931884766,51.09000015258789,51.09000015258789,8664380
2023-05-26,51.150001525878906,53.5099983215332,51.099998474121094,53.20000076293945,10993710
2023-05-29,53.54999923706055,56.349998474121094,53.54999923706055,55.70000076293945,15286810
2023-05-30,56.65999984741211,58.31999969482422,56.47999954223633,57.130001068115234,16839650
2023-05-31,57.540000915527344,58.29999923706055,56.20000076293945,57.31999969482422,18330190
2023-06-01,57.5,59.439998626708984,57.5,58.630001068115234,11913130
2023-06-02,59.56999969482422,60.29999923706055,59.29999923706055,60.029998779296875,13636370
2023-06-05,61.34000015258789,63.93000030517578,60.70000076293945,63.220001220703125,19573710
2023-06-06,63.209999084472656,67.62999725341797,62.7400016784668,66.30000305175781,33058330
2023-06-07,68.30000305175781,70.69999694824219,68.30000305175781,68.69999694824219,23157590
2023-06-08,68.94000244140625,69.66000366210938,67.7300033569336,69.27999877929688,17610950
2023-06-09,69.9000015258789,70.22000122070312,68.94999694824219,69.2300033569336,19716750
2023-06-12,69.55000305175781,70.0,68.55000305175781,68.66999816894531,16256620
2023-06-13,68.66999816894531,68.77999877929688,65.7699966430664,66.76000213623047,18939040
2023-06-14,66.83000183105469,67.79000091552734,64.95999908447266,64.95999908447266,15552130
2023-06-15,65.5,68.56999969482422,65.5,68.5,20308820
2023-06-16,68.62000274658203,68.87000274658203,66.9000015258789,67.41999816894531,11858410
2023-06-19,68.0999984741211,68.22000122070312,65.5,65.69999694824219,13906420
2023-06-20,65.69999694824219,67.26000213623047,65.13999938964844,66.63999938964844,11450240
2023-06-21,66.70999908447266,69.5,66.5999984741211,68.12999725341797,21707360
2023-06-22,68.62999725341797,73.22000122070312,67.25,73.19999694824219,34445930
2023-06-23,74.30000305175781,75.51000213623047,73.47000122070312,75.3499984741211,21751740
2023-06-26,75.79000091552734,78.13999938964844,74.66000366210938,76.5,18704080
2023-06-27,76.5199966430664,77.69999694824219,76.0999984741211,76.0999984741211,7521400
2023-07-03,77.0,79.29000091552734,76.98999786376953,77.51000213623047,16784820
2023-07-04,77.55000305175781,77.98999786376953,76.04000091552734,76.08000183105469,15782690
2023-07-05,76.5,80.3499984741211,76.30000305175781,80.30000305175781,28541220
2023-07-06,80.30000305175781,84.30999755859375,79.5999984741211,83.7699966430664,22930940
2023-07-07,83.7699966430664,85.9000015258789,82.47000122070312,84.0999984741211,17655700
2023-07-10,84.5,85.04000091552734,82.41000366210938,82.5199966430664,16247240
2023-07-11,83.80000305175781,83.93000030517578,81.80000305175781,83.41000366210938,14659690
2023-07-12,83.4000015258789,83.47000122070312,80.83999633789062,81.80000305175781,17158080
2023-07-13,81.75,81.98999786376953,79.80000305175781,80.37000274658203,16131940
2023-07-14,80.69000244140625,83.27999877929688,80.0,82.81999969482422,18833910
2023-07-17,83.29000091552734,83.5,81.79000091552734,82.0199966430664,16189430
2023-07-18,82.22000122070312,82.95999908447266,80.0,80.0,20329930
2023-07-19,80.19000244140625,83.83000183105469,79.94999694824219,83.5,22970090
2023-07-20,84.0999984741211,88.33000183105469,83.01000213623047,87.80000305175781,26236730
2023-07-21,88.5,94.29000091552734,87.45999908447266,91.5999984741211,34110730
2023-07-24,92.77999877929688,92.8499984741211,89.05999755859375,90.0,20281790
2023-07-25,90.12000274658203,90.5999984741211,87.69999694824219,88.33999633789062,19270790
2023-07-26,88.5,92.87000274658203,88.48999786376953,92.52999877929688,18622290
2023-07-27,95.0,96.6500015258789,93.55999755859375,96.5,18865590
2023-07-28,95.0,98.19999694824219,93.69000244140625,95.69999694824219,31313210
2023-07-31,95.81999969482422,98.77999877929688,94.93000030517578,94.95999908447266,33506410
2023-08-01,94.95999908447266,96.31999969482422,93.7300033569336,94.6500015258789,18795770
2023-08-02,94.80000305175781,97.76000213623047,94.70999908447266,96.37999725341797,19085770
2023-08-03,96.4000015258789,97.1500015258789,94.44999694824219,94.69000244140625,15590300
2023-08-04,94.9000015258789,96.54000091552734,93.94999694824219,95.5999984741211,14761270
2023-08-07,95.66000366210938,96.94000244140625,94.91999816894531,95.6500015258789,13685420
2023-08-08,95.68000030517578,96.69000244140625,94.0,94.37999725341797,14018030
2023-08-09,94.4000015258789,96.4000015258789,93.5199966430664,96.05000305175781,17598520
2023-08-10,96.80999755859375,96.91000366210938,92.61000061035156,92.73999786376953,19736060
2023-08-11,92.80000305175781,94.98999786376953,92.2699966430664,94.81999969482422,15662420
2023-08-14,95.0,95.30000305175781,92.58000183105469,92.5999984741211,16295110
2023-08-15,92.69999694824219,93.19999694824219,89.54000091552734,90.83000183105469,16687270
2023-08-16,91.4000015258789,92.58000183105469,90.13999938964844,90.5,18087100
2023-08-17,90.72000122070312,92.12000274658203,89.94000244140625,91.44999694824219,15184310
2023-08-18,91.48999786376953,91.62000274658203,88.06999969482422,89.2699966430664,13408600
2023-08-21,88.80000305175781,92.16999816894531,87.6500015258789,91.0199966430664,17502750
2023-08-22,91.22000122070312,93.37999725341797,89.80000305175781,91.38999938964844,20577710
2023-08-23,92.01000213623047,92.19999694824219,89.80000305175781,89.80000305175781,12879970
2023-08-24,89.80000305175781,91.94999694824219,85.94999694824219,85.94999694824219,25557280
2023-08-25,86.0,87.30000305175781,83.19999694824219,86.0199966430664,23188100
2023-08-28,87.0199966430664,88.16000366210938,85.62000274658203,87.25,17233060
2023-08-29,87.30000305175781,87.41999816894531,85.5999984741211,85.75,13822600
2023-08-31,86.13999938964844,86.58999633789062,84.81999969482422,86.2699966430664,12062940
2023-09-01,86.41999816894531,92.4000015258789,85.72000122070312,92.08000183105469,23873760
2023-09-04,92.30000305175781,92.47000122070312,90.0,90.0,15145110
2023-09-05,90.06999969482422,90.08000183105469,87.52999877929688,89.31999969482422,14595350
2023-09-06,89.4000015258789,89.63999938964844,87.51000213623047,87.9000015258789,13213330
2023-09-07,88.0,88.69999694824219,87.36000061035156,88.0,12600220
2023-09-08,88.11000061035156,90.98999786376953,87.58999633789062,90.58999633789062,18369230
2023-09-11,90.69999694824219,91.5,88.4000015258789,88.98999786376953,14944520
2023-09-12,88.98999786376953,89.6500015258789,87.1500015258789,87.5,15799210
2023-09-13,87.5,89.05000305175781,86.5,87.27999877929688,14107820
2023-09-14,87.5,91.0999984741211,86.31999969482422,91.0999984741211,19134040
2023-09-15,91.22000122070312,91.29000091552734,87.33000183105469,87.33000183105469,13595020
2023-09-18,87.33000183105469,87.33000183105469,84.23999786376953,84.69999694824219,11225660
2023-09-19,84.69999694824219,85.7699966430664,83.62000274658203,84.29000091552734,11267930
2023-09-20,84.36000061035156,85.80000305175781,81.48999786376953,82.62000274658203,16988570
2023-09-21,82.61000061035156,85.01000213623047,81.54000091552734,84.94999694824219,15751000
2023-09-22,84.94999694824219,85.44999694824219,83.4800033569336,83.94000244140625,12787730
2023-09-25,84.33999633789062,85.88999938964844,82.75,85.0199966430664,16145160
2023-09-26,85.9000015258789,86.0,83.5,83.5,14008800
2023-09-27,83.75,84.05999755859375,82.91000366210938,82.91000366210938,10372370
2023-09-28,84.0,85.05999755859375,83.26000213623047,83.37000274658203,14961260
2023-09-29,83.80000305175781,85.26000213623047,83.43000030517578,84.5,15035460
2023-10-02,84.75,85.75,84.16000366210938,84.81999969482422,15185450
2023-10-03,88.5,93.30000305175781,88.41000366210938,91.87000274658203,54412220
2023-10-04,92.0,92.73999786376953,89.01000213623047,89.91999816894531,18828320
2023-10-05,90.0,90.56999969482422,87.02999877929688,89.69999694824219,18484600
2023-10-06,89.45999908447266,92.11000061035156,88.4000015258789,91.69999694824219,20606310
2023-10-09,90.0,90.33000183105469,87.4000015258789,87.4000015258789,18940080
2023-10-10,88.48999786376953,89.61000061035156,87.97000122070312,88.9000015258789,13764330
2023-10-11,88.9000015258789,89.04000091552734,86.97000122070312,87.5,13100080
2023-10-12,87.9000015258789,88.87999725341797,84.75,86.41999816894531,15916460
2023-10-13,86.41999816894531,88.0,85.33999633789062,88.0,15360180
2023-10-16,88.5999984741211,88.80000305175781,86.66000366210938,87.80999755859375,17041840
2023-10-17,88.25,88.61000061035156,86.11000061035156,88.1500015258789,14367010
2023-10-18,87.0,87.06999969482422,84.5,84.5,13979560
2023-10-19,84.79000091552734,87.7300033569336,84.63999938964844,86.0,13851840
2023-10-20,85.80999755859375,86.81999969482422,83.41000366210938,83.69999694824219,15204720
2023-10-23,85.0999984741211,87.63999938964844,84.23999786376953,86.56999969482422,12494950
2023-10-24,86.88999938964844,87.83999633789062,86.37000274658203,87.2300033569336,12784020
2023-10-25,87.8499984741211,88.63999938964844,83.27999877929688,84.88999938964844,18778060
2023-10-26,85.5999984741211,86.5,83.44000244140625,85.25,27136300
2023-10-27,85.38999938964844,85.98999786376953,83.48999786376953,84.9000015258789,21265280
2023-10-30,83.0,83.0,81.25,81.41000366210938,14282930
2023-10-31,81.5999984741211,82.0,78.62999725341797,78.62999725341797,11870020
2023-11-01,78.95999908447266,80.05000305175781,77.02999877929688,79.27999877929688,16152480
2023-11-02,80.0,80.62999725341797,78.83000183105469,79.44000244140625,12679440
2023-11-03,79.44000244140625,80.93000030517578,79.0,80.83000183105469,11912700
2023-11-06,83.80000305175781,86.5999984741211,82.9000015258789,85.44999694824219,18109420
2023-11-07,85.4000015258789,85.8499984741211,84.3499984741211,84.80000305175781,7013220
2023-11-08,85.0,85.5999984741211,83.25,83.55000305175781,7458160
2023-11-09,83.44999694824219,84.25,81.5,83.55000305175781,7321700
2023-11-10,83.55000305175781,83.69999694824219,82.19999694824219,82.30000305175781,4491070
2023-11-13,81.19999694824219,81.5,79.69999694824219,79.69999694824219,10197030
2023-11-14,80.05000305175781,81.5999984741211,79.1500015258789,81.5,8310910
2023-11-15,81.5999984741211,82.25,80.5999984741211,81.5,6132450
2023-11-16,81.5,83.69999694824219,81.0999984741211,83.0999984741211,8110910
2023-11-17,83.19999694824219,85.94999694824219,82.5,84.9000015258789,10138650
2023-11-20,85.3499984741211,85.6500015258789,84.0,84.1500015258789,7780200
2023-11-21,84.5,84.94999694824219,83.5,84.0,7414260
2023-11-22,84.05000305175781,84.94999694824219,83.4000015258789,83.4000015258789,6409720
2023-11-23,83.5999984741211,83.80000305175781,81.44999694824219,81.44999694824219,6975520
2023-11-24,81.5,82.55000305175781,81.0,81.94999694824219,7653760
2023-11-27,82.25,82.80000305175781,81.44999694824219,82.25,9509420
2023-11-28,82.3499984741211,84.4000015258789,82.25,84.4000015258789,8978260
2023-11-29,84.4000015258789,84.5999984741211,83.5,84.19999694824219,8131940
2023-11-30,84.0999984741211,85.19999694824219,83.25,84.0999984741211,11288520
2023-12-01,85.8499984741211,85.9000015258789,83.25,83.3499984741211,10337380
2023-12-04,83.55000305175781,86.0999984741211,82.75,85.25,12835300
2023-12-05,85.25,85.55000305175781,82.5,82.94999694824219,8729580
2023-12-06,83.0,83.1500015258789,79.05000305175781,79.05000305175781,16220620
2023-12-07,79.0999984741211,81.0,78.55000305175781,81.0,10635700
2023-12-08,81.19999694824219,82.44999694824219,80.5999984741211,80.94999694824219,7689550
2023-12-11,81.05000305175781,81.5,79.4000015258789,79.4000015258789,13223610
2023-12-12,79.44999694824219,80.55000305175781,79.0,79.80000305175781,7819730
2023-12-13,79.4000015258789,79.80000305175781,74.69999694824219,75.0999984741211,15491900
2023-12-14,75.8499984741211,77.5,75.0,77.0999984741211,11038330
2023-12-15,77.0999984741211,80.75,76.8499984741211,80.1500015258789,13237800
2023-12-18,79.44999694824219,79.75,75.5,77.19999694824219,11701360
2023-12-19,77.19999694824219,77.30000305175781,75.5,76.9000015258789,9958730
2023-12-20,76.9000015258789,77.4000015258789,75.5,76.30000305175781,9980830
2023-12-21,76.25,77.44999694824219,75.5999984741211,77.05000305175781,10453010
2023-12-22,77.05000305175781,77.19999694824219,74.6500015258789,74.6500015258789,6544190
2023-12-25,74.5,75.0,72.80000305175781,72.80000305175781,8276620
2023-12-26,72.94999694824219,74.5999984741211,72.80000305175781,73.5999984741211,9835310
2023-12-27,73.5999984741211,74.5999984741211,73.25,73.25,9130550
2023-12-28,73.9000015258789,75.4000015258789,73.8499984741211,74.69999694824219,7041640
2023-12-29,74.75,75.75,73.94999694824219,73.94999694824219,7954430
2024-01-02,74.6500015258789,76.5,74.44999694824219,76.5,9619610
2024-01-03,76.55000305175781,76.55000305175781,74.0,74.0,11447590
2024-01-04,74.0999984741211,75.0,73.3499984741211,75.0,9067720
2024-01-05,75.0,75.5999984741211,73.9000015258789,74.55000305175781,12137830
2024-01-08,76.0999984741211,78.25,76.0999984741211,77.3499984741211,18656090
2024-01-09,77.44999694824219,77.5,75.0,75.44999694824219,14110540
2024-01-10,75.44999694824219,77.25,75.0,76.80000305175781,14633660
2024-01-11,77.19999694824219,78.5999984741211,76.75,77.80000305175781,11785200
2024-01-12,76.80000305175781,79.4000015258789,76.5999984741211,78.69999694824219,12366250
2024-01-15,78.80000305175781,81.5,78.5999984741211,81.19999694824219,15672770
2024-01-16,81.5,81.9000015258789,80.94999694824219,81.80000305175781,8302000
2024-01-17,81.4000015258789,81.75,79.80000305175781,80.0999984741211,8410860
2024-01-18,80.94999694824219,81.0,79.80000305175781,79.80000305175781,7548810
2024-01-19,80.0,80.25,79.3499984741211,79.69999694824219,5366960
2024-01-22,79.69999694824219,80.0999984741211,79.19999694824219,79.6500015258789,6173710
2024-01-23,80.30000305175781,82.0,80.19999694824219,80.75,12246740
2024-01-24,80.9000015258789,82.75,80.69999694824219,82.75,7830670
2024-01-25,83.75,84.30000305175781,82.94999694824219,83.9000015258789,11544030
2024-01-26,84.0,86.4000015258789,83.80000305175781,86.0999984741211,12646050
2024-01-29,86.75,87.30000305175781,85.5,86.25,12262510
2024-01-30,86.25,86.8499984741211,85.3499984741211,85.69999694824219,9524510
2024-01-31,85.8499984741211,89.6500015258789,85.5999984741211,88.19999694824219,13308510
2024-02-01,88.5,89.3499984741211,88.0,88.69999694824219,8937900
2024-02-02,89.6500015258789,90.44999694824219,88.69999694824219,89.80000305175781,8915750
2024-02-05,89.80000305175781,91.80000305175781,89.5999984741211,91.3499984741211,9481470
2024-02-06,91.80000305175781,94.75,91.5999984741211,93.80000305175781,12951660
2024-02-07,94.0,94.19999694824219,91.8499984741211,92.0,9909830
2024-02-08,92.05000305175781,94.0,91.6500015258789,93.30000305175781,7160800
2024-02-09,93.3499984741211,96.5999984741211,93.0999984741211,95.5999984741211,15252250
2024-02-12,96.4000015258789,99.69999694824219,96.25,98.55000305175781,14561780
2024-02-13,98.5999984741211,99.80000305175781,95.44999694824219,95.44999694824219,13652800
2024-02-14,95.44999694824219,97.3499984741211,95.30000305175781,97.0,10088960
2024-02-15,97.0999984741211,97.3499984741211,95.9000015258789,95.94999694824219,14673350
2024-02-16,96.19999694824219,97.3499984741211,95.5999984741211,96.44999694824219,11147320
2024-02-19,96.69999694824219,98.1500015258789,95.5999984741211,95.94999694824219,12700030
2024-02-20,96.0,99.75,95.8499984741211,98.5999984741211,13145600
2024-02-21,98.75,99.80000305175781,97.5999984741211,98.19999694824219,10792340
2024-02-22,99.30000305175781,102.5,98.80000305175781,102.4000015258789,11264370
2024-02-23,102.4000015258789,104.69999694824219,100.9000015258789,101.30000305175781,13606460
2024-02-26,102.0,103.5999984741211,100.69999694824219,102.69999694824219,9904630
2024-02-27,102.80000305175781,103.5999984741211,100.30000305175781,103.19999694824219,10603490
2024-02-28,103.19999694824219,104.4000015258789,101.9000015258789,103.4000015258789,10490820
2024-02-29,104.0,104.4000015258789,100.5999984741211,101.69999694824219,11881900
2024-03-01,102.0,102.5,100.5,100.80000305175781,8535590
2024-03-04,100.80000305175781,101.30000305175781,98.0999984741211,98.30000305175781,7588980
2024-03-05,98.3499984741211,100.80000305175781,97.4000015258789,99.1500015258789,17131560
2024-03-06,102.19999694824219,107.5,100.5999984741211,104.19999694824219,29122690
2024-03-07,104.5,106.5,102.69999694824219,105.69999694824219,20574550
2024-03-08,106.69999694824219,111.4000015258789,106.5,111.0,18270190
2024-03-11,112.5999984741211,115.80000305175781,110.30000305175781,112.69999694824219,18167930
2024-03-12,112.5999984741211,112.69999694824219,109.5,111.19999694824219,7872350
2024-03-13,111.30000305175781,111.5,107.0999984741211,108.4000015258789,12485210
2024-03-14,108.80000305175781,110.80000305175781,108.0,110.5,8250020
2024-03-15,110.5999984741211,112.0999984741211,108.0999984741211,108.0999984741211,10363250
2024-03-18,109.0,109.19999694824219,106.80000305175781,106.80000305175781,8129800
2024-03-19,106.80000305175781,111.30000305175781,105.9000015258789,111.0,11958580
2024-03-20,111.0,115.30000305175781,109.5999984741211,113.4000015258789,15846380
2024-03-21,114.30000305175781,120.69999694824219,114.30000305175781,120.69999694824219,19658080
2024-03-22,120.5999984741211,120.5999984741211,113.0,114.4000015258789,10917560
2024-03-25,114.4000015258789,115.30000305175781,110.69999694824219,110.69999694824219,11609380
2024-03-26,111.0,111.9000015258789,108.69999694824219,110.5999984741211,9761320
2024-03-27,110.9000015258789,111.0999984741211,108.9000015258789,109.5999984741211,6606540
2024-03-28,110.30000305175781,115.80000305175781,109.30000305175781,115.5,12057910
2024-03-29,115.80000305175781,116.0999984741211,111.69999694824219,113.19999694824219,10715890
2024-04-01,114.5999984741211,116.19999694824219,112.0,114.9000015258789,7890810
2024-04-02,114.80000305175781,116.19999694824219,112.5,113.0,8297340
2024-04-03,113.0,114.5,112.0999984741211,113.9000015258789,5039690
2024-04-04,114.30000305175781,117.4000015258789,113.30000305175781,116.5,10907570
2024-04-05,118.9000015258789,121.9000015258789,116.19999694824219,121.9000015258789,13068200
2024-04-08,118.0,119.5,116.0,116.69999694824219,10734170
2024-04-09,116.69999694824219,116.69999694824219,116.69999694824219,116.69999694824219,0
2024-04-15,116.0,116.19999694824219,113.9000015258789,114.30000305175781,9173730
2024-04-16,114.19999694824219,116.80000305175781,113.19999694824219,115.30000305175781,10159870
2024-04-17,115.80000305175781,117.4000015258789,111.80000305175781,111.80000305175781,11018620
2024-04-18,112.5,113.4000015258789,111.30000305175781,111.69999694824219,7912960
2024-04-19,110.80000305175781,114.5,109.80000305175781,112.0,10127070
2024-04-22,112.5999984741211,114.30000305175781,111.5,112.19999694824219,8142430
2024-04-24,112.4000015258789,113.0999984741211,110.19999694824219,110.5,9112050
2024-04-25,110.5999984741211,111.19999694824219,108.5999984741211,109.0999984741211,8042070
2024-04-26,109.4000015258789,111.5999984741211,109.4000015258789,110.9000015258789,8555800
2024-04-29,112.0,112.0,108.4000015258789,110.5999984741211,11511710
2024-04-30,110.9000015258789,112.9000015258789,110.19999694824219,111.4000015258789,15968490
2024-05-02,112.9000015258789,115.4000015258789,112.5,113.9000015258789,10484920
2024-05-03,114.0999984741211,115.0999984741211,112.4000015258789,113.30000305175781,6301110
2024-05-06,113.30000305175781,115.69999694824219,112.19999694824219,114.69999694824219,9822060
2024-05-07,115.0999984741211,116.30000305175781,113.0999984741211,114.69999694824219,9225830
2024-05-08,114.69999694824219,115.0,111.9000015258789,112.0,7023830
2024-05-09,112.0999984741211,114.5,112.0999984741211,114.0999984741211,8260700
2024-05-10,114.19999694824219,116.5,114.19999694824219,114.9000015258789,8581850
2024-05-13,115.4000015258789,116.9000015258789,113.69999694824219,114.5,8333090
2024-05-14,115.5,119.0999984741211,114.19999694824219,118.5999984741211,11872070
2024-05-15,118.5999984741211,119.5,116.80000305175781,119.0999984741211,7942380
2024-05-16,119.30000305175781,120.19999694824219,116.5,120.19999694824219,9227050
2024-05-17,120.30000305175781,120.9000015258789,118.80000305175781,120.69999694824219,13961410
2024-05-20,120.69999694824219,122.0,119.5,121.4000015258789,10024990
2024-05-21,121.5,124.9000015258789,120.5,121.5,15932760
2024-05-22,121.19999694824219,124.30000305175781,120.5,122.19999694824219,8463080
2024-05-23,122.5,123.0,116.80000305175781,116.80000305175781,10864800
2024-05-24,117.5,118.19999694824219,111.69999694824219,112.30000305175781,13487690
2024-05-27,112.5999984741211,113.69999694824219,111.5999984741211,112.19999694824219,6783660
2024-05-28,112.4000015258789,113.0999984741211,110.19999694824219,111.5999984741211,9865560
2024-05-29,111.4000015258789,111.80000305175781,108.80000305175781,108.80000305175781,12258940
2024-05-30,108.80000305175781,110.0999984741211,107.19999694824219,108.19999694824219,11150890
2024-05-31,109.0999984741211,111.4000015258789,108.19999694824219,109.30000305175781,10388640
2024-06-03,109.5,109.80000305175781,107.5999984741211,108.0,8176260
2024-06-04,108.0,109.19999694824219,101.19999694824219,102.0,19779980
2024-06-05,102.80000305175781,107.5,102.0999984741211,104.69999694824219,17644270
2024-06-06,104.9000015258789,105.5999984741211,101.30000305175781,101.5999984741211,12806030
2024-06-07,102.0,103.80000305175781,101.30000305175781,102.5,8064340
2024-06-10,103.19999694824219,103.5,101.0999984741211,101.9000015258789,7896340
2024-06-11,101.9000015258789,102.69999694824219,100.30000305175781,100.80000305175781,9870000
2024-06-12,103.80000305175781,108.5,103.0999984741211,106.5,15393490
2024-06-13,108.19999694824219,109.80000305175781,105.5,105.69999694824219,10040720
2024-06-14,107.9000015258789,108.9000015258789,105.5,107.9000015258789,13009420
2024-06-20,109.69999694824219,110.9000015258789,107.9000015258789,109.5,8444050
2024-06-21,109.5999984741211,109.9000015258789,108.19999694824219,108.30000305175781,8656440
2024-06-24,108.5999984741211,109.5999984741211,106.9000015258789,108.69999694824219,12135840
2024-06-25,109.0,112.80000305175781,108.30000305175781,111.9000015258789,20754340
2024-06-26,111.9000015258789,113.9000015258789,110.19999694824219,110.19999694824219,11713830
2024-06-27,110.30000305175781,113.9000015258789,110.19999694824219,113.0999984741211,9520870
2024-06-28,113.19999694824219,114.4000015258789,112.4000015258789,112.4000015258789,11705860
2024-07-01,112.69999694824219,114.4000015258789,108.5,110.0,9064250
2024-07-02,110.0,110.5,107.9000015258789,110.30000305175781,6899430
2024-07-03,110.30000305175781,111.5,109.0999984741211,111.5,7645110
2024-07-04,111.5,113.30000305175781,111.19999694824219,112.5999984741211,9547580
2024-07-05,112.5999984741211,113.5,111.30000305175781,112.30000305175781,6527080
2024-07-08,112.30000305175781,112.9000015258789,110.19999694824219,110.5,6799060
2024-07-09,110.30000305175781,110.9000015258789,106.5,106.5999984741211,10467910
2024-07-10,106.5999984741211,106.80000305175781,103.0999984741211,103.9000015258789,14040450
2024-07-11,104.30000305175781,108.0999984741211,103.69999694824219,107.80000305175781,9752980
2024-07-12,107.80000305175781,108.19999694824219,106.30000305175781,106.9000015258789,8832330
2024-07-16,107.19999694824219,109.4000015258789,105.30000305175781,105.69999694824219,13117940
2024-07-17,106.0999984741211,106.5,104.4000015258789,105.30000305175781,10013500
2024-07-18,105.5,107.0,105.0,105.80000305175781,6836190
2024-07-19,106.0,106.0,104.4000015258789,104.9000015258789,5813480
2024-07-22,105.30000305175781,106.80000305175781,104.69999694824219,106.0999984741211,10521470
2024-07-23,106.0999984741211,106.0999984741211,103.9000015258789,104.0,8341800
2024-07-24,104.0,104.30000305175781,101.0,101.0,9431190
2024-07-25,100.80000305175781,101.69999694824219,99.8499984741211,99.9000015258789,6594010
2024-07-26,100.0,101.4000015258789,99.55000305175781,100.19999694824219,7581470
2024-07-29,100.19999694824219,100.19999694824219,98.1500015258789,98.44999694824219,6390300
2024-07-30,98.44999694824219,99.6500015258789,98.30000305175781,99.44999694824219,7851520
2024-07-31,99.0,100.30000305175781,98.1500015258789,99.4000015258789,7433930
2024-08-01,99.9000015258789,101.0,98.3499984741211,98.6500015258789,9100560
2024-08-02,97.9000015258789,98.19999694824219,94.55000305175781,94.8499984741211,9532870
2024-08-05,88.0,91.8499984741211,88.0,89.0,11480910
2024-08-06,90.6500015258789,92.3499984741211,89.5,90.44999694824219,11983090
2024-08-07,89.80000305175781,89.80000305175781,86.55000305175781,88.0,24272330
2024-08-08,88.0,89.69999694824219,87.5,89.69999694824219,15841450
2024-08-09,89.75,91.1500015258789,86.9000015258789,86.9000015258789,9638200
2024-08-12,87.0999984741211,88.3499984741211,85.5,86.30000305175781,10203250
2024-08-13,87.19999694824219,88.75,86.75,88.0,14778650
2024-08-14,88.44999694824219,89.19999694824219,87.5999984741211,88.0,9155230
2024-08-15,88.55000305175781,89.3499984741211,87.1500015258789,89.0,8671570
2024-08-16,89.19999694824219,90.30000305175781,88.44999694824219,88.44999694824219,9050150
2024-08-19,88.80000305175781,92.3499984741211,88.6500015258789,91.8499984741211,8475000
2024-08-20,91.55000305175781,93.44999694824219,90.80000305175781,92.75,8196670
2024-08-21,92.80000305175781,96.0,92.5999984741211,93.80000305175781,12988990
2024-08-22,94.30000305175781,95.0999984741211,93.19999694824219,93.75,8425820
2024-08-23,93.75,94.3499984741211,90.0,90.5,11022450
2024-08-26,90.9000015258789,91.6500015258789,88.55000305175781,88.69999694824219,7437180
2024-08-27,88.5999984741211,90.5999984741211,87.9000015258789,90.3499984741211,7264680
2024-08-28,90.30000305175781,92.5999984741211,90.0,92.0,8198390
2024-08-29,92.0,96.4000015258789,91.19999694824219,96.4000015258789,12457010
2024-09-02,96.30000305175781,98.44999694824219,95.5,95.75,10813460
2024-09-03,96.0999984741211,96.80000305175781,93.4000015258789,93.5999984741211,8066720
2024-09-04,92.0,93.6500015258789,91.30000305175781,92.9000015258789,7819580
2024-09-05,92.94999694824219,95.9000015258789,92.0,94.75,9213070
2024-09-06,94.75,96.5,93.19999694824219,93.3499984741211,8772310
2024-09-09,93.3499984741211,93.4000015258789,91.19999694824219,91.69999694824219,5608400
2024-09-10,91.80000305175781,92.5,89.44999694824219,89.44999694824219,8507110
2024-09-11,89.25,89.5,85.94999694824219,85.94999694824219,12361740
2024-09-12,88.0,90.0,86.0,88.55000305175781,14922330
2024-09-13,88.55000305175781,91.75,87.44999694824219,91.5999984741211,11682630
2024-09-16,91.30000305175781,91.3499984741211,89.25,89.44999694824219,7670130
2024-09-17,89.44999694824219,92.0999984741211,89.44999694824219,91.25,7194110
2024-09-18,91.25,92.5999984741211,91.0999984741211,91.6500015258789,5979310
2024-09-19,92.30000305175781,93.05000305175781,91.94999694824219,92.6500015258789,6342590
2024-09-20,92.75,92.8499984741211,91.0999984741211,91.4000015258789,8401980
2024-09-23,92.0,92.5,90.94999694824219,91.19999694824219,7181550
2024-09-24,91.0999984741211,93.4000015258789,90.6500015258789,92.4000015258789,9561880
2024-09-25,92.80000305175781,93.44999694824219,91.19999694824219,91.30000305175781,10836470
2024-09-26,91.5999984741211,93.75,91.5999984741211,92.80000305175781,11125830
2024-09-27,93.0,93.5999984741211,92.25,93.1500015258789,7547980
2024-09-30,92.8499984741211,92.8499984741211,90.75,91.80000305175781,9411760
2024-10-01,91.69999694824219,91.69999694824219,89.30000305175781,89.6500015258789,8968640
2024-10-02,89.4000015258789,90.25,88.0,88.0,8727060
2024-10-03,88.0,88.5999984741211,86.0,86.05000305175781,10027540
2024-10-04,86.19999694824219,88.30000305175781,85.94999694824219,88.30000305175781,7028590
2024-10-07,88.69999694824219,93.0,88.4000015258789,91.44999694824219,13202670
2024-10-08,91.05000305175781,94.75,90.94999694824219,93.19999694824219,13060810
2024-10-09,93.19999694824219,96.4000015258789,92.4000015258789,96.30000305175781,12801070
2024-10-10,96.19999694824219,97.25,95.0,95.44999694824219,9635610
2024-10-11,95.5,97.19999694824219,93.44999694824219,93.80000305175781,10447550
2024-10-14,93.80000305175781,94.25,90.69999694824219,90.69999694824219,8920180
2024-10-15,90.80000305175781,93.0,89.8499984741211,91.1500015258789,11481110
2024-10-16,91.1500015258789,92.4000015258789,90.3499984741211,91.55000305175781,7183200
2024-10-17,91.75,97.1500015258789,91.5,96.80000305175781,14584680
2024-10-18,95.3499984741211,98.25,94.9000015258789,96.75,14282220
2024-10-21,96.80000305175781,97.25,94.55000305175781,96.25,10576310
2024-10-22,96.25,101.4000015258789,96.1500015258789,99.5999984741211,16867810
2024-10-23,99.5999984741211,100.9000015258789,99.0999984741211,100.0,12849690
2024-10-24,100.30000305175781,102.0999984741211,100.19999694824219,101.0999984741211,9874990
2024-10-25,101.19999694824219,101.5999984741211,99.05000305175781,101.5,9812590
2024-10-28,101.5,101.5999984741211,100.0,100.4000015258789,2249080
2024-10-30,100.4000015258789,100.4000015258789,97.80000305175781,98.19999694824219,12643240
2024-10-31,98.30000305175781,99.1500015258789,96.94999694824219,97.8499984741211,8112760
2024-11-01,97.8499984741211,98.94999694824219,97.44999694824219,97.44999694824219,6576810
2024-11-04,97.44999694824219,98.3499984741211,95.5,96.80000305175781,8172980
2024-11-05,97.5,99.0999984741211,96.19999694824219,97.5999984741211,7451900
2024-11-06,96.5999984741211,99.25,94.69999694824219,98.8499984741211,20570730
2024-11-07,98.8499984741211,100.80000305175781,97.30000305175781,100.5,11363880
2024-11-08,100.5,106.0999984741211,100.0,105.0,13935780
2024-11-11,105.9000015258789,106.5999984741211,103.30000305175781,103.69999694824219,7214720
2024-11-12,103.80000305175781,107.0999984741211,101.5,107.0999984741211,14077890
2024-11-13,107.0,112.0,106.0999984741211,110.0,15035340
2024-11-14,110.0,112.5,109.0,111.69999694824219,15482660
2024-11-15,111.5999984741211,112.0,107.69999694824219,107.69999694824219,11511470
2024-11-18,108.0999984741211,111.0,107.0999984741211,109.9000015258789,11910980
2024-11-19,111.30000305175781,112.69999694824219,105.0,105.0,33618800
2024-11-20,106.0,107.5,99.0,99.0,19467920
2024-11-21,99.4000015258789,102.0999984741211,99.0,101.69999694824219,13714330
2024-11-22,100.80000305175781,100.80000305175781,99.4000015258789,100.0999984741211,12995920
2024-11-25,100.5,101.4000015258789,99.05000305175781,99.30000305175781,14215670
2024-11-26,99.30000305175781,100.5,99.0999984741211,99.19999694824219,9242550
2024-11-27,100.0,100.0999984741211,97.30000305175781,97.30000305175781,11824200
2024-11-28,98.0,99.30000305175781,96.5,96.80000305175781,10869200
2024-11-29,96.9000015258789,98.0,96.0,96.69999694824219,11596930
2024-12-02,96.6500015258789,98.05000305175781,95.4000015258789,97.5999984741211,9865610
2024-12-03,98.0999984741211,100.80000305175781,97.9000015258789,99.44999694824219,14915780
2024-12-04,99.8499984741211,102.9000015258789,99.5,99.6500015258789,17827290
2024-12-05,100.0999984741211,100.4000015258789,98.5,99.3499984741211,8525610
2024-12-06,99.94999694824219,100.5999984741211,99.3499984741211,99.80000305175781,9744070
2024-12-09,100.0999984741211,100.5,99.0,99.1500015258789,8990100
2024-12-10,99.25,99.25,97.6500015258789,97.9000015258789,10937510
2024-12-11,100.19999694824219,101.0999984741211,99.5,99.5,19118970
2024-12-12,99.69999694824219,100.30000305175781,98.44999694824219,98.69999694824219,7815340
2024-12-13,98.5,99.25,98.4000015258789,99.25,5923300
2024-12-16,99.25,99.75,97.94999694824219,98.0999984741211,7761460
2024-12-17,98.0999984741211,98.5,96.75,97.30000305175781,7574490
2024-12-18,97.30000305175781,97.5,95.69999694824219,95.69999694824219,6382310
2024-12-19,95.69999694824219,96.3499984741211,95.0999984741211,95.25,6107170
2024-12-20,95.30000305175781,96.05000305175781,94.1500015258789,94.94999694824219,7411460
2024-12-23,95.0,95.4000015258789,92.75,93.05000305175781,7423490
2024-12-24,93.0999984741211,93.9000015258789,92.3499984741211,93.25,6368840
2024-12-25,94.0,94.19999694824219,93.55000305175781,93.94999694824219,4318080
2024-12-26,94.4000015258789,95.8499984741211,94.1500015258789,94.94999694824219,7725360
2024-12-27,95.4000015258789,96.19999694824219,94.94999694824219,95.55000305175781,7261410
2024-12-30,95.5999984741211,95.94999694824219,93.9000015258789,93.94999694824219,5743700
2024-12-31,94.25,95.0,93.5,93.69999694824219,8079090
2025-01-02,94.0999984741211,94.30000305175781,93.25,94.05000305175781,9007040
2025-01-03,94.5,95.5,94.25,95.1500015258789,9809540
2025-01-06,95.3499984741211,96.69999694824219,94.5999984741211,94.69999694824219,12921550
2025-01-07,95.0,95.5999984741211,94.3499984741211,94.4000015258789,12017620
2025-01-08,94.4000015258789,95.55000305175781,93.55000305175781,94.0999984741211,11981600
2025-01-09,94.55000305175781,95.19999694824219,93.5999984741211,94.25,8499110
2025-01-10,94.30000305175781,94.3499984741211,92.0,92.25,9768580
2025-01-13,92.25,93.8499984741211,91.19999694824219,91.4000015258789,15259750
2025-01-14,91.69999694824219,92.5,90.5,90.9000015258789,9436030
2025-01-15,91.0,91.19999694824219,89.55000305175781,91.19999694824219,10593410
2025-01-16,92.4000015258789,92.94999694824219,91.0,92.3499984741211,10788210
2025-01-17,92.4000015258789,93.0,91.69999694824219,92.19999694824219,7971850
2025-01-20,92.25,93.25,91.5999984741211,92.30000305175781,10653150
2025-01-21,92.25,92.8499984741211,91.69999694824219,92.69999694824219,8318810
2025-01-22,93.0,93.0,92.0,92.75,7736390
2025-01-23,93.0,95.80000305175781,92.5,95.5999984741211,17930640
2025-01-24,95.5999984741211,95.75,93.1500015258789,93.25,9731830
2025-01-27,93.25,93.25,91.0999984741211,91.4000015258789,9180560
2025-01-28,91.5,92.3499984741211,90.75,91.9000015258789,8953090
2025-01-29,92.25,93.75,91.75,92.1500015258789,11913560
2025-01-30,92.69999694824219,94.94999694824219,92.25,94.0999984741211,13615140
2025-01-31,94.1500015258789,94.19999694824219,92.44999694824219,92.94999694824219,9701410
2025-02-03,91.94999694824219,91.94999694824219,87.9000015258789,88.4000015258789,22814620
2025-02-04,88.80000305175781,90.9000015258789,88.0999984741211,89.6500015258789,16618650
2025-02-05,89.69999694824219,92.19999694824219,89.5999984741211,91.0,17640950
2025-02-06,91.44999694824219,92.5999984741211,90.6500015258789,91.9000015258789,13032520
2025-02-07,91.9000015258789,92.44999694824219,91.19999694824219,92.25,8644070
2025-02-10,92.3499984741211,93.6500015258789,91.75,91.80000305175781,16144670
2025-02-11,91.80000305175781,92.75,90.94999694824219,91.8499984741211,12590370
2025-02-12,91.9000015258789,92.0,89.69999694824219,89.8499984741211,13683240
2025-02-13,90.1500015258789,92.05000305175781,90.1500015258789,91.5,14509520
2025-02-14,91.5,92.55000305175781,90.8499984741211,91.5999984741211,9907660
2025-02-17,91.5999984741211,92.25,90.69999694824219,90.75,10396690
2025-02-18,91.05000305175781,93.94999694824219,90.75,93.44999694824219,25884980
2025-02-19,93.80000305175781,95.5,93.4000015258789,93.5,19953960
2025-02-20,93.8499984741211,94.5,91.0,91.69999694824219,13684700
2025-02-21,91.80000305175781,92.30000305175781,89.1500015258789,90.4000015258789,14878550
2025-02-24,91.30000305175781,91.69999694824219,89.19999694824219,89.19999694824219,9827450
2025-02-25,89.4000015258789,90.1500015258789,88.44999694824219,88.8499984741211,11058180
2025-02-26,88.94999694824219,89.9000015258789,88.30000305175781,88.94999694824219,10206040
2025-02-27,88.94999694824219,89.5,88.5999984741211,89.05000305175781,13861160
2025-02-28,89.0,89.69999694824219,87.80000305175781,88.25,14711060
2025-03-03,88.55000305175781,90.4000015258789,88.55000305175781,89.0999984741211,21093420
2025-03-04,89.19999694824219,90.0,88.6500015258789,88.6500015258789,9972700
2025-03-05,89.0999984741211,93.6500015258789,89.0999984741211,93.0,19383240
2025-03-06,94.0,97.4000015258789,93.19999694824219,97.4000015258789,18793170
2025-03-07,97.3499984741211,98.94999694824219,96.69999694824219,98.30000305175781,13555680
2025-03-10,98.3499984741211,100.0,97.94999694824219,99.30000305175781,12663460
2025-03-11,100.5999984741211,104.0999984741211,100.19999694824219,102.5,17935020
2025-03-12,102.5,104.0999984741211,101.69999694824219,103.0999984741211,11080090
2025-03-13,103.4000015258789,104.69999694824219,102.9000015258789,104.69999694824219,9658230
2025-03-14,104.69999694824219,105.9000015258789,104.0999984741211,105.19999694824219,9502450
2025-03-17,106.0,106.9000015258789,105.0,106.5,7627830
2025-03-18,105.80000305175781,108.19999694824219,104.5,107.19999694824219,12349310
2025-03-19,98.9000015258789,106.5,98.9000015258789,101.30000305175781,27026130
2025-03-20,101.0999984741211,107.30000305175781,100.5,105.30000305175781,23445050
2025-03-21,105.19999694824219,105.19999694824219,98.05000305175781,99.55000305175781,21999710
2025-03-24,99.5999984741211,104.5,99.5999984741211,104.19999694824219,20278630
2025-03-25,105.4000015258789,107.69999694824219,102.0,104.4000015258789,15970790
2025-03-26,103.0,107.0,101.5999984741211,103.4000015258789,20651900
2025-03-27,104.0,104.5,102.4000015258789,102.80000305175781,12952510
2025-03-28,102.80000305175781,105.9000015258789,101.69999694824219,105.9000015258789,9910790
2025-04-02,104.69999694824219,105.5999984741211,102.69999694824219,104.0999984741211,12455120
2025-04-03,104.19999694824219,109.30000305175781,104.19999694824219,107.5999984741211,14891390
2025-04-04,107.5999984741211,107.69999694824219,104.19999694824219,104.80000305175781,10783340
2025-04-07,102.80000305175781,105.5,101.19999694824219,103.5999984741211,12225410
2025-04-08,104.80000305175781,105.9000015258789,102.5999984741211,103.19999694824219,10168900
2025-04-09,102.5999984741211,103.4000015258789,99.80000305175781,99.80000305175781,10183500
2025-04-10,103.5,103.5999984741211,99.94999694824219,100.5,9101970
2025-04-11,100.5999984741211,100.80000305175781,98.94999694824219,99.3499984741211,8622630
2025-04-14,99.5999984741211,100.4000015258789,98.94999694824219,99.5999984741211,6023740
2025-04-15,99.69999694824219,100.5,94.80000305175781,95.19999694824219,12082560
2025-04-16,95.19999694824219,95.3499984741211,90.69999694824219,91.0999984741211,16781460
2025-04-17,91.0999984741211,93.8499984741211,90.19999694824219,91.75,18699980
2025-04-18,92.0,93.05000305175781,91.0,91.55000305175781,12244390
2025-04-21,91.6500015258789,93.6500015258789,91.0999984741211,92.3499984741211,15706040
2025-04-22,92.4000015258789,93.44999694824219,91.19999694824219,91.4000015258789,6627380
2025-04-24,91.55000305175781,92.8499984741211,91.05000305175781,92.19999694824219,9708350
2025-04-25,92.19999694824219,93.4000015258789,91.94999694824219,92.80000305175781,8207730
2025-04-28,92.94999694824219,93.44999694824219,92.0999984741211,92.0999984741211,7191110
2025-04-29,91.5999984741211,92.1500015258789,90.55000305175781,91.5,7491630
2025-04-30,91.5,92.0,88.5,88.55000305175781,12630090
2025-05-02,89.5,91.44999694824219,89.0999984741211,89.5999984741211,11081080
2025-05-05,89.69999694824219,90.30000305175781,87.30000305175781,88.19999694824219,8675370
2025-05-06,88.5999984741211,90.3499984741211,87.19999694824219,87.75,14615020
2025-05-07,87.5999984741211,89.5,86.25,87.25,11483716
2025-05-08,87.25,91.69999694824219,86.5999984741211,90.94999694824219,9947869
2025-05-09,90.9000015258789,92.5999984741211,89.80000305175781,91.5,10120489
2025-05-12,93.25,98.5999984741211,93.25,97.94999694824219,14760362
2025-05-13,97.94999694824219,100.4000015258789,95.0999984741211,97.75,13610285
2025-05-14,97.55000305175781,100.19999694824219,96.55000305175781,96.55000305175781,9606118
2025-05-15,96.25,97.69999694824219,92.6500015258789,93.5,9925309
2025-05-16,93.3499984741211,96.75,93.3499984741211,96.75,8154400
2025-05-20,96.80000305175781,97.05000305175781,91.69999694824219,91.94999694824219,14283341
2025-05-21,91.5,93.1500015258789,89.69999694824219,89.75,10429966
2025-05-22,89.8499984741211,91.19999694824219,87.5999984741211,88.4000015258789,15330007
2025-05-23,88.4000015258789,89.5,86.44999694824219,86.9000015258789,11354524
2025-05-26,87.55000305175781,88.4000015258789,85.30000305175781,88.19999694824219,14416536
2025-05-27,88.3499984741211,88.94999694824219,85.25,86.1500015258789,14186464
2025-05-28,86.1500015258789,86.94999694824219,85.0,85.3499984741211,9317637
2025-05-29,86.0,86.4000015258789,84.25,84.4000015258789,10409192
2025-05-30,84.4000015258789,84.5999984741211,80.1500015258789,80.1500015258789,18105724
2025-06-02,80.1500015258789,81.69999694824219,78.8499984741211,81.25,11363108
2025-06-03,81.9000015258789,85.75,81.8499984741211,85.19999694824219,12426190
2025-06-04,85.19999694824219,88.0999984741211,84.30000305175781,87.94999694824219,8635717
2025-06-05,87.6500015258789,87.80000305175781,86.75,87.55000305175781,2883459
2025-06-10,88.5999984741211,89.0,86.3499984741211,86.75,12728394
2025-06-11,86.75,89.1500015258789,86.1500015258789,86.5,18400169
2025-06-12,85.5999984741211,86.25,82.80000305175781,83.44999694824219,15134940
2025-06-13,79.80000305175781,82.75,79.5,82.75,13495602
2025-06-16,82.6500015258789,83.8499984741211,81.05000305175781,83.19999694824219,8195575
2025-06-17,83.19999694824219,84.8499984741211,82.69999694824219,84.0999984741211,10597477
2025-06-18,84.0,84.0,81.3499984741211,82.94999694824219,7964097
2025-06-19,82.94999694824219,83.5,81.25,81.69999694824219,7898311
2025-06-20,82.25,83.6500015258789,82.25,83.6500015258789,10275648
2025-06-23,82.6500015258789,85.69999694824219,81.30000305175781,85.0,10941383
2025-06-24,88.0,88.5999984741211,85.5,86.5999984741211,12263914
2025-06-25,87.69999694824219,88.30000305175781,86.69999694824219,86.80000305175781,11158754
2025-06-26,86.80000305175781,86.9000015258789,84.5,84.55000305175781,7662375
2025-06-27,84.6500015258789,84.8499984741211,82.4000015258789,84.1500015258789,11010975
2025-06-30,84.19999694824219,89.25,83.69999694824219,89.25,24183382
2025-07-01,89.25,91.5999984741211,88.0,90.1500015258789,16707792
2025-07-02,90.80000305175781,95.0999984741211,90.80000305175781,93.9000015258789,18672476
2025-07-03,94.80000305175781,95.80000305175781,92.05000305175781,93.05000305175781,12080431
2025-07-04,93.19999694824219,93.75,92.0,93.5,8753329
2025-07-07,92.0,93.5,91.19999694824219,92.5,8912687
2025-07-08,93.25,94.4000015258789,91.30000305175781,92.8499984741211,12559371
2025-07-09,94.0,95.30000305175781,93.55000305175781,94.80000305175781,15392268
2025-07-10,95.0999984741211,96.69999694824219,95.0999984741211,96.3499984741211,9545940
2025-07-11,97.30000305175781,98.75,95.19999694824219,95.30000305175781,11157535
2025-07-14,95.0999984741211,97.80000305175781,94.6500015258789,96.05000305175781,10601795
2025-07-16,96.05000305175781,96.5,92.69999694824219,95.5,13620812
2025-07-17,95.5,95.6500015258789,92.25,94.4000015258789,22990933
2025-07-18,94.44999694824219,94.69999694824219,92.0,92.0,17714231
2025-07-21,92.0999984741211,93.19999694824219,92.0,92.44999694824219,16430680
2025-07-22,92.5999984741211,94.75,92.30000305175781,93.75,21176101
2025-07-23,94.19999694824219,95.0999984741211,93.3499984741211,93.3499984741211,14517942
2025-07-24,93.55000305175781,95.75,92.44999694824219,94.30000305175781,21256696
2025-07-25,94.5,94.55000305175781,92.30000305175781,92.4000015258789,10657635
2025-07-28,92.8499984741211,94.55000305175781,92.75,92.94999694824219,12366896
2025-07-29,93.05000305175781,93.75,91.5,91.5,7895439
2025-07-30,91.5,96.19999694824219,91.19999694824219,95.44999694824219,22061566
2025-07-31,95.94999694824219,97.0,93.75,95.1500015258789,20032676
2025-08-01,95.1500015258789,98.0,95.1500015258789,97.44999694824219,17139410
2025-08-04,98.80000305175781,101.0,98.3499984741211,100.5,15204116
2025-08-05,101.0,102.69999694824219,100.0999984741211,101.5999984741211,12789911
2025-08-06,102.0999984741211,104.5,101.0999984741211,102.4000015258789,13727166
2025-08-07,102.4000015258789,107.0999984741211,101.80000305175781,106.30000305175781,16902222
2025-08-08,106.5999984741211,108.4000015258789,104.69999694824219,104.9000015258789,11589651
2025-08-11,105.5999984741211,106.80000305175781,104.5,106.19999694824219,8708966
2025-08-12,106.19999694824219,107.5,104.9000015258789,106.30000305175781,9508345
2025-08-13,106.30000305175781,107.19999694824219,104.5,105.0999984741211,7315470
2025-08-14,104.19999694824219,106.19999694824219,103.69999694824219,104.80000305175781,9463355
2025-08-15,104.5,106.0,103.0999984741211,105.19999694824219,9091696
2025-08-18,105.30000305175781,107.5,103.9000015258789,107.0,11853085
2025-08-19,107.5,111.0,106.5,111.0,15629766
2025-08-20,110.30000305175781,115.19999694824219,110.19999694824219,114.0,18224673
2025-08-21,114.30000305175781,115.69999694824219,113.0999984741211,114.19999694824219,8849344
2025-08-22,114.4000015258789,116.5,113.4000015258789,114.5,10236379
2025-08-25,115.0999984741211,117.0,114.69999694824219,115.69999694824219,12199286
2025-08-26,116.19999694824219,118.30000305175781,115.0999984741211,118.30000305175781,12305108
2025-08-27,118.0,118.0,113.19999694824219,113.4000015258789,11719379
2025-08-28,113.4000015258789,115.19999694824219,111.80000305175781,111.80000305175781,9244403
2025-08-29,112.30000305175781,113.19999694824219,111.19999694824219,111.69999694824219,10973332
2025-09-01,111.69999694824219,112.0999984741211,108.4000015258789,110.80000305175781,9997518
2025-09-02,111.0,112.19999694824219,101.0,104.9000015258789,17243323
2025-09-03,105.0999984741211,105.5,102.5999984741211,105.19999694824219,10480292
2025-09-04,105.5,106.30000305175781,104.4000015258789,104.5999984741211,10520162
2025-09-05,104.80000305175781,108.69999694824219,103.80000305175781,107.0,16062718
2025-09-08,105.9000015258789,106.5999984741211,103.4000015258789,105.5999984741211,12893157
2025-09-09,105.5999984741211,105.69999694824219,101.69999694824219,102.9000015258789,14856349
2025-09-10,103.30000305175781,103.5,101.0,102.69999694824219,12170993
2025-09-11,102.69999694824219,105.30000305175781,100.80000305175781,101.0,17141091
2025-09-12,100.9000015258789,102.0999984741211,99.4000015258789,100.80000305175781,14017198
2025-09-15,100.5,106.5,98.4000015258789,105.30000305175781,24524276
2025-09-16,106.5999984741211,108.4000015258789,105.80000305175781,108.4000015258789,15358705
2025-09-17,108.80000305175781,109.5,104.5999984741211,105.0,16236947
2025-09-18,105.4000015258789,106.5,103.5,104.0999984741211,17536361
2025-09-19,104.30000305175781,105.9000015258789,102.9000015258789,105.80000305175781,15779130
2025-09-22,110.0,110.0,105.0,105.0999984741211,19156951
2025-09-23,104.30000305175781,104.30000305175781,101.30000305175781,101.69999694824219,14905430
2025-09-24,102.0,102.4000015258789,99.9000015258789,101.0,12136103
2025-09-25,102.19999694824219,103.5,101.69999694824219,103.0999984741211,15049014
2025-09-26,102.9000015258789,103.69999694824219,100.5,100.69999694824219,15927208
2025-09-29,100.5999984741211,102.30000305175781,99.19999694824219,99.4000015258789,12156847
2025-09-30,99.5999984741211,100.30000305175781,97.5999984741211,99.05000305175781,15693359
2025-10-01,99.05000305175781,101.5,97.0,100.30000305175781,21962925
2025-10-02,100.30000305175781,101.19999694824219,98.9000015258789,99.9000015258789,13756295
2025-10-03,100.5,100.69999694824219,98.69999694824219,98.80000305175781,13134473
2025-10-06,98.80000305175781,99.19999694824219,96.44999694824219,96.55000305175781,12975491
2025-10-07,96.55000305175781,98.1500015258789,96.25,97.3499984741211,14474506
2025-10-08,97.3499984741211,98.5,95.75,95.9000015258789,14235527
2025-10-09,96.80000305175781,97.5999984741211,93.25,94.05000305175781,14283582
2025-10-10,94.1500015258789,94.55000305175781,93.19999694824219,93.55000305175781,13663388
2025-10-13,92.4000015258789,94.44999694824219,91.0,92.6500015258789,17438694
2025-10-14,92.5999984741211,93.44999694824219,91.44999694824219,92.44999694824219,12074791
2025-10-15,92.44999694824219,92.69999694824219,90.4000015258789,91.75,16939727
2025-10-16,91.75,92.19999694824219,89.80000305175781,90.55000305175781,16762827
2025-10-17,90.1500015258789,94.19999694824219,89.69999694824219,92.80000305175781,19673186
2025-10-20,92.80000305175781,97.30000305175781,92.55000305175781,96.5,19549592
2025-10-21,98.25,98.8499984741211,96.69999694824219,98.0,17719239
2025-10-22,98.80000305175781,99.8499984741211,97.05000305175781,97.69999694824219,16764548
2025-10-23,97.55000305175781,98.55000305175781,96.3499984741211,96.94999694824219,15185047
2025-10-24,98.0,101.9000015258789,96.9000015258789,100.0,30668408
2025-10-27,100.0,100.0,97.3499984741211,98.3499984741211,14599604
2025-10-28,98.3499984741211,98.55000305175781,97.0999984741211,97.5,7150507
2025-10-30,97.5,97.69999694824219,95.8499984741211,96.25,11151178
2025-10-31,97.0,100.4000015258789,96.69999694824219,99.25,25897595
2025-11-03,99.4000015258789,101.80000305175781,99.4000015258789,100.0999984741211,13022631
2025-11-04,100.0999984741211,100.5999984741211,97.4000015258789,98.5,12807446
2025-11-05,98.5,99.80000305175781,97.4000015258789,99.30000305175781,13749181
2025-11-06,101.0,101.4000015258789,97.4000015258789,97.9000015258789,20899881
2025-11-07,97.9000015258789,97.9000015258789,94.9000015258789,97.0999984741211,17546214
2025-11-10,97.30000305175781,98.94999694824219,96.44999694824219,96.44999694824219,17111313
2025-11-11,96.5,97.8499984741211,93.5,94.4000015258789,22344573
2025-11-12,95.0,95.94999694824219,94.25,94.3499984741211,10601542
2025-11-13,94.80000305175781,95.30000305175781,93.5,94.69999694824219,10807019
2025-11-14,94.19999694824219,94.69999694824219,92.69999694824219,94.69999694824219,8711132
2025-11-17,95.1500015258789,95.80000305175781,93.75,94.5999984741211,13170438
2025-11-18,94.5,95.30000305175781,93.44999694824219,94.19999694824219,11276808
2025-11-19,94.55000305175781,95.80000305175781,93.75,95.05000305175781,14509351
2025-11-20,95.5,95.9000015258789,94.6500015258789,95.44999694824219,10480946
2025-11-21,95.0,95.0,93.3499984741211,94.05000305175781,10851043
2025-11-24,93.8499984741211,94.19999694824219,93.05000305175781,94.19999694824219,12852808
2025-11-25,94.30000305175781,95.80000305175781,93.80000305175781,94.44999694824219,13316484
2025-11-26,94.9000015258789,95.75,94.3499984741211,95.0,12834067
2025-11-27,95.44999694824219,96.55000305175781,95.05000305175781,95.1500015258789,15188501
2025-11-28,95.19999694824219,96.05000305175781,94.25,94.5999984741211,11820595
2025-12-01,94.5999984741211,96.75,94.05000305175781,96.6500015258789,19472039
2025-12-02,96.69999694824219,99.0,96.25,98.19999694824219,26118744
2025-12-03,93.80000305175781,93.80000305175781,90.19999694824219,90.19999694824219,31288317
2025-12-04,90.3499984741211,90.8499984741211,89.8499984741211,90.3499984741211,13795142
2025-12-05,90.4000015258789,93.05000305175781,90.19999694824219,90.80000305175781,24452112
2025-12-08,91.0999984741211,93.25,91.0999984741211,92.25,20096529
2025-12-09,92.5,92.94999694824219,90.6500015258789,91.3499984741211,14791581
2025-12-10,91.4000015258789,92.05000305175781,90.3499984741211,90.5,16845037
2025-12-11,90.69999694824219,94.19999694824219,90.69999694824219,93.6500015258789,26615299
2025-12-12,94.80000305175781,97.0999984741211,94.1500015258789,96.9000015258789,22877575
2025-12-15,97.0,99.9000015258789,96.5,99.30000305175781,19229964
2025-12-16,99.25,99.25,97.19999694824219,97.4000015258789,13308144
2025-12-17,97.4000015258789,97.9000015258789,96.05000305175781,97.25,10962136
2025-12-18,97.25,97.25,95.0999984741211,96.05000305175781,16444112
2025-12-19,96.05000305175781,96.1500015258789,94.6500015258789,95.3499984741211,12706645
2025-12-22,95.75,96.0,94.5,94.5,9779905
2025-12-23,94.44999694824219,95.4000015258789,93.9000015258789,94.44999694824219,10724916
2025-12-24,94.25,95.69999694824219,93.80000305175781,95.44999694824219,9637712
2025-12-25,95.69999694824219,96.1500015258789,95.0,95.0999984741211,4525227
2025-12-26,95.0999984741211,95.1500015258789,93.8499984741211,94.30000305175781,7919876
2025-12-29,94.30000305175781,94.4000015258789,90.94999694824219,91.05000305175781,14775405
2025-12-30,91.1500015258789,92.80000305175781,90.75,92.6500015258789,15516418
2025-12-31,92.6500015258789,93.5,92.30000305175781,92.6500015258789,9173654
2026-01-02,92.9000015258789,95.5999984741211,92.80000305175781,95.5999984741211,11143630
2026-01-05,95.5999984741211,96.8499984741211,94.6500015258789,96.19999694824219,16664893
2026-01-06,96.30000305175781,98.3499984741211,96.0,98.25,18203266
2026-01-07,99.1500015258789,99.25,97.05000305175781,97.55000305175781,16924475
2026-01-08,97.55000305175781,98.5,96.0999984741211,98.0999984741211,15482817
2026-01-09,98.55000305175781,99.5999984741211,97.69999694824219,98.44999694824219,16609632
2026-01-12,98.5,99.69999694824219,97.8499984741211,98.80000305175781,19155230
2026-01-13,98.75,101.4000015258789,98.19999694824219,100.9000015258789,26670413
2026-01-14,101.4000015258789,104.0,100.4000015258789,101.5999984741211,23310211
2026-01-15,101.5,105.30000305175781,100.4000015258789,104.30000305175781,25501044
2026-01-16,104.5,107.69999694824219,103.5,105.4000015258789,23559661
2026-01-19,106.0,106.69999694824219,103.5,103.69999694824219,16678453
2026-01-20,103.4000015258789,104.30000305175781,102.30000305175781,103.0,13606014
2026-01-21,103.0,104.30000305175781,100.9000015258789,103.0999984741211,16829441
2026-01-22,104.0999984741211,105.0,102.19999694824219,103.9000015258789,18249970
2026-01-23,104.5999984741211,106.0,104.5999984741211,105.0999984741211,16388543
2026-01-26,104.0999984741211,108.0999984741211,103.5999984741211,107.80000305175781,21764383
2026-01-27,109.9000015258789,112.0,107.9000015258789,109.19999694824219,30433473
2026-01-28,109.9000015258789,110.69999694824219,108.30000305175781,110.30000305175781,24065255
2026-01-29,112.0,113.30000305175781,110.4000015258789,112.0999984741211,23141852
2026-01-30,112.80000305175781,115.5,110.9000015258789,113.69999694824219,28055221
2026-02-02,112.69999694824219,115.5,111.0999984741211,113.80000305175781,27580196
2026-02-03,114.5999984741211,117.4000015258789,114.30000305175781,116.5,24195365
2026-02-04,117.0999984741211,117.4000015258789,115.19999694824219,115.80000305175781,16417015
2026-02-05,115.80000305175781,118.19999694824219,114.69999694824219,115.19999694824219,20186149
2026-02-06,114.9000015258789,117.30000305175781,114.4000015258789,115.69999694824219,18213099
2026-02-09,116.80000305175781,120.30000305175781,116.19999694824219,119.4000015258789,23719238
2026-02-10,118.0,118.4000015258789,115.30000305175781,115.9000015258789,29452264
2026-02-11,115.0,121.0,114.0999984741211,120.19999694824219,26262678
2026-02-12,120.30000305175781,127.19999694824219,119.9000015258789,127.19999694824219,20866029
2026-02-13,127.4000015258789,129.0,126.0,129.0,14641188
2026-02-16,131.0,135.39999389648438,130.0,134.3000030517578,25437506
2026-02-17,134.0,134.0,127.80000305175781,127.80000305175781,24247700
2026-02-18,128.1999969482422,128.60000610351562,123.30000305175781,123.9000015258789,24942007
2026-02-19,125.0999984741211,125.19999694824219,119.80000305175781,120.80000305175781,20531683
2026-02-20,120.80000305175781,121.69999694824219,119.69999694824219,121.30000305175781,12234686
2026-02-23,123.5,123.9000015258789,119.69999694824219,120.5999984741211,19620689
2026-02-24,120.0,120.30000305175781,118.0999984741211,119.5999984741211,11239165
2026-02-25,120.30000305175781,121.0,117.0999984741211,117.0999984741211,11549630
2026-02-26,117.0999984741211,119.5,116.0999984741211,118.5999984741211,11811512
2026-02-27,118.5999984741211,119.5999984741211,113.5999984741211,115.9000015258789,20584615
2026-03-02,106.4000015258789,112.9000015258789,106.30000305175781,111.69999694824219,12792189
2026-03-03,111.5,112.9000015258789,108.4000015258789,108.5,9127332
2026-03-04,108.5,109.19999694824219,105.69999694824219,107.80000305175781,14707685
2026-03-05,112.19999694824219,113.0,109.4000015258789,111.4000015258789,11061522
2026-03-06,110.80000305175781,111.69999694824219,108.0,108.5,9780415
2026-03-09,105.69999694824219,109.0,104.19999694824219,108.9000015258789,12365452
2026-03-10,112.5999984741211,112.9000015258789,109.30000305175781,112.0999984741211,19430184
2026-03-11,111.69999694824219,113.19999694824219,110.5999984741211,111.5999984741211,12361125
2026-03-12,111.19999694824219,113.80000305175781,110.69999694824219,112.0,12887941
2026-03-13,111.69999694824219,111.80000305175781,108.0999984741211,109.69999694824219,11431831
2026-03-16,108.30000305175781,108.30000305175781,104.80000305175781,105.5999984741211,7014624
2026-03-17,107.0999984741211,108.19999694824219,104.9000015258789,107.9000015258789,8779332
2026-03-18,108.9000015258789,109.4000015258789,105.5999984741211,105.69999694824219,8836224
2026-03-19,105.4000015258789,109.80000305175781,104.5,109.80000305175781,5828486
2026-03-23,107.5999984741211,108.9000015258789,102.0,108.9000015258789,20577527
2026-03-24,107.0,107.19999694824219,104.19999694824219,104.19999694824219,9155385
2026-03-25,106.0,106.9000015258789,104.5999984741211,104.5999984741211,9534607
2026-03-26,104.5999984741211,105.4000015258789,102.69999694824219,102.69999694824219,6551435
2026-03-27,103.0999984741211,103.9000015258789,102.0,103.80000305175781,5790049
2026-03-30,103.0,103.30000305175781,100.0,100.0,9007723
2026-03-31,100.30000305175781,102.80000305175781,99.25,101.0999984741211,16038889
2026-04-01,103.5,103.9000015258789,101.80000305175781,102.5,8554914
2026-04-02,101.0,101.4000015258789,100.0,100.69999694824219,9273155
2026-04-03,100.9000015258789,101.4000015258789,99.5999984741211,99.5999984741211,8412158
2026-04-06,99.5999984741211,101.0,99.4000015258789,100.4000015258789,8428115
2026-04-07,100.0999984741211,100.5,96.55000305175781,96.69999694824219,15131398
2026-04-08,101.5,102.9000015258789,100.5,101.80000305175781,24371970
2026-04-09,101.0999984741211,102.80000305175781,100.80000305175781,102.19999694824219,17776135
2026-04-10,103.0,105.30000305175781,102.30000305175781,105.30000305175781,18845923
2026-04-13,106.0,106.30000305175781,104.19999694824219,104.9000015258789,23746054
2026-04-14,106.0,107.5999984741211,104.0999984741211,106.0999984741211,25658021
2026-04-15,107.0,108.0999984741211,106.30000305175781,106.80000305175781,15993938
2026-04-16,107.69999694824219,109.19999694824219,105.5,105.9000015258789,15347554
2026-04-17,106.30000305175781,109.30000305175781,104.30000305175781,109.30000305175781,23426487
2026-04-20,107.30000305175781,108.9000015258789,106.4000015258789,107.5,13291780
2026-04-21,107.80000305175781,108.30000305175781,103.4000015258789,103.5,18703841
2026-04-22,103.69999694824219,104.30000305175781,100.9000015258789,102.30000305175781,17534011
2026-04-24,102.30000305175781,105.80000305175781,102.0999984741211,104.5,28419060
2026-04-27,104.9000015258789,105.30000305175781,102.19999694824219,102.5999984741211,17923899
2026-04-28,102.4000015258789,102.69999694824219,99.0,99.1500015258789,17993585
2026-04-29,99.5999984741211,100.5,98.05000305175781,98.05000305175781,14001184
2026-04-30,98.0999984741211,99.25,97.5,98.0,15950299
2026-05-04,98.55000305175781,98.94999694824219,95.8499984741211,96.0,17224809
2026-05-05,96.05000305175781,98.55000305175781,95.6500015258789,98.05000305175781,21241367
2026-05-06,99.0,99.80000305175781,97.44999694824219,99.0,40692044
2026-05-07,99.4000015258789,99.9000015258789,98.5999984741211,98.9000015258789,24442411
2026-05-08,98.9000015258789,98.94999694824219,97.0999984741211,97.5,27707789
2026-05-11,97.5,98.0,96.30000305175781,97.0,27754998
2026-05-12,97.0,97.30000305175781,94.0,94.0999984741211,19341242
2026-05-13,94.1500015258789,94.30000305175781,91.05000305175781,93.44999694824219,31411999
2026-05-14,93.55000305175781,94.9000015258789,92.80000305175781,93.44999694824219,17732807
2026-05-15,92.80000305175781,92.8499984741211,90.75,91.44999694824219,19519846
2026-05-18,91.3499984741211,91.3499984741211,87.3499984741211,87.3499984741211,40638833
2026-05-20,87.3499984741211,87.3499984741211,85.44999694824219,86.6500015258789,41170289
2026-05-21,86.6500015258789,87.05000305175781,82.3499984741211,82.3499984741211,35428002
2026-05-22,82.3499984741211,87.6500015258789,81.6500015258789,86.8499984741211,38740356
2026-05-25,87.3499984741211,87.80000305175781,86.30000305175781,87.5999984741211,26997836
2026-05-26,87.4000015258789,87.69999694824219,84.1500015258789,84.1500015258789,59931400
2026-05-27,84.1500015258789,84.1500015258789,84.1500015258789,84.1500015258789,0
2026-05-28,84.1500015258789,84.1500015258789,84.1500015258789,84.1500015258789,0
2026-05-29,84.1500015258789,84.1500015258789,84.1500015258789,84.1500015258789,0
2026-06-01,84.1500015258789,86.8499984741211,82.4000015258789,85.19999694824219,67372598
2026-06-02,87.0,88.9000015258789,86.80000305175781,88.9000015258789,37596911
2026-06-03,88.75,90.30000305175781,87.69999694824219,88.94999694824219,38219458
2026-06-04,89.5999984741211,90.6500015258789,87.25,88.5999984741211,30791943
2026-06-05,88.75,89.19999694824219,85.8499984741211,86.19999694824219,28866001
2026-06-08,85.05000305175781,87.19999694824219,84.4000015258789,87.0999984741211,30952555
2026-06-09,87.0,88.05000305175781,86.19999694824219,86.30000305175781,23534616
2026-06-10,86.19999694824219,87.94999694824219,85.80000305175781,87.44999694824219,22402048
2026-06-11,87.19999694824219,87.9000015258789,85.25,86.55000305175781,22312335
2026-06-12,87.6500015258789,89.30000305175781,85.9000015258789,86.69999694824219,32243663
2026-06-15,89.30000305175781,90.55000305175781,88.44999694824219,90.0999984741211,31868672
2026-06-16,90.0999984741211,92.30000305175781,89.75,91.30000305175781,27787405
2026-06-17,91.75,92.05000305175781,89.05000305175781,89.55000305175781,18556358
2026-06-18,89.9000015258789,91.9000015258789,89.19999694824219,91.8499984741211,22271579
2026-06-19,90.9000015258789,91.5999984741211,90.0,91.0999984741211,19820469
2026-06-22,91.1500015258789,91.5,89.80000305175781,89.8499984741211,14694710
2026-06-23,89.80000305175781,89.80000305175781,87.5,87.94999694824219,15845451
2026-06-24,88.0,88.19999694824219,86.44999694824219,86.44999694824219,13113314
2026-06-25,87.05000305175781,87.80000305175781,86.3499984741211,86.3499984741211,17171583
2026-06-26,86.4000015258789,86.8499984741211,85.69999694824219,86.25,12593147
2026-06-29,86.3499984741211,86.5999984741211,85.19999694824219,85.44999694824219,18611135
2026-06-30,85.5999984741211,86.1500015258789,84.25,84.55000305175781,24437865
2026-07-01,84.55000305175781,85.94999694824219,83.6500015258789,85.19999694824219,22496821
2026-07-02,85.25,85.55000305175781,83.4000015258789,83.69999694824219,24167122
2026-07-03,83.9000015258789,84.4000015258789,83.4000015258789,83.75,15526034
2026-07-06,83.94999694824219,84.4000015258789,81.75,82.0,23729218
2026-07-07,82.0,83.94999694824219,81.75,83.0,20884412
2026-07-08,82.5,82.55000305175781,80.69999694824219,80.80000305175781,21793775
2026-07-09,81.25,81.55000305175781,80.3499984741211,80.8499984741211,14057680
2026-07-10,80.8499984741211,82.0999984741211,80.69999694824219,81.80000305175781,20503404
2026-07-13,81.80000305175781,82.75,81.30000305175781,81.55000305175781,21213463
2026-07-14,81.30000305175781,81.5999984741211,80.0999984741211,81.05000305175781,21887441
2026-07-16,81.0999984741211,84.8499984741211,81.0999984741211,84.4000015258789,25749880
2026-07-17,84.4000015258789,84.75,83.3499984741211,83.5999984741211,20984907
2026-07-20,83.69999694824219,83.80000305175781,82.19999694824219,82.6500015258789,20624787
2026-07-21,82.9000015258789,83.05000305175781,80.75,81.0999984741211,21467750
2026-07-22,81.19999694824219,82.05000305175781,80.69999694824219,81.44999694824219,18288072
2026-07-23,81.44999694824219,81.8499984741211,79.25,79.4000015258789,27339404
2026-07-24,79.44999694824219,79.6500015258789,78.44999694824219,79.0,19851158
2026-07-27,79.5,80.19999694824219,77.75,78.25,24814701
2026-07-28,78.0,78.5,77.19999694824219,77.55000305175781,22782980
2026-07-29,77.5,78.05000305175781,75.8499984741211,76.0999984741211,24287929
2026-07-30,76.0999984741211,78.05000305175781,75.05000305175781,76.69999694824219,27627484
2026-07-31,76.9000015258789,80.1500015258789,76.9000015258789,80.0999984741211,24403582
2026-08-03,80.6500015258789,80.8499984741211,78.5999984741211,79.05000305175781,18006739
2026-08-04,79.05000305175781,80.6500015258789,78.4000015258789,80.55000305175781,19147643
2026-08-05,80.4000015258789,81.4000015258789,78.6500015258789,80.44999694824219,30305635
2026-08-06,80.75,80.8499984741211,78.3499984741211,78.5999984741211,26647289
2026-08-07,78.5999984741211,78.94999694824219,77.05000305175781,78.0999984741211,20577396
2026-08-10,78.1500015258789,78.80000305175781,77.1500015258789,77.4000015258789,21253759
2026-08-11,77.4000015258789,79.55000305175781,75.75,78.8499984741211,29836254
2026-08-12,78.8499984741211,80.4000015258789,78.25,79.75,24255699
2026-08-13,79.9000015258789,80.0999984741211,79.05000305175781,79.69999694824219,20045443
2026-08-14,79.94999694824219,80.69999694824219,78.80000305175781,79.0999984741211,17683196
2026-08-17,79.19999694824219,79.94999694824219,78.55000305175781,79.0,19627476
2026-08-18,79.0,79.80000305175781,78.19999694824219,78.9000015258789,17401053
2026-08-19,78.75,79.9000015258789,78.5999984741211,79.3499984741211,18794362
2026-08-20,79.6500015258789,80.1500015258789,78.9000015258789,79.5999984741211,18109883
2026-08-21,79.69999694824219,81.19999694824219,79.6500015258789,80.19999694824219,22375825
2026-08-24,81.1500015258789,81.69999694824219,79.8499984741211,80.0999984741211,17992795
2026-08-25,80.19999694824219,80.30000305175781,78.0,78.5999984741211,20985685
2026-08-26,78.75,80.9000015258789,78.75,79.55000305175781,21924183
2026-08-27,79.6500015258789,80.5,78.3499984741211,78.44999694824219,18441047
2026-08-28,78.55000305175781,78.9000015258789,78.05000305175781,78.4000015258789,14591088
2026-08-31,78.4000015258789,78.69999694824219,76.3499984741211,76.94999694824219,32074283
2026-09-01,77.1500015258789,78.6500015258789,77.0999984741211,77.25,16983551
2026-09-02,76.9000015258789,76.9000015258789,75.4000015258789,76.25,15737443
2026-09-03,76.75,77.30000305175781,75.5999984741211,75.6500015258789,14950254
2026-09-04,75.80000305175781,77.4000015258789,75.69999694824219,77.19999694824219,15013935
2026-09-08,79.80000305175781,82.80000305175781,79.5,82.80000305175781,34195786
2026-09-09,83.0,84.8499984741211,81.75,83.94999694824219,28846745
2026-09-10,84.05000305175781,84.30000305175781,81.44999694824219,81.9000015258789,21285663
2026-09-11,81.9000015258789,83.5,81.4000015258789,82.8499984741211,18320498
2026-09-14,82.6500015258789,83.75,81.6500015258789,81.75,14700697
2026-09-15,81.80000305175781,82.19999694824219,78.4000015258789,78.4000015258789,23105455
2026-09-16,78.5,78.8499984741211,72.05000305175781,74.6500015258789,41850447
