Date,Open,High,Low,Close,Volume
2021-09-17,9.59000015258789,9.600000381469727,9.359999656677246,9.390000343322754,152127066
2021-09-20,9.300000190734863,9.329999923706055,9.069999694824219,9.079999923706055,139936918
2021-09-21,9.180000305175781,9.25,9.109999656677246,9.180000305175781,149526413
2021-09-22,9.229999542236328,9.479999542236328,9.229999542236328,9.479999542236328,139181718
2021-09-23,9.539999961853027,9.5600004196167,9.170000076293945,9.180000305175781,354905496
2021-09-24,9.119999885559082,9.130000114440918,8.779999732971191,8.819999694824219,239336274
2021-09-27,8.899999618530273,8.949999809265137,8.800000190734863,8.920000076293945,166162952
2021-09-28,8.880000114440918,8.9399995803833,8.8100004196167,8.84000015258789,159299932
2021-09-29,8.899999618530273,9.079999923706055,8.899999618530273,9.0600004196167,187861646
2021-09-30,9.079999923706055,9.260000228881836,8.970000267028809,9.239999771118164,249317224
2021-10-01,9.170000076293945,9.300000190734863,9.149999618530273,9.279999732971191,164277487
2021-10-04,9.289999961853027,9.390000343322754,9.220000267028809,9.220000267028809,164612907
2021-10-05,9.229999542236328,9.3100004196167,9.15999984741211,9.279999732971191,162815555
2021-10-06,9.229999542236328,9.3100004196167,9.130000114440918,9.220000267028809,154556172
2021-10-07,9.350000381469727,9.420000076293945,9.270000457763672,9.390000343322754,177561053
2021-10-08,9.390000343322754,9.460000038146973,9.279999732971191,9.300000190734863,161841619
2021-10-11,9.329999923706055,9.470000267028809,9.319999694824219,9.4399995803833,144311226
2021-10-12,9.399999618530273,9.579999923706055,9.369999885559082,9.5,192434349
2021-10-13,9.539999961853027,9.550000190734863,9.329999923706055,9.380000114440918,161036717
2021-10-14,9.34000015258789,9.420000076293945,9.25,9.260000228881836,158680320
2021-10-15,9.300000190734863,9.319999694824219,8.890000343322754,8.930000305175781,329506686
2021-10-18,8.9399995803833,8.949999809265137,8.75,8.800000190734863,240099859
2021-10-19,8.859999656677246,9.069999694824219,8.859999656677246,9.029999732971191,203568437
2021-10-20,9.020000457763672,9.149999618530273,8.949999809265137,9.109999656677246,198220752
2021-10-21,9.109999656677246,9.220000267028809,8.859999656677246,8.989999771118164,478944606
2021-10-22,9.029999732971191,9.180000305175781,8.970000267028809,9.119999885559082,376782530
2021-10-25,9.010000228881836,9.140000343322754,8.949999809265137,9.079999923706055,426474663
2021-10-26,9.119999885559082,9.300000190734863,9.119999885559082,9.239999771118164,272365102
2021-10-27,9.289999961853027,9.579999923706055,9.260000228881836,9.5600004196167,306391488
2021-10-28,9.5600004196167,9.850000381469727,9.470000267028809,9.850000381469727,196122762
2021-11-01,9.899999618530273,10.15999984741211,9.84000015258789,10.130000114440918,270286644
2021-11-02,10.15999984741211,10.329999923706055,10.09000015258789,10.15999984741211,340278304
2021-11-03,10.130000114440918,10.399999618530273,9.65999984741211,10.380000114440918,447246852
2021-11-04,10.550000190734863,10.619999885559082,10.4399995803833,10.449999809265137,252085325
2021-11-05,10.449999809265137,10.65999984741211,10.380000114440918,10.609999656677246,299894438
2021-11-08,10.649999618530273,10.8100004196167,10.550000190734863,10.779999732971191,295234195
2021-11-09,10.75,10.899999618530273,10.579999923706055,10.579999923706055,319142683
2021-11-10,10.579999923706055,10.819999694824219,10.550000190734863,10.729999542236328,349619162
2021-11-11,10.670000076293945,10.779999732971191,10.489999771118164,10.600000381469727,331517127
2021-11-12,10.649999618530273,10.6899995803833,10.539999961853027,10.579999923706055,186583443
2021-11-15,11.630000114440918,11.630000114440918,11.630000114440918,11.630000114440918,14837964
2021-11-16,12.220000267028809,12.5,12.050000190734863,12.069999694824219,332518764
2021-11-17,12.079999923706055,12.119999885559082,11.890000343322754,11.899999618530273,238391959
2021-11-18,11.90999984741211,12.539999961853027,11.850000381469727,12.239999771118164,585903143
2021-11-19,12.260000228881836,12.319999694824219,12.050000190734863,12.050000190734863,178007663
2021-11-22,12.140000343322754,12.170000076293945,11.920000076293945,11.9399995803833,150631736
2021-11-23,11.9399995803833,12.010000228881836,11.5600004196167,11.569999694824219,397787117
2021-11-24,11.65999984741211,11.90999984741211,11.630000114440918,11.829999923706055,420541692
2021-11-25,11.869999885559082,11.890000343322754,11.720000267028809,11.739999771118164,163524304
2021-11-26,11.649999618530273,11.649999618530273,11.399999618530273,11.4399995803833,169002203
2021-11-29,11.470000267028809,11.520000457763672,11.359999656677246,11.399999618530273,185822456
2021-11-30,11.359999656677246,11.579999923706055,11.359999656677246,11.420000076293945,245035471
2021-12-01,11.5,11.789999961853027,11.489999771118164,11.640000343322754,334426883
2021-12-02,11.680000305175781,11.729999542236328,11.630000114440918,11.649999618530273,169697906
2021-12-03,11.680000305175781,11.75,11.640000343322754,11.65999984741211,150813859
2021-12-06,11.6899995803833,11.890000343322754,11.640000343322754,11.84000015258789,248004252
2021-12-07,11.949999809265137,11.960000038146973,11.770000457763672,11.829999923706055,251790326
2021-12-08,11.880000114440918,12.029999732971191,11.859999656677246,11.979999542236328,410614582
2021-12-09,12.0,12.050000190734863,11.850000381469727,11.859999656677246,277325529
2021-12-10,11.859999656677246,11.880000114440918,11.680000305175781,11.729999542236328,151096196
2021-12-13,11.729999542236328,12.039999961853027,11.609999656677246,11.920000076293945,330074543
2021-12-14,11.949999809265137,12.40999984741211,11.930000305175781,12.15999984741211,678063044
2021-12-15,12.319999694824219,12.380000114440918,11.979999542236328,11.989999771118164,348352820
2021-12-16,12.079999923706055,12.430000305175781,12.039999961853027,12.40999984741211,374121222
2021-12-17,12.550000190734863,13.579999923706055,11.40999984741211,11.630000114440918,656202412
2021-12-20,11.399999618530273,11.9399995803833,10.880000114440918,11.579999923706055,285157157
2021-12-21,12.34000015258789,12.380000114440918,10.989999771118164,11.380000114440918,500717974
2021-12-22,11.130000114440918,12.010000228881836,11.130000114440918,11.880000114440918,444475907
2021-12-23,12.029999732971191,12.079999923706055,11.609999656677246,11.739999771118164,343875872
2021-12-24,11.739999771118164,11.770000457763672,11.630000114440918,11.720000267028809,151162138
2021-12-27,11.720000267028809,11.829999923706055,11.670000076293945,11.670000076293945,202712855
2021-12-28,11.649999618530273,11.699999809265137,11.1899995803833,11.239999771118164,182499858
2021-12-29,11.199999809265137,11.510000228881836,11.140000343322754,11.4399995803833,162409388
2021-12-30,11.470000267028809,11.65999984741211,11.430000305175781,11.460000038146973,235220932
2021-12-31,11.399999618530273,11.449999809265137,11.199999809265137,11.270000457763672,140695710
2022-01-03,11.289999961853027,11.539999961853027,11.289999961853027,11.460000038146973,169236298
2022-01-04,11.489999771118164,11.609999656677246,11.329999923706055,11.430000305175781,183862957
2022-01-05,11.430000305175781,11.5,11.40999984741211,11.449999809265137,164659874
2022-01-06,11.380000114440918,11.569999694824219,11.359999656677246,11.479999542236328,223955311
2022-01-07,11.479999542236328,11.779999732971191,11.479999542236328,11.75,388789472
2022-01-10,11.829999923706055,11.920000076293945,11.739999771118164,11.739999771118164,226449293
2022-01-11,11.8100004196167,11.90999984741211,11.680000305175781,11.779999732971191,230410361
2022-01-12,11.869999885559082,11.920000076293945,11.800000190734863,11.850000381469727,166235208
2022-01-13,11.84000015258789,11.949999809265137,11.829999923706055,11.880000114440918,177638969
2022-01-14,11.859999656677246,11.869999885559082,11.739999771118164,11.859999656677246,118345939
2022-01-17,12.020000457763672,12.050000190734863,11.9399995803833,11.989999771118164,206368074
2022-01-18,11.960000038146973,12.109999656677246,11.520000457763672,11.520000457763672,314908728
2022-01-19,11.670000076293945,12.039999961853027,11.649999618530273,12.029999732971191,266284829
2022-01-20,12.069999694824219,12.15999984741211,11.75,11.9399995803833,316515563
2022-01-21,11.899999618530273,11.960000038146973,11.8100004196167,11.930000305175781,156826318
2022-01-24,11.920000076293945,12.069999694824219,11.65999984741211,11.680000305175781,231715124
2022-01-25,11.760000228881836,11.859999656677246,11.680000305175781,11.84000015258789,129484465
2022-01-26,11.850000381469727,11.899999618530273,11.800000190734863,11.819999694824219,86605730
2022-01-27,11.729999542236328,11.920000076293945,11.710000038146973,11.920000076293945,99329314
2022-01-28,11.930000305175781,11.970000267028809,11.770000457763672,11.800000190734863,124394141
2022-01-31,11.869999885559082,11.920000076293945,11.84000015258789,11.90999984741211,133263397
2022-02-01,11.960000038146973,12.069999694824219,11.930000305175781,11.9399995803833,150576827
2022-02-02,12.020000457763672,12.319999694824219,12.020000457763672,12.289999961853027,287602316
2022-02-03,12.100000381469727,12.170000076293945,11.90999984741211,11.9399995803833,156869217
2022-02-04,11.949999809265137,11.970000267028809,11.859999656677246,11.930000305175781,72306695
2022-02-07,11.920000076293945,11.960000038146973,11.8100004196167,11.9399995803833,85793003
2022-02-08,11.930000305175781,12.079999923706055,11.920000076293945,12.0,136183116
2022-02-09,12.050000190734863,12.069999694824219,11.989999771118164,12.029999732971191,100967611
2022-02-10,12.029999732971191,12.069999694824219,11.949999809265137,11.970000267028809,86043561
2022-02-11,11.890000343322754,11.960000038146973,11.819999694824219,11.9399995803833,79761374
2022-02-14,11.850000381469727,11.880000114440918,11.729999542236328,11.8100004196167,86728225
2022-02-15,11.819999694824219,11.960000038146973,11.800000190734863,11.899999618530273,89179142
2022-02-16,11.90999984741211,11.930000305175781,11.819999694824219,11.84000015258789,68067877
2022-02-17,11.869999885559082,11.9399995803833,11.800000190734863,11.800000190734863,115007865
2022-02-18,11.84000015258789,11.859999656677246,11.75,11.84000015258789,64111005
2022-02-21,11.899999618530273,11.920000076293945,11.779999732971191,11.800000190734863,83890434
2022-02-22,11.699999809265137,11.75,11.630000114440918,11.6899995803833,76636086
2022-02-23,11.720000267028809,11.729999542236328,11.630000114440918,11.630000114440918,63342351
2022-02-24,11.100000381469727,11.489999771118164,10.90999984741211,11.010000228881836,191408283
2022-02-25,11.069999694824219,11.449999809265137,11.069999694824219,11.380000114440918,144311434
2022-02-28,11.15999984741211,11.25,11.069999694824219,11.079999923706055,144868945
2022-03-01,11.180000305175781,11.829999923706055,11.180000305175781,11.619999885559082,283856942
2022-03-02,11.65999984741211,11.789999961853027,11.569999694824219,11.619999885559082,111799250
2022-03-03,11.729999542236328,11.850000381469727,11.649999618530273,11.779999732971191,154531936
2022-03-04,11.699999809265137,11.960000038146973,11.630000114440918,11.850000381469727,147460939
2022-03-07,11.850000381469727,11.970000267028809,11.680000305175781,11.75,159389609
2022-03-08,11.720000267028809,11.829999923706055,11.600000381469727,11.600000381469727,206245450
2022-03-09,11.710000038146973,11.869999885559082,11.670000076293945,11.84000015258789,180863274
2022-03-10,11.880000114440918,11.890000343322754,11.6899995803833,11.720000267028809,158601796
2022-03-11,11.6899995803833,11.819999694824219,11.670000076293945,11.770000457763672,174683696
2022-03-14,11.779999732971191,11.890000343322754,11.75,11.859999656677246,146919335
2022-03-15,11.829999923706055,11.979999542236328,11.829999923706055,11.869999885559082,157521445
2022-03-16,11.899999618530273,11.930000305175781,11.850000381469727,11.859999656677246,82785755
2022-03-17,11.899999618530273,11.960000038146973,11.84000015258789,11.859999656677246,254127349
2022-03-18,11.859999656677246,11.880000114440918,11.800000190734863,11.829999923706055,82583750
2022-03-21,11.859999656677246,11.869999885559082,11.800000190734863,11.829999923706055,139554145
2022-03-22,11.829999923706055,11.949999809265137,11.819999694824219,11.930000305175781,167530701
2022-03-23,12.0,12.1899995803833,12.0,12.170000076293945,327815783
2022-03-24,12.119999885559082,12.130000114440918,12.020000457763672,12.050000190734863,157500927
2022-03-25,12.039999961853027,12.149999618530273,12.029999732971191,12.09000015258789,109428624
2022-03-28,12.149999618530273,12.15999984741211,12.100000381469727,12.100000381469727,80986012
2022-03-29,12.109999656677246,12.149999618530273,12.069999694824219,12.109999656677246,126715382
2022-03-30,12.130000114440918,12.220000267028809,12.119999885559082,12.1899995803833,176665611
2022-03-31,12.210000038146973,12.300000190734863,12.130000114440918,12.199999809265137,253516104
2022-04-01,12.300000190734863,12.539999961853027,12.25,12.449999809265137,473620260
2022-04-04,12.5,12.640000343322754,12.390000343322754,12.630000114440918,338196320
2022-04-05,12.630000114440918,12.65999984741211,12.470000267028809,12.489999771118164,265811110
2022-04-06,12.510000228881836,12.5600004196167,12.40999984741211,12.40999984741211,176496101
2022-04-07,12.460000038146973,12.619999885559082,12.4399995803833,12.609999656677246,205647440
2022-04-08,12.720000267028809,13.319999694824219,12.710000038146973,13.300000190734863,423532534
2022-04-11,13.5,13.880000114440918,13.5,13.880000114440918,464147960
2022-04-12,13.819999694824219,13.949999809265137,13.520000457763672,13.729999542236328,351150433
2022-04-13,13.859999656677246,13.880000114440918,13.5,13.640000343322754,271795242
2022-04-14,13.739999771118164,13.770000457763672,13.600000381469727,13.699999809265137,237731524
2022-04-15,13.699999809265137,13.899999618530273,13.59000015258789,13.899999618530273,188436798
2022-04-18,13.930000305175781,14.479999542236328,13.859999656677246,14.420000076293945,290307960
2022-04-19,14.5,14.539999961853027,14.069999694824219,14.180000305175781,256596160
2022-04-20,14.25,14.289999961853027,14.069999694824219,14.1899995803833,183234705
2022-04-21,14.229999542236328,14.529999732971191,14.1899995803833,14.489999771118164,240420804
2022-04-22,14.40999984741211,14.569999694824219,14.079999923706055,14.1899995803833,238288878
2022-04-25,14.989999771118164,14.989999771118164,14.930000305175781,14.970000267028809,244715396
2022-04-26,14.979999542236328,14.989999771118164,14.970000267028809,14.979999542236328,147133884
2022-04-27,14.979999542236328,14.989999771118164,14.970000267028809,14.970000267028809,68650444
2022-04-28,14.989999771118164,15.119999885559082,14.979999542236328,14.979999542236328,157138301
2022-04-29,15.0,15.010000228881836,14.970000267028809,14.979999542236328,124207229
2022-05-05,15.010000228881836,15.020000457763672,14.979999542236328,14.979999542236328,66297040
2022-05-06,14.979999542236328,15.0,14.979999542236328,14.979999542236328,60414429
2022-05-09,14.979999542236328,15.010000228881836,14.979999542236328,14.989999771118164,64845147
2022-05-10,15.0,15.0,14.989999771118164,14.989999771118164,6928697
2022-05-11,14.989999771118164,15.010000228881836,14.979999542236328,14.979999542236328,84540979
2022-05-12,14.989999771118164,15.0,14.979999542236328,14.979999542236328,88840583
2022-05-13,14.989999771118164,15.0,14.979999542236328,14.979999542236328,50210740
2022-05-16,14.979999542236328,14.989999771118164,14.949999809265137,14.970000267028809,146325141
2022-05-17,14.880000114440918,14.989999771118164,14.729999542236328,14.970000267028809,67928310
2022-05-18,14.949999809265137,16.399999618530273,14.890000343322754,15.649999618530273,175313752
2022-05-20,15.550000190734863,17.09000015258789,15.399999618530273,16.25,246624606
2022-05-23,16.420000076293945,16.600000381469727,15.130000114440918,15.170000076293945,269946351
2022-05-24,15.350000381469727,15.460000038146973,14.979999542236328,15.119999885559082,186901833
2022-05-25,15.0,15.0,14.510000228881836,14.75,170996857
2022-05-26,14.729999542236328,14.789999961853027,14.65999984741211,14.65999984741211,92721640
2022-05-27,14.65999984741211,14.6899995803833,14.170000076293945,14.220000267028809,116671258
2022-05-30,14.300000190734863,14.479999542236328,14.279999732971191,14.369999885559082,94665118
2022-05-31,14.430000305175781,14.84000015258789,14.40999984741211,14.550000190734863,132289711
2022-06-01,14.619999885559082,15.210000038146973,14.619999885559082,15.029999732971191,133704673
2022-06-02,15.140000343322754,15.270000457763672,15.020000457763672,15.069999694824219,104831134
2022-06-03,15.119999885559082,15.239999771118164,15.029999732971191,15.0600004196167,88334548
2022-06-06,15.130000114440918,16.200000762939453,15.109999656677246,16.139999389648438,196546662
2022-06-07,16.079999923706055,16.170000076293945,15.579999923706055,15.649999618530273,118952277
2022-06-08,15.75,15.8100004196167,15.140000343322754,15.25,101872611
2022-06-09,15.25,15.430000305175781,15.050000190734863,15.300000190734863,47042819
2022-06-10,15.0,15.779999732971191,15.0,15.319999694824219,105113173
2022-06-13,15.199999809265137,15.399999618530273,15.069999694824219,15.079999923706055,64548094
2022-06-14,15.15999984741211,15.199999809265137,14.899999618530273,15.010000228881836,57730659
2022-06-15,15.0,15.199999809265137,14.84000015258789,14.920000076293945,71275376
2022-06-16,14.960000038146973,14.979999542236328,14.380000114440918,14.449999809265137,59215432
2022-06-17,14.449999809265137,15.100000381469727,14.430000305175781,15.100000381469727,60616834
2022-06-20,15.100000381469727,15.529999732971191,14.949999809265137,15.399999618530273,68281729
2022-06-21,15.420000076293945,15.729999542236328,15.420000076293945,15.619999885559082,55792976
2022-06-22,15.5,15.75,15.390000343322754,15.600000381469727,58444645
2022-06-23,15.699999809265137,15.739999771118164,15.3100004196167,15.380000114440918,55485127
2022-06-24,15.40999984741211,15.470000267028809,15.109999656677246,15.180000305175781,35695815
2022-06-27,14.899999618530273,15.119999885559082,14.84000015258789,14.970000267028809,28853830
2022-06-28,14.930000305175781,15.079999923706055,14.40999984741211,14.5,44201125
2022-06-29,14.399999618530273,14.5600004196167,13.869999885559082,13.880000114440918,50608049
2022-06-30,13.84000015258789,14.109999656677246,13.800000190734863,13.899999618530273,51592050
2022-07-01,13.779999732971191,14.149999618530273,13.779999732971191,14.029999732971191,35170939
2022-07-04,14.140000343322754,14.170000076293945,13.550000190734863,13.550000190734863,30660962
2022-07-05,13.550000190734863,13.850000381469727,13.369999885559082,13.470000267028809,43113628
2022-07-06,13.850000381469727,13.899999618530273,13.569999694824219,13.850000381469727,36713703
2022-07-07,13.880000114440918,14.300000190734863,13.880000114440918,14.25,30451194
2022-07-08,14.199999809265137,14.25,14.029999732971191,14.079999923706055,13477619
2022-07-13,14.100000381469727,14.100000381469727,13.739999771118164,14.0,45053300
2022-07-14,13.949999809265137,14.170000076293945,13.949999809265137,14.119999885559082,28418978
2022-07-18,14.239999771118164,14.84000015258789,14.239999771118164,14.789999961853027,37364528
2022-07-19,14.729999542236328,15.220000267028809,14.600000381469727,15.15999984741211,44091319
2022-07-20,15.180000305175781,15.239999771118164,14.979999542236328,15.140000343322754,36195364
2022-07-21,15.140000343322754,15.34000015258789,15.039999961853027,15.100000381469727,37027952
2022-07-22,15.149999618530273,15.239999771118164,15.010000228881836,15.100000381469727,26414436
2022-07-25,15.140000343322754,15.699999809265137,15.119999885559082,15.649999618530273,52867720
2022-07-26,15.699999809265137,15.84000015258789,15.010000228881836,15.09000015258789,80362522
2022-07-27,15.180000305175781,15.199999809265137,15.039999961853027,15.0600004196167,37775167
2022-07-28,15.15999984741211,15.229999542236328,14.670000076293945,14.6899995803833,49908962
2022-07-29,14.699999809265137,14.739999771118164,14.460000038146973,14.520000457763672,75303231
2022-08-01,14.520000457763672,14.75,14.520000457763672,14.710000038146973,48572203
2022-08-02,14.770000457763672,14.890000343322754,14.59000015258789,14.680000305175781,60548242
2022-08-03,14.720000267028809,14.869999885559082,14.640000343322754,14.84000015258789,53636349
2022-08-04,14.960000038146973,15.199999809265137,14.960000038146973,15.199999809265137,66624734
2022-08-05,15.25,16.0,15.170000076293945,15.680000305175781,114903911
2022-08-08,15.779999732971191,15.859999656677246,15.550000190734863,15.760000228881836,64711911
2022-08-09,15.649999618530273,16.149999618530273,15.510000228881836,16.030000686645508,59428986
2022-08-10,15.949999809265137,16.959999084472656,15.949999809265137,16.700000762939453,115748580
2022-08-11,16.84000015258789,18.1299991607666,16.790000915527344,18.06999969482422,119634415
2022-08-12,18.079999923706055,18.3700008392334,17.6200008392334,17.75,90737188
2022-08-15,17.81999969482422,18.540000915527344,17.719999313354492,18.299999237060547,91972334
2022-08-16,18.3799991607666,19.43000030517578,17.809999465942383,19.299999237060547,129620204
2022-08-17,19.3799991607666,21.219999313354492,19.31999969482422,21.219999313354492,137487518
2022-08-18,21.219999313354492,22.15999984741211,20.399999618530273,20.979999542236328,207886626
2022-08-19,21.020000457763672,21.200000762939453,20.239999771118164,20.420000076293945,87484424
2022-08-22,20.360000610351562,21.360000610351562,19.989999771118164,21.0,102007289
2022-08-23,21.100000381469727,23.100000381469727,20.979999542236328,23.079999923706055,129288031
2022-08-24,23.299999237060547,24.200000762939453,22.700000762939453,23.420000076293945,159495395
2022-08-25,23.639999389648438,25.760000228881836,23.520000457763672,25.760000228881836,131088051
2022-08-26,26.18000030517578,27.540000915527344,24.8799991607666,25.0,219306674
2022-08-29,25.100000381469727,25.399999618530273,23.940000534057617,24.219999313354492,142864485
2022-08-31,24.239999771118164,24.260000228881836,23.0,23.0,208928827
2022-09-01,23.020000457763672,23.639999389648438,22.15999984741211,22.719999313354492,232879038
2022-09-02,22.979999542236328,24.700000762939453,22.579999923706055,24.3799991607666,272345843
2022-09-05,24.399999618530273,25.920000076293945,24.239999771118164,25.299999237060547,295044278
2022-09-06,25.65999984741211,26.799999237060547,24.399999618530273,25.8799991607666,312515155
2022-09-07,25.84000015258789,26.399999618530273,24.100000381469727,24.100000381469727,142165759
2022-09-08,24.5,25.31999969482422,23.65999984741211,23.799999237060547,218924306
2022-09-09,24.0,26.18000030517578,24.0,26.18000030517578,113799174
2022-09-12,28.15999984741211,28.780000686645508,27.34000015258789,28.780000686645508,66068460
2022-09-13,30.479999542236328,31.639999389648438,29.559999465942383,29.559999465942383,156835785
2022-09-14,29.899999618530273,30.5,26.6200008392334,26.6200008392334,85616266
2022-09-15,26.34000015258789,27.700000762939453,23.959999084472656,23.959999084472656,72019922
2022-09-16,21.579999923706055,22.540000915527344,21.579999923706055,21.780000686645508,217060856
2022-09-19,20.579999923706055,20.899999618530273,19.610000610351562,19.610000610351562,203982271
2022-09-20,20.399999618530273,20.5,18.440000534057617,20.139999389648438,229477436
2022-09-21,19.920000076293945,20.420000076293945,19.25,19.25,139656425
2022-09-22,19.229999542236328,19.68000030517578,18.920000076293945,19.15999984741211,127296386
2022-09-23,19.15999984741211,19.43000030517578,18.610000610351562,18.610000610351562,69821010
2022-09-26,18.350000381469727,19.31999969482422,17.780000686645508,19.270000457763672,101239661
2022-09-27,19.270000457763672,20.5,19.040000915527344,19.6200008392334,171140065
2022-09-28,19.520000457763672,20.219999313354492,19.229999542236328,19.25,123609769
2022-09-29,19.350000381469727,19.829999923706055,18.389999389648438,18.799999237060547,107761258
2022-09-30,18.81999969482422,19.68000030517578,18.729999542236328,19.43000030517578,87092798
2022-10-03,19.450000762939453,21.360000610351562,19.3799991607666,21.360000610351562,105478490
2022-10-04,21.979999542236328,22.520000457763672,21.15999984741211,21.260000228881836,139438228
2022-10-05,21.5,21.579999923706055,20.459999084472656,20.700000762939453,81661547
2022-10-06,21.0,21.34000015258789,20.860000610351562,21.200000762939453,60144694
2022-10-07,21.200000762939453,21.520000457763672,20.899999618530273,21.18000030517578,57089882
2022-10-10,21.299999237060547,21.540000915527344,20.920000076293945,20.920000076293945,53014484
2022-10-11,20.979999542236328,22.239999771118164,20.8799991607666,21.700000762939453,99107885
2022-10-12,21.639999389648438,21.81999969482422,21.040000915527344,21.299999237060547,69388202
2022-10-13,21.31999969482422,21.579999923706055,21.040000915527344,21.15999984741211,55130943
2022-10-14,21.760000228881836,22.100000381469727,21.6200008392334,21.899999618530273,62199668
2022-10-17,22.139999389648438,24.079999923706055,22.139999389648438,24.079999923706055,85814920
2022-10-18,25.360000610351562,25.68000030517578,24.100000381469727,24.299999237060547,129996435
2022-10-19,24.420000076293945,26.0,24.15999984741211,25.639999389648438,116855966
2022-10-20,25.559999465942383,26.31999969482422,25.299999237060547,25.299999237060547,96613624
2022-10-21,25.299999237060547,25.6200008392334,24.959999084472656,24.959999084472656,57725905
2022-10-24,25.15999984741211,25.540000915527344,24.399999618530273,24.479999542236328,59175695
2022-10-25,24.65999984741211,25.100000381469727,24.260000228881836,24.3799991607666,89999027
2022-10-26,24.540000915527344,25.059999465942383,24.420000076293945,24.8799991607666,56714126
2022-10-27,25.0,25.059999465942383,23.899999618530273,23.920000076293945,56574319
2022-10-28,23.799999237060547,24.239999771118164,23.420000076293945,23.420000076293945,33753391
2022-10-31,23.520000457763672,23.860000610351562,22.639999389648438,23.5,72543212
2022-11-01,23.6200008392334,24.360000610351562,23.299999237060547,23.399999618530273,61331456
2022-11-02,23.399999618530273,24.040000915527344,23.31999969482422,23.479999542236328,51901460
2022-11-03,23.440000534057617,23.579999923706055,22.899999618530273,23.15999984741211,38695803
2022-11-04,23.280000686645508,23.920000076293945,23.040000915527344,23.600000381469727,70666241
2022-11-07,23.899999618530273,24.959999084472656,23.899999618530273,24.600000381469727,73552875
2022-11-08,24.600000381469727,25.559999465942383,24.219999313354492,24.719999313354492,82002326
2022-11-09,24.84000015258789,25.1200008392334,24.1200008392334,24.219999313354492,51009050
2022-11-10,24.260000228881836,25.399999618530273,24.219999313354492,24.959999084472656,68483649
2022-11-11,25.600000381469727,25.81999969482422,24.260000228881836,24.440000534057617,59869283
2022-11-14,24.299999237060547,24.860000610351562,24.280000686645508,24.600000381469727,48490496
2022-11-15,24.799999237060547,26.020000457763672,24.31999969482422,26.020000457763672,111438937
2022-11-16,26.040000915527344,28.15999984741211,25.700000762939453,26.3799991607666,159083174
2022-11-17,26.3799991607666,26.6200008392334,24.8799991607666,25.040000915527344,75277840
2022-11-18,24.739999771118164,25.8799991607666,24.739999771118164,25.3799991607666,67807052
2022-11-21,25.5,26.5,24.860000610351562,26.15999984741211,67114959
2022-11-22,26.360000610351562,27.1200008392334,26.079999923706055,26.799999237060547,66904235
2022-11-23,26.8799991607666,27.940000534057617,26.540000915527344,27.639999389648438,80076206
2022-11-24,27.739999771118164,28.280000686645508,26.81999969482422,27.100000381469727,81865315
2022-11-25,26.799999237060547,26.940000534057617,26.360000610351562,26.3799991607666,66451702
2022-11-28,26.520000457763672,27.579999923706055,26.520000457763672,27.020000457763672,80802027
2022-11-29,27.139999389648438,27.399999618530273,26.440000534057617,26.860000610351562,70264404
2022-11-30,26.700000762939453,27.280000686645508,26.639999389648438,26.65999984741211,55307847
2022-12-01,27.260000228881836,27.280000686645508,26.540000915527344,26.780000686645508,52957709
2022-12-02,26.700000762939453,26.8799991607666,25.739999771118164,25.860000610351562,44717130
2022-12-05,25.979999542236328,26.280000686645508,25.459999084472656,25.700000762939453,39706257
2022-12-06,25.700000762939453,26.360000610351562,25.65999984741211,25.799999237060547,41433351
2022-12-07,25.799999237060547,26.18000030517578,24.700000762939453,25.0,55534188
2022-12-08,25.079999923706055,26.040000915527344,24.68000030517578,25.81999969482422,62157254
2022-12-09,25.920000076293945,26.940000534057617,25.860000610351562,26.8799991607666,43435655
2022-12-12,26.84000015258789,28.139999389648438,26.639999389648438,27.8799991607666,102351716
2022-12-13,27.600000381469727,28.020000457763672,27.059999465942383,27.520000457763672,77444752
2022-12-14,27.600000381469727,28.719999313354492,27.020000457763672,27.219999313354492,122860749
2022-12-15,27.959999084472656,28.899999618530273,27.479999542236328,28.559999465942383,108237762
2022-12-16,28.719999313354492,29.260000228881836,28.719999313354492,28.860000610351562,28071006
2022-12-19,29.040000915527344,31.6200008392334,29.020000457763672,31.6200008392334,105931351
2022-12-20,31.479999542236328,31.5,29.600000381469727,30.200000762939453,93938263
2022-12-21,30.239999771118164,31.780000686645508,29.600000381469727,29.799999237060547,72977341
2022-12-22,30.059999465942383,30.5,29.219999313354492,29.760000228881836,49195238
2022-12-23,29.84000015258789,30.219999313354492,29.420000076293945,29.799999237060547,28566793
2022-12-26,30.139999389648438,30.979999542236328,30.139999389648438,30.219999313354492,31575093
2022-12-27,30.260000228881836,31.059999465942383,29.719999313354492,30.15999984741211,40356590
2022-12-28,30.100000381469727,30.719999313354492,28.780000686645508,29.260000228881836,55218693
2022-12-29,29.260000228881836,30.81999969482422,29.260000228881836,30.299999237060547,44544125
2022-12-30,30.600000381469727,30.920000076293945,29.959999084472656,30.040000915527344,35161085
2023-01-02,30.3799991607666,30.979999542236328,30.139999389648438,30.6200008392334,34373499
2023-01-03,30.84000015258789,30.899999618530273,29.65999984741211,29.81999969482422,33494882
2023-01-04,29.920000076293945,30.440000534057617,29.68000030517578,30.0,39106174
2023-01-05,30.100000381469727,30.34000015258789,28.68000030517578,28.920000076293945,43368818
2023-01-06,27.31999969482422,29.18000030517578,25.959999084472656,28.219999313354492,92632410
2023-01-09,28.540000915527344,28.799999237060547,26.34000015258789,26.719999313354492,53096255
2023-01-10,26.719999313354492,27.260000228881836,25.399999618530273,25.780000686645508,56119179
2023-01-11,25.799999237060547,26.260000228881836,23.8799991607666,23.8799991607666,53273576
2023-01-12,24.5,24.860000610351562,22.65999984741211,24.520000457763672,83416807
2023-01-13,24.239999771118164,24.959999084472656,23.84000015258789,24.15999984741211,53392828
2023-01-16,24.399999618530273,25.420000076293945,24.399999618530273,25.200000762939453,56436509
2023-01-17,25.280000686645508,25.979999542236328,24.780000686645508,25.399999618530273,97895535
2023-01-18,25.5,26.299999237060547,25.079999923706055,25.440000534057617,58008314
2023-01-19,25.34000015258789,26.100000381469727,25.239999771118164,25.639999389648438,46557752
2023-01-20,25.719999313354492,27.1200008392334,25.579999923706055,26.899999618530273,65375710
2023-01-23,27.5,29.200000762939453,26.799999237060547,27.15999984741211,73835800
2023-01-24,27.15999984741211,27.860000610351562,26.1200008392334,26.440000534057617,82963487
2023-01-25,26.700000762939453,26.780000686645508,24.579999923706055,25.5,85486406
2023-01-26,25.579999923706055,25.739999771118164,24.5,24.540000915527344,64263205
2023-01-27,24.100000381469727,24.459999084472656,23.059999465942383,23.81999969482422,66014374
2023-01-30,24.0,24.459999084472656,23.600000381469727,23.8799991607666,52673936
2023-01-31,23.719999313354492,24.719999313354492,23.559999465942383,24.040000915527344,64470844
2023-02-01,24.200000762939453,24.420000076293945,22.360000610351562,22.360000610351562,62440361
2023-02-02,22.399999618530273,23.040000915527344,21.0,21.8799991607666,85320501
2023-02-03,21.940000534057617,23.84000015258789,21.920000076293945,23.579999923706055,92333656
2023-02-06,22.899999618530273,23.700000762939453,22.420000076293945,22.540000915527344,15873001
2023-02-07,22.799999237060547,22.860000610351562,20.579999923706055,21.059999465942383,31696148
2023-02-08,19.670000076293945,19.670000076293945,19.670000076293945,19.670000076293945,10
2023-02-15,22.5,23.15999984741211,22.219999313354492,23.15999984741211,16410375
2023-02-16,25.299999237060547,25.299999237060547,22.920000076293945,22.979999542236328,55610527
2023-02-17,22.600000381469727,23.540000915527344,22.540000915527344,22.68000030517578,32797153
2023-02-20,22.799999237060547,23.280000686645508,22.559999465942383,22.739999771118164,27650860
2023-02-21,22.559999465942383,23.100000381469727,22.520000457763672,22.68000030517578,44632791
2023-02-22,22.68000030517578,23.219999313354492,22.600000381469727,22.780000686645508,46286447
2023-02-23,22.84000015258789,23.459999084472656,22.540000915527344,22.739999771118164,56279883
2023-02-24,22.760000228881836,22.8799991607666,22.18000030517578,22.239999771118164,27666140
2023-02-27,22.399999618530273,23.959999084472656,21.959999084472656,23.600000381469727,84469630
2023-02-28,23.760000228881836,24.079999923706055,23.200000762939453,23.280000686645508,61318882
2023-03-01,23.399999618530273,23.799999237060547,23.280000686645508,23.559999465942383,39292939
2023-03-02,23.479999542236328,24.200000762939453,23.479999542236328,23.739999771118164,52487396
2023-03-03,23.579999923706055,24.219999313354492,23.31999969482422,23.8799991607666,74343721
2023-03-06,24.059999465942383,25.920000076293945,24.0,25.700000762939453,90048224
2023-03-07,26.020000457763672,26.899999618530273,25.6200008392334,25.65999984741211,62803615
2023-03-08,25.600000381469727,28.219999313354492,25.459999084472656,28.219999313354492,75123624
2023-03-09,28.200000762939453,29.280000686645508,27.540000915527344,28.040000915527344,91118821
2023-03-10,27.959999084472656,29.34000015258789,27.719999313354492,28.459999084472656,81762370
2023-03-13,28.399999618530273,28.760000228881836,26.84000015258789,26.860000610351562,70236539
2023-03-14,26.860000610351562,27.68000030517578,26.280000686645508,26.31999969482422,65238931
2023-03-15,26.5,26.639999389648438,25.81999969482422,26.440000534057617,60849061
2023-03-16,26.639999389648438,27.100000381469727,26.200000762939453,26.700000762939453,43327097
2023-03-17,26.979999542236328,27.239999771118164,25.559999465942383,25.559999465942383,54255387
2023-03-20,25.65999984741211,26.31999969482422,25.34000015258789,25.899999618530273,48547813
2023-03-21,25.84000015258789,25.979999542236328,24.979999542236328,25.079999923706055,55985073
2023-03-22,25.299999237060547,26.18000030517578,24.979999542236328,26.1200008392334,52001732
2023-03-23,25.979999542236328,27.3799991607666,25.940000534057617,27.3799991607666,41960946
2023-03-24,27.399999618530273,27.520000457763672,26.6200008392334,26.920000076293945,39444131
2023-03-27,27.260000228881836,27.520000457763672,26.780000686645508,26.84000015258789,31383114
2023-03-28,26.600000381469727,27.200000762939453,26.100000381469727,26.15999984741211,44035139
2023-03-29,26.0,27.440000534057617,26.0,27.420000076293945,51027307
2023-03-30,27.420000076293945,28.719999313354492,27.31999969482422,28.360000610351562,60095499
2023-03-31,28.059999465942383,28.5,27.639999389648438,27.860000610351562,45438999
2023-04-03,27.65999984741211,28.299999237060547,27.1200008392334,28.139999389648438,47928441
2023-04-04,28.15999984741211,28.68000030517578,27.639999389648438,28.399999618530273,46629713
2023-04-05,28.440000534057617,28.520000457763672,27.540000915527344,27.639999389648438,33138822
2023-04-06,27.600000381469727,28.020000457763672,27.239999771118164,27.34000015258789,23456497
2023-04-07,27.299999237060547,27.719999313354492,27.219999313354492,27.280000686645508,20987722
2023-04-10,27.399999618530273,27.959999084472656,27.3799991607666,27.81999969482422,24030305
2023-04-11,27.920000076293945,28.899999618530273,27.719999313354492,28.81999969482422,37563747
2023-04-12,28.959999084472656,30.979999542236328,28.739999771118164,30.299999237060547,68738643
2023-04-13,30.31999969482422,30.780000686645508,29.459999084472656,29.459999084472656,56972900
2023-04-14,28.1200008392334,28.15999984741211,27.280000686645508,27.34000015258789,40608550
2023-04-17,27.360000610351562,27.81999969482422,27.059999465942383,27.239999771118164,30534562
2023-04-18,27.280000686645508,28.200000762939453,27.280000686645508,27.84000015258789,40191613
2023-04-19,27.979999542236328,30.399999618530273,27.479999542236328,29.5,71794368
2023-04-20,28.6200008392334,29.040000915527344,28.040000915527344,28.139999389648438,32940630
2023-04-24,28.299999237060547,28.65999984741211,28.020000457763672,28.18000030517578,30544795
2023-04-25,28.200000762939453,28.34000015258789,26.899999618530273,27.079999923706055,30435913
2023-04-26,26.959999084472656,27.780000686645508,26.81999969482422,27.100000381469727,46997959
2023-04-27,27.100000381469727,28.18000030517578,27.100000381469727,28.0,63612940
2023-04-28,28.0,28.31999969482422,26.799999237060547,27.3799991607666,60221766
2023-05-02,27.479999542236328,28.200000762939453,27.3799991607666,27.600000381469727,40643478
2023-05-03,27.719999313354492,28.0,26.700000762939453,27.360000610351562,52300708
2023-05-04,27.200000762939453,27.979999542236328,26.31999969482422,26.579999923706055,32232569
2023-05-05,26.5,26.739999771118164,25.5,25.5,32074841
2023-05-08,25.700000762939453,27.979999542236328,25.219999313354492,27.84000015258789,53078829
2023-05-09,27.700000762939453,29.459999084472656,27.540000915527344,28.399999618530273,88085322
2023-05-10,28.34000015258789,29.260000228881836,28.280000686645508,28.3799991607666,50460988
2023-05-11,28.3799991607666,31.200000762939453,28.31999969482422,31.200000762939453,81536450
2023-05-12,32.47999954223633,33.65999984741211,31.899999618530273,33.099998474121094,87083754
2023-05-15,29.799999237060547,30.68000030517578,29.799999237060547,29.799999237060547,65651722
2023-05-16,28.0,28.219999313354492,26.940000534057617,26.940000534057617,138841033
2023-05-17,27.15999984741211,27.65999984741211,26.1200008392334,26.299999237060547,86174975
2023-05-18,26.31999969482422,26.600000381469727,25.0,25.0,67096707
2023-05-22,25.31999969482422,25.34000015258789,23.799999237060547,24.100000381469727,57783050
2023-05-23,24.1200008392334,24.81999969482422,23.940000534057617,24.1200008392334,44569655
2023-05-24,24.18000030517578,24.5,23.559999465942383,23.600000381469727,37987867
2023-05-25,23.760000228881836,24.299999237060547,23.520000457763672,24.079999923706055,46477428
2023-05-26,24.15999984741211,24.899999618530273,24.0,24.579999923706055,51477884
2023-05-29,24.979999542236328,25.760000228881836,24.15999984741211,25.139999389648438,81992183
2023-05-30,26.200000762939453,27.639999389648438,26.100000381469727,27.639999389648438,121250450
2023-05-31,27.520000457763672,27.860000610351562,26.780000686645508,26.780000686645508,135999773
2023-06-01,27.100000381469727,27.68000030517578,26.959999084472656,27.139999389648438,114460106
2023-06-02,29.0,29.280000686645508,28.260000228881836,28.65999984741211,190288607
2023-06-05,29.34000015258789,29.600000381469727,28.639999389648438,29.479999542236328,141182798
2023-06-06,29.299999237060547,29.540000915527344,28.760000228881836,29.040000915527344,65898531
2023-06-07,29.420000076293945,30.579999923706055,28.799999237060547,29.979999542236328,152475656
2023-06-08,29.799999237060547,31.219999313354492,29.760000228881836,30.31999969482422,100519094
2023-06-09,30.719999313354492,30.979999542236328,29.739999771118164,30.0,63472537
2023-06-12,30.200000762939453,30.3799991607666,29.079999923706055,29.079999923706055,49670971
2023-06-13,29.200000762939453,29.719999313354492,28.520000457763672,28.799999237060547,62962789
2023-06-14,28.860000610351562,30.360000610351562,28.700000762939453,29.31999969482422,109792126
2023-06-15,29.799999237060547,30.760000228881836,29.700000762939453,30.65999984741211,66227025
2023-06-16,30.8799991607666,31.100000381469727,30.059999465942383,30.079999923706055,64139443
2023-06-19,30.079999923706055,30.420000076293945,29.260000228881836,29.420000076293945,60099531
2023-06-20,29.420000076293945,30.959999084472656,29.360000610351562,30.65999984741211,79537582
2023-06-21,31.0,31.280000686645508,29.799999237060547,30.100000381469727,69852342
2023-06-22,30.18000030517578,30.860000610351562,28.760000228881836,30.360000610351562,157209979
2023-06-23,30.979999542236328,32.08000183105469,30.940000534057617,31.600000381469727,94832554
2023-06-26,33.20000076293945,33.29999923706055,32.459999084472656,32.5,56752947
2023-06-27,32.36000061035156,32.459999084472656,32.02000045776367,32.040000915527344,22347087
2023-07-03,32.34000015258789,33.119998931884766,32.29999923706055,32.720001220703125,72292774
2023-07-04,32.91999816894531,34.880001068115234,32.880001068115234,33.86000061035156,105395036
2023-07-05,33.900001525878906,33.97999954223633,32.70000076293945,33.599998474121094,58050514
2023-07-06,33.65999984741211,34.040000915527344,33.060001373291016,33.099998474121094,66856076
2023-07-07,33.08000183105469,33.599998474121094,32.79999923706055,32.959999084472656,38526019
2023-07-10,33.279998779296875,33.52000045776367,32.97999954223633,33.13999938964844,40977795
2023-07-11,34.0,35.400001525878906,33.2400016784668,35.08000183105469,97853783
2023-07-12,35.060001373291016,38.29999923706055,34.86000061035156,37.439998626708984,124421039
2023-07-13,37.599998474121094,40.099998474121094,37.459999084472656,39.5,114050514
2023-07-14,40.0,40.5,38.20000076293945,38.5,71069824
2023-07-17,38.7400016784668,39.380001068115234,37.65999984741211,38.5,64456150
2023-07-18,38.5,39.65999984741211,35.779998779296875,35.779998779296875,80163183
2023-07-19,35.91999816894531,37.439998626708984,35.31999969482422,37.439998626708984,71219591
2023-07-20,37.70000076293945,38.900001525878906,36.84000015258789,37.79999923706055,102766871
2023-07-21,37.5,38.15999984741211,36.7400016784668,36.7400016784668,36574412
2023-07-24,36.86000061035156,37.099998474121094,36.02000045776367,36.29999923706055,45560797
2023-07-25,36.5,38.7400016784668,36.47999954223633,37.97999954223633,104516848
2023-07-26,37.70000076293945,38.380001068115234,36.880001068115234,37.91999816894531,53926305
2023-07-27,38.400001525878906,39.900001525878906,38.13999938964844,39.900001525878906,74068316
2023-07-28,41.599998474121094,43.459999084472656,40.939998626708984,42.7599983215332,93487058
2023-07-31,43.13999938964844,45.040000915527344,42.63999938964844,43.900001525878906,83996817
2023-08-01,43.41999816894531,44.439998626708984,42.29999923706055,42.720001220703125,45078409
2023-08-02,42.65999984741211,46.47999954223633,42.13999938964844,45.58000183105469,83307329
2023-08-03,45.619998931884766,47.81999969482422,45.380001068115234,45.58000183105469,92445474
2023-08-04,45.81999969482422,47.439998626708984,45.18000030517578,47.0,67966941
2023-08-07,47.20000076293945,47.720001220703125,46.2400016784668,46.79999923706055,41610773
2023-08-08,46.79999923706055,49.2400016784668,46.400001525878906,48.220001220703125,70174284
2023-08-09,48.220001220703125,53.0,48.099998474121094,53.0,85322476
2023-08-10,55.0,58.29999923706055,53.45000076293945,54.5,121377530
2023-08-11,54.75,57.20000076293945,53.400001525878906,55.5,94389497
2023-08-14,56.0,58.650001525878906,55.04999923706055,55.849998474121094,69768845
2023-08-15,56.0,57.70000076293945,53.20000076293945,55.5,95309445
2023-08-16,55.45000076293945,55.95000076293945,53.75,53.75,43511684
2023-08-17,53.79999923706055,55.45000076293945,53.75,54.20000076293945,44254030
2023-08-18,54.29999923706055,55.349998474121094,49.36000061035156,50.650001525878906,55714019
2023-08-21,48.439998626708984,51.5,47.79999923706055,49.7400016784668,96896952
2023-08-22,50.29999923706055,50.900001525878906,48.060001373291016,49.2400016784668,68226856
2023-08-23,49.31999969482422,51.25,48.880001068115234,49.5,67799060
2023-08-24,49.70000076293945,54.45000076293945,49.63999938964844,54.45000076293945,129979765
2023-08-25,55.5,56.0,52.349998474121094,53.150001525878906,108967638
2023-08-28,53.599998474121094,55.04999923706055,52.29999923706055,52.75,57217270
2023-08-29,52.900001525878906,54.25,51.04999923706055,51.400001525878906,57734404
2023-08-31,51.79999923706055,52.150001525878906,50.20000076293945,50.20000076293945,33697415
2023-09-01,50.5,51.29999923706055,50.150001525878906,50.849998474121094,30521405
2023-09-04,51.29999923706055,52.79999923706055,50.650001525878906,51.25,68729314
2023-09-05,51.150001525878906,52.29999923706055,50.5,51.900001525878906,74712807
2023-09-06,52.45000076293945,53.5,50.849998474121094,51.45000076293945,68120445
2023-09-07,51.70000076293945,52.70000076293945,51.349998474121094,52.400001525878906,47291670
2023-09-08,52.599998474121094,53.849998474121094,51.900001525878906,52.29999923706055,44993485
2023-09-11,52.95000076293945,53.099998474121094,49.599998474121094,50.25,51477027
2023-09-12,50.20000076293945,50.95000076293945,49.220001220703125,49.560001373291016,41004715
2023-09-13,49.52000045776367,51.29999923706055,48.70000076293945,49.15999984741211,55230507
2023-09-14,48.880001068115234,50.70000076293945,48.52000045776367,50.599998474121094,58503285
2023-09-15,50.400001525878906,51.54999923706055,49.70000076293945,50.0,42737220
2023-09-18,49.7400016784668,50.5,49.47999954223633,49.599998474121094,47391627
2023-09-19,49.65999984741211,50.45000076293945,49.02000045776367,50.04999923706055,43317515
2023-09-20,50.04999923706055,52.95000076293945,49.84000015258789,51.5,64818497
2023-09-21,51.5,53.5,50.400001525878906,52.0,104964637
2023-09-22,52.0,52.29999923706055,50.79999923706055,50.79999923706055,52605579
2023-09-25,50.95000076293945,52.20000076293945,50.79999923706055,51.54999923706055,56997929
2023-09-26,51.849998474121094,52.900001525878906,51.29999923706055,51.45000076293945,59341332
2023-09-27,51.599998474121094,51.849998474121094,50.650001525878906,50.79999923706055,42455913
2023-09-28,50.95000076293945,51.599998474121094,50.900001525878906,51.099998474121094,44031830
2023-09-29,51.400001525878906,54.599998474121094,51.400001525878906,53.25,75151115
2023-10-02,53.79999923706055,55.04999923706055,53.04999923706055,54.0,56418434
2023-10-03,54.20000076293945,54.29999923706055,52.400001525878906,53.29999923706055,32361981
2023-10-04,53.25,53.75,51.70000076293945,51.70000076293945,36116949
2023-10-05,52.099998474121094,52.95000076293945,50.349998474121094,52.70000076293945,50449835
2023-10-06,52.0,52.79999923706055,51.45000076293945,51.599998474121094,31455272
2023-10-09,50.25,51.04999923706055,49.5,49.79999923706055,38848549
2023-10-10,50.70000076293945,51.29999923706055,50.150001525878906,51.0,32884966
2023-10-11,51.04999923706055,52.099998474121094,50.25,50.900001525878906,32255893
2023-10-12,51.400001525878906,51.95000076293945,48.939998626708984,50.0,36017420
2023-10-13,49.5,49.939998626708984,48.47999954223633,48.599998474121094,24585838
2023-10-16,49.20000076293945,49.34000015258789,47.7599983215332,48.34000015258789,24391127
2023-10-17,48.36000061035156,49.540000915527344,48.060001373291016,49.41999816894531,28793380
2023-10-18,48.0,48.900001525878906,47.2599983215332,47.380001068115234,25973892
2023-10-19,47.380001068115234,47.97999954223633,46.040000915527344,46.2400016784668,43956505
2023-10-20,45.70000076293945,45.939998626708984,44.15999984741211,44.619998931884766,28937551
2023-10-23,45.060001373291016,46.040000915527344,44.52000045776367,46.0,29792228
2023-10-24,46.5,50.599998474121094,46.060001373291016,49.70000076293945,51172575
2023-10-25,49.81999969482422,50.20000076293945,45.41999816894531,45.5,35806691
2023-10-26,46.220001220703125,48.58000183105469,45.439998626708984,47.7400016784668,65728529
2023-10-27,47.880001068115234,49.880001068115234,47.52000045776367,49.119998931884766,47721147
2023-10-30,49.02000045776367,50.29999923706055,47.880001068115234,48.439998626708984,34875994
2023-10-31,49.0,49.31999969482422,46.81999969482422,47.0,34643918
2023-11-01,47.29999923706055,47.70000076293945,45.08000183105469,46.65999984741211,36363723
2023-11-02,47.0,48.5,46.619998931884766,47.599998474121094,33106068
2023-11-03,47.65999984741211,48.20000076293945,46.79999923706055,48.18000030517578,32187897
2023-11-06,48.619998931884766,50.45000076293945,48.599998474121094,50.150001525878906,26710135
2023-11-07,50.20000076293945,50.400001525878906,49.220001220703125,49.779998779296875,20374873
2023-11-08,50.099998474121094,50.45000076293945,48.560001373291016,48.7400016784668,30469849
2023-11-09,48.2400016784668,49.13999938964844,47.880001068115234,48.34000015258789,26953547
2023-11-10,48.380001068115234,48.880001068115234,47.599998474121094,47.79999923706055,21864447
2023-11-13,47.2599983215332,47.47999954223633,45.65999984741211,45.91999816894531,28020376
2023-11-14,46.0,46.880001068115234,45.2400016784668,46.400001525878906,35135582
2023-11-15,46.70000076293945,46.86000061035156,45.97999954223633,46.20000076293945,30971304
2023-11-16,46.279998779296875,47.58000183105469,46.2599983215332,47.31999969482422,26185565
2023-11-17,47.2400016784668,47.84000015258789,47.0,47.41999816894531,24538472
2023-11-20,47.779998779296875,49.02000045776367,47.7599983215332,48.63999938964844,23468846
2023-11-21,49.0,49.58000183105469,48.31999969482422,49.040000915527344,28706121
2023-11-22,49.02000045776367,49.79999923706055,48.58000183105469,49.439998626708984,32303880
2023-11-23,49.599998474121094,51.70000076293945,49.5,50.25,58179787
2023-11-24,50.25,52.0,49.36000061035156,51.650001525878906,38209670
2023-11-27,53.25,55.25,52.54999923706055,54.75,53303684
2023-11-28,54.20000076293945,55.70000076293945,53.900001525878906,54.5,47035851
2023-11-29,54.5,55.0,53.45000076293945,54.25,23926508
2023-11-30,54.0,55.400001525878906,53.599998474121094,54.04999923706055,24673499
2023-12-01,56.04999923706055,57.20000076293945,55.400001525878906,56.45000076293945,38562941
2023-12-04,56.599998474121094,57.900001525878906,55.20000076293945,57.900001525878906,43128827
2023-12-05,57.900001525878906,59.0,57.400001525878906,58.45000076293945,37760496
2023-12-06,58.45000076293945,62.099998474121094,58.29999923706055,60.0,51921537
2023-12-07,60.0,60.099998474121094,57.04999923706055,59.400001525878906,34012271
2023-12-08,59.599998474121094,60.650001525878906,57.099998474121094,57.70000076293945,33694534
2023-12-11,57.599998474121094,58.150001525878906,56.150001525878906,56.45000076293945,27831613
2023-12-12,56.29999923706055,59.95000076293945,56.150001525878906,59.400001525878906,47770958
2023-12-13,59.099998474121094,61.75,58.349998474121094,58.900001525878906,53663940
2023-12-14,60.150001525878906,63.0,59.150001525878906,62.5,51302169
2023-12-15,62.900001525878906,64.19999694824219,61.75,62.04999923706055,44635855
2023-12-18,61.5,62.79999923706055,61.25,62.099998474121094,27233832
2023-12-19,62.099998474121094,62.599998474121094,59.900001525878906,60.599998474121094,25799684
2023-12-20,60.599998474121094,62.79999923706055,60.150001525878906,62.5,31614066
2023-12-21,62.95000076293945,63.599998474121094,61.20000076293945,62.25,39549879
2023-12-22,62.349998474121094,62.54999923706055,60.04999923706055,60.29999923706055,30220754
2023-12-25,59.79999923706055,60.099998474121094,56.849998474121094,57.70000076293945,15474017
2023-12-26,58.20000076293945,58.400001525878906,54.70000076293945,56.20000076293945,33919418
2023-12-27,56.0,56.45000076293945,55.25,55.75,24508620
2023-12-28,56.5,57.20000076293945,55.5,56.29999923706055,20041745
2023-12-29,56.25,58.599998474121094,56.20000076293945,58.349998474121094,22696671
2024-01-02,59.29999923706055,60.150001525878906,58.25,58.849998474121094,16881291
2024-01-03,58.599998474121094,59.150001525878906,56.29999923706055,56.5,20141213
2024-01-04,56.400001525878906,57.75,55.0,57.599998474121094,31275024
2024-01-05,57.70000076293945,58.0,56.54999923706055,57.400001525878906,22935879
2024-01-08,58.29999923706055,62.75,58.29999923706055,62.099998474121094,62599601
2024-01-09,62.400001525878906,63.70000076293945,61.25,62.599998474121094,60396241
2024-01-10,62.5,64.44999694824219,62.349998474121094,63.79999923706055,41187587
2024-01-11,64.25,68.69999694824219,64.0,65.5999984741211,48524495
2024-01-12,65.4000015258789,69.19999694824219,64.6500015258789,67.80000305175781,66351606
2024-01-15,67.05000305175781,67.6500015258789,66.1500015258789,66.5,30258890
2024-01-16,66.4000015258789,67.3499984741211,63.400001525878906,63.75,41142548
2024-01-17,63.5,64.5,62.900001525878906,63.400001525878906,29536066
2024-01-18,64.94999694824219,65.30000305175781,62.79999923706055,62.95000076293945,28400991
2024-01-19,63.25,64.05000305175781,61.900001525878906,63.54999923706055,31685876
2024-01-22,63.20000076293945,63.25,61.650001525878906,62.400001525878906,27428721
2024-01-23,63.0,63.349998474121094,59.849998474121094,60.25,39476717
2024-01-24,60.650001525878906,63.650001525878906,60.29999923706055,62.29999923706055,46864332
2024-01-25,62.5,63.599998474121094,61.75,62.04999923706055,32847801
2024-01-26,62.20000076293945,63.400001525878906,61.54999923706055,63.150001525878906,33307202
2024-01-29,63.849998474121094,64.05000305175781,62.5,63.400001525878906,25433993
2024-01-30,64.0999984741211,64.4000015258789,62.349998474121094,63.599998474121094,49008987
2024-01-31,63.650001525878906,64.30000305175781,62.599998474121094,63.5,27691383
2024-02-01,63.45000076293945,65.8499984741211,63.45000076293945,64.75,30611971
2024-02-02,64.5999984741211,65.69999694824219,63.650001525878906,63.900001525878906,24516446
2024-02-05,65.19999694824219,66.44999694824219,64.25,64.94999694824219,25716069
2024-02-06,64.94999694824219,65.69999694824219,64.0999984741211,65.05000305175781,39001668
2024-02-07,65.19999694824219,65.6500015258789,64.0,64.0,33900071
2024-02-08,64.0,65.1500015258789,64.0,64.30000305175781,25022297
2024-02-09,64.4000015258789,65.25,63.150001525878906,64.44999694824219,29880133
2024-02-12,65.0,65.94999694824219,64.25,65.8499984741211,34156483
2024-02-13,66.0,66.6500015258789,64.6500015258789,64.6500015258789,39231796
2024-02-14,64.75,64.94999694824219,63.150001525878906,64.05000305175781,34286513
2024-02-15,64.25,66.1500015258789,64.25,65.5999984741211,36930585
2024-02-16,65.69999694824219,66.44999694824219,65.25,65.9000015258789,24075860
2024-02-19,66.4000015258789,68.30000305175781,66.30000305175781,66.69999694824219,44089893
2024-02-20,66.80000305175781,68.5,66.30000305175781,68.0,42317867
2024-02-21,68.30000305175781,69.5999984741211,67.55000305175781,68.4000015258789,32293760
2024-02-22,68.9000015258789,69.3499984741211,65.5,65.94999694824219,73537487
2024-02-23,66.05000305175781,66.69999694824219,65.4000015258789,66.3499984741211,43386925
2024-02-26,66.4000015258789,66.44999694824219,64.30000305175781,65.0,31945009
2024-02-27,65.1500015258789,65.5,63.5,63.5,23868328
2024-02-28,63.599998474121094,64.19999694824219,62.54999923706055,62.54999923706055,22093502
2024-02-29,62.79999923706055,63.650001525878906,62.349998474121094,63.099998474121094,26890578
2024-03-01,63.099998474121094,63.400001525878906,61.75,61.849998474121094,20175496
2024-03-04,62.099998474121094,62.79999923706055,59.900001525878906,60.25,20743774
2024-03-05,60.349998474121094,61.349998474121094,59.5,59.79999923706055,26402602
2024-03-06,59.5,60.349998474121094,58.599998474121094,59.0,26497367
2024-03-07,59.29999923706055,62.099998474121094,59.25,62.099998474121094,26192056
2024-03-08,62.20000076293945,63.849998474121094,61.5,63.5,37657003
2024-03-11,66.4000015258789,66.5999984741211,63.0,63.0,48191463
2024-03-12,63.150001525878906,65.44999694824219,62.54999923706055,64.25,45364832
2024-03-13,64.30000305175781,64.94999694824219,61.5,63.25,42112367
2024-03-14,63.54999923706055,64.3499984741211,60.849998474121094,61.650001525878906,25463829
2024-03-15,61.5,62.599998474121094,60.54999923706055,60.900001525878906,19105710
2024-03-18,61.400001525878906,62.849998474121094,60.70000076293945,61.349998474121094,20322939
2024-03-19,61.349998474121094,64.0999984741211,60.900001525878906,63.79999923706055,33378342
2024-03-20,63.54999923706055,64.75,63.20000076293945,64.19999694824219,32009831
2024-03-21,64.6500015258789,68.5,64.4000015258789,67.94999694824219,70194062
2024-03-22,67.80000305175781,70.5,67.5999984741211,68.80000305175781,40240747
2024-03-25,68.9000015258789,72.0,68.3499984741211,68.94999694824219,49817005
2024-03-26,69.25,70.9000015258789,68.44999694824219,68.69999694824219,36699068
2024-03-27,68.9000015258789,69.5,67.6500015258789,68.69999694824219,24146763
2024-03-28,69.05000305175781,72.4000015258789,69.05000305175781,71.5,43756272
2024-03-29,69.75,70.1500015258789,68.0,68.5,27774426
2024-04-01,69.5,72.9000015258789,67.55000305175781,69.80000305175781,27219775
2024-04-02,69.8499984741211,71.9000015258789,69.5,70.0999984741211,35198185
2024-04-03,70.0,70.94999694824219,68.9000015258789,69.5999984741211,20349141
2024-04-04,69.8499984741211,73.4000015258789,69.44999694824219,72.3499984741211,40655105
2024-04-05,74.6500015258789,76.1500015258789,72.5,74.30000305175781,32337253
2024-04-08,74.55000305175781,76.44999694824219,74.0,74.1500015258789,20752790
2024-04-15,74.0999984741211,75.69999694824219,73.6500015258789,74.5999984741211,23868610
2024-04-16,74.3499984741211,75.4000015258789,70.5999984741211,70.5999984741211,26419769
2024-04-17,70.8499984741211,75.0,70.8499984741211,73.80000305175781,33953332
2024-04-18,74.25,74.8499984741211,73.55000305175781,74.0,19527233
2024-04-19,73.55000305175781,78.80000305175781,73.25,78.69999694824219,30127936
2024-04-22,80.0999984741211,80.75,76.44999694824219,76.44999694824219,21434323
2024-04-24,77.0999984741211,80.0,77.0999984741211,79.69999694824219,20996211
2024-04-25,79.94999694824219,80.69999694824219,77.55000305175781,79.0999984741211,16495362
2024-04-26,79.5,82.0999984741211,79.30000305175781,80.8499984741211,24103533
2024-04-29,81.5,82.80000305175781,80.25,81.94999694824219,19436873
2024-04-30,82.05000305175781,84.6500015258789,81.80000305175781,82.44999694824219,27651579
2024-05-02,83.0999984741211,84.19999694824219,82.05000305175781,83.5999984741211,24252253
2024-05-03,84.19999694824219,85.3499984741211,83.5,84.94999694824219,17804107
2024-05-06,84.94999694824219,85.5,83.05000305175781,84.30000305175781,16108282
2024-05-07,84.3499984741211,86.94999694824219,83.0999984741211,86.8499984741211,24629413
2024-05-08,86.94999694824219,88.4000015258789,85.0999984741211,86.0,13202458
2024-05-09,86.75,89.8499984741211,86.69999694824219,89.25,26190963
2024-05-10,89.4000015258789,89.94999694824219,86.5,86.5,15264443
2024-05-13,86.6500015258789,87.8499984741211,85.8499984741211,86.19999694824219,18024895
2024-05-14,88.0999984741211,91.1500015258789,87.75,90.0,26296830
2024-05-15,90.30000305175781,90.44999694824219,86.3499984741211,87.8499984741211,33720846
2024-05-16,88.25,89.30000305175781,88.05000305175781,88.80000305175781,37387709
2024-05-17,88.8499984741211,94.1500015258789,88.69999694824219,94.1500015258789,31398368
2024-05-20,94.25,97.4000015258789,94.1500015258789,95.8499984741211,22796917
2024-05-21,96.25,105.4000015258789,96.25,101.30000305175781,50085601
2024-05-22,101.19999694824219,102.0,99.0,100.69999694824219,26984626
2024-05-23,100.0999984741211,102.5,99.8499984741211,100.0,22484991
2024-05-24,100.4000015258789,100.5999984741211,98.5999984741211,99.25,13146706
2024-05-27,99.5,100.5,98.05000305175781,98.5999984741211,16870183
2024-05-28,98.94999694824219,101.0999984741211,98.19999694824219,100.19999694824219,29928686
2024-05-29,100.4000015258789,102.0,99.0,99.69999694824219,20437927
2024-05-30,100.19999694824219,102.5999984741211,99.9000015258789,102.5999984741211,20663252
2024-05-31,103.0,110.4000015258789,102.9000015258789,107.80000305175781,36751484
2024-06-03,107.30000305175781,109.5,104.5999984741211,108.5999984741211,23553566
2024-06-04,108.5999984741211,110.9000015258789,103.9000015258789,104.30000305175781,20963793
2024-06-05,104.69999694824219,106.4000015258789,103.0999984741211,104.5999984741211,15641930
2024-06-06,105.0999984741211,106.5,102.69999694824219,102.69999694824219,12058485
2024-06-07,103.30000305175781,104.0,99.1500015258789,99.94999694824219,11584441
2024-06-10,99.94999694824219,100.5999984741211,97.75,98.44999694824219,13330130
2024-06-11,98.25,103.4000015258789,98.19999694824219,102.69999694824219,16620547
2024-06-12,102.69999694824219,104.30000305175781,100.69999694824219,103.0,15913691
2024-06-13,104.0,106.19999694824219,102.19999694824219,103.0,14295018
2024-06-14,105.69999694824219,108.5,103.19999694824219,104.9000015258789,23642853
2024-06-20,106.80000305175781,110.80000305175781,105.30000305175781,110.80000305175781,21840551
2024-06-21,111.0,113.5,110.30000305175781,111.80000305175781,21941605
2024-06-24,112.0,114.4000015258789,111.5999984741211,114.0999984741211,15789670
2024-06-25,114.5,115.19999694824219,111.30000305175781,113.0999984741211,15014759
2024-06-26,113.0999984741211,114.0999984741211,111.5,113.0,13031571
2024-06-27,113.5,116.80000305175781,112.80000305175781,116.69999694824219,19261025
2024-06-28,117.5999984741211,118.80000305175781,110.80000305175781,112.4000015258789,23597131
2024-07-01,112.69999694824219,113.5,107.69999694824219,110.69999694824219,19521161
2024-07-02,110.9000015258789,113.4000015258789,110.30000305175781,113.0,20298380
2024-07-03,113.5999984741211,118.9000015258789,113.0,118.80000305175781,26580992
2024-07-04,121.0,121.0,117.4000015258789,119.0,22935842
2024-07-05,120.80000305175781,123.5,119.9000015258789,122.4000015258789,28390412
2024-07-08,123.0999984741211,125.5,122.5,123.80000305175781,19936773
2024-07-09,124.19999694824219,125.69999694824219,121.80000305175781,122.69999694824219,17512242
2024-07-10,123.0,124.69999694824219,119.69999694824219,123.30000305175781,22768112
2024-07-11,125.5,132.39999389648438,125.0,132.39999389648438,29619674
2024-07-12,132.5,136.8000030517578,129.89999389648438,132.5,30617785
2024-07-16,133.5,138.3000030517578,132.0,132.89999389648438,33738090
2024-07-17,133.1999969482422,133.5,130.1999969482422,132.5,20443752
2024-07-18,133.3000030517578,134.89999389648438,128.89999389648438,130.0,24035686
2024-07-19,129.89999389648438,131.8000030517578,129.0,131.1999969482422,19622234
2024-07-22,131.60000610351562,132.8000030517578,128.6999969482422,128.89999389648438,19517005
2024-07-23,129.0,129.3000030517578,124.69999694824219,125.5,22728202
2024-07-24,125.0,128.1999969482422,122.69999694824219,126.80000305175781,18497381
2024-07-25,125.5,127.19999694824219,122.5999984741211,124.80000305175781,16138139
2024-07-26,125.0,126.69999694824219,123.0999984741211,124.80000305175781,20303287
2024-07-29,123.5,127.30000305175781,123.19999694824219,126.19999694824219,14740586
2024-07-30,126.4000015258789,127.9000015258789,117.9000015258789,118.5999984741211,26532833
2024-07-31,120.0,125.69999694824219,119.5,123.80000305175781,34789954
2024-08-01,126.9000015258789,131.1999969482422,125.9000015258789,128.60000610351562,27123147
2024-08-02,126.9000015258789,127.80000305175781,123.4000015258789,124.19999694824219,20542978
2024-08-05,114.0,121.5,114.0,119.9000015258789,25176221
2024-08-06,123.5,124.5,117.30000305175781,117.30000305175781,21696241
2024-08-07,118.4000015258789,119.5999984741211,114.69999694824219,116.0,21518186
2024-08-08,115.69999694824219,116.5999984741211,113.19999694824219,114.0999984741211,16215076
2024-08-09,114.80000305175781,116.0999984741211,110.0,110.5999984741211,18500270
2024-08-12,111.4000015258789,114.19999694824219,110.30000305175781,112.80000305175781,16003383
2024-08-13,112.4000015258789,116.4000015258789,109.9000015258789,116.19999694824219,21882995
2024-08-14,117.0,117.9000015258789,112.80000305175781,113.0,20553425
2024-08-15,113.5,114.69999694824219,111.69999694824219,114.0,22471648
2024-08-16,114.30000305175781,114.5,109.0,109.0,24182456
2024-08-19,109.69999694824219,111.9000015258789,108.4000015258789,111.69999694824219,22851257
2024-08-20,111.0999984741211,113.5,110.69999694824219,112.0,22826510
2024-08-21,112.0,113.80000305175781,111.5999984741211,112.4000015258789,16190415
2024-08-22,113.0999984741211,115.0999984741211,112.0999984741211,114.0,20486407
2024-08-23,114.0,114.0,108.30000305175781,109.0,17537919
2024-08-26,109.9000015258789,110.80000305175781,107.19999694824219,108.80000305175781,22279723
2024-08-27,109.0,112.0,108.0,112.0,16851863
2024-08-28,112.5,112.80000305175781,107.5,110.80000305175781,17848878
2024-08-29,110.4000015258789,113.9000015258789,109.0,112.30000305175781,18181481
2024-09-02,112.5999984741211,116.19999694824219,112.4000015258789,115.4000015258789,38248910
2024-09-03,115.4000015258789,116.0999984741211,113.5,113.69999694824219,24545695
2024-09-04,111.9000015258789,114.4000015258789,111.69999694824219,114.0999984741211,26146097
2024-09-05,114.80000305175781,115.30000305175781,112.19999694824219,113.5,21147590
2024-09-06,113.5999984741211,114.5,112.0,112.0999984741211,18338807
2024-09-09,110.69999694824219,111.0999984741211,107.5999984741211,108.0,15466863
2024-09-10,108.19999694824219,108.9000015258789,104.5,106.5999984741211,18310553
2024-09-11,106.5999984741211,108.80000305175781,104.9000015258789,106.19999694824219,19480406
2024-09-12,107.4000015258789,109.80000305175781,104.5,109.69999694824219,24794121
2024-09-13,109.5,112.69999694824219,107.69999694824219,111.0,22791953
2024-09-16,110.69999694824219,113.30000305175781,110.19999694824219,111.5999984741211,19562271
2024-09-17,112.0999984741211,114.0,111.69999694824219,113.0,16038598
2024-09-18,112.80000305175781,115.4000015258789,112.5,114.19999694824219,16303380
2024-09-19,116.0999984741211,116.80000305175781,114.80000305175781,116.5,28534740
2024-09-20,116.5999984741211,119.19999694824219,115.30000305175781,119.19999694824219,17782648
2024-09-23,121.0,122.80000305175781,119.80000305175781,120.5999984741211,14698554
2024-09-24,121.0,127.30000305175781,120.0999984741211,126.0,22669955
2024-09-25,126.30000305175781,128.39999389648438,125.30000305175781,126.9000015258789,22143556
2024-09-26,128.0,130.89999389648438,123.5999984741211,123.80000305175781,27893268
2024-09-27,124.19999694824219,124.4000015258789,121.5,123.0,16707451
2024-09-30,122.5,122.69999694824219,119.9000015258789,122.4000015258789,16982180
2024-10-01,122.5999984741211,125.19999694824219,116.5,121.69999694824219,26168522
2024-10-02,121.0999984741211,122.0999984741211,115.5999984741211,115.5999984741211,19594781
2024-10-03,116.4000015258789,118.0,111.4000015258789,112.0,29665974
2024-10-04,112.9000015258789,115.9000015258789,107.9000015258789,115.5,35609531
2024-10-07,115.5,117.0999984741211,112.5999984741211,113.80000305175781,19446617
2024-10-08,113.9000015258789,117.5,113.30000305175781,115.30000305175781,21883348
2024-10-09,115.30000305175781,120.0999984741211,113.0,120.0999984741211,19839504
2024-10-10,120.4000015258789,121.30000305175781,117.4000015258789,117.5999984741211,14267747
2024-10-11,117.9000015258789,122.4000015258789,117.4000015258789,119.4000015258789,20886270
2024-10-14,119.5,121.5,116.5,116.5,18500808
2024-10-15,116.80000305175781,118.5,114.69999694824219,117.5,25578863
2024-10-16,116.9000015258789,117.5,114.5999984741211,116.9000015258789,18343947
2024-10-17,116.69999694824219,117.69999694824219,114.80000305175781,114.80000305175781,23107211
2024-10-18,115.0999984741211,116.5,110.0,110.9000015258789,19395477
2024-10-21,111.0999984741211,112.0999984741211,108.0,108.5999984741211,18360168
2024-10-22,108.9000015258789,113.9000015258789,107.9000015258789,111.69999694824219,25039094
2024-10-23,111.69999694824219,112.69999694824219,108.5,110.80000305175781,23212666
2024-10-24,111.69999694824219,113.69999694824219,111.30000305175781,112.0,17119472
2024-10-25,111.5,112.9000015258789,109.5,111.19999694824219,26839120
2024-10-28,111.19999694824219,111.5999984741211,110.0,110.0,6099673
2024-10-30,110.19999694824219,111.0999984741211,108.5,108.5,33054876
2024-10-31,109.5,110.30000305175781,106.5,106.9000015258789,22425586
2024-11-01,107.4000015258789,108.80000305175781,105.4000015258789,105.5999984741211,28870744
2024-11-04,105.19999694824219,105.9000015258789,99.8499984741211,100.5,27013085
2024-11-05,101.0999984741211,101.80000305175781,97.75,97.75,23740641
2024-11-06,98.1500015258789,103.0999984741211,97.19999694824219,101.80000305175781,36053938
2024-11-07,102.0,105.80000305175781,101.69999694824219,105.19999694824219,23181477
2024-11-08,105.30000305175781,110.0999984741211,104.4000015258789,109.80000305175781,34562726
2024-11-11,110.0,113.30000305175781,109.9000015258789,111.80000305175781,31830568
2024-11-12,111.30000305175781,112.69999694824219,110.4000015258789,111.80000305175781,20791928
2024-11-13,111.19999694824219,116.80000305175781,109.19999694824219,113.5,40566482
2024-11-14,114.19999694824219,115.0,113.0,113.80000305175781,24458225
2024-11-15,114.30000305175781,116.5999984741211,112.5999984741211,113.0,23978790
2024-11-18,113.5999984741211,114.69999694824219,112.4000015258789,113.80000305175781,22230744
2024-11-19,114.4000015258789,114.5,109.0999984741211,110.80000305175781,23474103
2024-11-20,111.4000015258789,113.30000305175781,108.5,109.0,22411981
2024-11-21,110.0,115.30000305175781,109.80000305175781,114.69999694824219,35417062
2024-11-22,114.80000305175781,120.30000305175781,114.0,119.5,41346699
2024-11-25,120.5,121.5999984741211,117.9000015258789,120.30000305175781,29353283
2024-11-26,120.4000015258789,121.9000015258789,118.69999694824219,120.5,23223176
2024-11-27,122.0,122.5999984741211,120.0,120.0999984741211,25266359
2024-11-28,120.0,122.19999694824219,119.69999694824219,121.9000015258789,20471950
2024-11-29,122.0999984741211,122.80000305175781,119.5,120.5,22682853
2024-12-02,119.5,121.0999984741211,118.0999984741211,120.80000305175781,18506289
2024-12-03,121.80000305175781,125.80000305175781,119.5999984741211,124.69999694824219,26521223
2024-12-04,125.19999694824219,126.19999694824219,122.5,123.80000305175781,17422711
2024-12-05,124.4000015258789,125.19999694824219,122.5,124.4000015258789,16285925
2024-12-06,129.0,130.3000030517578,128.5,128.60000610351562,21869803
2024-12-09,130.0,132.0,127.69999694824219,132.0,20600251
2024-12-10,132.0,132.60000610351562,128.1999969482422,128.89999389648438,15079399
2024-12-11,129.0,129.1999969482422,122.5999984741211,126.0,25740589
2024-12-12,126.9000015258789,127.80000305175781,124.80000305175781,125.80000305175781,18260905
2024-12-13,124.5,127.80000305175781,123.5999984741211,127.80000305175781,17103441
2024-12-16,127.80000305175781,129.6999969482422,126.5999984741211,127.80000305175781,21133440
2024-12-17,128.10000610351562,131.5,126.80000305175781,130.5,22313133
2024-12-18,129.89999389648438,131.5,128.39999389648438,128.39999389648438,19049800
2024-12-19,126.30000305175781,128.8000030517578,124.69999694824219,124.69999694824219,12666348
2024-12-20,125.0999984741211,126.30000305175781,124.0999984741211,125.4000015258789,14921005
2024-12-23,126.19999694824219,127.69999694824219,123.0999984741211,125.4000015258789,12832565
2024-12-24,125.69999694824219,126.80000305175781,124.69999694824219,126.5,11003306
2024-12-25,131.0,133.3000030517578,130.3000030517578,133.3000030517578,18580720
2024-12-26,134.6999969482422,135.8000030517578,130.5,131.0,31981591
2024-12-27,131.10000610351562,132.60000610351562,129.8000030517578,130.0,17708483
2024-12-30,130.1999969482422,130.6999969482422,126.19999694824219,126.19999694824219,16032503
2024-12-31,126.0,127.0,123.80000305175781,124.4000015258789,21528476
2025-01-02,125.5,129.39999389648438,124.9000015258789,128.8000030517578,27479779
2025-01-03,129.60000610351562,131.1999969482422,128.1999969482422,129.10000610351562,21918936
2025-01-06,129.5,131.5,129.1999969482422,129.5,20229737
2025-01-07,129.5,130.1999969482422,127.0,127.0,15541996
2025-01-08,126.80000305175781,129.10000610351562,126.5999984741211,127.69999694824219,16949245
2025-01-09,128.3000030517578,131.3000030517578,126.80000305175781,130.8000030517578,20934343
2025-01-10,131.0,131.39999389648438,126.5999984741211,128.10000610351562,20235584
2025-01-13,128.0,128.5,126.0999984741211,127.4000015258789,21165843
2025-01-14,128.10000610351562,131.3000030517578,125.5,127.30000305175781,38032879
2025-01-15,127.4000015258789,130.0,126.9000015258789,128.3000030517578,21465033
2025-01-16,130.0,130.60000610351562,127.5999984741211,129.8000030517578,20940322
2025-01-17,129.8000030517578,133.1999969482422,129.5,132.8000030517578,31204630
2025-01-20,134.0,135.0,131.0,134.0,23761998
2025-01-21,133.60000610351562,135.6999969482422,133.5,133.8000030517578,31503969
2025-01-22,134.60000610351562,137.8000030517578,134.3000030517578,137.8000030517578,29388980
2025-01-23,138.8000030517578,139.1999969482422,133.0,133.5,41589873
2025-01-24,133.60000610351562,134.10000610351562,131.5,132.3000030517578,21664345
2025-01-27,129.8000030517578,134.3000030517578,129.5,133.8000030517578,23864013
2025-01-28,134.5,135.8000030517578,132.89999389648438,135.5,22749413
2025-01-29,135.6999969482422,137.10000610351562,134.10000610351562,134.8000030517578,26820125
2025-01-30,134.8000030517578,135.5,131.60000610351562,131.60000610351562,21118865
2025-01-31,131.89999389648438,132.8000030517578,126.9000015258789,127.30000305175781,31997623
2025-02-03,125.0999984741211,126.0,120.0999984741211,124.5999984741211,46311577
2025-02-04,125.19999694824219,127.5,123.5,125.19999694824219,37754999
2025-02-05,125.4000015258789,126.5999984741211,122.5999984741211,124.0999984741211,26622636
2025-02-06,125.19999694824219,128.1999969482422,124.5,127.5999984741211,23480562
2025-02-07,127.30000305175781,129.1999969482422,125.5999984741211,128.60000610351562,25154138
2025-02-10,128.8000030517578,129.1999969482422,127.4000015258789,127.5999984741211,15000686
2025-02-11,127.0999984741211,129.6999969482422,127.0,129.60000610351562,13622848
2025-02-12,129.60000610351562,130.5,128.6999969482422,129.5,18183167
2025-02-13,130.6999969482422,131.1999969482422,129.39999389648438,130.1999969482422,22249410
2025-02-14,130.39999389648438,130.89999389648438,129.0,129.0,18484502
2025-02-17,129.10000610351562,129.8000030517578,128.0,128.0,12362334
2025-02-18,128.0,130.8000030517578,127.69999694824219,130.3000030517578,18219750
2025-02-19,130.39999389648438,131.0,128.1999969482422,128.3000030517578,21982830
2025-02-20,128.89999389648438,132.39999389648438,128.89999389648438,130.8000030517578,34256634
2025-02-21,131.0,131.3000030517578,126.0999984741211,128.0,25644853
2025-02-24,129.3000030517578,129.60000610351562,124.80000305175781,125.30000305175781,21661219
2025-02-25,125.19999694824219,127.5,124.30000305175781,126.0,33619334
2025-02-26,126.19999694824219,128.6999969482422,124.69999694824219,126.30000305175781,34830052
2025-02-27,126.19999694824219,129.39999389648438,126.0,127.19999694824219,36854595
2025-02-28,127.0,129.1999969482422,126.0,128.6999969482422,35393733
2025-03-03,130.1999969482422,141.0,130.10000610351562,137.5,59472540
2025-03-04,137.1999969482422,139.6999969482422,136.60000610351562,137.6999969482422,25423693
2025-03-05,139.60000610351562,141.5,135.3000030517578,139.5,34592664
2025-03-06,141.0,142.0,135.60000610351562,138.8000030517578,35424872
2025-03-07,138.8000030517578,142.3000030517578,138.39999389648438,141.89999389648438,32809447
2025-03-10,142.1999969482422,142.60000610351562,139.8000030517578,140.10000610351562,20267904
2025-03-11,141.0,141.60000610351562,136.60000610351562,136.60000610351562,20707229
2025-03-12,137.60000610351562,144.60000610351562,137.39999389648438,143.5,40107544
2025-03-13,144.0,144.5,142.1999969482422,143.39999389648438,18352229
2025-03-14,143.6999969482422,144.5,142.39999389648438,143.39999389648438,26481922
2025-03-17,143.60000610351562,145.60000610351562,142.0,142.60000610351562,25601379
2025-03-18,142.3000030517578,142.6999969482422,139.10000610351562,139.1999969482422,24877956
2025-03-19,130.1999969482422,132.1999969482422,125.30000305175781,125.30000305175781,41355038
2025-03-20,124.30000305175781,127.19999694824219,114.80000305175781,117.19999694824219,72268532
2025-03-21,115.30000305175781,116.69999694824219,105.5,107.19999694824219,50753195
2025-03-24,112.4000015258789,115.0,106.5999984741211,110.80000305175781,60517866
2025-03-25,114.0999984741211,119.80000305175781,112.0,118.9000015258789,41084746
2025-03-26,117.0,120.0,116.19999694824219,119.19999694824219,30997065
2025-03-27,121.5,123.69999694824219,119.69999694824219,123.0999984741211,30066070
2025-03-28,119.4000015258789,119.5,115.4000015258789,118.0,22993684
2025-04-02,116.5999984741211,118.0999984741211,116.0,117.0999984741211,21654816
2025-04-03,117.30000305175781,119.0999984741211,113.5999984741211,114.0,27160147
2025-04-04,113.69999694824219,114.0,110.0,110.80000305175781,24727434
2025-04-07,105.69999694824219,111.19999694824219,104.80000305175781,109.80000305175781,37663409
2025-04-08,111.80000305175781,111.9000015258789,108.4000015258789,110.4000015258789,21124367
2025-04-09,108.80000305175781,109.80000305175781,105.5,105.80000305175781,23433627
2025-04-10,110.80000305175781,111.0999984741211,105.30000305175781,105.5,22865912
2025-04-11,105.30000305175781,108.30000305175781,102.5999984741211,107.5,26511673
2025-04-14,108.9000015258789,109.0999984741211,106.4000015258789,106.80000305175781,15233768
2025-04-15,107.0999984741211,108.0,105.69999694824219,105.69999694824219,21146732
2025-04-16,105.0,106.19999694824219,103.19999694824219,105.5,25833772
2025-04-17,105.69999694824219,109.0,104.5999984741211,104.69999694824219,46870537
2025-04-18,105.0,105.19999694824219,101.4000015258789,102.80000305175781,18397523
2025-04-21,102.5,106.30000305175781,101.30000305175781,102.0999984741211,41453396
2025-04-22,103.19999694824219,103.4000015258789,101.19999694824219,101.30000305175781,20321338
2025-04-24,101.5,104.69999694824219,100.0,104.69999694824219,31760788
2025-04-25,104.9000015258789,105.5,102.5,102.5999984741211,19810812
2025-04-28,103.0999984741211,104.0,100.9000015258789,101.30000305175781,23302360
2025-04-29,101.19999694824219,103.19999694824219,100.80000305175781,102.4000015258789,22921683
2025-04-30,102.4000015258789,102.9000015258789,100.5,102.69999694824219,30560002
2025-05-02,103.80000305175781,104.80000305175781,102.9000015258789,103.30000305175781,19416308
2025-05-05,104.30000305175781,104.4000015258789,101.19999694824219,101.4000015258789,16315327
2025-05-06,101.30000305175781,103.80000305175781,100.9000015258789,101.5999984741211,29214566
2025-05-07,101.5999984741211,101.80000305175781,99.25,99.9000015258789,28530661
2025-05-08,100.19999694824219,101.0,99.5,100.0999984741211,13097428
2025-05-09,100.80000305175781,102.0999984741211,98.75,101.19999694824219,37668552
2025-05-12,104.19999694824219,106.9000015258789,103.5999984741211,106.4000015258789,31755667
2025-05-13,106.0,110.30000305175781,105.9000015258789,109.69999694824219,38110249
2025-05-14,109.0,114.4000015258789,108.4000015258789,113.5999984741211,29769443
2025-05-15,113.4000015258789,114.5,109.4000015258789,110.0999984741211,20365830
2025-05-16,110.0999984741211,114.0,109.0,113.30000305175781,21126020
2025-05-20,113.30000305175781,114.4000015258789,112.0999984741211,112.0999984741211,25323301
2025-05-21,111.5999984741211,113.69999694824219,111.0,111.19999694824219,17443385
2025-05-22,112.0999984741211,114.4000015258789,111.0,112.4000015258789,27685500
2025-05-23,112.19999694824219,113.80000305175781,110.4000015258789,110.80000305175781,19884382
2025-05-26,112.0,112.30000305175781,109.19999694824219,111.80000305175781,14368128
2025-05-27,111.80000305175781,113.0,109.80000305175781,110.4000015258789,11916667
2025-05-28,110.4000015258789,111.19999694824219,109.0999984741211,111.19999694824219,12023594
2025-05-29,112.0,112.5999984741211,109.30000305175781,109.5999984741211,20461088
2025-05-30,109.5,109.9000015258789,105.0,105.9000015258789,36474547
2025-06-02,106.0,108.30000305175781,105.30000305175781,107.80000305175781,27796939
2025-06-03,109.5,116.69999694824219,109.4000015258789,114.0,45759895
2025-06-04,113.69999694824219,115.9000015258789,113.5999984741211,115.69999694824219,24212522
2025-06-05,114.80000305175781,116.0999984741211,114.5,116.0999984741211,9135713
2025-06-10,118.0,123.0,116.5999984741211,122.30000305175781,54836417
2025-06-11,121.9000015258789,123.5,120.80000305175781,121.0999984741211,27218956
2025-06-12,119.69999694824219,121.5,118.69999694824219,119.0,22832828
2025-06-13,113.5,117.19999694824219,112.0,117.19999694824219,30121587
2025-06-16,117.69999694824219,119.80000305175781,116.19999694824219,117.4000015258789,33027966
2025-06-17,117.4000015258789,117.9000015258789,115.0,115.0999984741211,25375456
2025-06-18,115.0,116.69999694824219,113.9000015258789,114.5,22352540
2025-06-19,115.9000015258789,116.80000305175781,112.19999694824219,112.30000305175781,28405204
2025-06-20,113.80000305175781,116.4000015258789,113.69999694824219,115.30000305175781,23057586
2025-06-23,113.5999984741211,116.5,113.5,115.19999694824219,19266609
2025-06-24,120.0,122.19999694824219,119.4000015258789,120.0,37509186
2025-06-25,120.4000015258789,120.80000305175781,118.69999694824219,119.5999984741211,21682175
2025-06-26,119.4000015258789,121.5999984741211,118.80000305175781,118.80000305175781,24519554
2025-06-27,118.9000015258789,123.19999694824219,118.0,122.80000305175781,34525322
2025-06-30,124.5,135.0,124.19999694824219,135.0,48827913
2025-07-01,135.0,138.3000030517578,134.89999389648438,136.89999389648438,34197090
2025-07-02,137.0,140.1999969482422,135.5,138.89999389648438,35755748
2025-07-03,142.0,143.89999389648438,135.10000610351562,135.60000610351562,40690850
2025-07-04,136.1999969482422,137.6999969482422,134.60000610351562,137.39999389648438,19260333
2025-07-07,135.60000610351562,138.10000610351562,134.60000610351562,136.39999389648438,20830134
2025-07-08,137.60000610351562,138.5,135.5,137.3000030517578,28593858
2025-07-09,137.3000030517578,140.1999969482422,136.10000610351562,139.60000610351562,41834293
2025-07-10,141.3000030517578,142.89999389648438,140.6999969482422,141.89999389648438,36354623
2025-07-11,143.0,144.39999389648438,141.10000610351562,142.1999969482422,28267561
2025-07-14,141.6999969482422,141.8000030517578,137.3000030517578,137.5,18850454
2025-07-16,137.1999969482422,138.0,132.10000610351562,133.89999389648438,26471986
2025-07-17,135.1999969482422,141.60000610351562,134.10000610351562,141.60000610351562,29612578
2025-07-18,141.5,141.89999389648438,138.6999969482422,139.0,18006585
2025-07-21,139.6999969482422,143.39999389648438,139.60000610351562,143.0,22893100
2025-07-22,143.3000030517578,144.8000030517578,138.60000610351562,139.39999389648438,27906135
2025-07-23,140.10000610351562,141.8000030517578,137.5,140.3000030517578,22385180
2025-07-24,141.3000030517578,145.3000030517578,139.39999389648438,139.6999969482422,48222349
2025-07-25,139.8000030517578,141.60000610351562,139.3000030517578,140.0,17875574
2025-07-28,141.0,141.3000030517578,137.0,137.1999969482422,13704507
2025-07-29,137.60000610351562,140.1999969482422,137.3000030517578,139.0,14950323
2025-07-30,139.0,142.5,138.39999389648438,142.39999389648438,27102191
2025-07-31,143.39999389648438,144.60000610351562,141.8000030517578,142.8000030517578,22137226
2025-08-01,142.5,145.6999969482422,142.3000030517578,145.5,21665337
2025-08-04,146.89999389648438,154.5,146.60000610351562,151.8000030517578,30886805
2025-08-05,151.3000030517578,152.6999969482422,149.60000610351562,150.0,15862512
2025-08-06,150.6999969482422,151.8000030517578,147.3000030517578,149.60000610351562,23020977
2025-08-07,150.5,152.6999969482422,148.39999389648438,148.39999389648438,23214381
2025-08-08,148.5,149.10000610351562,146.5,146.5,13529901
2025-08-11,148.0,148.6999969482422,146.1999969482422,146.5,13738516
2025-08-12,146.60000610351562,148.0,146.0,146.3000030517578,13728642
2025-08-13,146.5,149.1999969482422,146.39999389648438,148.10000610351562,17286394
2025-08-14,147.60000610351562,148.8000030517578,144.3000030517578,144.60000610351562,17258277
2025-08-15,144.60000610351562,145.0,142.60000610351562,142.89999389648438,18308930
2025-08-18,142.6999969482422,142.8000030517578,140.0,141.0,18320601
2025-08-19,141.8000030517578,143.0,141.60000610351562,143.0,17535801
2025-08-20,142.60000610351562,146.6999969482422,142.39999389648438,145.89999389648438,19939336
2025-08-21,146.89999389648438,148.6999969482422,146.0,148.10000610351562,22326411
2025-08-22,148.3000030517578,149.8000030517578,146.0,149.60000610351562,30751460
2025-08-25,151.0,152.0,148.10000610351562,148.10000610351562,21000295
2025-08-26,147.89999389648438,150.0,147.10000610351562,148.8000030517578,15691651
2025-08-27,149.3000030517578,149.3000030517578,145.0,145.10000610351562,20049509
2025-08-28,145.10000610351562,147.39999389648438,145.10000610351562,145.8000030517578,14669824
2025-08-29,146.10000610351562,146.60000610351562,143.3000030517578,144.10000610351562,20065557
2025-09-01,144.10000610351562,147.89999389648438,144.10000610351562,146.0,24578592
2025-09-02,146.60000610351562,149.89999389648438,136.0,140.60000610351562,57824215
2025-09-03,141.0,141.1999969482422,132.6999969482422,133.8000030517578,36483093
2025-09-04,134.60000610351562,139.39999389648438,134.39999389648438,138.39999389648438,33173392
2025-09-05,139.39999389648438,143.0,136.6999969482422,138.8000030517578,40502344
2025-09-08,136.60000610351562,139.1999969482422,135.0,136.8000030517578,20653021
2025-09-09,137.60000610351562,139.39999389648438,134.89999389648438,138.10000610351562,34325956
2025-09-10,139.39999389648438,141.89999389648438,137.8000030517578,141.89999389648438,26878973
2025-09-11,141.89999389648438,147.3000030517578,137.6999969482422,137.8000030517578,58441974
2025-09-12,138.0,138.8000030517578,135.39999389648438,137.89999389648438,23415882
2025-09-15,137.1999969482422,146.5,134.6999969482422,146.3000030517578,78430234
2025-09-16,146.60000610351562,149.89999389648438,145.39999389648438,149.8000030517578,40932468
2025-09-17,149.60000610351562,150.1999969482422,148.10000610351562,148.5,29191880
2025-09-18,149.10000610351562,149.1999969482422,142.3000030517578,143.60000610351562,21493157
2025-09-19,144.0,148.3000030517578,143.39999389648438,148.0,31856056
2025-09-22,152.3000030517578,153.5,149.60000610351562,149.60000610351562,32400250
2025-09-23,147.6999969482422,149.39999389648438,145.3000030517578,146.5,21892736
2025-09-24,147.0,148.10000610351562,142.8000030517578,146.0,28763507
2025-09-25,146.8000030517578,147.3000030517578,141.89999389648438,142.5,25962589
2025-09-26,141.89999389648438,144.1999969482422,139.5,139.8000030517578,30753258
2025-09-29,138.1999969482422,140.39999389648438,137.5,137.60000610351562,25384193
2025-09-30,138.3000030517578,140.0,137.5,139.8000030517578,28646594
2025-10-01,139.3000030517578,147.10000610351562,138.3000030517578,146.0,36857066
2025-10-02,145.5,146.8000030517578,140.0,140.5,27256027
2025-10-03,141.5,141.6999969482422,135.3000030517578,135.6999969482422,36730967
2025-10-06,136.60000610351562,136.8000030517578,132.5,133.0,22693319
2025-10-07,133.10000610351562,134.5,132.0,134.5,26862988
2025-10-08,134.3000030517578,135.89999389648438,130.8000030517578,130.89999389648438,36518898
2025-10-09,132.60000610351562,133.1999969482422,128.5,130.0,30130619
2025-10-10,130.10000610351562,131.3000030517578,128.6999969482422,130.10000610351562,18298861
2025-10-13,127.5,129.39999389648438,125.80000305175781,126.69999694824219,22533076
2025-10-14,127.0,127.5999984741211,119.4000015258789,119.5,34958433
2025-10-15,120.19999694824219,121.4000015258789,117.5,118.80000305175781,60986453
2025-10-16,117.9000015258789,121.9000015258789,117.5999984741211,120.5,47402415
2025-10-17,119.4000015258789,120.30000305175781,115.4000015258789,118.0999984741211,41818981
2025-10-20,118.5999984741211,124.69999694824219,117.5999984741211,124.19999694824219,46436345
2025-10-21,124.4000015258789,127.4000015258789,123.4000015258789,125.9000015258789,37392880
2025-10-22,126.5,127.69999694824219,125.30000305175781,126.0,30928020
2025-10-23,126.4000015258789,129.10000610351562,125.30000305175781,126.19999694824219,60700239
2025-10-24,127.9000015258789,137.8000030517578,126.69999694824219,131.60000610351562,109283397
2025-10-27,131.0,131.39999389648438,128.1999969482422,128.8000030517578,31453242
2025-10-28,128.60000610351562,129.5,128.0,128.0,11348291
2025-10-30,130.39999389648438,131.3000030517578,128.1999969482422,130.0,37491614
2025-10-31,130.60000610351562,134.60000610351562,129.1999969482422,134.60000610351562,57293889
2025-11-03,135.39999389648438,138.89999389648438,134.10000610351562,134.5,47979367
2025-11-04,134.5,137.10000610351562,133.3000030517578,134.1999969482422,41812400
2025-11-05,134.1999969482422,136.5,132.3000030517578,135.0,37789382
2025-11-06,136.0,137.5,134.8000030517578,136.60000610351562,33142722
2025-11-07,136.8000030517578,137.0,131.5,133.5,31292097
2025-11-10,134.10000610351562,134.6999969482422,129.60000610351562,130.10000610351562,26435072
2025-11-11,130.10000610351562,132.10000610351562,124.19999694824219,127.69999694824219,48006535
2025-11-12,129.3000030517578,130.89999389648438,127.80000305175781,129.10000610351562,24759552
2025-11-13,129.8000030517578,130.89999389648438,128.39999389648438,129.5,19006448
2025-11-14,129.0,130.39999389648438,127.9000015258789,129.1999969482422,15585454
2025-11-17,130.10000610351562,130.60000610351562,127.19999694824219,128.0,39451141
2025-11-18,127.5,130.1999969482422,127.19999694824219,129.1999969482422,28529518
2025-11-19,130.0,134.1999969482422,129.10000610351562,132.60000610351562,38940935
2025-11-20,133.39999389648438,135.5,132.60000610351562,135.5,25542755
2025-11-21,134.60000610351562,134.60000610351562,132.0,133.1999969482422,23633060
2025-11-24,132.0,136.0,132.0,135.10000610351562,30879139
2025-11-25,135.6999969482422,138.3000030517578,135.10000610351562,136.8000030517578,37260250
2025-11-26,137.1999969482422,138.5,135.89999389648438,137.60000610351562,27146020
2025-11-27,138.89999389648438,140.3000030517578,138.39999389648438,138.8000030517578,23562610
2025-11-28,138.39999389648438,139.60000610351562,138.0,138.89999389648438,24680403
2025-12-01,138.6999969482422,143.60000610351562,137.3000030517578,142.8000030517578,37313017
2025-12-02,142.6999969482422,144.0,141.0,142.0,29243646
2025-12-03,142.5,143.3000030517578,139.8000030517578,141.8000030517578,78011613
2025-12-04,142.1999969482422,143.5,137.0,137.39999389648438,38761297
2025-12-05,137.3000030517578,141.6999969482422,136.60000610351562,141.5,35039193
2025-12-08,143.1999969482422,144.3000030517578,140.3000030517578,141.1999969482422,44164705
2025-12-09,141.60000610351562,142.6999969482422,139.8000030517578,140.60000610351562,27576202
2025-12-10,140.89999389648438,141.5,138.3000030517578,139.6999969482422,32190834
2025-12-11,140.10000610351562,141.0,138.60000610351562,139.1999969482422,37533238
2025-12-12,140.0,141.0,138.5,140.39999389648438,24568466
2025-12-15,140.6999969482422,142.3000030517578,140.3000030517578,141.39999389648438,25705814
2025-12-16,141.6999969482422,141.6999969482422,138.1999969482422,139.6999969482422,26938807
2025-12-17,139.3000030517578,141.10000610351562,138.39999389648438,140.1999969482422,24075692
2025-12-18,140.8000030517578,143.60000610351562,140.8000030517578,143.60000610351562,32703341
2025-12-19,143.60000610351562,144.0,141.39999389648438,142.0,26550372
2025-12-22,142.39999389648438,144.8000030517578,142.10000610351562,144.0,27091973
2025-12-23,143.60000610351562,145.0,141.8000030517578,142.3000030517578,24444989
2025-12-24,142.60000610351562,143.6999969482422,141.0,141.1999969482422,20399604
2025-12-25,141.60000610351562,142.3000030517578,140.5,140.89999389648438,6825656
2025-12-26,140.89999389648438,141.39999389648438,137.6999969482422,139.39999389648438,20179957
2025-12-29,139.10000610351562,142.60000610351562,138.5,141.39999389648438,21197041
2025-12-30,141.39999389648438,142.5,140.1999969482422,142.0,17852530
2025-12-31,142.8000030517578,144.60000610351562,142.5,143.5,22541241
2026-01-02,144.3000030517578,149.6999969482422,144.10000610351562,149.6999969482422,31195721
2026-01-05,150.60000610351562,150.89999389648438,147.60000610351562,148.3000030517578,35743232
2026-01-06,148.6999969482422,150.5,147.1999969482422,150.3000030517578,48341609
2026-01-07,150.6999969482422,151.10000610351562,145.89999389648438,146.1999969482422,35181691
2026-01-08,146.39999389648438,147.5,145.10000610351562,145.8000030517578,26152338
2026-01-09,146.5,147.39999389648438,144.5,145.5,26627584
2026-01-12,146.0,148.0,145.39999389648438,145.60000610351562,31004444
2026-01-13,146.0,148.6999969482422,145.1999969482422,147.6999969482422,31414142
2026-01-14,148.1999969482422,148.5,145.5,146.10000610351562,27692031
2026-01-15,146.1999969482422,146.39999389648438,141.5,144.5,32432112
2026-01-16,144.89999389648438,146.1999969482422,141.0,144.8000030517578,51765041
2026-01-19,145.60000610351562,149.3000030517578,145.39999389648438,148.5,44295929
2026-01-20,148.6999969482422,148.89999389648438,146.1999969482422,146.8000030517578,42094371
2026-01-21,147.3000030517578,151.0,146.8000030517578,151.0,44963828
2026-01-22,152.0,152.89999389648438,144.39999389648438,148.5,76033395
2026-01-23,149.1999969482422,152.39999389648438,148.39999389648438,151.3000030517578,43464250
2026-01-26,149.39999389648438,151.60000610351562,147.0,150.8000030517578,55578675
2026-01-27,150.89999389648438,151.5,146.3000030517578,147.0,34994940
2026-01-28,147.5,151.8000030517578,146.5,150.3000030517578,56346313
2026-01-29,151.5,161.89999389648438,151.0,157.6999969482422,71274345
2026-01-30,157.60000610351562,162.0,155.3000030517578,161.3000030517578,45605950
2026-02-02,155.0,162.8000030517578,153.0,160.10000610351562,56743312
2026-02-03,160.89999389648438,166.10000610351562,157.60000610351562,165.0,47580142
2026-02-04,166.0,169.6999969482422,161.39999389648438,161.60000610351562,43574743
2026-02-05,159.6999969482422,160.1999969482422,153.60000610351562,154.3000030517578,33494227
2026-02-06,154.3000030517578,155.1999969482422,150.89999389648438,154.8000030517578,34775469
2026-02-09,156.10000610351562,159.0,155.5,157.1999969482422,29956375
2026-02-10,157.3000030517578,159.0,153.89999389648438,155.1999969482422,35024817
2026-02-11,153.3000030517578,156.5,152.60000610351562,154.5,32117888
2026-02-12,155.1999969482422,163.5,155.10000610351562,163.3000030517578,60442399
2026-02-13,163.60000610351562,164.60000610351562,160.1999969482422,160.8000030517578,27886795
2026-02-16,161.8000030517578,163.39999389648438,158.1999969482422,161.3000030517578,39036225
2026-02-17,160.5,162.5,159.10000610351562,159.3000030517578,33805876
2026-02-18,160.0,164.5,159.0,161.10000610351562,41855195
2026-02-19,161.89999389648438,162.1999969482422,154.10000610351562,155.1999969482422,30009984
2026-02-20,155.5,157.6999969482422,153.8000030517578,157.6999969482422,22921972
2026-02-23,159.89999389648438,160.8000030517578,157.8000030517578,158.39999389648438,33077680
2026-02-24,158.60000610351562,161.60000610351562,157.1999969482422,159.5,33867997
2026-02-25,160.10000610351562,161.5,157.8000030517578,160.1999969482422,34267899
2026-02-26,160.5,164.5,158.8000030517578,163.89999389648438,27157685
2026-02-27,164.5,164.6999969482422,157.89999389648438,160.10000610351562,47545032
2026-03-02,152.0,154.60000610351562,146.1999969482422,146.3000030517578,46915066
2026-03-03,145.8000030517578,148.1999969482422,136.5,137.60000610351562,35428017
2026-03-04,138.0,140.60000610351562,136.3000030517578,138.60000610351562,32739963
2026-03-05,140.3000030517578,143.0,139.6999969482422,140.1999969482422,20921427
2026-03-06,138.8000030517578,140.6999969482422,133.89999389648438,135.5,22912198
2026-03-09,131.5,136.10000610351562,129.5,135.89999389648438,27708713
2026-03-10,142.10000610351562,142.5,138.89999389648438,141.10000610351562,28058059
2026-03-11,140.39999389648438,141.1999969482422,136.6999969482422,139.3000030517578,18675064
2026-03-12,137.89999389648438,140.6999969482422,135.8000030517578,137.89999389648438,26859548
2026-03-13,136.0,136.89999389648438,132.10000610351562,132.8000030517578,25704709
2026-03-16,133.6999969482422,135.60000610351562,131.89999389648438,134.10000610351562,29162251
2026-03-17,134.3000030517578,140.3000030517578,134.3000030517578,138.5,26088953
2026-03-18,139.60000610351562,140.8000030517578,135.8000030517578,135.8000030517578,27635597
2026-03-19,134.5,136.3000030517578,134.10000610351562,135.10000610351562,12854219
2026-03-23,130.0,134.89999389648438,126.19999694824219,134.3000030517578,49759731
2026-03-24,132.3000030517578,133.8000030517578,129.6999969482422,130.0,20463377
2026-03-25,132.0,132.8000030517578,130.0,130.39999389648438,30542335
2026-03-26,129.8000030517578,131.39999389648438,126.69999694824219,126.69999694824219,29076227
2026-03-27,127.30000305175781,128.1999969482422,125.5999984741211,126.5,20849960
2026-03-30,126.30000305175781,127.30000305175781,124.69999694824219,125.5,17284132
2026-03-31,126.0,128.3000030517578,125.80000305175781,126.5,29341179
2026-04-01,131.5,132.39999389648438,128.3000030517578,128.8000030517578,29567474
2026-04-02,125.80000305175781,131.3000030517578,125.80000305175781,131.3000030517578,25472278
2026-04-03,131.1999969482422,133.10000610351562,129.8000030517578,132.1999969482422,22370413
2026-04-06,132.8000030517578,136.3000030517578,132.1999969482422,135.60000610351562,28633428
2026-04-07,130.39999389648438,131.0,126.80000305175781,127.0999984741211,22680912
2026-04-08,135.3000030517578,139.8000030517578,134.3000030517578,137.5,52048781
2026-04-09,136.60000610351562,137.6999969482422,135.1999969482422,136.6999969482422,27312678
2026-04-10,137.6999969482422,140.6999969482422,137.3000030517578,140.39999389648438,34997831
2026-04-13,136.6999969482422,139.10000610351562,135.89999389648438,138.6999969482422,37010851
2026-04-14,140.8000030517578,144.1999969482422,138.0,140.0,42446024
2026-04-15,140.6999969482422,140.6999969482422,138.6999969482422,138.8000030517578,20067355
2026-04-16,139.8000030517578,140.5,136.60000610351562,137.0,24457061
2026-04-17,137.10000610351562,147.10000610351562,136.39999389648438,146.39999389648438,49171307
2026-04-20,144.0,147.6999969482422,142.8000030517578,144.0,38048647
2026-04-21,144.89999389648438,145.8000030517578,141.8000030517578,141.8000030517578,20234879
2026-04-22,143.10000610351562,144.0,139.3000030517578,139.39999389648438,22544707
2026-04-24,138.8000030517578,139.89999389648438,136.39999389648438,138.0,22759476
2026-04-27,138.10000610351562,139.39999389648438,136.1999969482422,136.6999969482422,23883931
2026-04-28,136.5,137.10000610351562,134.3000030517578,134.60000610351562,18070338
2026-04-29,135.8000030517578,136.39999389648438,132.3000030517578,132.6999969482422,24681843
2026-04-30,132.0,134.8000030517578,131.0,133.8000030517578,27400523
2026-05-04,134.1999969482422,134.89999389648438,128.89999389648438,129.60000610351562,30032824
2026-05-05,129.60000610351562,130.8000030517578,128.3000030517578,129.39999389648438,23142970
2026-05-06,131.8000030517578,137.5,130.89999389648438,136.60000610351562,74603470
2026-05-07,138.0,139.0,136.60000610351562,137.60000610351562,47414602
2026-05-08,136.6999969482422,138.1999969482422,134.8000030517578,137.3000030517578,34280123
2026-05-11,136.60000610351562,138.60000610351562,136.10000610351562,138.1999969482422,38541286
2026-05-12,137.6999969482422,138.3000030517578,133.3000030517578,133.39999389648438,28038200
2026-05-13,134.1999969482422,134.60000610351562,130.6999969482422,131.5,28761121
2026-05-14,132.10000610351562,134.1999969482422,131.0,133.6999969482422,24762552
2026-05-15,131.5,131.6999969482422,129.0,129.8000030517578,26965070
2026-05-18,128.6999969482422,130.6999969482422,126.5999984741211,129.3000030517578,26936943
2026-05-20,128.8000030517578,131.10000610351562,127.5999984741211,129.8000030517578,24242460
2026-05-21,129.0,130.3000030517578,120.0,120.0,27281106
2026-05-22,120.5,123.5,116.9000015258789,122.30000305175781,59917827
2026-05-25,123.0,125.5999984741211,121.69999694824219,125.19999694824219,38385587
2026-05-26,125.0999984741211,125.9000015258789,122.9000015258789,122.9000015258789,10332222
2026-05-27,122.9000015258789,122.9000015258789,122.9000015258789,122.9000015258789,0
2026-05-28,122.9000015258789,122.9000015258789,122.9000015258789,122.9000015258789,0
2026-05-29,122.9000015258789,122.9000015258789,122.9000015258789,122.9000015258789,0
2026-06-01,123.69999694824219,126.5999984741211,122.0999984741211,123.0999984741211,29144689
2026-06-02,124.30000305175781,130.0,124.19999694824219,128.8000030517578,27336972
2026-06-03,128.8000030517578,129.39999389648438,125.80000305175781,125.9000015258789,28021323
2026-06-04,126.69999694824219,129.8000030517578,125.0999984741211,129.5,34663394
2026-06-05,130.0,130.3000030517578,124.9000015258789,125.0,27324337
2026-06-08,123.30000305175781,129.89999389648438,123.19999694824219,129.3000030517578,32688674
2026-06-09,129.3000030517578,131.6999969482422,129.10000610351562,130.39999389648438,29060981
2026-06-10,130.0,130.6999969482422,126.30000305175781,128.1999969482422,22178509
2026-06-11,128.8000030517578,130.60000610351562,126.0,129.0,30160639
2026-06-12,131.89999389648438,138.5,131.89999389648438,135.89999389648438,61924913
2026-06-15,144.0,144.39999389648438,140.39999389648438,141.0,42802777
2026-06-16,140.8000030517578,141.8000030517578,139.39999389648438,140.1999969482422,30872322
2026-06-17,141.10000610351562,141.89999389648438,139.60000610351562,141.0,25916912
2026-06-18,141.39999389648438,144.8000030517578,141.0,144.0,48151372
2026-06-19,141.6999969482422,144.5,141.39999389648438,143.6999969482422,37003568
2026-06-22,144.5,145.10000610351562,142.60000610351562,143.6999969482422,23789135
2026-06-23,142.39999389648438,143.39999389648438,139.5,140.6999969482422,23429822
2026-06-24,140.89999389648438,141.1999969482422,138.89999389648438,140.39999389648438,17364392
2026-06-25,142.0,144.10000610351562,137.39999389648438,137.60000610351562,30811428
2026-06-26,137.6999969482422,139.0,137.10000610351562,138.39999389648438,15148665
2026-06-29,138.39999389648438,138.60000610351562,136.1999969482422,137.3000030517578,19195726
2026-06-30,137.5,138.8000030517578,136.60000610351562,138.0,26154176
2026-07-01,138.0,139.6999969482422,136.3000030517578,138.5,34988961
2026-07-02,138.6999969482422,140.60000610351562,137.6999969482422,138.60000610351562,27151226
2026-07-03,139.60000610351562,139.89999389648438,133.5,133.5,34940065
2026-07-06,134.0,136.0,133.3000030517578,133.6999969482422,19909940
2026-07-07,133.3000030517578,136.5,133.1999969482422,134.39999389648438,26815700
2026-07-08,133.10000610351562,134.39999389648438,129.39999389648438,130.39999389648438,32437081
2026-07-09,131.3000030517578,131.6999969482422,129.0,130.10000610351562,18710694
2026-07-10,130.0,132.1999969482422,127.4000015258789,129.0,30166209
2026-07-13,127.0999984741211,128.5,125.5999984741211,126.69999694824219,24738215
2026-07-14,125.80000305175781,129.1999969482422,125.69999694824219,128.89999389648438,22620417
2026-07-16,129.1999969482422,129.39999389648438,126.5999984741211,128.6999969482422,33824026
2026-07-17,127.80000305175781,128.10000610351562,125.0,126.80000305175781,29350060
2026-07-20,126.5,126.9000015258789,124.0,124.30000305175781,32704287
2026-07-21,125.0,125.9000015258789,124.0,124.19999694824219,24797658
2026-07-22,124.4000015258789,127.0999984741211,124.0,125.9000015258789,29426985
2026-07-23,125.9000015258789,126.80000305175781,124.30000305175781,125.0,27462682
2026-07-24,125.0999984741211,126.69999694824219,124.9000015258789,126.0,20291814
2026-07-27,127.9000015258789,129.39999389648438,126.0,127.0999984741211,38634437
2026-07-28,127.19999694824219,129.39999389648438,126.5,127.4000015258789,26863675
2026-07-29,127.5,128.89999389648438,124.5999984741211,126.30000305175781,28841815
2026-07-30,126.0,126.80000305175781,123.0,123.0999984741211,35463365
2026-07-31,123.69999694824219,124.30000305175781,120.0,123.4000015258789,58603631
2026-08-03,125.0,128.39999389648438,124.5999984741211,127.9000015258789,43911194
2026-08-04,127.5,132.39999389648438,126.0999984741211,131.8000030517578,47866335
2026-08-05,131.6999969482422,131.6999969482422,128.0,129.6999969482422,32549040
2026-08-06,130.0,131.10000610351562,127.5999984741211,127.80000305175781,36864296
2026-08-07,127.9000015258789,129.0,126.4000015258789,127.0,29528278
2026-08-10,127.5,128.10000610351562,126.4000015258789,126.5999984741211,20052964
2026-08-11,126.5,127.19999694824219,123.5,126.5,31346281
2026-08-12,126.0999984741211,131.3000030517578,125.9000015258789,131.0,47788394
2026-08-13,130.89999389648438,132.0,128.60000610351562,129.60000610351562,29835385
2026-08-14,129.5,131.3000030517578,129.1999969482422,131.0,34885000
2026-08-17,131.1999969482422,131.8000030517578,129.0,129.0,28438139
2026-08-18,128.10000610351562,130.10000610351562,127.80000305175781,129.3000030517578,18068272
2026-08-19,129.0,132.8000030517578,129.0,132.0,27052882
2026-08-20,132.6999969482422,133.39999389648438,128.8000030517578,129.3000030517578,32281012
2026-08-21,129.3000030517578,131.89999389648438,129.1999969482422,129.89999389648438,29112317
2026-08-24,134.60000610351562,134.8000030517578,131.1999969482422,131.60000610351562,45057515
2026-08-25,131.60000610351562,133.60000610351562,131.5,132.60000610351562,41986684
2026-08-26,133.1999969482422,137.3000030517578,133.10000610351562,133.3000030517578,65495707
2026-08-27,134.10000610351562,135.60000610351562,132.1999969482422,133.0,37778026
2026-08-28,133.0,134.5,132.60000610351562,133.8000030517578,30153435
2026-08-31,133.89999389648438,134.0,130.0,130.89999389648438,36379757
2026-09-01,131.0,133.8000030517578,130.89999389648438,132.89999389648438,31851535
2026-09-02,132.0,132.6999969482422,128.0,132.0,28116924
2026-09-03,132.5,134.39999389648438,131.39999389648438,131.39999389648438,26138427
2026-09-04,131.8000030517578,133.39999389648438,130.39999389648438,131.39999389648438,25109310
2026-09-08,133.60000610351562,136.0,131.8000030517578,136.0,52038653
2026-09-09,136.0,137.8000030517578,133.8000030517578,134.3000030517578,58094683
2026-09-10,135.0,136.10000610351562,132.3000030517578,133.39999389648438,31532875
2026-09-11,133.5,135.8000030517578,133.1999969482422,134.1999969482422,30497223
2026-09-14,133.3000030517578,135.1999969482422,133.0,133.89999389648438,17824978
2026-09-15,134.10000610351562,134.1999969482422,127.80000305175781,127.80000305175781,28801841
2026-09-16,128.39999389648438,128.8000030517578,117.80000305175781,120.9000015258789,54050349
