Date,Open,High,Low,Close,Volume
2021-09-17,0.9648190140724182,0.9666190147399902,0.94861900806427,0.94861900806427,245970344
2021-09-20,0.9360190033912659,0.9414190053939819,0.9252179861068726,0.9270179867744446,253583450
2021-09-21,0.9324179887771606,0.9378190040588379,0.9252179861068726,0.9270179867744446,207735920
2021-09-22,0.9342179894447327,0.946819007396698,0.9288179874420166,0.946819007396698,249543432
2021-09-23,0.945019006729126,0.9576190114021301,0.9234179854393005,0.9306179881095886,462013179
2021-09-24,0.9270179867744446,0.9288179874420166,0.9000179767608643,0.9090179800987244,350110624
2021-09-27,0.9162179827690125,0.9234179854393005,0.9054179787635803,0.9234179854393005,302768391
2021-09-28,0.9234179854393005,0.9234179854393005,0.9090179800987244,0.9144179821014404,296398137
2021-09-29,0.9198179841041565,0.9288179874420166,0.9144179821014404,0.9252179861068726,326009685
2021-09-30,0.9270179867744446,0.9396190047264099,0.9180179834365845,0.9342179894447327,399063419
2021-10-01,0.9306179881095886,0.9360190033912659,0.9252179861068726,0.9288179874420166,197451857
2021-10-04,0.9288179874420166,0.9342179894447327,0.9234179854393005,0.9270179867744446,283096973
2021-10-05,0.9270179867744446,0.9324179887771606,0.9216179847717285,0.9270179867744446,165434163
2021-10-06,0.9252179861068726,0.9306179881095886,0.9180179834365845,0.9234179854393005,276320650
2021-10-07,0.9306179881095886,0.9378190040588379,0.9288179874420166,0.9378190040588379,200322554
2021-10-08,0.9378190040588379,0.9414190053939819,0.9306179881095886,0.9342179894447327,177642431
2021-10-11,0.9360190033912659,0.945019006729126,0.9342179894447327,0.9414190053939819,182322264
2021-10-12,0.9378190040588379,0.950419008731842,0.9360190033912659,0.9414190053939819,241136442
2021-10-13,0.945019006729126,0.94861900806427,0.9306179881095886,0.9342179894447327,302434136
2021-10-14,0.9324179887771606,0.9414190053939819,0.9288179874420166,0.9360190033912659,279596567
2021-10-15,0.9396190047264099,0.9414190053939819,0.9162179827690125,0.9252179861068726,401466664
2021-10-18,0.9234179854393005,0.9252179861068726,0.9126179814338684,0.9198179841041565,269474800
2021-10-19,0.9252179861068726,0.9414190053939819,0.9252179861068726,0.9414190053939819,251099056
2021-10-20,0.9378190040588379,0.9612190127372742,0.9324179887771606,0.9612190127372742,283394751
2021-10-21,0.9576190114021301,0.9684190154075623,0.9342179894447327,0.9612190127372742,449652836
2021-10-22,0.9594190120697021,0.9828190207481384,0.9540190100669861,0.9774190187454224,334106749
2021-10-25,0.9738190174102783,0.9828190207481384,0.9648190140724182,0.9774190187454224,442022980
2021-10-26,0.9828190207481384,0.993619978427887,0.9810190200805664,0.9846190214157104,359546954
2021-10-27,0.9882199764251709,1.0170199871063232,0.9846190214157104,1.0098199844360352,526638661
2021-10-28,1.008020043373108,1.01882004737854,0.995419979095459,1.0134199857711792,340135571
2021-11-01,1.0206199884414673,1.038620948791504,1.0134199857711792,1.0350209474563599,474355390
2021-11-02,1.0368210077285767,1.05302095413208,1.0350209474563599,1.0476210117340088,518374101
2021-11-03,1.045820951461792,1.072821021080017,1.0206199884414673,1.072821021080017,830905117
2021-11-04,1.0890220403671265,1.116021990776062,1.0800210237503052,1.112421989440918,861334276
2021-11-05,1.112421989440918,1.128622055053711,1.0962220430374146,1.128622055053711,470561733
2021-11-08,1.1394230127334595,1.1430230140686035,1.1106220483779907,1.12322199344635,819767298
2021-11-09,1.1214220523834229,1.1412229537963867,1.1142220497131348,1.119621992111206,677064490
2021-11-10,1.119621992111206,1.1358230113983154,1.112421989440918,1.128622055053711,470229574
2021-11-11,1.1268219947814941,1.1340229511260986,1.112421989440918,1.1142220497131348,414558809
2021-11-12,1.128622055053711,1.1466230154037476,1.128622055053711,1.1448229551315308,504940091
2021-11-15,1.225823998451233,1.2582249641418457,1.2096240520477295,1.2582249641418457,742794206
2021-11-16,1.27982497215271,1.3104259967803955,1.2276240587234497,1.229423999786377,1221459125
2021-11-17,1.225823998451233,1.2528250217437744,1.2240240573883057,1.2456250190734863,500521303
2021-11-18,1.2456250190734863,1.3392269611358643,1.2420250177383423,1.2978260517120361,1197563077
2021-11-19,1.3032259941101074,1.3086260557174683,1.2780250310897827,1.2852259874343872,398065755
2021-11-22,1.2924259901046753,1.3050260543823242,1.2672250270843506,1.27982497215271,322599127
2021-11-23,1.276224970817566,1.287026047706604,1.2222239971160889,1.2474249601364136,861262511
2021-11-24,1.2546249628067017,1.2960259914398193,1.2474249601364136,1.276224970817566,839131011
2021-11-25,1.2816259860992432,1.2852259874343872,1.2474249601364136,1.2474249601364136,420957668
2021-11-26,1.2240240573883057,1.229423999786377,1.1862239837646484,1.2060240507125854,456729025
2021-11-29,1.2114239931106567,1.2114239931106567,1.1754230260849,1.1934239864349365,425334663
2021-11-30,1.1898239850997925,1.1952240467071533,1.173622965812683,1.1826239824295044,587664795
2021-12-01,1.1916240453720093,1.2276240587234497,1.1916240453720093,1.2240240573883057,470450380
2021-12-02,1.2276240587234497,1.2456250190734863,1.2276240587234497,1.2402249574661255,368658675
2021-12-03,1.2582249641418457,1.2672250270843506,1.2420250177383423,1.2618249654769897,321284331
2021-12-06,1.2636250257492065,1.3140259981155396,1.2618249654769897,1.3140259981155396,414441651
2021-12-07,1.3230259418487549,1.341027021408081,1.2960259914398193,1.330227017402649,791852298
2021-12-08,1.3392269611358643,1.384227991104126,1.337427020072937,1.3788269758224487,794300165
2021-12-09,1.3860280513763428,1.45802903175354,1.3860280513763428,1.4022279977798462,920854701
2021-12-10,1.404028058052063,1.4112279415130615,1.3536269664764404,1.3716269731521606,646882548
2021-12-13,1.3770270347595215,1.4490289688110352,1.3680269718170166,1.4256279468536377,760292389
2021-12-14,1.434628963470459,1.5318310260772705,1.434628963470459,1.5156300067901611,968898187
2021-12-15,1.5660309791564941,1.5732309818267822,1.4922300577163696,1.508430004119873,756789160
2021-12-16,1.5210299491882324,1.602031946182251,1.5210299491882324,1.602031946182251,1058441474
2021-12-17,1.6272330284118652,1.7028340101242065,1.441828966140747,1.441828966140747,1322389809
2021-12-20,1.341027021408081,1.4634289741516113,1.2978260517120361,1.3680269718170166,1032594293
2021-12-21,1.4940299987792969,1.497630000114441,1.3104259967803955,1.3518270254135132,1009079693
2021-12-22,1.341027021408081,1.4166280031204224,1.3230259418487549,1.384227991104126,692273648
2021-12-23,1.4094280004501343,1.4202280044555664,1.3392269611358643,1.3932280540466309,525438591
2021-12-24,1.396828055381775,1.4094280004501343,1.384227991104126,1.3986279964447021,339332226
2021-12-27,1.396828055381775,1.4364290237426758,1.396828055381775,1.434628963470459,478057865
2021-12-28,1.4256279468536377,1.4256279468536377,1.330227017402649,1.3428269624710083,537009690
2021-12-29,1.3284260034561157,1.3644269704818726,1.3032259941101074,1.3428269624710083,480778748
2021-12-30,1.3482270240783691,1.3716269731521606,1.3284260034561157,1.3284260034561157,504393241
2021-12-31,1.3356269598007202,1.3428269624710083,1.2852259874343872,1.294226050376892,351138936
2022-01-03,1.2960259914398193,1.333827018737793,1.290626049041748,1.326625943183899,227045123
2022-01-04,1.3320269584655762,1.3536269664764404,1.2960259914398193,1.3176259994506836,315235876
2022-01-05,1.3158260583877563,1.344627022743225,1.3086260557174683,1.3428269624710083,214377452
2022-01-06,1.3284260034561157,1.3536269664764404,1.326625943183899,1.330227017402649,328300428
2022-01-07,1.337427020072937,1.395027995109558,1.333827018737793,1.395027995109558,505826062
2022-01-10,1.4202280044555664,1.4328290224075317,1.4022279977798462,1.4022279977798462,259392288
2022-01-11,1.4130280017852783,1.4292290210723877,1.3734270334243774,1.4022279977798462,380254912
2022-01-12,1.4184279441833496,1.4274280071258545,1.396828055381775,1.4112279415130615,313197873
2022-01-13,1.4130280017852783,1.4364290237426758,1.4112279415130615,1.4220279455184937,375163493
2022-01-14,1.4238280057907104,1.4490289688110352,1.396828055381775,1.4328290224075317,326000419
2022-01-17,1.4598289728164673,1.4850300550460815,1.454429030418396,1.4832299947738647,396798376
2022-01-18,1.4796299934387207,1.5192300081253052,1.4058279991149902,1.4058279991149902,554798862
2022-01-19,1.4238280057907104,1.5030299425125122,1.4184279441833496,1.5030299425125122,604608873
2022-01-20,1.5192300081253052,1.5372309684753418,1.4454289674758911,1.4742289781570435,795853173
2022-01-21,1.4688290357589722,1.4922300577163696,1.454429030418396,1.4814300537109375,423952330
2022-01-24,1.4760290384292603,1.504830002784729,1.4130280017852783,1.4166280031204224,492746605
2022-01-25,1.434628963470459,1.4652290344238281,1.400428056716919,1.4562289714813232,281940380
2022-01-26,1.461629033088684,1.4742289781570435,1.4454289674758911,1.454429030418396,181114194
2022-01-27,1.4238280057907104,1.4688290357589722,1.4166280031204224,1.4670289754867554,241792679
2022-01-28,1.4706289768218994,1.4886300563812256,1.4562289714813232,1.4598289728164673,205068597
2022-01-31,1.4706289768218994,1.5030299425125122,1.4688290357589722,1.5030299425125122,295829793
2022-02-01,1.508430004119873,1.5300309658050537,1.5030299425125122,1.5066299438476562,274969811
2022-02-02,1.5300309658050537,1.56243097782135,1.5228300094604492,1.558830976486206,404227636
2022-02-03,1.5408309698104858,1.5732309818267822,1.4940299987792969,1.501230001449585,329267791
2022-02-04,1.501230001449585,1.5102299451828003,1.4688290357589722,1.4778300523757935,241489057
2022-02-07,1.4724290370941162,1.4958300590515137,1.404028058052063,1.4940299987792969,556210128
2022-02-08,1.4940299987792969,1.5354310274124146,1.4904299974441528,1.5300309658050537,397678136
2022-02-09,1.5570310354232788,1.56243097782135,1.5336309671401978,1.551630973815918,376900480
2022-02-10,1.5534310340881348,1.5894320011138916,1.548030972480774,1.56243097782135,548811033
2022-02-11,1.548030972480774,1.5894320011138916,1.5282310247421265,1.5894320011138916,425259426
2022-02-14,1.5660309791564941,1.575031042098999,1.5174299478530884,1.5444309711456299,627905839
2022-02-15,1.551630973815918,1.5840320587158203,1.5444309711456299,1.575031042098999,319424369
2022-02-16,1.5768320560455322,1.5786319971084595,1.5570310354232788,1.5570310354232788,177916798
2022-02-17,1.5606310367584229,1.5786319971084595,1.5336309671401978,1.5336309671401978,300379584
2022-02-18,1.555230975151062,1.555230975151062,1.5264300107955933,1.5462310314178467,209518984
2022-02-21,1.5570310354232788,1.5660309791564941,1.5228300094604492,1.5390310287475586,271754554
2022-02-22,1.5102299451828003,1.555230975151062,1.4940299987792969,1.5354310274124146,329552108
2022-02-23,1.5372309684753418,1.5444309711456299,1.5102299451828003,1.5210299491882324,254872685
2022-02-24,1.404028058052063,1.4364290237426758,1.3698270320892334,1.3698270320892334,312597858
2022-02-25,1.3860280513763428,1.438228964805603,1.3626270294189453,1.4256279468536377,374136475
2022-02-28,1.5066299438476562,1.5066299438476562,1.4166280031204224,1.4328290224075317,537716314
2022-03-01,1.4436290264129639,1.504830002784729,1.4400290250778198,1.4490289688110352,430319867
2022-03-02,1.4526289701461792,1.4814300537109375,1.4436290264129639,1.4598289728164673,252211217
2022-03-03,1.4742289781570435,1.4832299947738647,1.45802903175354,1.4652290344238281,268725404
2022-03-04,1.4526289701461792,1.4634289741516113,1.4364290237426758,1.438228964805603,249629831
2022-03-07,1.4166280031204224,1.4292290210723877,1.404028058052063,1.4130280017852783,359735128
2022-03-08,1.395027995109558,1.4292290210723877,1.3932280540466309,1.4148279428482056,206562861
2022-03-09,1.4238280057907104,1.4724290370941162,1.4238280057907104,1.4688290357589722,285959826
2022-03-10,1.4724290370941162,1.4796299934387207,1.4436290264129639,1.4562289714813232,195327983
2022-03-11,1.461629033088684,1.4778300523757935,1.4526289701461792,1.4598289728164673,161582480
2022-03-14,1.4598289728164673,1.4940299987792969,1.4598289728164673,1.4904299974441528,155860218
2022-03-15,1.4832299947738647,1.5372309684753418,1.4832299947738647,1.5282310247421265,285161065
2022-03-16,1.5354310274124146,1.5372309684753418,1.5138299465179443,1.5282310247421265,165784572
2022-03-17,1.5318310260772705,1.571431040763855,1.5300309658050537,1.5660309791564941,244501368
2022-03-18,1.56243097782135,1.567831039428711,1.5498310327529907,1.5606310367584229,121097885
2022-03-21,1.564231038093567,1.5894320011138916,1.564231038093567,1.5786319971084595,166322667
2022-03-22,1.5786319971084595,1.6290329694747925,1.5732309818267822,1.6272330284118652,186887071
2022-03-23,1.6290329694747925,1.6452330350875854,1.6146320104599,1.6236319541931152,222400272
2022-03-24,1.6254329681396484,1.6326329708099365,1.567831039428711,1.5696309804916382,258561216
2022-03-25,1.575031042098999,1.5912319421768188,1.5426310300827026,1.5426310300827026,229046982
2022-03-28,1.5498310327529907,1.5570310354232788,1.5318310260772705,1.5372309684753418,190695438
2022-03-29,1.4904299974441528,1.5336309671401978,1.4904299974441528,1.5246299505233765,241752157
2022-03-30,1.5300309658050537,1.6146320104599,1.5300309658050537,1.6110320091247559,341128623
2022-03-31,1.6164319515228271,1.6434329748153687,1.5768320560455322,1.5894320011138916,267989947
2022-04-01,1.5966320037841797,1.6146320104599,1.5840320587158203,1.5966320037841797,243408051
2022-04-04,1.6038320064544678,1.6632330417633057,1.6038320064544678,1.6596330404281616,366572551
2022-04-05,1.665032982826233,1.7100340127944946,1.6398329734802246,1.6578329801559448,377123114
2022-04-06,1.6578329801559448,1.672232985496521,1.6308330297470093,1.6452330350875854,264670225
2022-04-07,1.6560330390930176,1.7424349784851074,1.6560330390930176,1.729835033416748,401584856
2022-04-08,1.7460349798202515,1.82703697681427,1.7460349798202515,1.8216359615325928,476199575
2022-04-11,1.8324370384216309,1.9260389804840088,1.8324370384216309,1.9260389804840088,667584494
2022-04-12,1.9080380201339722,1.9584389925003052,1.8684370517730713,1.9242390394210815,656497030
2022-04-13,1.944038987159729,1.9530390501022339,1.8666369915008545,1.8846379518508911,479348038
2022-04-14,1.893638014793396,1.9350390434265137,1.893638014793396,1.9224389791488647,336976363
2022-04-15,1.9224389791488647,1.960239052772522,1.9026379585266113,1.940438985824585,248136761
2022-04-18,1.944038987159729,1.994439959526062,1.9260389804840088,1.9836399555206299,372128721
2022-04-19,1.998039960861206,2.007040023803711,1.9116380214691162,1.9386390447616577,513665069
2022-04-20,1.947638988494873,1.9728399515151978,1.9296389818191528,1.956639051437378,331506907
2022-04-21,1.9620389938354492,1.9890400171279907,1.9620389938354492,1.9764399528503418,246432662
2022-04-22,1.9710400104522705,1.9890400171279907,1.8828380107879639,1.886438012123108,322792217
2022-04-25,1.9170379638671875,1.9422390460968018,1.8882379531860352,1.9278390407562256,411189306
2022-04-26,1.9350390434265137,1.9656389951705933,1.8828380107879639,1.890038013458252,391017971
2022-04-27,1.893638014793396,1.940438985824585,1.8792380094528198,1.9206379652023315,363445414
2022-04-28,1.9314390420913696,1.9620389938354492,1.9044380187988281,1.9134379625320435,231835675
2022-04-29,1.9170379638671875,1.9224389791488647,1.8666369915008545,1.8954379558563232,263239571
2022-05-05,1.9224389791488647,1.9494390487670898,1.8666369915008545,1.8720380067825317,314557101
2022-05-06,1.8630369901657104,1.9098379611968994,1.8558369874954224,1.9044380187988281,391067092
2022-05-09,1.900838017463684,1.9530390501022339,1.89723801612854,1.947638988494873,314301590
2022-05-10,1.9620389938354492,1.9620389938354492,1.9170379638671875,1.9260389804840088,88647344
2022-05-11,1.9152380228042603,1.9242390394210815,1.8450369834899902,1.877437949180603,319487229
2022-05-12,1.8450369834899902,1.8684370517730713,1.8036359548568726,1.836037039756775,491624928
2022-05-13,1.8558369874954224,1.8558369874954224,1.8072359561920166,1.8216359615325928,197133958
2022-05-16,1.8198360204696655,1.8198360204696655,1.7442350387573242,1.7478350400924683,320819218
2022-05-17,1.7514350414276123,1.7568349838256836,1.71903395652771,1.71903395652771,369488191
2022-05-18,1.71903395652771,1.8198360204696655,1.7136340141296387,1.7892359495162964,467283439
2022-05-20,1.7856359481811523,1.8414369821548462,1.773036003112793,1.7946360111236572,384999082
2022-05-23,1.8054360151290894,1.830636978149414,1.780236005783081,1.830636978149414,266630924
2022-05-24,1.8324370384216309,1.836037039756775,1.8018360137939453,1.8090360164642334,249507005
2022-05-25,1.8180359601974487,1.8486369848251343,1.7874360084533691,1.830636978149414,321567670
2022-05-26,1.8252370357513428,1.839637041091919,1.8090360164642334,1.8216359615325928,260408923
2022-05-27,1.8216359615325928,1.8576370477676392,1.8090360164642334,1.8288370370864868,337284690
2022-05-30,1.839637041091919,1.9224389791488647,1.839637041091919,1.8990379571914673,299894082
2022-05-31,1.900838017463684,1.9584389925003052,1.893638014793396,1.9494390487670898,347254709
2022-06-01,1.9494390487670898,1.9692389965057373,1.9224389791488647,1.9224389791488647,368143641
2022-06-02,1.9296389818191528,1.947638988494873,1.9170379638671875,1.9314390420913696,359056764
2022-06-03,1.936838984489441,1.940438985824585,1.900838017463684,1.9224389791488647,199252115
2022-06-06,1.9296389818191528,2.005239963531494,1.9296389818191528,1.998039960861206,401160159
2022-06-07,1.9854400157928467,2.016040086746216,1.963839054107666,2.0088400840759277,270409392
2022-06-08,2.0124399662017822,2.0214409828186035,1.8612370491027832,1.877437949180603,389382871
2022-06-09,1.877437949180603,1.9080380201339722,1.836037039756775,1.8756380081176758,313697719
2022-06-10,1.8594369888305664,2.0196409225463867,1.8576370477676392,1.956639051437378,627958276
2022-06-13,1.9530390501022339,2.0610411167144775,1.9494390487670898,2.014240026473999,577215284
2022-06-14,2.0280001163482666,2.0360000133514404,1.9160000085830688,1.9199999570846558,284613532
2022-06-15,1.9240000247955322,1.9320000410079956,1.8480000495910645,1.9079999923706055,391207432
2022-06-16,1.9199999570846558,1.9279999732971191,1.815999984741211,1.8839999437332153,423519585
2022-06-17,1.8799999952316284,1.9600000381469727,1.8799999952316284,1.9520000219345093,289765535
2022-06-20,1.9559999704360962,1.9759999513626099,1.9119999408721924,1.9359999895095825,198281400
2022-06-21,1.9559999704360962,1.9919999837875366,1.9520000219345093,1.9600000381469727,231978370
2022-06-22,1.944000005722046,1.9800000190734863,1.9199999570846558,1.944000005722046,264729727
2022-06-23,1.944000005722046,1.9559999704360962,1.8760000467300415,1.899999976158142,271309472
2022-06-24,1.9040000438690186,1.9119999408721924,1.8600000143051147,1.8799999952316284,245588087
2022-06-27,1.8240000009536743,1.8680000305175781,1.815999984741211,1.843999981880188,240070980
2022-06-28,1.840000033378601,1.8600000143051147,1.784000039100647,1.8200000524520874,257725932
2022-06-29,1.7960000038146973,1.8320000171661377,1.7359999418258667,1.7359999418258667,207031125
2022-06-30,1.7319999933242798,1.784000039100647,1.7239999771118164,1.7519999742507935,272066207
2022-07-01,1.7280000448226929,1.8320000171661377,1.7280000448226929,1.7999999523162842,282818437
2022-07-04,1.812000036239624,1.843999981880188,1.75600004196167,1.7599999904632568,171096520
2022-07-05,1.7599999904632568,1.8079999685287476,1.74399995803833,1.7599999904632568,259517332
2022-07-06,1.7760000228881836,1.7920000553131104,1.75600004196167,1.7760000228881836,143591815
2022-07-07,1.7799999713897705,1.8240000009536743,1.7760000228881836,1.8079999685287476,204919765
2022-07-08,1.7999999523162842,1.815999984741211,1.7920000553131104,1.7960000038146973,40577787
2022-07-13,1.7960000038146973,1.8079999685287476,1.75600004196167,1.784000039100647,204932875
2022-07-14,1.784000039100647,1.8040000200271606,1.7680000066757202,1.7920000553131104,127448207
2022-07-18,1.815999984741211,1.8880000114440918,1.815999984741211,1.8760000467300415,194981905
2022-07-19,1.8680000305175781,1.972000002861023,1.8639999628067017,1.9600000381469727,247807090
2022-07-20,1.9800000190734863,1.9919999837875366,1.940000057220459,1.9559999704360962,282742975
2022-07-21,1.9600000381469727,1.9919999837875366,1.940000057220459,1.9559999704360962,303087520
2022-07-22,1.9759999513626099,1.9919999837875366,1.9559999704360962,1.972000002861023,196763987
2022-07-25,1.9759999513626099,2.0840001106262207,1.972000002861023,2.0799999237060547,351988347
2022-07-26,2.0920000076293945,2.115999937057495,2.0439999103546143,2.055999994277954,299335202
2022-07-27,2.0799999237060547,2.0920000076293945,2.0399999618530273,2.052000045776367,229295707
2022-07-28,2.0799999237060547,2.1080000400543213,2.0399999618530273,2.052000045776367,401118325
2022-07-29,2.055999994277954,2.0920000076293945,2.0439999103546143,2.0880000591278076,226432657
2022-08-01,2.0999999046325684,2.1760001182556152,2.0999999046325684,2.1760001182556152,238194850
2022-08-02,2.180000066757202,2.191999912261963,2.1559998989105225,2.180000066757202,184134240
2022-08-03,2.2039999961853027,2.2639999389648438,2.1760001182556152,2.2639999389648438,289881530
2022-08-04,2.2960000038146973,2.427999973297119,2.2839999198913574,2.4159998893737793,377454492
2022-08-05,2.447999954223633,2.6559998989105225,2.4240000247955322,2.568000078201294,649219837
2022-08-08,2.572000026702881,2.5959999561309814,2.5,2.5439999103546143,431313590
2022-08-09,2.4760000705718994,2.507999897003174,2.364000082015991,2.384000062942505,1159029600
2022-08-10,2.371999979019165,2.427999973297119,2.364000082015991,2.4159998893737793,638480385
2022-08-11,2.440000057220459,2.496000051498413,2.436000108718872,2.4600000381469727,819542770
2022-08-12,2.4679999351501465,2.492000102996826,2.384000062942505,2.384000062942505,606197217
2022-08-15,2.4000000953674316,2.440000057220459,2.384000062942505,2.4040000438690186,407674360
2022-08-16,2.4200000762939453,2.4719998836517334,2.312000036239624,2.4719998836517334,752560255
2022-08-17,2.503999948501587,2.7160000801086426,2.4800000190734863,2.7160000801086426,1149585915
2022-08-18,2.7320001125335693,2.871999979019165,2.611999988555908,2.799999952316284,1269728807
2022-08-19,2.799999952316284,2.8480000495910645,2.7279999256134033,2.7960000038146973,566380727
2022-08-22,2.7920000553131104,3.0199999809265137,2.759999990463257,2.9839999675750732,678493715
2022-08-23,3.003999948501587,3.2799999713897705,2.98799991607666,3.2799999713897705,678924795
2022-08-24,3.380000114440918,3.436000108718872,3.01200008392334,3.01200008392334,1643114462
2022-08-25,3.0280001163482666,3.2200000286102295,2.940000057220459,3.135999917984009,41707362
2022-08-26,3.1679999828338623,3.2839999198913574,3.01200008392334,3.0920000076293945,2322618415
2022-08-29,3.1040000915527344,3.2079999446868896,3.0199999809265137,3.184000015258789,1041987812
2022-08-31,3.184000015258789,3.252000093460083,3.119999885559082,3.1679999828338623,1032265442
2022-09-01,3.171999931335449,3.328000068664551,3.131999969482422,3.2160000801086426,1422451715
2022-09-02,3.2639999389648438,3.5360000133514404,3.2200000286102295,3.5360000133514404,1272362927
2022-09-05,3.5999999046325684,3.888000011444092,3.5239999294281006,3.8559999465942383,1217962162
2022-09-06,3.9600000381469727,4.239999771118164,3.7839999198913574,4.211999893188477,1542757872
2022-09-07,4.239999771118164,4.383999824523926,4.02400016784668,4.116000175476074,1101031400
2022-09-08,4.211999893188477,4.52400016784668,4.047999858856201,4.52400016784668,1139569982
2022-09-09,4.567999839782715,4.97599983215332,4.452000141143799,4.97599983215332,827023750
2022-09-12,5.328000068664551,5.395999908447266,4.992000102996826,5.019999980926514,2330664130
2022-09-13,5.035999774932861,5.056000232696533,4.519999980926514,4.519999980926514,2256117877
2022-09-14,4.248000144958496,4.288000106811523,4.067999839782715,4.067999839782715,326758697
2022-09-15,3.9200000762939453,4.184000015258789,3.6640000343322754,3.6640000343322754,898740677
2022-09-16,3.436000108718872,3.680000066757202,3.299999952316284,3.503999948501587,1840906440
2022-09-19,3.4600000381469727,3.507999897003174,3.1559998989105225,3.1559998989105225,818063995
2022-09-20,3.2160000801086426,3.3480000495910645,3.055999994277954,3.315999984741211,1457573292
2022-09-21,3.2960000038146973,3.3519999980926514,3.1559998989105225,3.171999931335449,760091877
2022-09-22,3.1760001182556152,3.3440001010894775,3.1640000343322754,3.259999990463257,704512512
2022-09-23,3.25600004196167,3.2799999713897705,3.128000020980835,3.131999969482422,377777787
2022-09-26,3.131999969482422,3.131999969482422,2.9200000762939453,3.068000078201294,802573912
2022-09-27,3.0759999752044678,3.2799999713897705,3.063999891281128,3.135999917984009,917699570
2022-09-28,3.119999885559082,3.2200000286102295,3.0399999618530273,3.0399999618530273,548963312
2022-09-29,3.068000078201294,3.135999917984009,2.9159998893737793,3.007999897003174,501234240
2022-09-30,3.007999897003174,3.059999942779541,2.9639999866485596,3.007999897003174,430370565
2022-10-03,3.0239999294281006,3.308000087738037,3.0160000324249268,3.308000087738037,501776775
2022-10-04,3.4200000762939453,3.492000102996826,3.2839999198913574,3.303999900817871,793851670
2022-10-05,3.3359999656677246,3.3519999980926514,3.191999912261963,3.252000093460083,516937010
2022-10-06,3.299999952316284,3.359999895095825,3.2839999198913574,3.3399999141693115,539133175
2022-10-07,3.3399999141693115,3.364000082015991,3.2880001068115234,3.3399999141693115,432085115
2022-10-10,3.359999895095825,3.375999927520752,3.2880001068115234,3.2960000038146973,351183815
2022-10-11,3.303999900817871,3.3440001010894775,3.2760000228881836,3.315999984741211,636328622
2022-10-12,3.319999933242798,3.380000114440918,3.2799999713897705,3.299999952316284,683763945
2022-10-13,3.308000087738037,3.3559999465942383,3.24399995803833,3.2880001068115234,546690490
2022-10-14,3.368000030517578,3.431999921798706,3.368000030517578,3.4159998893737793,764971307
2022-10-17,3.447999954223633,3.75600004196167,3.447999954223633,3.75600004196167,796201870
2022-10-18,3.9800000190734863,4.01200008392334,3.7200000286102295,3.7880001068115234,885147492
2022-10-19,3.808000087738037,4.0879998207092285,3.747999906539917,4.039999961853027,1156578537
2022-10-20,4.0279998779296875,4.127999782562256,3.944000005722046,3.9560000896453857,1080759722
2022-10-21,3.9519999027252197,4.007999897003174,3.9240000247955322,3.931999921798706,484660867
2022-10-24,3.9639999866485596,4.007999897003174,3.859999895095825,3.864000082015991,481343727
2022-10-25,3.880000114440918,4.035999774932861,3.880000114440918,3.9519999027252197,749215167
2022-10-26,3.9719998836517334,4.0,3.868000030517578,3.8919999599456787,404584150
2022-10-27,3.9200000762939453,3.940000057220459,3.7360000610351562,3.752000093460083,509688005
2022-10-28,3.7360000610351562,3.75600004196167,3.563999891281128,3.619999885559082,334242587
2022-10-31,3.640000104904175,3.7279999256134033,3.51200008392334,3.7279999256134033,644361047
2022-11-01,3.74399995803833,3.8519999980926514,3.619999885559082,3.752000093460083,723096457
2022-11-02,3.740000009536743,3.740000009536743,3.5880000591278076,3.5880000591278076,760126280
2022-11-03,3.5920000076293945,3.640000104904175,3.444000005722046,3.4800000190734863,748967837
2022-11-04,3.5399999618530273,3.6040000915527344,3.4719998836517334,3.5799999237060547,829895987
2022-11-07,3.619999885559082,3.747999906539917,3.619999885559082,3.700000047683716,815648322
2022-11-08,3.700000047683716,3.752000093460083,3.611999988555908,3.624000072479248,913320897
2022-11-09,3.6440000534057617,3.7239999771118164,3.5840001106262207,3.635999917984009,670617375
2022-11-10,3.6440000534057617,3.7920000553131104,3.631999969482422,3.759999990463257,729207065
2022-11-11,3.871999979019165,3.880000114440918,3.640000104904175,3.671999931335449,677146590
2022-11-14,3.680000066757202,3.7239999771118164,3.6519999504089355,3.7039999961853027,623566327
2022-11-15,3.740000009536743,3.8919999599456787,3.635999917984009,3.8919999599456787,1329563547
2022-11-16,3.9159998893737793,4.184000015258789,3.8440001010894775,3.9679999351501465,1759341495
2022-11-17,3.9800000190734863,4.0,3.752000093460083,3.7720000743865967,768074655
2022-11-18,3.7839999198913574,3.9079999923706055,3.752000093460083,3.819999933242798,729773180
2022-11-21,3.8559999465942383,3.9000000953674316,3.752000093460083,3.9000000953674316,708270180
2022-11-22,3.9600000381469727,4.079999923706055,3.888000011444092,4.047999858856201,937661657
2022-11-23,4.052000045776367,4.303999900817871,4.007999897003174,4.263999938964844,1085805097
2022-11-24,4.300000190734863,4.392000198364258,4.184000015258789,4.21999979019165,964545390
2022-11-25,4.188000202178955,4.199999809265137,4.079999923706055,4.099999904632568,874298792
2022-11-28,4.111999988555908,4.248000144958496,4.0960001945495605,4.131999969482422,1068864370
2022-11-29,4.159999847412109,4.196000099182129,4.072000026702881,4.127999782562256,722950607
2022-11-30,4.131999969482422,4.228000164031982,4.111999988555908,4.144000053405762,885870625
2022-12-01,4.208000183105469,4.360000133514404,4.196000099182129,4.343999862670898,1004086617
2022-12-02,4.335999965667725,4.340000152587891,4.1479997634887695,4.176000118255615,642005412
2022-12-05,4.208000183105469,4.21999979019165,4.059999942779541,4.059999942779541,799702090
2022-12-06,4.064000129699707,4.171999931335449,4.052000045776367,4.084000110626221,635858422
2022-12-07,4.099999904632568,4.168000221252441,3.9000000953674316,3.9560000896453857,704786587
2022-12-08,3.9719998836517334,4.044000148773193,3.8480000495910645,4.015999794006348,679472322
2022-12-09,4.0279998779296875,4.239999771118164,4.0,4.228000164031982,602039360
2022-12-12,4.24399995803833,4.559999942779541,4.164000034332275,4.519999980926514,941250782
2022-12-13,4.4720001220703125,4.5920000076293945,4.4079999923706055,4.484000205993652,734607637
2022-12-14,4.52400016784668,4.728000164031982,4.343999862670898,4.4679999351501465,1091606560
2022-12-15,4.579999923706055,4.900000095367432,4.535999774932861,4.860000133514404,1201633760
2022-12-16,4.920000076293945,5.019999980926514,4.895999908447266,4.9039998054504395,274772775
2022-12-19,5.02400016784668,5.4679999351501465,5.02400016784668,5.4679999351501465,1377398337
2022-12-20,5.455999851226807,5.455999851226807,5.015999794006348,5.184000015258789,1235991760
2022-12-21,5.239999771118164,5.400000095367432,5.0920000076293945,5.104000091552734,980823402
2022-12-22,5.156000137329102,5.296000003814697,5.0879998207092285,5.1479997634887695,697283707
2022-12-23,5.1519999504089355,5.291999816894531,5.056000232696533,5.203999996185303,659001542
2022-12-26,5.276000022888184,5.335999965667725,5.176000118255615,5.191999912261963,487037645
2022-12-27,5.199999809265137,5.308000087738037,5.144000053405762,5.196000099182129,722436147
2022-12-28,5.184000015258789,5.196000099182129,4.927999973297119,5.02400016784668,606620862
2022-12-29,5.0320000648498535,5.223999977111816,5.0320000648498535,5.168000221252441,436067355
2022-12-30,5.203999996185303,5.283999919891357,5.107999801635742,5.107999801635742,636704395
2023-01-02,5.144000053405762,5.288000106811523,5.131999969482422,5.223999977111816,566205427
2023-01-03,5.239999771118164,5.25600004196167,5.044000148773193,5.067999839782715,552312495
2023-01-04,5.116000175476074,5.211999893188477,4.927999973297119,5.01200008392334,682222452
2023-01-05,5.044000148773193,5.079999923706055,4.783999919891357,4.815999984741211,440933942
2023-01-06,4.539999961853027,4.932000160217285,4.395999908447266,4.828000068664551,643931235
2023-01-09,4.915999889373779,4.923999786376953,4.567999839782715,4.636000156402588,485028680
2023-01-10,4.671999931335449,4.711999893188477,4.440000057220459,4.4720001220703125,422890582
2023-01-11,4.492000102996826,4.572000026702881,4.179999828338623,4.191999912261963,472518750
2023-01-12,4.300000190734863,4.375999927520752,4.02400016784668,4.343999862670898,451790735
2023-01-13,4.288000106811523,4.427999973297119,4.223999977111816,4.320000171661377,388466952
2023-01-16,4.4039998054504395,4.544000148773193,4.383999824523926,4.535999774932861,460087835
2023-01-17,4.559999942779541,4.671999931335449,4.507999897003174,4.564000129699707,505256412
2023-01-18,4.5879998207092285,4.688000202178955,4.455999851226807,4.552000045776367,563408647
2023-01-19,4.552000045776367,4.760000228881836,4.535999774932861,4.6479997634887695,538746097
2023-01-20,4.679999828338623,4.9720001220703125,4.6479997634887695,4.915999889373779,619923485
2023-01-23,4.992000102996826,5.159999847412109,4.808000087738037,4.892000198364258,540602847
2023-01-24,4.900000095367432,4.935999870300293,4.728000164031982,4.811999797821045,549968365
2023-01-25,4.840000152587891,4.875999927520752,4.52400016784668,4.644000053405762,496720165
2023-01-26,4.639999866485596,4.656000137329102,4.4720001220703125,4.492000102996826,522788940
2023-01-27,4.4679999351501465,4.4720001220703125,4.179999828338623,4.355999946594238,476312135
2023-01-30,4.331999778747559,4.447999954223633,4.276000022888184,4.300000190734863,404967047
2023-01-31,4.28000020980835,4.4720001220703125,4.223999977111816,4.3520002365112305,516669272
2023-02-01,4.372000217437744,4.4039998054504395,3.98799991607666,3.98799991607666,469943270
2023-02-02,3.98799991607666,4.116000175476074,3.7320001125335693,3.9079999923706055,656411500
2023-02-03,3.9200000762939453,4.251999855041504,3.8959999084472656,4.228000164031982,554757262
2023-02-06,4.156000137329102,4.228000164031982,3.9519999027252197,4.124000072479248,85674897
2023-02-07,4.1519999504089355,4.159999847412109,3.7320001125335693,3.808000087738037,193023115
2023-02-08,3.615999937057495,3.615999937057495,3.615999937057495,3.615999937057495,7
2023-02-15,4.1519999504089355,4.188000202178955,4.02400016784668,4.188000202178955,69180942
2023-02-16,4.567999839782715,4.567999839782715,4.303999900817871,4.420000076293945,308058215
2023-02-17,4.340000152587891,4.5,4.331999778747559,4.368000030517578,215661937
2023-02-20,4.388000011444092,4.51200008392334,4.3520002365112305,4.4079999923706055,180465100
2023-02-21,4.395999908447266,4.4679999351501465,4.251999855041504,4.28000020980835,240178790
2023-02-22,4.28000020980835,4.427999973297119,4.25600004196167,4.368000030517578,214892492
2023-02-23,4.380000114440918,4.547999858856201,4.340000152587891,4.4079999923706055,327930765
2023-02-24,4.4120001792907715,4.447999954223633,4.300000190734863,4.323999881744385,165565905
2023-02-27,4.360000133514404,4.664000034332275,4.263999938964844,4.6479997634887695,446189620
2023-02-28,4.659999847412109,4.739999771118164,4.504000186920166,4.544000148773193,403246372
2023-03-01,4.5920000076293945,4.736000061035156,4.552000045776367,4.656000137329102,339155807
2023-03-02,4.696000099182129,4.840000152587891,4.668000221252441,4.791999816894531,428679032
2023-03-03,4.75600004196167,4.76800012588501,4.547999858856201,4.716000080108643,500043760
2023-03-06,4.763999938964844,5.184000015258789,4.74399995803833,5.184000015258789,679737917
2023-03-07,5.343999862670898,5.51200008392334,5.184000015258789,5.191999912261963,967036082
2023-03-08,5.196000099182129,5.708000183105469,5.176000118255615,5.708000183105469,1036218242
2023-03-09,5.708000183105469,6.0279998779296875,5.504000186920166,5.679999828338623,1383266910
2023-03-10,5.599999904632568,6.056000232696533,5.599999904632568,5.823999881744385,1187379442
2023-03-13,5.880000114440918,5.927999973297119,5.5879998207092285,5.668000221252441,802439480
2023-03-14,5.699999809265137,5.927999973297119,5.636000156402588,5.748000144958496,990832257
2023-03-15,5.776000022888184,5.892000198364258,5.611999988555908,5.8480000495910645,1137338815
2023-03-16,5.900000095367432,6.0320000648498535,5.800000190734863,5.880000114440918,824162450
2023-03-17,5.960000038146973,6.047999858856201,5.888000011444092,5.888000011444092,1098672110
2023-03-20,5.803999900817871,5.900000095367432,5.579999923706055,5.599999904632568,881198375
2023-03-21,5.624000072479248,5.708000183105469,5.452000141143799,5.455999851226807,759482312
2023-03-22,5.5,5.559999942779541,5.392000198364258,5.480000019073486,514458897
2023-03-23,5.480000019073486,5.668000221252441,5.435999870300293,5.668000221252441,461016630
2023-03-24,5.671999931335449,5.711999893188477,5.539999961853027,5.539999961853027,514037462
2023-03-27,5.584000110626221,5.607999801635742,5.447999954223633,5.447999954223633,348482170
2023-03-28,5.447999954223633,5.507999897003174,5.188000202178955,5.199999809265137,512668887
2023-03-29,5.199999809265137,5.423999786376953,5.1519999504089355,5.4039998054504395,558887710
2023-03-30,5.3520002365112305,5.572000026702881,5.320000171661377,5.4079999923706055,659320130
2023-03-31,5.3520002365112305,5.375999927520752,5.127999782562256,5.188000202178955,533449442
2023-04-03,4.868000030517578,4.888000011444092,4.688000202178955,4.875999927520752,539350252
2023-04-04,4.888000011444092,4.9720001220703125,4.840000152587891,4.9679999351501465,353902345
2023-04-05,4.97599983215332,5.044000148773193,4.840000152587891,4.840000152587891,387638275
2023-04-06,4.860000133514404,4.9079999923706055,0.4000000059604645,4.788000106811523,243656635
2023-04-07,4.791999816894531,4.815999984741211,4.579999923706055,4.723999977111816,236244245
2023-04-10,4.75600004196167,4.860000133514404,4.751999855041504,4.823999881744385,225428142
2023-04-11,4.843999862670898,4.892000198364258,4.803999900817871,4.860000133514404,333400767
2023-04-12,4.868000030517578,4.992000102996826,4.843999862670898,4.9120001792907715,584788475
2023-04-13,4.927999973297119,4.995999813079834,4.8480000495910645,4.8480000495910645,504281252
2023-04-14,4.872000217437744,4.940000057220459,4.835999965667725,4.8480000495910645,286709942
2023-04-17,4.860000133514404,4.915999889373779,4.791999816894531,4.803999900817871,271314292
2023-04-18,4.820000171661377,4.880000114440918,4.791999816894531,4.803999900817871,282920780
2023-04-19,4.811999797821045,5.059999942779541,4.71999979019165,4.915999889373779,516337080
2023-04-20,4.800000190734863,4.835999965667725,4.73199987411499,4.74399995803833,182213075
2023-04-24,4.776000022888184,4.835999965667725,4.684000015258789,4.696000099182129,276700715
2023-04-25,4.708000183105469,4.736000061035156,4.535999774932861,4.572000026702881,294846892
2023-04-26,4.556000232696533,4.624000072479248,4.455999851226807,4.484000205993652,303237750
2023-04-27,4.48799991607666,4.572000026702881,4.443999767303467,4.519999980926514,285746252
2023-04-28,4.535999774932861,4.544000148773193,4.25600004196167,4.331999778747559,248016347
2023-05-02,4.340000152587891,4.415999889373779,4.26800012588501,4.283999919891357,217066967
2023-05-03,4.311999797821045,4.363999843597412,4.168000221252441,4.239999771118164,244640180
2023-05-04,4.216000080108643,4.331999778747559,4.199999809265137,4.260000228881836,291463120
2023-05-05,4.26800012588501,4.4120001792907715,4.228000164031982,4.260000228881836,253440932
2023-05-08,4.300000190734863,4.684000015258789,4.251999855041504,4.684000015258789,467003772
2023-05-09,4.679999828338623,5.104000091552734,4.631999969482422,4.8480000495910645,1163623837
2023-05-10,4.860000133514404,5.251999855041504,4.840000152587891,5.127999782562256,1114550377
2023-05-11,5.1519999504089355,5.639999866485596,5.1519999504089355,5.639999866485596,1073644465
2023-05-12,5.892000198364258,5.964000225067139,5.5879998207092285,5.5879998207092285,1484549980
2023-05-15,5.0320000648498535,5.0320000648498535,5.0320000648498535,5.0320000648498535,27934875
2023-05-16,4.5320000648498535,4.631999969482422,4.5320000648498535,4.5320000648498535,1327055185
2023-05-17,4.584000110626221,4.627999782562256,4.4039998054504395,4.4720001220703125,971622867
2023-05-18,4.47599983215332,4.539999961853027,4.303999900817871,4.311999797821045,642681317
2023-05-22,4.3520002365112305,4.363999843597412,4.0879998207092285,4.111999988555908,525456647
2023-05-23,4.131999969482422,4.263999938964844,4.104000091552734,4.1479997634887695,506723912
2023-05-24,4.171999931335449,4.303999900817871,4.079999923706055,4.084000110626221,493318627
2023-05-25,4.099999904632568,4.188000202178955,4.067999839782715,4.168000221252441,424859900
2023-05-26,4.184000015258789,4.288000106811523,4.119999885559082,4.216000080108643,478996340
2023-05-29,4.25600004196167,4.392000198364258,4.084000110626221,4.260000228881836,757880570
2023-05-30,4.415999889373779,4.676000118255615,4.4039998054504395,4.639999866485596,1263402445
2023-05-31,4.616000175476074,4.691999912261963,4.460000038146973,4.460000038146973,791729185
2023-06-01,4.507999897003174,4.644000053405762,4.507999897003174,4.559999942779541,472825572
2023-06-02,4.875999927520752,4.960000038146973,4.788000106811523,4.9039998054504395,920950067
2023-06-05,5.139999866485596,5.139999866485596,4.920000076293945,5.052000045776367,633402042
2023-06-06,5.0279998779296875,5.136000156402588,4.932000160217285,5.099999904632568,624193490
2023-06-07,5.199999809265137,5.447999954223633,5.079999923706055,5.311999797821045,846149360
2023-06-08,5.303999900817871,5.539999961853027,5.296000003814697,5.435999870300293,648658667
2023-06-09,5.480000019073486,5.519999980926514,5.328000068664551,5.380000114440918,453523795
2023-06-12,5.4039998054504395,5.455999851226807,5.239999771118164,5.239999771118164,327868312
2023-06-13,5.251999855041504,5.380000114440918,5.127999782562256,5.191999912261963,505787847
2023-06-14,5.23199987411499,5.484000205993652,5.184000015258789,5.296000003814697,798713392
2023-06-15,5.380000114440918,5.519999980926514,5.328000068664551,5.519999980926514,624905995
2023-06-16,5.52400016784668,5.567999839782715,5.368000030517578,5.368000030517578,526183667
2023-06-19,5.368000030517578,5.383999824523926,5.1519999504089355,5.1519999504089355,492284632
2023-06-20,5.1519999504089355,5.355999946594238,5.131999969482422,5.303999900817871,513901867
2023-06-21,5.363999843597412,5.400000095367432,5.179999828338623,5.239999771118164,414534337
2023-06-22,5.251999855041504,5.3520002365112305,5.116000175476074,5.296000003814697,729288507
2023-06-23,5.375999927520752,5.584000110626221,5.368000030517578,5.460000038146973,628851842
2023-06-26,5.676000118255615,5.699999809265137,5.607999801635742,5.619999885559082,372389665
2023-06-27,5.5960001945495605,5.684000015258789,5.556000232696533,5.624000072479248,241478930
2023-07-03,5.699999809265137,5.76800012588501,5.671999931335449,5.699999809265137,493189687
2023-07-04,5.736000061035156,5.860000133514404,5.73199987411499,5.75600004196167,807089755
2023-07-05,5.776000022888184,5.783999919891357,5.535999774932861,5.699999809265137,490445185
2023-07-06,5.723999977111816,5.763999938964844,5.567999839782715,5.567999839782715,488031160
2023-07-07,5.572000026702881,5.659999847412109,5.5320000648498535,5.564000129699707,253881952
2023-07-10,5.664000034332275,5.671999931335449,5.579999923706055,5.5960001945495605,279426702
2023-07-11,5.71999979019165,5.880000114440918,5.599999904632568,5.808000087738037,980379930
2023-07-12,5.800000190734863,6.019999980926514,5.75600004196167,5.8480000495910645,1279766400
2023-07-13,5.880000114440918,5.995999813079834,5.8520002365112305,5.9039998054504395,1033698385
2023-07-14,5.9720001220703125,6.02400016784668,5.763999938964844,5.796000003814697,548527585
2023-07-17,5.843999862670898,5.927999973297119,5.736000061035156,5.815999984741211,502291197
2023-07-18,5.831999778747559,5.9120001792907715,5.519999980926514,5.519999980926514,491969297
2023-07-19,5.519999980926514,5.708000183105469,5.480000019073486,5.708000183105469,368322967
2023-07-20,5.739999771118164,5.8520002365112305,5.624000072479248,5.78000020980835,522854765
2023-07-21,5.751999855041504,5.820000171661377,5.611999988555908,5.627999782562256,275358587
2023-07-24,5.6479997634887695,5.684000015258789,5.5,5.559999942779541,251964560
2023-07-25,5.599999904632568,5.76800012588501,5.5879998207092285,5.748000144958496,480968637
2023-07-26,5.71999979019165,5.748000144958496,5.547999858856201,5.604000091552734,455105680
2023-07-27,5.664000034332275,5.760000228881836,5.616000175476074,5.748000144958496,625181255
2023-07-28,5.940000057220459,6.124000072479248,5.9120001792907715,6.019999980926514,870839630
2023-07-31,6.052000045776367,6.127999782562256,5.992000102996826,6.044000148773193,731486960
2023-08-01,6.02400016784668,6.260000228881836,5.943999767303467,6.119999885559082,940767747
2023-08-02,6.119999885559082,6.368000030517578,6.052000045776367,6.300000190734863,771960955
2023-08-03,6.328000068664551,6.363999843597412,6.131999969482422,6.144000053405762,534520440
2023-08-04,6.168000221252441,6.432000160217285,6.136000156402588,6.423999786376953,696972185
2023-08-07,6.4720001220703125,6.484000205993652,6.3520002365112305,6.4679999351501465,444255360
2023-08-08,6.579999923706055,6.679999828338623,6.383999824523926,6.492000102996826,751179920
2023-08-09,6.515999794006348,7.136000156402588,6.492000102996826,7.052000045776367,1128832702
2023-08-10,7.0920000076293945,7.5279998779296875,6.831999778747559,6.9079999923706055,1728232820
2023-08-11,6.9039998054504395,7.02400016784668,6.688000202178955,6.920000076293945,955551822
2023-08-14,6.952000141143799,7.116000175476074,6.776000022888184,6.803999900817871,722683612
2023-08-15,6.823999881744385,7.044000148773193,6.636000156402588,6.955999851226807,703389055
2023-08-16,6.900000095367432,6.952000141143799,6.791999816894531,6.820000171661377,496560875
2023-08-17,6.828000068664551,6.964000225067139,6.811999797821045,6.883999824523926,523104037
2023-08-18,6.900000095367432,6.935999870300293,6.556000232696533,6.644000053405762,462424972
2023-08-21,6.388000011444092,6.840000152587891,6.323999881744385,6.711999893188477,583688477
2023-08-22,6.74399995803833,6.76800012588501,6.447999954223633,6.52400016784668,393609082
2023-08-23,6.535999774932861,6.888000011444092,6.455999851226807,6.716000080108643,650187587
2023-08-24,6.831999778747559,7.375999927520752,6.791999816894531,7.199999809265137,2111845680
2023-08-25,7.239999771118164,7.599999904632568,7.004000186920166,7.4720001220703125,969140967
2023-08-28,7.880000114440918,8.215999603271484,7.840000152587891,8.168000221252441,1348277765
2023-08-29,8.095999717712402,8.968000411987305,8.031999588012695,8.86400032043457,1735011450
2023-08-31,8.991999626159668,9.343999862670898,8.423999786376953,8.423999786376953,906512365
2023-09-01,8.48799991607666,8.807999610900879,8.407999992370605,8.543999671936035,782515790
2023-09-04,8.663999557495117,9.168000221252441,8.46399974822998,8.944000244140625,954444117
2023-09-05,8.935999870300293,9.552000045776367,8.880000114440918,9.432000160217285,953692570
2023-09-06,9.607999801635742,10.031999588012695,9.383999824523926,9.824000358581543,830368820
2023-09-07,9.887999534606934,10.119999885559082,9.552000045776367,9.824000358581543,792970915
2023-09-08,9.84000015258789,10.0,9.704000473022461,9.880000114440918,551120232
2023-09-11,9.920000076293945,9.928000450134277,9.104000091552734,9.119999885559082,624187797
2023-09-12,9.152000427246094,9.272000312805176,8.847999572753906,8.887999534606934,615568742
2023-09-13,8.904000282287598,9.055999755859375,8.567999839782715,8.616000175476074,529256617
2023-09-14,8.576000213623047,8.831999778747559,8.288000106811523,8.64799976348877,715245040
2023-09-15,8.680000305175781,8.97599983215332,8.53600025177002,8.631999969482422,576453312
2023-09-18,8.607999801635742,8.928000450134277,8.51200008392334,8.727999687194824,543863460
2023-09-19,8.784000396728516,8.928000450134277,8.656000137329102,8.807999610900879,398669260
2023-09-20,8.880000114440918,9.215999603271484,8.800000190734863,9.0,614430752
2023-09-21,9.015999794006348,9.303999900817871,8.84000015258789,9.255999565124512,756404007
2023-09-22,9.272000312805176,10.112000465393066,9.192000389099121,9.960000038146973,920042630
2023-09-25,10.015999794006348,10.215999603271484,9.935999870300293,10.064000129699707,579824837
2023-09-26,10.095999717712402,10.583999633789062,9.880000114440918,9.895999908447266,656598557
2023-09-27,9.920000076293945,10.399999618530273,9.895999908447266,10.199999809265137,601625852
2023-09-28,10.279999732971191,10.472000122070312,10.095999717712402,10.168000221252441,467349275
2023-09-29,10.288000106811523,10.607999801635742,10.239999771118164,10.295999526977539,518156930
2023-10-02,10.359999656677246,10.552000045776367,10.263999938964844,10.37600040435791,380101587
2023-10-03,10.423999786376953,10.48799991607666,9.97599983215332,10.04800033569336,317425545
2023-10-04,10.064000129699707,10.248000144958496,9.855999946594238,9.904000282287598,385044212
2023-10-05,10.008000373840332,10.32800006866455,9.64799976348877,10.239999771118164,412625412
2023-10-06,10.15999984741211,10.32800006866455,9.911999702453613,9.960000038146973,315867295
2023-10-09,9.680000305175781,10.02400016784668,9.64799976348877,9.656000137329102,330207382
2023-10-10,9.86400032043457,10.0,9.760000228881836,9.928000450134277,248326887
2023-10-11,10.51200008392334,10.520000457763672,10.055999755859375,10.13599967956543,444615442
2023-10-12,10.263999938964844,10.319999694824219,9.663999557495117,9.847999572753906,348798482
2023-10-13,9.767999649047852,9.815999984741211,9.46399974822998,9.600000381469727,204692360
2023-10-16,9.760000228881836,9.760000228881836,9.343999862670898,9.343999862670898,219067187
2023-10-17,9.359999656677246,9.552000045776367,9.303999900817871,9.527999877929688,197668517
2023-10-18,9.359999656677246,9.423999786376953,9.0,9.128000259399414,232339717
2023-10-19,9.13599967956543,9.447999954223633,9.039999961853027,9.192000389099121,241684975
2023-10-20,9.055999755859375,9.13599967956543,8.607999801635742,8.640000343322754,215111110
2023-10-23,8.800000190734863,8.904000282287598,8.600000381469727,8.84000015258789,285373370
2023-10-24,8.871999740600586,9.67199993133545,8.86400032043457,9.600000381469727,431170190
2023-10-25,9.631999969482422,9.640000343322754,8.84000015258789,8.84000015258789,288933407
2023-10-26,8.95199966430664,9.104000091552734,8.583999633789062,8.920000076293945,697168727
2023-10-27,9.008000373840332,9.095999717712402,8.687999725341797,8.920000076293945,385601487
2023-10-30,8.831999778747559,8.871999740600586,8.640000343322754,8.680000305175781,296194652
2023-10-31,8.760000228881836,8.807999610900879,8.359999656677246,8.392000198364258,282526707
2023-11-01,8.472000122070312,8.496000289916992,7.947999954223633,8.263999938964844,327061660
2023-11-02,8.279999732971191,8.416000366210938,8.192000389099121,8.288000106811523,291749372
2023-11-03,8.303999900817871,8.416000366210938,8.215999603271484,8.383999824523926,263040702
2023-11-06,8.527999877929688,8.847999572753906,8.527999877929688,8.800000190734863,256546875
2023-11-07,8.727999687194824,8.86400032043457,8.53600025177002,8.640000343322754,333501105
2023-11-08,8.680000305175781,8.727999687194824,8.263999938964844,8.295999526977539,432672845
2023-11-09,8.223999977111816,8.343999862670898,8.0,8.02400016784668,503722977
2023-11-10,8.039999961853027,8.13599967956543,7.9679999351501465,8.031999588012695,315780715
2023-11-13,8.039999961853027,8.208000183105469,7.920000076293945,7.920000076293945,500811002
2023-11-14,7.952000141143799,8.04800033569336,7.796000003814697,8.031999588012695,439711530
2023-11-15,8.071999549865723,8.168000221252441,7.960000038146973,8.04800033569336,309994155
2023-11-16,8.055999755859375,8.312000274658203,8.055999755859375,8.239999771118164,312724215
2023-11-17,8.208000183105469,8.263999938964844,8.175999641418457,8.215999603271484,222252252
2023-11-20,8.303999900817871,8.423999786376953,8.272000312805176,8.32800006866455,296031440
2023-11-21,8.392000198364258,8.520000457763672,8.263999938964844,8.520000457763672,294161405
2023-11-22,8.520000457763672,8.583999633789062,8.447999954223633,8.479999542236328,280835635
2023-11-23,8.472000122070312,8.744000434875488,8.423999786376953,8.456000328063965,723380500
2023-11-24,8.472000122070312,8.607999801635742,8.32800006866455,8.503999710083008,425303742
2023-11-27,8.791999816894531,9.071999549865723,8.663999557495117,8.991999626159668,817746702
2023-11-28,8.95199966430664,9.031999588012695,8.807999610900879,8.86400032043457,456072487
2023-11-29,8.880000114440918,8.911999702453613,8.711999893188477,8.776000022888184,336486840
2023-11-30,8.776000022888184,8.991999626159668,8.576000213623047,8.576000213623047,428759415
2023-12-01,8.84000015258789,8.960000038146973,8.736000061035156,8.824000358581543,421436975
2023-12-04,8.855999946594238,9.095999717712402,8.736000061035156,9.071999549865723,445754717
2023-12-05,9.071999549865723,9.128000259399414,8.960000038146973,8.960000038146973,331764582
2023-12-06,8.960000038146973,9.288000106811523,8.960000038146973,9.064000129699707,682257977
2023-12-07,9.055999755859375,9.079999923706055,8.751999855041504,8.97599983215332,341270587
2023-12-08,9.02400016784668,9.095999717712402,8.855999946594238,8.904000282287598,333259895
2023-12-11,8.904000282287598,8.97599983215332,8.760000228881836,8.776000022888184,336625277
2023-12-12,8.784000396728516,9.079999923706055,8.760000228881836,8.968000411987305,616857052
2023-12-13,8.944000244140625,9.223999977111816,8.911999702453613,8.928000450134277,553054167
2023-12-14,9.104000091552734,9.616000175476074,9.04800033569336,9.607999801635742,601545072
2023-12-15,9.607999801635742,10.088000297546387,9.543999671936035,9.751999855041504,649904377
2023-12-18,9.935999870300293,10.255999565124512,9.744000434875488,9.86400032043457,721619977
2023-12-19,9.86400032043457,9.920000076293945,9.46399974822998,9.527999877929688,474981700
2023-12-20,9.53600025177002,9.64799976348877,9.456000328063965,9.631999969482422,402124800
2023-12-21,9.663999557495117,9.847999572753906,9.583999633789062,9.607999801635742,472069520
2023-12-22,9.631999969482422,9.807999610900879,9.456000328063965,9.51200008392334,402620385
2023-12-25,9.46399974822998,9.46399974822998,8.904000282287598,9.04800033569336,225354187
2023-12-26,9.128000259399414,9.128000259399414,8.760000228881836,8.920000076293945,331725907
2023-12-27,8.904000282287598,9.079999923706055,8.631999969482422,8.935999870300293,356752955
2023-12-28,8.960000038146973,9.223999977111816,8.960000038146973,9.039999961853027,266284635
2023-12-29,9.079999923706055,9.416000366210938,9.064000129699707,9.343999862670898,308932912
2024-01-02,9.527999877929688,9.567999839782715,9.255999565124512,9.37600040435791,272335322
2024-01-03,9.336000442504883,9.392000198364258,8.97599983215332,8.97599983215332,306412422
2024-01-04,8.991999626159668,9.184000015258789,8.880000114440918,9.184000015258789,436700690
2024-01-05,9.184000015258789,9.295999526977539,9.104000091552734,9.272000312805176,379446272
2024-01-08,9.399999618530273,10.152000427246094,9.399999618530273,10.119999885559082,754291582
2024-01-09,10.232000350952148,10.383999824523926,9.887999534606934,10.055999755859375,783092900
2024-01-10,10.04800033569336,10.32800006866455,9.960000038146973,10.279999732971191,504477867
2024-01-11,10.343999862670898,10.392000198364258,10.13599967956543,10.288000106811523,603619352
2024-01-12,10.199999809265137,10.744000434875488,9.935999870300293,10.383999824523926,969731015
2024-01-15,10.295999526977539,10.383999824523926,10.071999549865723,10.079999923706055,463123247
2024-01-16,10.184000015258789,10.312000274658203,10.039999961853027,10.079999923706055,443465350
2024-01-17,10.015999794006348,10.456000328063965,9.984000205993652,10.272000312805176,538803345
2024-01-18,10.456000328063965,10.727999687194824,10.32800006866455,10.343999862670898,557769772
2024-01-19,10.407999992370605,10.456000328063965,10.104000091552734,10.175999641418457,401104015
2024-01-22,10.119999885559082,10.168000221252441,9.984000205993652,10.008000373840332,256910035
2024-01-23,10.152000427246094,10.184000015258789,9.496000289916992,9.552000045776367,411233250
2024-01-24,9.576000213623047,10.128000259399414,9.567999839782715,9.95199966430664,482165175
2024-01-25,10.008000373840332,10.144000053405762,9.855999946594238,9.911999702453613,309068207
2024-01-26,9.944000244140625,10.168000221252441,9.911999702453613,10.119999885559082,378290415
2024-01-29,10.168000221252441,10.192000389099121,9.968000411987305,10.039999961853027,240750350
2024-01-30,10.15999984741211,10.35200023651123,9.991999626159668,10.248000144958496,441803595
2024-01-31,10.248000144958496,10.336000442504883,10.04800033569336,10.255999565124512,396496130
2024-02-01,10.248000144958496,10.432000160217285,10.232000350952148,10.343999862670898,326239752
2024-02-02,10.383999824523926,10.51200008392334,10.184000015258789,10.223999977111816,310597367
2024-02-05,10.423999786376953,10.520000457763672,10.248000144958496,10.343999862670898,349213030
2024-02-06,10.359999656677246,10.447999954223633,10.255999565124512,10.447999954223633,290812280
2024-02-07,10.479999542236328,10.631999969482422,10.248000144958496,10.295999526977539,351994927
2024-02-08,10.295999526977539,10.416000366210938,10.255999565124512,10.263999938964844,289236597
2024-02-09,10.295999526977539,10.392000198364258,10.15999984741211,10.32800006866455,347111112
2024-02-12,10.392000198364258,10.935999870300293,10.359999656677246,10.935999870300293,557042542
2024-02-13,10.944000244140625,11.119999885559082,10.767999649047852,10.86400032043457,695921227
2024-02-14,10.807999610900879,11.168000221252441,10.520000457763672,11.128000259399414,772230552
2024-02-15,11.079999923706055,11.343999862670898,11.04800033569336,11.079999923706055,750794332
2024-02-16,11.088000297546387,11.208000183105469,10.968000411987305,11.13599967956543,576357685
2024-02-19,11.168000221252441,11.53600025177002,10.895999908447266,10.95199966430664,664155527
2024-02-20,11.0,11.432000160217285,10.880000114440918,11.368000030517578,609227777
2024-02-21,11.383999824523926,11.607999801635742,11.272000312805176,11.456000328063965,574467995
2024-02-22,11.48799991607666,11.616000175476074,11.255999565124512,11.5600004196167,690729757
2024-02-23,11.399999618530273,11.5600004196167,11.255999565124512,11.496000289916992,560479987
2024-02-26,11.503999710083008,11.600000381469727,11.215999603271484,11.46399974822998,557389807
2024-02-27,11.430000305175781,11.529999732971191,11.170000076293945,11.170000076293945,219423744
2024-02-28,11.180000305175781,11.25,10.890000343322754,10.960000038146973,249553180
2024-02-29,10.960000038146973,11.180000305175781,10.899999618530273,11.100000381469727,271880255
2024-03-01,11.119999885559082,11.170000076293945,10.680000305175781,10.710000038146973,183737491
2024-03-04,10.770000457763672,10.869999885559082,10.319999694824219,10.319999694824219,215421371
2024-03-05,10.34000015258789,10.40999984741211,10.100000381469727,10.100000381469727,267111382
2024-03-06,9.979999542236328,10.15999984741211,9.800000190734863,9.819999694824219,239883590
2024-03-07,9.880000114440918,10.390000343322754,9.880000114440918,10.369999885559082,285088881
2024-03-08,10.380000114440918,10.930000305175781,10.319999694824219,10.859999656677246,384571153
2024-03-11,11.279999732971191,11.300000190734863,10.760000228881836,10.760000228881836,405220478
2024-03-12,10.760000228881836,11.270000457763672,10.6899995803833,11.069999694824219,400808295
2024-03-13,11.069999694824219,11.180000305175781,10.510000228881836,10.600000381469727,404178240
2024-03-14,10.640000343322754,10.699999809265137,10.359999656677246,10.390000343322754,232842281
2024-03-15,10.399999618530273,10.5,10.210000038146973,10.239999771118164,175028748
2024-03-18,10.270000457763672,10.520000457763672,10.220000267028809,10.329999923706055,197664201
2024-03-19,10.329999923706055,10.8100004196167,10.289999961853027,10.770000457763672,288751470
2024-03-20,10.760000228881836,11.020000457763672,10.640000343322754,10.729999542236328,349626231
2024-03-21,10.899999618530273,11.390000343322754,10.829999923706055,11.149999618530273,607049540
2024-03-22,11.149999618530273,11.390000343322754,10.9399995803833,11.020000457763672,415249294
2024-03-25,11.039999961853027,11.890000343322754,10.970000267028809,11.40999984741211,778743938
2024-03-26,11.4399995803833,11.579999923706055,11.069999694824219,11.119999885559082,400829762
2024-03-27,11.1899995803833,11.300000190734863,10.739999771118164,10.84000015258789,351575716
2024-03-28,10.920000076293945,11.350000381469727,10.920000076293945,11.229999542236328,439909309
2024-03-29,11.239999771118164,11.550000190734863,11.239999771118164,11.390000343322754,370147456
2024-04-01,11.779999732971191,11.819999694824219,11.079999923706055,11.510000228881836,619625651
2024-04-02,11.510000228881836,11.880000114440918,11.359999656677246,11.430000305175781,636129235
2024-04-03,11.470000267028809,11.770000457763672,11.239999771118164,11.640000343322754,511914011
2024-04-04,11.6899995803833,12.5600004196167,11.619999885559082,12.5,779304289
2024-04-05,12.579999923706055,13.199999809265137,12.40999984741211,12.760000228881836,801959479
2024-04-08,12.819999694824219,13.0600004196167,12.779999732971191,12.819999694824219,409378459
2024-04-15,12.710000038146973,13.119999885559082,12.680000305175781,12.710000038146973,418491314
2024-04-16,12.760000228881836,12.899999618530273,12.15999984741211,12.15999984741211,357774015
2024-04-17,12.3100004196167,12.510000228881836,12.220000267028809,12.260000228881836,398043896
2024-04-18,12.350000381469727,12.460000038146973,12.15999984741211,12.270000457763672,294173782
2024-04-19,12.140000343322754,12.930000305175781,12.100000381469727,12.859999656677246,509899877
2024-04-22,13.029999732971191,13.0600004196167,12.380000114440918,12.520000457763672,333826829
2024-04-24,12.65999984741211,13.069999694824219,12.640000343322754,12.979999542236328,491299573
2024-04-25,13.010000228881836,13.0600004196167,12.640000343322754,12.699999809265137,358834175
2024-04-26,12.770000457763672,13.529999732971191,12.770000457763672,13.289999961853027,547311613
2024-04-29,13.350000381469727,13.619999885559082,13.34000015258789,13.529999732971191,318678888
2024-04-30,13.520000457763672,13.970000267028809,13.479999542236328,13.710000038146973,449501940
2024-05-02,13.760000228881836,13.880000114440918,13.40999984741211,13.640000343322754,282121012
2024-05-03,13.720000267028809,13.899999618530273,13.680000305175781,13.729999542236328,330070680
2024-05-06,13.729999542236328,13.859999656677246,13.529999732971191,13.579999923706055,393421770
2024-05-07,13.619999885559082,14.079999923706055,13.369999885559082,13.869999885559082,581950785
2024-05-08,13.920000076293945,13.9399995803833,13.550000190734863,13.550000190734863,313394787
2024-05-09,13.640000343322754,13.770000457763672,13.59000015258789,13.6899995803833,290870950
2024-05-10,13.720000267028809,13.9399995803833,13.510000228881836,13.510000228881836,360654903
2024-05-13,13.529999732971191,13.649999618530273,13.319999694824219,13.390000343322754,355402639
2024-05-14,13.600000381469727,13.720000267028809,13.390000343322754,13.569999694824219,483829256
2024-05-15,13.5600004196167,13.9399995803833,13.40999984741211,13.800000190734863,351883301
2024-05-16,13.800000190734863,14.3100004196167,13.739999771118164,14.3100004196167,550362976
2024-05-17,14.3100004196167,14.90999984741211,14.220000267028809,14.800000190734863,507481907
2024-05-20,14.800000190734863,15.25,14.760000228881836,15.09000015258789,437252438
2024-05-21,15.130000114440918,16.510000228881836,15.130000114440918,16.100000381469727,82371662
2024-05-22,16.100000381469727,16.209999084472656,15.460000038146973,15.760000228881836,501849406
2024-05-23,15.770000457763672,15.960000038146973,15.329999923706055,15.369999885559082,376349225
2024-05-24,15.40999984741211,15.630000114440918,15.369999885559082,15.4399995803833,261181931
2024-05-27,15.5,15.859999656677246,15.369999885559082,15.670000076293945,283888634
2024-05-28,15.75,15.960000038146973,15.59000015258789,15.84000015258789,290498363
2024-05-29,15.890000343322754,15.960000038146973,15.520000457763672,15.520000457763672,274152555
2024-05-30,15.710000038146973,16.059999465942383,15.710000038146973,15.880000114440918,411146543
2024-05-31,15.90999984741211,16.549999237060547,15.859999656677246,16.110000610351562,575636193
2024-06-03,16.239999771118164,16.510000228881836,15.6899995803833,16.5,506052277
2024-06-04,16.5,16.65999984741211,15.90999984741211,16.010000228881836,395952719
2024-06-05,16.110000610351562,16.40999984741211,15.84000015258789,16.040000915527344,409161993
2024-06-06,16.139999389648438,16.3700008392334,16.020000457763672,16.079999923706055,224376486
2024-06-07,16.1299991607666,16.149999618530273,15.359999656677246,15.510000228881836,229837673
2024-06-10,15.510000228881836,15.569999694824219,15.039999961853027,15.289999961853027,234604187
2024-06-11,15.239999771118164,15.979999542236328,15.210000038146973,15.789999961853027,343114669
2024-06-12,15.779999732971191,16.15999984741211,15.6899995803833,16.040000915527344,248045803
2024-06-13,16.25,16.600000381469727,16.25,16.309999465942383,222790874
2024-06-14,16.600000381469727,16.770000457763672,16.100000381469727,16.18000030517578,289035991
2024-06-20,16.479999542236328,16.709999084472656,16.25,16.709999084472656,315373205
2024-06-21,16.700000762939453,16.950000762939453,16.6299991607666,16.729999542236328,360604114
2024-06-24,16.780000686645508,16.979999542236328,16.510000228881836,16.75,315462175
2024-06-25,16.770000457763672,16.84000015258789,16.260000228881836,16.260000228881836,328794176
2024-06-26,16.270000457763672,16.34000015258789,15.84000015258789,15.859999656677246,290946916
2024-06-27,15.970000267028809,16.40999984741211,15.880000114440918,16.399999618530273,293086115
2024-06-28,16.469999313354492,16.6299991607666,15.75,15.850000381469727,377521599
2024-07-01,15.989999771118164,16.059999465942383,15.119999885559082,15.279999732971191,277270388
2024-07-02,15.300000190734863,15.729999542236328,15.130000114440918,15.729999542236328,283744946
2024-07-03,15.850000381469727,16.469999313354492,15.770000457763672,16.420000076293945,342174379
2024-07-04,16.399999618530273,16.59000015258789,16.149999618530273,16.420000076293945,314493353
2024-07-05,16.299999237060547,16.479999542236328,15.970000267028809,16.200000762939453,282175990
2024-07-08,16.25,16.479999542236328,16.229999542236328,16.34000015258789,311758828
2024-07-09,16.3700008392334,16.399999618530273,15.890000343322754,16.1200008392334,282430235
2024-07-10,16.149999618530273,16.149999618530273,15.720000267028809,15.8100004196167,212709220
2024-07-11,15.970000267028809,16.489999771118164,15.970000267028809,16.489999771118164,348354732
2024-07-12,16.389999389648438,17.149999618530273,16.350000381469727,17.100000381469727,454524471
2024-07-16,17.200000762939453,17.739999771118164,17.100000381469727,17.6200008392334,341786644
2024-07-17,17.610000610351562,17.65999984741211,17.239999771118164,17.43000030517578,230729389
2024-07-18,17.600000381469727,17.770000457763672,17.229999542236328,17.31999969482422,280820304
2024-07-19,17.280000686645508,17.700000762939453,17.200000762939453,17.56999969482422,297066889
2024-07-22,17.0,17.110000610351562,16.790000915527344,16.829999923706055,343098791
2024-07-23,16.8700008392334,16.899999618530273,16.149999618530273,16.200000762939453,329160057
2024-07-24,16.209999084472656,16.280000686645508,15.899999618530273,16.06999969482422,286905602
2024-07-25,16.030000686645508,16.110000610351562,15.600000381469727,15.630000114440918,207259054
2024-07-26,15.670000076293945,15.829999923706055,15.460000038146973,15.5,272273718
2024-07-29,15.289999961853027,15.619999885559082,15.220000267028809,15.229999542236328,230935346
2024-07-30,15.319999694824219,15.460000038146973,14.75,14.90999984741211,261630927
2024-07-31,14.8100004196167,15.09000015258789,14.789999961853027,15.0,308008197
2024-08-01,15.199999809265137,15.609999656677246,15.1899995803833,15.539999961853027,310595238
2024-08-02,15.199999809265137,15.350000381469727,14.819999694824219,14.859999656677246,198954105
2024-08-05,13.390000343322754,14.420000076293945,13.390000343322754,13.899999618530273,458205833
2024-08-06,14.300000190734863,14.34000015258789,13.59000015258789,13.59000015258789,365200809
2024-08-07,13.729999542236328,13.949999809265137,13.550000190734863,13.65999984741211,273000230
2024-08-08,13.789999961853027,13.949999809265137,13.5600004196167,13.619999885559082,318553653
2024-08-09,13.710000038146973,13.819999694824219,12.970000267028809,13.010000228881836,398023410
2024-08-12,13.130000114440918,13.270000457763672,13.0,13.079999923706055,319176530
2024-08-13,13.079999923706055,13.300000190734863,12.869999885559082,13.300000190734863,351755771
2024-08-14,13.359999656677246,13.399999618530273,13.020000457763672,13.039999961853027,319849204
2024-08-15,13.109999656677246,13.359999656677246,13.029999732971191,13.300000190734863,307102998
2024-08-16,13.34000015258789,13.380000114440918,13.020000457763672,13.020000457763672,284654259
2024-08-19,13.050000190734863,13.520000457763672,13.039999961853027,13.510000228881836,394593710
2024-08-20,13.4399995803833,13.649999618530273,13.329999923706055,13.5600004196167,316109080
2024-08-21,13.529999732971191,13.6899995803833,13.3100004196167,13.34000015258789,327642181
2024-08-22,13.479999542236328,13.609999656677246,13.350000381469727,13.489999771118164,347465144
2024-08-23,13.479999542236328,13.579999923706055,13.050000190734863,13.119999885559082,254857951
2024-08-26,13.260000228881836,13.460000038146973,12.930000305175781,13.109999656677246,379901395
2024-08-27,13.149999618530273,13.300000190734863,13.050000190734863,13.260000228881836,375915025
2024-08-28,13.25,13.329999923706055,13.09000015258789,13.140000343322754,248378394
2024-08-29,13.149999618530273,13.34000015258789,13.039999961853027,13.220000267028809,294500656
2024-09-02,13.279999732971191,13.819999694824219,13.239999771118164,13.729999542236328,375981740
2024-09-03,13.75,13.8100004196167,13.539999961853027,13.670000076293945,401215976
2024-09-04,13.569999694824219,13.770000457763672,13.5600004196167,13.699999809265137,364251209
2024-09-05,13.8100004196167,13.829999923706055,13.5600004196167,13.59000015258789,361772306
2024-09-06,13.59000015258789,13.720000267028809,13.279999732971191,13.319999694824219,314044892
2024-09-09,13.270000457763672,13.329999923706055,12.920000076293945,12.949999809265137,328142906
2024-09-10,13.010000228881836,13.050000190734863,12.65999984741211,12.720000267028809,304282957
2024-09-11,12.720000267028809,12.930000305175781,12.479999542236328,12.479999542236328,381836279
2024-09-12,12.670000076293945,12.84000015258789,12.329999923706055,12.84000015258789,403461305
2024-09-13,12.84000015258789,12.899999618530273,12.579999923706055,12.859999656677246,361362428
2024-09-16,12.859999656677246,12.880000114440918,12.649999618530273,12.699999809265137,235629539
2024-09-17,12.739999771118164,13.020000457763672,12.739999771118164,12.9399995803833,259344975
2024-09-18,12.949999809265137,13.15999984741211,12.930000305175781,13.079999923706055,293803735
2024-09-19,13.270000457763672,13.520000457763672,13.25,13.369999885559082,375394034
2024-09-20,13.369999885559082,13.569999694824219,13.300000190734863,13.40999984741211,353486633
2024-09-23,13.529999732971191,13.649999618530273,13.430000305175781,13.550000190734863,290469004
2024-09-24,13.600000381469727,14.279999732971191,13.529999732971191,14.100000381469727,551690888
2024-09-25,14.119999885559082,14.319999694824219,14.029999732971191,14.149999618530273,367002134
2024-09-26,14.25,14.550000190734863,14.069999694824219,14.229999542236328,490865537
2024-09-27,14.279999732971191,14.300000190734863,13.949999809265137,14.140000343322754,228425363
2024-09-30,14.09000015258789,14.210000038146973,13.880000114440918,14.0600004196167,334498278
2024-10-01,14.130000114440918,14.1899995803833,13.300000190734863,13.470000267028809,493007485
2024-10-02,13.4399995803833,13.489999771118164,12.65999984741211,12.65999984741211,394937215
2024-10-03,12.699999809265137,12.819999694824219,12.069999694824219,12.149999618530273,505474325
2024-10-04,12.270000457763672,12.720000267028809,11.960000038146973,12.65999984741211,470185706
2024-10-07,12.680000305175781,12.789999961853027,12.34000015258789,12.420000076293945,313106068
2024-10-08,12.420000076293945,12.65999984741211,12.270000457763672,12.510000228881836,441884373
2024-10-09,12.5,12.630000114440918,12.229999542236328,12.630000114440918,333903799
2024-10-10,12.640000343322754,12.850000381469727,12.539999961853027,12.5600004196167,341234540
2024-10-11,12.569999694824219,12.869999885559082,12.420000076293945,12.460000038146973,450631819
2024-10-14,12.489999771118164,12.609999656677246,12.220000267028809,12.359999656677246,427191420
2024-10-15,12.390000343322754,12.5600004196167,12.229999542236328,12.489999771118164,543710536
2024-10-16,12.420000076293945,12.5600004196167,12.3100004196167,12.510000228881836,350393385
2024-10-17,12.470000267028809,12.5600004196167,12.3100004196167,12.350000381469727,397491036
2024-10-18,12.399999618530273,12.489999771118164,11.75,11.760000228881836,553331797
2024-10-21,11.770000457763672,11.829999923706055,11.279999732971191,11.279999732971191,351611125
2024-10-22,11.319999694824219,11.8100004196167,11.260000228881836,11.609999656677246,486937266
2024-10-23,11.600000381469727,11.710000038146973,11.350000381469727,11.579999923706055,499969846
2024-10-24,11.710000038146973,11.90999984741211,11.619999885559082,11.699999809265137,250541824
2024-10-25,11.670000076293945,11.880000114440918,11.579999923706055,11.829999923706055,314393754
2024-10-28,11.829999923706055,11.890000343322754,11.789999961853027,11.789999961853027,78170171
2024-10-30,11.829999923706055,12.119999885559082,11.789999961853027,12.050000190734863,249974211
2024-10-31,12.039999961853027,12.130000114440918,11.75,11.760000228881836,183321387
2024-11-01,11.829999923706055,12.109999656677246,11.770000457763672,11.949999809265137,390497401
2024-11-04,11.90999984741211,11.949999809265137,11.289999961853027,11.369999885559082,308262538
2024-11-05,11.5,11.510000228881836,10.970000267028809,10.989999771118164,395586986
2024-11-06,11.020000457763672,11.239999771118164,10.890000343322754,11.0600004196167,552137108
2024-11-07,11.109999656677246,11.350000381469727,11.050000190734863,11.300000190734863,408022563
2024-11-08,11.319999694824219,11.960000038146973,11.279999732971191,11.800000190734863,582552115
2024-11-11,11.90999984741211,12.149999618530273,11.84000015258789,12.0600004196167,564660718
2024-11-12,12.010000228881836,12.260000228881836,11.949999809265137,12.140000343322754,469097460
2024-11-13,12.119999885559082,12.800000190734863,11.960000038146973,12.59000015258789,673414029
2024-11-14,12.710000038146973,12.760000228881836,12.479999542236328,12.649999618530273,418630183
2024-11-15,12.670000076293945,12.9399995803833,12.619999885559082,12.720000267028809,465181695
2024-11-18,12.789999961853027,13.09000015258789,12.630000114440918,12.979999542236328,424527088
2024-11-19,13.0600004196167,13.109999656677246,12.569999694824219,12.680000305175781,405896206
2024-11-20,12.760000228881836,12.9399995803833,12.449999809265137,12.470000267028809,371173370
2024-11-21,12.579999923706055,13.260000228881836,12.5600004196167,13.199999809265137,650967989
2024-11-22,13.180000305175781,13.710000038146973,13.09000015258789,13.600000381469727,788398184
2024-11-25,13.779999732971191,13.869999885559082,13.479999542236328,13.5,470807450
2024-11-26,13.529999732971191,13.640000343322754,13.430000305175781,13.619999885559082,293699854
2024-11-27,13.760000228881836,13.850000381469727,13.449999809265137,13.449999809265137,483411668
2024-11-28,13.460000038146973,13.649999618530273,13.4399995803833,13.520000457763672,344359574
2024-11-29,13.550000190734863,13.710000038146973,13.460000038146973,13.630000114440918,485044764
2024-12-02,13.510000228881836,13.720000267028809,13.390000343322754,13.65999984741211,335424127
2024-12-03,13.729999542236328,14.220000267028809,13.579999923706055,13.869999885559082,681747910
2024-12-04,13.90999984741211,13.979999542236328,13.75,13.890000343322754,309773815
2024-12-05,13.9399995803833,14.039999961853027,13.859999656677246,13.949999809265137,288518344
2024-12-06,14.430000305175781,14.470000267028809,14.170000076293945,14.170000076293945,669124511
2024-12-09,14.239999771118164,14.40999984741211,14.100000381469727,14.279999732971191,501442040
2024-12-10,14.25,14.3100004196167,13.819999694824219,13.829999923706055,386338471
2024-12-11,13.850000381469727,13.920000076293945,13.460000038146973,13.699999809265137,401097689
2024-12-12,13.800000190734863,14.0600004196167,13.640000343322754,13.859999656677246,408195482
2024-12-13,13.569999694824219,13.640000343322754,13.390000343322754,13.529999732971191,983975529
2024-12-16,13.550000190734863,13.619999885559082,13.329999923706055,13.329999923706055,415449954
2024-12-17,13.350000381469727,13.520000457763672,13.25,13.399999618530273,443124400
2024-12-18,13.420000076293945,13.510000228881836,13.260000228881836,13.260000228881836,383607829
2024-12-19,13.119999885559082,13.380000114440918,13.100000381469727,13.140000343322754,345489603
2024-12-20,13.229999542236328,13.25,13.020000457763672,13.149999618530273,473628664
2024-12-23,13.229999542236328,13.300000190734863,12.829999923706055,12.850000381469727,372259088
2024-12-24,12.869999885559082,13.050000190734863,12.84000015258789,13.039999961853027,319606271
2024-12-25,13.520000457763672,13.729999542236328,13.399999618530273,13.699999809265137,492200272
2024-12-26,13.770000457763672,13.970000267028809,13.550000190734863,13.619999885559082,666161520
2024-12-27,13.630000114440918,13.75,13.579999923706055,13.65999984741211,315929593
2024-12-30,13.65999984741211,13.739999771118164,13.460000038146973,13.460000038146973,250399584
2024-12-31,13.460000038146973,13.710000038146973,13.399999618530273,13.539999961853027,353222316
2025-01-02,13.600000381469727,14.069999694824219,13.550000190734863,14.050000190734863,683285505
2025-01-03,14.109999656677246,14.210000038146973,13.920000076293945,14.079999923706055,585770162
2025-01-06,14.119999885559082,14.270000457763672,14.069999694824219,14.140000343322754,533162357
2025-01-07,14.109999656677246,14.149999618530273,13.960000038146973,14.0,479306504
2025-01-08,13.970000267028809,14.180000305175781,13.920000076293945,14.0,456565996
2025-01-09,14.0600004196167,14.569999694824219,13.960000038146973,14.479999542236328,773764969
2025-01-10,14.479999542236328,14.5600004196167,14.069999694824219,14.359999656677246,710474498
2025-01-13,14.300000190734863,14.489999771118164,14.020000457763672,14.140000343322754,612106218
2025-01-14,14.199999809265137,14.369999885559082,14.020000457763672,14.15999984741211,651075669
2025-01-15,14.199999809265137,14.329999923706055,14.09000015258789,14.1899995803833,493726716
2025-01-16,14.34000015258789,14.390000343322754,13.819999694824219,14.029999732971191,700723255
2025-01-17,14.039999961853027,14.300000190734863,14.010000228881836,14.279999732971191,565125744
2025-01-20,14.390000343322754,14.470000267028809,14.140000343322754,14.430000305175781,487299835
2025-01-21,14.430000305175781,14.729999542236328,14.430000305175781,14.619999885559082,666535450
2025-01-22,14.680000305175781,14.84000015258789,14.609999656677246,14.829999923706055,429797730
2025-01-23,14.880000114440918,14.899999618530273,14.510000228881836,14.510000228881836,495536670
2025-01-24,14.539999961853027,14.609999656677246,14.359999656677246,14.5,345539728
2025-01-27,14.380000114440918,14.430000305175781,14.239999771118164,14.390000343322754,360359578
2025-01-28,14.5,14.800000190734863,14.4399995803833,14.789999961853027,474813996
2025-01-29,14.789999961853027,14.949999809265137,14.649999618530273,14.65999984741211,340459196
2025-01-30,14.710000038146973,14.770000457763672,14.479999542236328,14.520000457763672,294235499
2025-01-31,14.529999732971191,14.609999656677246,14.149999618530273,14.15999984741211,295074523
2025-02-03,13.970000267028809,14.010000228881836,13.359999656677246,13.649999618530273,595773161
2025-02-04,13.699999809265137,14.0600004196167,13.640000343322754,13.890000343322754,475904340
2025-02-05,13.890000343322754,14.130000114440918,13.479999542236328,13.739999771118164,492717706
2025-02-06,13.84000015258789,13.930000305175781,13.640000343322754,13.930000305175781,411773222
2025-02-07,13.899999618530273,13.949999809265137,13.609999656677246,13.829999923706055,400747366
2025-02-10,13.8100004196167,13.850000381469727,13.680000305175781,13.729999542236328,241915707
2025-02-11,13.729999542236328,13.899999618530273,13.670000076293945,13.770000457763672,361589930
2025-02-12,13.779999732971191,13.899999618530273,13.5600004196167,13.600000381469727,421868024
2025-02-13,13.829999923706055,14.260000228881836,13.75,14.109999656677246,655470947
2025-02-14,14.130000114440918,14.529999732971191,13.979999542236328,14.430000305175781,433422041
2025-02-17,14.449999809265137,14.569999694824219,14.239999771118164,14.40999984741211,290103910
2025-02-18,14.40999984741211,14.470000267028809,14.010000228881836,14.229999542236328,499354665
2025-02-19,14.220000267028809,14.600000381469727,14.170000076293945,14.34000015258789,631488556
2025-02-20,14.369999885559082,14.829999923706055,14.359999656677246,14.819999694824219,497356555
2025-02-21,14.779999732971191,14.8100004196167,14.09000015258789,14.460000038146973,389010927
2025-02-24,14.619999885559082,14.630000114440918,14.270000457763672,14.3100004196167,250635053
2025-02-25,14.34000015258789,14.670000076293945,14.300000190734863,14.5,398524423
2025-02-26,14.5,15.1899995803833,14.34000015258789,15.180000305175781,422463163
2025-02-27,15.09000015258789,15.420000076293945,15.079999923706055,15.279999732971191,476822863
2025-02-28,15.199999809265137,15.470000267028809,15.149999618530273,15.170000076293945,382535832
2025-03-03,15.380000114440918,16.440000534057617,15.369999885559082,15.869999885559082,814536585
2025-03-04,15.869999885559082,16.059999465942383,15.720000267028809,15.859999656677246,391056606
2025-03-05,16.100000381469727,16.209999084472656,15.6899995803833,15.989999771118164,540324072
2025-03-06,16.1200008392334,16.18000030517578,15.75,16.059999465942383,442846214
2025-03-07,16.049999237060547,16.299999237060547,16.010000228881836,16.239999771118164,472710217
2025-03-10,16.25,16.299999237060547,16.100000381469727,16.1200008392334,316712850
2025-03-11,16.149999618530273,16.170000076293945,15.739999771118164,15.75,349058057
2025-03-12,15.829999923706055,16.219999313354492,15.8100004196167,15.960000038146973,775561272
2025-03-13,16.020000457763672,16.1200008392334,15.930000305175781,16.09000015258789,378377753
2025-03-14,16.1299991607666,16.3700008392334,16.079999923706055,16.309999465942383,539052758
2025-03-17,16.350000381469727,16.600000381469727,16.190000534057617,16.309999465942383,396125142
2025-03-18,16.270000457763672,16.329999923706055,16.149999618530273,16.209999084472656,251443021
2025-03-19,15.039999961853027,15.350000381469727,14.59000015258789,14.59000015258789,469255873
2025-03-20,14.5,14.699999809265137,13.199999809265137,13.40999984741211,961197551
2025-03-21,13.319999694824219,13.390000343322754,12.069999694824219,12.069999694824219,623563500
2025-03-24,12.100000381469727,12.59000015258789,11.59000015258789,12.3100004196167,177489553
2025-03-25,12.630000114440918,13.25,12.420000076293945,13.100000381469727,799067624
2025-03-26,12.829999923706055,13.100000381469727,12.5,12.739999771118164,647098314
2025-03-27,12.90999984741211,12.949999809265137,12.40999984741211,12.5,584052750
2025-03-28,12.350000381469727,12.390000343322754,11.960000038146973,12.260000228881836,407717436
2025-04-02,12.180000305175781,12.449999809265137,12.010000228881836,12.300000190734863,322189494
2025-04-03,12.34000015258789,12.5,12.119999885559082,12.119999885559082,297319353
2025-04-04,12.119999885559082,12.170000076293945,11.890000343322754,12.020000457763672,342152155
2025-04-07,11.470000267028809,12.100000381469727,11.460000038146973,11.989999771118164,558505321
2025-04-08,12.220000267028809,12.260000228881836,11.949999809265137,11.970000267028809,349567222
2025-04-09,11.850000381469727,11.920000076293945,11.380000114440918,11.40999984741211,430712774
2025-04-10,11.899999618530273,11.899999618530273,11.369999885559082,11.369999885559082,279846091
2025-04-11,11.369999885559082,11.539999961853027,11.15999984741211,11.529999732971191,444116564
2025-04-14,11.649999618530273,11.680000305175781,11.369999885559082,11.369999885559082,314654567
2025-04-15,11.359999656677246,11.550000190734863,11.229999542236328,11.25,335350420
2025-04-16,11.239999771118164,11.3100004196167,11.029999732971191,11.149999618530273,325412482
2025-04-17,11.149999618530273,11.3100004196167,11.020000457763672,11.0600004196167,550507752
2025-04-18,11.109999656677246,11.140000343322754,10.649999618530273,10.65999984741211,359691473
2025-04-21,10.6899995803833,11.0,10.34000015258789,10.600000381469727,766330827
2025-04-22,10.6899995803833,10.720000267028809,10.510000228881836,10.630000114440918,309518423
2025-04-24,10.680000305175781,10.960000038146973,10.579999923706055,10.9399995803833,470337716
2025-04-25,10.970000267028809,10.989999771118164,10.699999809265137,10.710000038146973,284205298
2025-04-28,10.75,10.800000190734863,10.3100004196167,10.34000015258789,410861928
2025-04-29,10.329999923706055,10.40999984741211,10.170000076293945,10.199999809265137,342825506
2025-04-30,10.199999809265137,10.3100004196167,10.069999694824219,10.300000190734863,513164349
2025-05-02,10.350000381469727,10.470000267028809,10.329999923706055,10.350000381469727,307983568
2025-05-05,10.430000305175781,10.5,10.180000305175781,10.180000305175781,257027334
2025-05-06,10.180000305175781,10.449999809265137,10.170000076293945,10.220000267028809,363833773
2025-05-07,10.270000457763672,10.300000190734863,10.09000015258789,10.130000114440918,417955323
2025-05-08,10.199999809265137,10.260000228881836,10.15999984741211,10.220000267028809,169523675
2025-05-09,10.300000190734863,10.4399995803833,10.119999885559082,10.3100004196167,498320085
2025-05-12,10.619999885559082,10.829999923706055,10.510000228881836,10.8100004196167,676918578
2025-05-13,10.779999732971191,10.960000038146973,10.65999984741211,10.890000343322754,578874789
2025-05-14,10.859999656677246,11.0600004196167,10.8100004196167,10.949999809265137,551068425
2025-05-15,10.970000267028809,11.039999961853027,10.65999984741211,10.710000038146973,378385080
2025-05-16,10.720000267028809,11.020000457763672,10.649999618530273,10.970000267028809,514050607
2025-05-20,10.979999542236328,11.239999771118164,10.90999984741211,11.109999656677246,539693881
2025-05-21,11.069999694824219,11.180000305175781,10.930000305175781,11.0,343436576
2025-05-22,11.069999694824219,11.25,11.020000457763672,11.119999885559082,582176950
2025-05-23,11.130000114440918,11.25,10.899999618530273,11.0,415944161
2025-05-26,11.109999656677246,11.109999656677246,10.850000381469727,10.989999771118164,257653068
2025-05-27,10.989999771118164,11.09000015258789,10.84000015258789,10.880000114440918,326682715
2025-05-28,10.880000114440918,10.9399995803833,10.8100004196167,10.899999618530273,273046639
2025-05-29,10.979999542236328,11.039999961853027,10.930000305175781,10.970000267028809,372536662
2025-05-30,10.979999542236328,10.979999542236328,10.75,10.75,282757723
2025-06-02,10.75,10.9399995803833,10.720000267028809,10.859999656677246,340962292
2025-06-03,11.0,11.479999542236328,11.0,11.369999885559082,661248317
2025-06-04,11.350000381469727,11.489999771118164,11.329999923706055,11.489999771118164,337510343
2025-06-05,11.449999809265137,11.479999542236328,11.380000114440918,11.420000076293945,109007722
2025-06-10,11.569999694824219,11.970000267028809,11.529999732971191,11.90999984741211,488579626
2025-06-11,11.920000076293945,12.010000228881836,11.859999656677246,11.890000343322754,322420802
2025-06-12,11.760000228881836,11.890000343322754,11.5,11.510000228881836,345792630
2025-06-13,10.960000038146973,11.350000381469727,10.819999694824219,11.350000381469727,468753109
2025-06-16,11.369999885559082,11.65999984741211,11.229999542236328,11.529999732971191,403326143
2025-06-17,11.520000457763672,11.640000343322754,11.390000343322754,11.390000343322754,264512779
2025-06-18,11.380000114440918,11.619999885559082,11.329999923706055,11.470000267028809,297655570
2025-06-19,11.550000190734863,11.680000305175781,11.260000228881836,11.270000457763672,353356992
2025-06-20,11.399999618530273,11.510000228881836,11.289999961853027,11.40999984741211,320141217
2025-06-23,11.319999694824219,11.470000267028809,11.239999771118164,11.350000381469727,304803149
2025-06-24,11.800000190734863,11.880000114440918,11.5600004196167,11.720000267028809,549963595
2025-06-25,11.729999542236328,11.729999542236328,11.600000381469727,11.6899995803833,281551923
2025-06-26,11.65999984741211,11.770000457763672,11.649999618530273,11.680000305175781,284319528
2025-06-27,11.670000076293945,12.279999732971191,11.529999732971191,12.149999618530273,507492409
2025-06-30,12.319999694824219,13.350000381469727,12.210000038146973,13.350000381469727,157088300
2025-07-01,13.40999984741211,13.880000114440918,13.350000381469727,13.699999809265137,760794971
2025-07-02,13.729999542236328,14.149999618530273,13.619999885559082,13.920000076293945,718111942
2025-07-03,14.170000076293945,14.359999656677246,13.710000038146973,13.869999885559082,588946425
2025-07-04,13.890000343322754,14.149999618530273,13.739999771118164,14.109999656677246,360963195
2025-07-07,13.880000114440918,14.100000381469727,13.779999732971191,13.819999694824219,425817649
2025-07-08,13.949999809265137,14.069999694824219,13.75,14.029999732971191,476135348
2025-07-09,14.029999732971191,14.460000038146973,13.899999618530273,14.359999656677246,572288727
2025-07-10,14.550000190734863,15.050000190734863,14.550000190734863,14.949999809265137,542948926
2025-07-11,15.100000381469727,15.1899995803833,14.720000267028809,14.989999771118164,466182819
2025-07-14,14.9399995803833,14.949999809265137,14.510000228881836,14.5600004196167,344820690
2025-07-16,14.34000015258789,14.520000457763672,13.819999694824219,14.09000015258789,505063847
2025-07-17,14.300000190734863,14.699999809265137,14.119999885559082,14.640000343322754,541830209
2025-07-18,14.630000114440918,14.699999809265137,14.460000038146973,14.579999923706055,274120444
2025-07-21,14.699999809265137,15.029999732971191,14.6899995803833,14.880000114440918,385167285
2025-07-22,14.890000343322754,14.890000343322754,14.529999732971191,14.5600004196167,382580082
2025-07-23,14.579999923706055,14.619999885559082,14.329999923706055,14.40999984741211,334599210
2025-07-24,14.479999542236328,14.890000343322754,14.369999885559082,14.699999809265137,697360679
2025-07-25,14.720000267028809,14.75,14.539999961853027,14.619999885559082,230499268
2025-07-28,14.670000076293945,14.699999809265137,14.270000457763672,14.3100004196167,262585278
2025-07-29,14.319999694824219,14.5,14.279999732971191,14.3100004196167,289951771
2025-07-30,14.270000457763672,14.5600004196167,14.260000228881836,14.5,328482501
2025-07-31,14.579999923706055,14.84000015258789,14.550000190734863,14.819999694824219,346922557
2025-08-01,14.779999732971191,14.9399995803833,14.630000114440918,14.930000305175781,302890298
2025-08-04,15.039999961853027,15.489999771118164,15.039999961853027,15.140000343322754,493349679
2025-08-05,15.15999984741211,15.319999694824219,15.109999656677246,15.3100004196167,341117060
2025-08-06,15.229999542236328,15.239999771118164,14.970000267028809,15.029999732971191,380756875
2025-08-07,15.079999923706055,15.329999923706055,15.069999694824219,15.140000343322754,358728442
2025-08-08,15.119999885559082,15.170000076293945,14.90999984741211,14.90999984741211,220927890
2025-08-11,15.0,15.050000190734863,14.869999885559082,14.869999885559082,190471462
2025-08-12,14.869999885559082,14.970000267028809,14.729999542236328,14.729999542236328,198320187
2025-08-13,14.739999771118164,14.930000305175781,14.729999542236328,14.729999542236328,207728796
2025-08-14,14.699999809265137,14.800000190734863,14.430000305175781,14.4399995803833,235816123
2025-08-15,14.460000038146973,14.609999656677246,14.420000076293945,14.520000457763672,189420626
2025-08-18,14.539999961853027,14.579999923706055,14.300000190734863,14.420000076293945,199008364
2025-08-19,14.449999809265137,14.579999923706055,14.369999885559082,14.4399995803833,212034806
2025-08-20,14.40999984741211,14.75,14.350000381469727,14.65999984741211,413655989
2025-08-21,14.880000114440918,15.199999809265137,14.789999961853027,15.149999618530273,504985278
2025-08-22,15.170000076293945,15.3100004196167,15.050000190734863,15.260000228881836,372042974
2025-08-25,15.460000038146973,15.460000038146973,15.140000343322754,15.149999618530273,271581190
2025-08-26,15.119999885559082,15.350000381469727,15.029999732971191,15.3100004196167,363300023
2025-08-27,15.329999923706055,15.34000015258789,15.020000457763672,15.109999656677246,265058275
2025-08-28,15.130000114440918,15.289999961853027,15.069999694824219,15.140000343322754,247641482
2025-08-29,15.140000343322754,15.25,15.0,15.050000190734863,297118594
2025-09-01,15.050000190734863,15.210000038146973,14.680000305175781,14.829999923706055,510044649
2025-09-02,14.890000343322754,15.140000343322754,13.369999885559082,13.8100004196167,226722539
2025-09-03,13.850000381469727,13.859999656677246,12.970000267028809,13.109999656677246,617831325
2025-09-04,13.170000076293945,13.649999618530273,13.050000190734863,13.579999923706055,646451850
2025-09-05,13.649999618530273,14.25,13.359999656677246,13.6899995803833,821682441
2025-09-08,13.390000343322754,13.649999618530273,13.229999542236328,13.399999618530273,350494859
2025-09-09,13.470000267028809,13.670000076293945,13.260000228881836,13.630000114440918,568244565
2025-09-10,13.75,13.970000267028809,13.539999961853027,13.9399995803833,411551319
2025-09-11,13.920000076293945,14.720000267028809,13.770000457763672,13.829999923706055,14051393
2025-09-12,13.859999656677246,14.0,13.539999961853027,13.949999809265137,433713503
2025-09-15,13.949999809265137,15.039999961853027,13.800000190734863,14.869999885559082,1040833495
2025-09-16,14.880000114440918,14.989999771118164,14.649999618530273,14.930000305175781,684089109
2025-09-17,14.949999809265137,15.050000190734863,14.829999923706055,15.020000457763672,556245305
2025-09-18,15.09000015258789,15.09000015258789,14.4399995803833,14.449999809265137,462231120
2025-09-19,14.550000190734863,15.130000114440918,14.470000267028809,15.069999694824219,673416448
2025-09-22,15.430000305175781,15.510000228881836,15.199999809265137,15.199999809265137,477290543
2025-09-23,14.869999885559082,15.010000228881836,14.760000228881836,14.850000381469727,405331543
2025-09-24,14.880000114440918,15.050000190734863,14.229999542236328,14.680000305175781,711692132
2025-09-25,14.770000457763672,14.779999732971191,14.520000457763672,14.550000190734863,251443211
2025-09-26,14.520000457763672,14.59000015258789,13.989999771118164,14.149999618530273,448152925
2025-09-29,13.899999618530273,14.350000381469727,13.899999618530273,14.109999656677246,364026276
2025-09-30,14.180000305175781,14.3100004196167,13.930000305175781,14.149999618530273,389920277
2025-10-01,14.149999618530273,14.699999809265137,14.029999732971191,14.539999961853027,497866652
2025-10-02,14.550000190734863,14.579999923706055,13.829999923706055,13.949999809265137,448541854
2025-10-03,14.050000190734863,14.0600004196167,13.180000305175781,13.229999542236328,427694136
2025-10-06,13.279999732971191,13.300000190734863,12.800000190734863,12.899999618530273,324988705
2025-10-07,12.930000305175781,13.0,12.75,12.890000343322754,385366577
2025-10-08,12.890000343322754,13.010000228881836,12.539999961853027,12.600000381469727,496580204
2025-10-09,12.739999771118164,12.789999961853027,12.100000381469727,12.100000381469727,544357246
2025-10-10,12.140000343322754,12.289999961853027,12.0600004196167,12.15999984741211,394816882
2025-10-13,12.010000228881836,12.229999542236328,11.949999809265137,12.029999732971191,322043272
2025-10-14,12.039999961853027,12.100000381469727,11.539999961853027,11.640000343322754,422221471
2025-10-15,11.75,11.930000305175781,11.609999656677246,11.819999694824219,442672691
2025-10-16,11.739999771118164,11.930000305175781,11.520000457763672,11.579999923706055,595863681
2025-10-17,11.529999732971191,11.609999656677246,11.109999656677246,11.279999732971191,495125730
2025-10-20,11.319999694824219,11.850000381469727,11.220000267028809,11.770000457763672,645052968
2025-10-21,11.770000457763672,12.149999618530273,11.710000038146973,12.0600004196167,559323053
2025-10-22,12.109999656677246,12.3100004196167,12.039999961853027,12.0600004196167,526221544
2025-10-23,12.069999694824219,12.3100004196167,11.949999809265137,12.0600004196167,694818996
2025-10-24,12.25,13.260000228881836,12.25,13.180000305175781,402642488
2025-10-27,13.050000190734863,13.09000015258789,12.449999809265137,12.510000228881836,752135244
2025-10-28,12.520000457763672,12.600000381469727,12.380000114440918,12.40999984741211,256195727
2025-10-30,12.510000228881836,12.65999984741211,12.369999885559082,12.449999809265137,505077180
2025-10-31,12.449999809265137,12.75,12.279999732971191,12.649999618530273,630031855
2025-11-03,12.760000228881836,13.1899995803833,12.739999771118164,12.930000305175781,669072881
2025-11-04,12.869999885559082,13.180000305175781,12.789999961853027,12.890000343322754,588921650
2025-11-05,12.90999984741211,13.180000305175781,12.789999961853027,13.100000381469727,621656492
2025-11-06,13.149999618530273,13.329999923706055,13.0600004196167,13.25,491290993
2025-11-07,13.229999542236328,13.260000228881836,12.75,12.880000114440918,559488667
2025-11-10,12.970000267028809,12.979999542236328,12.550000190734863,12.579999923706055,447027211
2025-11-11,12.600000381469727,12.729999542236328,11.970000267028809,12.199999809265137,769415374
2025-11-12,12.319999694824219,12.550000190734863,12.210000038146973,12.359999656677246,397216643
2025-11-13,12.40999984741211,12.520000457763672,12.279999732971191,12.40999984741211,370133617
2025-11-14,12.369999885559082,12.5,12.220000267028809,12.319999694824219,313198963
2025-11-17,12.430000305175781,12.470000267028809,12.15999984741211,12.239999771118164,535763609
2025-11-18,12.199999809265137,12.4399995803833,12.140000343322754,12.270000457763672,563617911
2025-11-19,12.319999694824219,12.880000114440918,12.270000457763672,12.640000343322754,681328192
2025-11-20,12.720000267028809,12.880000114440918,12.640000343322754,12.819999694824219,414998908
2025-11-21,12.680000305175781,12.720000267028809,12.470000267028809,12.699999809265137,494298048
2025-11-24,12.640000343322754,12.949999809265137,12.619999885559082,12.850000381469727,537488137
2025-11-25,12.899999618530273,13.170000076293945,12.8100004196167,13.09000015258789,727451567
2025-11-26,13.100000381469727,13.1899995803833,12.989999771118164,13.100000381469727,460314714
2025-11-27,13.199999809265137,13.59000015258789,13.180000305175781,13.34000015258789,581065662
2025-11-28,13.3100004196167,13.65999984741211,13.260000228881836,13.569999694824219,481361635
2025-12-01,13.5600004196167,14.079999923706055,13.390000343322754,13.960000038146973,789531706
2025-12-02,14.0,14.1899995803833,13.720000267028809,13.890000343322754,713533769
2025-12-03,13.949999809265137,14.239999771118164,13.859999656677246,13.880000114440918,203713779
2025-12-04,13.930000305175781,13.949999809265137,13.609999656677246,13.65999984741211,673482964
2025-12-05,13.649999618530273,14.100000381469727,13.600000381469727,14.069999694824219,633308470
2025-12-08,14.1899995803833,14.449999809265137,14.100000381469727,14.220000267028809,633049897
2025-12-09,14.239999771118164,14.399999618530273,14.180000305175781,14.329999923706055,501117578
2025-12-10,14.350000381469727,14.369999885559082,13.899999618530273,14.050000190734863,502647365
2025-12-11,14.100000381469727,14.140000343322754,13.789999961853027,13.890000343322754,797116136
2025-12-12,14.0,14.109999656677246,13.84000015258789,13.90999984741211,453630446
2025-12-15,13.930000305175781,14.109999656677246,13.850000381469727,14.050000190734863,483303194
2025-12-16,14.050000190734863,14.069999694824219,13.819999694824219,13.880000114440918,431670827
2025-12-17,13.859999656677246,14.010000228881836,13.710000038146973,13.9399995803833,497439061
2025-12-18,13.970000267028809,14.069999694824219,13.859999656677246,14.010000228881836,531559528
2025-12-19,14.010000228881836,14.079999923706055,13.90999984741211,14.020000457763672,539304558
2025-12-22,14.029999732971191,14.210000038146973,13.989999771118164,14.0600004196167,658992579
2025-12-23,14.039999961853027,14.1899995803833,13.84000015258789,13.890000343322754,626616948
2025-12-24,13.90999984741211,14.100000381469727,13.720000267028809,13.720000267028809,563830564
2025-12-25,13.800000190734863,13.869999885559082,13.65999984741211,13.670000076293945,262750827
2025-12-26,13.680000305175781,13.739999771118164,13.460000038146973,13.529999732971191,415274970
2025-12-29,13.539999961853027,13.670000076293945,13.40999984741211,13.5,470038560
2025-12-30,13.539999961853027,13.710000038146973,13.380000114440918,13.579999923706055,458332350
2025-12-31,13.619999885559082,14.100000381469727,13.619999885559082,14.09000015258789,524373199
2026-01-02,14.149999618530273,14.390000343322754,14.069999694824219,14.380000114440918,598690454
2026-01-05,14.5,14.550000190734863,14.3100004196167,14.390000343322754,602360524
2026-01-06,14.420000076293945,14.75,14.34000015258789,14.640000343322754,758276839
2026-01-07,14.699999809265137,14.720000267028809,14.329999923706055,14.420000076293945,571554572
2026-01-08,14.4399995803833,14.579999923706055,14.319999694824219,14.460000038146973,607844431
2026-01-09,14.520000457763672,14.680000305175781,14.359999656677246,14.470000267028809,614424957
2026-01-12,14.510000228881836,14.630000114440918,14.369999885559082,14.449999809265137,588739040
2026-01-13,14.470000267028809,14.6899995803833,14.430000305175781,14.59000015258789,702449366
2026-01-14,14.630000114440918,14.670000076293945,14.479999542236328,14.640000343322754,571036187
2026-01-15,14.609999656677246,14.670000076293945,14.15999984741211,14.260000228881836,714805464
2026-01-16,14.300000190734863,14.369999885559082,14.109999656677246,14.180000305175781,801164277
2026-01-19,14.239999771118164,14.619999885559082,14.229999542236328,14.59000015258789,728568347
2026-01-20,14.579999923706055,14.609999656677246,14.319999694824219,14.40999984741211,788531854
2026-01-21,14.470000267028809,14.890000343322754,14.430000305175781,14.869999885559082,829649274
2026-01-22,14.949999809265137,14.970000267028809,14.420000076293945,14.670000076293945,850429338
2026-01-23,14.729999542236328,15.220000267028809,14.720000267028809,15.199999809265137,679421586
2026-01-26,15.069999694824219,15.430000305175781,14.979999542236328,15.289999961853027,813616554
2026-01-27,15.3100004196167,15.359999656677246,14.880000114440918,15.039999961853027,809348954
2026-01-28,15.0600004196167,15.630000114440918,15.0,15.470000267028809,959125440
2026-01-29,15.539999961853027,16.799999237060547,15.510000228881836,16.260000228881836,1041114608
2026-01-30,16.270000457763672,16.84000015258789,16.059999465942383,16.65999984741211,869144348
2026-02-02,16.200000762939453,17.139999389648438,15.989999771118164,16.84000015258789,838341497
2026-02-03,17.0,17.530000686645508,16.75,17.459999084472656,892534808
2026-02-04,17.489999771118164,17.530000686645508,17.020000457763672,17.020000457763672,528153752
2026-02-05,17.020000457763672,17.200000762939453,16.5,16.579999923706055,574182747
2026-02-06,16.649999618530273,16.90999984741211,16.270000457763672,16.489999771118164,501262947
2026-02-09,16.860000610351562,17.239999771118164,16.6299991607666,16.979999542236328,829457559
2026-02-10,16.979999542236328,17.139999389648438,16.799999237060547,16.93000030517578,666799472
2026-02-11,16.84000015258789,17.350000381469727,16.649999618530273,17.1299991607666,701248725
2026-02-12,17.200000762939453,18.18000030517578,17.1299991607666,18.149999618530273,136947935
2026-02-13,18.1200008392334,18.209999084472656,17.770000457763672,17.90999984741211,666228164
2026-02-16,18.040000915527344,18.079999923706055,17.559999465942383,17.770000457763672,729693058
2026-02-17,17.719999313354492,17.8799991607666,17.530000686645508,17.530000686645508,630019287
2026-02-18,17.579999923706055,18.030000686645508,17.399999618530273,17.540000915527344,950056726
2026-02-19,17.670000076293945,17.670000076293945,16.3700008392334,16.469999313354492,887535461
2026-02-20,16.510000228881836,16.81999969482422,16.25,16.81999969482422,647636743
2026-02-23,17.09000015258789,17.469999313354492,16.899999618530273,17.299999237060547,828970777
2026-02-24,17.190000534057617,17.520000457763672,17.100000381469727,17.190000534057617,595157028
2026-02-25,17.239999771118164,17.389999389648438,16.729999542236328,16.950000762939453,727630322
2026-02-26,16.950000762939453,17.31999969482422,16.770000457763672,17.200000762939453,627755791
2026-02-27,17.280000686645508,17.530000686645508,16.579999923706055,16.90999984741211,694302306
2026-03-02,15.899999618530273,16.229999542236328,15.59000015258789,15.770000457763672,481721909
2026-03-03,15.699999809265137,15.859999656677246,14.8100004196167,14.829999923706055,460743393
2026-03-04,14.829999923706055,15.199999809265137,14.670000076293945,14.800000190734863,616805359
2026-03-05,14.970000267028809,15.25,14.890000343322754,14.979999542236328,350463694
2026-03-06,14.90999984741211,15.039999961853027,14.079999923706055,14.220000267028809,475556085
2026-03-09,13.779999732971191,14.140000343322754,13.3100004196167,14.069999694824219,774852479
2026-03-10,14.609999656677246,14.90999984741211,14.3100004196167,14.75,649833663
2026-03-11,14.720000267028809,14.75,14.300000190734863,14.600000381469727,437914046
2026-03-12,14.420000076293945,14.979999542236328,14.329999923706055,14.369999885559082,617062045
2026-03-13,14.289999961853027,14.359999656677246,13.75,14.069999694824219,508833601
2026-03-16,14.119999885559082,14.1899995803833,13.920000076293945,14.109999656677246,358887825
2026-03-17,14.15999984741211,14.489999771118164,14.130000114440918,14.420000076293945,529144775
2026-03-18,14.489999771118164,14.539999961853027,14.079999923706055,14.180000305175781,525676908
2026-03-19,14.0,14.199999809265137,13.949999809265137,13.949999809265137,192390037
2026-03-23,13.579999923706055,13.949999809265137,12.90999984741211,13.670000076293945,367945013
2026-03-24,13.529999732971191,13.739999771118164,13.270000457763672,13.289999961853027,575420217
2026-03-25,13.539999961853027,13.65999984741211,13.350000381469727,13.420000076293945,502525119
2026-03-26,13.369999885559082,13.510000228881836,13.119999885559082,13.180000305175781,493014931
2026-03-27,13.239999771118164,13.34000015258789,12.949999809265137,13.180000305175781,477451695
2026-03-30,13.149999618530273,13.239999771118164,12.920000076293945,12.9399995803833,403609931
2026-03-31,13.0,13.270000457763672,12.989999771118164,13.170000076293945,483355175
2026-04-01,13.300000190734863,13.3100004196167,12.920000076293945,13.029999732971191,567524261
2026-04-02,12.75,13.199999809265137,12.720000267028809,13.180000305175781,483658588
2026-04-03,13.15999984741211,13.34000015258789,13.0600004196167,13.149999618530273,360144382
2026-04-06,13.1899995803833,13.529999732971191,13.15999984741211,13.319999694824219,583704556
2026-04-07,13.260000228881836,13.40999984741211,13.039999961853027,13.100000381469727,497131880
2026-04-08,14.0,14.390000343322754,13.890000343322754,14.09000015258789,933351335
2026-04-09,13.989999771118164,14.369999885559082,13.9399995803833,14.369999885559082,565672354
2026-04-10,14.5,14.760000228881836,14.399999618530273,14.710000038146973,680240645
2026-04-13,14.350000381469727,14.609999656677246,14.239999771118164,14.609999656677246,510098120
2026-04-14,14.800000190734863,15.119999885559082,14.279999732971191,14.550000190734863,912874850
2026-04-15,14.600000381469727,14.6899995803833,14.510000228881836,14.550000190734863,517611134
2026-04-16,14.649999618530273,14.760000228881836,14.319999694824219,14.4399995803833,452103664
2026-04-17,14.449999809265137,15.109999656677246,14.359999656677246,15.109999656677246,988687515
2026-04-20,14.800000190734863,15.1899995803833,14.770000457763672,14.979999542236328,527537176
2026-04-21,15.069999694824219,15.140000343322754,14.800000190734863,14.800000190734863,570681939
2026-04-22,14.930000305175781,15.020000457763672,14.680000305175781,14.789999961853027,465327157
2026-04-24,14.720000267028809,14.75,14.350000381469727,14.449999809265137,495303855
2026-04-27,14.460000038146973,14.619999885559082,14.270000457763672,14.3100004196167,492314251
2026-04-28,14.279999732971191,14.369999885559082,13.970000267028809,13.979999542236328,342092346
2026-04-29,14.039999961853027,14.180000305175781,13.899999618530273,14.020000457763672,401053249
2026-04-30,13.930000305175781,14.380000114440918,13.899999618530273,14.34000015258789,419305547
2026-05-04,14.34000015258789,14.40999984741211,13.899999618530273,14.079999923706055,423931644
2026-05-05,14.09000015258789,14.210000038146973,13.869999885559082,14.010000228881836,486344287
2026-05-06,14.239999771118164,14.770000457763672,14.140000343322754,14.489999771118164,95650902
2026-05-07,14.550000190734863,14.920000076293945,14.550000190734863,14.59000015258789,660026062
2026-05-08,14.510000228881836,14.699999809265137,14.369999885559082,14.550000190734863,546706307
2026-05-11,14.510000228881836,14.800000190734863,14.479999542236328,14.75,426833131
2026-05-12,14.699999809265137,14.729999542236328,14.260000228881836,14.270000457763672,400763145
2026-05-13,14.359999656677246,14.399999618530273,13.989999771118164,14.109999656677246,367364825
2026-05-14,14.1899995803833,14.300000190734863,14.079999923706055,14.220000267028809,435548929
2026-05-15,14.050000190734863,14.0600004196167,13.670000076293945,13.869999885559082,447939653
2026-05-18,13.800000190734863,13.979999542236328,13.579999923706055,13.720000267028809,500280291
2026-05-20,13.710000038146973,13.819999694824219,13.5600004196167,13.699999809265137,406734399
2026-05-21,13.6899995803833,13.720000267028809,12.699999809265137,12.699999809265137,446688172
2026-05-22,12.449999809265137,13.369999885559082,12.25,13.199999809265137,805251454
2026-05-25,13.270000457763672,13.319999694824219,13.0600004196167,13.270000457763672,486394333
2026-05-26,13.25,13.3100004196167,13.140000343322754,13.140000343322754,172707500
2026-05-27,13.140000343322754,13.140000343322754,13.140000343322754,13.140000343322754,0
2026-05-28,13.140000343322754,13.140000343322754,13.140000343322754,13.140000343322754,0
2026-05-29,13.140000343322754,13.140000343322754,13.140000343322754,13.140000343322754,0
2026-06-01,13.25,13.529999732971191,13.079999923706055,13.100000381469727,549712623
2026-06-02,13.210000038146973,13.680000305175781,13.199999809265137,13.630000114440918,596493304
2026-06-03,13.569999694824219,13.670000076293945,13.380000114440918,13.390000343322754,405449844
2026-06-04,13.479999542236328,13.720000267028809,13.369999885559082,13.720000267028809,513716946
2026-06-05,13.789999961853027,13.819999694824219,13.170000076293945,13.1899995803833,514740095
2026-06-08,13.050000190734863,13.890000343322754,13.029999732971191,13.829999923706055,494969030
2026-06-09,13.84000015258789,14.050000190734863,13.779999732971191,13.829999923706055,428599884
2026-06-10,13.8100004196167,13.930000305175781,13.489999771118164,13.729999542236328,284070145
2026-06-11,13.770000457763672,13.9399995803833,13.489999771118164,13.739999771118164,501055080
2026-06-12,14.069999694824219,14.609999656677246,14.020000457763672,14.3100004196167,763022920
2026-06-15,15.1899995803833,15.239999771118164,14.8100004196167,14.890000343322754,619943405
2026-06-16,14.859999656677246,15.0600004196167,14.779999732971191,15.010000228881836,437086042
2026-06-17,15.0600004196167,15.109999656677246,14.850000381469727,14.9399995803833,404845243
2026-06-18,15.0,15.479999542236328,14.970000267028809,15.470000267028809,618618703
2026-06-19,15.300000190734863,15.5,15.180000305175781,15.359999656677246,585714007
2026-06-22,15.420000076293945,15.539999961853027,15.319999694824219,15.420000076293945,315234838
2026-06-23,15.3100004196167,15.479999542236328,15.0,15.180000305175781,463590336
2026-06-24,15.199999809265137,15.220000267028809,14.869999885559082,15.100000381469727,409983453
2026-06-25,15.300000190734863,15.380000114440918,14.539999961853027,14.579999923706055,507269793
2026-06-26,14.579999923706055,14.779999732971191,14.5600004196167,14.739999771118164,250477565
2026-06-29,14.760000228881836,14.899999618530273,14.569999694824219,14.6899995803833,323425591
2026-06-30,14.6899995803833,14.890000343322754,14.630000114440918,14.8100004196167,422611203
2026-07-01,14.779999732971191,14.979999542236328,14.640000343322754,14.930000305175781,522144502
2026-07-02,14.9399995803833,15.109999656677246,14.6899995803833,14.819999694824219,529288042
2026-07-03,14.90999984741211,14.930000305175781,14.210000038146973,14.210000038146973,486069237
2026-07-06,14.260000228881836,14.430000305175781,14.149999618530273,14.34000015258789,338527505
2026-07-07,14.300000190734863,14.710000038146973,14.300000190734863,14.449999809265137,405806307
2026-07-08,14.380000114440918,14.479999542236328,13.859999656677246,14.079999923706055,565573464
2026-07-09,14.289999961853027,14.3100004196167,13.819999694824219,13.899999618530273,355592118
2026-07-10,13.899999618530273,14.109999656677246,13.699999809265137,13.779999732971191,451553568
2026-07-13,13.649999618530273,13.819999694824219,13.5,13.699999809265137,459074226
2026-07-14,13.6899995803833,13.970000267028809,13.630000114440918,13.890000343322754,433360987
2026-07-16,13.899999618530273,13.989999771118164,13.550000190734863,13.989999771118164,612519260
2026-07-17,13.920000076293945,13.949999809265137,13.449999809265137,13.680000305175781,471320402
2026-07-20,13.680000305175781,13.720000267028809,13.109999656677246,13.180000305175781,730589889
2026-07-21,13.25,13.260000228881836,12.90999984741211,12.930000305175781,695501135
2026-07-22,12.970000267028809,13.140000343322754,12.90999984741211,13.0600004196167,526863262
2026-07-23,13.0600004196167,13.119999885559082,12.899999618530273,13.0,659213412
2026-07-24,12.989999771118164,13.180000305175781,12.869999885559082,12.920000076293945,523092387
2026-07-27,13.0600004196167,13.1899995803833,12.850000381469727,12.890000343322754,608728010
2026-07-28,12.90999984741211,12.949999809265137,12.75,12.819999694824219,452991938
2026-07-29,12.819999694824219,12.90999984741211,12.25,12.300000190734863,625574599
2026-07-30,12.300000190734863,12.449999809265137,11.970000267028809,12.029999732971191,686429506
2026-07-31,12.100000381469727,12.470000267028809,12.039999961853027,12.470000267028809,686627710
2026-08-03,12.600000381469727,12.869999885559082,12.600000381469727,12.680000305175781,546056391
2026-08-04,12.399999618530273,12.630000114440918,12.34000015258789,12.59000015258789,911827146
2026-08-05,12.550000190734863,12.569999694824219,12.239999771118164,12.34000015258789,674854182
2026-08-06,12.380000114440918,12.600000381469727,12.329999923706055,12.329999923706055,509496559
2026-08-07,12.359999656677246,12.510000228881836,12.260000228881836,12.359999656677246,441804826
2026-08-10,12.390000343322754,12.40999984741211,12.079999923706055,12.109999656677246,535076013
2026-08-11,12.079999923706055,12.100000381469727,11.859999656677246,12.020000457763672,745594783
2026-08-12,12.0,12.630000114440918,11.989999771118164,12.5600004196167,875014304
2026-08-13,12.529999732971191,12.649999618530273,12.369999885559082,12.510000228881836,469142058
2026-08-14,12.520000457763672,12.609999656677246,12.479999542236328,12.529999732971191,360930803
2026-08-17,12.529999732971191,12.569999694824219,12.399999618530273,12.399999618530273,352947990
2026-08-18,12.359999656677246,12.529999732971191,12.300000190734863,12.380000114440918,355989640
2026-08-19,12.369999885559082,12.640000343322754,12.350000381469727,12.529999732971191,655235781
2026-08-20,12.579999923706055,12.699999809265137,12.329999923706055,12.380000114440918,563447351
2026-08-21,12.399999618530273,12.579999923706055,12.350000381469727,12.390000343322754,698672520
2026-08-24,12.779999732971191,12.850000381469727,12.520000457763672,12.59000015258789,757195891
2026-08-25,12.59000015258789,12.65999984741211,12.460000038146973,12.479999542236328,531405535
2026-08-26,12.529999732971191,13.390000343322754,12.529999732971191,12.90999984741211,82032408
2026-08-27,12.9399995803833,13.039999961853027,12.699999809265137,12.75,695711163
2026-08-28,12.770000457763672,12.84000015258789,12.699999809265137,12.789999961853027,476270843
2026-08-31,12.800000190734863,12.800000190734863,12.539999961853027,12.640000343322754,495881549
2026-09-01,12.65999984741211,12.890000343322754,12.649999618530273,12.75,730470654
2026-09-02,12.65999984741211,12.850000381469727,12.399999618530273,12.779999732971191,559166371
2026-09-03,12.859999656677246,13.180000305175781,12.789999961853027,12.949999809265137,684427225
2026-09-04,13.0,13.220000267028809,12.920000076293945,13.010000228881836,616783123
2026-09-08,13.050000190734863,14.350000381469727,13.010000228881836,14.350000381469727,733430417
2026-09-09,14.380000114440918,14.75,13.859999656677246,13.920000076293945,1043631446
2026-09-10,14.0,14.039999961853027,13.520000457763672,13.739999771118164,943576428
2026-09-11,13.770000457763672,13.970000267028809,13.680000305175781,13.930000305175781,781451194
2026-09-14,13.8100004196167,14.050000190734863,13.789999961853027,13.84000015258789,467546166
2026-09-15,13.84000015258789,13.90999984741211,13.359999656677246,13.359999656677246,643251166
2026-09-16,13.380000114440918,13.40999984741211,12.029999732971191,12.220000267028809,77197629
