Date,Open,High,Low,Close,Volume
2021-09-17,22.799999237060547,23.5,22.780000686645508,23.5,12246060
2021-09-20,23.15999984741211,23.239999771118164,22.940000534057617,23.100000381469727,11082758
2021-09-21,23.299999237060547,23.3799991607666,22.65999984741211,22.65999984741211,10280640
2021-09-22,22.81999969482422,22.940000534057617,22.600000381469727,22.84000015258789,7428208
2021-09-23,22.899999618530273,23.079999923706055,22.040000915527344,22.18000030517578,14289595
2021-09-24,21.979999542236328,22.020000457763672,21.459999084472656,21.639999389648438,12051116
2021-09-27,21.81999969482422,21.959999084472656,21.520000457763672,21.899999618530273,7983409
2021-09-28,21.81999969482422,22.299999237060547,21.81999969482422,22.020000457763672,8743838
2021-09-29,22.280000686645508,22.440000534057617,22.139999389648438,22.299999237060547,5911276
2021-09-30,22.280000686645508,22.899999618530273,22.18000030517578,22.6200008392334,10071772
2021-10-01,22.459999084472656,22.940000534057617,22.399999618530273,22.760000228881836,6845836
2021-10-04,22.719999313354492,22.81999969482422,22.360000610351562,22.399999618530273,5442620
2021-10-05,22.399999618530273,22.65999984741211,22.34000015258789,22.559999465942383,7243400
2021-10-06,22.3799991607666,22.459999084472656,21.860000610351562,21.860000610351562,9882463
2021-10-07,22.1200008392334,22.360000610351562,22.059999465942383,22.280000686645508,6428886
2021-10-08,22.200000762939453,22.459999084472656,22.139999389648438,22.15999984741211,4612862
2021-10-11,22.239999771118164,22.440000534057617,22.200000762939453,22.219999313354492,8068300
2021-10-12,22.059999465942383,22.3799991607666,21.940000534057617,21.940000534057617,14293227
2021-10-13,22.020000457763672,22.459999084472656,21.639999389648438,21.760000228881836,22822568
2021-10-14,21.799999237060547,22.059999465942383,21.579999923706055,21.68000030517578,17402304
2021-10-15,21.780000686645508,21.81999969482422,21.34000015258789,21.5,10812913
2021-10-18,21.520000457763672,21.639999389648438,21.3799991607666,21.440000534057617,15044868
2021-10-19,21.540000915527344,21.799999237060547,21.5,21.5,14223739
2021-10-20,21.600000381469727,21.700000762939453,21.34000015258789,21.360000610351562,21678885
2021-10-21,21.360000610351562,21.399999618530273,20.65999984741211,21.239999771118164,36629350
2021-10-22,21.34000015258789,22.459999084472656,21.280000686645508,22.31999969482422,33944726
2021-10-25,22.18000030517578,23.040000915527344,22.100000381469727,23.040000915527344,30573691
2021-10-26,23.139999389648438,23.459999084472656,23.1200008392334,23.34000015258789,17893859
2021-10-27,23.459999084472656,23.600000381469727,23.200000762939453,23.559999465942383,11956007
2021-10-28,23.479999542236328,23.739999771118164,23.440000534057617,23.579999923706055,4499038
2021-11-01,23.65999984741211,23.81999969482422,23.299999237060547,23.719999313354492,12873027
2021-11-02,23.68000030517578,23.780000686645508,23.31999969482422,23.540000915527344,15556082
2021-11-03,23.479999542236328,24.34000015258789,23.0,24.34000015258789,22032257
2021-11-04,24.639999389648438,25.260000228881836,24.6200008392334,24.920000076293945,13879981
2021-11-05,24.860000610351562,25.559999465942383,24.65999984741211,25.559999465942383,14881972
2021-11-08,25.81999969482422,26.5,25.65999984741211,25.940000534057617,19836226
2021-11-09,26.219999313354492,26.979999542236328,25.780000686645508,26.239999771118164,26992224
2021-11-10,26.239999771118164,26.559999465942383,25.639999389648438,26.059999465942383,15974141
2021-11-11,25.959999084472656,26.479999542236328,25.860000610351562,25.920000076293945,13988765
2021-11-12,26.0,26.459999084472656,25.8799991607666,26.3799991607666,12158790
2021-11-15,27.0,29.0,27.0,28.34000015258789,40318489
2021-11-16,28.100000381469727,28.360000610351562,27.639999389648438,27.719999313354492,21857215
2021-11-17,27.520000457763672,28.280000686645508,27.299999237060547,28.059999465942383,14348001
2021-11-18,28.100000381469727,29.0,27.0,28.040000915527344,41141904
2021-11-19,28.3799991607666,28.459999084472656,27.459999084472656,27.639999389648438,20531188
2021-11-22,27.920000076293945,27.959999084472656,27.399999618530273,27.8799991607666,16439988
2021-11-23,27.760000228881836,29.059999465942383,27.1200008392334,28.040000915527344,41506323
2021-11-24,28.440000534057617,29.219999313354492,28.299999237060547,29.079999923706055,45018818
2021-11-25,29.1200008392334,29.780000686645508,29.079999923706055,29.579999923706055,23761504
2021-11-26,29.020000457763672,29.260000228881836,28.059999465942383,28.31999969482422,19734072
2021-11-29,28.5,29.239999771118164,27.860000610351562,29.020000457763672,19590729
2021-11-30,28.600000381469727,28.940000534057617,28.520000457763672,28.540000915527344,21765445
2021-12-01,29.0,29.700000762939453,28.899999618530273,29.299999237060547,23231362
2021-12-02,29.31999969482422,30.079999923706055,29.260000228881836,30.079999923706055,20933503
2021-12-03,30.260000228881836,31.68000030517578,30.260000228881836,31.440000534057617,18472749
2021-12-06,31.65999984741211,31.719999313354492,30.81999969482422,31.239999771118164,13119556
2021-12-07,31.520000457763672,32.459999084472656,31.219999313354492,32.459999084472656,19011704
2021-12-08,32.900001525878906,33.47999954223633,32.2400016784668,33.400001525878906,26828719
2021-12-09,33.5,33.880001068115234,32.91999816894531,33.439998626708984,28070356
2021-12-10,33.439998626708984,33.52000045776367,32.439998626708984,33.18000030517578,17159833
2021-12-13,33.34000015258789,34.459999084472656,33.34000015258789,33.880001068115234,21447674
2021-12-14,34.20000076293945,34.91999816894531,34.20000076293945,34.5,20914696
2021-12-15,35.5,36.08000183105469,34.58000183105469,35.900001525878906,33028787
2021-12-16,36.20000076293945,37.720001220703125,35.52000045776367,37.720001220703125,35968807
2021-12-17,39.0,39.7400016784668,33.959999084472656,33.959999084472656,38266067
2021-12-20,32.380001068115234,35.0,30.6200008392334,33.34000015258789,27432651
2021-12-21,33.47999954223633,33.79999923706055,30.020000457763672,30.020000457763672,22379094
2021-12-22,28.700000762939453,29.239999771118164,27.020000457763672,27.079999923706055,39313404
2021-12-23,27.68000030517578,28.15999984741211,26.020000457763672,27.540000915527344,26266051
2021-12-24,28.31999969482422,29.459999084472656,28.299999237060547,29.440000534057617,20401879
2021-12-27,29.639999389648438,30.260000228881836,29.020000457763672,29.440000534057617,16646618
2021-12-28,29.559999465942383,29.639999389648438,28.059999465942383,28.700000762939453,12731794
2021-12-29,28.579999923706055,29.639999389648438,27.8799991607666,29.459999084472656,13483077
2021-12-30,29.68000030517578,29.959999084472656,28.540000915527344,28.700000762939453,10705223
2021-12-31,28.719999313354492,29.139999389648438,28.059999465942383,28.3799991607666,9474178
2022-01-03,28.600000381469727,30.260000228881836,28.200000762939453,30.260000228881836,17004120
2022-01-04,30.459999084472656,30.959999084472656,30.059999465942383,30.559999465942383,20173933
2022-01-05,30.559999465942383,31.420000076293945,30.15999984741211,31.420000076293945,13532618
2022-01-06,31.0,32.400001525878906,30.920000076293945,32.08000183105469,14987338
2022-01-07,32.31999969482422,32.779998779296875,31.459999084472656,32.779998779296875,12575659
2022-01-10,33.0,33.220001220703125,32.560001373291016,32.63999938964844,12280661
2022-01-11,32.900001525878906,33.0,31.81999969482422,32.81999969482422,14136711
2022-01-12,33.18000030517578,33.58000183105469,32.5,33.099998474121094,16859412
2022-01-13,32.70000076293945,33.31999969482422,32.65999984741211,33.099998474121094,12788028
2022-01-14,33.0,33.2599983215332,32.58000183105469,33.099998474121094,12101154
2022-01-17,33.2400016784668,33.91999816894531,33.20000076293945,33.20000076293945,11980088
2022-01-18,33.20000076293945,33.31999969482422,31.540000915527344,31.540000915527344,9766739
2022-01-19,31.780000686645508,32.86000061035156,30.799999237060547,32.86000061035156,18888811
2022-01-20,32.79999923706055,33.119998931884766,31.31999969482422,32.0,18915811
2022-01-21,31.700000762939453,32.2599983215332,31.15999984741211,31.520000457763672,15145947
2022-01-24,31.440000534057617,31.700000762939453,29.719999313354492,29.799999237060547,13480322
2022-01-25,29.959999084472656,31.299999237060547,29.020000457763672,31.299999237060547,20150913
2022-01-26,31.34000015258789,31.65999984741211,31.0,31.299999237060547,9973777
2022-01-27,30.600000381469727,31.780000686645508,30.440000534057617,31.700000762939453,13176848
2022-01-28,31.8799991607666,32.34000015258789,31.639999389648438,31.899999618530273,16736465
2022-01-31,32.2599983215332,32.560001373291016,32.040000915527344,32.459999084472656,12861846
2022-02-01,32.58000183105469,33.060001373291016,32.41999816894531,32.58000183105469,13867637
2022-02-02,32.81999969482422,33.20000076293945,32.439998626708984,32.79999923706055,15382359
2022-02-03,32.599998474121094,32.7400016784668,31.200000762939453,31.5,12274281
2022-02-04,31.84000015258789,31.940000534057617,31.100000381469727,31.280000686645508,10313671
2022-02-07,31.100000381469727,32.58000183105469,30.5,32.560001373291016,14509607
2022-02-08,32.58000183105469,33.439998626708984,32.5,33.31999969482422,15159861
2022-02-09,33.58000183105469,33.880001068115234,33.20000076293945,33.65999984741211,12581438
2022-02-10,33.720001220703125,34.119998931884766,33.36000061035156,33.720001220703125,13014121
2022-02-11,33.31999969482422,33.880001068115234,32.439998626708984,33.79999923706055,17758379
2022-02-14,33.040000915527344,33.880001068115234,32.279998779296875,33.47999954223633,22207051
2022-02-15,33.52000045776367,34.47999954223633,33.52000045776367,34.119998931884766,16240947
2022-02-16,34.58000183105469,35.040000915527344,34.5,34.65999984741211,14458114
2022-02-17,34.959999084472656,35.119998931884766,34.15999984741211,34.220001220703125,17440979
2022-02-18,34.220001220703125,34.439998626708984,33.5,33.900001525878906,13978935
2022-02-21,34.18000030517578,34.540000915527344,33.619998931884766,34.220001220703125,15153562
2022-02-22,33.5,34.41999816894531,33.279998779296875,34.119998931884766,11567701
2022-02-23,34.279998779296875,34.380001068115234,33.13999938964844,33.13999938964844,14901751
2022-02-24,30.0,31.1200008392334,29.84000015258789,29.84000015258789,20987244
2022-02-25,30.440000534057617,32.060001373291016,30.200000762939453,31.559999465942383,18040257
2022-02-28,30.540000915527344,31.979999542236328,30.540000915527344,31.639999389648438,19059590
2022-03-01,32.0,32.31999969482422,31.5,31.700000762939453,12104186
2022-03-02,31.979999542236328,32.2400016784668,31.459999084472656,31.979999542236328,11057170
2022-03-03,32.29999923706055,32.7400016784668,32.119998931884766,32.400001525878906,16337730
2022-03-04,32.15999984741211,32.41999816894531,30.959999084472656,30.959999084472656,19880284
2022-03-07,30.65999984741211,31.0,29.979999542236328,30.420000076293945,21177958
2022-03-08,30.200000762939453,30.959999084472656,29.940000534057617,29.979999542236328,21914682
2022-03-09,30.360000610351562,31.31999969482422,30.200000762939453,31.079999923706055,26682492
2022-03-10,31.239999771118164,31.559999465942383,30.600000381469727,31.0,19749407
2022-03-11,30.920000076293945,31.760000228881836,30.760000228881836,31.299999237060547,17852916
2022-03-14,31.81999969482422,34.15999984741211,31.780000686645508,33.959999084472656,47992752
2022-03-15,33.86000061035156,34.220001220703125,33.5,33.58000183105469,32383215
2022-03-16,33.79999923706055,34.459999084472656,33.439998626708984,34.29999923706055,23476021
2022-03-17,34.63999938964844,36.20000076293945,34.5,35.779998779296875,31960197
2022-03-18,35.7400016784668,36.459999084472656,35.58000183105469,36.459999084472656,17687858
2022-03-21,37.099998474121094,37.15999984741211,36.41999816894531,36.58000183105469,13707366
2022-03-22,36.58000183105469,37.47999954223633,36.5,37.099998474121094,18773432
2022-03-23,37.29999923706055,37.52000045776367,36.7400016784668,37.0,15947507
2022-03-24,37.13999938964844,38.939998626708984,37.13999938964844,37.720001220703125,22002915
2022-03-25,38.02000045776367,38.7599983215332,37.540000915527344,37.540000915527344,14494336
2022-03-28,37.63999938964844,37.959999084472656,36.939998626708984,36.939998626708984,16556092
2022-03-29,37.36000061035156,38.720001220703125,37.36000061035156,38.619998931884766,23111428
2022-03-30,38.68000030517578,40.060001373291016,38.599998474121094,40.0,21978860
2022-03-31,40.2400016784668,40.86000061035156,39.2599983215332,39.65999984741211,12944674
2022-04-01,39.81999969482422,40.52000045776367,38.959999084472656,39.279998779296875,16060129
2022-04-04,39.540000915527344,39.97999954223633,39.52000045776367,39.97999954223633,14555862
2022-04-05,40.13999938964844,40.400001525878906,39.63999938964844,39.84000015258789,18424639
2022-04-06,39.97999954223633,40.58000183105469,39.70000076293945,39.79999923706055,15777096
2022-04-07,39.220001220703125,39.58000183105469,39.02000045776367,39.34000015258789,13329830
2022-04-08,39.959999084472656,41.29999923706055,39.880001068115234,41.2400016784668,22954223
2022-04-11,41.15999984741211,43.220001220703125,40.86000061035156,42.599998474121094,37168586
2022-04-12,42.5,42.720001220703125,41.560001373291016,42.220001220703125,21121609
2022-04-13,42.52000045776367,42.599998474121094,40.900001525878906,40.959999084472656,18717255
2022-04-14,41.279998779296875,41.380001068115234,40.29999923706055,40.36000061035156,16013134
2022-04-15,40.36000061035156,41.08000183105469,40.31999969482422,40.7400016784668,9715373
2022-04-18,40.7599983215332,41.31999969482422,40.7599983215332,41.31999969482422,12198738
2022-04-19,41.47999954223633,42.119998931884766,41.060001373291016,42.060001373291016,24045300
2022-04-20,42.15999984741211,42.220001220703125,41.13999938964844,41.34000015258789,18518743
2022-04-21,41.34000015258789,41.65999984741211,41.119998931884766,41.13999938964844,21234491
2022-04-22,40.779998779296875,41.040000915527344,39.459999084472656,39.5,20674153
2022-04-25,39.34000015258789,40.599998474121094,38.939998626708984,40.20000076293945,15106202
2022-04-26,40.7599983215332,40.900001525878906,38.91999816894531,39.599998474121094,13972610
2022-04-27,39.599998474121094,40.2400016784668,39.040000915527344,40.08000183105469,12969366
2022-04-28,40.400001525878906,40.86000061035156,39.900001525878906,40.13999938964844,10593586
2022-04-29,40.279998779296875,40.540000915527344,39.7599983215332,40.20000076293945,10702218
2022-05-05,40.81999969482422,41.08000183105469,39.959999084472656,39.959999084472656,13746187
2022-05-06,39.91999816894531,40.18000030517578,38.720001220703125,39.220001220703125,18600092
2022-05-09,39.220001220703125,40.29999923706055,39.15999984741211,40.13999938964844,15845173
2022-05-10,40.5,41.47999954223633,40.5,41.20000076293945,5619440
2022-05-11,41.720001220703125,41.86000061035156,40.0,40.0,20731045
2022-05-12,38.97999954223633,39.099998474121094,37.97999954223633,38.5,23680593
2022-05-13,38.91999816894531,39.0,38.34000015258789,38.63999938964844,14796047
2022-05-16,38.459999084472656,38.70000076293945,38.119998931884766,38.29999923706055,12821426
2022-05-17,38.47999954223633,38.91999816894531,38.099998474121094,38.15999984741211,13047301
2022-05-18,38.099998474121094,38.86000061035156,38.099998474121094,38.439998626708984,16611894
2022-05-20,38.29999923706055,38.63999938964844,38.060001373291016,38.060001373291016,7836920
2022-05-23,38.400001525878906,39.0,37.880001068115234,39.0,15937433
2022-05-24,39.220001220703125,39.459999084472656,38.5,38.5,13762243
2022-05-25,39.0,40.20000076293945,38.91999816894531,39.779998779296875,23996927
2022-05-26,39.79999923706055,40.279998779296875,39.41999816894531,40.02000045776367,15937168
2022-05-27,40.040000915527344,40.41999816894531,39.2599983215332,39.380001068115234,12801214
2022-05-30,40.0,41.119998931884766,39.84000015258789,40.7400016784668,15170346
2022-05-31,40.900001525878906,41.880001068115234,40.86000061035156,40.97999954223633,22129648
2022-06-01,41.08000183105469,42.0,40.79999923706055,41.099998474121094,13711921
2022-06-02,41.18000030517578,41.619998931884766,40.91999816894531,41.439998626708984,12108783
2022-06-03,41.65999984741211,41.79999923706055,40.939998626708984,41.08000183105469,8553997
2022-06-06,41.29999923706055,42.380001068115234,41.29999923706055,42.15999984741211,12912111
2022-06-07,42.0,42.099998474121094,41.02000045776367,41.439998626708984,17079322
2022-06-08,41.79999923706055,42.119998931884766,39.720001220703125,39.720001220703125,17124262
2022-06-09,39.7400016784668,40.08000183105469,38.459999084472656,39.31999969482422,18570023
2022-06-10,38.779998779296875,40.040000915527344,37.939998626708984,38.31999969482422,20473770
2022-06-13,38.040000915527344,39.41999816894531,38.0,39.099998474121094,15472169
2022-06-14,39.380001068115234,39.779998779296875,39.02000045776367,39.540000915527344,17561682
2022-06-15,39.540000915527344,39.97999954223633,38.939998626708984,39.97999954223633,10829922
2022-06-16,39.900001525878906,39.939998626708984,38.41999816894531,38.63999938964844,13100207
2022-06-17,38.720001220703125,39.18000030517578,38.52000045776367,38.540000915527344,15266419
2022-06-20,38.81999969482422,39.040000915527344,38.31999969482422,38.900001525878906,13307962
2022-06-21,39.18000030517578,39.86000061035156,38.959999084472656,39.79999923706055,13226657
2022-06-22,39.5,41.2400016784668,39.18000030517578,41.040000915527344,22848779
2022-06-23,40.97999954223633,41.400001525878906,40.02000045776367,40.65999984741211,18072706
2022-06-24,40.86000061035156,40.939998626708984,39.900001525878906,40.900001525878906,11105509
2022-06-27,39.31999969482422,39.31999969482422,39.31999969482422,39.31999969482422,131700
2022-06-28,40.599998474121094,41.5,39.599998474121094,39.880001068115234,19403921
2022-06-29,39.880001068115234,39.97999954223633,37.119998931884766,37.119998931884766,17177426
2022-06-30,36.81999969482422,37.65999984741211,36.459999084472656,36.599998474121094,22587323
2022-07-01,36.599998474121094,37.08000183105469,36.439998626708984,36.720001220703125,17930995
2022-07-04,37.060001373291016,37.380001068115234,36.040000915527344,36.18000030517578,11982077
2022-07-05,36.220001220703125,36.81999969482422,35.540000915527344,36.0,14204829
2022-07-06,36.060001373291016,36.31999969482422,35.47999954223633,36.119998931884766,14192018
2022-07-07,36.2599983215332,36.41999816894531,35.63999938964844,35.7599983215332,14665145
2022-07-08,35.70000076293945,35.959999084472656,35.619998931884766,35.619998931884766,5641885
2022-07-13,35.5,35.599998474121094,34.439998626708984,34.880001068115234,13278184
2022-07-14,34.880001068115234,34.900001525878906,33.63999938964844,33.86000061035156,14315647
2022-07-18,34.29999923706055,34.540000915527344,34.18000030517578,34.29999923706055,16505909
2022-07-19,34.29999923706055,34.900001525878906,34.20000076293945,34.81999969482422,35842234
2022-07-20,35.040000915527344,35.36000061035156,34.86000061035156,35.2599983215332,29061497
2022-07-21,35.2599983215332,35.779998779296875,35.18000030517578,35.34000015258789,22648550
2022-07-22,35.47999954223633,36.439998626708984,35.47999954223633,36.0,21137880
2022-07-25,36.040000915527344,36.459999084472656,35.779998779296875,36.18000030517578,18997076
2022-07-26,36.36000061035156,36.65999984741211,35.959999084472656,36.119998931884766,16303309
2022-07-27,36.31999969482422,36.560001373291016,35.720001220703125,36.20000076293945,14745778
2022-07-28,36.560001373291016,36.599998474121094,35.619998931884766,35.720001220703125,12801315
2022-07-29,35.7599983215332,36.880001068115234,35.7599983215332,36.79999923706055,19741113
2022-08-01,37.0,37.880001068115234,36.939998626708984,37.7599983215332,14558863
2022-08-02,37.7599983215332,38.540000915527344,37.720001220703125,38.119998931884766,20519963
2022-08-03,38.41999816894531,38.70000076293945,38.119998931884766,38.52000045776367,15936080
2022-08-04,38.959999084472656,39.279998779296875,38.779998779296875,38.900001525878906,16746289
2022-08-05,38.959999084472656,39.779998779296875,38.2599983215332,39.459999084472656,24643520
2022-08-08,39.900001525878906,40.58000183105469,39.68000030517578,40.36000061035156,21551824
2022-08-09,40.31999969482422,40.86000061035156,39.599998474121094,40.18000030517578,20399807
2022-08-10,40.18000030517578,41.13999938964844,39.939998626708984,41.13999938964844,19649960
2022-08-11,41.599998474121094,41.86000061035156,40.959999084472656,41.5,26460218
2022-08-12,41.52000045776367,42.2400016784668,40.84000015258789,41.29999923706055,30049688
2022-08-15,41.619998931884766,41.7400016784668,40.31999969482422,40.560001373291016,18097052
2022-08-16,41.599998474121094,43.08000183105469,40.0,43.08000183105469,51577861
2022-08-17,43.08000183105469,45.0,42.560001373291016,44.720001220703125,49908363
2022-08-18,44.720001220703125,46.91999816894531,44.560001373291016,46.79999923706055,43458752
2022-08-19,46.81999969482422,47.779998779296875,46.279998779296875,46.439998626708984,21626862
2022-08-22,45.939998626708984,46.900001525878906,45.720001220703125,46.400001525878906,23799588
2022-08-23,46.400001525878906,48.439998626708984,46.31999969482422,48.220001220703125,27786197
2022-08-24,48.5,48.880001068115234,46.29999923706055,46.5,22671527
2022-08-25,46.84000015258789,47.779998779296875,46.84000015258789,47.400001525878906,19897994
2022-08-26,47.439998626708984,48.060001373291016,46.060001373291016,47.0,25437306
2022-08-29,46.36000061035156,46.900001525878906,45.58000183105469,46.41999816894531,22357164
2022-08-31,46.47999954223633,46.65999984741211,45.619998931884766,45.619998931884766,16108195
2022-09-01,45.400001525878906,45.400001525878906,44.060001373291016,44.36000061035156,22927369
2022-09-02,44.47999954223633,46.599998474121094,44.36000061035156,46.20000076293945,25557567
2022-09-05,48.040000915527344,50.25,47.119998931884766,50.150001525878906,40636257
2022-09-06,50.599998474121094,50.900001525878906,48.20000076293945,49.060001373291016,41071725
2022-09-07,49.34000015258789,50.20000076293945,48.459999084472656,49.099998474121094,26021189
2022-09-08,49.65999984741211,51.45000076293945,49.20000076293945,49.91999816894531,36357418
2022-09-09,50.20000076293945,52.099998474121094,50.0,51.099998474121094,25943828
2022-09-12,51.900001525878906,54.25,51.45000076293945,54.04999923706055,28402936
2022-09-13,55.0,55.900001525878906,49.70000076293945,49.79999923706055,38510723
2022-09-14,49.70000076293945,50.20000076293945,47.41999816894531,50.099998474121094,23877003
2022-09-15,50.400001525878906,51.45000076293945,48.880001068115234,49.220001220703125,23283560
2022-09-16,49.36000061035156,50.150001525878906,48.91999816894531,49.0,21564727
2022-09-19,49.0,49.31999969482422,46.7400016784668,46.81999969482422,18270609
2022-09-20,46.86000061035156,48.779998779296875,46.540000915527344,48.02000045776367,21564445
2022-09-21,48.36000061035156,49.29999923706055,47.619998931884766,49.02000045776367,22631598
2022-09-22,49.02000045776367,49.900001525878906,48.540000915527344,49.36000061035156,26538395
2022-09-23,49.81999969482422,50.349998474121094,48.5,48.5,20493960
2022-09-26,48.41999816894531,48.97999954223633,46.79999923706055,47.599998474121094,23036868
2022-09-27,47.79999923706055,48.959999084472656,47.52000045776367,47.70000076293945,17250397
2022-09-28,47.29999923706055,48.099998474121094,46.400001525878906,46.41999816894531,16262926
2022-09-29,46.599998474121094,47.2599983215332,44.279998779296875,45.380001068115234,16875567
2022-09-30,45.34000015258789,46.02000045776367,44.70000076293945,45.400001525878906,24084010
2022-10-03,45.70000076293945,49.599998474121094,45.70000076293945,49.400001525878906,25117804
2022-10-04,49.779998779296875,50.79999923706055,48.79999923706055,50.04999923706055,29801166
2022-10-05,50.45000076293945,51.099998474121094,49.15999984741211,50.099998474121094,23690300
2022-10-06,50.599998474121094,52.25,50.45000076293945,52.099998474121094,29463317
2022-10-07,52.29999923706055,53.599998474121094,51.5,52.650001525878906,23839450
2022-10-10,53.20000076293945,53.400001525878906,52.25,52.599998474121094,15163131
2022-10-11,52.599998474121094,52.900001525878906,51.54999923706055,52.20000076293945,15581077
2022-10-12,52.099998474121094,52.29999923706055,49.900001525878906,49.900001525878906,25574318
2022-10-13,49.900001525878906,51.0,49.63999938964844,50.5,32786416
2022-10-14,51.5,52.099998474121094,51.04999923706055,51.400001525878906,22151691
2022-10-17,51.70000076293945,56.5,51.70000076293945,56.25,47807876
2022-10-18,56.54999923706055,57.29999923706055,54.5,55.349998474121094,39861235
2022-10-19,55.5,56.849998474121094,54.349998474121094,56.349998474121094,26273042
2022-10-20,56.849998474121094,57.650001525878906,55.349998474121094,55.849998474121094,28163624
2022-10-21,56.0,57.150001525878906,55.349998474121094,56.849998474121094,21360224
2022-10-24,57.29999923706055,58.900001525878906,56.75,57.400001525878906,25307702
2022-10-25,57.599998474121094,58.099998474121094,56.400001525878906,57.95000076293945,26090569
2022-10-26,58.04999923706055,58.45000076293945,56.349998474121094,56.45000076293945,21599868
2022-10-27,56.45000076293945,56.849998474121094,54.45000076293945,55.0,21191382
2022-10-28,54.849998474121094,55.0,53.900001525878906,54.5,9150897
2022-10-31,54.650001525878906,55.849998474121094,53.849998474121094,55.599998474121094,22401236
2022-11-01,55.95000076293945,57.849998474121094,55.70000076293945,56.349998474121094,30221562
2022-11-02,56.400001525878906,57.20000076293945,55.900001525878906,56.70000076293945,20652419
2022-11-03,57.349998474121094,58.45000076293945,56.5,57.54999923706055,34485241
2022-11-04,58.0,60.349998474121094,57.45000076293945,59.849998474121094,46223702
2022-11-07,61.0,63.70000076293945,60.650001525878906,62.95000076293945,49385074
2022-11-08,63.599998474121094,65.1500015258789,62.70000076293945,63.650001525878906,42935961
2022-11-09,63.70000076293945,65.0,62.25,62.29999923706055,28797879
2022-11-10,62.099998474121094,64.5,61.75,64.0,22563407
2022-11-11,65.19999694824219,65.6500015258789,62.04999923706055,62.29999923706055,34042706
2022-11-14,62.150001525878906,63.400001525878906,61.75,63.20000076293945,26697398
2022-11-15,63.70000076293945,64.69999694824219,62.150001525878906,63.900001525878906,36363488
2022-11-16,64.19999694824219,66.80000305175781,63.29999923706055,63.5,46462881
2022-11-17,63.599998474121094,63.70000076293945,60.45000076293945,61.599998474121094,31645074
2022-11-18,61.599998474121094,64.3499984741211,61.45000076293945,62.95000076293945,25033425
2022-11-21,63.25,65.80000305175781,62.79999923706055,65.80000305175781,27797324
2022-11-22,66.30000305175781,68.44999694824219,65.69999694824219,68.19999694824219,29536739
2022-11-23,68.4000015258789,68.94999694824219,66.5999984741211,68.3499984741211,33259092
2022-11-24,68.69999694824219,69.94999694824219,67.5999984741211,68.5999984741211,34505392
2022-11-25,68.25,71.0999984741211,67.75,70.4000015258789,35208997
2022-11-28,71.0,71.9000015258789,70.80000305175781,70.94999694824219,25819196
2022-11-29,71.4000015258789,71.5,69.0,70.8499984741211,21309080
2022-11-30,70.8499984741211,71.25,70.0,70.5999984741211,31681062
2022-12-01,71.5999984741211,72.1500015258789,70.05000305175781,71.3499984741211,34807664
2022-12-02,71.1500015258789,71.1500015258789,67.8499984741211,68.8499984741211,31174060
2022-12-05,69.30000305175781,69.6500015258789,67.6500015258789,68.44999694824219,22124197
2022-12-06,68.5,70.05000305175781,68.1500015258789,68.5999984741211,23712189
2022-12-07,68.5999984741211,68.9000015258789,65.19999694824219,66.6500015258789,22364434
2022-12-08,66.5999984741211,67.55000305175781,65.0,67.30000305175781,25424165
2022-12-09,68.0,68.9000015258789,67.19999694824219,68.6500015258789,20683299
2022-12-12,69.30000305175781,71.19999694824219,69.05000305175781,70.0,37401840
2022-12-13,70.5,71.75,69.19999694824219,71.4000015258789,41204903
2022-12-14,71.69999694824219,73.05000305175781,69.5999984741211,70.0999984741211,46290907
2022-12-15,71.05000305175781,73.19999694824219,69.55000305175781,71.0,41189570
2022-12-16,71.30000305175781,73.0,71.0999984741211,71.94999694824219,12607821
2022-12-19,73.3499984741211,76.05000305175781,73.3499984741211,75.3499984741211,34433420
2022-12-20,75.4000015258789,76.30000305175781,73.69999694824219,75.5999984741211,30788736
2022-12-21,76.0,77.30000305175781,75.5999984741211,76.3499984741211,27991643
2022-12-22,76.9000015258789,78.25,75.8499984741211,76.94999694824219,23976981
2022-12-23,76.94999694824219,77.25,75.6500015258789,76.9000015258789,17420960
2022-12-26,77.5999984741211,78.69999694824219,77.3499984741211,78.0,15891835
2022-12-27,78.1500015258789,80.0,77.1500015258789,77.80000305175781,21834110
2022-12-28,77.8499984741211,81.9000015258789,75.5,79.5,50663228
2022-12-29,79.5999984741211,81.9000015258789,78.8499984741211,81.9000015258789,34200114
2022-12-30,82.44999694824219,85.4000015258789,82.30000305175781,83.69999694824219,31993725
2023-01-02,85.1500015258789,85.3499984741211,83.94999694824219,84.5,23211322
2023-01-03,84.5999984741211,85.25,82.69999694824219,83.3499984741211,28387374
2023-01-04,83.55000305175781,85.0999984741211,81.80000305175781,83.1500015258789,34781031
2023-01-05,83.5,83.5999984741211,79.4000015258789,81.0,22608382
2023-01-06,76.8499984741211,81.9000015258789,74.6500015258789,79.4000015258789,33555880
2023-01-09,79.3499984741211,79.75,75.19999694824219,76.0,37078770
2023-01-10,75.9000015258789,76.80000305175781,72.1500015258789,72.25,31811657
2023-01-11,72.44999694824219,74.0999984741211,69.5,69.69999694824219,29371250
2023-01-12,71.69999694824219,73.0999984741211,68.1500015258789,72.94999694824219,30261733
2023-01-13,72.69999694824219,73.80000305175781,71.4000015258789,72.75,25042851
2023-01-16,73.19999694824219,75.3499984741211,72.4000015258789,75.25,35793752
2023-01-17,75.25,77.19999694824219,74.80000305175781,77.0999984741211,37197860
2023-01-18,77.0,78.6500015258789,76.4000015258789,77.5,31862146
2023-01-19,77.19999694824219,79.55000305175781,76.94999694824219,79.44999694824219,26796043
2023-01-20,79.4000015258789,82.8499984741211,79.0999984741211,82.69999694824219,25773179
2023-01-23,83.0999984741211,84.9000015258789,81.0,83.0,31847998
2023-01-24,83.05000305175781,83.19999694824219,79.75,81.30000305175781,27372923
2023-01-25,81.69999694824219,82.1500015258789,76.9000015258789,80.1500015258789,26471496
2023-01-26,80.0,80.0999984741211,78.1500015258789,78.75,22277870
2023-01-27,78.1500015258789,79.6500015258789,75.30000305175781,79.05000305175781,27369572
2023-01-30,79.0999984741211,79.5999984741211,77.5999984741211,77.9000015258789,16331959
2023-01-31,77.5,78.5,75.8499984741211,76.44999694824219,23777574
2023-02-01,76.80000305175781,77.69999694824219,71.05000305175781,71.25,27667994
2023-02-02,71.9000015258789,74.80000305175781,68.3499984741211,72.5999984741211,40792111
2023-02-03,72.55000305175781,77.55000305175781,71.8499984741211,77.30000305175781,22403433
2023-02-06,75.44999694824219,77.4000015258789,72.0,76.5,6354309
2023-02-07,76.4000015258789,76.4000015258789,68.8499984741211,68.94999694824219,22063231
2023-02-08,66.0,66.0,66.0,66.0,10000
2023-02-15,74.0,75.80000305175781,72.94999694824219,75.80000305175781,11668763
2023-02-16,81.5,81.69999694824219,74.5999984741211,74.94999694824219,33541195
2023-02-17,73.44999694824219,76.5999984741211,73.19999694824219,74.9000015258789,14699783
2023-02-20,75.0,77.1500015258789,74.0999984741211,76.0999984741211,14609054
2023-02-21,75.6500015258789,77.0999984741211,74.55000305175781,75.19999694824219,18201603
2023-02-22,76.05000305175781,76.5,74.80000305175781,74.9000015258789,17838031
2023-02-23,75.0999984741211,76.25,74.5999984741211,75.0999984741211,14539164
2023-02-24,75.0999984741211,76.05000305175781,74.94999694824219,75.19999694824219,12491186
2023-02-27,75.1500015258789,78.05000305175781,72.5999984741211,77.94999694824219,25778056
2023-02-28,78.0999984741211,78.25,76.25,77.55000305175781,18182774
2023-03-01,77.75,80.5,77.5999984741211,80.19999694824219,21445168
2023-03-02,81.44999694824219,82.69999694824219,80.4000015258789,80.6500015258789,21511969
2023-03-03,80.1500015258789,82.80000305175781,77.19999694824219,78.9000015258789,31451178
2023-03-06,79.4000015258789,84.6500015258789,78.9000015258789,84.5,31118918
2023-03-07,84.80000305175781,87.19999694824219,84.0,84.0,29398907
2023-03-08,84.0999984741211,89.9000015258789,83.75,89.5,25534993
2023-03-09,89.5,89.8499984741211,87.25,87.55000305175781,17048208
2023-03-10,86.94999694824219,89.0,85.6500015258789,86.19999694824219,20156626
2023-03-13,86.69999694824219,87.05000305175781,83.75,84.30000305175781,15838133
2023-03-14,84.5,85.5999984741211,80.5999984741211,80.5999984741211,21270373
2023-03-15,80.8499984741211,81.30000305175781,77.3499984741211,79.05000305175781,19857941
2023-03-16,80.0,82.5999984741211,79.44999694824219,82.44999694824219,15257379
2023-03-17,83.05000305175781,83.80000305175781,78.9000015258789,78.9000015258789,18230339
2023-03-20,78.8499984741211,79.4000015258789,76.25,76.5999984741211,17348208
2023-03-21,77.0,78.30000305175781,75.3499984741211,76.55000305175781,16028657
2023-03-22,77.44999694824219,79.80000305175781,76.0999984741211,79.80000305175781,13688221
2023-03-23,79.4000015258789,80.75,78.44999694824219,80.30000305175781,14045048
2023-03-24,81.5,81.75,78.5,78.8499984741211,25062586
2023-03-27,78.80000305175781,78.8499984741211,76.44999694824219,76.44999694824219,19198497
2023-03-28,76.9000015258789,77.3499984741211,74.0999984741211,74.69999694824219,17964753
2023-03-29,74.5,77.5999984741211,73.5999984741211,77.44999694824219,20077961
2023-03-30,76.75,80.6500015258789,76.5,79.0,26697429
2023-03-31,78.5,78.5,75.94999694824219,76.5,17266559
2023-04-03,76.1500015258789,78.25,73.94999694824219,78.0,20601446
2023-04-04,77.6500015258789,80.44999694824219,77.0999984741211,80.3499984741211,20223536
2023-04-05,80.3499984741211,81.1500015258789,78.5999984741211,78.75,17897646
2023-04-06,78.75,79.5999984741211,77.80000305175781,78.0,11353816
2023-04-07,78.0999984741211,78.5999984741211,77.30000305175781,77.55000305175781,10138901
2023-04-10,78.0999984741211,80.1500015258789,78.05000305175781,80.0,14430607
2023-04-11,80.6500015258789,81.75,79.75,81.69999694824219,20043193
2023-04-12,81.69999694824219,83.30000305175781,81.1500015258789,82.0999984741211,18366755
2023-04-13,82.0999984741211,82.5,80.5,80.5,17485211
2023-04-14,80.6500015258789,81.69999694824219,80.30000305175781,80.30000305175781,11801852
2023-04-17,80.44999694824219,80.8499984741211,79.0,79.4000015258789,13117174
2023-04-18,79.55000305175781,80.3499984741211,78.44999694824219,78.80000305175781,10921933
2023-04-19,78.9000015258789,79.6500015258789,77.80000305175781,79.05000305175781,12712062
2023-04-20,78.6500015258789,79.4000015258789,78.30000305175781,79.30000305175781,7158524
2023-04-24,79.69999694824219,80.6500015258789,79.4000015258789,80.0999984741211,15145783
2023-04-25,79.9000015258789,80.0999984741211,78.44999694824219,78.80000305175781,13259539
2023-04-26,78.75,79.0,76.69999694824219,77.5,17417813
2023-04-27,77.25,79.55000305175781,77.19999694824219,79.25,17180209
2023-04-28,79.1500015258789,79.5,75.19999694824219,75.6500015258789,17253071
2023-05-02,75.80000305175781,76.69999694824219,73.5,74.0,13130078
2023-05-03,74.3499984741211,76.3499984741211,70.6500015258789,75.75,20228970
2023-05-04,74.94999694824219,77.75,74.69999694824219,76.44999694824219,15031087
2023-05-05,76.44999694824219,77.05000305175781,75.25,75.69999694824219,13316001
2023-05-08,76.5,81.0,75.80000305175781,80.5999984741211,19591065
2023-05-09,80.1500015258789,88.5999984741211,79.80000305175781,86.8499984741211,58514478
2023-05-10,86.55000305175781,89.44999694824219,85.25,87.8499984741211,40009846
2023-05-11,88.30000305175781,96.5999984741211,88.1500015258789,96.5999984741211,44487763
2023-05-12,98.94999694824219,102.0,94.0999984741211,96.8499984741211,57876617
2023-05-15,87.19999694824219,87.19999694824219,87.19999694824219,87.19999694824219,4258163
2023-05-16,78.5,82.19999694824219,78.5,79.9000015258789,118841611
2023-05-17,80.80000305175781,82.1500015258789,79.80000305175781,81.0999984741211,46257139
2023-05-18,81.3499984741211,81.6500015258789,78.0,78.0,34352575
2023-05-22,78.5,78.80000305175781,74.5999984741211,75.30000305175781,23544707
2023-05-23,75.30000305175781,76.4000015258789,74.4000015258789,75.0999984741211,19791693
2023-05-24,75.5999984741211,75.94999694824219,72.19999694824219,72.5999984741211,22634441
2023-05-25,73.0999984741211,73.94999694824219,72.5,73.05000305175781,14686067
2023-05-26,73.25,75.5999984741211,72.55000305175781,75.0,21724415
2023-05-29,75.4000015258789,77.6500015258789,73.5,76.19999694824219,31790713
2023-05-30,77.5999984741211,82.3499984741211,77.5999984741211,81.1500015258789,70397283
2023-05-31,81.0999984741211,81.1500015258789,78.80000305175781,78.80000305175781,37114798
2023-06-01,79.5,81.6500015258789,79.44999694824219,80.5,27038263
2023-06-02,85.0,85.9000015258789,82.75,85.30000305175781,44463095
2023-06-05,88.0,93.80000305175781,85.3499984741211,93.80000305175781,60095719
2023-06-06,92.6500015258789,97.69999694824219,92.0,93.9000015258789,53359156
2023-06-07,97.5,102.9000015258789,97.3499984741211,100.0,47375080
2023-06-08,99.80000305175781,101.5999984741211,97.44999694824219,100.19999694824219,30153695
2023-06-09,102.0999984741211,104.80000305175781,99.4000015258789,103.5999984741211,35461087
2023-06-12,104.5999984741211,105.5,101.0,101.0,22706743
2023-06-13,100.5999984741211,102.5,97.69999694824219,99.5999984741211,30457123
2023-06-14,99.94999694824219,103.5999984741211,98.30000305175781,99.30000305175781,32298664
2023-06-15,99.80000305175781,101.0999984741211,98.8499984741211,101.0,25989506
2023-06-16,101.30000305175781,102.0999984741211,99.4000015258789,99.4000015258789,22481317
2023-06-19,99.5,99.55000305175781,95.05000305175781,95.05000305175781,19476984
2023-06-20,95.05000305175781,96.1500015258789,93.94999694824219,96.0,17517041
2023-06-21,96.69999694824219,98.5,94.25,94.5,21429163
2023-06-22,94.75,100.4000015258789,93.94999694824219,100.0,32507889
2023-06-23,103.0,105.0,101.19999694824219,103.5999984741211,27307482
2023-06-26,105.0,105.5,104.0,104.9000015258789,19219943
2023-06-27,104.4000015258789,104.69999694824219,103.5999984741211,103.69999694824219,5822315
2023-07-03,105.19999694824219,107.9000015258789,105.0,106.4000015258789,26603211
2023-07-04,106.69999694824219,107.0,105.0,105.0,22524018
2023-07-05,105.4000015258789,110.9000015258789,103.4000015258789,109.19999694824219,37764775
2023-07-06,109.5,110.9000015258789,108.30000305175781,108.9000015258789,23118932
2023-07-07,108.80000305175781,112.19999694824219,108.30000305175781,109.30000305175781,22228166
2023-07-10,110.0999984741211,110.69999694824219,108.5999984741211,108.80000305175781,15471058
2023-07-11,111.0,112.80000305175781,109.4000015258789,111.5999984741211,24213733
2023-07-12,111.5,112.69999694824219,109.0,111.4000015258789,25133753
2023-07-13,112.0,113.9000015258789,111.0999984741211,112.30000305175781,22301149
2023-07-14,113.30000305175781,114.0999984741211,111.0999984741211,111.69999694824219,20733722
2023-07-17,112.5999984741211,113.5,111.5,112.9000015258789,17691293
2023-07-18,113.5,114.5,107.9000015258789,108.30000305175781,28037059
2023-07-19,108.5999984741211,114.5,107.4000015258789,114.5,20719673
2023-07-20,114.80000305175781,122.0999984741211,113.69999694824219,120.5999984741211,42881562
2023-07-21,120.5999984741211,123.0,118.4000015258789,119.19999694824219,21778636
2023-07-24,120.0,120.9000015258789,116.0999984741211,117.5,16078975
2023-07-25,117.9000015258789,118.19999694824219,113.5,116.5,15920688
2023-07-26,120.4000015258789,121.4000015258789,116.80000305175781,119.0999984741211,24418054
2023-07-27,120.0,122.5999984741211,119.19999694824219,122.0,23632387
2023-07-28,124.0,134.1999969482422,123.0,134.1999969482422,39457445
2023-07-31,136.0,137.60000610351562,131.8000030517578,135.0,37066353
2023-08-01,135.10000610351562,136.1999969482422,129.89999389648438,132.5,23047233
2023-08-02,133.3000030517578,133.89999389648438,131.0,131.6999969482422,23407428
2023-08-03,131.6999969482422,133.89999389648438,127.9000015258789,128.0,23505303
2023-08-04,128.89999389648438,134.1999969482422,128.10000610351562,132.60000610351562,23566482
2023-08-07,134.0,134.6999969482422,131.60000610351562,133.10000610351562,16863501
2023-08-08,133.60000610351562,133.89999389648438,128.1999969482422,130.0,16573272
2023-08-09,131.0,136.39999389648438,128.5,133.1999969482422,26967249
2023-08-10,133.89999389648438,139.6999969482422,132.5,133.10000610351562,47726454
2023-08-11,133.60000610351562,139.89999389648438,132.3000030517578,139.6999969482422,30498552
2023-08-14,139.89999389648438,141.6999969482422,135.39999389648438,136.60000610351562,34045707
2023-08-15,136.8000030517578,137.60000610351562,132.60000610351562,136.5,20908929
2023-08-16,136.5,138.10000610351562,133.39999389648438,136.1999969482422,20297401
2023-08-17,137.0,138.0,135.1999969482422,136.5,16493057
2023-08-18,136.89999389648438,139.0,130.6999969482422,135.0,25548466
2023-08-21,133.1999969482422,140.60000610351562,132.10000610351562,139.10000610351562,27935249
2023-08-22,140.5,141.5,136.5,141.1999969482422,29282561
2023-08-23,142.0,142.10000610351562,136.6999969482422,137.0,30374988
2023-08-24,137.10000610351562,145.89999389648438,136.3000030517578,136.3000030517578,60953509
2023-08-25,136.89999389648438,138.6999969482422,132.60000610351562,137.0,28441039
2023-08-28,138.10000610351562,141.89999389648438,137.60000610351562,141.0,27931336
2023-08-29,141.5,149.1999969482422,140.89999389648438,145.0,46119695
2023-08-31,145.60000610351562,146.0,140.89999389648438,141.8000030517578,22377010
2023-09-01,142.89999389648438,144.1999969482422,141.10000610351562,143.60000610351562,16272419
2023-09-04,144.10000610351562,146.3000030517578,142.6999969482422,143.60000610351562,20634951
2023-09-05,144.0,144.1999969482422,141.10000610351562,144.0,13239297
2023-09-06,144.39999389648438,144.60000610351562,141.1999969482422,141.89999389648438,16808723
2023-09-07,142.60000610351562,145.10000610351562,141.6999969482422,144.0,16180656
2023-09-08,144.6999969482422,148.8000030517578,144.6999969482422,146.60000610351562,26759015
2023-09-11,147.10000610351562,147.8000030517578,140.1999969482422,142.5,17180779
2023-09-12,143.0,144.39999389648438,140.39999389648438,142.0,18807886
2023-09-13,142.1999969482422,143.1999969482422,137.8000030517578,138.60000610351562,12250712
2023-09-14,139.0,141.0,136.89999389648438,141.0,13718878
2023-09-15,141.1999969482422,141.60000610351562,136.39999389648438,136.39999389648438,12621529
2023-09-18,136.39999389648438,137.6999969482422,132.1999969482422,133.1999969482422,16105775
2023-09-19,133.3000030517578,135.60000610351562,132.5,134.39999389648438,13580710
2023-09-20,134.8000030517578,137.3000030517578,133.8000030517578,134.60000610351562,16112569
2023-09-21,134.10000610351562,139.0,133.10000610351562,138.8000030517578,16849246
2023-09-22,139.3000030517578,141.60000610351562,136.3000030517578,137.5,16101734
2023-09-25,138.0,143.5,138.0,142.0,19935003
2023-09-26,142.5,144.1999969482422,139.10000610351562,139.10000610351562,19851644
2023-09-27,140.0,141.60000610351562,138.60000610351562,139.1999969482422,11940737
2023-09-28,139.6999969482422,143.1999969482422,139.5,142.0,17015531
2023-09-29,142.39999389648438,147.3000030517578,142.3000030517578,146.6999969482422,29525477
2023-10-02,147.0,151.39999389648438,146.60000610351562,150.39999389648438,25932602
2023-10-03,151.0,155.3000030517578,148.5,153.8000030517578,31760947
2023-10-04,153.8000030517578,156.89999389648438,150.39999389648438,154.6999969482422,23608502
2023-10-05,154.89999389648438,157.10000610351562,150.3000030517578,156.8000030517578,25270436
2023-10-06,155.0,160.0,155.0,158.0,30000644
2023-10-09,155.0,160.39999389648438,154.1999969482422,156.1999969482422,24921683
2023-10-10,158.0,159.1999969482422,154.8000030517578,156.10000610351562,15074020
2023-10-11,156.3000030517578,158.39999389648438,151.8000030517578,152.6999969482422,16191715
2023-10-12,153.89999389648438,155.1999969482422,150.10000610351562,151.6999969482422,15579615
2023-10-13,151.6999969482422,152.0,146.3000030517578,146.3000030517578,14083888
2023-10-16,148.0,149.1999969482422,145.10000610351562,145.1999969482422,13653675
2023-10-17,146.0,149.89999389648438,145.39999389648438,149.8000030517578,11955735
2023-10-18,148.0,148.89999389648438,143.6999969482422,144.8000030517578,13066173
2023-10-19,144.8000030517578,148.5,144.8000030517578,145.6999969482422,10565900
2023-10-20,144.8000030517578,144.8000030517578,138.0,138.3000030517578,15766382
2023-10-23,140.0,142.39999389648438,137.60000610351562,141.60000610351562,13608810
2023-10-24,142.1999969482422,145.1999969482422,141.3000030517578,144.8000030517578,17010754
2023-10-25,145.5,147.3000030517578,136.3000030517578,136.8000030517578,20771466
2023-10-26,139.0,142.39999389648438,134.8000030517578,142.39999389648438,35813824
2023-10-27,140.8000030517578,141.8000030517578,136.89999389648438,138.8000030517578,23887927
2023-10-30,137.8000030517578,139.5,136.10000610351562,136.8000030517578,18531593
2023-10-31,138.1999969482422,140.10000610351562,135.0,136.8000030517578,16846005
2023-11-01,137.89999389648438,140.0,134.1999969482422,139.60000610351562,15504698
2023-11-02,140.0,141.10000610351562,138.3000030517578,138.60000610351562,15095364
2023-11-03,139.10000610351562,140.3000030517578,137.3000030517578,138.8000030517578,12832532
2023-11-06,140.0,144.10000610351562,139.8000030517578,143.39999389648438,15561441
2023-11-07,143.39999389648438,148.1999969482422,142.8000030517578,144.0,16660295
2023-11-08,144.89999389648438,145.8000030517578,141.1999969482422,143.3000030517578,12758175
2023-11-09,141.5,145.5,141.1999969482422,143.3000030517578,12143542
2023-11-10,143.60000610351562,143.89999389648438,140.3000030517578,140.5,7849083
2023-11-13,138.6999969482422,139.1999969482422,136.5,136.8000030517578,11911120
2023-11-14,137.5,138.89999389648438,134.8000030517578,138.5,12044280
2023-11-15,139.10000610351562,141.6999969482422,138.6999969482422,139.6999969482422,12959254
2023-11-16,140.0,143.89999389648438,139.89999389648438,143.89999389648438,12284852
2023-11-17,143.8000030517578,144.5,141.8000030517578,142.1999969482422,7837178
2023-11-20,143.1999969482422,144.5,142.8000030517578,143.1999969482422,9334228
2023-11-21,144.0,145.39999389648438,143.0,144.60000610351562,12357377
2023-11-22,144.8000030517578,145.5,143.6999969482422,143.6999969482422,9233260
2023-11-23,144.0,145.60000610351562,140.5,140.5,13098071
2023-11-24,140.60000610351562,142.3000030517578,139.89999389648438,141.39999389648438,9257505
2023-11-27,142.0,143.3000030517578,140.0,142.39999389648438,13858906
2023-11-28,142.6999969482422,143.8000030517578,141.60000610351562,143.1999969482422,11697361
2023-11-29,143.60000610351562,144.10000610351562,142.3000030517578,143.1999969482422,11610583
2023-11-30,143.10000610351562,143.6999969482422,139.0,141.5,16640746
2023-12-01,143.0,144.10000610351562,139.89999389648438,142.0,14498080
2023-12-04,142.3000030517578,143.3000030517578,140.39999389648438,142.8000030517578,10306573
2023-12-05,143.5,145.5,142.89999389648438,145.0,18908397
2023-12-06,145.10000610351562,147.10000610351562,141.8000030517578,141.8000030517578,23157668
2023-12-07,142.0,142.60000610351562,138.3000030517578,142.60000610351562,17514675
2023-12-08,142.8000030517578,143.5,140.3000030517578,141.8000030517578,10803041
2023-12-11,141.89999389648438,142.1999969482422,139.0,139.1999969482422,10098743
2023-12-12,139.10000610351562,139.89999389648438,137.10000610351562,138.60000610351562,12586379
2023-12-13,138.3000030517578,139.10000610351562,136.39999389648438,136.6999969482422,12653973
2023-12-14,138.0,144.5,137.8000030517578,144.5,18319966
2023-12-15,144.60000610351562,148.1999969482422,143.89999389648438,148.0,20691779
2023-12-18,147.10000610351562,149.0,143.8000030517578,144.60000610351562,16837775
2023-12-19,144.6999969482422,144.89999389648438,141.60000610351562,143.5,12236121
2023-12-20,143.5,144.0,141.10000610351562,143.0,10088548
2023-12-21,143.10000610351562,145.0,142.60000610351562,144.5,11170056
2023-12-22,144.5,144.89999389648438,140.5,140.5,10365879
2023-12-25,140.39999389648438,140.60000610351562,137.0,137.0,6084344
2023-12-26,138.10000610351562,139.1999969482422,136.10000610351562,137.5,8821245
2023-12-27,137.5,138.3000030517578,135.3000030517578,136.0,9411433
2023-12-28,136.1999969482422,141.8000030517578,136.1999969482422,141.3000030517578,10027634
2023-12-29,141.6999969482422,142.5,139.5,141.8000030517578,9179187
2024-01-02,142.3000030517578,143.3000030517578,140.5,142.89999389648438,13934022
2024-01-03,143.0,143.0,138.5,138.6999969482422,10837888
2024-01-04,138.6999969482422,141.89999389648438,138.60000610351562,141.89999389648438,9338045
2024-01-05,142.10000610351562,142.5,140.39999389648438,142.10000610351562,6402993
2024-01-08,142.5,146.5,142.5,145.3000030517578,16354050
2024-01-09,146.3000030517578,147.89999389648438,143.6999969482422,144.0,13713564
2024-01-10,143.6999969482422,147.8000030517578,143.60000610351562,147.10000610351562,15329928
2024-01-11,147.39999389648438,154.39999389648438,146.60000610351562,153.1999969482422,29682455
2024-01-12,151.8000030517578,158.1999969482422,151.10000610351562,155.5,25628932
2024-01-15,155.5,163.39999389648438,153.8000030517578,160.3000030517578,36905093
2024-01-16,160.3000030517578,163.39999389648438,158.39999389648438,159.60000610351562,20511302
2024-01-17,158.5,159.39999389648438,156.8000030517578,158.0,11797678
2024-01-18,159.60000610351562,160.1999969482422,156.1999969482422,156.5,11167730
2024-01-19,157.0,157.1999969482422,152.89999389648438,153.8000030517578,16644406
2024-01-22,154.6999969482422,156.0,153.8000030517578,154.3000030517578,17758454
2024-01-23,155.8000030517578,157.3000030517578,151.10000610351562,151.1999969482422,25620009
2024-01-24,151.8000030517578,154.0,150.6999969482422,153.39999389648438,14285723
2024-01-25,154.10000610351562,155.89999389648438,153.10000610351562,154.60000610351562,11083171
2024-01-26,154.89999389648438,160.89999389648438,154.8000030517578,160.0,16137753
2024-01-29,160.1999969482422,162.6999969482422,159.5,162.3000030517578,17738502
2024-01-30,162.89999389648438,164.5,160.60000610351562,163.1999969482422,14412086
2024-01-31,163.0,164.5,160.60000610351562,160.6999969482422,14175405
2024-02-01,161.0,172.0,161.0,169.89999389648438,26878438
2024-02-02,171.0,173.8000030517578,169.89999389648438,170.5,14288239
2024-02-05,172.0,172.10000610351562,168.89999389648438,169.1999969482422,10502919
2024-02-06,169.6999969482422,172.39999389648438,169.6999969482422,170.60000610351562,11798114
2024-02-07,170.89999389648438,171.39999389648438,167.5,168.1999969482422,18661965
2024-02-08,168.5,172.1999969482422,168.39999389648438,170.10000610351562,13437454
2024-02-09,171.1999969482422,175.10000610351562,170.8000030517578,172.6999969482422,17615214
2024-02-12,174.60000610351562,175.8000030517578,171.0,172.60000610351562,14356053
2024-02-13,173.0,173.3000030517578,169.60000610351562,169.60000610351562,11497363
2024-02-14,170.0,171.5,168.0,171.5,11220509
2024-02-15,171.89999389648438,174.3000030517578,171.60000610351562,173.0,12253199
2024-02-16,173.39999389648438,173.5,170.3000030517578,171.10000610351562,10014835
2024-02-19,171.89999389648438,176.0,171.8000030517578,173.39999389648438,23627687
2024-02-20,174.10000610351562,177.3000030517578,173.5,176.60000610351562,14319855
2024-02-21,177.10000610351562,177.10000610351562,173.3000030517578,174.0,9041477
2024-02-22,174.60000610351562,176.0,174.3000030517578,175.39999389648438,7916132
2024-02-23,175.60000610351562,176.6999969482422,174.60000610351562,174.60000610351562,9108096
2024-02-26,175.5,176.89999389648438,173.5,174.89999389648438,11355610
2024-02-27,174.89999389648438,175.8000030517578,173.6999969482422,174.5,10480638
2024-02-28,174.5,175.1999969482422,170.60000610351562,170.60000610351562,13587616
2024-02-29,171.3000030517578,173.10000610351562,167.0,168.1999969482422,19186092
2024-03-01,168.89999389648438,169.5,165.60000610351562,165.60000610351562,10704020
2024-03-04,166.10000610351562,167.6999969482422,164.5,164.5,8068867
2024-03-05,164.1999969482422,167.6999969482422,163.60000610351562,165.1999969482422,11816876
2024-03-06,165.39999389648438,169.89999389648438,163.6999969482422,167.3000030517578,17066785
2024-03-07,168.0,174.8000030517578,168.0,174.8000030517578,12863027
2024-03-08,175.0,176.5,173.5,174.60000610351562,19382842
2024-03-11,178.0,184.6999969482422,177.60000610351562,180.0,31040390
2024-03-12,180.0,182.3000030517578,178.3000030517578,180.10000610351562,12333419
2024-03-13,180.10000610351562,181.60000610351562,177.0,177.10000610351562,12087282
2024-03-14,177.60000610351562,180.0,176.0,178.10000610351562,12870383
2024-03-15,178.3000030517578,179.60000610351562,177.0,178.6999969482422,12502690
2024-03-18,177.89999389648438,177.89999389648438,171.1999969482422,175.1999969482422,20177260
2024-03-19,175.0,180.89999389648438,173.8000030517578,180.39999389648438,16231781
2024-03-20,180.3000030517578,188.89999389648438,179.1999969482422,187.1999969482422,24296182
2024-03-21,188.3000030517578,197.3000030517578,187.39999389648438,196.39999389648438,23420603
2024-03-22,196.39999389648438,198.0,193.39999389648438,194.8000030517578,13324740
2024-03-25,195.0,211.3000030517578,192.5,196.6999969482422,24491125
2024-03-26,197.60000610351562,197.89999389648438,191.6999969482422,194.1999969482422,12390974
2024-03-27,194.1999969482422,194.8000030517578,189.39999389648438,191.0,11648041
2024-03-28,192.0,206.1999969482422,190.1999969482422,203.39999389648438,16319216
2024-03-29,205.0,208.0,198.1999969482422,199.1999969482422,11976625
2024-04-01,206.5,212.10000610351562,200.8000030517578,209.1999969482422,19777506
2024-04-02,209.1999969482422,219.0,206.5,209.39999389648438,21592939
2024-04-03,209.3000030517578,211.39999389648438,204.0,204.10000610351562,9149570
2024-04-04,204.89999389648438,213.89999389648438,203.0,209.1999969482422,14165021
2024-04-05,226.0,226.0,211.5,222.60000610351562,19584007
2024-04-08,222.6999969482422,224.10000610351562,216.10000610351562,216.10000610351562,12085507
2024-04-15,217.0,218.6999969482422,212.10000610351562,216.39999389648438,17624455
2024-04-16,215.6999969482422,219.60000610351562,213.5,217.10000610351562,16326687
2024-04-17,219.1999969482422,222.89999389648438,216.10000610351562,216.89999389648438,13452382
2024-04-18,218.0,218.60000610351562,213.0,214.39999389648438,12884261
2024-04-19,212.39999389648438,221.5,211.60000610351562,219.89999389648438,15256653
2024-04-22,223.1999969482422,224.0,214.8000030517578,216.0,15078321
2024-04-24,211.5,214.6999969482422,209.3000030517578,212.0,12661938
2024-04-25,212.39999389648438,217.5,212.0,213.39999389648438,13180996
2024-04-26,214.0,218.3000030517578,212.6999969482422,217.0,13040940
2024-04-29,219.0,226.3000030517578,217.60000610351562,225.0,16748327
2024-04-30,225.0,229.6999969482422,224.0,226.10000610351562,15097259
2024-05-02,228.0,237.39999389648438,227.6999969482422,235.0,15150124
2024-05-03,235.0,237.1999969482422,229.6999969482422,232.6999969482422,11574009
2024-05-06,234.10000610351562,236.8000030517578,229.8000030517578,234.39999389648438,12182754
2024-05-07,235.3000030517578,238.5,229.6999969482422,236.0,19075683
2024-05-08,236.6999969482422,236.89999389648438,230.5,233.1999969482422,10932528
2024-05-09,233.1999969482422,236.0,232.1999969482422,235.60000610351562,9535258
2024-05-10,235.8000030517578,242.0,234.89999389648438,237.1999969482422,12760549
2024-05-13,238.60000610351562,242.1999969482422,235.3000030517578,237.3000030517578,10092162
2024-05-14,238.1999969482422,252.0,236.5,246.5,13855029
2024-05-15,246.5,246.5,239.0,240.5,10206706
2024-05-16,242.0,242.1999969482422,233.6999969482422,238.8000030517578,11679835
2024-05-17,241.0,245.39999389648438,240.89999389648438,244.8000030517578,12979954
2024-05-20,245.8000030517578,249.89999389648438,244.0,245.8000030517578,15066884
2024-05-21,246.5,270.25,245.10000610351562,263.75,56712120
2024-05-22,263.75,270.75,257.75,261.75,19446022
2024-05-23,262.75,266.75,255.5,255.5,11693498
2024-05-24,251.0,252.0,247.39999389648438,248.1999969482422,13610763
2024-05-27,248.6999969482422,253.25,246.3000030517578,249.89999389648438,10937207
2024-05-28,251.25,251.5,245.60000610351562,249.8000030517578,11227166
2024-05-29,249.5,255.0,246.89999389648438,250.75,12323009
2024-05-30,251.5,253.75,248.5,249.0,10859064
2024-05-31,249.5,255.75,238.1999969482422,238.1999969482422,25833605
2024-06-03,237.0,237.3000030517578,230.3000030517578,232.1999969482422,23701921
2024-06-04,233.5,237.60000610351562,227.0,227.0,22537588
2024-06-05,228.39999389648438,228.6999969482422,221.39999389648438,223.1999969482422,17039913
2024-06-06,224.0,224.1999969482422,217.0,217.0,14536800
2024-06-07,218.0,218.5,212.0,213.0,11688161
2024-06-10,213.0,213.39999389648438,208.39999389648438,209.39999389648438,10564356
2024-06-11,208.89999389648438,216.89999389648438,208.0,215.10000610351562,39832078
2024-06-12,214.39999389648438,220.0,213.3000030517578,216.8000030517578,19114622
2024-06-13,219.5,224.1999969482422,218.39999389648438,221.89999389648438,17390029
2024-06-14,226.0,226.1999969482422,216.60000610351562,217.5,16760528
2024-06-20,220.0,224.0,219.1999969482422,224.0,16986728
2024-06-21,224.5,224.5,220.60000610351562,222.0,12673695
2024-06-24,222.5,225.0,220.5,223.1999969482422,11795416
2024-06-25,223.6999969482422,225.1999969482422,217.89999389648438,218.60000610351562,14775327
2024-06-26,218.1999969482422,221.60000610351562,217.0,217.0,11930335
2024-06-27,217.60000610351562,225.39999389648438,217.60000610351562,224.5,18628392
2024-06-28,225.6999969482422,232.10000610351562,225.3000030517578,226.8000030517578,20106926
2024-07-01,229.0,232.3000030517578,220.3000030517578,222.60000610351562,16177690
2024-07-02,223.8000030517578,225.10000610351562,217.0,220.39999389648438,15178385
2024-07-03,221.1999969482422,228.60000610351562,221.1999969482422,228.39999389648438,15654136
2024-07-04,228.5,235.8000030517578,227.0,235.0,15984586
2024-07-05,235.10000610351562,238.0,227.10000610351562,229.5,19056382
2024-07-08,230.5,232.0,226.5,227.1999969482422,11172454
2024-07-09,227.5,229.60000610351562,225.1999969482422,226.8000030517578,20641129
2024-07-10,227.5,227.6999969482422,222.1999969482422,224.6999969482422,11886188
2024-07-11,227.10000610351562,231.1999969482422,226.39999389648438,230.89999389648438,13306910
2024-07-12,230.89999389648438,232.6999969482422,229.1999969482422,230.0,9900058
2024-07-16,232.0,235.0,229.39999389648438,229.89999389648438,13588647
2024-07-17,229.89999389648438,230.0,225.39999389648438,227.6999969482422,11204570
2024-07-18,228.6999969482422,231.39999389648438,224.5,225.60000610351562,15502079
2024-07-19,225.5,227.0,222.89999389648438,225.1999969482422,13398852
2024-07-22,226.3000030517578,230.3000030517578,225.3000030517578,229.0,17419730
2024-07-23,229.5,232.1999969482422,224.6999969482422,230.0,21966361
2024-07-24,229.3000030517578,229.60000610351562,224.5,224.5,11622505
2024-07-25,224.5,225.39999389648438,218.8000030517578,219.0,10856601
2024-07-26,220.39999389648438,223.0,218.1999969482422,222.0,12809977
2024-07-29,220.89999389648438,222.6999969482422,217.8000030517578,217.8000030517578,7577409
2024-07-30,218.39999389648438,219.8000030517578,215.6999969482422,217.89999389648438,7549113
2024-07-31,217.10000610351562,218.60000610351562,213.8000030517578,215.10000610351562,9789673
2024-08-01,218.0,220.6999969482422,217.6999969482422,218.5,8785135
2024-08-02,215.5,215.89999389648438,206.0,208.8000030517578,13252646
2024-08-05,194.8000030517578,202.39999389648438,193.3000030517578,196.10000610351562,19206062
2024-08-06,202.0,202.10000610351562,192.1999969482422,192.60000610351562,15131325
2024-08-07,194.10000610351562,197.10000610351562,192.6999969482422,194.3000030517578,15072541
2024-08-08,194.0,197.1999969482422,192.60000610351562,196.0,15346707
2024-08-09,193.10000610351562,193.3000030517578,185.89999389648438,185.89999389648438,20692256
2024-08-12,186.89999389648438,189.1999969482422,184.6999969482422,186.1999969482422,14909551
2024-08-13,186.1999969482422,188.89999389648438,182.3000030517578,186.3000030517578,15090786
2024-08-14,187.5,188.3000030517578,182.5,182.5,11380860
2024-08-15,183.10000610351562,186.3000030517578,181.10000610351562,185.6999969482422,15866835
2024-08-16,186.5,187.1999969482422,181.39999389648438,181.39999389648438,12025752
2024-08-19,182.0,185.60000610351562,180.1999969482422,185.1999969482422,14161043
2024-08-20,184.8000030517578,188.39999389648438,184.0,185.60000610351562,15487608
2024-08-21,185.60000610351562,194.60000610351562,185.1999969482422,191.0,22414696
2024-08-22,192.5,194.6999969482422,188.10000610351562,193.0,15932609
2024-08-23,193.0,193.8000030517578,184.6999969482422,185.1999969482422,17121464
2024-08-26,186.5,187.1999969482422,180.89999389648438,182.10000610351562,14572704
2024-08-27,182.0,187.0,181.3000030517578,185.5,11976785
2024-08-28,186.10000610351562,188.39999389648438,185.10000610351562,186.10000610351562,9228825
2024-08-29,186.1999969482422,188.0,183.3000030517578,186.3000030517578,13911609
2024-09-02,187.39999389648438,193.10000610351562,187.3000030517578,192.6999969482422,15037816
2024-09-03,193.60000610351562,196.0,192.6999969482422,194.5,18722957
2024-09-04,192.0,194.60000610351562,188.3000030517578,192.0,17519010
2024-09-05,192.89999389648438,193.5,187.0,188.1999969482422,15159526
2024-09-06,187.6999969482422,189.10000610351562,186.5,186.5,11081049
2024-09-09,185.3000030517578,186.0,178.6999969482422,178.6999969482422,13813350
2024-09-10,179.3000030517578,180.6999969482422,175.60000610351562,177.3000030517578,14048259
2024-09-11,176.5,178.3000030517578,172.3000030517578,172.3000030517578,13315042
2024-09-12,174.89999389648438,175.5,168.3000030517578,173.8000030517578,18687445
2024-09-13,174.3000030517578,175.5,171.6999969482422,175.1999969482422,15656892
2024-09-16,175.3000030517578,176.5,172.0,172.0,11792989
2024-09-17,173.0,179.6999969482422,172.5,178.0,18063565
2024-09-18,178.0,180.3000030517578,177.0,178.60000610351562,12397920
2024-09-19,181.39999389648438,186.8000030517578,181.0,185.89999389648438,17299859
2024-09-20,186.10000610351562,187.8000030517578,184.5,185.6999969482422,14589149
2024-09-23,186.8000030517578,188.6999969482422,184.60000610351562,185.10000610351562,11754725
2024-09-24,185.5,194.0,184.8000030517578,190.60000610351562,23900391
2024-09-25,191.0,191.39999389648438,186.6999969482422,187.3000030517578,12766977
2024-09-26,188.8000030517578,191.60000610351562,185.60000610351562,186.5,16879301
2024-09-27,187.0,188.3000030517578,185.5,187.1999969482422,11186074
2024-09-30,186.60000610351562,189.10000610351562,184.10000610351562,188.1999969482422,11601062
2024-10-01,189.0,189.89999389648438,181.3000030517578,183.6999969482422,18172152
2024-10-02,183.5,184.39999389648438,174.60000610351562,174.6999969482422,14898771
2024-10-03,174.6999969482422,178.39999389648438,170.10000610351562,171.5,13596828
2024-10-04,172.5,176.6999969482422,171.6999969482422,176.3000030517578,11270906
2024-10-07,177.3000030517578,180.5,176.3000030517578,177.39999389648438,9584331
2024-10-08,177.3000030517578,181.1999969482422,176.3000030517578,179.10000610351562,13893796
2024-10-09,179.0,182.8000030517578,176.5,182.8000030517578,10811473
2024-10-10,182.60000610351562,185.89999389648438,179.10000610351562,179.1999969482422,13187608
2024-10-11,178.89999389648438,181.6999969482422,173.89999389648438,175.10000610351562,12526934
2024-10-14,175.39999389648438,175.89999389648438,172.1999969482422,172.39999389648438,9606163
2024-10-15,172.8000030517578,181.3000030517578,171.10000610351562,180.5,21296709
2024-10-16,180.10000610351562,182.1999969482422,176.10000610351562,182.1999969482422,17886587
2024-10-17,181.8000030517578,184.39999389648438,180.60000610351562,182.0,15274000
2024-10-18,182.10000610351562,185.0,176.0,176.5,13253444
2024-10-21,176.39999389648438,176.39999389648438,170.3000030517578,170.6999969482422,10761794
2024-10-22,171.5,177.0,170.0,174.8000030517578,17215919
2024-10-23,174.1999969482422,174.6999969482422,168.6999969482422,169.89999389648438,21207602
2024-10-24,172.0,174.89999389648438,171.39999389648438,173.6999969482422,13430353
2024-10-25,171.10000610351562,173.5,170.3000030517578,172.89999389648438,11880762
2024-10-28,172.89999389648438,173.89999389648438,172.3000030517578,172.39999389648438,4545195
2024-10-30,172.5,174.1999969482422,171.10000610351562,173.0,13838824
2024-10-31,172.60000610351562,174.10000610351562,168.6999969482422,169.0,13884579
2024-11-01,169.6999969482422,171.6999969482422,167.3000030517578,167.5,16654027
2024-11-04,167.39999389648438,167.39999389648438,161.1999969482422,162.10000610351562,14780508
2024-11-05,163.89999389648438,164.39999389648438,161.5,161.6999969482422,12216333
2024-11-06,162.1999969482422,165.89999389648438,160.1999969482422,164.6999969482422,17040047
2024-11-07,164.10000610351562,165.5,161.5,164.39999389648438,13822357
2024-11-08,162.10000610351562,172.1999969482422,161.60000610351562,171.39999389648438,22914158
2024-11-11,172.10000610351562,177.6999969482422,171.1999969482422,176.5,22211933
2024-11-12,175.10000610351562,177.1999969482422,173.6999969482422,175.1999969482422,14456258
2024-11-13,174.39999389648438,186.5,171.60000610351562,182.89999389648438,35821198
2024-11-14,184.6999969482422,188.3000030517578,182.6999969482422,185.0,23343661
2024-11-15,185.10000610351562,187.39999389648438,184.1999969482422,185.6999969482422,15622156
2024-11-18,186.0,190.3000030517578,183.5,188.6999969482422,17369049
2024-11-19,189.89999389648438,190.10000610351562,182.8000030517578,185.8000030517578,21040462
2024-11-20,186.6999969482422,189.3000030517578,182.10000610351562,183.60000610351562,19112334
2024-11-21,184.5,189.89999389648438,184.10000610351562,188.60000610351562,25079652
2024-11-22,188.8000030517578,194.39999389648438,186.6999969482422,194.3000030517578,28760624
2024-11-25,196.1999969482422,198.60000610351562,195.6999969482422,195.6999969482422,17524750
2024-11-26,196.0,198.39999389648438,195.6999969482422,198.0,18921134
2024-11-27,200.60000610351562,201.89999389648438,196.3000030517578,199.5,20185663
2024-11-28,199.0,201.0,198.39999389648438,201.0,10956551
2024-11-29,201.60000610351562,207.8000030517578,195.8000030517578,200.5,37305267
2024-12-02,195.3000030517578,196.5,193.5,194.5,18238574
2024-12-03,195.1999969482422,199.0,193.0,194.6999969482422,25961100
2024-12-04,195.0,202.60000610351562,195.0,198.60000610351562,28199447
2024-12-05,199.39999389648438,199.6999969482422,196.5,198.3000030517578,11036764
2024-12-06,201.0,202.10000610351562,199.1999969482422,200.0,19453142
2024-12-09,201.3000030517578,202.89999389648438,199.89999389648438,200.6999969482422,22031704
2024-12-10,200.89999389648438,201.39999389648438,195.39999389648438,195.39999389648438,20582650
2024-12-11,196.89999389648438,198.1999969482422,195.0,195.1999969482422,17681855
2024-12-12,196.5,198.89999389648438,195.39999389648438,196.0,12773141
2024-12-13,195.5,197.0,194.1999969482422,196.8000030517578,11832160
2024-12-16,197.60000610351562,197.89999389648438,194.3000030517578,194.3000030517578,10449748
2024-12-17,194.39999389648438,195.6999969482422,192.3000030517578,194.0,15002018
2024-12-18,194.0,194.1999969482422,189.5,189.5,14099779
2024-12-19,187.0,189.0,184.6999969482422,184.6999969482422,12101272
2024-12-20,185.39999389648438,186.39999389648438,182.0,182.0,11749326
2024-12-23,183.0,183.8000030517578,180.5,180.5,10143177
2024-12-24,181.10000610351562,182.39999389648438,178.5,180.0,13498842
2024-12-25,184.6999969482422,185.5,183.39999389648438,184.5,13099229
2024-12-26,186.0,188.6999969482422,183.5,184.6999969482422,18608130
2024-12-27,184.6999969482422,185.3000030517578,182.3000030517578,183.5,15776523
2024-12-30,183.60000610351562,184.1999969482422,180.39999389648438,180.39999389648438,14509645
2024-12-31,180.6999969482422,181.6999969482422,178.60000610351562,178.60000610351562,19359008
2025-01-02,179.5,185.0,179.3000030517578,184.89999389648438,21369623
2025-01-03,185.39999389648438,187.5,185.0,186.5,22250857
2025-01-06,187.1999969482422,188.6999969482422,186.60000610351562,187.1999969482422,24710289
2025-01-07,187.1999969482422,188.39999389648438,185.39999389648438,185.6999969482422,19953547
2025-01-08,185.3000030517578,188.0,184.6999969482422,186.39999389648438,21663919
2025-01-09,187.0,188.10000610351562,185.0,186.5,24983432
2025-01-10,186.8000030517578,187.6999969482422,182.3000030517578,182.5,24964097
2025-01-13,182.3000030517578,183.6999969482422,177.1999969482422,177.1999969482422,27558218
2025-01-14,178.5,181.1999969482422,177.39999389648438,177.89999389648438,29868604
2025-01-15,178.0,178.39999389648438,174.10000610351562,175.5,30131126
2025-01-16,177.39999389648438,177.89999389648438,172.8000030517578,175.8000030517578,29597044
2025-01-17,176.8000030517578,178.10000610351562,175.1999969482422,178.10000610351562,31597150
2025-01-20,178.89999389648438,179.5,173.60000610351562,175.39999389648438,33544265
2025-01-21,174.8000030517578,177.10000610351562,173.8000030517578,175.1999969482422,25502311
2025-01-22,175.60000610351562,177.5,174.39999389648438,177.1999969482422,20736765
2025-01-23,178.3000030517578,181.6999969482422,178.0,180.3000030517578,42390176
2025-01-24,180.6999969482422,181.6999969482422,178.5,179.0,17541032
2025-01-27,177.5,178.39999389648438,174.89999389648438,175.39999389648438,18136518
2025-01-28,176.1999969482422,176.89999389648438,172.6999969482422,173.8000030517578,39599535
2025-01-29,174.5,174.8000030517578,169.89999389648438,169.89999389648438,38578757
2025-01-30,170.6999969482422,173.3000030517578,170.10000610351562,171.3000030517578,35726963
2025-01-31,171.6999969482422,172.3000030517578,168.8000030517578,169.8000030517578,31623165
2025-02-03,168.1999969482422,168.3000030517578,161.6999969482422,161.89999389648438,38275976
2025-02-04,162.89999389648438,165.5,161.5,163.3000030517578,31557042
2025-02-05,164.0,164.6999969482422,158.60000610351562,160.10000610351562,36900093
2025-02-06,161.5,163.6999969482422,159.89999389648438,161.5,36800423
2025-02-07,161.39999389648438,165.8000030517578,161.3000030517578,165.39999389648438,36440784
2025-02-10,165.89999389648438,167.5,161.6999969482422,161.89999389648438,31772864
2025-02-11,161.5,162.6999969482422,160.6999969482422,162.0,17365797
2025-02-12,162.10000610351562,162.89999389648438,158.8000030517578,159.0,21241699
2025-02-13,160.60000610351562,162.60000610351562,160.0,161.3000030517578,24078445
2025-02-14,161.8000030517578,162.3000030517578,159.39999389648438,159.8000030517578,21644795
2025-02-17,160.3000030517578,161.10000610351562,158.0,158.0,24087598
2025-02-18,158.0,159.10000610351562,154.60000610351562,155.89999389648438,35956502
2025-02-19,158.0,160.3000030517578,150.0,150.0,70931074
2025-02-20,151.3000030517578,151.6999969482422,149.10000610351562,149.8000030517578,30735896
2025-02-21,149.89999389648438,153.8000030517578,147.10000610351562,150.60000610351562,43701907
2025-02-24,152.0,152.5,150.0,150.5,18228493
2025-02-25,151.0,152.5,150.10000610351562,150.10000610351562,20567844
2025-02-26,150.3000030517578,151.3000030517578,148.10000610351562,149.5,25973247
2025-02-27,149.6999969482422,154.1999969482422,148.89999389648438,152.8000030517578,38293099
2025-02-28,152.0,155.1999969482422,151.89999389648438,152.39999389648438,30396106
2025-03-03,154.60000610351562,157.5,152.89999389648438,153.0,48054801
2025-03-04,152.8000030517578,153.8000030517578,150.5,151.6999969482422,23424005
2025-03-05,153.1999969482422,161.6999969482422,152.39999389648438,161.3000030517578,57583911
2025-03-06,163.0,169.3000030517578,159.89999389648438,169.3000030517578,67726284
2025-03-07,169.0,173.0,167.1999969482422,173.0,50411476
2025-03-10,173.8000030517578,174.5,169.8000030517578,170.6999969482422,29522318
2025-03-11,171.3000030517578,175.3000030517578,169.5,174.39999389648438,41104291
2025-03-12,175.3000030517578,182.89999389648438,174.0,180.89999389648438,56075790
2025-03-13,181.8000030517578,183.89999389648438,179.39999389648438,183.89999389648438,41964812
2025-03-14,184.6999969482422,185.60000610351562,182.5,183.39999389648438,35137919
2025-03-17,183.60000610351562,185.0,182.10000610351562,182.5,27780561
2025-03-18,181.3000030517578,187.60000610351562,181.1999969482422,184.10000610351562,40826411
2025-03-19,170.0,175.60000610351562,165.6999969482422,165.6999969482422,52796738
2025-03-20,165.6999969482422,171.1999969482422,162.60000610351562,166.3000030517578,52164692
2025-03-21,165.3000030517578,166.0,151.60000610351562,153.60000610351562,46014257
2025-03-24,158.0,163.1999969482422,153.1999969482422,162.60000610351562,27655451
2025-03-25,165.0,171.1999969482422,163.0,170.39999389648438,38629869
2025-03-26,168.39999389648438,168.8000030517578,163.1999969482422,165.5,24090876
2025-03-27,167.89999389648438,168.1999969482422,160.60000610351562,161.3000030517578,21086275
2025-03-28,160.8000030517578,164.10000610351562,159.10000610351562,163.60000610351562,19976641
2025-04-02,162.60000610351562,164.1999969482422,160.39999389648438,160.39999389648438,14695103
2025-04-03,160.3000030517578,164.10000610351562,160.10000610351562,162.60000610351562,16192445
2025-04-04,162.89999389648438,165.0,159.89999389648438,160.60000610351562,19830650
2025-04-07,154.1999969482422,161.1999969482422,153.1999969482422,158.39999389648438,44040903
2025-04-08,161.0,161.39999389648438,158.0,160.0,17743365
2025-04-09,158.39999389648438,159.0,154.3000030517578,154.3000030517578,24691715
2025-04-10,155.39999389648438,155.5,148.8000030517578,149.5,19314400
2025-04-11,150.0,150.10000610351562,146.5,147.60000610351562,22134728
2025-04-14,148.6999969482422,149.39999389648438,146.8000030517578,146.89999389648438,17733084
2025-04-15,147.10000610351562,147.39999389648438,143.1999969482422,143.1999969482422,21304800
2025-04-16,143.0,143.5,138.8000030517578,139.10000610351562,26299198
2025-04-17,139.60000610351562,146.8000030517578,136.5,143.60000610351562,54646084
2025-04-18,145.1999969482422,148.10000610351562,141.89999389648438,143.1999969482422,41412960
2025-04-21,147.0,154.89999389648438,144.1999969482422,150.5,52482149
2025-04-22,151.5,151.6999969482422,144.89999389648438,145.1999969482422,30876030
2025-04-24,145.5,147.8000030517578,142.39999389648438,147.10000610351562,43316369
2025-04-25,147.60000610351562,148.1999969482422,144.6999969482422,145.5,22603026
2025-04-28,145.39999389648438,146.39999389648438,141.8000030517578,144.3000030517578,26079262
2025-04-29,143.5,144.6999969482422,139.8000030517578,140.6999969482422,24506607
2025-04-30,140.6999969482422,142.0,137.39999389648438,137.6999969482422,24224115
2025-05-02,137.6999969482422,139.8000030517578,137.1999969482422,138.39999389648438,16173521
2025-05-05,139.5,140.3000030517578,134.8000030517578,135.0,23107185
2025-05-06,135.0,138.5,133.6999969482422,135.39999389648438,41241618
2025-05-07,135.39999389648438,139.39999389648438,134.8000030517578,137.1999969482422,39564899
2025-05-08,138.0,140.89999389648438,136.3000030517578,140.0,22075657
2025-05-09,140.1999969482422,144.60000610351562,138.8000030517578,143.89999389648438,38367015
2025-05-12,148.5,154.8000030517578,147.10000610351562,154.0,42506815
2025-05-13,152.89999389648438,155.3000030517578,151.10000610351562,154.5,27217830
2025-05-14,153.8000030517578,157.39999389648438,153.39999389648438,154.0,30843909
2025-05-15,154.10000610351562,155.1999969482422,148.10000610351562,148.39999389648438,24484357
2025-05-16,149.0,159.5,148.39999389648438,159.0,43451149
2025-05-20,157.60000610351562,160.5,155.3000030517578,156.60000610351562,29434027
2025-05-21,155.1999969482422,157.6999969482422,151.0,151.39999389648438,23878225
2025-05-22,152.1999969482422,153.3000030517578,149.10000610351562,150.8000030517578,33053976
2025-05-23,150.6999969482422,151.89999389648438,146.0,147.60000610351562,24979842
2025-05-26,149.0,149.8000030517578,146.60000610351562,147.0,13617923
2025-05-27,147.3000030517578,147.89999389648438,142.6999969482422,142.6999969482422,18941146
2025-05-28,142.6999969482422,144.3000030517578,141.6999969482422,143.8000030517578,21871145
2025-05-29,144.89999389648438,146.39999389648438,142.5,143.0,16581243
2025-05-30,143.0,144.3000030517578,141.5,141.6999969482422,22515996
2025-06-02,141.5,144.10000610351562,139.6999969482422,143.5,25753900
2025-06-03,144.8000030517578,151.5,144.8000030517578,150.8000030517578,30004596
2025-06-04,150.0,151.1999969482422,147.8000030517578,149.10000610351562,39440211
2025-06-05,149.10000610351562,149.10000610351562,147.8000030517578,148.5,12481633
2025-06-10,149.60000610351562,151.89999389648438,148.39999389648438,150.60000610351562,45733831
2025-06-11,151.10000610351562,153.10000610351562,150.60000610351562,152.0,35481031
2025-06-12,150.1999969482422,151.10000610351562,146.1999969482422,147.60000610351562,32909104
2025-06-13,140.0,145.39999389648438,139.39999389648438,145.39999389648438,29517322
2025-06-16,145.39999389648438,148.8000030517578,143.39999389648438,146.60000610351562,25938835
2025-06-17,146.89999389648438,148.3000030517578,144.8000030517578,146.6999969482422,22304487
2025-06-18,146.10000610351562,146.39999389648438,142.5,143.10000610351562,23390591
2025-06-19,144.0,146.5,143.3000030517578,144.0,23472330
2025-06-20,146.0,147.0,143.6999969482422,146.0,34878460
2025-06-23,144.5,146.8000030517578,143.39999389648438,144.39999389648438,17884259
2025-06-24,150.0,151.10000610351562,146.8000030517578,147.89999389648438,36918548
2025-06-25,148.5,148.60000610351562,143.5,144.10000610351562,29436388
2025-06-26,144.3000030517578,144.60000610351562,141.60000610351562,141.6999969482422,20483753
2025-06-27,141.8000030517578,144.5,141.0,143.0,31107346
2025-06-30,143.8000030517578,154.6999969482422,143.8000030517578,154.0,71757420
2025-07-01,153.6999969482422,159.1999969482422,153.0,157.10000610351562,43949627
2025-07-02,157.60000610351562,165.5,157.5,162.0,43033719
2025-07-03,165.0,165.39999389648438,161.0,161.6999969482422,29183338
2025-07-04,162.0,163.5,160.0,161.6999969482422,17608438
2025-07-07,158.60000610351562,159.3000030517578,156.3000030517578,156.6999969482422,21818336
2025-07-08,158.3000030517578,159.3000030517578,153.6999969482422,154.89999389648438,28242509
2025-07-09,155.10000610351562,161.1999969482422,154.5,160.3000030517578,37553744
2025-07-10,161.89999389648438,164.8000030517578,161.5,163.39999389648438,32207064
2025-07-11,165.60000610351562,167.39999389648438,164.3000030517578,165.60000610351562,34046488
2025-07-14,165.89999389648438,166.10000610351562,163.0,164.5,21265899
2025-07-16,164.0,165.5,157.5,161.0,29711666
2025-07-17,163.0,168.6999969482422,159.6999969482422,168.3000030517578,37826557
2025-07-18,168.1999969482422,169.10000610351562,166.10000610351562,166.39999389648438,22366887
2025-07-21,167.3000030517578,173.3000030517578,167.3000030517578,172.8000030517578,38545525
2025-07-22,173.1999969482422,175.60000610351562,170.1999969482422,173.0,30430979
2025-07-23,173.39999389648438,173.8000030517578,170.39999389648438,170.60000610351562,21556719
2025-07-24,171.39999389648438,176.39999389648438,170.5,175.1999969482422,43401331
2025-07-25,175.1999969482422,175.6999969482422,172.10000610351562,174.10000610351562,19631935
2025-07-28,174.5,174.8000030517578,170.10000610351562,170.5,16427070
2025-07-29,170.5,173.3000030517578,169.5,170.10000610351562,18549606
2025-07-30,170.39999389648438,176.1999969482422,170.3000030517578,174.5,29048053
2025-07-31,175.0,180.1999969482422,174.0,179.3000030517578,40741615
2025-08-01,181.39999389648438,185.39999389648438,179.3000030517578,182.39999389648438,47169938
2025-08-04,183.60000610351562,186.10000610351562,180.39999389648438,181.6999969482422,28977549
2025-08-05,183.0,183.0,180.5,181.10000610351562,20355862
2025-08-06,181.5,182.6999969482422,179.60000610351562,182.39999389648438,23942562
2025-08-07,183.10000610351562,185.8000030517578,183.0,183.10000610351562,26410780
2025-08-08,183.10000610351562,183.1999969482422,179.60000610351562,180.3000030517578,19762161
2025-08-11,181.3000030517578,183.6999969482422,180.8000030517578,182.3000030517578,18304026
2025-08-12,182.39999389648438,182.39999389648438,179.10000610351562,179.8000030517578,13792440
2025-08-13,180.1999969482422,181.3000030517578,178.5,180.1999969482422,17802028
2025-08-14,179.6999969482422,181.39999389648438,177.39999389648438,177.60000610351562,20767994
2025-08-15,177.1999969482422,179.3000030517578,177.1999969482422,178.10000610351562,14733013
2025-08-18,178.6999969482422,180.5,176.6999969482422,179.5,19373538
2025-08-19,180.1999969482422,181.89999389648438,178.0,179.3000030517578,18300042
2025-08-20,179.0,183.1999969482422,177.5,182.89999389648438,30478083
2025-08-21,184.0,186.89999389648438,183.39999389648438,185.89999389648438,34107405
2025-08-22,186.39999389648438,187.5,185.3000030517578,186.3000030517578,21105532
2025-08-25,188.0,190.10000610351562,187.6999969482422,189.10000610351562,21759418
2025-08-26,188.60000610351562,190.5,186.6999969482422,190.39999389648438,22895547
2025-08-27,190.3000030517578,190.3000030517578,185.8000030517578,185.8000030517578,15463054
2025-08-28,187.3000030517578,189.60000610351562,184.60000610351562,184.8000030517578,19216001
2025-08-29,185.10000610351562,187.8000030517578,182.60000610351562,183.3000030517578,26149001
2025-09-01,183.6999969482422,184.89999389648438,182.3000030517578,184.10000610351562,18311146
2025-09-02,184.39999389648438,185.0,168.3000030517578,172.3000030517578,44806544
2025-09-03,172.3000030517578,172.5,166.10000610351562,167.89999389648438,34943370
2025-09-04,168.5,170.8000030517578,166.6999969482422,170.1999969482422,33098744
2025-09-05,171.0,174.1999969482422,167.39999389648438,168.0,28778720
2025-09-08,164.60000610351562,166.6999969482422,163.10000610351562,164.5,17735696
2025-09-09,166.0,169.39999389648438,164.39999389648438,166.0,25555923
2025-09-10,167.39999389648438,168.3000030517578,165.1999969482422,167.5,23795430
2025-09-11,167.6999969482422,172.5,166.0,166.0,30618195
2025-09-12,165.8000030517578,168.39999389648438,163.6999969482422,166.5,18174994
2025-09-15,165.89999389648438,179.89999389648438,162.0,179.89999389648438,52192576
2025-09-16,180.10000610351562,181.89999389648438,177.6999969482422,181.1999969482422,34363768
2025-09-17,181.3000030517578,182.8000030517578,179.6999969482422,179.8000030517578,25462886
2025-09-18,182.10000610351562,184.1999969482422,176.89999389648438,177.5,37362629
2025-09-19,178.3000030517578,183.5,177.5,183.5,32864156
2025-09-22,188.10000610351562,190.5,185.0,185.1999969482422,33584218
2025-09-23,182.39999389648438,183.3000030517578,178.60000610351562,179.0,35617887
2025-09-24,179.39999389648438,180.39999389648438,174.60000610351562,177.89999389648438,32622126
2025-09-25,179.0,179.6999969482422,176.1999969482422,178.89999389648438,20087615
2025-09-26,177.6999969482422,178.6999969482422,172.1999969482422,172.39999389648438,24743823
2025-09-29,171.6999969482422,175.10000610351562,171.1999969482422,171.6999969482422,28835423
2025-09-30,172.6999969482422,173.39999389648438,170.5,172.89999389648438,23508915
2025-10-01,173.10000610351562,178.6999969482422,170.89999389648438,176.0,43108932
2025-10-02,176.39999389648438,177.1999969482422,172.39999389648438,173.8000030517578,25708425
2025-10-03,175.0,175.60000610351562,167.39999389648438,167.6999969482422,26978761
2025-10-06,168.89999389648438,170.8000030517578,166.39999389648438,167.60000610351562,25038356
2025-10-07,168.10000610351562,171.8000030517578,167.6999969482422,170.3000030517578,26040326
2025-10-08,169.89999389648438,172.39999389648438,167.10000610351562,168.39999389648438,24964356
2025-10-09,171.0,171.39999389648438,166.8000030517578,167.5,22386344
2025-10-10,167.60000610351562,168.6999969482422,163.5,165.10000610351562,26361003
2025-10-13,162.39999389648438,163.60000610351562,159.60000610351562,160.0,26404967
2025-10-14,160.0,161.10000610351562,156.6999969482422,156.89999389648438,25260402
2025-10-15,157.3000030517578,159.60000610351562,155.6999969482422,158.6999969482422,30945796
2025-10-16,157.1999969482422,159.89999389648438,155.39999389648438,156.0,22209369
2025-10-17,155.3000030517578,155.8000030517578,150.5,152.6999969482422,24246355
2025-10-20,153.39999389648438,156.0,146.0,155.3000030517578,57283972
2025-10-21,155.5,157.6999969482422,155.10000610351562,157.39999389648438,28244772
2025-10-22,158.10000610351562,162.5,157.60000610351562,160.39999389648438,30480150
2025-10-23,160.89999389648438,164.8000030517578,160.60000610351562,162.8000030517578,32859251
2025-10-24,166.0,176.39999389648438,165.0,171.8000030517578,73055033
2025-10-27,170.5,171.8000030517578,166.89999389648438,168.3000030517578,32427224
2025-10-28,167.89999389648438,168.8000030517578,167.3000030517578,167.5,10882290
2025-10-30,167.6999969482422,169.3000030517578,166.10000610351562,167.1999969482422,25073791
2025-10-31,166.89999389648438,171.60000610351562,166.60000610351562,171.60000610351562,32813023
2025-11-03,173.0,176.60000610351562,172.5,174.1999969482422,32117856
2025-11-04,173.5,175.8000030517578,169.10000610351562,170.89999389648438,24638842
2025-11-05,170.89999389648438,173.10000610351562,169.89999389648438,171.0,29416023
2025-11-06,172.5,177.3000030517578,171.5,176.3000030517578,36428927
2025-11-07,172.89999389648438,174.39999389648438,168.89999389648438,171.8000030517578,37468770
2025-11-10,172.89999389648438,174.0,166.89999389648438,166.89999389648438,21755923
2025-11-11,166.89999389648438,168.1999969482422,159.0,163.6999969482422,36293409
2025-11-12,164.8000030517578,165.89999389648438,162.8000030517578,165.0,24001630
2025-11-13,165.6999969482422,166.6999969482422,163.8000030517578,165.0,23831330
2025-11-14,164.0,165.8000030517578,161.89999389648438,164.0,19393819
2025-11-17,165.8000030517578,168.39999389648438,163.60000610351562,167.8000030517578,31373072
2025-11-18,166.89999389648438,170.89999389648438,166.60000610351562,168.39999389648438,26337223
2025-11-19,169.1999969482422,172.0,168.3000030517578,170.89999389648438,30489789
2025-11-20,172.3000030517578,173.60000610351562,169.60000610351562,171.10000610351562,24993265
2025-11-21,170.0,170.5,167.89999389648438,170.5,19622260
2025-11-24,169.3000030517578,170.3000030517578,166.89999389648438,168.0,40538290
2025-11-25,168.8000030517578,170.6999969482422,167.5,167.8000030517578,44951818
2025-11-26,168.3000030517578,169.60000610351562,167.89999389648438,168.0,24995303
2025-11-27,169.3000030517578,171.60000610351562,168.89999389648438,169.60000610351562,28731897
2025-11-28,169.1999969482422,170.3000030517578,167.89999389648438,168.39999389648438,26753223
2025-12-01,168.5,173.89999389648438,167.5,173.3000030517578,32165560
2025-12-02,174.10000610351562,175.8000030517578,173.39999389648438,173.89999389648438,26468789
2025-12-03,174.5,176.3000030517578,171.60000610351562,173.10000610351562,48442134
2025-12-04,173.3000030517578,173.8000030517578,169.10000610351562,169.3000030517578,27369305
2025-12-05,169.5,172.3000030517578,169.0,170.3000030517578,31900156
2025-12-08,172.0,175.1999969482422,171.89999389648438,172.60000610351562,31345819
2025-12-09,173.0,174.6999969482422,171.0,173.0,30746117
2025-12-10,173.5,175.10000610351562,171.39999389648438,172.5,31394367
2025-12-11,172.89999389648438,174.60000610351562,171.39999389648438,172.1999969482422,32074074
2025-12-12,173.10000610351562,176.60000610351562,173.10000610351562,175.39999389648438,30149118
2025-12-15,176.10000610351562,178.10000610351562,174.3000030517578,178.10000610351562,29804917
2025-12-16,178.0,178.0,173.8000030517578,175.8000030517578,32216363
2025-12-17,175.10000610351562,176.5,174.10000610351562,174.8000030517578,22206922
2025-12-18,175.60000610351562,176.39999389648438,174.8000030517578,175.8000030517578,21304768
2025-12-19,176.0,176.1999969482422,173.10000610351562,173.3000030517578,26437360
2025-12-22,173.5,173.89999389648438,168.0,168.3000030517578,39843084
2025-12-23,167.89999389648438,169.1999969482422,167.60000610351562,168.39999389648438,27316728
2025-12-24,168.5,174.10000610351562,167.89999389648438,172.89999389648438,43723715
2025-12-25,173.5,173.5,170.5,171.0,11858549
2025-12-26,171.0,171.0,167.0,168.5,20871371
2025-12-29,168.5,168.6999969482422,165.6999969482422,167.39999389648438,25511747
2025-12-30,167.5,169.60000610351562,166.60000610351562,168.6999969482422,22637859
2025-12-31,169.10000610351562,170.5,168.5,168.8000030517578,23300746
2026-01-02,169.3000030517578,174.8000030517578,169.3000030517578,174.8000030517578,33158442
2026-01-05,176.0,180.3000030517578,174.5,179.8000030517578,43157489
2026-01-06,179.8000030517578,185.1999969482422,179.1999969482422,185.10000610351562,42583893
2026-01-07,185.5,186.10000610351562,182.3000030517578,183.0,36469944
2026-01-08,183.0,184.1999969482422,180.6999969482422,183.0,26611657
2026-01-09,183.5,185.6999969482422,181.5,184.0,32252418
2026-01-12,184.5,190.0,183.8000030517578,189.0,54954007
2026-01-13,189.10000610351562,191.89999389648438,187.6999969482422,187.89999389648438,42688810
2026-01-14,188.6999969482422,194.89999389648438,188.60000610351562,194.5,47418050
2026-01-15,194.39999389648438,196.8000030517578,192.5,195.8000030517578,40069988
2026-01-16,195.89999389648438,197.39999389648438,194.3000030517578,195.3000030517578,28700598
2026-01-19,196.39999389648438,197.60000610351562,193.3000030517578,194.89999389648438,38063660
2026-01-20,195.0,195.60000610351562,191.39999389648438,193.0,34598936
2026-01-21,193.5,196.60000610351562,190.10000610351562,193.5,41961554
2026-01-22,195.0,196.1999969482422,191.89999389648438,195.3000030517578,40260985
2026-01-23,196.10000610351562,199.5,195.8000030517578,198.10000610351562,41098357
2026-01-26,196.5,199.1999969482422,195.1999969482422,198.89999389648438,30989646
2026-01-27,199.3000030517578,200.39999389648438,195.10000610351562,198.0,42629547
2026-01-28,198.39999389648438,203.39999389648438,198.39999389648438,201.5,47227159
2026-01-29,202.6999969482422,209.10000610351562,200.60000610351562,206.60000610351562,76144736
2026-01-30,206.39999389648438,209.8000030517578,203.8000030517578,207.6999969482422,50380744
2026-02-02,202.0,208.89999389648438,200.0,204.6999969482422,45239841
2026-02-03,206.0,210.5,203.8000030517578,209.0,50159043
2026-02-04,210.0,211.6999969482422,207.3000030517578,208.0,33880777
2026-02-05,207.89999389648438,209.1999969482422,204.5,204.5,28957803
2026-02-06,204.10000610351562,206.1999969482422,201.60000610351562,205.1999969482422,23022504
2026-02-09,207.60000610351562,210.5,206.60000610351562,210.3000030517578,32811796
2026-02-10,210.5,214.1999969482422,204.6999969482422,206.0,37939866
2026-02-11,204.0,209.1999969482422,203.5,207.39999389648438,30750297
2026-02-12,209.8000030517578,224.89999389648438,209.1999969482422,221.0,71397648
2026-02-13,221.1999969482422,223.5,219.89999389648438,223.5,41184406
2026-02-16,224.60000610351562,229.10000610351562,221.60000610351562,224.0,44969746
2026-02-17,222.60000610351562,224.1999969482422,219.6999969482422,220.8000030517578,29910994
2026-02-18,221.0,227.10000610351562,217.39999389648438,218.10000610351562,53337534
2026-02-19,219.1999969482422,220.89999389648438,211.1999969482422,214.1999969482422,39815664
2026-02-20,213.8000030517578,215.1999969482422,210.8000030517578,214.3000030517578,26354891
2026-02-23,216.5,218.1999969482422,214.6999969482422,216.39999389648438,27983569
2026-02-24,215.6999969482422,215.6999969482422,209.8000030517578,210.1999969482422,27114305
2026-02-25,211.1999969482422,212.1999969482422,204.60000610351562,204.60000610351562,31379460
2026-02-26,205.0,208.0,201.60000610351562,205.1999969482422,36613928
2026-02-27,206.5,207.10000610351562,197.1999969482422,199.60000610351562,40592651
2026-03-02,187.3000030517578,196.39999389648438,187.3000030517578,195.39999389648438,33391585
2026-03-03,194.0,197.39999389648438,188.60000610351562,189.10000610351562,24431420
2026-03-04,188.89999389648438,193.10000610351562,187.10000610351562,190.10000610351562,23792583
2026-03-05,192.10000610351562,195.89999389648438,192.0,192.5,19016633
2026-03-06,191.5,194.89999389648438,186.1999969482422,187.1999969482422,30278905
2026-03-09,182.10000610351562,187.89999389648438,179.39999389648438,187.8000030517578,27707920
2026-03-10,193.39999389648438,193.89999389648438,189.60000610351562,193.5,34372554
2026-03-11,193.0,194.1999969482422,188.5,192.3000030517578,28179669
2026-03-12,190.60000610351562,197.1999969482422,190.1999969482422,195.5,38973701
2026-03-13,194.1999969482422,195.0,191.10000610351562,193.8000030517578,26912833
2026-03-16,194.3000030517578,195.60000610351562,191.6999969482422,193.1999969482422,27043502
2026-03-17,194.3000030517578,195.60000610351562,192.8000030517578,195.0,27669416
2026-03-18,195.60000610351562,196.60000610351562,189.10000610351562,189.6999969482422,30148052
2026-03-19,188.8000030517578,194.5,188.3000030517578,194.5,13958641
2026-03-23,190.1999969482422,195.8000030517578,186.1999969482422,195.1999969482422,55876587
2026-03-24,193.3000030517578,194.0,188.5,189.5,26559558
2026-03-25,185.5,188.8000030517578,185.0,186.6999969482422,35730927
2026-03-26,187.10000610351562,191.39999389648438,186.39999389648438,189.3000030517578,43204587
2026-03-27,189.60000610351562,192.60000610351562,189.0,192.60000610351562,28409424
2026-03-30,192.5,197.0,189.89999389648438,194.0,24461207
2026-03-31,194.39999389648438,196.60000610351562,191.5,194.8000030517578,24588352
2026-04-01,199.60000610351562,200.8000030517578,195.6999969482422,195.8000030517578,20779200
2026-04-02,193.0,194.89999389648438,192.0,193.10000610351562,16050285
2026-04-03,192.89999389648438,194.5,191.3000030517578,191.3000030517578,11930364
2026-04-06,191.5,195.60000610351562,191.1999969482422,194.39999389648438,16987854
2026-04-07,194.0,196.0,189.5,190.10000610351562,14348080
2026-04-08,199.89999389648438,205.39999389648438,198.5,201.39999389648438,42719049
2026-04-09,201.1999969482422,201.60000610351562,198.3000030517578,199.60000610351562,22782337
2026-04-10,200.8000030517578,204.60000610351562,200.8000030517578,204.0,24776022
2026-04-13,199.0,205.0,199.0,204.10000610351562,23189297
2026-04-14,206.10000610351562,209.39999389648438,206.0,206.3000030517578,24888950
2026-04-15,206.89999389648438,208.89999389648438,205.6999969482422,207.8000030517578,13507672
2026-04-16,209.0,211.0,201.8000030517578,204.5,17788231
2026-04-17,204.0,212.0,202.60000610351562,211.8000030517578,32343017
2026-04-20,209.10000610351562,210.5,207.6999969482422,208.0,17470374
2026-04-21,209.0,209.8000030517578,205.5,206.0,11723953
2026-04-22,206.89999389648438,208.1999969482422,202.1999969482422,204.89999389648438,12690718
2026-04-24,203.6999969482422,207.0,201.89999389648438,207.0,16190573
2026-04-27,207.1999969482422,209.1999969482422,203.89999389648438,205.0,16773777
2026-04-28,204.0,205.89999389648438,202.39999389648438,202.39999389648438,22758674
2026-04-29,203.5,205.1999969482422,201.0,202.3000030517578,14148196
2026-04-30,201.0,202.3000030517578,199.10000610351562,202.1999969482422,20347110
2026-05-04,203.0,203.89999389648438,196.8000030517578,197.39999389648438,17627449
2026-05-05,198.10000610351562,204.10000610351562,196.6999969482422,201.89999389648438,20548740
2026-05-06,205.1999969482422,213.89999389648438,203.6999969482422,210.5,33421876
2026-05-07,210.3000030517578,212.39999389648438,208.89999389648438,211.5,17128062
2026-05-08,210.5,215.10000610351562,208.5,213.0,19667179
2026-05-11,208.1999969482422,213.6999969482422,208.1999969482422,212.3000030517578,19232218
2026-05-12,211.39999389648438,211.5,203.1999969482422,203.60000610351562,14970138
2026-05-13,205.3000030517578,205.6999969482422,201.39999389648438,204.39999389648438,15473875
2026-05-14,205.0,207.6999969482422,203.6999969482422,204.5,12668108
2026-05-15,202.5,202.89999389648438,197.39999389648438,199.0,21455287
2026-05-18,198.1999969482422,198.39999389648438,194.5,195.0,14300999
2026-05-20,194.5,197.8000030517578,193.60000610351562,196.0,16259860
2026-05-21,195.39999389648438,196.1999969482422,178.0,183.3000030517578,26343994
2026-05-22,182.5,192.10000610351562,179.0,190.1999969482422,32473300
2026-05-25,190.8000030517578,192.1999969482422,189.39999389648438,190.89999389648438,15395812
2026-05-26,191.0,191.5,189.10000610351562,189.10000610351562,6708013
2026-05-27,189.10000610351562,189.10000610351562,189.10000610351562,189.10000610351562,0
2026-05-28,189.10000610351562,189.10000610351562,189.10000610351562,189.10000610351562,0
2026-05-29,189.10000610351562,189.10000610351562,189.10000610351562,189.10000610351562,0
2026-06-01,191.10000610351562,193.8000030517578,186.0,186.0,22803040
2026-06-02,187.8000030517578,194.0,187.6999969482422,193.3000030517578,21973275
2026-06-03,192.0,193.6999969482422,188.5,188.60000610351562,13539636
2026-06-04,189.1999969482422,192.89999389648438,188.60000610351562,191.1999969482422,16405117
2026-06-05,191.3000030517578,192.3000030517578,188.60000610351562,189.0,13162691
2026-06-08,185.39999389648438,191.6999969482422,185.1999969482422,190.89999389648438,17496431
2026-06-09,190.89999389648438,191.3000030517578,186.39999389648438,186.6999969482422,16337073
2026-06-10,186.6999969482422,187.5,183.39999389648438,185.0,11051184
2026-06-11,185.5,187.10000610351562,180.1999969482422,184.1999969482422,15842074
2026-06-12,187.39999389648438,192.10000610351562,185.6999969482422,187.5,32351826
2026-06-15,196.0,198.5,193.8000030517578,196.8000030517578,22802407
2026-06-16,199.8000030517578,202.3000030517578,198.8000030517578,200.10000610351562,21627688
2026-06-17,200.89999389648438,201.39999389648438,195.3000030517578,195.6999969482422,12510071
2026-06-18,196.89999389648438,199.6999969482422,195.6999969482422,199.6999969482422,26196416
2026-06-19,197.0,198.60000610351562,194.6999969482422,195.3000030517578,23553266
2026-06-22,196.5,199.1999969482422,195.8000030517578,197.1999969482422,18650729
2026-06-23,195.5,196.0,191.39999389648438,191.60000610351562,15192289
2026-06-24,192.0,194.89999389648438,190.89999389648438,193.0,14602555
2026-06-25,195.0,198.0,194.10000610351562,194.89999389648438,26363679
2026-06-26,194.5,198.6999969482422,194.10000610351562,198.1999969482422,13016489
2026-06-29,198.1999969482422,198.6999969482422,194.8000030517578,195.6999969482422,17849353
2026-06-30,196.0,196.6999969482422,191.6999969482422,193.5,21326594
2026-07-01,192.5,196.8000030517578,191.10000610351562,195.0,25458118
2026-07-02,195.5,197.10000610351562,192.60000610351562,193.6999969482422,21562522
2026-07-03,194.5,194.8000030517578,189.60000610351562,189.60000610351562,15206523
2026-07-06,190.39999389648438,193.6999969482422,187.1999969482422,188.0,26602248
2026-07-07,187.8000030517578,192.39999389648438,187.3000030517578,189.1999969482422,23144752
2026-07-08,188.6999969482422,188.8000030517578,183.89999389648438,184.0,18991492
2026-07-09,184.8000030517578,185.5,182.10000610351562,185.10000610351562,14454751
2026-07-10,185.10000610351562,193.6999969482422,184.6999969482422,192.8000030517578,27823562
2026-07-13,191.1999969482422,192.89999389648438,189.5,191.5,15891038
2026-07-14,191.0,191.89999389648438,189.10000610351562,191.10000610351562,19976629
2026-07-16,191.10000610351562,197.39999389648438,190.6999969482422,197.0,21181153
2026-07-17,196.6999969482422,199.60000610351562,196.3000030517578,197.0,20215767
2026-07-20,197.0,202.39999389648438,196.6999969482422,199.8000030517578,23508891
2026-07-21,201.0,202.8000030517578,199.39999389648438,201.5,23313368
2026-07-22,201.6999969482422,205.6999969482422,201.39999389648438,204.3000030517578,23758368
2026-07-23,204.6999969482422,205.60000610351562,197.8000030517578,198.1999969482422,16449268
2026-07-24,198.3000030517578,199.5,195.1999969482422,197.60000610351562,10642442
2026-07-27,200.5,202.5,195.60000610351562,196.6999969482422,20586105
2026-07-28,196.6999969482422,199.6999969482422,194.60000610351562,195.0,15542843
2026-07-29,195.39999389648438,200.10000610351562,192.60000610351562,193.60000610351562,21634068
2026-07-30,193.1999969482422,196.10000610351562,190.5,191.5,15667099
2026-07-31,192.10000610351562,196.89999389648438,191.60000610351562,196.89999389648438,18259732
2026-08-03,198.5,198.89999389648438,193.39999389648438,196.6999969482422,21793813
2026-08-04,196.8000030517578,198.89999389648438,193.8000030517578,198.89999389648438,27517652
2026-08-05,201.5,206.8000030517578,201.10000610351562,206.0,33644514
2026-08-06,205.8000030517578,205.89999389648438,195.60000610351562,195.89999389648438,55256224
2026-08-07,196.3000030517578,200.89999389648438,196.1999969482422,198.5,44420506
2026-08-10,199.5,205.60000610351562,199.1999969482422,203.89999389648438,31094008
2026-08-11,203.5,204.8000030517578,197.1999969482422,199.89999389648438,29025155
2026-08-12,199.39999389648438,206.0,198.6999969482422,205.8000030517578,40180693
2026-08-13,207.0,209.5,201.8000030517578,202.39999389648438,25410017
2026-08-14,202.5,207.1999969482422,202.10000610351562,207.1999969482422,29864826
2026-08-17,207.5,208.10000610351562,202.8000030517578,205.60000610351562,22739109
2026-08-18,204.6999969482422,208.6999969482422,204.1999969482422,207.89999389648438,27445976
2026-08-19,207.6999969482422,214.89999389648438,207.39999389648438,214.60000610351562,34274951
2026-08-20,215.0,219.10000610351562,211.60000610351562,218.0,31058845
2026-08-21,218.6999969482422,223.8000030517578,217.0,222.39999389648438,28405521
2026-08-24,226.6999969482422,226.8000030517578,218.5,218.8000030517578,29740853
2026-08-25,218.5,219.3000030517578,212.39999389648438,217.5,31694936
2026-08-26,217.8000030517578,220.1999969482422,214.1999969482422,214.1999969482422,38046607
2026-08-27,215.0,216.60000610351562,213.39999389648438,214.1999969482422,24228603
2026-08-28,214.60000610351562,216.8000030517578,213.3000030517578,214.0,24753667
2026-08-31,214.60000610351562,217.8000030517578,213.6999969482422,214.89999389648438,32198163
2026-09-01,215.8000030517578,222.60000610351562,214.10000610351562,214.6999969482422,49261246
2026-09-02,214.60000610351562,214.60000610351562,208.1999969482422,213.0,34613098
2026-09-03,214.3000030517578,217.1999969482422,213.0,216.39999389648438,28563801
2026-09-04,217.10000610351562,218.6999969482422,212.89999389648438,215.10000610351562,24957944
2026-09-08,220.0,224.8000030517578,217.60000610351562,224.8000030517578,34979995
2026-09-09,225.3000030517578,232.5,221.8000030517578,223.6999969482422,50690865
2026-09-10,223.89999389648438,225.39999389648438,221.3000030517578,224.3000030517578,24223650
2026-09-11,225.0,226.39999389648438,223.10000610351562,225.5,20551372
2026-09-14,223.6999969482422,227.60000610351562,223.3000030517578,225.5,19262571
2026-09-15,225.6999969482422,226.89999389648438,218.0,218.8000030517578,26597266
2026-09-16,219.60000610351562,219.60000610351562,200.5,206.5,41341261
