Date,Open,High,Low,Close,Volume
2021-09-17,13.943449974060059,14.618627548217773,13.943449974060059,14.4242582321167,23514422
2021-09-20,14.4242582321167,14.547018051147461,14.015059471130371,14.137819290161133,21318570
2021-09-21,14.281039237976074,14.465177536010742,14.240118980407715,14.240118980407715,15221280
2021-09-22,14.321958541870117,14.710697174072266,14.168508529663086,14.700467109680176,18687179
2021-09-23,14.700467109680176,14.884607315063477,14.465177536010742,14.58793830871582,16680213
2021-09-24,14.485637664794922,14.976676940917969,14.465177536010742,14.680007934570312,18831407
2021-09-27,14.894837379455566,15.42679500579834,14.761846542358398,15.365415573120117,26933332
2021-09-28,15.344956398010254,15.784844398498535,15.201736450195312,15.713234901428223,20255703
2021-09-29,15.784844398498535,15.876914024353027,15.580245018005371,15.65185546875,9758742
2021-09-30,15.63139533996582,16.030363082885742,15.63139533996582,15.928064346313477,12298133
2021-10-01,15.805303573608398,16.061054229736328,15.692774772644043,15.95875358581543,8451099
2021-10-04,16.142892837524414,16.234962463378906,15.498405456542969,15.508634567260742,11710287
2021-10-05,15.4677152633667,15.897374153137207,15.44725513458252,15.784844398498535,7659547
2021-10-06,15.784844398498535,15.784844398498535,15.171046257019043,15.293806076049805,9050934
2021-10-07,15.44725513458252,15.508634567260742,15.304036140441895,15.375645637512207,8056635
2021-10-08,15.477945327758789,15.662084579467773,15.355186462402344,15.43702507019043,8614198
2021-10-11,15.498405456542969,15.95875358581543,15.40633487701416,15.846223831176758,8015800
2021-10-12,15.815533638000488,16.061054229736328,15.662084579467773,15.784844398498535,8332931
2021-10-13,15.887144088745117,16.122432708740234,15.805303573608398,15.938294410705566,9053540
2021-10-14,15.876914024353027,16.224733352661133,15.784844398498535,16.163352966308594,9470892
2021-10-15,16.204273223876953,16.746461868286133,16.204273223876953,16.61347198486328,15501798
2021-10-18,16.644161224365234,16.705541610717773,16.204273223876953,16.398643493652344,11709442
2021-10-19,16.449792861938477,16.858991622924805,16.347492218017578,16.71577262878418,14737617
2021-10-20,16.787382125854492,16.899911880493164,16.009904861450195,16.02013397216797,15769175
2021-10-21,16.101972579956055,16.204273223876953,15.672314643859863,16.081514358520508,9358971
2021-10-22,16.194042205810547,16.245193481445312,15.938294410705566,16.09174346923828,7364190
2021-10-25,16.009904861450195,16.15312385559082,15.917834281921387,16.04059410095215,6256313
2021-10-26,16.122432708740234,16.316802978515625,16.101972579956055,16.204273223876953,8766867
2021-10-27,16.265653610229492,16.511171340942383,16.061054229736328,16.265653610229492,10129574
2021-10-28,16.30657386779785,16.429332733154297,16.245193481445312,16.296342849731445,3765885
2021-11-01,16.378183364868164,16.777151107788086,16.378183364868164,16.470251083374023,7888013
2021-11-02,16.50094223022461,16.787382125854492,16.470251083374023,16.6953125,8440610
2021-11-03,16.73623275756836,17.15566062927246,15.907604217529297,17.15566062927246,16395325
2021-11-04,17.534168243408203,18.280956268310547,17.513708114624023,18.188888549804688,31292318
2021-11-05,18.24003791809082,19.10958480834961,18.08658790588379,18.91521453857422,28024909
2021-11-08,18.945905685424805,19.355104446411133,18.526477813720703,19.058435440063477,33594563
2021-11-09,19.10958480834961,19.876832962036133,18.986825942993164,19.662002563476562,23192148
2021-11-10,19.508554458618164,20.07120132446289,19.211885452270508,19.702922821044922,27672376
2021-11-11,19.682462692260742,20.142812728881836,19.641542434692383,19.78476333618164,18139313
2021-11-12,19.835912704467773,20.449710845947266,19.82568359375,20.26557159423828,15421134
2021-11-15,20.326950073242188,20.91006088256836,20.122352600097656,20.746379852294922,17688075
2021-11-16,20.78730010986328,21.482938766479492,20.224651336669922,20.347410202026367,13825826
2021-11-17,20.347410202026367,20.80776023864746,20.337181091308594,20.725919723510742,6472701
2021-11-18,20.7668399810791,20.930519104003906,20.03028106689453,20.664539337158203,11910449
2021-11-19,20.84868049621582,20.88960075378418,18.904985427856445,18.966365814208984,25712805
2021-11-22,19.02774429321289,19.406253814697266,18.91521453857422,19.232345581054688,15314667
2021-11-23,19.22211456298828,19.968902587890625,18.70038604736328,19.518783569335938,30270863
2021-11-24,19.74384307861328,21.462478637695312,19.641542434692383,21.462478637695312,48674156
2021-11-25,21.626157760620117,21.748916625976562,19.989362716674805,20.03028106689453,25050555
2021-11-26,19.191425323486328,19.232345581054688,18.035438537597656,18.06612777709961,36411203
2021-11-29,18.055898666381836,18.516246795654297,17.442100524902344,18.383256912231445,24619850
2021-11-30,18.00474739074707,18.321876525878906,17.748998641967773,18.00474739074707,22915041
2021-12-01,18.229806900024414,19.477863311767578,18.1581974029541,18.9356746673584,43609195
2021-12-02,19.02774429321289,19.252803802490234,18.516246795654297,18.62877655029297,17081358
2021-12-03,19.078895568847656,19.897293090820312,18.945905685424805,19.017515182495117,28362011
2021-12-06,19.15050506591797,19.375564575195312,18.925445556640625,19.324413299560547,14147997
2021-12-07,19.897293090820312,20.183731079101562,19.702922821044922,19.754072189331055,18410785
2021-12-08,19.95867156982422,20.80776023864746,19.856372833251953,20.5008602142334,44473968
2021-12-09,20.7668399810791,22.30133628845215,20.582700729370117,21.462478637695312,45043203
2021-12-10,21.605697631835938,22.15811538696289,20.950979232788086,21.421558380126953,27772625
2021-12-13,21.442018508911133,21.93305778503418,21.11465835571289,21.25787925720215,21255378
2021-12-14,21.278339385986328,21.462478637695312,20.746379852294922,20.971439361572266,22883970
2021-12-15,21.17603874206543,22.11719512939453,21.11465835571289,21.360177993774414,29848482
2021-12-16,21.687538146972656,22.17857551574707,21.21695899963379,22.096736907958984,21854857
2021-12-17,22.608234405517578,23.22203254699707,19.897293090820312,19.897293090820312,22749605
2021-12-20,19.43694305419922,20.705459594726562,17.943368911743164,19.232345581054688,11670761
2021-12-21,20.05074119567871,20.28603172302246,17.442100524902344,17.902448654174805,8361793
2021-12-22,17.902448654174805,18.280956268310547,17.012441635131836,17.02267074584961,12701639
2021-12-23,17.595548629760742,17.8922176361084,16.408872604370117,16.899911880493164,9760707
2021-12-24,17.278419494628906,18.39348793029785,16.98175048828125,18.39348793029785,11989017
2021-12-27,18.39348793029785,18.82314682006836,17.943368911743164,17.98428726196289,11333805
2021-12-28,18.209346771240234,18.280956268310547,17.298879623413086,17.65692901611328,6547003
2021-12-29,17.54439926147461,18.270727157592773,17.17612075805664,18.04566764831543,9833464
2021-12-30,18.17865753173828,18.352567672729492,17.237499237060547,17.421640396118164,7712250
2021-12-31,17.595548629760742,17.96382713317871,17.227270126342773,17.380720138549805,6632047
2022-01-03,17.56485939025879,18.475326538085938,17.329570770263672,18.373027801513672,9580931
2022-01-04,18.7822265625,19.917753219604492,18.76176643371582,19.498323440551758,17896400
2022-01-05,19.477863311767578,20.541780471801758,19.28349494934082,20.296260833740234,12819352
2022-01-06,20.183731079101562,21.11465835571289,20.060972213745117,20.869140625,9740325
2022-01-07,21.25787925720215,21.360177993774414,20.21442222595215,20.664539337158203,9323545
2022-01-10,20.82822036743164,22.362716674804688,20.82822036743164,21.646617889404297,13957684
2022-01-11,22.055816650390625,22.26041603088379,21.15557861328125,21.605697631835938,11779872
2022-01-12,21.91259765625,21.994436264038086,21.319259643554688,21.339719772338867,8795900
2022-01-13,21.298799514770508,22.21949577331543,21.15557861328125,21.687538146972656,20328826
2022-01-14,21.707996368408203,22.096736907958984,21.278339385986328,21.564777374267578,10746110
2022-01-17,21.728456497192383,22.13765525817871,21.52385711669922,21.605697631835938,7981572
2022-01-18,21.564777374267578,21.585237503051758,19.641542434692383,20.03028106689453,9255168
2022-01-19,20.05074119567871,20.562240600585938,19.559703826904297,20.26557159423828,14522333
2022-01-20,20.644081115722656,20.84868049621582,19.621082305908203,20.234882354736328,12276951
2022-01-21,20.09166145324707,20.439481735229492,19.856372833251953,20.03028106689453,7120968
2022-01-24,20.09166145324707,20.316720962524414,18.454866409301758,18.485557556152344,13560058
2022-01-25,18.62877655029297,18.894756317138672,18.12750816345215,18.690156936645508,7584459
2022-01-26,18.70038604736328,20.204191207885742,18.70038604736328,19.907522201538086,12936752
2022-01-27,19.43694305419922,21.89213752746582,19.426713943481445,21.89213752746582,31668267
2022-01-28,22.014896392822266,23.140193939208984,21.646617889404297,21.87167739868164,30643587
2022-01-31,22.56731414794922,22.812833786010742,21.728456497192383,22.055816650390625,17999665
2022-02-01,22.342256546020508,22.403635025024414,21.380638122558594,21.646617889404297,8860709
2022-02-02,21.728456497192383,21.85121726989746,21.07373809814453,21.13511848449707,6829530
2022-02-03,21.07373809814453,21.462478637695312,20.48040008544922,20.684999465942383,7362098
2022-02-04,20.7668399810791,20.950979232788086,20.449710845947266,20.7668399810791,7302586
2022-02-07,20.746379852294922,21.482938766479492,20.2451114654541,21.421558380126953,12597352
2022-02-08,21.421558380126953,21.585237503051758,21.13511848449707,21.278339385986328,8876672
2022-02-09,21.503398895263672,22.403635025024414,21.442018508911133,22.076276779174805,13078776
2022-02-10,22.055816650390625,22.26041603088379,21.687538146972656,21.85121726989746,6923983
2022-02-11,21.748916625976562,22.17857551574707,21.17603874206543,22.014896392822266,9723913
2022-02-14,21.442018508911133,21.707996368408203,20.88960075378418,21.25787925720215,9745257
2022-02-15,21.360177993774414,22.096736907958984,21.19649887084961,22.096736907958984,10071011
2022-02-16,22.055816650390625,22.771913528442383,21.93305778503418,22.710535049438477,11090896
2022-02-17,22.751453399658203,23.099273681640625,22.076276779174805,22.096736907958984,18000950
2022-02-18,22.26041603088379,22.56731414794922,22.055816650390625,22.56731414794922,9097606
2022-02-21,22.730995178222656,23.32433319091797,22.26041603088379,22.505935668945312,13643303
2022-02-22,21.85121726989746,22.710535049438477,21.5443172454834,22.19903564453125,10042423
2022-02-23,22.424095153808594,22.792373657226562,21.89213752746582,21.89213752746582,14425505
2022-02-24,19.76430320739746,20.224651336669922,19.702922821044922,19.702922821044922,7702162
2022-02-25,19.84614372253418,21.09419822692871,18.884525299072266,20.562240600585938,21561405
2022-02-28,20.275802612304688,20.275802612304688,19.13004493713379,19.13004493713379,12513975
2022-03-01,19.43694305419922,19.917753219604492,18.076358795166016,18.434406280517578,24633081
2022-03-02,18.454866409301758,18.864065170288086,18.137737274169922,18.536706924438477,22787298
2022-03-03,18.80268669128418,18.864065170288086,18.373027801513672,18.58785629272461,13691480
2022-03-04,18.58785629272461,18.58785629272461,18.168428421020508,18.168428421020508,6911442
2022-03-07,17.881988525390625,17.881988525390625,17.04313087463379,17.452329635620117,23568205
2022-03-08,17.165889739990234,17.6364688873291,17.04313087463379,17.094280242919922,20990343
2022-03-09,17.390949249267578,18.06612777709961,17.390949249267578,17.67738914489746,22264516
2022-03-10,18.00474739074707,18.17865753173828,17.493249893188477,17.554628372192383,17199052
2022-03-11,17.595548629760742,18.4139461517334,17.50347900390625,18.270727157592773,19351194
2022-03-14,18.39348793029785,19.078895568847656,18.39348793029785,18.731075286865234,12633594
2022-03-15,18.731075286865234,19.181194305419922,18.434406280517578,19.017515182495117,17879342
2022-03-16,19.334644317626953,19.559703826904297,19.08912467956543,19.396024703979492,17762157
2022-03-17,19.641542434692383,19.774532318115234,19.426713943481445,19.518783569335938,8756843
2022-03-18,19.518783569335938,19.682462692260742,19.314184188842773,19.396024703979492,9243120
2022-03-21,19.549474716186523,19.63131332397461,19.334644317626953,19.43694305419922,7695222
2022-03-22,19.43694305419922,19.641542434692383,19.375564575195312,19.63131332397461,10746443
2022-03-23,19.74384307861328,20.05074119567871,19.477863311767578,19.74384307861328,15439501
2022-03-24,19.74384307861328,19.86660385131836,19.447174072265625,19.488094329833984,8286602
2022-03-25,19.498323440551758,19.65177345275879,19.467634201049805,19.529014587402344,6318405
2022-03-28,19.69269371032715,20.05074119567871,19.69269371032715,19.876832962036133,16101131
2022-03-29,19.999591827392578,21.626157760620117,19.999591827392578,21.13511848449707,34630920
2022-03-30,21.21695899963379,21.91259765625,20.78730010986328,21.89213752746582,16774109
2022-03-31,21.789836883544922,22.465015411376953,21.564777374267578,22.035356521606445,17990857
2022-04-01,22.096736907958984,22.505935668945312,21.707996368408203,21.89213752746582,9863816
2022-04-04,21.93305778503418,22.15811538696289,21.687538146972656,22.035356521606445,11198467
2022-04-05,22.13765525817871,22.690074920654297,21.93305778503418,22.21949577331543,20100458
2022-04-06,22.28087615966797,22.424095153808594,21.89213752746582,22.014896392822266,9167435
2022-04-07,22.13765525817871,22.26041603088379,21.95351791381836,22.19903564453125,7719024
2022-04-08,22.342256546020508,22.730995178222656,22.26041603088379,22.383176803588867,10981678
2022-04-11,22.383176803588867,24.34733009338379,22.23995590209961,24.01997184753418,28894750
2022-04-12,24.01997184753418,25.28848648071289,23.876750946044922,25.124807357788086,29893096
2022-04-13,25.165727615356445,25.67722511291504,24.429170608520508,24.9406681060791,19505945
2022-04-14,25.43170738220215,25.574926376342773,24.858827590942383,24.9406681060791,12774699
2022-04-15,24.98158836364746,25.554466247558594,24.817909240722656,25.06342887878418,8801921
2022-04-18,25.32940673828125,25.554466247558594,24.9406681060791,25.165727615356445,10159427
2022-04-19,25.26802635192871,26.188724517822266,25.24756622314453,25.881826400756836,26804133
2022-04-20,25.902284622192383,26.04550552368164,25.165727615356445,25.574926376342773,13092525
2022-04-21,25.615846633911133,26.495624542236328,25.41124725341797,26.39332389831543,13833030
2022-04-22,26.29102325439453,28.37793731689453,26.02504539489746,27.661840438842773,28191713
2022-04-25,27.702760696411133,27.845979690551758,26.41378402709961,26.659303665161133,20145458
2022-04-26,27.007122039794922,28.11195945739746,25.759065628051758,26.147804260253906,22983051
2022-04-27,26.45470428466797,27.293561935424805,25.738605499267578,27.211721420288086,17437640
2022-04-28,27.45724105834961,28.296098709106445,27.211721420288086,27.620920181274414,13217173
2022-04-29,27.620920181274414,28.09149932861328,27.15034294128418,27.35494041442871,13333816
2022-05-05,27.702760696411133,28.0710391998291,27.45724105834961,27.580001831054688,10924522
2022-05-06,27.580001831054688,27.600460052490234,26.843442916870117,27.273101806640625,9465569
2022-05-09,27.273101806640625,27.8050594329834,27.007122039794922,27.35494041442871,9939422
2022-05-10,27.49816131591797,27.600460052490234,26.925283432006836,27.15034294128418,2811523
2022-05-11,26.597923278808594,26.597923278808594,25.206647872924805,25.452167510986328,13720176
2022-05-12,25.452167510986328,25.493087768554688,24.36779022216797,25.452167510986328,14061227
2022-05-13,25.861366271972656,26.35240364074707,25.493087768554688,25.861366271972656,11324093
2022-05-16,25.861366271972656,26.37286376953125,25.67722511291504,25.922744750976562,7986239
2022-05-17,26.00458526611328,26.74114227294922,25.820446014404297,26.597923278808594,9413775
2022-05-18,26.597923278808594,27.41632080078125,26.127344131469727,27.170801162719727,10398035
2022-05-20,27.191261291503906,27.41632080078125,26.945741653442383,26.945741653442383,5580406
2022-05-23,27.191261291503906,27.37540054321289,26.536544799804688,26.986661911010742,6200687
2022-05-24,26.986661911010742,27.252641677856445,26.37286376953125,26.47516441345215,4415310
2022-05-25,26.577463150024414,26.863903045654297,26.250104904174805,26.7616024017334,4542490
2022-05-26,26.7616024017334,27.33448028564453,26.74114227294922,27.191261291503906,8086044
2022-05-27,27.273101806640625,27.825519561767578,27.191261291503906,27.41632080078125,8884341
2022-05-30,27.825519561767578,30.076114654541016,27.78459930419922,29.58507537841797,23028193
2022-05-31,29.769214630126953,29.932893753051758,28.664377212524414,29.19633674621582,11070960
2022-06-01,29.216796875,29.56461524963379,28.82805633544922,28.950817108154297,6615937
2022-06-02,29.032657623291016,29.60553550720215,28.80759620666504,29.278175354003906,7617763
2022-06-03,29.360015869140625,29.52369499206543,28.643917083740234,28.643917083740234,5143675
2022-06-06,28.950817108154297,29.973814010620117,28.950817108154297,29.789674758911133,12027517
2022-06-07,30.1579532623291,32.38808822631836,29.666915893554688,32.30624771118164,17289428
2022-06-08,32.96096420288086,34.47500228881836,31.712909698486328,31.876588821411133,19993170
2022-06-09,32.490386962890625,35.04787826538086,32.01980972290039,35.04787826538086,18937815
2022-06-10,35.04787826538086,36.43915557861328,34.249942779541016,34.249942779541016,37532042
2022-06-13,34.290863037109375,35.45707702636719,33.75890350341797,33.902122497558594,17462039
2022-06-14,34.37269973754883,34.72052001953125,33.452003479003906,34.12718200683594,11368639
2022-06-15,34.1681022644043,35.41615676879883,33.145103454589844,35.232017517089844,20626789
2022-06-16,35.293399810791016,36.09133529663086,34.84328079223633,35.41615676879883,16380129
2022-06-17,35.579837799072266,35.661678314208984,34.51592254638672,35.334320068359375,14210299
2022-06-20,36.009498596191406,38.4033088684082,35.45707702636719,38.17824935913086,21232675
2022-06-21,38.19871139526367,39.89688491821289,37.789512634277344,38.15779113769531,20028214
2022-06-22,38.26008987426758,39.20124816894531,38.05549240112305,38.362388610839844,14082669
2022-06-23,38.44422912597656,38.710208892822266,37.15525436401367,37.15525436401367,9926338
2022-06-24,37.44169235229492,37.93273162841797,35.64121627807617,37.564453125,17660812
2022-06-27,37.339393615722656,37.339393615722656,37.339393615722656,37.339393615722656,47507
2022-06-28,38.464691162109375,38.54652786254883,36.09133529663086,36.11179733276367,9863473
2022-06-29,36.21409606933594,36.295936584472656,34.39316177368164,34.39316177368164,10680338
2022-06-30,34.41361999511719,35.55937957763672,33.779361724853516,34.98649978637695,11605473
2022-07-01,35.37523651123047,37.707672119140625,35.15018081665039,37.64629364013672,13346758
2022-07-04,38.26008987426758,38.60791015625,36.52099609375,36.93019485473633,9248618
2022-07-05,37.01203536987305,37.23709487915039,35.60029983520508,36.3163948059082,10556882
2022-07-06,36.52099609375,38.096412658691406,36.336856842041016,37.564453125,11219352
2022-07-07,37.625831604003906,37.994110107421875,36.88927459716797,37.01203536987305,7592255
2022-07-08,37.13479232788086,37.50307083129883,36.705135345458984,36.72559356689453,3555870
2022-07-13,37.032493591308594,37.89181137084961,36.35731506347656,36.72559356689453,9461366
2022-07-14,36.746055603027344,37.11433410644531,35.825355529785156,36.13225555419922,7180118
2022-07-18,36.68467330932617,37.21663284301758,36.35731506347656,37.032493591308594,7782583
2022-07-19,37.032493591308594,38.01457214355469,36.868812561035156,37.912269592285156,10348270
2022-07-20,38.19871139526367,38.56698989868164,37.380313873291016,37.64629364013672,7962515
2022-07-21,37.64629364013672,37.666751861572266,36.0504150390625,36.35731506347656,14971347
2022-07-22,36.60283660888672,36.705135345458984,34.72052001953125,34.781898498535156,15069089
2022-07-25,34.822818756103516,35.39569854736328,33.47246551513672,34.51592254638672,15977885
2022-07-26,34.88420104980469,34.92512130737305,33.820281982421875,33.9635009765625,8243420
2022-07-27,34.04534149169922,34.495460510253906,33.88166427612305,34.06580352783203,6643885
2022-07-28,34.33177947998047,35.02742004394531,33.9635009765625,34.2294807434082,7357406
2022-07-29,34.39316177368164,34.41361999511719,34.00442123413086,34.35224151611328,6009484
2022-08-01,34.55684280395508,35.06834030151367,34.41361999511719,34.966041564941406,7248583
2022-08-02,35.232017517089844,35.72305679321289,34.67959976196289,35.06834030151367,11597203
2022-08-03,35.252479553222656,36.275474548339844,35.17063903808594,35.49799728393555,11991163
2022-08-04,35.80489730834961,35.989036560058594,35.45707702636719,35.55937957763672,8650767
2022-08-05,35.702598571777344,36.295936584472656,35.45707702636719,35.866275787353516,10620592
2022-08-08,36.07087707519531,36.275474548339844,35.4775390625,36.009498596191406,7314282
2022-08-09,36.15271759033203,37.68721389770508,36.07087707519531,36.72559356689453,18199397
2022-08-10,36.7869758605957,37.01203536987305,35.948116302490234,36.52099609375,9230627
2022-08-11,37.11433410644531,37.40077209472656,36.623294830322266,37.15525436401367,11126718
2022-08-12,37.23709487915039,37.48261260986328,36.50053405761719,36.60283660888672,9561689
2022-08-15,36.84835433959961,37.40077209472656,36.52099609375,37.40077209472656,9749553
2022-08-16,38.464691162109375,40.71528244018555,38.26008987426758,40.510684967041016,39626740
2022-08-17,40.919883728027344,43.6205940246582,40.121944427490234,43.313697814941406,21285520
2022-08-18,43.313697814941406,44.47991180419922,42.37253952026367,44.47991180419922,18648489
2022-08-19,45.011871337890625,46.137168884277344,43.66151428222656,43.66151428222656,13775611
2022-08-22,43.43645477294922,44.336692810058594,42.843116760253906,43.15001678466797,8080218
2022-08-23,43.170475006103516,43.78427505493164,42.29069900512695,42.37253952026367,9228032
2022-08-24,42.39299774169922,43.84565353393555,41.492759704589844,41.492759704589844,21077645
2022-08-25,41.86103820800781,42.72035598754883,41.43138122558594,42.43391799926758,8863827
2022-08-26,42.65897750854492,42.76127624511719,40.94034194946289,41.69736099243164,10005390
2022-08-29,41.73828125,41.90195846557617,41.083560943603516,41.90195846557617,6432584
2022-08-31,42.65897750854492,43.600135803222656,42.249778747558594,42.69989776611328,14682739
2022-09-01,42.65897750854492,43.681976318359375,41.124481201171875,42.14748001098633,11974105
2022-09-02,42.35207748413086,43.06817626953125,42.0451774597168,42.43391799926758,8089949
2022-09-05,42.76127624511719,45.400611877441406,42.76127624511719,44.52083206176758,16596367
2022-09-06,44.70497131347656,45.93256759643555,43.170475006103516,44.88911056518555,15394633
2022-09-07,44.88911056518555,48.899261474609375,44.6026725769043,47.7944221496582,24487279
2022-09-08,48.36730194091797,51.845489501953125,48.08086013793945,49.758575439453125,22962890
2022-09-09,49.77903747558594,51.272613525390625,49.3493766784668,49.3493766784668,13835225
2022-09-12,49.8199577331543,53.66642761230469,49.8199577331543,51.66135025024414,14838190
2022-09-13,52.070552825927734,54.46436309814453,49.103858947753906,49.103858947753906,20282360
2022-09-14,49.16523742675781,51.62043380737305,46.710044860839844,51.49767303466797,12198720
2022-09-15,51.76365280151367,52.80710983276367,51.04755401611328,52.4388313293457,12348691
2022-09-16,52.4388313293457,54.321144104003906,52.13193130493164,52.58205032348633,12077923
2022-09-19,53.19584655761719,53.318607330322266,49.49259948730469,49.513057708740234,5908003
2022-09-20,49.6153564453125,52.54113006591797,49.6153564453125,50.37237548828125,11565248
2022-09-21,50.433753967285156,50.78157424926758,46.54636764526367,48.715118408203125,17188059
2022-09-22,48.715118408203125,50.433753967285156,47.773963928222656,49.63581848144531,11049855
2022-09-23,50.61789321899414,53.727806091308594,50.61789321899414,52.00917053222656,15953095
2022-09-26,52.00917053222656,52.070552825927734,49.942718505859375,50.53605651855469,8804507
2022-09-27,51.231693267822266,52.05009078979492,49.49259948730469,49.73811721801758,11207045
2022-09-28,49.41075897216797,50.20869445800781,48.12178039550781,49.20615768432617,8964810
2022-09-29,49.41075897216797,50.433753967285156,46.95556640625,48.53097915649414,10929860
2022-09-30,48.940181732177734,49.16523742675781,47.24200439453125,48.73558044433594,7638946
2022-10-03,49.41075897216797,52.47975158691406,49.226619720458984,51.927330017089844,16797242
2022-10-04,52.47975158691406,56.28529739379883,52.029632568359375,55.95793914794922,23610512
2022-10-05,56.67403793334961,57.778873443603516,55.95793914794922,57.205997467041016,14910091
2022-10-06,57.615196228027344,57.63565444946289,55.63058090209961,56.0806999206543,12688266
2022-10-07,56.30575942993164,56.67403793334961,54.85310363769531,55.42597961425781,9238579
2022-10-10,55.85564041137695,56.162540435791016,54.38252258300781,55.160003662109375,12339028
2022-10-11,55.54874038696289,56.03977966308594,53.87102508544922,53.91194534301758,9597280
2022-10-12,53.932403564453125,55.487361907958984,53.4822883605957,54.34160232543945,17498622
2022-10-13,54.42344284057617,56.3466796875,54.402984619140625,56.019317626953125,18996227
2022-10-14,57.88117218017578,59.84532928466797,57.103694915771484,59.08831024169922,24160127
2022-10-17,59.7430305480957,64.81709289550781,59.620269775390625,64.53065490722656,22285796
2022-10-18,66.18791198730469,66.39250946044922,62.89385986328125,63.425819396972656,16452065
2022-10-19,63.9577751159668,65.90147399902344,63.63041687011719,65.53319549560547,12847773
2022-10-20,65.63549041748047,68.70448303222656,65.10353088378906,67.57918548583984,15305615
2022-10-21,67.72240447998047,69.62518310546875,67.02677154541016,67.21090698242188,12166471
2022-10-24,68.09068298339844,68.54080200195312,65.92192840576172,66.55619049072266,14263486
2022-10-25,66.78125,67.33366394042969,65.47180938720703,65.47180938720703,14296311
2022-10-26,65.88101196289062,67.927001953125,65.75825500488281,66.41297149658203,12764068
2022-10-27,66.55619049072266,66.92446899414062,64.796630859375,66.29020690917969,10871521
2022-10-28,66.2697525024414,66.33113098144531,63.67133712768555,64.81709289550781,4954603
2022-10-31,65.06261444091797,66.65848541259766,64.24421691894531,65.51273345947266,14680863
2022-11-01,66.29020690917969,67.43596649169922,66.08560943603516,67.19044494628906,12410729
2022-11-02,67.19044494628906,67.33366394042969,65.61502838134766,65.69686889648438,9289464
2022-11-03,66.29020690917969,72.26451110839844,66.14698791503906,71.71209716796875,22145038
2022-11-04,71.75301361083984,72.69417572021484,70.30036163330078,71.40519714355469,20768334
2022-11-07,72.6327896118164,73.81946563720703,71.79393768310547,73.51256561279297,15472932
2022-11-08,74.06498718261719,79.67101287841797,73.06245422363281,77.7477798461914,24195289
2022-11-09,77.7477798461914,81.65562438964844,77.39995574951172,79.99836730957031,20447707
2022-11-10,80.59170532226562,80.95999145507812,78.40249633789062,79.03675079345703,22763217
2022-11-11,79.99836730957031,80.95999145507812,77.52272033691406,77.82962036132812,21992848
2022-11-14,76.66339874267578,77.7477798461914,74.92430877685547,76.8066177368164,18917805
2022-11-15,77.7886962890625,80.01882934570312,77.44087982177734,77.7477798461914,17716033
2022-11-16,77.7477798461914,78.58663177490234,74.88338470458984,75.1902847290039,14169405
2022-11-17,75.1902847290039,78.27973937988281,71.44611358642578,76.2337417602539,11835913
2022-11-18,73.0419921875,75.57902526855469,68.29528045654297,70.85277557373047,65345284
2022-11-21,70.85277557373047,72.6327896118164,68.84770202636719,69.60472106933594,30076170
2022-11-22,70.13668060302734,70.75048065185547,68.74539947509766,70.68909454345703,45571772
2022-11-23,72.6327896118164,75.45626068115234,72.5304946899414,74.98568725585938,47144118
2022-11-24,76.1109848022461,77.2567367553711,75.1698226928711,75.86546325683594,22063337
2022-11-25,75.96776580810547,78.15697479248047,74.37188720703125,77.91145324707031,22447747
2022-11-28,79.03675079345703,79.302734375,76.94983673095703,77.29766082763672,23608615
2022-11-29,78.15697479248047,79.32319641113281,77.03167724609375,79.07767486572266,21141819
2022-11-30,79.8142318725586,81.41011047363281,78.8935317993164,80.20297241210938,21233462
2022-12-01,81.24642944335938,84.25403594970703,80.93952941894531,83.4765625,30077422
2022-12-02,84.09036254882812,85.33841705322266,82.86276245117188,84.60186004638672,23496425
2022-12-05,85.46117401123047,91.45594024658203,82.4740219116211,88.36648559570312,36238588
2022-12-06,88.36648559570312,88.7552261352539,85.48163604736328,86.5455551147461,16636098
2022-12-07,86.709228515625,89.2667236328125,83.27196502685547,85.68623352050781,20061161
2022-12-08,85.70669555664062,87.1388931274414,84.1108169555664,85.27703857421875,16015343
2022-12-09,85.54301452636719,90.02374267578125,84.92921447753906,90.02374267578125,16503683
2022-12-12,90.43293762207031,98.39186096191406,90.43293762207031,96.95966339111328,18482711
2022-12-13,98.20771789550781,100.82659149169922,96.44816589355469,96.5709228515625,21311502
2022-12-14,96.9801254272461,99.43531799316406,94.11573028564453,96.16172790527344,20148439
2022-12-15,98.20771789550781,99.35347747802734,93.3996353149414,95.20010375976562,20447761
2022-12-16,96.34586334228516,96.69367980957031,94.5249252319336,94.70906829833984,3351456
2022-12-19,96.12080383300781,99.98773193359375,96.12080383300781,99.41485595703125,19047165
2022-12-20,99.61945343017578,105.3277816772461,99.61945343017578,104.18202209472656,26953263
2022-12-21,104.93904113769531,105.9620361328125,102.91350555419922,103.73190307617188,16129591
2022-12-22,104.59122467041016,105.57329559326172,100.49922943115234,101.68590545654297,16009014
2022-12-23,102.50431060791016,102.95442199707031,101.03118896484375,101.95188903808594,10440479
2022-12-26,103.01580810546875,104.07971954345703,102.42247009277344,103.01580810546875,8080414
2022-12-27,103.3636245727539,105.08226013183594,101.93142700195312,103.17948150634766,13382447
2022-12-28,103.3636245727539,103.38408660888672,97.79852294921875,99.43531799316406,17897812
2022-12-29,99.53761291503906,99.92635345458984,96.77552032470703,98.33048248291016,17247361
2022-12-30,99.21025848388672,100.7856674194336,97.90081787109375,98.20771789550781,16579719
2023-01-02,99.0670394897461,103.17948150634766,98.82151794433594,103.09764862060547,15829654
2023-01-03,103.65006256103516,104.05926513671875,100.76521301269531,100.8061294555664,19450031
2023-01-04,101.13349151611328,102.1974105834961,98.6169204711914,98.88289642333984,16245188
2023-01-05,99.43531799316406,100.96981048583984,96.01850128173828,97.69622039794922,19243994
2023-01-06,93.09273529052734,99.04657745361328,90.00328063964844,97.88036346435547,19543281
2023-01-09,98.94427490234375,100.25371551513672,94.4430923461914,95.89574432373047,16012284
2023-01-10,95.85482788085938,96.100341796875,91.57869720458984,93.05181121826172,13990020
2023-01-11,93.62469482421875,95.87528228759766,87.56855010986328,87.56855010986328,17146344
2023-01-12,90.45339965820312,92.47893524169922,85.93175506591797,91.94697570800781,20795391
2023-01-13,91.94697570800781,97.59391784667969,91.08766174316406,95.5888442993164,18071175
2023-01-16,96.12080383300781,101.05165100097656,95.056884765625,100.6833724975586,15755484
2023-01-17,100.7447509765625,103.2408676147461,99.53761291503906,102.99534606933594,15503578
2023-01-18,103.42500305175781,106.39169311523438,103.26132202148438,105.57329559326172,18628430
2023-01-19,105.36869812011719,108.92872619628906,104.65260314941406,107.82389068603516,21834935
2023-01-20,107.9875717163086,108.47860717773438,105.53237915039062,106.80089569091797,10350958
2023-01-23,108.02848815917969,110.25862121582031,105.4505386352539,106.9441146850586,13353386
2023-01-24,106.90319061279297,108.23309326171875,103.13856506347656,105.67559814453125,14798869
2023-01-25,106.80089569091797,109.46068572998047,102.81120300292969,109.35839080810547,25833700
2023-01-26,109.37884521484375,114.06417083740234,106.59629821777344,112.36599731445312,24314668
2023-01-27,111.50668334960938,112.26370239257812,108.02848815917969,111.22024536132812,21196868
2023-01-30,111.36346435546875,111.67035675048828,104.16156005859375,104.16156005859375,15429936
2023-01-31,103.73190307617188,105.02088165283203,99.6399154663086,101.09256744384766,18163424
2023-02-01,101.50177001953125,103.69098663330078,98.78059387207031,98.88289642333984,17429067
2023-02-02,98.90335845947266,102.58614349365234,90.73983764648438,99.61945343017578,27161739
2023-02-03,99.6603775024414,108.35585021972656,98.73967742919922,107.5169906616211,17961840
2023-02-06,102.2997055053711,106.28939819335938,100.76521301269531,104.26386260986328,3949546
2023-02-07,103.91604614257812,103.91604614257812,93.8497543334961,93.8497543334961,12771058
2023-02-08,85.89083099365234,85.89083099365234,85.89083099365234,85.89083099365234,2443
2023-02-15,102.70890808105469,103.22040557861328,99.84451293945312,103.22040557861328,13116137
2023-02-16,108.5809097290039,109.80850219726562,95.77298736572266,98.33048248291016,32876037
2023-02-17,98.33048248291016,100.19232940673828,95.26148986816406,96.95966339111328,13312388
2023-02-20,96.9801254272461,100.39693450927734,95.34333038330078,99.45577239990234,13737688
2023-02-21,98.86243438720703,99.6399154663086,96.16172790527344,96.16172790527344,10420694
2023-02-22,96.22310638427734,98.10541534423828,95.85482788085938,96.36632537841797,9045411
2023-02-23,96.36632537841797,98.92382049560547,95.95712280273438,96.30494689941406,7950008
2023-02-24,96.5095443725586,98.0849609375,96.14126586914062,97.43024444580078,7507308
2023-02-27,97.63484191894531,101.7882080078125,95.24102783203125,101.46085357666016,14123075
2023-02-28,101.95188903808594,104.36615753173828,101.89051055908203,103.91604614257812,30244905
2023-03-01,103.11810302734375,104.63214111328125,102.07464599609375,102.70890808105469,11207510
2023-03-02,102.64752960205078,103.05672454833984,100.7038345336914,100.99027252197266,6812443
2023-03-03,100.96981048583984,101.70636749267578,95.9366683959961,98.73967742919922,10985192
2023-03-06,99.53761291503906,102.56568908691406,98.82151794433594,101.80867004394531,9685404
2023-03-07,105.24594116210938,108.4581527709961,103.8137435913086,106.51445770263672,25663196
2023-03-08,106.28939819335938,108.33538818359375,104.46846008300781,104.95950317382812,12998253
2023-03-09,105.57329559326172,107.5169906616211,105.16410064697266,105.57329559326172,10153313
2023-03-10,105.55284118652344,106.51445770263672,103.52730560302734,103.52730560302734,7775779
2023-03-13,103.73190307617188,104.26386260986328,101.7882080078125,103.09764862060547,6938470
2023-03-14,103.2408676147461,103.58868408203125,98.94427490234375,98.94427490234375,6771876
2023-03-15,99.08749389648438,101.52223205566406,98.6987533569336,100.82659149169922,8189397
2023-03-16,100.88796997070312,101.7882080078125,99.31255340576172,101.56314849853516,7308755
2023-03-17,102.40200805664062,103.8137435913086,100.96981048583984,102.81120300292969,9666963
2023-03-20,102.2997055053711,103.52730560302734,98.39186096191406,98.49415588378906,8084808
2023-03-21,98.51461791992188,99.98773193359375,95.75252532958984,97.36885833740234,8066372
2023-03-22,97.63484191894531,98.90335845947266,97.00057983398438,98.45323944091797,5877739
2023-03-23,98.7192153930664,99.96727752685547,97.88036346435547,99.25117492675781,5336183
2023-03-24,99.43531799316406,100.54015350341797,97.5734634399414,99.04657745361328,5900662
2023-03-27,99.6399154663086,100.04911041259766,96.6118392944336,96.6118392944336,4334132
2023-03-28,96.67322540283203,96.83690643310547,92.47893524169922,92.68353271484375,7235372
2023-03-29,92.68353271484375,95.28194427490234,90.45339965820312,94.9955062866211,7781038
2023-03-30,95.056884765625,95.44562530517578,93.29733276367188,94.62722778320312,6328410
2023-03-31,94.11573028564453,94.11573028564453,92.11065673828125,92.68353271484375,4546533
2023-04-03,92.70399475097656,94.64768981933594,89.2667236328125,93.42008972167969,8333850
2023-04-04,93.56330871582031,98.41231536865234,93.01089477539062,97.83943939208984,8531857
2023-04-05,99.230712890625,101.56314849853516,98.57599639892578,99.1693344116211,11448238
2023-04-06,99.14887237548828,101.35855102539062,98.6169204711914,99.72175598144531,6890728
2023-04-07,99.72175598144531,100.51969146728516,99.27163696289062,99.86497497558594,3373905
2023-04-10,100.56061553955078,103.32270050048828,100.33555603027344,102.97488403320312,7990917
2023-04-11,103.75236511230469,104.12064361572266,102.42247009277344,103.05672454833984,6428723
2023-04-12,103.32270050048828,104.59122467041016,102.68844604492188,103.2408676147461,7123353
2023-04-13,103.9365005493164,105.88019561767578,103.11810302734375,103.60914611816406,9542475
2023-04-14,103.91604614257812,103.91604614257812,101.33808898925781,101.66545104980469,5735568
2023-04-17,102.2997055053711,102.361083984375,99.230712890625,99.92635345458984,5657953
2023-04-18,99.92635345458984,101.03118896484375,98.90335845947266,99.6399154663086,4268658
2023-04-19,99.6399154663086,100.04911041259766,97.88036346435547,98.5964584350586,4748493
2023-04-20,98.55553436279297,99.1693344116211,97.63484191894531,98.6169204711914,1600884
2023-04-24,98.82151794433594,99.7422103881836,98.43277740478516,98.67829895019531,4077020
2023-04-25,98.80105590820312,98.88289642333984,95.67068481445312,96.36632537841797,4436601
2023-04-26,96.36632537841797,97.18472290039062,93.09273529052734,94.17710876464844,7170514
2023-04-27,94.17710876464844,94.64768981933594,91.80375671386719,92.47893524169922,7683330
2023-04-28,92.3357162475586,93.15411376953125,89.40994262695312,90.78076171875,6275477
2023-05-02,90.883056640625,91.45594024658203,87.97774505615234,88.61200714111328,5940437
2023-05-03,89.00074768066406,89.59408569335938,85.0519790649414,86.48416900634766,7028729
2023-05-04,86.48416900634766,90.51477813720703,86.27957153320312,88.81660461425781,6110227
2023-05-05,88.83706665039062,90.43293762207031,87.60946655273438,89.59408569335938,4330681
2023-05-08,90.8421401977539,92.31525421142578,86.34095001220703,91.64007568359375,5136114
2023-05-09,91.64007568359375,93.07227325439453,87.93682861328125,87.97774505615234,7500490
2023-05-10,88.796142578125,89.00074768066406,86.709228515625,86.81153106689453,4571728
2023-05-11,86.17727661132812,94.19757080078125,85.82945251464844,92.70399475097656,15276246
2023-05-12,92.88813018798828,93.78836822509766,87.62992858886719,88.7552261352539,10708476
2023-05-15,83.88575744628906,89.3281021118164,82.45356750488281,82.98551940917969,7882867
2023-05-16,83.4765625,89.71684265136719,83.4765625,88.85752868652344,13238107
2023-05-17,89.08258819580078,91.45594024658203,88.81660461425781,90.3101806640625,9122225
2023-05-18,90.22834014892578,90.73983764648438,86.17727661132812,86.5455551147461,6773113
2023-05-22,87.34349060058594,88.34602355957031,84.49955749511719,85.29749298095703,8842195
2023-05-23,85.31795501708984,86.01359558105469,84.49955749511719,84.49955749511719,4140764
2023-05-24,84.60186004638672,85.35887908935547,83.16966247558594,83.16966247558594,4000397
2023-05-25,83.33334350585938,84.90876007080078,82.65816497802734,83.16966247558594,4603468
2023-05-26,83.37425994873047,89.71684265136719,83.37425994873047,88.48925018310547,9578248
2023-05-29,90.8216781616211,94.50447082519531,90.8216781616211,93.05181121826172,9176746
2023-05-30,94.5249252319336,96.73460388183594,93.27687072753906,95.13872528076172,9616288
2023-05-31,95.09780883789062,96.44816589355469,92.58123779296875,93.87020874023438,10488392
2023-06-01,94.29987335205078,96.12080383300781,94.15664672851562,94.85228729248047,8003400
2023-06-02,96.93920135498047,98.5964584350586,95.9366683959961,98.0235824584961,10045781
2023-06-05,100.82659149169922,107.74205017089844,100.82659149169922,106.90319061279297,19305675
2023-06-06,106.90319061279297,108.64228820800781,105.22547912597656,107.80342864990234,13378420
2023-06-07,110.34046173095703,114.75981140136719,110.32000732421875,111.81358337402344,12368349
2023-06-08,111.7112808227539,112.59105682373047,108.94918823242188,110.77012634277344,8122701
2023-06-09,112.2227783203125,119.19961547851562,110.0949478149414,118.70858001708984,17633628
2023-06-12,119.11778259277344,127.85417175292969,118.97456359863281,121.92079162597656,22039461
2023-06-13,121.90032958984375,121.92079162597656,116.00786590576172,117.03086853027344,12629899
2023-06-14,117.03086853027344,120.01802062988281,115.3122329711914,117.17408752441406,13400033
2023-06-15,117.70603942871094,121.041015625,117.17408752441406,120.099853515625,13841310
2023-06-16,120.48859405517578,122.98471069335938,119.69065856933594,120.5704345703125,9091912
2023-06-19,120.5704345703125,123.84402465820312,116.04878997802734,116.04878997802734,14124273
2023-06-20,115.80326843261719,116.41706848144531,112.44783782958984,113.14347839355469,10121050
2023-06-21,113.6754379272461,115.47590637207031,111.83403778076172,113.08209228515625,7360387
2023-06-22,113.2253189086914,121.85941314697266,112.6319808959961,121.71619415283203,15427742
2023-06-23,124.273681640625,125.317138671875,120.5090560913086,123.45528411865234,10985212
2023-06-26,123.53712463378906,126.40151977539062,123.53712463378906,125.13300323486328,10656310
2023-06-27,125.11254119873047,126.23783874511719,123.90540313720703,126.23783874511719,3221402
2023-07-03,130.96408081054688,136.6724090576172,130.94361877441406,134.52410888671875,14396878
2023-07-04,134.52410888671875,134.97422790527344,131.06639099121094,132.1712188720703,12084863
2023-07-05,132.9896240234375,136.5701141357422,130.329833984375,136.48826599121094,13259871
2023-07-06,136.95884704589844,140.8462371826172,136.7747039794922,137.49081420898438,10628148
2023-07-07,137.44989013671875,140.33473205566406,136.07907104492188,139.65956115722656,9281316
2023-07-10,141.17359924316406,141.19406127929688,137.3885040283203,138.4319610595703,10178543
2023-07-11,141.0917510986328,141.15313720703125,137.32713317871094,138.84115600585938,6721534
2023-07-12,138.92300415039062,139.1276092529297,135.89492797851562,136.01768493652344,6840997
2023-07-13,138.51380920410156,142.2579803466797,137.90000915527344,141.84877014160156,15717390
2023-07-14,144.24258422851562,148.00721740722656,143.894775390625,145.67478942871094,14877598
2023-07-17,145.7156982421875,147.90492248535156,144.6722412109375,146.49317932128906,8802332
2023-07-18,146.69778442382812,147.7207794189453,143.5060272216797,143.71063232421875,10928608
2023-07-19,143.6492462158203,151.13758850097656,142.4011993408203,149.7053985595703,14494274
2023-07-20,150.17596435546875,153.08128356933594,149.35757446289062,151.403564453125,11345271
2023-07-21,151.403564453125,153.06082153320312,149.6849365234375,152.9380645751953,8216484
2023-07-24,152.97898864746094,157.39833068847656,151.3217315673828,154.9840545654297,9899353
2023-07-25,154.96359252929688,156.86636352539062,152.4265594482422,154.67715454101562,8847561
2023-07-26,153.44955444335938,160.38548278808594,153.0403594970703,159.751220703125,8935137
2023-07-27,160.5696258544922,166.74851989746094,159.1988067626953,166.74851989746094,10144031
2023-07-28,166.953125,179.04495239257812,166.953125,174.97341918945312,11575116
2023-07-31,174.99388122558594,177.30584716796875,172.02719116210938,172.3954620361328,10604732
2023-08-01,172.3954620361328,173.6639862060547,166.5643768310547,168.16026306152344,11379108
2023-08-02,168.16026306152344,170.84051513671875,166.72805786132812,167.9761199951172,10508988
2023-08-03,168.5489959716797,171.6179962158203,166.89173889160156,167.5055389404297,10519790
2023-08-04,167.77151489257812,172.47731018066406,167.09634399414062,171.86351013183594,12000953
2023-08-07,173.316162109375,188.25192260742188,173.316162109375,188.23146057128906,14989339
2023-08-08,188.64065551757812,193.44874572753906,185.6125946044922,188.8452606201172,12320665
2023-08-09,188.8452606201172,191.27999877929688,183.48475646972656,187.822265625,11748010
2023-08-10,188.43606567382812,199.3207550048828,188.43606567382812,190.42066955566406,16000695
2023-08-11,190.4820556640625,197.02923583984375,189.68411254882812,195.5970458984375,10588241
2023-08-14,198.46142578125,200.40512084960938,192.32345581054688,192.32345581054688,14027557
2023-08-15,199.48443603515625,199.8936309814453,185.46937561035156,188.5178985595703,16145813
2023-08-16,188.64065551757812,189.68411254882812,183.44383239746094,184.8146514892578,10166539
2023-08-17,184.97833251953125,194.98324584960938,184.36453247070312,193.7147216796875,11898939
2023-08-18,194.7786407470703,195.7811737060547,183.01417541503906,184.1190185546875,10215122
2023-08-21,183.5256805419922,188.57928466796875,180.0474853515625,187.71995544433594,10586770
2023-08-22,188.23146057128906,190.4820556640625,182.91188049316406,184.65097045898438,9162396
2023-08-23,185.837646484375,185.98086547851562,173.7049102783203,173.7049102783203,12435157
2023-08-24,174.68698120117188,180.6408233642578,168.5899200439453,169.2650909423828,14978376
2023-08-25,170.02210998535156,176.97850036621094,163.3521728515625,174.2368621826172,19148901
2023-08-28,175.34170532226562,183.70980834960938,175.34170532226562,182.502685546875,12174169
2023-08-29,182.64590454101562,183.5256805419922,177.06033325195312,178.6562042236328,6583972
2023-08-31,182.91188049316406,182.91188049316406,175.68951416015625,179.0040283203125,7058920
2023-09-01,179.0244903564453,183.50521850585938,175.198486328125,182.42083740234375,9669631
2023-09-04,184.05763244628906,187.4539794921875,180.66128540039062,182.7277374267578,10003097
2023-09-05,182.7277374267578,185.44891357421875,177.67413330078125,179.67919921875,9626889
2023-09-06,179.65875244140625,180.1293182373047,177.10125732421875,177.9810333251953,8539472
2023-09-07,177.9810333251953,178.533447265625,174.54376220703125,176.75343322753906,7481370
2023-09-08,177.67413330078125,180.70220947265625,173.50030517578125,173.50030517578125,10389555
2023-09-11,174.1345672607422,174.7279052734375,169.8379669189453,169.8379669189453,7174311
2023-09-12,170.43130493164062,175.9554901123047,169.5310821533203,171.2497100830078,9656503
2023-09-13,172.47731018066406,175.3212432861328,169.34693908691406,171.7816619873047,8788412
2023-09-14,172.92742919921875,174.31869506835938,167.26002502441406,174.31869506835938,8902967
2023-09-15,172.55914306640625,172.55914306640625,164.3137969970703,164.3137969970703,13645899
2023-09-18,164.12965393066406,164.43655395507812,155.16819763183594,155.16819763183594,10561217
2023-09-19,155.7001495361328,158.66683959960938,152.01736450195312,154.14520263671875,10836565
2023-09-20,159.58753967285156,161.42893981933594,154.24749755859375,154.47256469726562,13786818
2023-09-21,154.26795959472656,158.74868774414062,151.13758850097656,158.1144256591797,11742394
2023-09-22,159.546630859375,159.6284637451172,155.1068115234375,156.9686737060547,6616754
2023-09-25,157.5415496826172,164.90713500976562,155.72061157226562,163.67953491210938,11080789
2023-09-26,165.11172485351562,167.93519592285156,162.4110107421875,162.63607788085938,9102191
2023-09-27,164.70252990722656,171.1474151611328,161.44940185546875,163.9455108642578,14213632
2023-09-28,164.23194885253906,172.88650512695312,163.82275390625,169.6333770751953,17558139
2023-09-29,170.59498596191406,173.15248107910156,167.93519592285156,168.63084411621094,10357287
2023-10-02,169.34693908691406,174.66651916503906,168.4876251220703,172.47731018066406,13244514
2023-10-03,172.6205291748047,173.02972412109375,169.4901580810547,169.57199096679688,8595694
2023-10-04,169.6947479248047,170.43130493164062,163.4544677734375,163.720458984375,10016993
2023-10-05,165.11172485351562,166.6053009033203,158.3599395751953,164.5183868408203,14343833
2023-10-06,162.71791076660156,165.50047302246094,161.6130828857422,163.06573486328125,7141354
2023-10-09,161.1629638671875,161.1629638671875,152.52886962890625,153.30633544921875,12622655
2023-10-10,156.2730255126953,158.17581176757812,154.71807861328125,157.0095977783203,9167118
2023-10-11,156.10935974121094,156.45716857910156,152.9380645751953,153.20404052734375,6664456
2023-10-12,155.0249786376953,156.29348754882812,145.2655792236328,148.8460693359375,12047233
2023-10-13,149.07113647460938,151.73092651367188,147.53663635253906,148.7642364501953,11677970
2023-10-16,154.0633544921875,154.1861114501953,147.12744140625,148.53916931152344,13724550
2023-10-17,148.6619415283203,152.9380645751953,148.35504150390625,150.78976440429688,9869588
2023-10-18,149.316650390625,149.316650390625,144.9177703857422,145.34742736816406,9317147
2023-10-19,145.47018432617188,148.8256072998047,144.85638427734375,145.1223602294922,8913593
2023-10-20,142.4625701904297,143.3014373779297,138.10459899902344,139.55726623535156,9090079
2023-10-23,142.70809936523438,149.05067443847656,142.29888916015625,146.94329833984375,14038524
2023-10-24,148.33457946777344,151.23988342285156,146.71824645996094,149.95091247558594,10950554
2023-10-25,151.403564453125,154.59532165527344,139.8232421875,139.8232421875,12591785
2023-10-26,141.11221313476562,147.27066040039062,137.90000915527344,146.12490844726562,16096453
2023-10-27,146.12490844726562,146.22720336914062,140.9485321044922,145.4906463623047,8332506
2023-10-30,145.18374633789062,149.21435546875,144.1198272705078,145.47018432617188,8032720
2023-10-31,146.28857421875,148.49826049804688,144.03799438476562,144.24258422851562,8905929
2023-11-01,145.57247924804688,146.51364135742188,140.10968017578125,143.73109436035156,7945648
2023-11-02,146.24766540527344,148.94837951660156,145.2451171875,145.67478942871094,10080801
2023-11-03,145.87937927246094,147.04559326171875,143.5060272216797,146.1658172607422,7707734
2023-11-06,149.5621795654297,150.17596435546875,147.7207794189453,148.7437744140625,5207844
2023-11-07,148.7437744140625,154.0633544921875,147.6184844970703,153.24496459960938,8947347
2023-11-08,155.18865966796875,158.87144470214844,155.18865966796875,156.72314453125,10102819
2023-11-09,154.8817596435547,155.0863494873047,150.17596435546875,151.30126953125,13250404
2023-11-10,151.91506958007812,151.91506958007812,147.51617431640625,147.92538452148438,7101525
2023-11-13,148.94837951660156,150.07366943359375,143.01498413085938,143.21958923339844,15287756
2023-11-14,144.03799438476562,145.57247924804688,142.6057891845703,144.24258422851562,8819428
2023-11-15,145.57247924804688,145.981689453125,142.91268920898438,143.21958923339844,6679149
2023-11-16,143.32188415527344,146.80007934570312,143.21958923339844,146.186279296875,8734917
2023-11-17,146.28857421875,150.78976440429688,145.981689453125,150.58517456054688,11104088
2023-11-20,153.0403594970703,154.67715454101562,150.99436950683594,151.30126953125,8436534
2023-11-21,152.8357696533203,155.39324951171875,150.78976440429688,154.47256469726562,15018996
2023-11-22,154.47256469726562,155.7001495361328,150.78976440429688,150.99436950683594,8925074
2023-11-23,150.99436950683594,152.9380645751953,148.33457946777344,148.33457946777344,10489849
2023-11-24,148.23226928710938,150.4828643798828,147.6184844970703,148.6414794921875,8288337
2023-11-27,149.25527954101562,150.3805694580078,147.51617431640625,148.94837951660156,7664000
2023-11-28,149.5621795654297,151.91506958007812,148.12997436523438,149.35757446289062,8704355
2023-11-29,149.8690643310547,150.07366943359375,146.186279296875,146.28857421875,6414573
2023-11-30,146.28857421875,147.51617431640625,144.24258422851562,144.24258422851562,7943507
2023-12-01,146.90237426757812,148.33457946777344,144.95867919921875,146.186279296875,8092750
2023-12-04,147.0046844482422,148.23226928710938,145.1632843017578,147.0046844482422,7739235
2023-12-05,147.1069793701172,147.7207794189453,144.6517791748047,145.2655792236328,5962881
2023-12-06,145.2655792236328,145.57247924804688,141.17359924316406,141.17359924316406,6706773
2023-12-07,141.37818908691406,145.77708435058594,140.55979919433594,145.77708435058594,8002554
2023-12-08,146.186279296875,146.59547424316406,144.14028930664062,146.186279296875,5957827
2023-12-11,146.28857421875,146.49317932128906,138.3092041015625,138.3092041015625,12702030
2023-12-12,138.51380920410156,139.63909912109375,136.5701141357422,137.79769897460938,9607197
2023-12-13,137.49081420898438,138.3092041015625,133.0919189453125,133.0919189453125,8523514
2023-12-14,135.6494140625,138.92300415039062,133.9103240966797,138.61610412597656,8420742
2023-12-15,139.02529907226562,144.14028930664062,138.71839904785156,143.83338928222656,7965467
2023-12-18,143.01498413085938,143.11729431152344,137.90000915527344,138.10459899902344,6141273
2023-12-19,137.90000915527344,138.92300415039062,135.13790893554688,136.36550903320312,7349986
2023-12-20,136.36550903320312,137.3885040283203,135.24021911621094,135.44480895996094,5379350
2023-12-21,135.44480895996094,141.17359924316406,135.44480895996094,140.35519409179688,7874235
2023-12-22,140.764404296875,140.968994140625,135.751708984375,136.36550903320312,6003169
2023-12-25,136.26321411132812,136.6724090576172,131.5574188232422,131.9666290283203,5307630
2023-12-26,132.68272399902344,135.6494140625,131.14822387695312,131.25051879882812,7553682
2023-12-27,131.25051879882812,132.9896240234375,130.534423828125,130.73902893066406,6933827
2023-12-28,131.65972900390625,133.9103240966797,131.3528289794922,132.58041381835938,7520705
2023-12-29,133.0919189453125,135.34251403808594,132.1712188720703,132.88731384277344,7567988
2024-01-02,133.1942138671875,137.1839141845703,133.1942138671875,136.97930908203125,9948180
2024-01-03,137.3885040283203,137.49081420898438,132.58041381835938,132.88731384277344,7469913
2024-01-04,133.29652404785156,138.61610412597656,132.58041381835938,138.10459899902344,11700663
2024-01-05,138.51380920410156,145.0609893798828,137.59310913085938,144.95867919921875,15721789
2024-01-08,145.2655792236328,148.23226928710938,143.93568420410156,145.981689453125,10812108
2024-01-09,147.31158447265625,149.25527954101562,141.68508911132812,142.29888916015625,13717937
2024-01-10,142.29888916015625,146.186279296875,142.19659423828125,145.47018432617188,9112152
2024-01-11,147.41387939453125,149.05067443847656,144.75408935546875,145.57247924804688,9979094
2024-01-12,145.47018432617188,148.43687438964844,142.81039428710938,146.28857421875,12678565
2024-01-15,146.49317932128906,150.07366943359375,146.39088439941406,149.7667694091797,13690899
2024-01-16,150.17596435546875,150.2782745361328,146.80007934570312,147.92538452148438,9699138
2024-01-17,147.2092742919922,148.53916931152344,146.28857421875,146.90237426757812,10140571
2024-01-18,148.53916931152344,148.8460693359375,145.981689453125,145.981689453125,9118374
2024-01-19,146.90237426757812,147.41387939453125,144.5494842529297,145.87937927246094,8394105
2024-01-22,145.981689453125,148.8460693359375,145.1632843017578,146.59547424316406,11655380
2024-01-23,148.33457946777344,148.94837951660156,144.5494842529297,145.2655792236328,11599265
2024-01-24,145.77708435058594,149.25527954101562,145.1632843017578,147.6184844970703,13361128
2024-01-25,148.53916931152344,150.07366943359375,147.8230743408203,149.25527954101562,9704582
2024-01-26,149.5621795654297,152.52886962890625,148.94837951660156,152.52886962890625,17325943
2024-01-29,153.1426544189453,157.95074462890625,152.8357696533203,155.5978546142578,24557435
2024-01-30,156.31394958496094,157.23464965820312,154.0633544921875,154.47256469726562,11912135
2024-01-31,154.67715454101562,155.5978546142578,152.4265594482422,153.9610595703125,10482644
2024-02-01,154.37025451660156,157.4392547607422,154.0633544921875,155.90475463867188,15324159
2024-02-02,157.33694458007812,160.40594482421875,155.80245971679688,157.03004455566406,18953001
2024-02-05,157.5415496826172,161.01974487304688,157.4392547607422,160.8151397705078,15630841
2024-02-06,161.42893981933594,162.8611297607422,159.38294982910156,161.22433471679688,13453146
2024-02-07,162.34963989257812,162.34963989257812,158.97373962402344,158.97373962402344,8294681
2024-02-08,158.97373962402344,162.14503479003906,158.97373962402344,161.42893981933594,14405505
2024-02-09,162.6565399169922,164.70252990722656,161.73583984375,164.08872985839844,11476171
2024-02-12,165.5209197998047,166.44161987304688,163.3726348876953,164.4979248046875,13486226
2024-02-13,165.72552490234375,165.72552490234375,159.0760498046875,159.1783447265625,10675788
2024-02-14,160.61053466796875,166.74851989746094,160.40594482421875,166.33932495117188,19571703
2024-02-15,166.44161987304688,177.89918518066406,166.23703002929688,174.62559509277344,29165024
2024-02-16,174.7279052734375,176.05780029296875,170.5336151123047,172.068115234375,13483836
2024-02-19,173.9095001220703,174.31869506835938,167.8738250732422,168.0784149169922,11287348
2024-02-20,168.5899200439453,171.3520050048828,167.66921997070312,169.6129150390625,12395035
2024-02-21,171.2497100830078,173.2957000732422,167.26002502441406,169.6129150390625,12542401
2024-02-22,170.02210998535156,173.0911102294922,169.91981506347656,171.3520050048828,15065096
2024-02-23,171.86351013183594,175.7509002685547,171.45431518554688,174.31869506835938,17269961
2024-02-26,175.44400024414062,177.59228515625,174.0117950439453,174.9324951171875,16864236
2024-02-27,175.03480529785156,175.13710021972656,169.5106201171875,169.5106201171875,10586491
2024-02-28,169.5106201171875,177.3876953125,167.8738250732422,175.03480529785156,26855345
2024-02-29,175.9554901123047,180.9681854248047,174.52330017089844,175.44400024414062,35899081
2024-03-01,176.05780029296875,176.87619018554688,170.5336151123047,170.5336151123047,11465242
2024-03-04,171.04510498046875,173.50030517578125,168.38531494140625,171.04510498046875,12600016
2024-03-05,171.45431518554688,172.272705078125,163.16802978515625,163.67953491210938,21226746
2024-03-06,163.16802978515625,164.3956298828125,159.58753967285156,159.89443969726562,13068678
2024-03-07,162.8611297607422,165.72552490234375,162.34963989257812,165.5209197998047,12167625
2024-03-08,166.1347198486328,166.74851989746094,163.06573486328125,166.33932495117188,13948236
2024-03-11,169.20372009277344,170.32901000976562,164.4979248046875,164.70252990722656,9207553
2024-03-12,164.70252990722656,166.54393005371094,162.04273986816406,163.3726348876953,8635352
2024-03-13,164.4979248046875,166.54393005371094,162.8611297607422,162.8611297607422,12851346
2024-03-14,163.67953491210938,164.60023498535156,162.14503479003906,162.7588348388672,8382384
2024-03-15,163.3726348876953,164.4979248046875,161.01974487304688,162.14503479003906,8729404
2024-03-18,162.6565399169922,162.7588348388672,158.56454467773438,158.56454467773438,8171196
2024-03-19,158.56454467773438,162.04273986816406,158.0530548095703,161.73583984375,10464731
2024-03-20,162.24732971191406,164.19102478027344,160.8151397705078,161.53123474121094,9007757
2024-03-21,163.16802978515625,166.0324249267578,162.24732971191406,165.3163299560547,13802703
2024-03-22,165.72552490234375,169.10140991210938,165.00942993164062,166.44161987304688,13434222
2024-03-25,166.23703002929688,169.30601501464844,163.67953491210938,163.67953491210938,11928514
2024-03-26,163.98643493652344,165.9301300048828,159.58753967285156,160.8151397705078,10023689
2024-03-27,161.633544921875,163.3726348876953,159.89443969726562,161.9404296875,8316465
2024-03-28,162.24732971191406,167.15771484375,162.24732971191406,167.055419921875,11932238
2024-03-29,167.46461486816406,167.8738250732422,164.4979248046875,166.33932495117188,9272993
2024-04-01,167.77151489257812,169.91981506347656,164.60023498535156,168.28302001953125,14705452
2024-04-02,169.20372009277344,170.84051513671875,163.88412475585938,164.4979248046875,11356117
2024-04-03,164.4979248046875,166.850830078125,163.67953491210938,165.11172485351562,9878752
2024-04-04,165.5209197998047,166.33932495117188,162.24732971191406,162.34963989257812,13468689
2024-04-05,164.70252990722656,173.60260009765625,164.2933349609375,173.60260009765625,15865548
2024-04-08,174.9324951171875,179.0244903564453,174.52330017089844,179.0244903564453,10237639
2024-04-09,179.0244903564453,179.0244903564453,179.0244903564453,179.0244903564453,0
2024-04-15,177.08079528808594,178.00149536132812,172.88650512695312,173.0911102294922,14101970
2024-04-16,172.272705078125,173.50030517578125,170.32901000976562,171.45431518554688,11857120
2024-04-17,172.98880004882812,175.44400024414062,171.65890502929688,171.76121520996094,13248483
2024-04-18,173.8072052001953,180.8658905029297,173.60260009765625,178.81988525390625,22794654
2024-04-19,176.16009521484375,182.09347534179688,174.8302001953125,181.0704803466797,14676811
2024-04-22,184.95787048339844,194.1648406982422,184.95787048339844,188.53836059570312,18573616
2024-04-24,191.70965576171875,199.2798309326172,188.02685546875,198.05223083496094,22278191
2024-04-25,197.3361358642578,201.12123107910156,194.98324584960938,197.13153076171875,15950187
2024-04-26,198.15452575683594,200.8143310546875,195.90394592285156,199.2798309326172,13383899
2024-04-29,200.60972595214844,209.10060119628906,200.40512084960938,208.69140625,14057259
2024-04-30,209.50979614257812,213.19259643554688,206.64541625976562,211.55580139160156,14753820
2024-05-02,213.806396484375,214.8293914794922,206.85000610351562,211.76039123535156,16153633
2024-05-03,213.806396484375,220.55816650390625,207.6684112548828,212.57879638671875,22333387
2024-05-06,212.3741912841797,214.010986328125,208.89599609375,210.3282012939453,11022494
2024-05-07,210.73739624023438,214.42018127441406,208.89599609375,213.39718627929688,14747686
2024-05-08,213.60179138183594,216.26158142089844,210.73739624023438,211.3511962890625,9956299
2024-05-09,201.73501586914062,203.88331604003906,197.13153076171875,202.5534210205078,28388795
2024-05-10,203.98561096191406,209.91900634765625,202.4511260986328,204.80401611328125,16258125
2024-05-13,207.0546112060547,207.46380615234375,201.12123107910156,201.12123107910156,12319218
2024-05-14,202.0,206.89999389648438,199.3000030517578,204.0,9311145
2024-05-15,204.10000610351562,205.1999969482422,201.5,201.60000610351562,6950661
2024-05-16,201.89999389648438,203.10000610351562,195.5,202.1999969482422,13072010
2024-05-17,203.10000610351562,212.6999969482422,202.6999969482422,212.0,14863817
2024-05-20,212.0,220.1999969482422,210.0,216.5,12662247
2024-05-21,218.60000610351562,225.0,214.5,217.5,18060889
2024-05-22,220.0,220.0,215.39999389648438,218.0,6211101
2024-05-23,217.0,220.39999389648438,215.0,215.89999389648438,6882594
2024-05-24,215.0,216.8000030517578,211.5,212.1999969482422,5650862
2024-05-27,213.0,214.3000030517578,207.5,210.5,6490918
2024-05-28,210.60000610351562,211.5,206.8000030517578,209.89999389648438,6018738
2024-05-29,209.5,212.5,204.60000610351562,204.60000610351562,5519275
2024-05-30,205.1999969482422,208.8000030517578,203.3000030517578,206.3000030517578,6313396
2024-05-31,207.0,210.5,199.8000030517578,201.8000030517578,9333091
2024-06-03,204.10000610351562,210.60000610351562,202.8000030517578,210.39999389648438,9238356
2024-06-04,212.0,215.5,208.3000030517578,209.3000030517578,9793367
2024-06-05,209.39999389648438,210.89999389648438,202.3000030517578,210.0,8554552
2024-06-06,212.3000030517578,212.39999389648438,204.5,205.3000030517578,5480105
2024-06-07,206.0,206.8000030517578,202.89999389648438,205.6999969482422,5137212
2024-06-10,204.6999969482422,204.6999969482422,198.10000610351562,198.39999389648438,5709521
2024-06-11,200.6999969482422,214.5,200.6999969482422,210.0,17745594
2024-06-12,209.60000610351562,229.0,208.0,226.0,22744238
2024-06-13,229.89999389648438,230.89999389648438,224.3000030517578,228.8000030517578,13625501
2024-06-14,232.5,237.89999389648438,229.89999389648438,230.3000030517578,13552384
2024-06-20,234.89999389648438,236.6999969482422,230.10000610351562,233.1999969482422,7064080
2024-06-21,233.1999969482422,239.89999389648438,230.60000610351562,238.0,10660824
2024-06-24,238.1999969482422,239.0,232.60000610351562,236.89999389648438,6510431
2024-06-25,237.0,238.5,231.39999389648438,235.39999389648438,7130631
2024-06-26,235.5,236.5,226.5,226.5,8160944
2024-06-27,227.10000610351562,230.39999389648438,225.1999969482422,227.6999969482422,6846744
2024-06-28,228.8000030517578,229.6999969482422,223.39999389648438,227.89999389648438,8109373
2024-07-01,230.10000610351562,230.10000610351562,217.10000610351562,219.1999969482422,7162998
2024-07-02,218.89999389648438,220.3000030517578,215.89999389648438,219.60000610351562,5440810
2024-07-03,220.0,226.60000610351562,218.3000030517578,224.3000030517578,7255767
2024-07-04,224.89999389648438,230.0,223.39999389648438,229.8000030517578,8101925
2024-07-05,231.0,233.60000610351562,228.8000030517578,232.5,7918697
2024-07-08,232.6999969482422,235.0,228.60000610351562,232.3000030517578,7509416
2024-07-09,234.39999389648438,242.1999969482422,234.10000610351562,238.89999389648438,11717620
2024-07-10,241.1999969482422,248.1999969482422,239.39999389648438,245.60000610351562,12081753
2024-07-11,247.10000610351562,252.0,243.39999389648438,252.0,9641347
2024-07-12,251.75,254.5,248.8000030517578,251.75,5362305
2024-07-16,251.75,258.5,249.6999969482422,257.0,7578039
2024-07-17,257.25,260.0,253.5,255.25,7557813
2024-07-18,256.75,259.0,248.10000610351562,248.10000610351562,9270964
2024-07-19,248.0,249.6999969482422,243.5,247.60000610351562,6126067
2024-07-22,247.60000610351562,247.60000610351562,240.6999969482422,241.89999389648438,6110824
2024-07-23,241.5,242.60000610351562,233.1999969482422,236.0,8757238
2024-07-24,235.6999969482422,240.5,232.5,234.5,8829669
2024-07-25,234.1999969482422,236.39999389648438,230.5,232.5,5165997
2024-07-26,235.89999389648438,236.1999969482422,231.5,234.6999969482422,4030382
2024-07-29,231.10000610351562,233.5,227.1999969482422,229.0,4907608
2024-07-30,229.10000610351562,232.8000030517578,226.10000610351562,226.10000610351562,5270956
2024-07-31,223.89999389648438,224.3000030517578,219.1999969482422,224.0,6670725
2024-08-01,229.0,236.10000610351562,227.3000030517578,234.0,8434894
2024-08-02,231.10000610351562,233.5,227.5,232.0,6643428
2024-08-05,213.0,224.5,213.0,218.0,7289787
2024-08-06,227.0,227.0,215.8000030517578,215.8000030517578,6896790
2024-08-07,218.89999389648438,225.5,218.1999969482422,223.6999969482422,7455595
2024-08-08,223.6999969482422,228.39999389648438,221.6999969482422,228.39999389648438,8858079
2024-08-09,231.0,234.0,226.39999389648438,232.0,9636661
2024-08-12,238.1999969482422,238.1999969482422,225.0,230.6999969482422,13392460
2024-08-13,231.1999969482422,236.5,227.1999969482422,235.5,13578702
2024-08-14,236.10000610351562,237.60000610351562,228.0,228.0,7750272
2024-08-15,227.60000610351562,227.60000610351562,217.6999969482422,225.5,11699641
2024-08-16,229.3000030517578,230.39999389648438,218.10000610351562,218.10000610351562,8818450
2024-08-19,220.0,222.1999969482422,216.1999969482422,221.5,6169496
2024-08-20,221.0,225.6999969482422,219.5,220.1999969482422,6661978
2024-08-21,220.3000030517578,222.39999389648438,217.8000030517578,218.5,4193423
2024-08-22,219.60000610351562,222.39999389648438,215.1999969482422,216.1999969482422,5952981
2024-08-23,216.5,217.6999969482422,211.8000030517578,211.8000030517578,5831608
2024-08-26,213.0,214.60000610351562,208.1999969482422,208.60000610351562,6234986
2024-08-27,208.1999969482422,222.1999969482422,207.3000030517578,221.0,9996710
2024-08-28,221.0,227.8000030517578,220.10000610351562,226.1999969482422,7296103
2024-08-29,226.1999969482422,228.3000030517578,222.89999389648438,227.3000030517578,6684189
2024-09-02,229.3000030517578,239.0,229.0,237.0,8155512
2024-09-03,237.3000030517578,238.6999969482422,232.10000610351562,233.3000030517578,5521960
2024-09-04,232.3000030517578,234.3000030517578,227.8000030517578,234.3000030517578,4416565
2024-09-05,236.3000030517578,238.0,226.8000030517578,228.5,7092881
2024-09-06,228.60000610351562,231.8000030517578,227.10000610351562,228.10000610351562,4440260
2024-09-09,226.89999389648438,236.5,225.10000610351562,233.6999969482422,8685721
2024-09-10,233.6999969482422,237.10000610351562,228.5,232.1999969482422,8070209
2024-09-11,232.0,234.39999389648438,225.6999969482422,225.89999389648438,7268184
2024-09-12,231.0,241.39999389648438,231.0,237.89999389648438,14429388
2024-09-13,239.10000610351562,245.1999969482422,235.1999969482422,245.1999969482422,8412751
2024-09-16,245.1999969482422,246.1999969482422,238.1999969482422,239.0,5369345
2024-09-17,240.5,248.0,240.5,244.0,8345568
2024-09-18,243.89999389648438,249.5,241.39999389648438,249.1999969482422,7129772
2024-09-19,250.5,254.0,248.3000030517578,253.25,6604472
2024-09-20,252.75,255.5,251.25,253.25,4017875
2024-09-23,255.75,257.25,244.60000610351562,245.6999969482422,5858682
2024-09-24,246.0,249.89999389648438,242.1999969482422,244.8000030517578,10713483
2024-09-25,245.6999969482422,248.5,240.60000610351562,241.10000610351562,5282040
2024-09-26,243.5,248.1999969482422,240.0,242.6999969482422,8601435
2024-09-27,243.89999389648438,247.0,241.3000030517578,244.6999969482422,6469006
2024-09-30,243.1999969482422,244.1999969482422,235.6999969482422,239.3000030517578,5835171
2024-10-01,239.10000610351562,241.3000030517578,227.89999389648438,232.8000030517578,8272446
2024-10-02,231.0,232.3000030517578,225.0,225.10000610351562,4727834
2024-10-03,223.5,233.10000610351562,221.1999969482422,225.5,6984782
2024-10-04,227.0,235.0,224.39999389648438,235.0,5661177
2024-10-07,235.3000030517578,235.6999969482422,227.0,227.0,4966423
2024-10-08,227.10000610351562,233.6999969482422,225.39999389648438,230.39999389648438,5750378
2024-10-09,229.8000030517578,232.6999969482422,226.39999389648438,232.6999969482422,3985145
2024-10-10,232.6999969482422,233.60000610351562,224.5,224.5,4492787
2024-10-11,226.0,230.39999389648438,224.0,225.10000610351562,6639192
2024-10-14,225.6999969482422,225.89999389648438,219.5,223.1999969482422,4923482
2024-10-15,223.5,234.39999389648438,223.10000610351562,233.5,7113358
2024-10-16,233.10000610351562,235.0,228.60000610351562,234.5,4871270
2024-10-17,234.39999389648438,241.60000610351562,233.60000610351562,240.89999389648438,8251893
2024-10-18,240.89999389648438,242.39999389648438,236.10000610351562,236.60000610351562,5246839
2024-10-21,236.60000610351562,246.39999389648438,236.5,239.5,6921418
2024-10-22,240.0,245.0,237.60000610351562,243.6999969482422,7369843
2024-10-23,244.10000610351562,244.8000030517578,235.89999389648438,237.5,6039000
2024-10-24,239.6999969482422,242.39999389648438,235.60000610351562,238.0,5453562
2024-10-25,237.89999389648438,238.6999969482422,234.8000030517578,236.3000030517578,4444053
2024-10-28,239.5,240.5,237.39999389648438,238.5,2171624
2024-10-30,239.10000610351562,239.39999389648438,235.3000030517578,236.0,4953118
2024-10-31,235.89999389648438,238.10000610351562,231.10000610351562,231.60000610351562,5401216
2024-11-01,232.3000030517578,234.39999389648438,228.39999389648438,228.8000030517578,4222696
2024-11-04,227.6999969482422,229.0,221.10000610351562,228.0,5108229
2024-11-05,229.1999969482422,231.0,226.6999969482422,229.10000610351562,4526136
2024-11-06,229.60000610351562,234.60000610351562,225.3000030517578,231.6999969482422,8664301
2024-11-07,232.39999389648438,234.39999389648438,228.39999389648438,232.60000610351562,5894729
2024-11-08,232.60000610351562,240.60000610351562,232.10000610351562,240.10000610351562,8788865
2024-11-11,241.60000610351562,244.3000030517578,238.5,244.0,8201368
2024-11-12,244.60000610351562,247.1999969482422,240.39999389648438,242.0,9927858
2024-11-13,241.39999389648438,244.3000030517578,238.0,238.0,10959267
2024-11-14,238.6999969482422,241.3000030517578,233.89999389648438,234.8000030517578,12851397
2024-11-15,236.0,240.6999969482422,235.39999389648438,235.5,11844176
2024-11-18,236.60000610351562,241.89999389648438,235.8000030517578,239.8000030517578,9610387
2024-11-19,240.39999389648438,242.0,232.60000610351562,233.89999389648438,7685103
2024-11-20,230.0,234.60000610351562,219.60000610351562,219.6999969482422,17666335
2024-11-21,221.5,223.8000030517578,219.0,221.5,11447781
2024-11-22,222.0,224.60000610351562,220.0,221.0,10471903
2024-11-25,223.89999389648438,235.39999389648438,222.0,228.8000030517578,25282896
2024-11-26,228.8000030517578,230.5,226.0,227.3000030517578,10036904
2024-11-27,232.6999969482422,232.89999389648438,225.0,225.0,9230403
2024-11-28,223.89999389648438,224.5,218.0,218.60000610351562,10229823
2024-11-29,219.1999969482422,219.5,215.89999389648438,217.8000030517578,11033128
2024-12-02,217.60000610351562,220.1999969482422,216.60000610351562,218.89999389648438,11067766
2024-12-03,219.8000030517578,222.0,217.3000030517578,220.39999389648438,10882766
2024-12-04,221.0,222.60000610351562,220.0,220.39999389648438,8643563
2024-12-05,221.1999969482422,223.6999969482422,220.39999389648438,221.60000610351562,10126523
2024-12-06,222.8000030517578,224.1999969482422,221.8000030517578,223.1999969482422,11345549
2024-12-09,225.0,226.0,224.0,224.6999969482422,9168592
2024-12-10,224.6999969482422,226.10000610351562,219.8000030517578,220.3000030517578,12402797
2024-12-11,220.60000610351562,221.3000030517578,218.1999969482422,220.0,8389981
2024-12-12,223.1999969482422,225.3000030517578,222.0,224.60000610351562,14696742
2024-12-13,223.6999969482422,226.0,221.6999969482422,226.0,7266454
2024-12-16,227.60000610351562,227.8000030517578,223.60000610351562,224.6999969482422,6151672
2024-12-17,225.39999389648438,226.3000030517578,222.0,225.5,8359494
2024-12-18,225.5,226.1999969482422,221.39999389648438,221.39999389648438,7221578
2024-12-19,219.89999389648438,225.5,219.5,222.1999969482422,8871006
2024-12-20,224.0,226.10000610351562,221.3000030517578,221.3000030517578,11269880
2024-12-23,222.39999389648438,222.39999389648438,216.6999969482422,217.3000030517578,6294380
2024-12-24,217.3000030517578,218.5,215.39999389648438,216.89999389648438,4577296
2024-12-25,219.1999969482422,219.8000030517578,217.89999389648438,218.6999969482422,3768172
2024-12-26,219.39999389648438,221.60000610351562,216.3000030517578,218.39999389648438,7333574
2024-12-27,218.8000030517578,220.3000030517578,218.1999969482422,219.3000030517578,5181721
2024-12-30,219.60000610351562,220.3000030517578,214.1999969482422,214.1999969482422,5392834
2024-12-31,213.8000030517578,214.60000610351562,211.6999969482422,213.0,7435422
2025-01-02,214.10000610351562,215.60000610351562,212.8000030517578,215.60000610351562,5864562
2025-01-03,216.89999389648438,225.0,216.1999969482422,223.6999969482422,13989064
2025-01-06,224.10000610351562,225.0,222.0,222.0,6615557
2025-01-07,221.60000610351562,222.89999389648438,218.60000610351562,218.60000610351562,7081388
2025-01-08,218.5,223.0,217.5,218.8000030517578,6376797
2025-01-09,219.8000030517578,222.6999969482422,218.3000030517578,219.5,6751182
2025-01-10,220.6999969482422,221.39999389648438,215.8000030517578,216.1999969482422,8460061
2025-01-13,216.10000610351562,217.3000030517578,208.0,210.3000030517578,8656964
2025-01-14,210.5,213.8000030517578,210.10000610351562,211.5,7431997
2025-01-15,213.0,216.8000030517578,211.8000030517578,212.89999389648438,8702787
2025-01-16,216.10000610351562,216.6999969482422,213.1999969482422,215.0,6167523
2025-01-17,215.1999969482422,223.5,214.1999969482422,223.0,12171237
2025-01-20,224.1999969482422,225.8000030517578,222.5,223.60000610351562,7812535
2025-01-21,222.6999969482422,224.1999969482422,219.6999969482422,220.5,6775351
2025-01-22,220.3000030517578,228.0,220.3000030517578,228.0,9620169
2025-01-23,231.0,231.8000030517578,226.3000030517578,231.1999969482422,11793357
2025-01-24,231.0,231.1999969482422,227.5,230.1999969482422,6855681
2025-01-27,228.0,232.8000030517578,226.3000030517578,231.1999969482422,9832893
2025-01-28,231.5,233.8000030517578,227.5,233.3000030517578,14727149
2025-01-29,234.6999969482422,235.6999969482422,228.6999969482422,233.3000030517578,14944466
2025-01-30,233.3000030517578,238.0,232.1999969482422,232.5,9982494
2025-01-31,232.60000610351562,235.1999969482422,232.5,234.5,8054187
2025-02-03,233.0,236.6999969482422,231.0,232.5,10085373
2025-02-04,233.0,234.8000030517578,222.10000610351562,222.1999969482422,16080755
2025-02-05,222.5,226.0,219.8000030517578,223.10000610351562,12497955
2025-02-06,224.5,232.1999969482422,224.5,230.5,12614414
2025-02-07,229.6999969482422,239.3000030517578,228.39999389648438,238.8000030517578,12124286
2025-02-10,238.8000030517578,239.10000610351562,234.1999969482422,235.89999389648438,6582999
2025-02-11,237.10000610351562,238.10000610351562,230.0,237.8000030517578,7930480
2025-02-12,237.8000030517578,239.3000030517578,233.3000030517578,238.0,9812498
2025-02-13,239.89999389648438,246.39999389648438,239.1999969482422,245.5,12256203
2025-02-14,245.39999389648438,246.6999969482422,240.8000030517578,242.0,5703900
2025-02-17,242.0,244.3000030517578,238.60000610351562,243.60000610351562,7898931
2025-02-18,243.60000610351562,249.10000610351562,242.6999969482422,247.10000610351562,10214766
2025-02-19,246.39999389648438,248.1999969482422,242.10000610351562,242.39999389648438,7041926
2025-02-20,243.10000610351562,247.1999969482422,242.1999969482422,243.3000030517578,5910177
2025-02-21,243.8000030517578,245.39999389648438,236.1999969482422,240.0,6278828
2025-02-24,242.0,242.60000610351562,238.3000030517578,238.5,4956387
2025-02-25,238.5,241.5,231.5,232.10000610351562,8616214
2025-02-26,232.10000610351562,234.0,230.8000030517578,232.5,8032628
2025-02-27,232.5,242.1999969482422,231.5,238.6999969482422,8980739
2025-02-28,237.89999389648438,241.3000030517578,235.60000610351562,239.0,9649354
2025-03-03,241.39999389648438,249.6999969482422,238.10000610351562,247.1999969482422,13155136
2025-03-04,246.39999389648438,252.75,246.39999389648438,251.75,7814336
2025-03-05,255.75,268.0,254.5,268.0,13373152
2025-03-06,269.5,275.75,267.0,275.75,9073050
2025-03-07,275.75,279.25,271.5,274.0,7641954
2025-03-10,273.75,277.75,272.75,276.75,5527783
2025-03-11,276.25,278.25,271.25,272.0,6095913
2025-03-12,273.75,277.75,272.25,273.25,5526915
2025-03-13,274.75,281.75,274.25,278.75,8794091
2025-03-14,281.0,287.25,277.5,282.75,8406468
2025-03-17,283.5,285.0,281.25,281.25,4615792
2025-03-18,279.5,284.0,278.0,281.5,5741499
2025-03-19,262.25,277.0,256.75,262.75,12899184
2025-03-20,264.0,274.75,261.5,266.0,9780488
2025-03-21,264.0,264.25,239.39999389648438,239.39999389648438,14832447
2025-03-24,243.60000610351562,258.25,240.0,257.25,13439898
2025-03-25,265.0,268.25,255.25,258.5,11444747
2025-03-26,257.0,259.25,250.0,253.5,8577313
2025-03-27,258.0,261.0,252.5,254.25,8212728
2025-03-28,256.0,257.75,248.5,257.75,6451207
2025-04-02,256.25,256.25,246.3000030517578,246.3000030517578,10790119
2025-04-03,246.3000030517578,251.75,246.1999969482422,246.8000030517578,9502174
2025-04-04,249.60000610351562,256.0,249.60000610351562,254.75,8926158
2025-04-07,246.1999969482422,263.5,242.8000030517578,260.0,11396108
2025-04-08,264.75,267.75,259.75,264.75,8163167
2025-04-09,262.25,271.0,261.0,266.5,10248641
2025-04-10,276.0,278.5,260.5,260.5,11470492
2025-04-11,261.0,268.25,259.0,266.75,6967735
2025-04-14,269.0,270.0,264.5,264.75,5008671
2025-04-15,266.75,268.75,260.5,262.75,9754743
2025-04-16,261.0,263.25,250.0,251.0,13630771
2025-04-17,251.0,255.0,247.5,249.3000030517578,11931559
2025-04-18,250.75,253.75,247.3000030517578,248.0,8572544
2025-04-21,249.39999389648438,252.5,246.1999969482422,249.6999969482422,10560726
2025-04-22,250.75,253.0,244.6999969482422,244.6999969482422,9991725
2025-04-24,245.0,246.39999389648438,241.5,244.6999969482422,10033754
2025-04-25,245.6999969482422,249.39999389648438,241.60000610351562,243.0,8802598
2025-04-28,243.60000610351562,244.89999389648438,237.6999969482422,237.8000030517578,7239498
2025-04-29,234.5,235.89999389648438,227.89999389648438,227.89999389648438,8072480
2025-04-30,228.60000610351562,230.10000610351562,222.5,222.89999389648438,9094416
2025-05-02,224.10000610351562,235.6999969482422,224.10000610351562,232.89999389648438,9217232
2025-05-05,235.0,236.0,228.89999389648438,234.6999969482422,6342440
2025-05-06,234.39999389648438,238.60000610351562,231.10000610351562,232.89999389648438,5070793
2025-05-07,231.0,232.8000030517578,222.1999969482422,226.8000030517578,7234026
2025-05-08,228.0,232.8000030517578,225.60000610351562,232.39999389648438,4774340
2025-05-09,234.6999969482422,246.0,234.60000610351562,244.89999389648438,10943208
2025-05-12,253.75,255.0,248.60000610351562,254.25,10253728
2025-05-13,253.75,254.0,250.0,250.0,6055003
2025-05-14,250.25,253.5,246.89999389648438,251.25,6718509
2025-05-15,251.25,252.5,244.10000610351562,245.6999969482422,4693365
2025-05-16,248.5,255.5,246.60000610351562,250.5,7463295
2025-05-20,250.5,252.75,245.10000610351562,250.5,7156868
2025-05-21,249.89999389648438,250.75,241.5,241.6999969482422,6271695
2025-05-22,243.39999389648438,246.5,239.89999389648438,244.10000610351562,7794345
2025-05-23,243.5,246.6999969482422,241.3000030517578,242.8000030517578,5723226
2025-05-26,245.0,245.89999389648438,239.6999969482422,240.5,4916095
2025-05-27,240.6999969482422,241.8000030517578,235.6999969482422,235.6999969482422,4810823
2025-05-28,235.5,241.3000030517578,234.5,240.1999969482422,5643655
2025-05-29,242.39999389648438,245.10000610351562,240.1999969482422,240.89999389648438,5199314
2025-05-30,240.60000610351562,244.3000030517578,240.0,241.1999969482422,7813091
2025-06-02,241.1999969482422,248.3000030517578,240.0,247.0,6618305
2025-06-03,249.10000610351562,253.0,247.10000610351562,252.25,9251797
2025-06-04,251.5,258.0,249.3000030517578,258.0,6486788
2025-06-05,256.0,258.0,253.5,257.25,2373433
2025-06-10,259.5,266.5,258.75,262.75,7154419
2025-06-11,262.75,266.5,260.5,264.25,7204953
2025-06-12,258.0,260.75,253.75,256.5,7261029
2025-06-13,237.0,244.5,236.0,242.5,11693892
2025-06-16,242.5,245.89999389648438,236.6999969482422,243.0,13310882
2025-06-17,242.8000030517578,242.89999389648438,236.0,236.8000030517578,6711042
2025-06-18,235.0,236.39999389648438,224.39999389648438,225.5,14234085
2025-06-19,227.39999389648438,227.5,218.10000610351562,218.10000610351562,12213983
2025-06-20,223.8000030517578,226.6999969482422,218.5,222.39999389648438,12075478
2025-06-23,218.0,219.10000610351562,213.60000610351562,214.5,13600115
2025-06-24,232.0,235.89999389648438,228.3000030517578,235.89999389648438,22446911
2025-06-25,237.60000610351562,242.89999389648438,234.6999969482422,239.89999389648438,14374723
2025-06-26,240.3000030517578,241.60000610351562,234.10000610351562,234.3000030517578,8305024
2025-06-27,233.6999969482422,240.0,233.5,240.0,7877082
2025-06-30,241.5,258.5,240.10000610351562,257.0,15778858
2025-07-01,257.0,260.75,254.25,257.75,12304736
2025-07-02,259.0,261.5,252.5,256.25,14032242
2025-07-03,258.75,260.75,255.0,255.75,6508655
2025-07-04,256.25,261.0,255.75,259.5,7659874
2025-07-07,255.0,259.25,254.75,257.5,5543422
2025-07-08,259.75,260.0,251.5,252.75,5923783
2025-07-09,253.25,257.5,251.5,256.25,6407390
2025-07-10,258.5,266.0,258.25,262.75,13255656
2025-07-11,269.0,269.25,261.0,262.25,11148509
2025-07-14,262.25,267.5,260.5,264.0,8306342
2025-07-16,264.5,267.0,251.5,255.0,13590831
2025-07-17,260.0,263.25,255.0,260.75,14434243
2025-07-18,262.0,263.25,258.5,260.25,9074492
2025-07-21,263.0,266.75,262.25,265.5,13793854
2025-07-22,266.5,268.0,262.25,264.75,13503880
2025-07-23,265.75,266.75,262.5,263.0,9129918
2025-07-24,263.75,265.75,259.75,263.75,14193765
2025-07-25,264.0,264.25,254.75,254.75,13532555
2025-07-28,255.25,258.75,252.5,253.25,10024702
2025-07-29,253.75,255.25,250.75,250.75,6936057
2025-07-30,251.0,254.25,245.8000030517578,245.8000030517578,13305497
2025-07-31,247.3000030517578,252.0,246.60000610351562,252.0,11794872
2025-08-01,253.0,253.0,248.3000030517578,249.89999389648438,8794613
2025-08-04,251.5,256.25,251.0,253.5,10583660
2025-08-05,254.75,255.25,252.0,252.75,8039682
2025-08-06,254.25,260.0,254.25,258.25,22869997
2025-08-07,260.0,262.5,257.25,261.75,16710747
2025-08-08,257.25,264.5,255.75,263.75,23601614
2025-08-11,266.0,274.5,263.25,274.0,21646274
2025-08-12,274.0,274.0,263.75,268.0,23276089
2025-08-13,260.0,262.25,257.0,257.0,26143758
2025-08-14,258.0,260.75,252.75,252.75,16814742
2025-08-15,253.0,259.0,252.75,257.75,18943474
2025-08-18,258.5,259.25,254.75,256.5,14844224
2025-08-19,257.5,260.0,256.25,256.75,15900087
2025-08-20,257.5,261.25,256.5,258.75,17034018
2025-08-21,260.5,262.5,259.0,261.75,13984538
2025-08-22,262.75,262.75,259.5,260.5,9908470
2025-08-25,261.75,264.75,261.0,261.25,17832634
2025-08-26,261.0,263.5,258.0,258.0,36110232
2025-08-27,259.75,260.5,255.0,255.0,19374501
2025-08-28,255.75,258.5,252.5,252.75,11953689
2025-08-29,253.25,253.75,248.0,249.0,16232522
2025-09-01,249.1999969482422,250.25,245.6999969482422,246.0,17764134
2025-09-02,246.6999969482422,247.60000610351562,225.0,235.60000610351562,32470967
2025-09-03,236.1999969482422,236.1999969482422,228.60000610351562,231.0,17593735
2025-09-04,231.60000610351562,233.1999969482422,229.6999969482422,231.10000610351562,13153609
2025-09-05,232.0,233.3000030517578,225.8000030517578,225.89999389648438,18469453
2025-09-08,221.39999389648438,227.0,219.5,220.1999969482422,15821324
2025-09-09,221.60000610351562,225.0,217.10000610351562,220.8000030517578,28898098
2025-09-10,223.0,223.10000610351562,218.10000610351562,222.8000030517578,25141322
2025-09-11,225.89999389648438,227.1999969482422,219.5,220.89999389648438,22032855
2025-09-12,220.89999389648438,223.10000610351562,218.8000030517578,222.60000610351562,12074295
2025-09-15,222.1999969482422,234.1999969482422,218.0,233.8000030517578,33720702
2025-09-16,234.39999389648438,234.5,229.5,232.5,22676863
2025-09-17,232.6999969482422,233.39999389648438,230.10000610351562,230.1999969482422,16183124
2025-09-18,232.5,236.1999969482422,229.5,229.8000030517578,24889016
2025-09-19,230.5,234.10000610351562,227.89999389648438,232.60000610351562,17665299
2025-09-22,238.3000030517578,238.60000610351562,233.6999969482422,233.8000030517578,16182609
2025-09-23,230.5,232.1999969482422,227.10000610351562,227.39999389648438,16767701
2025-09-24,227.60000610351562,228.1999969482422,221.6999969482422,224.6999969482422,20650469
2025-09-25,226.0,228.60000610351562,223.10000610351562,223.89999389648438,13213749
2025-09-26,223.89999389648438,224.60000610351562,218.3000030517578,219.0,20189320
2025-09-29,218.1999969482422,220.0,214.3000030517578,215.1999969482422,19113933
2025-09-30,216.8000030517578,218.8000030517578,215.1999969482422,216.5,20133418
2025-10-01,216.60000610351562,221.6999969482422,216.0,220.3000030517578,19061770
2025-10-02,221.5,226.3000030517578,221.1999969482422,224.0,20012930
2025-10-03,225.60000610351562,226.5,221.89999389648438,222.3000030517578,20262522
2025-10-06,224.0,227.6999969482422,220.1999969482422,220.8000030517578,20771386
2025-10-07,221.1999969482422,226.1999969482422,220.8000030517578,224.10000610351562,18983048
2025-10-08,223.89999389648438,225.1999969482422,215.60000610351562,216.5,27539897
2025-10-09,220.0,220.3000030517578,215.1999969482422,216.39999389648438,17757958
2025-10-10,216.8000030517578,218.5,215.1999969482422,215.60000610351562,13624453
2025-10-13,212.5,214.60000610351562,210.8000030517578,211.1999969482422,19636325
2025-10-14,212.6999969482422,215.1999969482422,208.10000610351562,208.6999969482422,24197277
2025-10-15,209.5,210.39999389648438,206.10000610351562,209.10000610351562,24226563
2025-10-16,209.10000610351562,212.5,207.10000610351562,207.8000030517578,19364471
2025-10-17,206.89999389648438,207.89999389648438,200.89999389648438,205.8000030517578,20701509
2025-10-20,206.8000030517578,212.60000610351562,203.5,212.0,23568309
2025-10-21,212.3000030517578,212.5,208.1999969482422,210.3000030517578,17454393
2025-10-22,211.0,212.5,206.1999969482422,206.1999969482422,21142020
2025-10-23,206.6999969482422,206.89999389648438,202.5,203.1999969482422,22035902
2025-10-24,204.3000030517578,214.60000610351562,204.3000030517578,208.39999389648438,35975893
2025-10-27,208.0,208.6999969482422,204.8000030517578,205.8000030517578,16074380
2025-10-28,205.3000030517578,206.3000030517578,205.10000610351562,205.1999969482422,5558619
2025-10-30,205.89999389648438,208.10000610351562,205.89999389648438,206.39999389648438,12607372
2025-10-31,206.5,210.3000030517578,206.39999389648438,210.0,21249813
2025-11-03,210.60000610351562,213.5,210.3000030517578,213.5,25888697
2025-11-04,213.0,215.3000030517578,212.0,213.8000030517578,20511952
2025-11-05,214.0,215.0,211.1999969482422,212.6999969482422,16877867
2025-11-06,214.0,215.10000610351562,211.0,213.60000610351562,19075869
2025-11-07,215.0,215.89999389648438,210.0,211.5,16447372
2025-11-10,213.10000610351562,213.5,205.39999389648438,205.5,22673532
2025-11-11,205.6999969482422,208.89999389648438,196.89999389648438,201.8000030517578,25622743
2025-11-12,203.3000030517578,203.89999389648438,201.0,201.39999389648438,10867144
2025-11-13,202.5,206.6999969482422,202.5,204.60000610351562,16489513
2025-11-14,203.8000030517578,206.0,201.8000030517578,204.0,14214505
2025-11-17,207.0,208.3000030517578,203.0,204.0,18695692
2025-11-18,203.5,205.6999969482422,202.3000030517578,202.6999969482422,13101614
2025-11-19,203.5,207.10000610351562,202.89999389648438,205.89999389648438,24533195
2025-11-20,207.0,209.10000610351562,205.39999389648438,206.89999389648438,14554676
2025-11-21,206.0,206.39999389648438,204.39999389648438,205.60000610351562,10465408
2025-11-24,205.1999969482422,208.39999389648438,202.8000030517578,205.0,22126235
2025-11-25,205.10000610351562,209.39999389648438,203.5,204.5,26059519
2025-11-26,205.0,205.89999389648438,203.8000030517578,203.89999389648438,12810633
2025-11-27,205.10000610351562,206.3000030517578,202.8000030517578,203.0,16237467
2025-11-28,202.89999389648438,204.3000030517578,200.60000610351562,201.0,18693914
2025-12-01,200.39999389648438,204.5,200.10000610351562,204.39999389648438,15747088
2025-12-02,205.0,206.60000610351562,204.1999969482422,205.60000610351562,15844919
2025-12-03,206.5,207.6999969482422,201.6999969482422,201.6999969482422,26926688
2025-12-04,202.39999389648438,204.3000030517578,197.0,197.3000030517578,20870031
2025-12-05,197.60000610351562,198.89999389648438,195.0,195.8000030517578,16803389
2025-12-08,200.0,204.3000030517578,199.1999969482422,203.3000030517578,30029771
2025-12-09,203.5,203.89999389648438,202.0,202.6999969482422,12600989
2025-12-10,202.6999969482422,205.6999969482422,202.5,202.8000030517578,20951393
2025-12-11,203.1999969482422,205.0,201.89999389648438,202.6999969482422,14975340
2025-12-12,203.3000030517578,206.1999969482422,203.3000030517578,205.10000610351562,14853912
2025-12-15,205.60000610351562,207.6999969482422,203.6999969482422,207.0,16480703
2025-12-16,208.0,209.1999969482422,206.5,207.60000610351562,17885257
2025-12-17,207.1999969482422,210.5,205.5,209.10000610351562,18442682
2025-12-18,209.6999969482422,214.39999389648438,209.1999969482422,211.3000030517578,21959142
2025-12-19,211.5,214.1999969482422,210.6999969482422,214.1999969482422,13980944
2025-12-22,215.5,215.6999969482422,209.1999969482422,209.39999389648438,14826807
2025-12-23,209.0,209.3000030517578,206.10000610351562,207.0,11074599
2025-12-24,207.10000610351562,207.6999969482422,205.10000610351562,206.1999969482422,10897833
2025-12-25,207.3000030517578,208.3000030517578,206.3000030517578,206.5,5556206
2025-12-26,206.60000610351562,206.60000610351562,203.5,204.5,7540648
2025-12-29,203.39999389648438,203.39999389648438,195.3000030517578,195.39999389648438,19540273
2025-12-30,195.6999969482422,196.3000030517578,191.60000610351562,192.1999969482422,17912229
2025-12-31,193.0,195.5,191.6999969482422,191.6999969482422,13745143
2026-01-02,192.60000610351562,196.0,192.5,195.0,13826375
2026-01-05,195.5,198.8000030517578,194.10000610351562,198.60000610351562,18017761
2026-01-06,199.0,207.1999969482422,199.0,206.8000030517578,23999979
2026-01-07,207.6999969482422,209.3000030517578,204.0,205.10000610351562,24231189
2026-01-08,205.1999969482422,207.1999969482422,201.1999969482422,206.39999389648438,17519493
2026-01-09,209.6999969482422,210.1999969482422,203.39999389648438,204.6999969482422,21269977
2026-01-12,204.6999969482422,206.1999969482422,203.10000610351562,204.39999389648438,19823648
2026-01-13,204.5,204.8000030517578,200.10000610351562,201.3000030517578,20361904
2026-01-14,201.89999389648438,202.3000030517578,195.89999389648438,197.10000610351562,16921211
2026-01-15,197.1999969482422,200.39999389648438,195.6999969482422,199.10000610351562,22073894
2026-01-16,201.5,204.10000610351562,200.39999389648438,201.5,25537485
2026-01-19,203.5,205.6999969482422,202.10000610351562,203.1999969482422,25862347
2026-01-20,203.10000610351562,203.1999969482422,198.60000610351562,199.5,20340766
2026-01-21,199.8000030517578,200.8000030517578,197.8000030517578,200.1999969482422,20389836
2026-01-22,201.6999969482422,203.5,199.0,202.8000030517578,24096745
2026-01-23,203.5,205.60000610351562,202.60000610351562,203.1999969482422,23195434
2026-01-26,202.1999969482422,204.0,200.0,201.10000610351562,22601633
2026-01-27,201.39999389648438,202.1999969482422,197.1999969482422,197.1999969482422,24096313
2026-01-28,197.5,201.60000610351562,197.5,198.89999389648438,33373278
2026-01-29,200.5,205.0,199.6999969482422,201.6999969482422,42987312
2026-01-30,202.0,204.3000030517578,199.39999389648438,203.5,37468402
2026-02-02,202.0,205.8000030517578,198.8000030517578,202.6999969482422,41128727
2026-02-03,204.0,209.6999969482422,203.89999389648438,209.39999389648438,40984654
2026-02-04,211.0,211.39999389648438,205.89999389648438,207.5,39403586
2026-02-05,207.3000030517578,208.1999969482422,204.89999389648438,205.1999969482422,28770714
2026-02-06,205.0,207.6999969482422,200.89999389648438,207.0,32983462
2026-02-09,209.0,210.39999389648438,207.6999969482422,209.1999969482422,31649936
2026-02-10,209.5,211.5,207.1999969482422,207.8000030517578,28685406
2026-02-11,206.3000030517578,209.3000030517578,205.1999969482422,207.0,29992256
2026-02-12,208.1999969482422,221.10000610351562,208.1999969482422,217.5,59896686
2026-02-13,217.5,221.5,216.6999969482422,218.10000610351562,49699900
2026-02-16,220.3000030517578,226.10000610351562,219.89999389648438,224.0,47308951
2026-02-17,223.6999969482422,224.89999389648438,219.60000610351562,223.0,44930319
2026-02-18,223.3000030517578,224.10000610351562,210.89999389648438,211.0,56037000
2026-02-19,212.3000030517578,212.8000030517578,201.89999389648438,202.0,40688280
2026-02-20,202.89999389648438,204.89999389648438,200.60000610351562,204.1999969482422,32137310
2026-02-23,208.0,208.39999389648438,202.3000030517578,203.3000030517578,22981091
2026-02-24,203.0,203.1999969482422,199.5,199.6999969482422,21929017
2026-02-25,200.6999969482422,201.6999969482422,198.3000030517578,198.3000030517578,20084626
2026-02-26,198.6999969482422,205.3000030517578,197.1999969482422,202.1999969482422,25662235
2026-02-27,203.89999389648438,204.1999969482422,196.5,196.5,28260028
2026-03-02,178.1999969482422,186.60000610351562,178.1999969482422,185.10000610351562,20724671
2026-03-03,183.3000030517578,188.89999389648438,181.3000030517578,181.39999389648438,22148228
2026-03-04,181.0,183.6999969482422,178.89999389648438,181.8000030517578,19770456
2026-03-05,183.39999389648438,184.6999969482422,180.6999969482422,180.6999969482422,12212759
2026-03-06,180.6999969482422,182.3000030517578,175.60000610351562,177.1999969482422,16142232
2026-03-09,173.0,174.60000610351562,167.3000030517578,173.60000610351562,27347010
2026-03-10,182.0,182.60000610351562,178.0,179.39999389648438,25306922
2026-03-11,179.5,180.3000030517578,176.5,180.0,13373576
2026-03-12,178.5,181.39999389648438,177.5,179.0,15562808
2026-03-13,178.6999969482422,178.6999969482422,174.6999969482422,177.3000030517578,11289915
2026-03-16,177.3000030517578,177.89999389648438,174.60000610351562,176.89999389648438,7860643
2026-03-17,177.5,180.1999969482422,176.8000030517578,179.89999389648438,9212884
2026-03-18,181.1999969482422,181.60000610351562,176.89999389648438,178.5,7090342
2026-03-19,176.6999969482422,177.8000030517578,176.5,177.5,3243073
2026-03-23,173.8000030517578,181.5,169.10000610351562,181.5,25873107
2026-03-24,180.0,181.6999969482422,178.10000610351562,179.0,10504753
2026-03-25,181.8000030517578,183.1999969482422,178.5,180.0,18272536
2026-03-26,179.39999389648438,180.39999389648438,177.39999389648438,177.60000610351562,9288261
2026-03-27,178.0,178.39999389648438,174.6999969482422,177.0,7664200
2026-03-30,175.89999389648438,176.0,174.0,174.60000610351562,7566692
2026-03-31,174.5,176.8000030517578,174.1999969482422,175.5,14540516
2026-04-01,182.0,182.5,178.10000610351562,179.39999389648438,14789687
2026-04-02,176.8000030517578,179.39999389648438,175.1999969482422,178.89999389648438,11688355
2026-04-03,178.5,179.10000610351562,176.3000030517578,176.60000610351562,7770031
2026-04-06,177.0,180.10000610351562,176.60000610351562,178.39999389648438,13171659
2026-04-07,178.0,179.10000610351562,174.1999969482422,175.0,9918002
2026-04-08,185.1999969482422,190.60000610351562,184.10000610351562,186.0,32599541
2026-04-09,185.0,186.60000610351562,183.5,185.3000030517578,16750455
2026-04-10,187.0,188.60000610351562,186.5,188.39999389648438,16415393
2026-04-13,184.8000030517578,184.8000030517578,182.60000610351562,183.6999969482422,13856574
2026-04-14,185.89999389648438,188.8000030517578,185.5,187.10000610351562,20505621
2026-04-15,188.8000030517578,190.5,187.89999389648438,188.3000030517578,18342364
2026-04-16,190.10000610351562,191.39999389648438,184.89999389648438,186.0,15848055
2026-04-17,186.5,198.0,185.5,196.89999389648438,32820718
2026-04-20,191.0,195.3000030517578,190.6999969482422,193.5,21385265
2026-04-21,193.89999389648438,195.10000610351562,190.10000610351562,190.1999969482422,16887087
2026-04-22,191.60000610351562,192.5,187.5,190.1999969482422,9994246
2026-04-24,189.8000030517578,190.39999389648438,186.60000610351562,189.10000610351562,13563866
2026-04-27,188.39999389648438,189.8000030517578,185.60000610351562,186.0,12094925
2026-04-28,185.8000030517578,185.89999389648438,180.5,180.5,10088006
2026-04-29,181.10000610351562,182.1999969482422,178.60000610351562,179.10000610351562,7175887
2026-04-30,178.3000030517578,181.39999389648438,177.89999389648438,180.60000610351562,11425201
2026-05-04,181.3000030517578,182.0,178.1999969482422,178.89999389648438,8698729
2026-05-05,178.5,180.3000030517578,177.6999969482422,178.6999969482422,8597670
2026-05-06,181.8000030517578,187.60000610351562,180.39999389648438,184.3000030517578,24157695
2026-05-07,185.39999389648438,188.1999969482422,185.39999389648438,187.5,13130496
2026-05-08,186.1999969482422,188.10000610351562,184.1999969482422,186.6999969482422,14732353
2026-05-11,185.89999389648438,185.89999389648438,184.3000030517578,185.0,11466985
2026-05-12,183.0,184.6999969482422,179.89999389648438,179.89999389648438,12343770
2026-05-13,180.5,181.6999969482422,177.0,177.0,10415991
2026-05-14,177.89999389648438,180.3000030517578,177.89999389648438,178.39999389648438,8516620
2026-05-15,178.0,178.10000610351562,175.60000610351562,176.60000610351562,6353847
2026-05-18,176.5,176.5,171.60000610351562,171.60000610351562,11004387
2026-05-20,171.1999969482422,174.10000610351562,169.10000610351562,173.39999389648438,9423514
2026-05-21,173.39999389648438,173.60000610351562,162.89999389648438,162.89999389648438,8895783
2026-05-22,162.89999389648438,169.39999389648438,161.5,168.10000610351562,24388212
2026-05-25,173.10000610351562,173.8000030517578,171.10000610351562,172.6999969482422,14689420
2026-05-26,172.5,172.6999969482422,170.10000610351562,170.10000610351562,3951093
2026-05-27,170.10000610351562,170.10000610351562,170.10000610351562,170.10000610351562,0
2026-05-28,170.10000610351562,170.10000610351562,170.10000610351562,170.10000610351562,0
2026-05-29,170.10000610351562,170.10000610351562,170.10000610351562,170.10000610351562,0
2026-06-01,171.5,172.5,168.10000610351562,168.39999389648438,10232891
2026-06-02,169.39999389648438,173.0,169.39999389648438,172.1999969482422,10896492
2026-06-03,171.1999969482422,173.1999969482422,169.8000030517578,170.0,10401590
2026-06-04,171.0,172.39999389648438,169.5,171.1999969482422,9564254
2026-06-05,171.5,171.8000030517578,167.6999969482422,168.60000610351562,7843804
2026-06-08,166.8000030517578,170.60000610351562,165.6999969482422,170.0,8090083
2026-06-09,170.39999389648438,170.8000030517578,168.0,168.89999389648438,9226231
2026-06-10,168.39999389648438,169.39999389648438,165.89999389648438,166.8000030517578,7656082
2026-06-11,166.8000030517578,167.8000030517578,163.60000610351562,165.5,8415745
2026-06-12,170.10000610351562,174.39999389648438,168.5,172.0,23502373
2026-06-15,183.3000030517578,183.3000030517578,179.89999389648438,181.1999969482422,17444149
2026-06-16,181.1999969482422,187.1999969482422,180.1999969482422,184.0,19521068
2026-06-17,185.1999969482422,185.60000610351562,180.0,180.0,8482928
2026-06-18,182.0,184.89999389648438,182.0,184.6999969482422,11247775
2026-06-19,182.0,186.3000030517578,181.39999389648438,183.6999969482422,16012710
2026-06-22,184.5,185.0,182.3000030517578,182.5,7505492
2026-06-23,181.6999969482422,182.0,177.3000030517578,178.10000610351562,9602331
2026-06-24,178.5,178.8000030517578,175.0,177.0,8464150
2026-06-25,178.8000030517578,183.3000030517578,178.5,180.6999969482422,13507357
2026-06-26,180.1999969482422,181.3000030517578,177.3000030517578,180.10000610351562,8847827
2026-06-29,180.10000610351562,180.1999969482422,176.8000030517578,177.10000610351562,8149690
2026-06-30,177.3000030517578,177.89999389648438,174.60000610351562,175.10000610351562,10255470
2026-07-01,175.10000610351562,177.8000030517578,173.89999389648438,176.60000610351562,11108592
2026-07-02,177.39999389648438,179.10000610351562,176.8000030517578,177.0,10340427
2026-07-03,177.60000610351562,177.6999969482422,173.89999389648438,174.10000610351562,9272893
2026-07-06,175.0,178.39999389648438,174.39999389648438,174.8000030517578,15068826
2026-07-07,174.1999969482422,177.8000030517578,173.3000030517578,174.10000610351562,16229751
2026-07-08,172.5,172.5,165.89999389648438,166.0,16635812
2026-07-09,167.0,167.3000030517578,165.0,167.3000030517578,10396523
2026-07-10,167.1999969482422,170.5,166.89999389648438,170.1999969482422,11446888
2026-07-13,168.6999969482422,168.6999969482422,164.3000030517578,165.39999389648438,11047153
2026-07-14,164.60000610351562,166.39999389648438,162.89999389648438,166.0,9838711
2026-07-16,166.10000610351562,169.39999389648438,165.60000610351562,167.6999969482422,10215552
2026-07-17,167.3000030517578,168.6999969482422,165.8000030517578,166.5,7511853
2026-07-20,166.39999389648438,166.39999389648438,163.39999389648438,164.6999969482422,11259998
2026-07-21,165.60000610351562,166.0,162.1999969482422,163.3000030517578,8295816
2026-07-22,163.3000030517578,163.6999969482422,162.5,163.0,7409350
2026-07-23,162.89999389648438,163.3000030517578,160.10000610351562,160.39999389648438,10705377
2026-07-24,160.1999969482422,163.0,159.89999389648438,161.60000610351562,9746993
2026-07-27,164.60000610351562,167.0,161.60000610351562,161.60000610351562,12284279
2026-07-28,162.3000030517578,164.10000610351562,158.6999969482422,159.6999969482422,10302297
2026-07-29,159.6999969482422,160.0,153.60000610351562,153.60000610351562,13982956
2026-07-30,153.3000030517578,154.0,148.39999389648438,148.6999969482422,12530607
2026-07-31,149.60000610351562,153.39999389648438,149.3000030517578,153.0,10782986
2026-08-03,156.10000610351562,158.39999389648438,154.89999389648438,156.60000610351562,11903353
2026-08-04,156.5,159.6999969482422,154.3000030517578,158.89999389648438,14473115
2026-08-05,158.1999969482422,158.1999969482422,154.10000610351562,156.5,10401730
2026-08-06,156.8000030517578,157.3000030517578,154.3000030517578,154.6999969482422,7129238
2026-08-07,154.6999969482422,155.0,152.10000610351562,153.5,7435201
2026-08-10,153.60000610351562,153.89999389648438,150.89999389648438,151.3000030517578,6195273
2026-08-11,151.3000030517578,151.39999389648438,148.5,149.6999969482422,8471657
2026-08-12,149.6999969482422,153.1999969482422,149.3000030517578,151.89999389648438,9453881
2026-08-13,150.0,152.89999389648438,149.0,152.1999969482422,11664644
2026-08-14,152.1999969482422,153.3000030517578,150.60000610351562,151.6999969482422,8074426
2026-08-17,151.6999969482422,153.60000610351562,150.10000610351562,151.1999969482422,7844901
2026-08-18,151.0,151.0,148.3000030517578,149.3000030517578,6857580
2026-08-19,148.60000610351562,151.39999389648438,148.10000610351562,150.10000610351562,11248951
2026-08-20,150.3000030517578,151.60000610351562,149.1999969482422,149.60000610351562,7116658
2026-08-21,149.89999389648438,151.1999969482422,149.1999969482422,149.5,10053008
2026-08-24,150.89999389648438,152.0,149.0,149.60000610351562,9011618
2026-08-25,150.0,150.8000030517578,149.10000610351562,150.10000610351562,8224878
2026-08-26,151.5,156.60000610351562,151.3000030517578,153.3000030517578,18135551
2026-08-27,153.8000030517578,154.39999389648438,150.5,151.5,9846614
2026-08-28,151.39999389648438,151.60000610351562,150.1999969482422,150.8000030517578,6852989
2026-08-31,150.0,150.10000610351562,146.0,147.0,13753931
2026-09-01,147.5,152.5,147.0,151.89999389648438,17278729
2026-09-02,150.8000030517578,154.6999969482422,148.89999389648438,149.0,13212619
2026-09-03,149.60000610351562,150.1999969482422,147.39999389648438,148.1999969482422,8216951
2026-09-04,148.5,149.0,146.8000030517578,148.6999969482422,8606104
2026-09-08,149.39999389648438,155.5,148.89999389648438,155.5,14251517
2026-09-09,154.8000030517578,156.8000030517578,152.5,154.6999969482422,14789849
2026-09-10,155.1999969482422,155.8000030517578,151.6999969482422,153.3000030517578,6600830
2026-09-11,153.10000610351562,156.0,152.1999969482422,154.1999969482422,9917093
2026-09-14,153.6999969482422,160.0,151.10000610351562,156.60000610351562,16567528
2026-09-15,156.60000610351562,156.60000610351562,149.6999969482422,150.0,9259141
2026-09-16,150.10000610351562,150.3000030517578,140.5,145.1999969482422,16413278
