Date,Open,High,Low,Close,Volume
2021-09-17,8.350000381469727,8.420000076293945,8.260000228881836,8.329999923706055,36325844
2021-09-20,8.239999771118164,8.3100004196167,8.15999984741211,8.199999809265137,60264831
2021-09-21,8.25,8.319999694824219,8.130000114440918,8.170000076293945,66373982
2021-09-22,8.210000038146973,8.220000267028809,8.0600004196167,8.180000305175781,62246507
2021-09-23,8.170000076293945,8.25,8.09000015258789,8.239999771118164,75240581
2021-09-24,8.210000038146973,8.229999542236328,8.109999656677246,8.1899995803833,77116097
2021-09-27,8.229999542236328,8.260000228881836,8.119999885559082,8.15999984741211,63342805
2021-09-28,8.15999984741211,8.180000305175781,7.989999771118164,8.020000457763672,80086986
2021-09-29,8.0600004196167,8.170000076293945,8.010000228881836,8.170000076293945,67935974
2021-09-30,8.180000305175781,8.25,8.15999984741211,8.1899995803833,115373121
2021-10-01,8.130000114440918,8.279999732971191,8.130000114440918,8.1899995803833,115494243
2021-10-04,8.199999809265137,8.25,8.140000343322754,8.140000343322754,59677765
2021-10-05,8.149999618530273,8.210000038146973,8.09000015258789,8.100000381469727,68594304
2021-10-06,8.079999923706055,8.079999923706055,7.889999866485596,7.909999847412109,95755951
2021-10-07,7.96999979019165,8.050000190734863,7.960000038146973,8.020000457763672,61522468
2021-10-08,8.020000457763672,8.079999923706055,8.0,8.020000457763672,57804095
2021-10-11,8.029999732971191,8.140000343322754,8.029999732971191,8.119999885559082,68168905
2021-10-12,8.079999923706055,8.140000343322754,8.0600004196167,8.119999885559082,51421979
2021-10-13,8.140000343322754,8.25,8.109999656677246,8.130000114440918,76538562
2021-10-14,8.130000114440918,8.180000305175781,8.069999694824219,8.109999656677246,56851433
2021-10-15,8.130000114440918,8.180000305175781,7.980000019073486,8.0600004196167,74732526
2021-10-18,8.050000190734863,8.180000305175781,8.039999961853027,8.15999984741211,112185457
2021-10-19,8.1899995803833,8.210000038146973,8.119999885559082,8.149999618530273,66054237
2021-10-20,8.170000076293945,8.210000038146973,8.130000114440918,8.15999984741211,52428314
2021-10-21,8.170000076293945,8.359999656677246,8.079999923706055,8.359999656677246,134571653
2021-10-22,8.369999885559082,8.59000015258789,8.350000381469727,8.539999961853027,129246873
2021-10-25,8.489999771118164,8.670000076293945,8.479999542236328,8.579999923706055,112945257
2021-10-26,8.619999885559082,8.75,8.609999656677246,8.75,76705165
2021-10-27,8.75,8.789999961853027,8.649999618530273,8.779999732971191,73880165
2021-10-28,8.760000228881836,8.760000228881836,8.619999885559082,8.65999984741211,46501729
2021-11-01,8.5600004196167,8.569999694824219,8.369999885559082,8.529999732971191,128122281
2021-11-02,8.550000190734863,8.65999984741211,8.520000457763672,8.619999885559082,103586574
2021-11-03,8.640000343322754,8.8100004196167,8.479999542236328,8.75,149014713
2021-11-04,8.84000015258789,8.890000343322754,8.760000228881836,8.880000114440918,75397092
2021-11-05,8.890000343322754,8.890000343322754,8.800000190734863,8.8100004196167,38014187
2021-11-08,8.829999923706055,8.979999542236328,8.8100004196167,8.970000267028809,95171382
2021-11-09,8.979999542236328,9.4399995803833,8.9399995803833,9.289999961853027,218094037
2021-11-10,9.300000190734863,9.600000381469727,9.180000305175781,9.569999694824219,184440307
2021-11-11,9.539999961853027,9.670000076293945,9.380000114440918,9.470000267028809,139665578
2021-11-12,9.529999732971191,9.640000343322754,9.479999542236328,9.5600004196167,76923380
2021-11-15,9.670000076293945,10.010000228881836,9.630000114440918,9.9399995803833,141344934
2021-11-16,9.949999809265137,10.09000015258789,9.859999656677246,9.960000038146973,125071528
2021-11-17,9.979999542236328,10.4399995803833,9.979999542236328,10.420000076293945,186793894
2021-11-18,10.460000038146973,11.350000381469727,10.380000114440918,11.109999656677246,222175872
2021-11-19,11.350000381469727,11.380000114440918,11.0600004196167,11.25,120570981
2021-11-22,11.350000381469727,11.40999984741211,10.970000267028809,11.210000038146973,136296331
2021-11-23,11.289999961853027,12.09000015258789,11.25,11.949999809265137,280929646
2021-11-24,12.210000038146973,12.520000457763672,11.699999809265137,11.989999771118164,193692425
2021-11-25,11.989999771118164,12.149999618530273,11.779999732971191,11.920000076293945,98192110
2021-11-26,11.8100004196167,12.119999885559082,11.770000457763672,11.9399995803833,132574915
2021-11-29,12.050000190734863,12.300000190734863,11.979999542236328,12.289999961853027,118088113
2021-11-30,12.279999732971191,12.550000190734863,12.119999885559082,12.550000190734863,110856227
2021-12-01,12.640000343322754,13.359999656677246,12.640000343322754,12.970000267028809,188545667
2021-12-02,12.979999542236328,13.399999618530273,12.979999542236328,13.319999694824219,102334290
2021-12-03,13.369999885559082,13.449999809265137,13.220000267028809,13.25,92674745
2021-12-06,13.279999732971191,13.609999656677246,13.069999694824219,13.34000015258789,219535756
2021-12-07,13.550000190734863,14.670000076293945,13.510000228881836,14.670000076293945,364107057
2021-12-08,15.039999961853027,15.329999923706055,14.460000038146973,14.890000343322754,311215398
2021-12-09,14.90999984741211,16.1299991607666,14.819999694824219,15.399999618530273,315147756
2021-12-10,15.510000228881836,15.8100004196167,15.329999923706055,15.789999961853027,171920611
2021-12-13,16.079999923706055,16.520000457763672,16.049999237060547,16.139999389648438,160374896
2021-12-14,16.489999771118164,16.610000610351562,16.219999313354492,16.59000015258789,140131039
2021-12-15,16.8799991607666,16.920000076293945,16.079999923706055,16.229999542236328,174262939
2021-12-16,16.3799991607666,17.709999084472656,16.239999771118164,17.709999084472656,388241002
2021-12-17,18.25,18.81999969482422,15.9399995803833,15.9399995803833,249889448
2021-12-20,15.399999618530273,17.059999465942383,14.600000381469727,16.3799991607666,212211372
2021-12-21,15.600000381469727,15.600000381469727,14.75,14.75,142424977
2021-12-22,13.979999542236328,14.40999984741211,13.279999732971191,13.279999732971191,240668600
2021-12-23,13.329999923706055,13.539999961853027,12.279999732971191,12.890000343322754,234220869
2021-12-24,13.0,13.899999618530273,12.899999618530273,13.800000190734863,196305344
2021-12-27,13.84000015258789,14.149999618530273,13.460000038146973,13.550000190734863,112693990
2021-12-28,13.8100004196167,14.020000457763672,13.229999542236328,13.40999984741211,112427341
2021-12-29,13.399999618530273,13.979999542236328,13.3100004196167,13.850000381469727,105231417
2021-12-30,14.100000381469727,14.229999542236328,13.470000267028809,13.470000267028809,97252376
2021-12-31,13.470000267028809,13.8100004196167,13.369999885559082,13.380000114440918,80066454
2022-01-03,13.430000305175781,13.880000114440918,13.329999923706055,13.859999656677246,74767648
2022-01-04,14.199999809265137,14.5,13.859999656677246,14.260000228881836,109298150
2022-01-05,14.260000228881836,14.529999732971191,13.989999771118164,14.40999984741211,94910676
2022-01-06,14.260000228881836,14.989999771118164,14.220000267028809,14.850000381469727,150046155
2022-01-07,14.920000076293945,15.0600004196167,14.579999923706055,14.859999656677246,117626428
2022-01-10,14.949999809265137,15.270000457763672,14.899999618530273,14.899999618530273,127544599
2022-01-11,15.020000457763672,15.210000038146973,14.649999618530273,14.760000228881836,107501386
2022-01-12,14.949999809265137,15.539999961853027,14.880000114440918,15.1899995803833,231766190
2022-01-13,15.029999732971191,15.399999618530273,14.920000076293945,15.050000190734863,135953188
2022-01-14,15.050000190734863,15.260000228881836,14.899999618530273,15.069999694824219,99064447
2022-01-17,15.100000381469727,15.199999809265137,14.920000076293945,14.920000076293945,70938576
2022-01-18,14.920000076293945,15.0600004196167,14.180000305175781,14.180000305175781,78196477
2022-01-19,14.079999923706055,14.399999618530273,13.609999656677246,14.220000267028809,211124648
2022-01-20,14.34000015258789,14.399999618530273,13.630000114440918,13.789999961853027,137682126
2022-01-21,13.779999732971191,14.079999923706055,13.609999656677246,13.920000076293945,126036572
2022-01-24,13.800000190734863,13.890000343322754,13.039999961853027,13.050000190734863,82223914
2022-01-25,13.109999656677246,13.569999694824219,12.779999732971191,13.359999656677246,75575020
2022-01-26,13.390000343322754,13.550000190734863,13.279999732971191,13.359999656677246,47253443
2022-01-27,13.260000228881836,13.8100004196167,13.100000381469727,13.8100004196167,61246010
2022-01-28,13.90999984741211,14.0600004196167,13.529999732971191,13.5600004196167,53226288
2022-01-31,13.729999542236328,13.970000267028809,13.640000343322754,13.800000190734863,44995847
2022-02-01,13.819999694824219,14.239999771118164,13.789999961853027,14.130000114440918,91283129
2022-02-02,14.359999656677246,14.399999618530273,13.84000015258789,13.920000076293945,100568802
2022-02-03,13.890000343322754,14.020000457763672,13.390000343322754,13.550000190734863,66651093
2022-02-04,13.75,13.770000457763672,13.300000190734863,13.390000343322754,50503888
2022-02-07,13.369999885559082,13.829999923706055,13.1899995803833,13.819999694824219,90476203
2022-02-08,13.779999732971191,14.180000305175781,13.670000076293945,14.109999656677246,132211933
2022-02-09,14.399999618530273,14.460000038146973,14.1899995803833,14.260000228881836,194015445
2022-02-10,14.270000457763672,14.319999694824219,13.920000076293945,13.920000076293945,125314899
2022-02-11,13.829999923706055,13.949999809265137,13.539999961853027,13.869999885559082,109692588
2022-02-14,13.579999923706055,13.600000381469727,13.279999732971191,13.34000015258789,100558239
2022-02-15,13.350000381469727,13.680000305175781,13.350000381469727,13.470000267028809,86943189
2022-02-16,13.539999961853027,13.640000343322754,13.4399995803833,13.470000267028809,72336175
2022-02-17,13.510000228881836,13.550000190734863,13.069999694824219,13.079999923706055,87313836
2022-02-18,13.199999809265137,13.329999923706055,13.100000381469727,13.289999961853027,56876088
2022-02-21,13.399999618530273,13.470000267028809,13.149999618530273,13.199999809265137,69019896
2022-02-22,12.920000076293945,13.109999656677246,12.779999732971191,12.970000267028809,72731009
2022-02-23,13.029999732971191,13.25,12.859999656677246,12.869999885559082,73439229
2022-02-24,11.699999809265137,12.149999618530273,11.59000015258789,11.739999771118164,83971310
2022-02-25,11.970000267028809,12.579999923706055,11.960000038146973,12.300000190734863,81550011
2022-02-28,11.869999885559082,12.40999984741211,11.829999923706055,12.380000114440918,83870669
2022-03-01,12.520000457763672,12.609999656677246,12.180000305175781,12.210000038146973,60441872
2022-03-02,12.180000305175781,12.380000114440918,12.010000228881836,12.079999923706055,59304219
2022-03-03,12.1899995803833,12.520000457763672,12.109999656677246,12.239999771118164,100623429
2022-03-04,12.119999885559082,12.25,12.039999961853027,12.0600004196167,62060327
2022-03-07,12.010000228881836,12.25,11.8100004196167,12.140000343322754,67247245
2022-03-08,12.0,13.0,11.970000267028809,12.90999984741211,186828292
2022-03-09,13.100000381469727,13.600000381469727,12.949999809265137,13.100000381469727,153382348
2022-03-10,13.239999771118164,13.430000305175781,13.010000228881836,13.15999984741211,103076185
2022-03-11,13.180000305175781,13.729999542236328,13.180000305175781,13.529999732971191,169548031
2022-03-14,13.649999618530273,14.0,13.640000343322754,13.84000015258789,100151464
2022-03-15,13.84000015258789,13.869999885559082,13.4399995803833,13.59000015258789,95252981
2022-03-16,13.699999809265137,13.739999771118164,13.420000076293945,13.460000038146973,52046817
2022-03-17,13.5600004196167,13.829999923706055,13.550000190734863,13.710000038146973,84744619
2022-03-18,13.729999542236328,13.789999961853027,13.619999885559082,13.65999984741211,43072861
2022-03-21,13.729999542236328,14.100000381469727,13.699999809265137,14.100000381469727,104384646
2022-03-22,14.119999885559082,14.350000381469727,14.109999656677246,14.350000381469727,83924391
2022-03-23,14.4399995803833,14.4399995803833,14.119999885559082,14.149999618530273,66757832
2022-03-24,14.170000076293945,14.550000190734863,14.149999618530273,14.3100004196167,133293051
2022-03-25,14.359999656677246,14.479999542236328,14.229999542236328,14.239999771118164,56202717
2022-03-28,14.260000228881836,14.420000076293945,14.199999809265137,14.199999809265137,56789211
2022-03-29,14.289999961853027,15.15999984741211,14.279999732971191,15.100000381469727,184622912
2022-03-30,15.300000190734863,15.510000228881836,15.079999923706055,15.130000114440918,91219237
2022-03-31,15.15999984741211,15.470000267028809,15.149999618530273,15.210000038146973,92108296
2022-04-01,15.149999618530273,15.4399995803833,15.029999732971191,15.369999885559082,102675710
2022-04-04,15.539999961853027,16.350000381469727,15.539999961853027,16.270000457763672,169380357
2022-04-05,16.299999237060547,16.81999969482422,16.1200008392334,16.540000915527344,177547546
2022-04-06,16.56999969482422,16.68000030517578,16.239999771118164,16.299999237060547,99461599
2022-04-07,16.3799991607666,16.790000915527344,16.360000610351562,16.68000030517578,110051500
2022-04-08,16.790000915527344,17.049999237060547,16.700000762939453,16.899999618530273,92623917
2022-04-11,16.860000610351562,17.239999771118164,16.75,17.059999465942383,136637245
2022-04-12,17.18000030517578,17.3700008392334,16.93000030517578,17.270000457763672,164535578
2022-04-13,17.440000534057617,18.0,17.149999618530273,17.360000610351562,187975675
2022-04-14,17.510000228881836,17.59000015258789,17.200000762939453,17.350000381469727,109503712
2022-04-15,17.350000381469727,17.510000228881836,17.270000457763672,17.420000076293945,74200466
2022-04-18,17.479999542236328,18.09000015258789,17.479999542236328,18.06999969482422,129412668
2022-04-19,18.149999618530273,18.18000030517578,17.649999618530273,17.969999313354492,124627717
2022-04-20,18.049999237060547,18.450000762939453,17.809999465942383,18.15999984741211,157147221
2022-04-21,18.15999984741211,18.3700008392334,18.100000381469727,18.280000686645508,80184987
2022-04-22,18.200000762939453,18.760000228881836,17.610000610351562,17.829999923706055,171136743
2022-04-25,17.700000762939453,18.09000015258789,17.420000076293945,17.93000030517578,128581900
2022-04-26,18.059999465942383,18.190000534057617,17.520000457763672,17.610000610351562,120131522
2022-04-27,17.579999923706055,17.90999984741211,17.329999923706055,17.81999969482422,125672091
2022-04-28,17.899999618530273,18.239999771118164,17.65999984741211,17.709999084472656,84766805
2022-04-29,17.790000915527344,18.15999984741211,17.700000762939453,18.1200008392334,93196075
2022-05-05,18.350000381469727,18.959999084472656,18.260000228881836,18.809999465942383,175235260
2022-05-06,18.790000915527344,19.920000076293945,18.719999313354492,19.389999389648438,283485271
2022-05-09,19.459999084472656,19.75,19.260000228881836,19.260000228881836,147828782
2022-05-10,19.469999313354492,19.649999618530273,19.31999969482422,19.6299991607666,40605304
2022-05-11,20.100000381469727,20.239999771118164,19.5,19.959999084472656,168565413
2022-05-12,19.610000610351562,19.809999465942383,19.06999969482422,19.600000381469727,192621936
2022-05-13,19.90999984741211,20.059999465942383,19.639999389648438,19.709999084472656,108310936
2022-05-16,19.68000030517578,19.780000686645508,19.280000686645508,19.299999237060547,79425120
2022-05-17,19.549999237060547,20.200000762939453,19.450000762939453,19.90999984741211,146053339
2022-05-18,19.90999984741211,20.200000762939453,19.81999969482422,19.90999984741211,115136055
2022-05-20,19.8799991607666,20.079999923706055,19.420000076293945,19.420000076293945,94718457
2022-05-23,19.5,19.520000457763672,18.920000076293945,19.350000381469727,108705715
2022-05-24,19.649999618530273,20.059999465942383,19.559999465942383,19.81999969482422,115258327
2022-05-25,19.920000076293945,21.059999465942383,19.790000915527344,21.040000915527344,152055067
2022-05-26,20.979999542236328,21.280000686645508,20.6200008392334,20.899999618530273,129672064
2022-05-27,20.940000534057617,21.100000381469727,20.260000228881836,20.399999618530273,92616986
2022-05-30,20.6200008392334,21.139999389648438,20.600000381469727,21.059999465942383,117456007
2022-05-31,20.700000762939453,21.020000457763672,20.260000228881836,20.979999542236328,132212361
2022-06-01,20.979999542236328,21.34000015258789,20.84000015258789,20.959999084472656,84817248
2022-06-02,21.0,21.139999389648438,20.739999771118164,21.020000457763672,81176460
2022-06-03,21.059999465942383,21.200000762939453,20.700000762939453,20.81999969482422,57572442
2022-06-06,20.920000076293945,21.8799991607666,20.899999618530273,21.8799991607666,124778498
2022-06-07,21.940000534057617,23.1200008392334,21.739999771118164,23.079999923706055,136027689
2022-06-08,23.239999771118164,23.540000915527344,21.600000381469727,21.860000610351562,172301267
2022-06-09,21.899999618530273,23.0,21.639999389648438,22.959999084472656,159658298
2022-06-10,22.399999618530273,22.899999618530273,22.040000915527344,22.219999313354492,94926888
2022-06-13,22.200000762939453,22.559999465942383,21.799999237060547,22.15999984741211,100589883
2022-06-14,22.280000686645508,22.34000015258789,21.520000457763672,21.940000534057617,99588879
2022-06-15,22.059999465942383,22.200000762939453,21.479999542236328,21.799999237060547,100046135
2022-06-16,21.81999969482422,21.959999084472656,20.959999084472656,21.059999465942383,86816475
2022-06-17,21.079999923706055,22.040000915527344,21.079999923706055,21.899999618530273,97453584
2022-06-20,22.040000915527344,22.459999084472656,21.719999313354492,22.399999618530273,92714085
2022-06-21,22.860000610351562,22.899999618530273,22.479999542236328,22.6200008392334,89422987
2022-06-22,22.360000610351562,22.520000457763672,22.18000030517578,22.200000762939453,79881911
2022-06-23,22.100000381469727,22.34000015258789,21.559999465942383,21.559999465942383,76806887
2022-06-24,21.700000762939453,22.0,21.239999771118164,21.760000228881836,86195342
2022-06-27,20.760000228881836,22.079999923706055,20.739999771118164,21.799999237060547,86175470
2022-06-28,21.780000686645508,22.15999984741211,21.059999465942383,21.420000076293945,86630756
2022-06-29,21.420000076293945,21.600000381469727,20.520000457763672,20.68000030517578,91638275
2022-06-30,21.15999984741211,21.719999313354492,20.799999237060547,21.5,164923100
2022-07-01,21.360000610351562,21.540000915527344,21.040000915527344,21.34000015258789,91945567
2022-07-04,21.399999618530273,21.979999542236328,21.18000030517578,21.200000762939453,83387919
2022-07-05,21.280000686645508,21.360000610351562,20.899999618530273,21.0,83023372
2022-07-06,21.239999771118164,21.3799991607666,20.600000381469727,21.360000610351562,93234070
2022-07-07,21.34000015258789,21.68000030517578,21.200000762939453,21.420000076293945,57734259
2022-07-08,21.399999618530273,21.8799991607666,21.360000610351562,21.520000457763672,29569533
2022-07-13,21.540000915527344,21.579999923706055,20.68000030517578,20.81999969482422,59376737
2022-07-14,20.760000228881836,20.959999084472656,20.34000015258789,20.34000015258789,62617575
2022-07-18,20.799999237060547,20.84000015258789,20.399999618530273,20.65999984741211,77791715
2022-07-19,20.600000381469727,21.219999313354492,20.559999465942383,21.18000030517578,90242533
2022-07-20,21.5,21.780000686645508,21.040000915527344,21.18000030517578,91449815
2022-07-21,21.18000030517578,21.360000610351562,21.059999465942383,21.139999389648438,76215107
2022-07-22,21.219999313354492,21.600000381469727,20.739999771118164,20.940000534057617,98015064
2022-07-25,20.8799991607666,21.31999969482422,20.8799991607666,21.239999771118164,85388462
2022-07-26,21.299999237060547,21.34000015258789,20.940000534057617,21.040000915527344,57934892
2022-07-27,21.139999389648438,21.239999771118164,21.040000915527344,21.139999389648438,52918297
2022-07-28,21.280000686645508,21.68000030517578,21.200000762939453,21.239999771118164,91334960
2022-07-29,21.31999969482422,21.959999084472656,21.200000762939453,21.81999969482422,88010912
2022-08-01,22.100000381469727,23.1200008392334,22.079999923706055,23.100000381469727,143583952
2022-08-02,23.100000381469727,23.100000381469727,22.559999465942383,22.860000610351562,112755080
2022-08-03,23.360000610351562,23.760000228881836,23.139999389648438,23.280000686645508,125212806
2022-08-04,23.540000915527344,24.1200008392334,23.440000534057617,23.760000228881836,116813425
2022-08-05,23.940000534057617,24.0,23.299999237060547,23.399999618530273,81482877
2022-08-08,23.5,24.100000381469727,23.5,23.899999618530273,86976280
2022-08-09,23.899999618530273,23.899999618530273,23.440000534057617,23.579999923706055,59287638
2022-08-10,23.5,24.020000457763672,23.5,24.0,69355342
2022-08-11,24.200000762939453,24.68000030517578,24.100000381469727,24.239999771118164,81739943
2022-08-12,24.360000610351562,24.5,23.8799991607666,24.219999313354492,82496313
2022-08-15,24.280000686645508,24.3799991607666,23.559999465942383,23.700000762939453,55475846
2022-08-16,23.799999237060547,23.899999618530273,22.719999313354492,23.899999618530273,97576427
2022-08-17,24.040000915527344,24.31999969482422,23.68000030517578,24.260000228881836,128475400
2022-08-18,24.299999237060547,25.68000030517578,24.079999923706055,25.5,224423881
2022-08-19,25.479999542236328,26.059999465942383,25.299999237060547,25.719999313354492,151109063
2022-08-22,25.600000381469727,25.8799991607666,25.260000228881836,25.3799991607666,111505461
2022-08-23,25.399999618530273,26.040000915527344,25.399999618530273,25.6200008392334,125099526
2022-08-24,25.719999313354492,25.860000610351562,24.440000534057617,24.5,110434455
2022-08-25,24.700000762939453,25.139999389648438,24.479999542236328,24.84000015258789,114619388
2022-08-26,24.940000534057617,25.299999237060547,24.100000381469727,24.5,133753951
2022-08-29,24.399999618530273,24.959999084472656,24.18000030517578,24.81999969482422,86005432
2022-08-31,25.100000381469727,25.200000762939453,24.68000030517578,24.780000686645508,92058536
2022-09-01,24.5,24.600000381469727,23.860000610351562,23.899999618530273,107590848
2022-09-02,24.059999465942383,25.0,23.920000076293945,24.959999084472656,106523714
2022-09-05,25.0,26.040000915527344,24.8799991607666,25.739999771118164,200164965
2022-09-06,26.100000381469727,26.799999237060547,25.31999969482422,25.540000915527344,224172979
2022-09-07,25.520000457763672,26.479999542236328,25.239999771118164,26.280000686645508,206405250
2022-09-08,26.579999923706055,26.84000015258789,25.719999313354492,25.899999618530273,132320490
2022-09-09,26.15999984741211,26.920000076293945,26.040000915527344,26.200000762939453,216726439
2022-09-12,26.5,28.100000381469727,26.260000228881836,28.0,239475320
2022-09-13,28.260000228881836,28.299999237060547,26.200000762939453,26.200000762939453,160059693
2022-09-14,26.100000381469727,26.540000915527344,25.559999465942383,26.540000915527344,115471852
2022-09-15,26.760000228881836,27.639999389648438,26.459999084472656,26.65999984741211,119640901
2022-09-16,26.639999389648438,27.200000762939453,26.579999923706055,27.059999465942383,81894244
2022-09-19,27.239999771118164,27.600000381469727,25.5,25.5,64313776
2022-09-20,26.020000457763672,27.639999389648438,25.360000610351562,27.639999389648438,84819813
2022-09-21,27.360000610351562,27.559999465942383,26.559999465942383,26.860000610351562,71732906
2022-09-22,26.860000610351562,27.940000534057617,26.739999771118164,27.520000457763672,122347072
2022-09-23,27.579999923706055,27.780000686645508,27.0,27.15999984741211,62686961
2022-09-26,27.15999984741211,27.520000457763672,26.31999969482422,26.540000915527344,60518106
2022-09-27,26.579999923706055,27.0,26.459999084472656,26.6200008392334,60340363
2022-09-28,26.399999618530273,26.719999313354492,25.959999084472656,26.040000915527344,51684051
2022-09-29,26.1200008392334,26.399999618530273,24.440000534057617,25.700000762939453,60852731
2022-09-30,25.639999389648438,25.84000015258789,25.1200008392334,25.420000076293945,43359126
2022-10-03,25.479999542236328,27.3799991607666,25.459999084472656,27.139999389648438,80196820
2022-10-04,27.399999618530273,27.920000076293945,27.020000457763672,27.360000610351562,86549862
2022-10-05,27.479999542236328,28.3799991607666,26.959999084472656,28.360000610351562,104686011
2022-10-06,28.700000762939453,29.719999313354492,28.5,29.459999084472656,166438698
2022-10-07,29.459999084472656,30.260000228881836,28.84000015258789,29.760000228881836,144523661
2022-10-10,29.84000015258789,30.420000076293945,29.65999984741211,30.040000915527344,78255830
2022-10-11,30.079999923706055,30.219999313354492,29.399999618530273,29.420000076293945,62702717
2022-10-12,29.3799991607666,29.459999084472656,28.34000015258789,28.559999465942383,81161962
2022-10-13,28.579999923706055,28.979999542236328,28.280000686645508,28.440000534057617,66291227
2022-10-14,29.0,29.540000915527344,28.940000534057617,29.260000228881836,80753152
2022-10-17,29.399999618530273,31.280000686645508,29.360000610351562,31.200000762939453,127119335
2022-10-18,31.459999084472656,31.65999984741211,30.700000762939453,31.100000381469727,86086672
2022-10-19,31.219999313354492,31.479999542236328,30.65999984741211,30.68000030517578,77931585
2022-10-20,30.700000762939453,31.799999237060547,30.65999984741211,31.360000610351562,100177945
2022-10-21,31.3799991607666,32.119998931884766,30.8799991607666,32.0,112712273
2022-10-24,32.15999984741211,33.02000045776367,31.860000610351562,32.459999084472656,95947233
2022-10-25,32.540000915527344,34.08000183105469,32.5,33.81999969482422,130509261
2022-10-26,33.939998626708984,34.18000030517578,33.279998779296875,34.0,85762348
2022-10-27,34.02000045776367,34.29999923706055,33.099998474121094,33.29999923706055,77777380
2022-10-28,33.18000030517578,33.36000061035156,32.279998779296875,32.540000915527344,45468187
2022-10-31,32.68000030517578,33.34000015258789,32.380001068115234,33.220001220703125,74154386
2022-11-01,33.220001220703125,34.15999984741211,32.86000061035156,32.97999954223633,104505228
2022-11-02,33.060001373291016,33.540000915527344,32.400001525878906,32.81999969482422,68964372
2022-11-03,32.7599983215332,33.2599983215332,32.52000045776367,32.939998626708984,54986356
2022-11-04,33.02000045776367,33.900001525878906,33.0,33.63999938964844,90027010
2022-11-07,33.86000061035156,35.099998474121094,33.79999923706055,34.91999816894531,90375448
2022-11-08,35.08000183105469,35.47999954223633,34.380001068115234,34.599998474121094,81908348
2022-11-09,34.58000183105469,35.099998474121094,34.119998931884766,34.2400016784668,82075155
2022-11-10,34.29999923706055,35.79999923706055,34.279998779296875,35.63999938964844,80776058
2022-11-11,35.900001525878906,36.459999084472656,35.0,35.31999969482422,76876469
2022-11-14,35.29999923706055,36.18000030517578,34.959999084472656,36.0,55983286
2022-11-15,36.279998779296875,36.900001525878906,35.380001068115234,35.880001068115234,90767711
2022-11-16,35.91999816894531,36.65999984741211,34.880001068115234,35.15999984741211,116646582
2022-11-17,35.15999984741211,35.20000076293945,33.41999816894531,34.040000915527344,74002860
2022-11-18,33.900001525878906,34.939998626708984,33.900001525878906,34.65999984741211,55763717
2022-11-21,34.84000015258789,35.7400016784668,34.439998626708984,35.7400016784668,57817210
2022-11-22,35.939998626708984,37.34000015258789,35.79999923706055,37.34000015258789,88390747
2022-11-23,37.41999816894531,38.720001220703125,36.84000015258789,38.5,100985056
2022-11-24,38.619998931884766,39.29999923706055,37.91999816894531,38.20000076293945,82629063
2022-11-25,38.20000076293945,39.959999084472656,37.959999084472656,39.959999084472656,70307308
2022-11-28,40.099998474121094,40.68000030517578,39.84000015258789,40.31999969482422,72788034
2022-11-29,40.41999816894531,40.540000915527344,38.599998474121094,38.880001068115234,182622524
2022-11-30,39.279998779296875,39.91999816894531,38.959999084472656,39.099998474121094,126277561
2022-12-01,39.560001373291016,40.2400016784668,39.36000061035156,39.459999084472656,123277366
2022-12-02,39.540000915527344,39.84000015258789,38.400001525878906,38.779998779296875,68798604
2022-12-05,39.0,39.36000061035156,38.34000015258789,38.63999938964844,73662377
2022-12-06,38.599998474121094,40.65999984741211,38.459999084472656,40.36000061035156,134592664
2022-12-07,40.459999084472656,40.52000045776367,38.439998626708984,38.86000061035156,75482333
2022-12-08,38.86000061035156,39.18000030517578,37.959999084472656,38.79999923706055,66040083
2022-12-09,38.81999969482422,39.779998779296875,38.81999969482422,39.380001068115234,60862947
2022-12-12,39.619998931884766,40.900001525878906,39.619998931884766,40.08000183105469,86211920
2022-12-13,40.220001220703125,41.720001220703125,40.13999938964844,41.279998779296875,143659163
2022-12-14,41.439998626708984,41.65999984741211,39.34000015258789,39.34000015258789,110441061
2022-12-15,40.29999923706055,40.720001220703125,38.47999954223633,39.439998626708984,79422917
2022-12-16,39.459999084472656,40.18000030517578,39.29999923706055,39.5,27091074
2022-12-19,39.70000076293945,41.0,39.63999938964844,40.880001068115234,97834801
2022-12-20,41.900001525878906,42.2400016784668,41.20000076293945,41.7400016784668,100758770
2022-12-21,41.86000061035156,42.099998474121094,41.119998931884766,41.119998931884766,83371846
2022-12-22,41.36000061035156,41.65999984741211,40.400001525878906,40.7400016784668,57015178
2022-12-23,40.7400016784668,41.36000061035156,40.439998626708984,41.060001373291016,62863577
2022-12-26,41.540000915527344,42.0,41.400001525878906,41.68000030517578,49856045
2022-12-27,41.720001220703125,41.939998626708984,40.959999084472656,41.0,45093249
2022-12-28,41.0,41.779998779296875,40.13999938964844,41.68000030517578,81914737
2022-12-29,41.52000045776367,43.08000183105469,41.41999816894531,43.040000915527344,98903998
2022-12-30,43.29999923706055,43.84000015258789,42.79999923706055,42.91999816894531,80634004
2023-01-02,43.5,45.119998931884766,43.47999954223633,44.65999984741211,85563830
2023-01-03,44.84000015258789,46.65999984741211,44.7599983215332,46.099998474121094,115407088
2023-01-04,46.619998931884766,46.68000030517578,44.560001373291016,44.959999084472656,67681520
2023-01-05,45.20000076293945,45.279998779296875,42.939998626708984,43.540000915527344,53147247
2023-01-06,41.97999954223633,44.5,40.5,43.58000183105469,91879460
2023-01-09,43.91999816894531,44.63999938964844,41.52000045776367,41.880001068115234,75614635
2023-01-10,41.779998779296875,42.2599983215332,39.939998626708984,40.84000015258789,79324731
2023-01-11,40.86000061035156,41.599998474121094,38.20000076293945,38.220001220703125,75570773
2023-01-12,39.20000076293945,40.29999923706055,37.2400016784668,39.97999954223633,75234477
2023-01-13,40.0,40.86000061035156,39.34000015258789,39.779998779296875,77554163
2023-01-16,39.939998626708984,41.599998474121094,39.79999923706055,41.599998474121094,67397445
2023-01-17,41.70000076293945,43.7599983215332,41.52000045776367,43.7599983215332,81985379
2023-01-18,43.599998474121094,44.15999984741211,42.91999816894531,43.380001068115234,71554302
2023-01-19,43.29999923706055,44.720001220703125,43.0,44.36000061035156,83501008
2023-01-20,44.400001525878906,44.81999969482422,43.70000076293945,44.34000015258789,59217229
2023-01-23,44.36000061035156,44.5,42.29999923706055,42.720001220703125,87443608
2023-01-24,43.099998474121094,43.34000015258789,41.63999938964844,42.5,83452923
2023-01-25,42.7599983215332,43.20000076293945,40.08000183105469,41.959999084472656,86722803
2023-01-26,41.79999923706055,42.2400016784668,40.91999816894531,41.36000061035156,63753881
2023-01-27,41.13999938964844,42.2599983215332,40.2400016784668,41.84000015258789,105517444
2023-01-30,41.84000015258789,42.08000183105469,40.459999084472656,40.5,47399097
2023-01-31,40.400001525878906,41.119998931884766,39.439998626708984,39.540000915527344,80546022
2023-02-01,39.880001068115234,40.36000061035156,38.279998779296875,38.29999923706055,91321770
2023-02-02,38.5,40.31999969482422,37.779998779296875,39.880001068115234,152239235
2023-02-03,39.880001068115234,43.380001068115234,39.720001220703125,43.040000915527344,114739398
2023-02-06,41.0,42.7400016784668,40.0,42.63999938964844,30797114
2023-02-07,41.959999084472656,42.0,38.63999938964844,38.81999969482422,63046319
2023-02-08,36.52000045776367,36.52000045776367,36.52000045776367,36.52000045776367,2500
2023-02-15,41.20000076293945,42.70000076293945,40.5,42.70000076293945,26081928
2023-02-16,46.939998626708984,46.959999084472656,43.599998474121094,45.2599983215332,91437491
2023-02-17,44.400001525878906,45.81999969482422,43.939998626708984,44.900001525878906,48177337
2023-02-20,45.060001373291016,48.560001373291016,44.58000183105469,47.5,114083556
2023-02-21,47.41999816894531,49.7400016784668,46.70000076293945,46.70000076293945,96670800
2023-02-22,46.400001525878906,47.099998474121094,45.20000076293945,45.619998931884766,63075567
2023-02-23,45.400001525878906,46.119998931884766,44.81999969482422,45.7599983215332,43582133
2023-02-24,45.779998779296875,46.58000183105469,44.5,44.5,47490140
2023-02-27,44.5,46.060001373291016,43.400001525878906,46.060001373291016,59802516
2023-02-28,46.34000015258789,47.619998931884766,45.70000076293945,47.20000076293945,81255761
2023-03-01,47.34000015258789,48.7400016784668,47.29999923706055,48.7400016784668,60083594
2023-03-02,48.65999984741211,48.97999954223633,47.65999984741211,47.79999923706055,40809569
2023-03-03,47.5,48.2400016784668,45.20000076293945,46.959999084472656,59447725
2023-03-06,47.220001220703125,50.349998474121094,46.91999816894531,50.150001525878906,74211271
2023-03-07,50.20000076293945,50.349998474121094,48.81999969482422,48.81999969482422,58304992
2023-03-08,48.81999969482422,49.20000076293945,48.0,48.880001068115234,47206254
2023-03-09,49.459999084472656,49.65999984741211,48.20000076293945,48.220001220703125,42196910
2023-03-10,47.959999084472656,48.599998474121094,47.29999923706055,47.34000015258789,38561600
2023-03-13,47.81999969482422,48.47999954223633,46.040000915527344,46.2400016784668,51938727
2023-03-14,46.63999938964844,47.2599983215332,46.099998474121094,46.41999816894531,50136848
2023-03-15,46.5,46.939998626708984,45.31999969482422,45.97999954223633,50831334
2023-03-16,46.29999923706055,47.5,45.91999816894531,47.459999084472656,50974663
2023-03-17,47.560001373291016,47.81999969482422,45.959999084472656,45.959999084472656,45252213
2023-03-20,45.900001525878906,45.91999816894531,44.2599983215332,44.41999816894531,43294672
2023-03-21,44.439998626708984,45.099998474121094,43.720001220703125,43.880001068115234,45116361
2023-03-22,44.040000915527344,45.119998931884766,43.68000030517578,45.119998931884766,39164467
2023-03-23,44.91999816894531,45.720001220703125,44.58000183105469,45.720001220703125,37619413
2023-03-24,45.70000076293945,45.79999923706055,44.84000015258789,44.880001068115234,34671857
2023-03-27,45.02000045776367,45.18000030517578,44.040000915527344,44.040000915527344,33457771
2023-03-28,44.099998474121094,44.2400016784668,42.0,42.0,42150527
2023-03-29,41.79999923706055,43.099998474121094,41.599998474121094,42.97999954223633,55037268
2023-03-30,43.02000045776367,44.20000076293945,42.79999923706055,42.84000015258789,50970603
2023-03-31,42.5,43.400001525878906,42.220001220703125,42.31999969482422,45370803
2023-04-03,42.099998474121094,42.81999969482422,41.18000030517578,42.779998779296875,51225237
2023-04-04,42.779998779296875,45.099998474121094,42.52000045776367,45.02000045776367,57842294
2023-04-05,45.0,45.099998474121094,43.63999938964844,43.65999984741211,40826166
2023-04-06,43.720001220703125,43.959999084472656,42.0,43.18000030517578,30017254
2023-04-07,43.18000030517578,43.31999969482422,42.70000076293945,42.79999923706055,22933260
2023-04-10,43.0,44.5,43.0,44.41999816894531,35231676
2023-04-11,44.459999084472656,44.619998931884766,43.7599983215332,44.040000915527344,34166677
2023-04-12,44.040000915527344,44.959999084472656,44.040000915527344,44.400001525878906,41723777
2023-04-13,45.0,45.380001068115234,44.5,44.5,45162460
2023-04-14,44.540000915527344,44.900001525878906,43.900001525878906,43.939998626708984,27024629
2023-04-17,44.060001373291016,44.220001220703125,43.060001373291016,43.380001068115234,30923957
2023-04-18,43.29999923706055,43.68000030517578,42.220001220703125,42.279998779296875,36892117
2023-04-19,42.34000015258789,43.0,41.91999816894531,42.58000183105469,26951973
2023-04-20,42.41999816894531,42.459999084472656,41.97999954223633,42.0,10368834
2023-04-24,42.099998474121094,42.619998931884766,41.7599983215332,41.900001525878906,25878141
2023-04-25,42.02000045776367,42.20000076293945,40.5,40.7599983215332,29733332
2023-04-26,40.7599983215332,41.060001373291016,39.15999984741211,39.36000061035156,46233317
2023-04-27,39.20000076293945,39.65999984741211,38.540000915527344,38.599998474121094,44589629
2023-04-28,38.70000076293945,39.08000183105469,36.119998931884766,36.86000061035156,47454394
2023-05-02,36.91999816894531,37.779998779296875,36.459999084472656,36.70000076293945,48466032
2023-05-03,36.70000076293945,37.36000061035156,35.279998779296875,37.36000061035156,51089311
2023-05-04,37.119998931884766,38.36000061035156,37.08000183105469,37.31999969482422,37551380
2023-05-05,37.36000061035156,37.47999954223633,36.560001373291016,36.84000015258789,25905534
2023-05-08,37.220001220703125,38.52000045776367,37.0,38.400001525878906,50608571
2023-05-09,38.29999923706055,39.099998474121094,37.459999084472656,37.5,65974089
2023-05-10,37.68000030517578,37.720001220703125,36.7400016784668,36.7400016784668,61829418
2023-05-11,36.560001373291016,40.400001525878906,36.540000915527344,40.400001525878906,112656767
2023-05-12,40.599998474121094,41.47999954223633,39.36000061035156,39.86000061035156,78918388
2023-05-15,36.70000076293945,39.13999938964844,36.2599983215332,36.599998474121094,61160059
2023-05-16,36.70000076293945,38.099998474121094,36.70000076293945,38.099998474121094,51007255
2023-05-17,38.220001220703125,38.97999954223633,37.939998626708984,38.91999816894531,41520667
2023-05-18,38.900001525878906,39.31999969482422,37.279998779296875,37.380001068115234,35498052
2023-05-22,37.58000183105469,37.81999969482422,36.400001525878906,36.79999923706055,35183981
2023-05-23,36.79999923706055,36.959999084472656,36.29999923706055,36.36000061035156,26606896
2023-05-24,36.36000061035156,36.84000015258789,35.52000045776367,35.619998931884766,31326584
2023-05-25,35.7599983215332,36.040000915527344,35.29999923706055,35.58000183105469,25575245
2023-05-26,35.65999984741211,37.84000015258789,35.52000045776367,37.400001525878906,41638068
2023-05-29,38.08000183105469,40.13999938964844,37.79999923706055,39.79999923706055,60025278
2023-05-30,40.459999084472656,42.13999938964844,40.31999969482422,42.13999938964844,76208881
2023-05-31,42.099998474121094,42.119998931884766,40.29999923706055,40.36000061035156,68429851
2023-06-01,41.0,41.81999969482422,40.560001373291016,40.91999816894531,45468130
2023-06-02,42.0,42.18000030517578,41.08000183105469,41.68000030517578,54867744
2023-06-05,42.400001525878906,43.41999816894531,41.959999084472656,43.41999816894531,90731826
2023-06-06,43.380001068115234,43.619998931884766,42.459999084472656,42.880001068115234,71238915
2023-06-07,45.08000183105469,46.060001373291016,44.84000015258789,45.7400016784668,117108816
2023-06-08,45.29999923706055,45.5,44.29999923706055,45.0,61908136
2023-06-09,45.34000015258789,45.5,44.439998626708984,44.91999816894531,46044273
2023-06-12,45.18000030517578,45.63999938964844,44.34000015258789,44.34000015258789,65442669
2023-06-13,44.41999816894531,44.540000915527344,42.5,42.81999969482422,50780185
2023-06-14,42.84000015258789,43.5,41.599998474121094,41.599998474121094,46166478
2023-06-15,41.7599983215332,42.279998779296875,41.36000061035156,42.2599983215332,39317744
2023-06-16,42.400001525878906,43.13999938964844,42.220001220703125,42.2400016784668,50090585
2023-06-19,42.20000076293945,42.220001220703125,40.18000030517578,40.439998626708984,37496941
2023-06-20,40.2599983215332,40.79999923706055,39.779998779296875,40.119998931884766,35811410
2023-06-21,40.220001220703125,41.08000183105469,39.599998474121094,39.63999938964844,40431189
2023-06-22,39.79999923706055,43.20000076293945,39.2599983215332,43.18000030517578,77171995
2023-06-23,43.540000915527344,44.63999938964844,43.2599983215332,43.939998626708984,66018661
2023-06-26,44.099998474121094,44.84000015258789,43.959999084472656,44.599998474121094,53327678
2023-06-27,44.58000183105469,44.720001220703125,44.060001373291016,44.459999084472656,16930266
2023-07-03,45.2400016784668,46.41999816894531,45.2400016784668,46.29999923706055,75335018
2023-07-04,46.31999969482422,46.70000076293945,45.439998626708984,45.5,53836786
2023-07-05,45.560001373291016,46.279998779296875,44.41999816894531,46.18000030517578,72380646
2023-07-06,46.36000061035156,47.540000915527344,46.36000061035156,46.70000076293945,92398223
2023-07-07,46.619998931884766,47.400001525878906,46.34000015258789,46.560001373291016,70073928
2023-07-10,47.099998474121094,47.36000061035156,46.720001220703125,46.81999969482422,58415669
2023-07-11,47.47999954223633,47.5,46.540000915527344,47.31999969482422,77864086
2023-07-12,47.34000015258789,47.400001525878906,46.58000183105469,46.70000076293945,60588367
2023-07-13,46.70000076293945,48.36000061035156,46.63999938964844,47.900001525878906,105605838
2023-07-14,48.119998931884766,49.400001525878906,47.619998931884766,49.220001220703125,104696553
2023-07-17,49.619998931884766,52.04999923706055,49.2599983215332,51.650001525878906,119245367
2023-07-18,51.75,52.349998474121094,48.959999084472656,48.959999084472656,89285116
2023-07-19,48.939998626708984,49.959999084472656,47.91999816894531,49.939998626708984,84612780
2023-07-20,50.20000076293945,50.75,48.70000076293945,49.959999084472656,94236299
2023-07-21,49.91999816894531,49.939998626708984,48.52000045776367,48.63999938964844,64121479
2023-07-24,48.720001220703125,49.060001373291016,47.58000183105469,47.91999816894531,66281938
2023-07-25,47.959999084472656,48.459999084472656,47.099998474121094,47.099998474121094,47726694
2023-07-26,47.099998474121094,48.70000076293945,47.040000915527344,48.70000076293945,56721464
2023-07-27,48.900001525878906,49.400001525878906,48.52000045776367,48.97999954223633,56965890
2023-07-28,49.5,50.349998474121094,49.099998474121094,49.939998626708984,91913448
2023-07-31,50.20000076293945,54.099998474121094,50.099998474121094,53.400001525878906,139732384
2023-08-01,53.20000076293945,53.849998474121094,52.04999923706055,52.25,80827217
2023-08-02,52.099998474121094,54.5,51.900001525878906,53.599998474121094,88956416
2023-08-03,53.849998474121094,54.95000076293945,52.599998474121094,52.650001525878906,73061150
2023-08-04,53.099998474121094,55.29999923706055,52.650001525878906,54.849998474121094,80341973
2023-08-07,53.54999923706055,54.54999923706055,52.900001525878906,53.20000076293945,82395846
2023-08-08,53.5,53.70000076293945,51.29999923706055,51.45000076293945,68144493
2023-08-09,51.599998474121094,52.650001525878906,50.849998474121094,51.900001525878906,72847479
2023-08-10,52.04999923706055,52.79999923706055,49.79999923706055,50.0,81301337
2023-08-11,50.0,52.04999923706055,49.63999938964844,51.75,63365158
2023-08-14,52.099998474121094,52.75,50.75,51.0,68454170
2023-08-15,51.04999923706055,51.70000076293945,49.720001220703125,51.0,46451346
2023-08-16,51.04999923706055,51.599998474121094,50.45000076293945,50.5,53519552
2023-08-17,50.599998474121094,52.099998474121094,50.25,51.54999923706055,74404667
2023-08-18,51.70000076293945,51.849998474121094,49.20000076293945,49.439998626708984,63925820
2023-08-21,49.36000061035156,51.29999923706055,49.0,50.75,80106045
2023-08-22,51.0,52.150001525878906,49.91999816894531,50.099998474121094,84897435
2023-08-23,50.5,52.150001525878906,50.04999923706055,50.45000076293945,117013589
2023-08-24,50.79999923706055,51.54999923706055,48.31999969482422,48.380001068115234,127589334
2023-08-25,48.52000045776367,51.79999923706055,48.119998931884766,51.29999923706055,97812519
2023-08-28,53.0,55.150001525878906,52.5,53.349998474121094,230782360
2023-08-29,53.349998474121094,54.650001525878906,52.0,52.400001525878906,119532427
2023-08-31,52.650001525878906,53.0,51.25,51.25,61504267
2023-09-01,51.5,52.150001525878906,51.150001525878906,51.650001525878906,54115950
2023-09-04,52.0,53.099998474121094,51.70000076293945,51.900001525878906,82529191
2023-09-05,51.900001525878906,54.0,51.70000076293945,53.79999923706055,124334282
2023-09-06,54.599998474121094,55.54999923706055,53.75,54.349998474121094,133401953
2023-09-07,54.650001525878906,55.20000076293945,53.650001525878906,54.45000076293945,77504596
2023-09-08,54.650001525878906,55.04999923706055,53.849998474121094,53.900001525878906,70597818
2023-09-11,54.099998474121094,55.099998474121094,53.599998474121094,54.599998474121094,113806982
2023-09-12,54.849998474121094,55.099998474121094,53.150001525878906,54.25,101909308
2023-09-13,54.650001525878906,57.04999923706055,54.599998474121094,55.25,185567699
2023-09-14,55.349998474121094,56.75,54.5,56.599998474121094,145857351
2023-09-15,56.79999923706055,56.95000076293945,54.5,54.54999923706055,83233870
2023-09-18,54.5,54.5,51.95000076293945,51.95000076293945,84779737
2023-09-19,52.0,52.650001525878906,51.400001525878906,52.04999923706055,75694083
2023-09-20,52.349998474121094,52.650001525878906,50.849998474121094,51.099998474121094,56149215
2023-09-21,50.599998474121094,53.25,50.349998474121094,52.95000076293945,77968287
2023-09-22,53.75,54.849998474121094,52.54999923706055,54.70000076293945,71728362
2023-09-25,54.79999923706055,55.95000076293945,54.400001525878906,55.20000076293945,72023618
2023-09-26,55.45000076293945,55.45000076293945,53.599998474121094,53.599998474121094,63791860
2023-09-27,54.150001525878906,55.04999923706055,53.599998474121094,54.099998474121094,64460449
2023-09-28,54.099998474121094,54.79999923706055,53.29999923706055,53.5,63053437
2023-09-29,53.75,54.849998474121094,53.599998474121094,54.650001525878906,92617501
2023-10-02,54.650001525878906,56.54999923706055,54.20000076293945,55.75,124970114
2023-10-03,55.849998474121094,57.45000076293945,55.650001525878906,56.5,89265313
2023-10-04,56.54999923706055,56.599998474121094,54.25,54.29999923706055,62235500
2023-10-05,54.400001525878906,55.20000076293945,53.0,54.79999923706055,99157255
2023-10-06,54.5,55.25,53.849998474121094,54.0,39891061
2023-10-09,53.04999923706055,54.04999923706055,52.349998474121094,52.349998474121094,65247400
2023-10-10,52.95000076293945,53.650001525878906,52.75,53.349998474121094,58866678
2023-10-11,54.599998474121094,54.900001525878906,52.70000076293945,52.95000076293945,66205902
2023-10-12,53.45000076293945,53.70000076293945,51.04999923706055,52.099998474121094,67780727
2023-10-13,52.099998474121094,52.54999923706055,51.650001525878906,51.900001525878906,47260538
2023-10-16,52.5,52.900001525878906,51.650001525878906,51.79999923706055,57327372
2023-10-17,51.900001525878906,52.79999923706055,51.75,52.75,47558876
2023-10-18,51.849998474121094,52.349998474121094,51.04999923706055,51.20000076293945,50807828
2023-10-19,51.349998474121094,51.79999923706055,50.20000076293945,50.75,38836689
2023-10-20,50.0,50.29999923706055,48.7400016784668,49.540000915527344,36340652
2023-10-23,50.099998474121094,50.54999923706055,49.13999938964844,50.04999923706055,45722513
2023-10-24,50.25,51.20000076293945,50.04999923706055,50.75,53776129
2023-10-25,50.95000076293945,51.54999923706055,47.400001525878906,47.41999816894531,52315159
2023-10-26,47.619998931884766,49.29999923706055,47.540000915527344,49.099998474121094,55196066
2023-10-27,49.20000076293945,49.91999816894531,48.29999923706055,49.540000915527344,36757674
2023-10-30,49.63999938964844,49.7400016784668,48.720001220703125,48.720001220703125,49040002
2023-10-31,49.0,49.279998779296875,47.119998931884766,47.34000015258789,36931052
2023-11-01,47.70000076293945,48.040000915527344,46.400001525878906,47.560001373291016,40558132
2023-11-02,47.79999923706055,48.2599983215332,47.560001373291016,47.63999938964844,32747658
2023-11-03,47.7599983215332,48.779998779296875,47.599998474121094,48.779998779296875,48695250
2023-11-06,49.099998474121094,49.65999984741211,49.099998474121094,49.36000061035156,29859286
2023-11-07,49.36000061035156,49.63999938964844,49.0,49.099998474121094,23286772
2023-11-08,49.36000061035156,49.959999084472656,48.599998474121094,48.79999923706055,26910853
2023-11-09,48.560001373291016,49.119998931884766,48.15999984741211,48.86000061035156,23314213
2023-11-10,48.86000061035156,49.099998474121094,48.29999923706055,48.439998626708984,18569449
2023-11-13,48.439998626708984,48.63999938964844,47.459999084472656,47.560001373291016,20801406
2023-11-14,47.70000076293945,48.58000183105469,47.36000061035156,48.459999084472656,23093605
2023-11-15,48.70000076293945,49.08000183105469,47.97999954223633,48.279998779296875,23562185
2023-11-16,48.279998779296875,49.18000030517578,48.2599983215332,49.0,27413150
2023-11-17,49.0,49.34000015258789,48.720001220703125,48.900001525878906,20816531
2023-11-20,49.18000030517578,49.81999969482422,49.099998474121094,49.599998474121094,32012831
2023-11-21,49.880001068115234,50.5,49.79999923706055,50.45000076293945,39745706
2023-11-22,50.400001525878906,50.650001525878906,49.84000015258789,50.150001525878906,24473160
2023-11-23,50.150001525878906,50.5,49.20000076293945,49.20000076293945,28695566
2023-11-24,49.18000030517578,49.65999984741211,48.7400016784668,49.36000061035156,25946686
2023-11-27,49.5,50.29999923706055,49.41999816894531,50.0,28682651
2023-11-28,50.0,50.349998474121094,49.720001220703125,50.0,27252134
2023-11-29,50.04999923706055,50.79999923706055,49.91999816894531,50.650001525878906,53371539
2023-11-30,50.54999923706055,50.75,49.2400016784668,49.2599983215332,43030628
2023-12-01,49.79999923706055,50.0,48.65999984741211,48.91999816894531,31149117
2023-12-04,49.02000045776367,49.31999969482422,48.380001068115234,48.959999084472656,22479137
2023-12-05,48.959999084472656,49.099998474121094,48.36000061035156,48.400001525878906,19856551
2023-12-06,48.41999816894531,48.880001068115234,46.900001525878906,46.900001525878906,29169011
2023-12-07,46.900001525878906,47.97999954223633,46.70000076293945,47.97999954223633,22941616
2023-12-08,47.97999954223633,48.119998931884766,47.29999923706055,47.439998626708984,16226067
2023-12-11,47.47999954223633,47.779998779296875,46.65999984741211,46.65999984741211,29176245
2023-12-12,46.7400016784668,47.18000030517578,46.29999923706055,46.939998626708984,26636207
2023-12-13,46.5,46.81999969482422,45.939998626708984,45.959999084472656,24766769
2023-12-14,46.47999954223633,47.540000915527344,46.02000045776367,47.29999923706055,26563829
2023-12-15,47.29999923706055,48.52000045776367,47.2400016784668,48.47999954223633,32914494
2023-12-18,48.0,48.279998779296875,47.20000076293945,47.36000061035156,24923388
2023-12-19,47.36000061035156,47.70000076293945,46.900001525878906,47.41999816894531,30501018
2023-12-20,47.41999816894531,47.63999938964844,46.7599983215332,46.97999954223633,20447898
2023-12-21,47.0,47.86000061035156,46.939998626708984,47.65999984741211,26761768
2023-12-22,47.599998474121094,47.81999969482422,46.380001068115234,46.380001068115234,23949416
2023-12-25,46.29999923706055,46.400001525878906,45.34000015258789,45.459999084472656,17756621
2023-12-26,45.79999923706055,46.36000061035156,45.380001068115234,45.720001220703125,22818754
2023-12-27,45.70000076293945,49.15999984741211,45.20000076293945,46.84000015258789,43209777
2023-12-28,46.84000015258789,47.65999984741211,46.560001373291016,46.70000076293945,33496615
2023-12-29,46.720001220703125,46.7599983215332,45.81999969482422,45.81999969482422,41093346
2024-01-02,46.060001373291016,46.34000015258789,45.97999954223633,46.15999984741211,34768842
2024-01-03,46.220001220703125,46.41999816894531,44.540000915527344,44.540000915527344,38588785
2024-01-04,44.599998474121094,45.5,44.599998474121094,45.5,28826480
2024-01-05,45.5,45.81999969482422,45.15999984741211,45.79999923706055,18805864
2024-01-08,46.34000015258789,48.02000045776367,46.31999969482422,47.97999954223633,49015706
2024-01-09,48.08000183105469,48.099998474121094,47.060001373291016,47.20000076293945,27863061
2024-01-10,47.18000030517578,48.459999084472656,47.13999938964844,48.459999084472656,34002721
2024-01-11,48.459999084472656,48.68000030517578,47.779998779296875,47.79999923706055,28943011
2024-01-12,47.560001373291016,48.36000061035156,46.91999816894531,47.7400016784668,41400436
2024-01-15,47.81999969482422,48.560001373291016,47.79999923706055,48.2400016784668,36297189
2024-01-16,48.7599983215332,48.97999954223633,48.34000015258789,48.540000915527344,30014905
2024-01-17,48.220001220703125,48.380001068115234,47.959999084472656,48.0,23914075
2024-01-18,48.220001220703125,48.47999954223633,47.81999969482422,47.81999969482422,23627570
2024-01-19,47.900001525878906,48.0,47.619998931884766,48.0,16686562
2024-01-22,47.959999084472656,48.400001525878906,47.65999984741211,47.81999969482422,19834609
2024-01-23,48.279998779296875,48.47999954223633,47.08000183105469,47.20000076293945,26129372
2024-01-24,47.31999969482422,48.18000030517578,47.040000915527344,47.720001220703125,26000487
2024-01-25,47.91999816894531,48.29999923706055,47.68000030517578,47.880001068115234,34795543
2024-01-26,47.91999816894531,49.15999984741211,47.84000015258789,49.119998931884766,50038292
2024-01-29,49.5,50.400001525878906,49.5,49.880001068115234,52207539
2024-01-30,50.0,50.099998474121094,49.2599983215332,49.41999816894531,28313729
2024-01-31,49.400001525878906,49.68000030517578,49.02000045776367,49.29999923706055,30589993
2024-02-01,49.29999923706055,51.0,49.29999923706055,50.54999923706055,68423144
2024-02-02,50.849998474121094,51.29999923706055,49.84000015258789,49.97999954223633,42380265
2024-02-05,50.150001525878906,50.650001525878906,49.97999954223633,50.0,33870796
2024-02-06,50.20000076293945,50.599998474121094,49.880001068115234,50.099998474121094,43232323
2024-02-07,50.20000076293945,51.20000076293945,50.150001525878906,50.25,63951176
2024-02-08,50.400001525878906,52.45000076293945,50.400001525878906,52.20000076293945,86005175
2024-02-09,52.45000076293945,52.70000076293945,51.400001525878906,51.849998474121094,46781825
2024-02-12,52.349998474121094,52.79999923706055,51.849998474121094,52.29999923706055,54335683
2024-02-13,52.400001525878906,52.5,50.95000076293945,51.0,43907691
2024-02-14,51.099998474121094,52.54999923706055,50.45000076293945,52.45000076293945,60712029
2024-02-15,52.54999923706055,53.45000076293945,52.5,52.900001525878906,60259745
2024-02-16,53.0,53.70000076293945,52.349998474121094,53.04999923706055,71409585
2024-02-19,53.349998474121094,54.599998474121094,52.29999923706055,52.54999923706055,70579329
2024-02-20,52.75,53.650001525878906,52.349998474121094,53.599998474121094,55470331
2024-02-21,53.79999923706055,53.79999923706055,52.29999923706055,52.599998474121094,49094780
2024-02-22,52.849998474121094,52.900001525878906,52.099998474121094,52.400001525878906,42111932
2024-02-23,52.5,53.04999923706055,52.04999923706055,52.349998474121094,41601534
2024-02-26,52.5,52.75,51.54999923706055,51.54999923706055,36703279
2024-02-27,51.54999923706055,51.599998474121094,50.599998474121094,50.70000076293945,35925009
2024-02-28,50.70000076293945,51.29999923706055,50.400001525878906,50.54999923706055,39336575
2024-02-29,50.70000076293945,51.650001525878906,50.70000076293945,51.150001525878906,80588037
2024-03-01,51.29999923706055,51.45000076293945,50.150001525878906,50.349998474121094,35041571
2024-03-04,50.900001525878906,52.0,50.5,50.79999923706055,109167669
2024-03-05,49.68000030517578,49.900001525878906,48.81999969482422,48.900001525878906,87147994
2024-03-06,48.900001525878906,49.099998474121094,47.900001525878906,47.900001525878906,44776959
2024-03-07,48.02000045776367,49.02000045776367,48.02000045776367,49.0,32124437
2024-03-08,49.0,49.18000030517578,48.599998474121094,49.040000915527344,34944898
2024-03-11,50.0,50.04999923706055,49.0,49.0,35662151
2024-03-12,49.02000045776367,49.13999938964844,47.97999954223633,48.08000183105469,22988992
2024-03-13,48.099998474121094,48.31999969482422,47.2400016784668,47.2400016784668,24471672
2024-03-14,47.29999923706055,47.880001068115234,47.119998931884766,47.779998779296875,21353551
2024-03-15,47.779998779296875,47.900001525878906,47.08000183105469,47.5,25246492
2024-03-18,47.5,47.720001220703125,46.880001068115234,46.880001068115234,20257523
2024-03-19,46.880001068115234,47.540000915527344,46.79999923706055,47.31999969482422,20203009
2024-03-20,47.29999923706055,47.68000030517578,46.939998626708984,47.08000183105469,24364141
2024-03-21,47.459999084472656,47.7400016784668,46.900001525878906,47.08000183105469,31165407
2024-03-22,47.20000076293945,48.560001373291016,47.08000183105469,47.7599983215332,41555855
2024-03-25,47.619998931884766,48.41999816894531,47.060001373291016,47.060001373291016,36416073
2024-03-26,47.060001373291016,47.2599983215332,45.52000045776367,45.560001373291016,30973420
2024-03-27,45.63999938964844,45.7599983215332,44.959999084472656,45.02000045776367,34335342
2024-03-28,45.099998474121094,45.720001220703125,45.099998474121094,45.47999954223633,32429382
2024-03-29,45.7400016784668,46.5,45.65999984741211,46.2400016784668,41154012
2024-04-01,47.619998931884766,47.81999969482422,45.81999969482422,46.439998626708984,41451476
2024-04-02,46.58000183105469,47.060001373291016,44.86000061035156,44.97999954223633,30251477
2024-04-03,44.97999954223633,45.279998779296875,44.34000015258789,44.599998474121094,26660965
2024-04-04,44.63999938964844,46.599998474121094,44.63999938964844,46.439998626708984,33001324
2024-04-05,46.599998474121094,48.720001220703125,46.599998474121094,48.720001220703125,40300726
2024-04-08,48.7400016784668,49.119998931884766,48.2599983215332,48.939998626708984,31989168
2024-04-15,49.02000045776367,49.02000045776367,47.65999984741211,47.65999984741211,32808891
2024-04-16,47.34000015258789,47.779998779296875,47.040000915527344,47.2599983215332,24539982
2024-04-17,47.41999816894531,47.86000061035156,46.619998931884766,46.70000076293945,20499843
2024-04-18,46.81999969482422,47.0,46.459999084472656,46.65999984741211,19336663
2024-04-19,46.29999923706055,47.68000030517578,46.29999923706055,47.20000076293945,25312899
2024-04-22,47.400001525878906,48.68000030517578,47.400001525878906,48.08000183105469,38029223
2024-04-24,48.599998474121094,49.2599983215332,48.52000045776367,48.81999969482422,30076497
2024-04-25,48.91999816894531,49.52000045776367,48.540000915527344,48.70000076293945,28595960
2024-04-26,48.84000015258789,50.75,48.79999923706055,50.45000076293945,52106792
2024-04-29,51.0,51.349998474121094,50.400001525878906,51.349998474121094,39382581
2024-04-30,51.349998474121094,51.79999923706055,50.150001525878906,50.400001525878906,41255890
2024-05-02,50.599998474121094,52.150001525878906,50.599998474121094,51.79999923706055,62539502
2024-05-03,51.79999923706055,52.5,51.150001525878906,51.400001525878906,36956037
2024-05-06,51.599998474121094,52.0,51.20000076293945,51.20000076293945,27254374
2024-05-07,51.400001525878906,52.599998474121094,50.599998474121094,52.150001525878906,43349050
2024-05-08,52.20000076293945,52.599998474121094,51.400001525878906,51.45000076293945,27973359
2024-05-09,51.54999923706055,52.400001525878906,51.0,52.0,33635087
2024-05-10,52.0,53.75,51.900001525878906,52.95000076293945,61257398
2024-05-13,53.29999923706055,54.349998474121094,52.25,52.349998474121094,51827436
2024-05-14,52.349998474121094,54.04999923706055,51.650001525878906,52.849998474121094,39976512
2024-05-15,52.849998474121094,52.849998474121094,51.45000076293945,51.650001525878906,30521993
2024-05-16,51.849998474121094,52.400001525878906,51.5,52.25,25886568
2024-05-17,52.5,53.599998474121094,52.45000076293945,53.25,41232617
2024-05-20,53.400001525878906,54.650001525878906,53.29999923706055,53.900001525878906,44048017
2024-05-21,54.0,56.400001525878906,53.45000076293945,55.0,86854382
2024-05-22,55.099998474121094,55.45000076293945,54.25,55.25,36809182
2024-05-23,54.54999923706055,55.650001525878906,54.150001525878906,54.400001525878906,39862022
2024-05-24,54.400001525878906,54.45000076293945,53.45000076293945,53.54999923706055,20951196
2024-05-27,53.849998474121094,54.45000076293945,53.150001525878906,54.20000076293945,27863164
2024-05-28,54.04999923706055,54.95000076293945,53.5,54.25,33873444
2024-05-29,54.150001525878906,54.54999923706055,53.099998474121094,53.099998474121094,23615483
2024-05-30,53.349998474121094,53.75,53.0,53.20000076293945,26482846
2024-05-31,52.75,53.400001525878906,49.65999984741211,49.65999984741211,71506599
2024-06-03,49.599998474121094,49.63999938964844,48.52000045776367,48.959999084472656,53313297
2024-06-04,49.08000183105469,49.47999954223633,48.220001220703125,48.2400016784668,41507737
2024-06-05,49.060001373291016,49.29999923706055,48.13999938964844,48.380001068115234,60242715
2024-06-06,48.5,49.18000030517578,48.31999969482422,48.400001525878906,31124022
2024-06-07,48.599998474121094,48.7400016784668,48.040000915527344,48.20000076293945,24311909
2024-06-10,48.13999938964844,48.34000015258789,47.2400016784668,47.279998779296875,22293416
2024-06-11,47.29999923706055,48.060001373291016,47.040000915527344,47.040000915527344,26737376
2024-06-12,47.20000076293945,47.86000061035156,47.02000045776367,47.41999816894531,37816259
2024-06-13,48.20000076293945,48.560001373291016,48.02000045776367,48.099998474121094,23948315
2024-06-14,48.47999954223633,49.15999984741211,48.060001373291016,48.36000061035156,33415773
2024-06-20,48.79999923706055,49.34000015258789,48.619998931884766,49.34000015258789,31542166
2024-06-21,49.34000015258789,49.52000045776367,48.81999969482422,48.81999969482422,27783002
2024-06-24,48.81999969482422,48.959999084472656,48.2599983215332,48.63999938964844,29679185
2024-06-25,48.63999938964844,49.0,47.79999923706055,47.79999923706055,32974930
2024-06-26,47.779998779296875,48.279998779296875,47.47999954223633,47.720001220703125,28692636
2024-06-27,47.959999084472656,48.779998779296875,47.84000015258789,48.560001373291016,27024104
2024-06-28,48.599998474121094,50.70000076293945,48.58000183105469,50.20000076293945,70842951
2024-07-01,50.75,51.04999923706055,47.7599983215332,48.2599983215332,48315085
2024-07-02,48.2400016784668,48.619998931884766,47.779998779296875,48.47999954223633,27881381
2024-07-03,48.63999938964844,50.099998474121094,48.63999938964844,49.939998626708984,40842948
2024-07-04,49.959999084472656,51.70000076293945,49.939998626708984,51.29999923706055,49977130
2024-07-05,51.29999923706055,51.900001525878906,51.04999923706055,51.599998474121094,36365793
2024-07-08,51.400001525878906,51.45000076293945,50.25,50.349998474121094,36822102
2024-07-09,50.400001525878906,50.75,49.720001220703125,49.7599983215332,34551686
2024-07-10,49.84000015258789,50.20000076293945,49.439998626708984,49.47999954223633,41733002
2024-07-11,49.720001220703125,50.650001525878906,49.63999938964844,50.5,28778791
2024-07-12,50.54999923706055,50.849998474121094,49.7599983215332,50.0,37194000
2024-07-16,50.099998474121094,50.400001525878906,49.720001220703125,50.0,27337298
2024-07-17,50.04999923706055,50.900001525878906,50.04999923706055,50.650001525878906,43484219
2024-07-18,51.0,51.04999923706055,50.099998474121094,50.20000076293945,42174896
2024-07-19,49.91999816894531,50.150001525878906,49.34000015258789,49.63999938964844,34726156
2024-07-22,49.619998931884766,50.150001525878906,49.279998779296875,49.279998779296875,34916462
2024-07-23,49.2599983215332,49.5,48.86000061035156,48.900001525878906,28609130
2024-07-24,48.79999923706055,49.2599983215332,48.58000183105469,48.68000030517578,25430056
2024-07-25,48.619998931884766,49.0,48.119998931884766,48.2400016784668,26724747
2024-07-26,48.31999969482422,48.619998931884766,48.13999938964844,48.220001220703125,21368065
2024-07-29,47.900001525878906,48.02000045776367,47.0,47.060001373291016,25996197
2024-07-30,47.15999984741211,47.439998626708984,46.900001525878906,47.18000030517578,25784098
2024-07-31,47.119998931884766,47.31999969482422,46.81999969482422,47.040000915527344,28127792
2024-08-01,47.380001068115234,48.0,47.380001068115234,47.79999923706055,25391356
2024-08-02,47.02000045776367,47.47999954223633,46.2400016784668,46.47999954223633,24750913
2024-08-05,45.779998779296875,45.779998779296875,43.220001220703125,43.400001525878906,37133237
2024-08-06,44.2400016784668,44.400001525878906,42.79999923706055,42.81999969482422,35496032
2024-08-07,43.220001220703125,44.18000030517578,43.08000183105469,43.7599983215332,23397562
2024-08-08,43.68000030517578,44.41999816894531,43.65999984741211,44.36000061035156,22962098
2024-08-09,44.540000915527344,44.79999923706055,43.400001525878906,43.400001525878906,20058294
2024-08-12,43.599998474121094,44.060001373291016,42.70000076293945,42.779998779296875,21888816
2024-08-13,42.779998779296875,43.099998474121094,42.400001525878906,43.0,22739888
2024-08-14,43.459999084472656,43.65999984741211,42.36000061035156,42.36000061035156,20438078
2024-08-15,42.540000915527344,43.65999984741211,42.36000061035156,43.560001373291016,22167770
2024-08-16,43.560001373291016,43.79999923706055,42.720001220703125,42.86000061035156,18256491
2024-08-19,42.880001068115234,43.65999984741211,42.70000076293945,43.65999984741211,20133858
2024-08-20,43.560001373291016,44.099998474121094,43.2400016784668,43.65999984741211,22231671
2024-08-21,43.65999984741211,44.02000045776367,42.959999084472656,43.099998474121094,22856549
2024-08-22,43.2400016784668,43.5,43.02000045776367,43.220001220703125,18884543
2024-08-23,43.18000030517578,43.36000061035156,42.29999923706055,42.29999923706055,20998983
2024-08-26,42.52000045776367,42.7400016784668,41.7599983215332,41.939998626708984,20730110
2024-08-27,41.84000015258789,43.20000076293945,41.81999969482422,43.099998474121094,23860570
2024-08-28,43.099998474121094,43.459999084472656,42.91999816894531,43.279998779296875,16224668
2024-08-29,43.220001220703125,43.720001220703125,42.81999969482422,43.41999816894531,25508993
2024-09-02,43.20000076293945,44.0,43.20000076293945,43.560001373291016,32298547
2024-09-03,43.63999938964844,43.7400016784668,42.7599983215332,42.81999969482422,23644254
2024-09-04,42.459999084472656,42.63999938964844,41.880001068115234,42.29999923706055,21421195
2024-09-05,42.439998626708984,42.7400016784668,42.119998931884766,42.20000076293945,18695202
2024-09-06,42.20000076293945,42.380001068115234,41.959999084472656,42.0,17389008
2024-09-09,41.86000061035156,42.040000915527344,41.20000076293945,41.20000076293945,20511992
2024-09-10,41.34000015258789,41.5,40.599998474121094,40.70000076293945,21040379
2024-09-11,40.65999984741211,40.720001220703125,39.619998931884766,39.619998931884766,19886940
2024-09-12,40.099998474121094,40.7400016784668,39.5,40.540000915527344,28985536
2024-09-13,40.540000915527344,41.540000915527344,40.15999984741211,41.5,21565680
2024-09-16,41.5,41.65999984741211,40.68000030517578,40.81999969482422,18084137
2024-09-17,40.959999084472656,41.65999984741211,40.939998626708984,41.47999954223633,18329674
2024-09-18,41.18000030517578,41.47999954223633,40.900001525878906,41.18000030517578,16542417
2024-09-19,41.599998474121094,42.119998931884766,41.400001525878906,41.900001525878906,24972608
2024-09-20,41.900001525878906,42.5,41.880001068115234,42.20000076293945,26868741
2024-09-23,42.439998626708984,42.70000076293945,41.939998626708984,42.099998474121094,16638876
2024-09-24,42.18000030517578,43.099998474121094,42.099998474121094,42.65999984741211,25721966
2024-09-25,42.65999984741211,42.880001068115234,41.900001525878906,42.040000915527344,21952972
2024-09-26,42.119998931884766,42.84000015258789,41.560001373291016,41.70000076293945,25822234
2024-09-27,41.70000076293945,42.7599983215332,41.58000183105469,42.68000030517578,22293637
2024-09-30,42.439998626708984,43.58000183105469,42.400001525878906,43.099998474121094,51868391
2024-10-01,43.20000076293945,43.400001525878906,40.599998474121094,41.119998931884766,36255520
2024-10-02,41.0,41.41999816894531,39.86000061035156,39.86000061035156,25580792
2024-10-03,39.97999954223633,40.380001068115234,39.119998931884766,39.119998931884766,30347563
2024-10-04,39.34000015258789,39.7599983215332,38.91999816894531,39.7599983215332,22277920
2024-10-07,39.81999969482422,40.220001220703125,39.119998931884766,39.2400016784668,21950309
2024-10-08,39.18000030517578,39.720001220703125,39.060001373291016,39.15999984741211,21522721
2024-10-09,39.13999938964844,39.47999954223633,38.68000030517578,39.47999954223633,21724476
2024-10-10,39.47999954223633,39.86000061035156,38.599998474121094,38.599998474121094,28628346
2024-10-11,38.63999938964844,39.20000076293945,37.70000076293945,37.779998779296875,38047401
2024-10-14,37.900001525878906,38.15999984741211,37.47999954223633,37.65999984741211,31704305
2024-10-15,37.720001220703125,38.619998931884766,37.68000030517578,38.560001373291016,28164720
2024-10-16,38.36000061035156,40.08000183105469,38.36000061035156,40.040000915527344,34642710
2024-10-17,39.79999923706055,41.279998779296875,39.79999923706055,41.13999938964844,40808038
2024-10-18,41.08000183105469,41.34000015258789,39.47999954223633,39.63999938964844,28225210
2024-10-21,39.5,40.119998931884766,38.7599983215332,38.81999969482422,22066901
2024-10-22,38.900001525878906,39.70000076293945,38.560001373291016,39.63999938964844,21399653
2024-10-23,39.41999816894531,39.63999938964844,38.31999969482422,38.400001525878906,30602295
2024-10-24,38.63999938964844,39.47999954223633,38.63999938964844,39.20000076293945,17992674
2024-10-25,39.0,39.7400016784668,38.779998779296875,39.5,21236423
2024-10-28,39.58000183105469,39.97999954223633,39.52000045776367,39.959999084472656,8240408
2024-10-30,39.91999816894531,40.439998626708984,39.79999923706055,40.2400016784668,22426761
2024-10-31,40.0,40.29999923706055,39.02000045776367,39.13999938964844,23215628
2024-11-01,39.20000076293945,39.81999969482422,39.099998474121094,39.34000015258789,20889018
2024-11-04,38.900001525878906,39.02000045776367,38.060001373291016,38.29999923706055,19349834
2024-11-05,38.31999969482422,38.900001525878906,37.959999084472656,38.619998931884766,18029762
2024-11-06,38.619998931884766,39.959999084472656,38.31999969482422,39.58000183105469,27542399
2024-11-07,39.58000183105469,40.060001373291016,39.099998474121094,40.060001373291016,19265400
2024-11-08,39.900001525878906,40.81999969482422,39.7599983215332,40.79999923706055,29679945
2024-11-11,40.20000076293945,40.720001220703125,40.13999938964844,40.34000015258789,24132440
2024-11-12,40.29999923706055,40.65999984741211,39.97999954223633,40.040000915527344,20545176
2024-11-13,40.0,41.119998931884766,39.619998931884766,40.41999816894531,32660034
2024-11-14,40.52000045776367,41.13999938964844,40.34000015258789,41.13999938964844,27091489
2024-11-15,41.220001220703125,41.560001373291016,40.779998779296875,40.880001068115234,27335063
2024-11-18,40.91999816894531,41.34000015258789,40.36000061035156,40.86000061035156,19527033
2024-11-19,40.959999084472656,41.13999938964844,39.720001220703125,39.91999816894531,23642210
2024-11-20,40.119998931884766,40.400001525878906,38.86000061035156,38.939998626708984,16456775
2024-11-21,39.0,40.29999923706055,39.0,40.18000030517578,22759674
2024-11-22,40.15999984741211,40.81999969482422,39.880001068115234,40.7400016784668,29205468
2024-11-25,40.97999954223633,41.68000030517578,40.7599983215332,41.040000915527344,36526912
2024-11-26,40.959999084472656,41.099998474121094,40.34000015258789,40.540000915527344,24975527
2024-11-27,40.7400016784668,41.119998931884766,40.18000030517578,40.34000015258789,27533733
2024-11-28,40.220001220703125,40.52000045776367,40.08000183105469,40.36000061035156,19239718
2024-11-29,40.36000061035156,40.97999954223633,39.97999954223633,40.560001373291016,36459910
2024-12-02,40.380001068115234,41.459999084472656,40.2400016784668,41.220001220703125,37642270
2024-12-03,41.2400016784668,41.779998779296875,40.939998626708984,41.099998474121094,45149758
2024-12-04,41.15999984741211,41.7400016784668,41.13999938964844,41.31999969482422,40829229
2024-12-05,41.439998626708984,41.63999938964844,41.099998474121094,41.36000061035156,29894443
2024-12-06,41.70000076293945,42.0,41.52000045776367,41.63999938964844,46397129
2024-12-09,42.0,43.400001525878906,42.0,43.20000076293945,69559369
2024-12-10,43.08000183105469,43.20000076293945,42.099998474121094,42.400001525878906,30655046
2024-12-11,42.400001525878906,42.959999084472656,42.119998931884766,42.540000915527344,29643986
2024-12-12,42.959999084472656,43.119998931884766,42.119998931884766,42.31999969482422,24570628
2024-12-13,42.08000183105469,43.08000183105469,42.08000183105469,43.08000183105469,32722498
2024-12-16,42.060001373291016,42.20000076293945,41.7599983215332,41.79999923706055,45225364
2024-12-17,41.79999923706055,41.97999954223633,40.959999084472656,41.18000030517578,39058292
2024-12-18,41.380001068115234,41.880001068115234,41.20000076293945,41.720001220703125,40348245
2024-12-19,41.7400016784668,42.58000183105469,41.599998474121094,42.2599983215332,56686315
2024-12-20,42.380001068115234,44.08000183105469,42.13999938964844,43.599998474121094,72604795
2024-12-23,43.84000015258789,45.0,43.439998626708984,44.279998779296875,69183873
2024-12-24,44.2400016784668,44.34000015258789,43.099998474121094,43.380001068115234,49633906
2024-12-25,43.779998779296875,43.939998626708984,43.439998626708984,43.439998626708984,28136051
2024-12-26,43.560001373291016,43.65999984741211,43.08000183105469,43.400001525878906,35079613
2024-12-27,43.70000076293945,44.560001373291016,43.68000030517578,43.70000076293945,48158512
2024-12-30,43.7400016784668,44.2599983215332,42.7599983215332,42.79999923706055,27321958
2024-12-31,42.70000076293945,42.70000076293945,41.439998626708984,41.52000045776367,59947157
2025-01-02,41.7599983215332,41.959999084472656,41.380001068115234,41.68000030517578,40016000
2025-01-03,41.7599983215332,42.560001373291016,41.720001220703125,42.540000915527344,38835776
2025-01-06,42.619998931884766,43.0,41.52000045776367,42.13999938964844,42872412
2025-01-07,42.15999984741211,42.619998931884766,41.86000061035156,41.880001068115234,31582376
2025-01-08,41.900001525878906,42.119998931884766,41.2400016784668,41.2599983215332,31163147
2025-01-09,41.400001525878906,41.68000030517578,41.0,41.29999923706055,33690425
2025-01-10,41.34000015258789,41.58000183105469,40.279998779296875,40.279998779296875,42182152
2025-01-13,40.2599983215332,40.439998626708984,39.31999969482422,39.31999969482422,30471871
2025-01-14,39.5,39.900001525878906,39.099998474121094,39.18000030517578,37814851
2025-01-15,39.220001220703125,39.459999084472656,38.779998779296875,39.18000030517578,31360372
2025-01-16,39.599998474121094,39.7599983215332,38.84000015258789,39.2400016784668,39299375
2025-01-17,39.31999969482422,39.84000015258789,39.119998931884766,39.720001220703125,59379756
2025-01-20,39.91999816894531,39.959999084472656,39.119998931884766,39.41999816894531,69723936
2025-01-21,39.34000015258789,39.439998626708984,38.900001525878906,38.939998626708984,38081167
2025-01-22,38.959999084472656,39.15999984741211,38.720001220703125,39.040000915527344,31357295
2025-01-23,39.13999938964844,39.599998474121094,39.060001373291016,39.15999984741211,56219007
2025-01-24,39.18000030517578,39.5,38.97999954223633,39.36000061035156,37526729
2025-01-27,39.15999984741211,39.20000076293945,38.41999816894531,38.459999084472656,37430244
2025-01-28,38.52000045776367,40.119998931884766,38.20000076293945,39.79999923706055,88464721
2025-01-29,39.70000076293945,39.7599983215332,38.86000061035156,38.86000061035156,48529409
2025-01-30,38.81999969482422,39.15999984741211,38.5,38.5,30016742
2025-01-31,38.58000183105469,38.720001220703125,38.02000045776367,38.02000045776367,30701126
2025-02-03,37.58000183105469,37.68000030517578,36.86000061035156,36.91999816894531,33963691
2025-02-04,37.040000915527344,37.29999923706055,36.720001220703125,36.900001525878906,35642639
2025-02-05,37.0,37.29999923706055,36.41999816894531,36.7400016784668,48163507
2025-02-06,36.900001525878906,37.540000915527344,36.900001525878906,37.36000061035156,35446334
2025-02-07,37.279998779296875,37.939998626708984,37.20000076293945,37.84000015258789,35706225
2025-02-10,37.84000015258789,38.13999938964844,37.279998779296875,37.380001068115234,29187063
2025-02-11,37.34000015258789,37.41999816894531,36.880001068115234,37.119998931884766,26883302
2025-02-12,37.15999984741211,37.34000015258789,36.7400016784668,36.7400016784668,27787179
2025-02-13,37.099998474121094,37.81999969482422,37.099998474121094,37.31999969482422,36219938
2025-02-14,37.459999084472656,38.08000183105469,37.439998626708984,37.540000915527344,38603265
2025-02-17,37.540000915527344,37.779998779296875,37.220001220703125,37.2599983215332,28695248
2025-02-18,37.2599983215332,37.439998626708984,36.97999954223633,37.13999938964844,32402064
2025-02-19,37.13999938964844,37.52000045776367,36.36000061035156,36.41999816894531,40380547
2025-02-20,36.540000915527344,36.84000015258789,36.47999954223633,36.5,27684247
2025-02-21,36.58000183105469,36.7599983215332,35.5,36.02000045776367,40791470
2025-02-24,36.400001525878906,36.779998779296875,35.939998626708984,36.099998474121094,33387092
2025-02-25,36.13999938964844,36.20000076293945,35.70000076293945,35.7599983215332,23882106
2025-02-26,35.779998779296875,36.20000076293945,35.599998474121094,36.0,27816142
2025-02-27,36.2599983215332,36.81999969482422,35.7400016784668,36.540000915527344,44165502
2025-02-28,35.779998779296875,35.880001068115234,35.36000061035156,35.459999084472656,57324682
2025-03-03,35.619998931884766,36.13999938964844,35.5,35.52000045776367,50212024
2025-03-04,35.58000183105469,35.7400016784668,35.29999923706055,35.29999923706055,35054985
2025-03-05,35.58000183105469,36.7400016784668,35.540000915527344,36.599998474121094,69015870
2025-03-06,36.880001068115234,39.400001525878906,36.79999923706055,39.220001220703125,84511247
2025-03-07,39.15999984741211,39.720001220703125,38.86000061035156,39.2599983215332,53121421
2025-03-10,39.5,39.81999969482422,38.86000061035156,39.29999923706055,44392671
2025-03-11,39.20000076293945,40.560001373291016,38.86000061035156,39.68000030517578,67581762
2025-03-12,40.0,40.84000015258789,39.7400016784668,40.439998626708984,55512931
2025-03-13,40.65999984741211,40.84000015258789,39.79999923706055,40.099998474121094,44862076
2025-03-14,40.18000030517578,40.779998779296875,40.0,40.70000076293945,44729768
2025-03-17,40.779998779296875,41.15999984741211,40.47999954223633,40.58000183105469,54291737
2025-03-18,40.91999816894531,41.560001373291016,40.560001373291016,40.720001220703125,76696828
2025-03-19,38.5,40.380001068115234,37.040000915527344,37.599998474121094,99420448
2025-03-20,38.0,40.15999984741211,37.68000030517578,38.5,78563943
2025-03-21,37.880001068115234,38.08000183105469,34.779998779296875,35.099998474121094,78924596
2025-03-24,35.79999923706055,36.58000183105469,34.68000030517578,36.2599983215332,56903660
2025-03-25,36.79999923706055,38.36000061035156,36.70000076293945,38.099998474121094,41843777
2025-03-26,37.5,38.099998474121094,37.119998931884766,37.880001068115234,27182641
2025-03-27,38.0,38.47999954223633,37.02000045776367,37.29999923706055,32633894
2025-03-28,37.20000076293945,38.58000183105469,36.7400016784668,38.58000183105469,23509069
2025-04-02,38.02000045776367,38.2400016784668,37.439998626708984,37.459999084472656,38576173
2025-04-03,37.459999084472656,37.779998779296875,36.84000015258789,36.91999816894531,28108961
2025-04-04,36.91999816894531,37.0,36.380001068115234,36.540000915527344,22428102
2025-04-07,35.2599983215332,36.380001068115234,34.81999969482422,35.91999816894531,51391705
2025-04-08,36.47999954223633,36.52000045776367,36.060001373291016,36.20000076293945,27353481
2025-04-09,35.68000030517578,36.36000061035156,35.5,36.20000076293945,37699380
2025-04-10,37.5,37.63999938964844,36.02000045776367,36.02000045776367,29115320
2025-04-11,35.84000015258789,36.400001525878906,35.7599983215332,36.36000061035156,26771453
2025-04-14,36.599998474121094,36.939998626708984,36.439998626708984,36.560001373291016,30521823
2025-04-15,36.459999084472656,36.68000030517578,35.959999084472656,36.060001373291016,23525698
2025-04-16,35.779998779296875,36.08000183105469,35.31999969482422,35.439998626708984,18916918
2025-04-17,35.2400016784668,35.779998779296875,35.0,35.439998626708984,30696672
2025-04-18,35.439998626708984,35.5,35.040000915527344,35.15999984741211,19149136
2025-04-21,35.099998474121094,35.400001525878906,34.79999923706055,35.040000915527344,30773058
2025-04-22,35.08000183105469,35.20000076293945,34.79999923706055,34.81999969482422,19919632
2025-04-24,34.900001525878906,35.31999969482422,34.779998779296875,35.2400016784668,26012837
2025-04-25,35.29999923706055,35.41999816894531,35.099998474121094,35.279998779296875,22186116
2025-04-28,35.2599983215332,35.52000045776367,34.84000015258789,35.15999984741211,30451760
2025-04-29,35.0,35.2599983215332,34.81999969482422,34.86000061035156,23581268
2025-04-30,34.86000061035156,35.13999938964844,34.20000076293945,34.20000076293945,30500054
2025-05-02,34.2599983215332,34.5,34.15999984741211,34.2599983215332,22400087
2025-05-05,34.31999969482422,34.459999084472656,33.7400016784668,33.7400016784668,21775976
2025-05-06,33.779998779296875,34.0,33.63999938964844,33.68000030517578,19411875
2025-05-07,33.63999938964844,33.880001068115234,32.900001525878906,33.040000915527344,23148996
2025-05-08,33.099998474121094,33.47999954223633,33.02000045776367,33.29999923706055,16475181
2025-05-09,33.400001525878906,34.279998779296875,33.400001525878906,34.15999984741211,35480431
2025-05-12,36.0,37.560001373291016,35.599998474121094,37.52000045776367,87733548
2025-05-13,37.599998474121094,37.7599983215332,36.619998931884766,36.70000076293945,41832678
2025-05-14,36.70000076293945,37.880001068115234,36.65999984741211,37.459999084472656,55306704
2025-05-15,37.34000015258789,37.560001373291016,36.15999984741211,36.5,23953521
2025-05-16,36.15999984741211,37.099998474121094,35.70000076293945,37.02000045776367,35600852
2025-05-20,36.79999923706055,37.0,36.13999938964844,36.2400016784668,22552277
2025-05-21,36.0,36.20000076293945,35.720001220703125,35.720001220703125,15153700
2025-05-22,35.720001220703125,36.119998931884766,35.18000030517578,36.060001373291016,26421258
2025-05-23,35.7599983215332,35.959999084472656,35.08000183105469,35.13999938964844,24322693
2025-05-26,35.15999984741211,35.599998474121094,35.119998931884766,35.220001220703125,16710776
2025-05-27,35.220001220703125,35.31999969482422,34.70000076293945,34.7400016784668,14436498
2025-05-28,34.65999984741211,34.880001068115234,34.119998931884766,34.31999969482422,18839840
2025-05-29,34.5,34.68000030517578,34.099998474121094,34.220001220703125,21083684
2025-05-30,33.560001373291016,33.619998931884766,32.900001525878906,33.0,29502616
2025-06-02,32.959999084472656,33.20000076293945,32.70000076293945,32.7400016784668,27722164
2025-06-03,32.959999084472656,33.91999816894531,32.959999084472656,33.900001525878906,28132975
2025-06-04,33.7599983215332,34.2599983215332,33.619998931884766,34.13999938964844,19212415
2025-06-05,33.97999954223633,34.08000183105469,33.81999969482422,34.08000183105469,5515182
2025-06-10,34.2400016784668,34.5,34.20000076293945,34.31999969482422,29605245
2025-06-11,34.119998931884766,34.560001373291016,34.099998474121094,34.34000015258789,25504841
2025-06-12,34.040000915527344,34.040000915527344,33.31999969482422,33.5,21084860
2025-06-13,32.099998474121094,32.900001525878906,31.940000534057617,32.900001525878906,22994338
2025-06-16,32.7400016784668,33.18000030517578,32.400001525878906,32.7599983215332,22220562
2025-06-17,32.7599983215332,33.31999969482422,32.58000183105469,32.7599983215332,23833537
2025-06-18,32.5,32.70000076293945,32.220001220703125,32.47999954223633,17830642
2025-06-19,32.47999954223633,32.79999923706055,32.060001373291016,32.08000183105469,16968514
2025-06-20,32.400001525878906,32.880001068115234,32.36000061035156,32.5,32664118
2025-06-23,32.29999923706055,32.58000183105469,32.20000076293945,32.47999954223633,21363223
2025-06-24,33.5,33.63999938964844,33.02000045776367,33.5,33363207
2025-06-25,33.599998474121094,34.2599983215332,33.52000045776367,34.08000183105469,30791528
2025-06-26,34.18000030517578,34.91999816894531,34.13999938964844,34.5,31683813
2025-06-27,34.540000915527344,34.779998779296875,33.91999816894531,34.540000915527344,26127179
2025-06-30,34.70000076293945,36.20000076293945,34.47999954223633,36.040000915527344,57016100
2025-07-01,36.20000076293945,36.36000061035156,35.63999938964844,36.0,39371371
2025-07-02,36.040000915527344,37.099998474121094,35.939998626708984,36.279998779296875,60007850
2025-07-03,36.720001220703125,37.540000915527344,36.68000030517578,37.0,39473848
2025-07-04,37.34000015258789,37.439998626708984,36.70000076293945,37.060001373291016,23578411
2025-07-07,36.41999816894531,36.5,35.65999984741211,35.720001220703125,29515905
2025-07-08,35.86000061035156,35.91999816894531,34.720001220703125,34.81999969482422,29169447
2025-07-09,34.720001220703125,35.439998626708984,34.720001220703125,35.29999923706055,22521511
2025-07-10,36.040000915527344,36.20000076293945,35.81999969482422,36.02000045776367,26268587
2025-07-11,36.20000076293945,36.70000076293945,35.70000076293945,36.099998474121094,25379482
2025-07-14,36.20000076293945,36.2400016784668,35.52000045776367,35.70000076293945,16287635
2025-07-16,35.68000030517578,36.36000061035156,34.97999954223633,35.5,35318023
2025-07-17,35.720001220703125,36.439998626708984,35.70000076293945,36.2599983215332,22231582
2025-07-18,36.20000076293945,36.47999954223633,35.939998626708984,36.29999923706055,20774111
2025-07-21,36.779998779296875,38.060001373291016,36.779998779296875,37.459999084472656,40555927
2025-07-22,37.52000045776367,38.060001373291016,37.08000183105469,37.400001525878906,30551272
2025-07-23,37.459999084472656,37.70000076293945,37.02000045776367,37.599998474121094,21760620
2025-07-24,37.70000076293945,38.279998779296875,37.540000915527344,37.79999923706055,34901395
2025-07-25,37.97999954223633,38.2599983215332,37.040000915527344,37.29999923706055,28011316
2025-07-28,37.279998779296875,37.279998779296875,36.619998931884766,36.68000030517578,19408251
2025-07-29,36.68000030517578,36.91999816894531,36.31999969482422,36.400001525878906,17599774
2025-07-30,36.400001525878906,37.34000015258789,36.2599983215332,37.08000183105469,30045564
2025-07-31,37.0,37.2400016784668,36.47999954223633,36.7599983215332,33478632
2025-08-01,36.65999984741211,37.5,36.63999938964844,37.41999816894531,35137864
2025-08-04,37.65999984741211,38.0,37.47999954223633,37.52000045776367,31484254
2025-08-05,37.540000915527344,37.779998779296875,37.400001525878906,37.439998626708984,18881665
2025-08-06,37.939998626708984,40.15999984741211,37.900001525878906,39.779998779296875,124749082
2025-08-07,39.97999954223633,40.2400016784668,39.380001068115234,39.459999084472656,46250607
2025-08-08,39.0,40.63999938964844,38.79999923706055,39.70000076293945,69731751
2025-08-11,39.97999954223633,40.599998474121094,39.58000183105469,40.220001220703125,33073734
2025-08-12,40.36000061035156,40.36000061035156,39.41999816894531,39.52000045776367,28411840
2025-08-13,39.58000183105469,39.97999954223633,39.13999938964844,39.15999984741211,30106735
2025-08-14,39.13999938964844,40.08000183105469,39.060001373291016,39.599998474121094,32789569
2025-08-15,39.63999938964844,40.41999816894531,39.220001220703125,39.97999954223633,44927337
2025-08-18,41.0,43.040000915527344,40.84000015258789,42.5,86850362
2025-08-19,42.5,42.619998931884766,41.380001068115234,41.47999954223633,44960149
2025-08-20,41.400001525878906,42.380001068115234,41.08000183105469,41.91999816894531,42716185
2025-08-21,41.91999816894531,43.060001373291016,41.91999816894531,42.7400016784668,48457288
2025-08-22,42.939998626708984,43.18000030517578,42.58000183105469,43.099998474121094,37351213
2025-08-25,43.599998474121094,44.20000076293945,43.29999923706055,43.68000030517578,51541557
2025-08-26,43.65999984741211,43.720001220703125,42.060001373291016,42.060001373291016,157110681
2025-08-27,42.29999923706055,42.380001068115234,40.79999923706055,40.939998626708984,59986568
2025-08-28,41.0,41.41999816894531,40.52000045776367,40.7400016784668,49538189
2025-08-29,40.91999816894531,41.119998931884766,40.5,40.70000076293945,55538415
2025-09-01,40.86000061035156,41.060001373291016,40.5,40.58000183105469,35760723
2025-09-02,40.79999923706055,41.41999816894531,37.619998931884766,38.91999816894531,97340494
2025-09-03,38.91999816894531,39.060001373291016,37.7400016784668,38.2599983215332,46220288
2025-09-04,38.2599983215332,38.459999084472656,37.86000061035156,38.15999984741211,38978314
2025-09-05,38.31999969482422,38.619998931884766,37.619998931884766,37.68000030517578,53272277
2025-09-08,37.119998931884766,37.2599983215332,36.540000915527344,36.58000183105469,33128023
2025-09-09,36.7599983215332,37.47999954223633,36.13999938964844,36.34000015258789,53444599
2025-09-10,36.63999938964844,36.900001525878906,36.2400016784668,36.720001220703125,43736032
2025-09-11,36.70000076293945,37.65999984741211,36.459999084472656,36.47999954223633,65920204
2025-09-12,36.5,36.7599983215332,35.79999923706055,36.29999923706055,43666893
2025-09-15,36.08000183105469,38.79999923706055,35.70000076293945,38.79999923706055,77734087
2025-09-16,38.81999969482422,38.97999954223633,38.20000076293945,38.7599983215332,51881088
2025-09-17,38.7599983215332,38.959999084472656,38.20000076293945,38.34000015258789,40234174
2025-09-18,38.52000045776367,39.68000030517578,38.400001525878906,38.52000045776367,55693030
2025-09-19,38.599998474121094,39.52000045776367,38.41999816894531,39.279998779296875,55321149
2025-09-22,40.15999984741211,40.720001220703125,39.959999084472656,40.18000030517578,45495699
2025-09-23,39.65999984741211,40.939998626708984,39.34000015258789,40.70000076293945,91821970
2025-09-24,40.779998779296875,40.79999923706055,39.279998779296875,39.70000076293945,83039501
2025-09-25,39.939998626708984,40.34000015258789,39.36000061035156,39.959999084472656,64909465
2025-09-26,39.900001525878906,39.939998626708984,38.13999938964844,38.13999938964844,48590976
2025-09-29,37.86000061035156,38.040000915527344,37.41999816894531,37.540000915527344,33132958
2025-09-30,37.540000915527344,37.91999816894531,37.15999984741211,37.31999969482422,47179379
2025-10-01,37.31999969482422,37.70000076293945,36.65999984741211,37.47999954223633,66580733
2025-10-02,37.47999954223633,37.47999954223633,35.619998931884766,35.880001068115234,89218801
2025-10-03,36.099998474121094,36.29999923706055,35.47999954223633,35.599998474121094,42590504
2025-10-06,35.720001220703125,35.779998779296875,35.060001373291016,35.13999938964844,34394938
2025-10-07,35.15999984741211,35.65999984741211,35.060001373291016,35.31999969482422,39990276
2025-10-08,35.2599983215332,35.63999938964844,34.959999084472656,35.0,36905645
2025-10-09,35.400001525878906,35.5,34.81999969482422,35.0,41092632
2025-10-10,35.040000915527344,35.31999969482422,34.70000076293945,35.040000915527344,33223445
2025-10-13,34.70000076293945,34.900001525878906,34.31999969482422,34.459999084472656,28449026
2025-10-14,34.619998931884766,34.900001525878906,33.65999984741211,33.68000030517578,45765985
2025-10-15,33.939998626708984,34.7400016784668,33.560001373291016,34.52000045776367,59011116
2025-10-16,33.79999923706055,34.08000183105469,33.279998779296875,33.380001068115234,69416655
2025-10-17,33.2400016784668,33.34000015258789,32.560001373291016,32.880001068115234,55051370
2025-10-20,32.91999816894531,33.400001525878906,32.439998626708984,33.31999969482422,72541566
2025-10-21,32.70000076293945,33.91999816894531,32.63999938964844,33.52000045776367,74538932
2025-10-22,33.91999816894531,34.7599983215332,33.560001373291016,34.099998474121094,57939905
2025-10-23,34.099998474121094,34.70000076293945,33.97999954223633,34.540000915527344,44660286
2025-10-24,34.70000076293945,36.959999084472656,34.619998931884766,35.81999969482422,125917083
2025-10-27,35.81999969482422,36.13999938964844,35.70000076293945,35.720001220703125,36376558
2025-10-28,35.65999984741211,36.36000061035156,35.599998474121094,36.2599983215332,13455089
2025-10-30,36.2599983215332,36.880001068115234,35.939998626708984,36.7599983215332,40870245
2025-10-31,36.7599983215332,37.08000183105469,36.29999923706055,36.779998779296875,38421363
2025-11-03,36.79999923706055,37.65999984741211,36.70000076293945,37.20000076293945,43212287
2025-11-04,37.08000183105469,37.52000045776367,36.79999923706055,36.97999954223633,41470913
2025-11-05,36.939998626708984,37.2599983215332,36.400001525878906,36.900001525878906,39352043
2025-11-06,37.0,37.880001068115234,36.84000015258789,37.619998931884766,29625888
2025-11-07,37.47999954223633,37.599998474121094,35.68000030517578,36.0,43968786
2025-11-10,36.459999084472656,36.86000061035156,35.560001373291016,35.68000030517578,36806441
2025-11-11,35.52000045776367,36.439998626708984,34.119998931884766,35.20000076293945,50937942
2025-11-12,35.34000015258789,35.81999969482422,35.02000045776367,35.36000061035156,29457533
2025-11-13,35.459999084472656,35.880001068115234,35.220001220703125,35.400001525878906,27635236
2025-11-14,35.20000076293945,35.720001220703125,35.060001373291016,35.68000030517578,26334138
2025-11-17,35.7599983215332,36.2599983215332,35.47999954223633,35.81999969482422,30646825
2025-11-18,35.619998931884766,36.0,35.279998779296875,35.58000183105469,29686141
2025-11-19,35.70000076293945,36.29999923706055,35.58000183105469,36.15999984741211,34295144
2025-11-20,36.380001068115234,36.560001373291016,35.86000061035156,36.13999938964844,22799366
2025-11-21,35.91999816894531,36.2400016784668,35.540000915527344,36.220001220703125,25619098
2025-11-24,36.0,36.540000915527344,35.65999984741211,36.2599983215332,38051138
2025-11-25,36.400001525878906,37.2599983215332,36.099998474121094,36.720001220703125,41642195
2025-11-26,36.720001220703125,37.13999938964844,36.540000915527344,36.86000061035156,34402373
2025-11-27,37.0,37.220001220703125,36.599998474121094,36.599998474121094,30827736
2025-11-28,36.619998931884766,37.380001068115234,36.52000045776367,37.31999969482422,36409757
2025-12-01,37.34000015258789,37.86000061035156,37.060001373291016,37.540000915527344,40767776
2025-12-02,37.58000183105469,38.18000030517578,37.31999969482422,37.400001525878906,37692720
2025-12-03,37.52000045776367,38.119998931884766,37.400001525878906,37.439998626708984,44740079
2025-12-04,37.5,37.720001220703125,36.599998474121094,36.599998474121094,33675652
2025-12-05,36.540000915527344,37.900001525878906,36.47999954223633,37.7599983215332,32517549
2025-12-08,38.099998474121094,41.52000045776367,38.060001373291016,41.52000045776367,91638275
2025-12-09,42.400001525878906,43.18000030517578,41.41999816894531,41.70000076293945,222836999
2025-12-10,41.720001220703125,42.119998931884766,40.58000183105469,40.58000183105469,67681795
2025-12-11,40.63999938964844,40.880001068115234,39.47999954223633,39.68000030517578,60511940
2025-12-12,39.7599983215332,40.65999984741211,39.7599983215332,40.060001373291016,32944058
2025-12-15,40.099998474121094,40.63999938964844,39.81999969482422,40.36000061035156,34756664
2025-12-16,40.599998474121094,40.68000030517578,38.84000015258789,39.5,55528561
2025-12-17,39.41999816894531,39.900001525878906,39.15999984741211,39.619998931884766,26015674
2025-12-18,39.68000030517578,39.880001068115234,39.20000076293945,39.29999923706055,21719396
2025-12-19,39.29999923706055,39.380001068115234,38.79999923706055,38.81999969482422,20022601
2025-12-22,38.959999084472656,39.29999923706055,38.63999938964844,38.900001525878906,30712813
2025-12-23,38.7599983215332,38.91999816894531,38.18000030517578,38.29999923706055,28457697
2025-12-24,38.29999923706055,39.08000183105469,38.2599983215332,38.880001068115234,34824969
2025-12-25,39.0,40.279998779296875,39.0,39.68000030517578,32530789
2025-12-26,39.619998931884766,39.65999984741211,38.20000076293945,38.47999954223633,36924229
2025-12-29,38.58000183105469,38.91999816894531,38.08000183105469,38.279998779296875,25786294
2025-12-30,38.220001220703125,38.560001373291016,37.84000015258789,38.400001525878906,23117497
2025-12-31,38.47999954223633,39.060001373291016,38.2599983215332,38.380001068115234,28320689
2026-01-02,39.0,39.15999984741211,38.70000076293945,39.13999938964844,23747082
2026-01-05,39.18000030517578,39.68000030517578,38.97999954223633,39.47999954223633,29867314
2026-01-06,39.599998474121094,40.36000061035156,39.47999954223633,40.2400016784668,39954120
2026-01-07,40.34000015258789,40.58000183105469,39.880001068115234,39.880001068115234,30933389
2026-01-08,39.900001525878906,40.220001220703125,39.36000061035156,39.91999816894531,30683945
2026-01-09,40.040000915527344,40.2400016784668,39.060001373291016,39.220001220703125,46935417
2026-01-12,39.2400016784668,39.84000015258789,38.91999816894531,39.5,48082366
2026-01-13,39.52000045776367,39.79999923706055,38.959999084472656,39.18000030517578,59431371
2026-01-14,39.220001220703125,39.36000061035156,38.41999816894531,38.47999954223633,60271679
2026-01-15,38.47999954223633,39.0,38.040000915527344,38.720001220703125,53112244
2026-01-16,38.720001220703125,39.7599983215332,38.63999938964844,39.65999984741211,64269487
2026-01-19,40.099998474121094,40.29999923706055,39.7599983215332,39.900001525878906,48096578
2026-01-20,39.79999923706055,39.81999969482422,38.7400016784668,38.97999954223633,65871542
2026-01-21,38.959999084472656,39.040000915527344,38.41999816894531,38.939998626708984,42373166
2026-01-22,39.13999938964844,39.68000030517578,38.81999969482422,39.65999984741211,55903077
2026-01-23,40.0,40.5,40.0,40.279998779296875,58694880
2026-01-26,39.900001525878906,40.97999954223633,39.70000076293945,40.91999816894531,68784132
2026-01-27,41.040000915527344,41.060001373291016,40.36000061035156,40.619998931884766,52602455
2026-01-28,40.619998931884766,41.7599983215332,40.619998931884766,41.619998931884766,63451886
2026-01-29,42.459999084472656,45.779998779296875,41.91999816894531,45.779998779296875,224383965
2026-01-30,46.31999969482422,48.15999984741211,44.86000061035156,45.5,220262648
2026-02-02,44.2599983215332,46.900001525878906,43.34000015258789,45.36000061035156,111161718
2026-02-03,45.84000015258789,46.720001220703125,45.34000015258789,46.18000030517578,111290946
2026-02-04,46.880001068115234,47.459999084472656,45.959999084472656,46.34000015258789,109095535
2026-02-05,46.20000076293945,49.5,45.880001068115234,47.540000915527344,237348857
2026-02-06,47.540000915527344,47.84000015258789,46.20000076293945,47.52000045776367,108323437
2026-02-09,48.20000076293945,48.68000030517578,47.58000183105469,48.279998779296875,101347367
2026-02-10,48.47999954223633,48.47999954223633,47.040000915527344,47.119998931884766,84984623
2026-02-11,46.7599983215332,48.29999923706055,46.68000030517578,47.68000030517578,80592970
2026-02-12,47.84000015258789,49.41999816894531,47.779998779296875,49.0,135338510
2026-02-13,49.0,49.79999923706055,48.959999084472656,49.540000915527344,89241844
2026-02-16,50.04999923706055,50.900001525878906,49.619998931884766,50.79999923706055,100998879
2026-02-17,49.900001525878906,49.900001525878906,48.02000045776367,48.02000045776367,189753832
2026-02-18,48.20000076293945,48.619998931884766,46.099998474121094,46.34000015258789,172354980
2026-02-19,46.599998474121094,46.79999923706055,44.5,44.79999923706055,91802168
2026-02-20,44.959999084472656,46.220001220703125,44.959999084472656,46.0,107637359
2026-02-23,46.5,47.41999816894531,46.119998931884766,47.0,79503932
2026-02-24,46.880001068115234,47.119998931884766,46.02000045776367,46.279998779296875,70098522
2026-02-25,46.5,46.720001220703125,45.31999969482422,45.7400016784668,48909857
2026-02-26,45.7400016784668,46.439998626708984,45.13999938964844,46.040000915527344,40426468
2026-02-27,46.220001220703125,46.400001525878906,44.220001220703125,44.86000061035156,73844335
2026-03-02,40.540000915527344,43.040000915527344,40.540000915527344,42.439998626708984,56382551
2026-03-03,42.15999984741211,42.7400016784668,41.13999938964844,41.20000076293945,42433822
2026-03-04,41.220001220703125,41.880001068115234,40.70000076293945,41.220001220703125,43440096
2026-03-05,41.5,41.900001525878906,41.18000030517578,41.220001220703125,30098302
2026-03-06,41.0,41.5,40.29999923706055,40.400001525878906,31872698
2026-03-09,39.20000076293945,40.58000183105469,38.900001525878906,40.58000183105469,34556364
2026-03-10,41.70000076293945,42.34000015258789,41.13999938964844,42.15999984741211,39504441
2026-03-11,42.13999938964844,42.31999969482422,41.31999969482422,41.939998626708984,27369030
2026-03-12,41.58000183105469,42.439998626708984,41.52000045776367,42.0,29995313
2026-03-13,41.599998474121094,42.060001373291016,40.91999816894531,41.58000183105469,27514359
2026-03-16,42.31999969482422,42.779998779296875,41.63999938964844,42.47999954223633,40263872
2026-03-17,42.84000015258789,44.380001068115234,42.84000015258789,44.279998779296875,47802633
2026-03-18,44.5,45.0,43.220001220703125,43.81999969482422,48075981
2026-03-19,43.47999954223633,47.08000183105469,43.459999084472656,44.2599983215332,73705813
2026-03-23,43.70000076293945,48.68000030517578,43.65999984741211,48.68000030517578,190377284
2026-03-24,48.599998474121094,50.29999923706055,47.36000061035156,47.439998626708984,140853162
2026-03-25,47.97999954223633,49.0,46.959999084472656,47.15999984741211,71261828
2026-03-26,47.040000915527344,47.880001068115234,45.31999969482422,45.31999969482422,46979269
2026-03-27,45.68000030517578,46.13999938964844,44.540000915527344,44.880001068115234,38926283
2026-03-30,44.79999923706055,44.880001068115234,43.0,43.099998474121094,51480335
2026-03-31,43.20000076293945,44.63999938964844,43.18000030517578,43.97999954223633,61424922
2026-04-01,45.040000915527344,45.65999984741211,44.2599983215332,44.619998931884766,49137440
2026-04-02,43.880001068115234,44.70000076293945,43.79999923706055,44.68000030517578,38981713
2026-04-03,44.7599983215332,44.900001525878906,43.619998931884766,44.0,31316855
2026-04-06,44.13999938964844,45.18000030517578,43.939998626708984,44.79999923706055,54816413
2026-04-07,44.720001220703125,45.540000915527344,43.52000045776367,43.79999923706055,64715918
2026-04-08,45.939998626708984,47.81999969482422,45.540000915527344,46.70000076293945,93633743
2026-04-09,46.58000183105469,47.060001373291016,46.119998931884766,46.41999816894531,43300645
2026-04-10,46.81999969482422,47.81999969482422,46.70000076293945,47.439998626708984,66284588
2026-04-13,46.619998931884766,48.119998931884766,46.540000915527344,47.7599983215332,56008961
2026-04-14,48.5,49.08000183105469,47.79999923706055,48.08000183105469,65789799
2026-04-15,48.2400016784668,48.5,47.7400016784668,48.220001220703125,38920185
2026-04-16,48.58000183105469,49.13999938964844,46.7400016784668,46.900001525878906,57350162
2026-04-17,46.91999816894531,48.47999954223633,46.79999923706055,48.34000015258789,73018616
2026-04-20,47.900001525878906,48.34000015258789,47.58000183105469,47.880001068115234,40999315
2026-04-21,48.08000183105469,48.34000015258789,47.15999984741211,47.220001220703125,36099953
2026-04-22,47.5,47.84000015258789,46.560001373291016,47.400001525878906,35252373
2026-04-24,47.279998779296875,48.2400016784668,47.20000076293945,47.880001068115234,66587253
2026-04-27,48.0,48.81999969482422,47.18000030517578,47.20000076293945,60594479
2026-04-28,47.13999938964844,47.36000061035156,46.29999923706055,46.439998626708984,42582067
2026-04-29,46.599998474121094,46.880001068115234,45.540000915527344,45.880001068115234,39159387
2026-04-30,45.65999984741211,48.08000183105469,45.619998931884766,47.86000061035156,70282661
2026-05-04,48.08000183105469,48.2599983215332,45.84000015258789,46.0,57107253
2026-05-05,46.20000076293945,48.720001220703125,46.20000076293945,47.86000061035156,91491288
2026-05-06,48.380001068115234,52.599998474121094,48.099998474121094,49.619998931884766,209233723
2026-05-07,49.939998626708984,50.849998474121094,48.7400016784668,49.119998931884766,85829103
2026-05-08,49.119998931884766,52.54999923706055,49.060001373291016,51.79999923706055,126439875
2026-05-11,51.79999923706055,54.099998474121094,51.75,52.349998474121094,136485908
2026-05-12,51.849998474121094,53.5,51.04999923706055,51.150001525878906,83273566
2026-05-13,51.79999923706055,51.79999923706055,49.81999969482422,50.5,55097677
2026-05-14,51.04999923706055,51.349998474121094,48.939998626708984,49.02000045776367,81779859
2026-05-15,48.779998779296875,49.099998474121094,47.880001068115234,48.20000076293945,57822032
2026-05-18,48.119998931884766,48.540000915527344,45.900001525878906,45.900001525878906,58894212
2026-05-20,45.84000015258789,46.31999969482422,45.20000076293945,46.18000030517578,41483091
2026-05-21,46.29999923706055,46.34000015258789,42.20000076293945,42.900001525878906,45403715
2026-05-22,42.13999938964844,45.52000045776367,42.13999938964844,45.2400016784668,102932930
2026-05-25,45.41999816894531,47.18000030517578,45.380001068115234,46.720001220703125,74422668
2026-05-26,46.70000076293945,46.86000061035156,45.79999923706055,45.79999923706055,16884521
2026-05-27,45.79999923706055,45.79999923706055,45.79999923706055,45.79999923706055,0
2026-05-28,45.79999923706055,45.79999923706055,45.79999923706055,45.79999923706055,0
2026-05-29,45.79999923706055,45.79999923706055,45.79999923706055,45.79999923706055,0
2026-06-01,45.65999984741211,46.58000183105469,45.119998931884766,45.5,49939412
2026-06-02,45.91999816894531,47.34000015258789,45.91999816894531,47.099998474121094,53162824
2026-06-03,46.84000015258789,47.52000045776367,46.099998474121094,46.31999969482422,51399139
2026-06-04,46.52000045776367,46.720001220703125,45.08000183105469,45.47999954223633,57864228
2026-06-05,45.459999084472656,45.779998779296875,44.65999984741211,44.79999923706055,41963282
2026-06-08,44.2400016784668,45.2599983215332,43.939998626708984,45.02000045776367,39667254
2026-06-09,45.099998474121094,45.47999954223633,44.31999969482422,44.34000015258789,43460376
2026-06-10,44.34000015258789,44.68000030517578,43.84000015258789,44.20000076293945,35468839
2026-06-11,44.220001220703125,44.63999938964844,42.939998626708984,43.65999984741211,55161858
2026-06-12,44.34000015258789,45.63999938964844,44.13999938964844,44.7599983215332,74776497
2026-06-15,46.599998474121094,46.7400016784668,45.900001525878906,46.400001525878906,48307376
2026-06-16,46.380001068115234,46.5,45.560001373291016,45.939998626708984,39110733
2026-06-17,46.099998474121094,46.380001068115234,44.81999969482422,44.900001525878906,44964646
2026-06-18,45.20000076293945,47.400001525878906,45.15999984741211,47.400001525878906,74409431
2026-06-19,46.900001525878906,48.13999938964844,45.81999969482422,46.279998779296875,76961564
2026-06-22,46.47999954223633,47.18000030517578,46.060001373291016,46.31999969482422,46678425
2026-06-23,45.900001525878906,46.08000183105469,44.959999084472656,45.13999938964844,33248263
2026-06-24,45.20000076293945,45.540000915527344,44.900001525878906,45.099998474121094,41656845
2026-06-25,45.5,45.880001068115234,44.08000183105469,44.2400016784668,63267560
2026-06-26,44.15999984741211,45.31999969482422,44.119998931884766,45.31999969482422,42645894
2026-06-29,45.47999954223633,45.65999984741211,44.939998626708984,44.939998626708984,51325639
2026-06-30,45.0,45.58000183105469,44.099998474121094,44.29999923706055,50172411
2026-07-01,44.29999923706055,45.18000030517578,43.86000061035156,44.86000061035156,46507002
2026-07-02,45.060001373291016,45.31999969482422,44.29999923706055,44.5,49836281
2026-07-03,44.68000030517578,44.81999969482422,44.02000045776367,44.34000015258789,44328513
2026-07-06,44.439998626708984,44.7599983215332,43.20000076293945,43.47999954223633,60662528
2026-07-07,43.459999084472656,43.7400016784668,42.959999084472656,43.15999984741211,58796153
2026-07-08,43.0,43.0,41.58000183105469,41.619998931884766,52417930
2026-07-09,42.0,43.439998626708984,41.880001068115234,42.220001220703125,65221894
2026-07-10,42.15999984741211,43.779998779296875,42.099998474121094,43.439998626708984,54565607
2026-07-13,43.439998626708984,43.459999084472656,42.81999969482422,43.13999938964844,25698166
2026-07-14,43.0,43.84000015258789,42.65999984741211,43.599998474121094,39624568
2026-07-16,43.599998474121094,45.380001068115234,43.599998474121094,45.0,56179337
2026-07-17,44.68000030517578,45.15999984741211,44.08000183105469,44.20000076293945,33073577
2026-07-20,44.099998474121094,44.959999084472656,43.959999084472656,44.5,40693138
2026-07-21,44.84000015258789,44.939998626708984,43.099998474121094,43.18000030517578,44247206
2026-07-22,43.220001220703125,43.7400016784668,43.099998474121094,43.619998931884766,34329621
2026-07-23,43.619998931884766,44.400001525878906,43.380001068115234,43.68000030517578,43967135
2026-07-24,43.70000076293945,44.02000045776367,42.959999084472656,43.41999816894531,40136621
2026-07-27,43.900001525878906,44.2400016784668,42.779998779296875,42.959999084472656,38391152
2026-07-28,42.97999954223633,43.08000183105469,42.13999938964844,42.52000045776367,30180287
2026-07-29,42.540000915527344,42.939998626708984,41.63999938964844,41.84000015258789,38344146
2026-07-30,41.70000076293945,41.959999084472656,41.13999938964844,41.34000015258789,36982330
2026-07-31,41.400001525878906,41.81999969482422,41.02000045776367,41.7400016784668,39419904
2026-08-03,42.099998474121094,42.400001525878906,41.560001373291016,42.13999938964844,37054396
2026-08-04,42.0,42.619998931884766,41.65999984741211,42.439998626708984,52724356
2026-08-05,42.279998779296875,42.79999923706055,41.97999954223633,42.439998626708984,45556303
2026-08-06,42.599998474121094,42.880001068115234,41.70000076293945,41.880001068115234,40994304
2026-08-07,41.779998779296875,41.97999954223633,41.13999938964844,41.34000015258789,31433475
2026-08-10,41.36000061035156,41.880001068115234,41.08000183105469,41.47999954223633,38077175
2026-08-11,41.31999969482422,41.34000015258789,40.220001220703125,40.84000015258789,42581172
2026-08-12,40.7599983215332,41.2400016784668,39.97999954223633,40.959999084472656,71008320
2026-08-13,40.959999084472656,41.880001068115234,40.58000183105469,41.63999938964844,77338346
2026-08-14,41.900001525878906,42.58000183105469,41.31999969482422,41.400001525878906,56283196
2026-08-17,40.0,40.119998931884766,38.58000183105469,38.63999938964844,148572035
2026-08-18,38.68000030517578,38.68000030517578,37.97999954223633,38.119998931884766,85479200
2026-08-19,38.13999938964844,39.08000183105469,38.08000183105469,38.84000015258789,68761626
2026-08-20,38.900001525878906,40.31999969482422,38.880001068115234,40.0,85162197
2026-08-21,40.040000915527344,40.560001373291016,39.779998779296875,39.900001525878906,48090562
2026-08-24,40.20000076293945,40.63999938964844,39.720001220703125,39.7400016784668,44027047
2026-08-25,39.70000076293945,40.380001068115234,39.31999969482422,39.70000076293945,66534344
2026-08-26,39.86000061035156,40.86000061035156,39.86000061035156,40.2400016784668,59644615
2026-08-27,40.31999969482422,40.47999954223633,39.880001068115234,40.040000915527344,31292856
2026-08-28,40.119998931884766,40.47999954223633,40.02000045776367,40.13999938964844,30877364
2026-08-31,40.20000076293945,40.380001068115234,39.459999084472656,39.619998931884766,54046067
2026-09-01,39.65999984741211,40.220001220703125,39.41999816894531,39.560001373291016,49808362
2026-09-02,39.29999923706055,39.400001525878906,38.380001068115234,39.099998474121094,42293640
2026-09-03,39.2599983215332,39.439998626708984,38.540000915527344,38.68000030517578,39470037
2026-09-04,38.68000030517578,39.220001220703125,38.5,39.08000183105469,38364223
2026-09-08,41.900001525878906,45.81999969482422,41.7400016784668,45.81999969482422,234854970
2026-09-09,45.060001373291016,48.279998779296875,44.34000015258789,44.86000061035156,306624581
2026-09-10,44.939998626708984,45.2599983215332,43.779998779296875,44.060001373291016,75421850
2026-09-11,44.02000045776367,46.0,43.36000061035156,44.97999954223633,150938689
2026-09-14,44.5,44.779998779296875,43.52000045776367,43.52000045776367,54336288
2026-09-15,43.52000045776367,44.02000045776367,42.380001068115234,42.400001525878906,69199284
2026-09-16,42.459999084472656,42.63999938964844,38.15999984741211,38.220001220703125,167004117
