Date,Open,High,Low,Close,Volume
2021-09-17,15.569999694824219,15.729999542236328,15.479999542236328,15.640000343322754,8995587
2021-09-20,15.449999809265137,15.539999961853027,15.279999732971191,15.449999809265137,5513313
2021-09-21,15.5,15.59000015258789,15.329999923706055,15.380000114440918,4535364
2021-09-22,15.460000038146973,15.539999961853027,15.319999694824219,15.510000228881836,4854143
2021-09-23,15.569999694824219,15.670000076293945,15.239999771118164,15.420000076293945,12448420
2021-09-24,15.350000381469727,15.59000015258789,15.34000015258789,15.399999618530273,9846109
2021-09-27,15.520000457763672,15.539999961853027,15.1899995803833,15.319999694824219,11670899
2021-09-28,15.380000114440918,15.399999618530273,15.119999885559082,15.1899995803833,7936811
2021-09-29,15.350000381469727,15.399999618530273,15.199999809265137,15.260000228881836,7382079
2021-09-30,15.3100004196167,15.34000015258789,15.029999732971191,15.329999923706055,18840773
2021-10-01,15.25,15.25,15.069999694824219,15.09000015258789,9864069
2021-10-04,15.09000015258789,15.149999618530273,14.960000038146973,15.010000228881836,12162144
2021-10-05,15.069999694824219,15.069999694824219,14.859999656677246,14.869999885559082,10110182
2021-10-06,14.84000015258789,14.989999771118164,14.8100004196167,14.850000381469727,9758051
2021-10-07,14.930000305175781,15.180000305175781,14.930000305175781,15.180000305175781,7421057
2021-10-08,15.170000076293945,15.1899995803833,15.050000190734863,15.0600004196167,4780324
2021-10-11,15.079999923706055,15.180000305175781,15.0600004196167,15.130000114440918,7376915
2021-10-12,15.020000457763672,15.180000305175781,15.010000228881836,15.100000381469727,5935903
2021-10-13,15.130000114440918,15.229999542236328,15.09000015258789,15.199999809265137,11846542
2021-10-14,15.130000114440918,15.260000228881836,15.079999923706055,15.15999984741211,11089347
2021-10-15,15.1899995803833,15.460000038146973,15.09000015258789,15.300000190734863,12147955
2021-10-18,15.289999961853027,15.40999984741211,15.15999984741211,15.329999923706055,9610255
2021-10-19,15.380000114440918,15.489999771118164,15.380000114440918,15.4399995803833,7803696
2021-10-20,15.449999809265137,15.569999694824219,15.329999923706055,15.529999732971191,11061542
2021-10-21,15.5,15.869999885559082,15.350000381469727,15.869999885559082,22101507
2021-10-22,15.75,16.0,15.670000076293945,15.920000076293945,10392317
2021-10-25,15.739999771118164,15.869999885559082,15.699999809265137,15.8100004196167,9441689
2021-10-26,15.850000381469727,15.880000114440918,15.720000267028809,15.729999542236328,9425856
2021-10-27,15.34000015258789,15.539999961853027,15.3100004196167,15.449999809265137,13120639
2021-10-28,15.399999618530273,15.479999542236328,15.289999961853027,15.289999961853027,3956410
2021-11-01,15.350000381469727,15.600000381469727,15.329999923706055,15.600000381469727,7387254
2021-11-02,15.670000076293945,15.819999694824219,15.579999923706055,15.59000015258789,12511685
2021-11-03,15.579999923706055,15.84000015258789,15.460000038146973,15.84000015258789,10678917
2021-11-04,15.90999984741211,16.959999084472656,15.90999984741211,16.829999923706055,34345543
2021-11-05,16.829999923706055,17.049999237060547,16.639999389648438,16.809999465942383,21164683
2021-11-08,16.790000915527344,17.010000228881836,16.649999618530273,16.8700008392334,13399445
2021-11-09,16.860000610351562,17.0,16.649999618530273,16.65999984741211,16327036
2021-11-10,16.68000030517578,16.979999542236328,16.639999389648438,16.920000076293945,18441746
2021-11-11,16.850000381469727,17.420000076293945,16.829999923706055,17.139999389648438,20910866
2021-11-12,17.18000030517578,17.440000534057617,17.18000030517578,17.260000228881836,13540162
2021-11-15,17.489999771118164,17.950000762939453,17.489999771118164,17.59000015258789,23389309
2021-11-16,17.84000015258789,18.18000030517578,17.270000457763672,17.31999969482422,21346919
2021-11-17,17.31999969482422,17.760000228881836,17.110000610351562,17.639999389648438,19948029
2021-11-18,17.709999084472656,18.110000610351562,17.459999084472656,17.90999984741211,19668879
2021-11-19,17.93000030517578,18.1200008392334,17.799999237060547,18.020000457763672,11182741
2021-11-22,18.100000381469727,18.209999084472656,17.709999084472656,17.829999923706055,10641636
2021-11-23,17.799999237060547,18.09000015258789,17.600000381469727,17.81999969482422,26753259
2021-11-24,18.149999618530273,18.81999969482422,17.920000076293945,18.450000762939453,32606668
2021-11-25,18.469999313354492,19.09000015258789,18.469999313354492,19.059999465942383,14988263
2021-11-26,18.799999237060547,19.149999618530273,18.139999389648438,18.3700008392334,17624392
2021-11-29,18.440000534057617,18.700000762939453,18.290000915527344,18.479999542236328,13493775
2021-11-30,18.5,18.899999618530273,18.3799991607666,18.899999618530273,28489686
2021-12-01,18.969999313354492,19.639999389648438,18.889999389648438,19.5,17972173
2021-12-02,19.610000610351562,19.81999969482422,19.31999969482422,19.739999771118164,13157549
2021-12-03,19.93000030517578,20.299999237060547,19.6200008392334,20.299999237060547,13834919
2021-12-06,20.399999618530273,20.399999618530273,19.979999542236328,20.360000610351562,7815960
2021-12-07,20.399999618530273,20.65999984741211,20.1200008392334,20.579999923706055,13125940
2021-12-08,20.68000030517578,20.8799991607666,20.200000762939453,20.600000381469727,16734765
2021-12-09,20.6200008392334,20.8799991607666,20.139999389648438,20.280000686645508,21942518
2021-12-10,20.280000686645508,20.280000686645508,19.270000457763672,20.0,20126125
2021-12-13,20.299999237060547,20.84000015258789,20.15999984741211,20.639999389648438,19348306
2021-12-14,21.0,21.639999389648438,20.8799991607666,21.520000457763672,17112186
2021-12-15,22.0,22.200000762939453,21.459999084472656,22.1200008392334,19866127
2021-12-16,22.600000381469727,23.600000381469727,22.280000686645508,23.299999237060547,21862763
2021-12-17,23.780000686645508,24.020000457763672,20.979999542236328,21.0,37024008
2021-12-20,19.549999237060547,21.600000381469727,19.09000015258789,21.200000762939453,20539263
2021-12-21,22.600000381469727,22.600000381469727,19.079999923706055,19.079999923706055,11162838
2021-12-22,18.200000762939453,19.0,17.290000915527344,18.030000686645508,20778927
2021-12-23,18.209999084472656,19.1200008392334,18.020000457763672,18.6200008392334,14772976
2021-12-24,18.799999237060547,19.610000610351562,18.6299991607666,19.329999923706055,6644101
2021-12-27,19.469999313354492,19.68000030517578,18.5,18.899999618530273,8912675
2021-12-28,19.06999969482422,19.399999618530273,18.149999618530273,18.600000381469727,11902728
2021-12-29,18.600000381469727,19.65999984741211,18.399999618530273,19.600000381469727,7818429
2021-12-30,19.739999771118164,19.770000457763672,18.790000915527344,18.790000915527344,7734794
2021-12-31,18.860000610351562,19.389999389648438,17.93000030517578,18.459999084472656,7005212
2022-01-03,18.760000228881836,19.299999237060547,18.6200008392334,19.09000015258789,5656518
2022-01-04,19.260000228881836,19.75,18.969999313354492,19.639999389648438,9426542
2022-01-05,19.639999389648438,20.18000030517578,19.31999969482422,20.15999984741211,9894682
2022-01-06,19.920000076293945,20.100000381469727,19.559999465942383,19.700000762939453,11286216
2022-01-07,20.0,20.020000457763672,19.079999923706055,19.5,14199271
2022-01-10,20.0,20.100000381469727,19.540000915527344,19.540000915527344,12639533
2022-01-11,19.690000534057617,19.75,19.219999313354492,19.510000228881836,10559843
2022-01-12,19.709999084472656,20.31999969482422,19.709999084472656,20.079999923706055,27583274
2022-01-13,19.979999542236328,20.139999389648438,19.649999618530273,19.760000228881836,13627104
2022-01-14,19.709999084472656,19.709999084472656,19.030000686645508,19.389999389648438,18527482
2022-01-17,19.5,19.760000228881836,19.459999084472656,19.600000381469727,9239964
2022-01-18,19.489999771118164,19.489999771118164,18.59000015258789,18.6299991607666,12168909
2022-01-19,18.6299991607666,18.950000762939453,18.1299991607666,18.860000610351562,15038256
2022-01-20,18.93000030517578,19.06999969482422,18.1299991607666,18.350000381469727,21028625
2022-01-21,18.34000015258789,18.5,17.90999984741211,18.299999237060547,17351949
2022-01-24,18.280000686645508,18.420000076293945,17.65999984741211,17.670000076293945,14396341
2022-01-25,17.899999618530273,18.899999618530273,17.75,18.899999618530273,18808623
2022-01-26,19.0,19.0,18.530000686645508,18.540000915527344,8068243
2022-01-27,18.100000381469727,19.350000381469727,18.030000686645508,19.34000015258789,15482567
2022-01-28,19.489999771118164,19.510000228881836,18.729999542236328,18.799999237060547,12148628
2022-01-31,18.90999984741211,18.979999542236328,18.31999969482422,18.690000534057617,13696486
2022-02-01,18.780000686645508,19.079999923706055,18.459999084472656,18.459999084472656,14022908
2022-02-02,18.510000228881836,18.579999923706055,18.040000915527344,18.100000381469727,13109994
2022-02-03,18.09000015258789,18.34000015258789,17.950000762939453,18.079999923706055,15346448
2022-02-04,18.1299991607666,18.219999313354492,17.940000534057617,18.020000457763672,9519721
2022-02-07,18.020000457763672,18.450000762939453,17.450000762939453,18.440000534057617,14737997
2022-02-08,18.479999542236328,18.520000457763672,17.889999389648438,18.059999465942383,21789593
2022-02-09,18.200000762939453,18.229999542236328,17.979999542236328,18.100000381469727,23574630
2022-02-10,18.1200008392334,18.639999389648438,18.020000457763672,18.610000610351562,20682244
2022-02-11,18.549999237060547,18.899999618530273,18.09000015258789,18.899999618530273,17430023
2022-02-14,18.600000381469727,18.899999618530273,18.09000015258789,18.489999771118164,14439197
2022-02-15,18.530000686645508,19.309999465942383,18.530000686645508,18.780000686645508,12972838
2022-02-16,18.850000381469727,18.940000534057617,18.600000381469727,18.770000457763672,7480884
2022-02-17,18.81999969482422,18.8799991607666,18.170000076293945,18.170000076293945,10630491
2022-02-18,18.200000762939453,19.209999084472656,18.200000762939453,19.209999084472656,29036750
2022-02-21,19.360000610351562,19.639999389648438,18.8799991607666,19.34000015258789,17906106
2022-02-22,18.920000076293945,21.139999389648438,18.90999984741211,20.739999771118164,42958416
2022-02-23,21.100000381469727,21.239999771118164,20.18000030517578,20.559999465942383,36053831
2022-02-24,19.049999237060547,20.520000457763672,18.790000915527344,20.020000457763672,24892242
2022-02-25,20.299999237060547,20.559999465942383,19.6200008392334,19.8700008392334,20345813
2022-02-28,19.399999618530273,20.520000457763672,18.790000915527344,20.520000457763672,26371468
2022-03-01,20.579999923706055,21.200000762939453,20.139999389648438,20.15999984741211,13981032
2022-03-02,20.15999984741211,21.15999984741211,20.100000381469727,21.15999984741211,12759092
2022-03-03,21.5,21.600000381469727,21.0,21.3799991607666,14889946
2022-03-04,21.139999389648438,21.219999313354492,20.299999237060547,20.299999237060547,11740275
2022-03-07,20.299999237060547,20.8799991607666,19.959999084472656,20.559999465942383,10987750
2022-03-08,20.239999771118164,20.760000228881836,20.15999984741211,20.34000015258789,9115809
2022-03-09,20.5,21.299999237060547,20.440000534057617,20.760000228881836,11550062
2022-03-10,20.780000686645508,21.239999771118164,20.31999969482422,20.780000686645508,11528278
2022-03-11,20.780000686645508,21.920000076293945,20.700000762939453,21.639999389648438,13770960
2022-03-14,21.760000228881836,21.84000015258789,21.3799991607666,21.579999923706055,8306043
2022-03-15,21.579999923706055,21.799999237060547,21.100000381469727,21.100000381469727,9998290
2022-03-16,21.15999984741211,21.360000610351562,20.780000686645508,21.360000610351562,8937693
2022-03-17,21.479999542236328,22.059999465942383,21.299999237060547,21.899999618530273,9642507
2022-03-18,21.899999618530273,22.040000915527344,21.280000686645508,22.040000915527344,16377210
2022-03-21,22.0,22.139999389648438,21.639999389648438,21.959999084472656,10856694
2022-03-22,21.979999542236328,22.020000457763672,21.65999984741211,21.899999618530273,8844825
2022-03-23,21.899999618530273,22.31999969482422,21.81999969482422,21.81999969482422,13569385
2022-03-24,21.84000015258789,22.0,21.700000762939453,21.940000534057617,8616565
2022-03-25,21.920000076293945,22.520000457763672,21.84000015258789,22.059999465942383,10847155
2022-03-28,22.100000381469727,22.219999313354492,21.700000762939453,21.700000762939453,7754669
2022-03-29,21.799999237060547,22.079999923706055,21.520000457763672,22.020000457763672,11309798
2022-03-30,22.020000457763672,22.459999084472656,21.940000534057617,22.440000534057617,9823140
2022-03-31,22.420000076293945,22.899999618530273,22.15999984741211,22.540000915527344,11188857
2022-04-01,22.6200008392334,22.920000076293945,22.139999389648438,22.200000762939453,8889694
2022-04-04,22.299999237060547,22.84000015258789,22.219999313354492,22.780000686645508,9114071
2022-04-05,22.899999618530273,23.100000381469727,22.459999084472656,22.5,11682325
2022-04-06,22.520000457763672,22.860000610351562,22.100000381469727,22.260000228881836,8605384
2022-04-07,22.31999969482422,22.579999923706055,22.1200008392334,22.1200008392334,10044031
2022-04-08,22.219999313354492,22.34000015258789,22.059999465942383,22.1200008392334,10857785
2022-04-11,22.219999313354492,22.719999313354492,22.18000030517578,22.700000762939453,23461478
2022-04-12,22.760000228881836,22.780000686645508,22.31999969482422,22.31999969482422,17846420
2022-04-13,22.5,22.979999542236328,22.420000076293945,22.579999923706055,32014121
2022-04-14,22.739999771118164,23.200000762939453,22.639999389648438,23.020000457763672,21401854
2022-04-15,23.5,23.65999984741211,22.979999542236328,23.1200008392334,15896179
2022-04-18,23.219999313354492,23.399999618530273,22.979999542236328,23.139999389648438,15164675
2022-04-19,23.18000030517578,23.5,23.139999389648438,23.31999969482422,15954567
2022-04-20,23.5,23.700000762939453,22.799999237060547,23.540000915527344,14349678
2022-04-21,23.639999389648438,23.979999542236328,23.479999542236328,23.5,9677968
2022-04-22,23.459999084472656,23.540000915527344,22.65999984741211,22.760000228881836,10622591
2022-04-25,22.68000030517578,23.3799991607666,22.0,23.020000457763672,17921829
2022-04-26,23.15999984741211,23.920000076293945,23.020000457763672,23.239999771118164,16177118
2022-04-27,23.239999771118164,23.719999313354492,22.979999542236328,23.020000457763672,12576715
2022-04-28,23.079999923706055,23.739999771118164,22.860000610351562,23.100000381469727,9768323
2022-04-29,22.739999771118164,23.0,21.5,21.639999389648438,22992170
2022-05-05,21.899999618530273,22.020000457763672,21.299999237060547,21.299999237060547,12595088
2022-05-06,21.18000030517578,21.420000076293945,20.18000030517578,20.299999237060547,26278501
2022-05-09,20.360000610351562,20.81999969482422,20.34000015258789,20.639999389648438,19195807
2022-05-10,20.8799991607666,21.239999771118164,20.81999969482422,21.020000457763672,3660729
2022-05-11,20.84000015258789,20.899999618530273,20.040000915527344,20.31999969482422,16581010
2022-05-12,20.040000915527344,20.100000381469727,19.520000457763672,19.850000381469727,17015311
2022-05-13,20.0,20.100000381469727,19.59000015258789,19.790000915527344,11601442
2022-05-16,19.850000381469727,19.969999313354492,19.420000076293945,19.559999465942383,12211715
2022-05-17,19.719999313354492,19.75,19.299999237060547,19.299999237060547,12760262
2022-05-18,19.31999969482422,19.479999542236328,18.959999084472656,19.139999389648438,16006580
2022-05-20,19.18000030517578,19.18000030517578,18.600000381469727,18.6200008392334,19796959
2022-05-23,18.799999237060547,19.200000762939453,18.670000076293945,19.200000762939453,17876619
2022-05-24,19.18000030517578,19.440000534057617,18.790000915527344,18.790000915527344,15523404
2022-05-25,18.889999389648438,19.18000030517578,18.84000015258789,19.1200008392334,14495159
2022-05-26,19.229999542236328,19.709999084472656,19.209999084472656,19.690000534057617,17076869
2022-05-27,19.68000030517578,19.809999465942383,18.950000762939453,19.0,15095428
2022-05-30,19.1200008392334,19.700000762939453,19.1200008392334,19.510000228881836,15677357
2022-05-31,19.520000457763672,19.860000610351562,19.34000015258789,19.34000015258789,46390456
2022-06-01,19.540000915527344,19.700000762939453,19.309999465942383,19.389999389648438,17511422
2022-06-02,19.459999084472656,19.559999465942383,19.139999389648438,19.389999389648438,17440697
2022-06-03,19.489999771118164,19.84000015258789,19.329999923706055,19.399999618530273,19330347
2022-06-06,19.530000686645508,19.760000228881836,19.5,19.639999389648438,12834065
2022-06-07,19.639999389648438,19.65999984741211,19.15999984741211,19.260000228881836,18224190
2022-06-08,19.329999923706055,19.3700008392334,18.190000534057617,18.25,24866264
2022-06-09,18.5,18.579999923706055,18.030000686645508,18.170000076293945,19937583
2022-06-10,18.049999237060547,18.299999237060547,17.6200008392334,17.93000030517578,20564804
2022-06-13,17.81999969482422,18.149999618530273,17.75,17.799999237060547,15032237
2022-06-14,17.899999618530273,18.1299991607666,17.6299991607666,17.799999237060547,20134906
2022-06-15,17.809999465942383,17.940000534057617,17.65999984741211,17.809999465942383,14943468
2022-06-16,17.850000381469727,18.079999923706055,17.260000228881836,17.43000030517578,22942441
2022-06-17,17.5,17.8700008392334,17.420000076293945,17.8700008392334,18945833
2022-06-20,17.93000030517578,17.989999771118164,17.6299991607666,17.709999084472656,17459674
2022-06-21,17.809999465942383,18.100000381469727,17.719999313354492,18.049999237060547,30542905
2022-06-22,18.049999237060547,18.270000457763672,17.979999542236328,18.049999237060547,31542319
2022-06-23,18.100000381469727,18.149999618530273,17.700000762939453,17.700000762939453,23129989
2022-06-24,17.510000228881836,18.030000686645508,17.489999771118164,17.799999237060547,24312771
2022-06-27,17.209999084472656,17.739999771118164,17.18000030517578,17.649999618530273,34732629
2022-06-28,17.649999618530273,17.760000228881836,17.15999984741211,17.3799991607666,31101485
2022-06-29,17.399999618530273,17.420000076293945,16.670000076293945,16.68000030517578,24353525
2022-06-30,16.65999984741211,16.739999771118164,16.1200008392334,16.200000762939453,40632010
2022-07-01,16.209999084472656,16.75,16.209999084472656,16.579999923706055,17087511
2022-07-04,16.729999542236328,17.3700008392334,16.729999542236328,16.940000534057617,19682451
2022-07-05,17.040000915527344,17.290000915527344,16.8799991607666,16.959999084472656,19594348
2022-07-06,17.270000457763672,17.690000534057617,17.049999237060547,17.579999923706055,20941702
2022-07-07,17.579999923706055,17.729999542236328,17.450000762939453,17.600000381469727,11329115
2022-07-08,17.600000381469727,17.6299991607666,17.329999923706055,17.40999984741211,5626513
2022-07-13,17.920000076293945,17.920000076293945,16.84000015258789,17.200000762939453,18458681
2022-07-14,17.06999969482422,17.170000076293945,16.799999237060547,16.889999389648438,14156571
2022-07-18,17.139999389648438,17.270000457763672,17.06999969482422,17.25,14300711
2022-07-19,17.219999313354492,17.959999084472656,17.1200008392334,17.920000076293945,25795818
2022-07-20,17.93000030517578,18.290000915527344,17.670000076293945,18.290000915527344,19776025
2022-07-21,18.290000915527344,18.299999237060547,17.809999465942383,17.940000534057617,19767364
2022-07-22,18.020000457763672,18.079999923706055,17.760000228881836,17.889999389648438,17079045
2022-07-25,17.899999618530273,17.93000030517578,17.760000228881836,17.780000686645508,21569885
2022-07-26,17.34000015258789,17.3799991607666,17.09000015258789,17.15999984741211,12666598
2022-07-27,17.219999313354492,17.219999313354492,16.93000030517578,16.979999542236328,11845946
2022-07-28,17.1200008392334,17.149999618530273,16.729999542236328,16.739999771118164,15698379
2022-07-29,16.790000915527344,16.979999542236328,16.6200008392334,16.920000076293945,15563538
2022-08-01,17.0,17.329999923706055,16.969999313354492,17.25,21463252
2022-08-02,17.299999237060547,17.40999984741211,16.979999542236328,17.030000686645508,23302867
2022-08-03,17.1299991607666,17.309999465942383,17.079999923706055,17.200000762939453,17130940
2022-08-04,17.309999465942383,17.5,17.290000915527344,17.299999237060547,24457137
2022-08-05,17.360000610351562,17.579999923706055,17.219999313354492,17.440000534057617,26582651
2022-08-08,17.700000762939453,18.209999084472656,17.65999984741211,18.110000610351562,33627966
2022-08-09,18.149999618530273,18.18000030517578,17.670000076293945,17.790000915527344,22493930
2022-08-10,17.850000381469727,18.139999389648438,17.770000457763672,18.030000686645508,26931131
2022-08-11,18.15999984741211,18.420000076293945,18.1299991607666,18.1299991607666,25705055
2022-08-12,18.139999389648438,18.309999465942383,17.729999542236328,17.799999237060547,30669201
2022-08-15,17.809999465942383,17.920000076293945,17.229999542236328,17.25,31652356
2022-08-16,17.299999237060547,17.329999923706055,16.440000534057617,17.059999465942383,53920413
2022-08-17,17.200000762939453,17.450000762939453,17.06999969482422,17.450000762939453,41549969
2022-08-18,17.530000686645508,18.139999389648438,17.360000610351562,18.030000686645508,69063216
2022-08-19,18.299999237060547,19.040000915527344,18.15999984741211,18.709999084472656,82395079
2022-08-22,19.040000915527344,20.299999237060547,18.75,19.899999618530273,93118477
2022-08-23,20.299999237060547,20.920000076293945,19.889999389648438,20.700000762939453,65411080
2022-08-24,20.719999313354492,21.420000076293945,20.079999923706055,20.81999969482422,78544664
2022-08-25,21.100000381469727,22.719999313354492,20.940000534057617,21.899999618530273,88993785
2022-08-26,22.260000228881836,22.760000228881836,21.15999984741211,21.579999923706055,97260551
2022-08-29,21.420000076293945,22.15999984741211,21.0,22.079999923706055,65997130
2022-08-31,22.139999389648438,22.520000457763672,21.600000381469727,21.600000381469727,63973825
2022-09-01,21.6200008392334,22.020000457763672,21.299999237060547,21.459999084472656,48751436
2022-09-02,21.799999237060547,22.100000381469727,21.459999084472656,21.860000610351562,53455647
2022-09-05,22.1200008392334,23.260000228881836,21.940000534057617,22.979999542236328,90675606
2022-09-06,23.260000228881836,23.860000610351562,22.100000381469727,23.1200008392334,113116473
2022-09-07,23.459999084472656,25.260000228881836,23.299999237060547,24.84000015258789,122932300
2022-09-08,25.299999237060547,25.579999923706055,24.059999465942383,24.299999237060547,100726330
2022-09-09,24.299999237060547,24.84000015258789,24.0,24.020000457763672,87321128
2022-09-12,24.299999237060547,25.81999969482422,24.15999984741211,25.799999237060547,100940629
2022-09-13,26.399999618530273,26.440000534057617,23.219999313354492,23.219999313354492,88535887
2022-09-14,23.18000030517578,24.639999389648438,22.399999618530273,24.440000534057617,75765660
2022-09-15,24.540000915527344,24.920000076293945,22.65999984741211,23.040000915527344,73291422
2022-09-16,23.1200008392334,23.739999771118164,22.239999771118164,23.139999389648438,44162858
2022-09-19,23.280000686645508,23.559999465942383,21.31999969482422,21.31999969482422,35027889
2022-09-20,21.34000015258789,22.520000457763672,21.31999969482422,22.5,39128051
2022-09-21,22.360000610351562,22.739999771118164,21.760000228881836,22.18000030517578,32830241
2022-09-22,22.059999465942383,22.540000915527344,21.739999771118164,21.760000228881836,39705095
2022-09-23,21.899999618530273,22.219999313354492,21.34000015258789,21.520000457763672,38166283
2022-09-26,21.520000457763672,21.979999542236328,21.360000610351562,21.3799991607666,43454850
2022-09-27,21.440000534057617,21.899999618530273,21.200000762939453,21.200000762939453,37072181
2022-09-28,21.15999984741211,21.399999618530273,20.1200008392334,20.139999389648438,48605634
2022-09-29,20.31999969482422,20.639999389648438,19.40999984741211,20.100000381469727,46979349
2022-09-30,20.139999389648438,20.219999313354492,19.670000076293945,19.81999969482422,37327418
2022-10-03,19.889999389648438,21.799999237060547,19.889999389648438,21.739999771118164,49619881
2022-10-04,22.0,22.040000915527344,21.219999313354492,21.5,38407341
2022-10-05,21.81999969482422,21.8799991607666,21.1200008392334,21.5,45422267
2022-10-06,21.780000686645508,22.420000076293945,21.719999313354492,22.299999237060547,37815094
2022-10-07,22.280000686645508,22.8799991607666,21.860000610351562,22.719999313354492,54974412
2022-10-10,23.5,23.860000610351562,23.100000381469727,23.360000610351562,53005456
2022-10-11,23.459999084472656,25.399999618530273,23.040000915527344,25.139999389648438,91359479
2022-10-12,25.079999923706055,25.100000381469727,23.899999618530273,23.899999618530273,65920069
2022-10-13,24.0,24.239999771118164,23.200000762939453,23.360000610351562,52098667
2022-10-14,23.799999237060547,24.059999465942383,23.3799991607666,23.440000534057617,45479419
2022-10-17,23.600000381469727,25.239999771118164,23.579999923706055,25.0,75524372
2022-10-18,25.260000228881836,26.0,24.700000762939453,25.799999237060547,76940098
2022-10-19,25.920000076293945,26.299999237060547,25.200000762939453,25.34000015258789,58436933
2022-10-20,25.34000015258789,26.059999465942383,25.059999465942383,25.420000076293945,64713704
2022-10-21,25.479999542236328,25.979999542236328,25.020000457763672,25.219999313354492,45374736
2022-10-24,25.600000381469727,26.3799991607666,25.540000915527344,26.059999465942383,58166170
2022-10-25,26.219999313354492,26.719999313354492,25.18000030517578,25.239999771118164,65618100
2022-10-26,25.299999237060547,25.479999542236328,24.700000762939453,24.719999313354492,44209277
2022-10-27,24.959999084472656,25.280000686645508,24.440000534057617,25.059999465942383,63726208
2022-10-28,24.959999084472656,25.100000381469727,24.239999771118164,24.239999771118164,20047075
2022-10-31,24.360000610351562,25.65999984741211,24.059999465942383,25.639999389648438,64470090
2022-11-01,25.719999313354492,27.799999237060547,25.440000534057617,26.899999618530273,94221033
2022-11-02,27.059999465942383,27.940000534057617,26.899999618530273,27.899999618530273,66530769
2022-11-03,28.040000915527344,28.5,27.3799991607666,27.899999618530273,65735847
2022-11-04,27.940000534057617,28.299999237060547,27.200000762939453,28.18000030517578,70678843
2022-11-07,28.5,29.15999984741211,28.239999771118164,28.739999771118164,53107085
2022-11-08,28.760000228881836,29.68000030517578,28.280000686645508,29.399999618530273,56814524
2022-11-09,29.520000457763672,32.34000015258789,29.520000457763672,32.02000045776367,138467573
2022-11-10,32.119998931884766,33.68000030517578,31.760000228881836,32.41999816894531,115669180
2022-11-11,32.70000076293945,34.79999923706055,32.459999084472656,32.7400016784668,87615673
2022-11-14,32.7599983215332,34.099998474121094,32.5,33.08000183105469,70866781
2022-11-15,33.459999084472656,33.86000061035156,31.559999465942383,31.940000534057617,67597274
2022-11-16,31.940000534057617,32.34000015258789,31.1200008392334,31.1200008392334,71647023
2022-11-17,31.1200008392334,31.84000015258789,29.579999923706055,31.18000030517578,53851175
2022-11-18,31.200000762939453,31.739999771118164,30.579999923706055,31.31999969482422,37357181
2022-11-21,31.559999465942383,31.81999969482422,30.8799991607666,31.68000030517578,39238648
2022-11-22,32.040000915527344,32.7599983215332,31.84000015258789,32.720001220703125,45392447
2022-11-23,33.02000045776367,33.15999984741211,32.279998779296875,32.900001525878906,44353066
2022-11-24,33.15999984741211,35.540000915527344,32.959999084472656,34.29999923706055,117168263
2022-11-25,34.13999938964844,35.380001068115234,33.939998626708984,34.52000045776367,70949940
2022-11-28,34.70000076293945,35.63999938964844,34.20000076293945,35.099998474121094,56979279
2022-11-29,35.34000015258789,35.84000015258789,34.08000183105469,34.279998779296875,49118832
2022-11-30,34.20000076293945,35.08000183105469,33.880001068115234,33.880001068115234,71256888
2022-12-01,34.29999923706055,35.099998474121094,34.18000030517578,34.81999969482422,50720338
2022-12-02,34.880001068115234,34.900001525878906,32.599998474121094,33.040000915527344,73567508
2022-12-05,33.400001525878906,34.13999938964844,32.720001220703125,33.459999084472656,65055276
2022-12-06,33.599998474121094,34.560001373291016,33.439998626708984,33.84000015258789,56079828
2022-12-07,33.939998626708984,34.119998931884766,32.279998779296875,32.65999984741211,40073028
2022-12-08,32.560001373291016,32.939998626708984,31.18000030517578,31.920000076293945,36179180
2022-12-09,32.119998931884766,32.86000061035156,31.940000534057617,32.380001068115234,36831669
2022-12-12,32.619998931884766,35.599998474121094,32.619998931884766,35.599998474121094,73865655
2022-12-13,35.959999084472656,37.13999938964844,34.97999954223633,35.13999938964844,71562841
2022-12-14,35.400001525878906,38.220001220703125,34.0,34.15999984741211,110143544
2022-12-15,35.5,36.58000183105469,34.70000076293945,36.040000915527344,89863040
2022-12-16,36.18000030517578,36.36000061035156,35.2599983215332,35.279998779296875,22994822
2022-12-19,35.400001525878906,36.400001525878906,34.86000061035156,35.47999954223633,80771980
2022-12-20,35.47999954223633,36.0,35.08000183105469,35.5,64105917
2022-12-21,35.599998474121094,36.47999954223633,34.81999969482422,34.81999969482422,87756681
2022-12-22,35.20000076293945,35.779998779296875,34.81999969482422,35.099998474121094,66514205
2022-12-23,35.099998474121094,36.97999954223633,34.939998626708984,36.79999923706055,101640168
2022-12-26,37.5,38.08000183105469,37.08000183105469,37.400001525878906,58796677
2022-12-27,37.400001525878906,40.2400016784668,37.18000030517578,38.619998931884766,126763331
2022-12-28,38.939998626708984,39.040000915527344,36.439998626708984,37.0,81823406
2022-12-29,37.02000045776367,39.220001220703125,36.52000045776367,38.20000076293945,99186393
2022-12-30,38.720001220703125,39.70000076293945,37.7400016784668,37.880001068115234,147654877
2023-01-02,38.52000045776367,40.900001525878906,38.52000045776367,40.099998474121094,124414680
2023-01-03,41.900001525878906,43.36000061035156,40.880001068115234,41.939998626708984,125707403
2023-01-04,41.939998626708984,41.939998626708984,40.0,40.5,64003761
2023-01-05,40.599998474121094,40.880001068115234,38.560001373291016,39.15999984741211,57061886
2023-01-06,37.599998474121094,40.68000030517578,36.13999938964844,39.400001525878906,128103646
2023-01-09,39.720001220703125,39.880001068115234,36.13999938964844,36.779998779296875,83938096
2023-01-10,36.540000915527344,37.459999084472656,35.08000183105469,35.84000015258789,80686056
2023-01-11,35.84000015258789,36.720001220703125,33.220001220703125,33.220001220703125,64614872
2023-01-12,34.29999923706055,34.65999984741211,31.459999084472656,34.119998931884766,84168462
2023-01-13,34.13999938964844,35.36000061035156,33.540000915527344,33.81999969482422,62869149
2023-01-16,34.20000076293945,35.7599983215332,33.86000061035156,35.65999984741211,48113134
2023-01-17,35.91999816894531,38.20000076293945,35.65999984741211,37.220001220703125,90455672
2023-01-18,37.220001220703125,38.540000915527344,37.060001373291016,37.68000030517578,66684423
2023-01-19,37.540000915527344,38.119998931884766,36.959999084472656,37.31999969482422,41086012
2023-01-20,38.400001525878906,40.34000015258789,38.380001068115234,39.13999938964844,84965254
2023-01-23,39.599998474121094,41.060001373291016,39.040000915527344,39.58000183105469,63305367
2023-01-24,39.5,40.63999938964844,38.619998931884766,40.52000045776367,62339391
2023-01-25,40.84000015258789,41.0,38.13999938964844,39.939998626708984,59478054
2023-01-26,40.0,40.7599983215332,38.91999816894531,39.20000076293945,59104979
2023-01-27,38.86000061035156,39.31999969482422,36.91999816894531,38.040000915527344,48384732
2023-01-30,38.220001220703125,38.86000061035156,37.86000061035156,38.02000045776367,39446098
2023-01-31,37.68000030517578,37.86000061035156,36.040000915527344,36.29999923706055,61890270
2023-02-01,36.619998931884766,36.720001220703125,34.79999923706055,34.79999923706055,49586275
2023-02-02,35.0,36.29999923706055,33.18000030517578,34.81999969482422,58658925
2023-02-03,34.81999969482422,37.08000183105469,34.220001220703125,36.900001525878906,46139541
2023-02-06,35.70000076293945,37.20000076293945,34.5,37.099998474121094,7742101
2023-02-07,36.619998931884766,36.619998931884766,33.400001525878906,33.400001525878906,21833952
2023-02-08,31.0,31.0,31.0,31.0,844
2023-02-15,35.0,36.7400016784668,35.0,36.7400016784668,14320179
2023-02-16,39.7599983215332,39.79999923706055,35.15999984741211,35.29999923706055,39218301
2023-02-17,33.5,35.20000076293945,33.31999969482422,33.79999923706055,29925772
2023-02-20,33.79999923706055,34.060001373291016,32.119998931884766,33.2599983215332,40297876
2023-02-21,32.900001525878906,33.900001525878906,32.2400016784668,32.400001525878906,37220526
2023-02-22,32.400001525878906,33.65999984741211,32.29999923706055,33.220001220703125,41120317
2023-02-23,32.81999969482422,33.0,32.060001373291016,32.279998779296875,23012278
2023-02-24,32.29999923706055,32.58000183105469,31.360000610351562,31.360000610351562,26317310
2023-02-27,31.399999618530273,32.08000183105469,30.239999771118164,31.959999084472656,41215527
2023-02-28,32.20000076293945,32.5,31.559999465942383,31.920000076293945,29151436
2023-03-01,32.20000076293945,32.459999084472656,31.760000228881836,31.84000015258789,26526581
2023-03-02,31.84000015258789,32.560001373291016,31.760000228881836,31.84000015258789,31854319
2023-03-03,31.780000686645508,32.08000183105469,30.200000762939453,31.360000610351562,26034596
2023-03-06,31.579999923706055,32.68000030517578,31.440000534057617,32.599998474121094,31748693
2023-03-07,33.02000045776367,33.779998779296875,32.20000076293945,32.20000076293945,30513107
2023-03-08,32.13999938964844,34.099998474121094,32.040000915527344,33.81999969482422,49150954
2023-03-09,33.97999954223633,34.5,33.65999984741211,33.720001220703125,37044931
2023-03-10,34.13999938964844,35.560001373291016,33.91999816894531,35.15999984741211,54996830
2023-03-13,35.5,35.86000061035156,33.7400016784668,34.099998474121094,34965299
2023-03-14,34.20000076293945,35.2400016784668,34.099998474121094,34.20000076293945,31988599
2023-03-15,34.2400016784668,34.34000015258789,32.02000045776367,32.220001220703125,37467947
2023-03-16,32.70000076293945,33.08000183105469,31.84000015258789,32.7400016784668,27728740
2023-03-17,33.060001373291016,33.91999816894531,31.899999618530273,31.899999618530273,49520353
2023-03-20,32.02000045776367,32.36000061035156,30.780000686645508,31.020000457763672,26781665
2023-03-21,31.1200008392334,31.34000015258789,30.200000762939453,30.559999465942383,23908493
2023-03-22,30.81999969482422,31.520000457763672,30.260000228881836,31.520000457763672,21827763
2023-03-23,31.440000534057617,32.18000030517578,31.15999984741211,32.18000030517578,19749333
2023-03-24,32.34000015258789,32.599998474121094,31.559999465942383,31.68000030517578,24443921
2023-03-27,32.02000045776367,33.459999084472656,31.68000030517578,33.060001373291016,34031935
2023-03-28,32.97999954223633,32.97999954223633,30.940000534057617,30.940000534057617,23012444
2023-03-29,30.940000534057617,32.0,30.5,31.959999084472656,22694096
2023-03-30,31.799999237060547,32.81999969482422,31.65999984741211,31.899999618530273,24251084
2023-03-31,31.68000030517578,32.31999969482422,31.0,31.979999542236328,25088538
2023-04-03,32.099998474121094,33.400001525878906,31.3799991607666,32.91999816894531,30661286
2023-04-04,32.91999816894531,34.900001525878906,32.84000015258789,34.599998474121094,29322795
2023-04-05,34.65999984741211,35.540000915527344,34.31999969482422,34.31999969482422,32712563
2023-04-06,34.34000015258789,35.119998931884766,34.220001220703125,34.560001373291016,26734374
2023-04-07,34.619998931884766,34.720001220703125,33.7599983215332,33.900001525878906,13232468
2023-04-10,34.119998931884766,35.720001220703125,34.119998931884766,35.599998474121094,21583117
2023-04-11,35.65999984741211,36.7599983215332,35.220001220703125,35.79999923706055,32738871
2023-04-12,35.81999969482422,36.58000183105469,35.70000076293945,36.18000030517578,19294821
2023-04-13,36.18000030517578,36.540000915527344,35.58000183105469,36.279998779296875,22612508
2023-04-14,36.540000915527344,37.119998931884766,36.34000015258789,36.70000076293945,23448052
2023-04-17,36.900001525878906,37.619998931884766,36.5,37.18000030517578,21959666
2023-04-18,37.29999923706055,37.34000015258789,36.220001220703125,36.70000076293945,21990403
2023-04-19,36.63999938964844,37.65999984741211,36.599998474121094,37.15999984741211,17671657
2023-04-20,37.08000183105469,38.79999923706055,37.060001373291016,38.540000915527344,11524317
2023-04-24,38.65999984741211,39.0,37.29999923706055,37.619998931884766,17168167
2023-04-25,37.720001220703125,37.79999923706055,35.279998779296875,35.439998626708984,17974065
2023-04-26,35.400001525878906,35.880001068115234,33.91999816894531,34.959999084472656,25448096
2023-04-27,34.7599983215332,35.41999816894531,34.31999969482422,34.84000015258789,17774437
2023-04-28,34.84000015258789,34.959999084472656,33.099998474121094,33.099998474121094,20288284
2023-05-02,33.18000030517578,33.81999969482422,32.52000045776367,32.68000030517578,16903540
2023-05-03,32.70000076293945,33.0,30.920000076293945,32.439998626708984,19400275
2023-05-04,32.119998931884766,33.41999816894531,31.899999618530273,32.2400016784668,15190468
2023-05-05,32.040000915527344,32.58000183105469,31.3799991607666,31.399999618530273,11942362
2023-05-08,31.719999313354492,32.52000045776367,31.420000076293945,32.47999954223633,13370906
2023-05-09,32.63999938964844,33.119998931884766,31.940000534057617,32.380001068115234,17531537
2023-05-10,33.31999969482422,34.20000076293945,32.459999084472656,33.70000076293945,26654137
2023-05-11,33.68000030517578,36.52000045776367,33.29999923706055,35.91999816894531,37183813
2023-05-12,35.97999954223633,36.34000015258789,33.70000076293945,34.5,40685398
2023-05-15,32.7400016784668,34.599998474121094,31.079999923706055,31.079999923706055,39051776
2023-05-16,31.139999389648438,32.400001525878906,31.1200008392334,32.2599983215332,40772043
2023-05-17,32.29999923706055,33.70000076293945,32.18000030517578,33.63999938964844,26323867
2023-05-18,33.79999923706055,34.040000915527344,32.279998779296875,32.31999969482422,27545319
2023-05-22,32.560001373291016,32.7400016784668,31.34000015258789,31.799999237060547,23614752
2023-05-23,31.6200008392334,31.84000015258789,31.139999389648438,31.299999237060547,12556881
2023-05-24,31.31999969482422,32.08000183105469,30.899999618530273,30.940000534057617,17851155
2023-05-25,31.200000762939453,31.5,30.579999923706055,30.920000076293945,14885063
2023-05-26,31.020000457763672,33.08000183105469,30.959999084472656,32.7400016784668,21865694
2023-05-29,34.20000076293945,34.52000045776367,33.099998474121094,33.7400016784668,34776123
2023-05-30,34.0,35.47999954223633,33.97999954223633,34.79999923706055,33953437
2023-05-31,34.779998779296875,35.15999984741211,33.439998626708984,33.5,34448162
2023-06-01,33.91999816894531,34.52000045776367,33.599998474121094,33.7599983215332,21253470
2023-06-02,34.97999954223633,35.540000915527344,34.58000183105469,35.47999954223633,32639179
2023-06-05,36.02000045776367,36.619998931884766,35.599998474121094,36.380001068115234,40796267
2023-06-06,36.36000061035156,36.959999084472656,35.779998779296875,36.08000183105469,34758005
2023-06-07,36.7599983215332,37.68000030517578,36.63999938964844,36.84000015258789,36698776
2023-06-08,36.65999984741211,36.900001525878906,35.400001525878906,36.0,25648822
2023-06-09,36.400001525878906,38.7400016784668,35.70000076293945,37.34000015258789,105280639
2023-06-12,37.79999923706055,38.939998626708984,36.900001525878906,36.900001525878906,94400918
2023-06-13,37.20000076293945,37.959999084472656,36.040000915527344,36.2400016784668,48944912
2023-06-14,36.220001220703125,36.79999923706055,34.7599983215332,35.02000045776367,35488998
2023-06-15,35.52000045776367,35.880001068115234,34.779998779296875,35.7599983215332,31974368
2023-06-16,35.86000061035156,36.939998626708984,35.720001220703125,35.720001220703125,42337518
2023-06-19,35.720001220703125,35.79999923706055,34.13999938964844,34.13999938964844,23581680
2023-06-20,34.02000045776367,34.63999938964844,33.65999984741211,34.2400016784668,22562713
2023-06-21,34.279998779296875,34.97999954223633,33.18000030517578,33.29999923706055,26712455
2023-06-22,33.5,34.599998474121094,33.099998474121094,34.599998474121094,43408403
2023-06-23,35.119998931884766,35.959999084472656,34.70000076293945,35.5,43081354
2023-06-26,35.70000076293945,37.439998626708984,35.70000076293945,36.68000030517578,51729548
2023-06-27,36.52000045776367,36.86000061035156,36.2599983215332,36.29999923706055,14629991
2023-07-03,37.13999938964844,37.97999954223633,37.02000045776367,37.439998626708984,65203143
2023-07-04,37.58000183105469,38.040000915527344,37.2599983215332,37.41999816894531,53253823
2023-07-05,37.5,40.119998931884766,37.5,39.439998626708984,109927073
2023-07-06,39.52000045776367,40.880001068115234,39.34000015258789,40.439998626708984,63609090
2023-07-07,40.380001068115234,41.040000915527344,39.70000076293945,39.959999084472656,40003638
2023-07-10,40.70000076293945,40.79999923706055,39.900001525878906,40.099998474121094,32798993
2023-07-11,40.79999923706055,42.08000183105469,39.880001068115234,41.720001220703125,67434505
2023-07-12,41.720001220703125,43.29999923706055,41.63999938964844,42.380001068115234,73746803
2023-07-13,42.439998626708984,43.0,41.58000183105469,42.560001373291016,36001648
2023-07-14,42.79999923706055,43.220001220703125,42.31999969482422,42.65999984741211,33839569
2023-07-17,43.400001525878906,44.41999816894531,43.2599983215332,44.41999816894531,55516747
2023-07-18,44.560001373291016,48.220001220703125,43.939998626708984,44.7599983215332,136557691
2023-07-19,45.0,47.900001525878906,44.81999969482422,47.119998931884766,112966193
2023-07-20,47.400001525878906,47.63999938964844,45.779998779296875,46.58000183105469,67236906
2023-07-21,46.58000183105469,48.52000045776367,46.47999954223633,47.0,59596654
2023-07-24,47.2599983215332,47.900001525878906,45.099998474121094,45.70000076293945,48596848
2023-07-25,46.0,46.08000183105469,44.13999938964844,45.13999938964844,39101297
2023-07-26,44.959999084472656,46.619998931884766,44.599998474121094,46.220001220703125,39289786
2023-07-27,46.52000045776367,49.0,46.099998474121094,48.81999969482422,74896709
2023-07-28,49.0,52.79999923706055,48.41999816894531,52.20000076293945,82613419
2023-07-31,52.150001525878906,53.150001525878906,51.04999923706055,51.70000076293945,57917576
2023-08-01,51.54999923706055,52.5,50.349998474121094,50.5,43234952
2023-08-02,50.29999923706055,52.650001525878906,50.04999923706055,51.849998474121094,41569284
2023-08-03,51.849998474121094,52.79999923706055,50.25,50.650001525878906,33217990
2023-08-04,51.20000076293945,52.5,50.70000076293945,52.04999923706055,37519916
2023-08-07,52.349998474121094,53.900001525878906,51.75,53.20000076293945,44583975
2023-08-08,54.099998474121094,55.150001525878906,52.349998474121094,53.70000076293945,48765256
2023-08-09,53.900001525878906,54.54999923706055,52.400001525878906,54.04999923706055,45163444
2023-08-10,54.29999923706055,54.900001525878906,50.75,51.25,37607986
2023-08-11,51.25,53.79999923706055,50.70000076293945,53.349998474121094,43296409
2023-08-14,53.599998474121094,55.79999923706055,53.150001525878906,54.20000076293945,57529236
2023-08-15,54.45000076293945,55.70000076293945,53.599998474121094,55.29999923706055,52896089
2023-08-16,55.45000076293945,56.150001525878906,54.04999923706055,54.04999923706055,48391321
2023-08-17,54.29999923706055,54.849998474121094,53.04999923706055,53.650001525878906,33524297
2023-08-18,54.5,55.349998474121094,50.0,51.70000076293945,63364870
2023-08-21,51.75,56.849998474121094,51.20000076293945,56.849998474121094,38263703
2023-08-22,58.79999923706055,60.599998474121094,57.70000076293945,58.75,112940206
2023-08-23,59.25,62.650001525878906,56.849998474121094,57.400001525878906,114574428
2023-08-24,57.900001525878906,59.650001525878906,55.650001525878906,56.0,67768661
2023-08-25,57.0,59.29999923706055,55.650001525878906,58.0,58088804
2023-08-28,58.650001525878906,61.150001525878906,58.349998474121094,58.79999923706055,50009111
2023-08-29,58.849998474121094,60.150001525878906,57.54999923706055,58.54999923706055,44877776
2023-08-31,58.900001525878906,59.099998474121094,55.79999923706055,55.79999923706055,34258667
2023-09-01,56.25,57.54999923706055,56.099998474121094,57.0,27437226
2023-09-04,57.650001525878906,60.349998474121094,56.900001525878906,58.349998474121094,54446298
2023-09-05,58.20000076293945,59.5,57.599998474121094,58.849998474121094,30241329
2023-09-06,59.5,59.599998474121094,57.099998474121094,57.45000076293945,29304818
2023-09-07,57.79999923706055,59.70000076293945,57.79999923706055,59.0,32010417
2023-09-08,59.75,60.5,58.5,58.95000076293945,24425371
2023-09-11,59.349998474121094,61.0,58.900001525878906,59.04999923706055,52259371
2023-09-12,59.099998474121094,62.650001525878906,58.95000076293945,60.54999923706055,57965354
2023-09-13,60.900001525878906,61.849998474121094,58.20000076293945,59.150001525878906,31685014
2023-09-14,59.29999923706055,60.20000076293945,57.150001525878906,60.20000076293945,25849551
2023-09-15,59.95000076293945,60.150001525878906,56.54999923706055,56.54999923706055,31143060
2023-09-18,56.900001525878906,57.79999923706055,53.54999923706055,54.04999923706055,39575173
2023-09-19,54.25,54.54999923706055,52.400001525878906,54.0,30526111
2023-09-20,54.29999923706055,55.04999923706055,52.95000076293945,53.400001525878906,27431246
2023-09-21,53.099998474121094,55.400001525878906,52.599998474121094,55.400001525878906,20532540
2023-09-22,55.400001525878906,55.599998474121094,54.0,54.45000076293945,18374241
2023-09-25,54.599998474121094,55.650001525878906,54.150001525878906,55.20000076293945,44316027
2023-09-26,55.45000076293945,56.25,53.0,53.0,37682828
2023-09-27,53.45000076293945,54.04999923706055,52.900001525878906,52.900001525878906,21869177
2023-09-28,53.0,53.54999923706055,51.599998474121094,51.70000076293945,32305132
2023-09-29,52.04999923706055,53.650001525878906,52.04999923706055,53.29999923706055,25224744
2023-10-02,53.349998474121094,54.5,53.25,54.150001525878906,26005023
2023-10-03,54.599998474121094,56.0,53.900001525878906,56.0,46651575
2023-10-04,56.400001525878906,56.5,54.099998474121094,54.20000076293945,28354991
2023-10-05,54.25,55.79999923706055,52.79999923706055,55.54999923706055,30543287
2023-10-06,55.29999923706055,56.099998474121094,54.650001525878906,55.25,18215731
2023-10-09,54.150001525878906,54.900001525878906,52.900001525878906,53.099998474121094,16785310
2023-10-10,53.70000076293945,54.75,53.599998474121094,53.95000076293945,20329768
2023-10-11,54.0,56.79999923706055,53.95000076293945,55.29999923706055,41973227
2023-10-12,55.900001525878906,56.20000076293945,52.45000076293945,54.150001525878906,21650146
2023-10-13,54.150001525878906,54.20000076293945,52.5,53.0,17655712
2023-10-16,53.599998474121094,53.79999923706055,51.29999923706055,51.45000076293945,20768477
2023-10-17,51.70000076293945,52.650001525878906,51.04999923706055,52.54999923706055,21820643
2023-10-18,51.650001525878906,52.04999923706055,50.0,50.0,19374126
2023-10-19,50.0,50.79999923706055,49.099998474121094,49.2400016784668,21734626
2023-10-20,49.119998931884766,50.0,48.2599983215332,48.97999954223633,23029644
2023-10-23,49.41999816894531,50.95000076293945,49.20000076293945,49.79999923706055,25383096
2023-10-24,50.099998474121094,50.849998474121094,49.7400016784668,50.849998474121094,39593041
2023-10-25,52.5,53.150001525878906,48.099998474121094,48.47999954223633,52849393
2023-10-26,49.15999984741211,50.900001525878906,48.15999984741211,50.04999923706055,42439200
2023-10-27,49.959999084472656,51.20000076293945,49.099998474121094,50.95000076293945,34078301
2023-10-30,50.95000076293945,51.599998474121094,49.439998626708984,49.900001525878906,24125297
2023-10-31,50.0,50.5,47.5,48.0,24366223
2023-11-01,48.439998626708984,49.7599983215332,47.86000061035156,49.2599983215332,30028240
2023-11-02,49.52000045776367,51.20000076293945,49.31999969482422,50.0,25603354
2023-11-03,50.04999923706055,50.349998474121094,48.939998626708984,49.97999954223633,27253810
2023-11-06,50.599998474121094,52.29999923706055,50.54999923706055,51.349998474121094,20760554
2023-11-07,52.0,53.95000076293945,51.75,53.099998474121094,43599549
2023-11-08,53.900001525878906,56.150001525878906,53.099998474121094,55.349998474121094,56654413
2023-11-09,55.0,56.29999923706055,54.099998474121094,55.54999923706055,40745367
2023-11-10,55.5,56.0,54.849998474121094,55.0,30384907
2023-11-13,55.25,55.45000076293945,53.70000076293945,53.900001525878906,22482267
2023-11-14,54.0,55.599998474121094,53.25,55.599998474121094,22695074
2023-11-15,55.900001525878906,57.04999923706055,53.70000076293945,54.29999923706055,31180147
2023-11-16,54.29999923706055,55.150001525878906,54.29999923706055,54.900001525878906,19835841
2023-11-17,54.900001525878906,56.95000076293945,54.099998474121094,56.650001525878906,41171406
2023-11-20,57.54999923706055,59.54999923706055,57.150001525878906,57.349998474121094,39644464
2023-11-21,57.70000076293945,58.79999923706055,56.95000076293945,57.5,25839057
2023-11-22,57.650001525878906,59.0,57.400001525878906,57.5,33207310
2023-11-23,57.599998474121094,58.400001525878906,57.04999923706055,57.29999923706055,30360049
2023-11-24,57.29999923706055,58.099998474121094,56.400001525878906,58.04999923706055,23318703
2023-11-27,58.29999923706055,58.95000076293945,57.599998474121094,58.650001525878906,30734062
2023-11-28,58.650001525878906,60.0,58.349998474121094,58.849998474121094,42345217
2023-11-29,58.95000076293945,59.599998474121094,57.0,57.25,37299270
2023-11-30,57.25,57.849998474121094,56.45000076293945,57.849998474121094,41129904
2023-12-01,58.20000076293945,58.95000076293945,57.54999923706055,58.5,25919495
2023-12-04,58.599998474121094,58.900001525878906,57.25,57.599998474121094,23707352
2023-12-05,57.650001525878906,59.150001525878906,57.400001525878906,57.900001525878906,42673310
2023-12-06,58.0,59.20000076293945,57.45000076293945,57.70000076293945,38016348
2023-12-07,58.0,58.25,56.099998474121094,58.0,48723072
2023-12-08,58.29999923706055,59.349998474121094,57.75,58.5,43975484
2023-12-11,58.45000076293945,59.849998474121094,56.849998474121094,58.0,50313412
2023-12-12,57.900001525878906,58.04999923706055,55.099998474121094,55.70000076293945,36755643
2023-12-13,55.20000076293945,55.349998474121094,52.20000076293945,52.20000076293945,36927540
2023-12-14,53.0,56.099998474121094,53.0,55.900001525878906,30278736
2023-12-15,55.54999923706055,57.099998474121094,55.54999923706055,56.599998474121094,22580614
2023-12-18,56.349998474121094,57.04999923706055,54.599998474121094,54.79999923706055,21797322
2023-12-19,54.849998474121094,54.849998474121094,53.5,54.5,28329675
2023-12-20,53.75,54.150001525878906,52.900001525878906,53.849998474121094,20507968
2023-12-21,53.75,56.20000076293945,53.400001525878906,55.95000076293945,28806291
2023-12-22,55.95000076293945,57.349998474121094,54.5,55.04999923706055,23696232
2023-12-25,54.75,55.04999923706055,52.599998474121094,53.0,12717219
2023-12-26,53.349998474121094,53.75,52.150001525878906,53.099998474121094,22456152
2023-12-27,53.099998474121094,54.20000076293945,52.25,53.70000076293945,29235298
2023-12-28,53.849998474121094,56.45000076293945,53.849998474121094,56.20000076293945,23631399
2023-12-29,56.45000076293945,57.04999923706055,55.54999923706055,56.099998474121094,22008729
2024-01-02,57.5,59.099998474121094,57.29999923706055,58.599998474121094,38895345
2024-01-03,58.5,58.849998474121094,57.25,57.70000076293945,22903817
2024-01-04,57.75,60.54999923706055,57.29999923706055,59.0,41573149
2024-01-05,59.20000076293945,61.349998474121094,59.099998474121094,61.25,33566147
2024-01-08,61.79999923706055,62.54999923706055,60.79999923706055,62.099998474121094,28262037
2024-01-09,62.79999923706055,63.0,61.45000076293945,62.5,27787702
2024-01-10,62.150001525878906,62.400001525878906,60.849998474121094,61.5,31292698
2024-01-11,61.849998474121094,62.099998474121094,60.5,60.849998474121094,21817667
2024-01-12,60.54999923706055,62.45000076293945,59.349998474121094,61.0,56749135
2024-01-15,61.25,63.54999923706055,61.04999923706055,62.349998474121094,45062809
2024-01-16,62.599998474121094,64.80000305175781,62.45000076293945,64.25,43681590
2024-01-17,63.70000076293945,65.5999984741211,63.0,65.0,32859024
2024-01-18,65.0999984741211,65.30000305175781,64.05000305175781,64.44999694824219,18279199
2024-01-19,64.75,64.9000015258789,62.79999923706055,64.3499984741211,30070653
2024-01-22,64.55000305175781,66.25,63.95000076293945,64.5999984741211,27962315
2024-01-23,65.5,67.05000305175781,64.94999694824219,65.5999984741211,31513401
2024-01-24,65.69999694824219,66.8499984741211,65.0,66.0,17817393
2024-01-25,66.30000305175781,67.6500015258789,66.05000305175781,66.94999694824219,27175107
2024-01-26,67.1500015258789,70.8499984741211,66.6500015258789,69.0,61443022
2024-01-29,69.19999694824219,70.25,68.05000305175781,69.30000305175781,42856609
2024-01-30,69.69999694824219,71.0,68.80000305175781,69.3499984741211,46322243
2024-01-31,69.3499984741211,69.4000015258789,67.80000305175781,68.55000305175781,26394826
2024-02-01,68.5999984741211,70.30000305175781,68.3499984741211,69.55000305175781,38061511
2024-02-02,70.9000015258789,71.5,69.75,70.19999694824219,28744825
2024-02-05,70.44999694824219,70.69999694824219,69.69999694824219,70.05000305175781,25498965
2024-02-06,70.25,70.75,69.19999694824219,69.3499984741211,33219302
2024-02-07,69.5,69.55000305175781,68.0,68.0999984741211,27049820
2024-02-08,68.44999694824219,69.1500015258789,68.3499984741211,68.6500015258789,20097011
2024-02-09,68.8499984741211,69.44999694824219,68.0,68.3499984741211,24279017
2024-02-12,69.05000305175781,71.0,68.69999694824219,70.9000015258789,44728581
2024-02-13,70.80000305175781,70.80000305175781,67.94999694824219,68.30000305175781,29808683
2024-02-14,68.6500015258789,68.8499984741211,66.5999984741211,67.5,28163335
2024-02-15,67.8499984741211,69.3499984741211,67.6500015258789,68.80000305175781,33915379
2024-02-16,69.19999694824219,69.6500015258789,68.05000305175781,68.1500015258789,23407878
2024-02-19,68.44999694824219,69.1500015258789,66.3499984741211,66.75,32909943
2024-02-20,67.0,67.44999694824219,66.0999984741211,67.3499984741211,33651559
2024-02-21,67.44999694824219,67.55000305175781,65.5,65.75,30808097
2024-02-22,66.0,66.8499984741211,65.1500015258789,66.4000015258789,34555730
2024-02-23,66.6500015258789,68.55000305175781,66.6500015258789,68.3499984741211,35022192
2024-02-26,68.69999694824219,69.19999694824219,67.05000305175781,67.5,34821585
2024-02-27,67.5,67.5,65.5,65.5,22299482
2024-02-28,65.5999984741211,66.30000305175781,64.55000305175781,65.3499984741211,23294352
2024-02-29,65.0999984741211,67.6500015258789,65.0999984741211,66.94999694824219,32352913
2024-03-01,67.0,67.30000305175781,65.69999694824219,66.30000305175781,15840853
2024-03-04,66.6500015258789,66.69999694824219,63.900001525878906,63.95000076293945,18742920
2024-03-05,64.0,64.75,62.95000076293945,63.599998474121094,25622901
2024-03-06,63.54999923706055,64.25,62.400001525878906,62.400001525878906,22000473
2024-03-07,62.54999923706055,64.3499984741211,62.54999923706055,64.30000305175781,20402386
2024-03-08,64.44999694824219,65.5,63.900001525878906,65.5,22336141
2024-03-11,66.0999984741211,66.69999694824219,62.099998474121094,62.099998474121094,48499523
2024-03-12,62.400001525878906,63.29999923706055,60.95000076293945,61.5,23612053
2024-03-13,63.79999923706055,63.79999923706055,62.0,62.0,40037115
2024-03-14,62.29999923706055,62.349998474121094,61.150001525878906,61.900001525878906,30422117
2024-03-15,62.29999923706055,63.599998474121094,61.29999923706055,63.599998474121094,30811646
2024-03-18,63.75,64.6500015258789,62.79999923706055,63.900001525878906,21267608
2024-03-19,63.650001525878906,65.4000015258789,63.599998474121094,65.05000305175781,24583045
2024-03-20,65.19999694824219,65.80000305175781,63.599998474121094,64.30000305175781,26492559
2024-03-21,65.0,70.1500015258789,65.0,69.05000305175781,75586189
2024-03-22,69.05000305175781,70.55000305175781,68.69999694824219,69.6500015258789,28119213
2024-03-25,69.5,72.69999694824219,68.19999694824219,69.30000305175781,38807689
2024-03-26,69.25,70.0,65.8499984741211,66.25,24415556
2024-03-27,66.30000305175781,67.9000015258789,65.9000015258789,66.75,23812654
2024-03-28,67.0,68.6500015258789,66.5999984741211,68.4000015258789,21499475
2024-03-29,68.25,69.5,67.5,67.69999694824219,18037093
2024-04-01,68.0,68.25,65.4000015258789,67.25,25723617
2024-04-02,67.69999694824219,68.75,66.44999694824219,67.0,42363211
2024-04-03,67.69999694824219,69.25,67.0999984741211,68.5,43546310
2024-04-04,68.6500015258789,72.0,68.6500015258789,71.0999984741211,42046821
2024-04-05,71.4000015258789,74.4000015258789,71.4000015258789,74.0,32244035
2024-04-08,74.0,75.05000305175781,73.4000015258789,74.94999694824219,23519909
2024-04-15,74.94999694824219,75.4000015258789,72.94999694824219,73.25,20074197
2024-04-16,73.0,74.0,71.9000015258789,73.25,20331083
2024-04-17,73.80000305175781,75.44999694824219,73.5,74.9000015258789,31896733
2024-04-18,75.44999694824219,76.44999694824219,74.3499984741211,75.3499984741211,31454419
2024-04-19,75.1500015258789,77.94999694824219,74.94999694824219,76.55000305175781,40472000
2024-04-22,76.75,79.25,76.75,77.4000015258789,27168652
2024-04-24,77.80000305175781,78.69999694824219,76.44999694824219,78.30000305175781,24415751
2024-04-25,79.5,79.5999984741211,77.1500015258789,78.5,19030504
2024-04-26,78.55000305175781,79.5999984741211,77.69999694824219,79.0999984741211,22199065
2024-04-29,79.75,80.19999694824219,78.3499984741211,80.19999694824219,23534815
2024-04-30,80.1500015258789,81.05000305175781,79.25,80.80000305175781,34370136
2024-05-02,81.05000305175781,81.80000305175781,80.4000015258789,80.94999694824219,34950463
2024-05-03,81.25,83.0,80.94999694824219,82.0999984741211,30938078
2024-05-06,82.0,83.19999694824219,80.30000305175781,82.25,31360081
2024-05-07,82.5999984741211,85.19999694824219,82.19999694824219,84.75,41878037
2024-05-08,84.69999694824219,85.0,83.5999984741211,84.0,14865767
2024-05-09,84.55000305175781,85.4000015258789,83.05000305175781,83.80000305175781,17208847
2024-05-10,83.5,85.75,83.5,84.0,24959574
2024-05-13,84.19999694824219,85.05000305175781,82.8499984741211,83.3499984741211,17406143
2024-05-14,83.55000305175781,84.0,82.19999694824219,83.0999984741211,23852483
2024-05-15,83.0999984741211,84.0,82.4000015258789,82.80000305175781,30031137
2024-05-16,83.0999984741211,84.75,82.9000015258789,84.75,20922023
2024-05-17,84.8499984741211,88.19999694824219,84.75,87.4000015258789,25886332
2024-05-20,87.8499984741211,88.6500015258789,86.5999984741211,87.0999984741211,22491227
2024-05-21,87.3499984741211,92.05000305175781,87.25,90.5999984741211,28163303
2024-05-22,90.94999694824219,93.19999694824219,90.94999694824219,92.0999984741211,17919695
2024-05-23,93.0,95.9000015258789,92.55000305175781,92.69999694824219,19140962
2024-05-24,92.75,94.75,91.80000305175781,91.80000305175781,17446698
2024-05-27,91.5999984741211,92.19999694824219,88.69999694824219,89.5999984741211,17614684
2024-05-28,91.05000305175781,91.5,87.5999984741211,90.75,26569661
2024-05-29,90.80000305175781,92.25,89.0999984741211,91.5999984741211,27765368
2024-05-30,91.69999694824219,96.44999694824219,91.69999694824219,95.75,35064091
2024-05-31,97.25,102.69999694824219,96.0,99.5999984741211,61254876
2024-06-03,99.9000015258789,107.0999984741211,98.5999984741211,102.5999984741211,51197784
2024-06-04,103.0,103.4000015258789,99.19999694824219,99.75,47871236
2024-06-05,99.80000305175781,102.0999984741211,96.5999984741211,100.80000305175781,40680718
2024-06-06,101.69999694824219,101.9000015258789,98.5999984741211,98.94999694824219,24122577
2024-06-07,99.30000305175781,100.5,97.30000305175781,97.5999984741211,25642189
2024-06-10,97.5999984741211,101.80000305175781,95.30000305175781,99.0,39379068
2024-06-11,99.0,100.4000015258789,95.5999984741211,95.5999984741211,27392700
2024-06-12,95.5999984741211,99.19999694824219,95.4000015258789,97.94999694824219,26876590
2024-06-13,99.0,100.30000305175781,97.0999984741211,97.0999984741211,21511022
2024-06-14,99.6500015258789,100.69999694824219,97.55000305175781,98.5999984741211,20415199
2024-06-20,99.6500015258789,103.30000305175781,98.9000015258789,103.30000305175781,27649541
2024-06-21,103.0,104.4000015258789,100.80000305175781,101.0,20437993
2024-06-24,101.4000015258789,101.5,97.69999694824219,100.0,21062314
2024-06-25,100.0,101.69999694824219,98.5999984741211,100.19999694824219,18208694
2024-06-26,100.0,100.5,96.75,98.05000305175781,21506877
2024-06-27,98.5,99.80000305175781,97.1500015258789,99.3499984741211,16968371
2024-06-28,99.94999694824219,101.9000015258789,99.19999694824219,100.5999984741211,25073154
2024-07-01,101.19999694824219,102.19999694824219,97.80000305175781,99.30000305175781,19353285
2024-07-02,99.25,102.5999984741211,98.5999984741211,102.0,15731733
2024-07-03,102.4000015258789,105.5,102.30000305175781,104.69999694824219,18509880
2024-07-04,104.9000015258789,107.5,104.5999984741211,107.5,16922082
2024-07-05,107.5,107.5,104.69999694824219,106.0,12427330
2024-07-08,107.5,111.69999694824219,107.0999984741211,108.69999694824219,31547385
2024-07-09,109.0,111.5999984741211,107.5,109.4000015258789,18952400
2024-07-10,108.5,111.69999694824219,108.0,109.0,14848661
2024-07-11,109.69999694824219,113.69999694824219,109.69999694824219,111.19999694824219,25249752
2024-07-12,110.9000015258789,111.69999694824219,109.5,111.0999984741211,15500542
2024-07-16,111.30000305175781,111.9000015258789,108.19999694824219,109.0,18780623
2024-07-17,109.0,110.0999984741211,106.9000015258789,109.4000015258789,15295908
2024-07-18,110.0999984741211,112.0999984741211,109.5,110.0999984741211,16960370
2024-07-19,110.0999984741211,111.30000305175781,108.9000015258789,110.4000015258789,13694488
2024-07-22,111.0999984741211,115.30000305175781,110.4000015258789,114.80000305175781,23607849
2024-07-23,114.80000305175781,114.80000305175781,109.9000015258789,111.30000305175781,20092476
2024-07-24,111.0,111.0,107.4000015258789,107.4000015258789,23569779
2024-07-25,107.0,110.0,105.30000305175781,108.0,24040787
2024-07-26,109.5999984741211,110.0999984741211,106.30000305175781,106.30000305175781,19709820
2024-07-29,105.19999694824219,107.0999984741211,103.69999694824219,105.5999984741211,19502047
2024-07-30,105.9000015258789,106.9000015258789,104.69999694824219,105.4000015258789,11980151
2024-07-31,104.9000015258789,106.5999984741211,104.5,105.5999984741211,15493373
2024-08-01,107.0,110.5,106.80000305175781,107.5,16221397
2024-08-02,106.0999984741211,106.30000305175781,101.5999984741211,102.5,14914616
2024-08-05,95.0999984741211,101.69999694824219,95.0999984741211,100.19999694824219,24046908
2024-08-06,102.69999694824219,104.5999984741211,101.0999984741211,102.69999694824219,20274373
2024-08-07,103.80000305175781,106.69999694824219,102.80000305175781,105.9000015258789,18432247
2024-08-08,105.19999694824219,106.0999984741211,104.19999694824219,106.0,13135194
2024-08-09,106.5999984741211,107.69999694824219,102.69999694824219,102.80000305175781,13340945
2024-08-12,103.19999694824219,106.4000015258789,103.19999694824219,103.69999694824219,12512458
2024-08-13,104.0,104.19999694824219,101.0,103.30000305175781,12295446
2024-08-14,104.19999694824219,106.19999694824219,102.80000305175781,103.5,16655502
2024-08-15,104.19999694824219,105.69999694824219,102.69999694824219,105.0,14365633
2024-08-16,105.9000015258789,105.9000015258789,103.0999984741211,103.5,11017443
2024-08-19,103.69999694824219,106.69999694824219,102.9000015258789,106.30000305175781,15554465
2024-08-20,106.30000305175781,106.80000305175781,101.0,101.19999694824219,26432583
2024-08-21,101.19999694824219,102.0,97.5,98.19999694824219,28961389
2024-08-22,99.9000015258789,99.94999694824219,95.0,95.0,27820449
2024-08-23,95.0,95.6500015258789,93.05000305175781,94.0,23757933
2024-08-26,94.5,94.9000015258789,90.55000305175781,91.0,22040316
2024-08-27,90.94999694824219,96.5,90.19999694824219,96.5,27339822
2024-08-28,96.30000305175781,97.69999694824219,95.05000305175781,97.05000305175781,24175798
2024-08-29,97.05000305175781,99.30000305175781,96.0,98.3499984741211,22123890
2024-09-02,98.9000015258789,101.69999694824219,98.9000015258789,100.0,15621840
2024-09-03,100.0999984741211,100.0999984741211,98.05000305175781,99.5,13781479
2024-09-04,98.0,100.5999984741211,97.5999984741211,100.0999984741211,20966836
2024-09-05,100.5,100.5999984741211,98.0999984741211,98.94999694824219,15305726
2024-09-06,98.9000015258789,99.9000015258789,97.9000015258789,98.0,13278555
2024-09-09,97.1500015258789,98.19999694824219,95.8499984741211,95.8499984741211,13757141
2024-09-10,96.69999694824219,99.30000305175781,96.6500015258789,97.1500015258789,20770497
2024-09-11,97.0999984741211,99.6500015258789,96.69999694824219,98.19999694824219,20944249
2024-09-12,99.69999694824219,100.19999694824219,94.80000305175781,97.80000305175781,25655405
2024-09-13,96.80000305175781,97.5999984741211,92.5999984741211,94.5999984741211,43757433
2024-09-16,94.75,95.30000305175781,90.5999984741211,91.19999694824219,21991691
2024-09-17,91.5999984741211,92.75,91.55000305175781,91.8499984741211,13928571
2024-09-18,91.80000305175781,92.44999694824219,91.19999694824219,91.6500015258789,14019922
2024-09-19,92.55000305175781,93.8499984741211,92.05000305175781,93.80000305175781,21273411
2024-09-20,94.3499984741211,95.69999694824219,93.5,93.5999984741211,27245065
2024-09-23,94.05000305175781,95.44999694824219,92.80000305175781,94.75,14510299
2024-09-24,95.0,98.0,94.8499984741211,97.30000305175781,20607728
2024-09-25,97.44999694824219,98.5,95.9000015258789,95.9000015258789,21816886
2024-09-26,96.55000305175781,98.44999694824219,95.25,95.75,17921895
2024-09-27,95.69999694824219,96.44999694824219,94.1500015258789,96.3499984741211,13601402
2024-09-30,95.5999984741211,96.1500015258789,93.8499984741211,95.19999694824219,16298537
2024-10-01,95.25,95.5999984741211,89.80000305175781,91.75,20476962
2024-10-02,91.5,92.69999694824219,89.0,89.9000015258789,17542122
2024-10-03,89.94999694824219,91.0999984741211,86.4000015258789,86.94999694824219,20238422
2024-10-04,87.44999694824219,88.9000015258789,83.94999694824219,84.3499984741211,41444323
2024-10-07,84.44999694824219,84.5999984741211,82.1500015258789,82.3499984741211,27092939
2024-10-08,82.4000015258789,85.19999694824219,81.69999694824219,82.3499984741211,60610603
2024-10-09,83.05000305175781,87.1500015258789,83.05000305175781,87.05000305175781,45345625
2024-10-10,87.0,88.25,86.19999694824219,86.25,14924555
2024-10-11,86.69999694824219,87.80000305175781,83.75,84.0999984741211,21134084
2024-10-14,84.19999694824219,84.25,80.8499984741211,84.25,28828435
2024-10-15,83.75,86.5,82.9000015258789,86.4000015258789,26945883
2024-10-16,85.69999694824219,88.0999984741211,85.05000305175781,88.0,20909594
2024-10-17,88.0,88.55000305175781,85.6500015258789,87.25,29205353
2024-10-18,87.4000015258789,87.8499984741211,84.6500015258789,85.0999984741211,16893748
2024-10-21,85.1500015258789,86.80000305175781,84.25,85.5,16333478
2024-10-22,85.75,89.05000305175781,85.75,87.69999694824219,18193824
2024-10-23,87.69999694824219,88.1500015258789,85.69999694824219,87.0,15377209
2024-10-24,87.55000305175781,88.44999694824219,86.1500015258789,87.0,18576266
2024-10-25,86.9000015258789,88.69999694824219,86.4000015258789,87.75,22040047
2024-10-28,87.94999694824219,88.8499984741211,87.44999694824219,87.69999694824219,4781098
2024-10-30,87.9000015258789,88.9000015258789,87.0,87.80000305175781,18470733
2024-10-31,87.9000015258789,89.1500015258789,84.19999694824219,84.75,21309050
2024-11-01,85.0,86.44999694824219,85.0,85.8499984741211,16723968
2024-11-04,85.44999694824219,87.05000305175781,83.5,84.6500015258789,16177892
2024-11-05,84.75,85.1500015258789,82.80000305175781,83.55000305175781,18944500
2024-11-06,84.0,85.80000305175781,82.5,85.0999984741211,24057110
2024-11-07,85.6500015258789,89.0,85.5,89.0,29981371
2024-11-08,91.0999984741211,92.3499984741211,88.5999984741211,91.4000015258789,48926876
2024-11-11,92.0,96.5999984741211,91.69999694824219,95.69999694824219,32507341
2024-11-12,95.30000305175781,96.44999694824219,94.75,95.94999694824219,19734005
2024-11-13,95.3499984741211,96.0999984741211,93.3499984741211,94.75,28245378
2024-11-14,95.19999694824219,96.94999694824219,94.94999694824219,96.0,23215440
2024-11-15,96.4000015258789,96.5999984741211,93.8499984741211,94.5999984741211,11910430
2024-11-18,94.5999984741211,95.0999984741211,91.8499984741211,92.25,18608665
2024-11-19,92.6500015258789,92.94999694824219,90.9000015258789,92.44999694824219,26560665
2024-11-20,93.19999694824219,95.94999694824219,92.5,94.0,27815768
2024-11-21,94.4000015258789,96.30000305175781,93.69999694824219,96.0,17743179
2024-11-22,96.0999984741211,96.4000015258789,92.19999694824219,93.1500015258789,29646543
2024-11-25,93.75,94.25,92.5999984741211,93.4000015258789,23720305
2024-11-26,93.4000015258789,95.05000305175781,92.9000015258789,93.05000305175781,26517082
2024-11-27,93.69999694824219,94.44999694824219,92.5999984741211,93.05000305175781,24998417
2024-11-28,93.25,94.0999984741211,91.1500015258789,91.30000305175781,17586824
2024-11-29,91.3499984741211,91.94999694824219,90.19999694824219,90.55000305175781,22087462
2024-12-02,90.05000305175781,92.1500015258789,89.80000305175781,91.8499984741211,18035665
2024-12-03,92.1500015258789,94.5999984741211,91.80000305175781,93.9000015258789,25966121
2024-12-04,94.05000305175781,95.25,93.19999694824219,94.1500015258789,24977477
2024-12-05,91.80000305175781,92.6500015258789,90.9000015258789,92.1500015258789,20730197
2024-12-06,92.75,95.19999694824219,92.3499984741211,94.30000305175781,24534380
2024-12-09,95.05000305175781,95.69999694824219,93.5,93.80000305175781,24093797
2024-12-10,93.9000015258789,95.0999984741211,93.25,93.8499984741211,18990136
2024-12-11,94.0999984741211,94.6500015258789,92.69999694824219,92.80000305175781,15212847
2024-12-12,93.1500015258789,94.3499984741211,92.4000015258789,93.5,19533013
2024-12-13,93.4000015258789,96.4000015258789,92.6500015258789,96.0,23043832
2024-12-16,96.3499984741211,97.80000305175781,96.05000305175781,96.05000305175781,18879237
2024-12-17,96.0999984741211,96.5999984741211,94.80000305175781,95.80000305175781,16423128
2024-12-18,95.75,98.4000015258789,94.94999694824219,97.25,19498720
2024-12-19,97.0,97.05000305175781,93.3499984741211,93.5999984741211,21000656
2024-12-20,93.6500015258789,93.9000015258789,91.25,91.44999694824219,20556226
2024-12-23,91.9000015258789,92.4000015258789,90.5,90.69999694824219,11608137
2024-12-24,90.9000015258789,92.1500015258789,90.3499984741211,92.05000305175781,12017427
2024-12-25,93.25,95.44999694824219,92.55000305175781,93.75,13264928
2024-12-26,94.0999984741211,94.5,92.19999694824219,93.19999694824219,22518150
2024-12-27,93.25,94.69999694824219,93.25,94.05000305175781,12996043
2024-12-30,94.30000305175781,94.69999694824219,93.1500015258789,93.1500015258789,9919999
2024-12-31,93.0,94.94999694824219,90.94999694824219,92.80000305175781,30411093
2025-01-02,93.19999694824219,96.19999694824219,92.25,96.05000305175781,25456327
2025-01-03,96.05000305175781,99.4000015258789,95.5,98.5,23612083
2025-01-06,99.25,99.75,97.3499984741211,97.94999694824219,16914134
2025-01-07,97.80000305175781,98.30000305175781,96.44999694824219,97.5,20728400
2025-01-08,97.19999694824219,101.4000015258789,96.1500015258789,96.8499984741211,55171599
2025-01-09,97.5,99.25,94.9000015258789,96.30000305175781,63949640
2025-01-10,96.44999694824219,98.0999984741211,95.0,95.6500015258789,68815580
2025-01-13,95.8499984741211,96.05000305175781,93.3499984741211,94.6500015258789,29657937
2025-01-14,95.0,95.94999694824219,94.19999694824219,95.19999694824219,29705386
2025-01-15,95.4000015258789,97.19999694824219,95.0,95.9000015258789,27459027
2025-01-16,96.9000015258789,98.44999694824219,96.0,98.44999694824219,28663576
2025-01-17,98.5,100.69999694824219,98.25,100.30000305175781,24611477
2025-01-20,100.80000305175781,101.30000305175781,98.4000015258789,99.69999694824219,15541254
2025-01-21,99.0999984741211,102.69999694824219,99.0,102.0,35230834
2025-01-22,102.30000305175781,106.19999694824219,101.5,105.0,37655437
2025-01-23,105.5,106.5,104.80000305175781,106.19999694824219,24357310
2025-01-24,106.0,107.80000305175781,105.5999984741211,106.4000015258789,21452079
2025-01-27,105.19999694824219,106.9000015258789,104.30000305175781,106.0999984741211,16948094
2025-01-28,106.0999984741211,109.0,104.30000305175781,108.9000015258789,22403824
2025-01-29,109.0,109.5,107.19999694824219,108.0,13542855
2025-01-30,108.19999694824219,108.5999984741211,106.9000015258789,107.4000015258789,10303713
2025-01-31,107.80000305175781,108.80000305175781,106.5,108.0999984741211,14363000
2025-02-03,106.9000015258789,107.0999984741211,104.5999984741211,105.5999984741211,23364270
2025-02-04,105.80000305175781,108.4000015258789,105.30000305175781,107.5,18800662
2025-02-05,108.0,108.0,104.30000305175781,105.9000015258789,18844943
2025-02-06,106.5,108.5,106.0,107.0999984741211,13845791
2025-02-07,107.0,107.0,105.4000015258789,106.0,13337725
2025-02-10,106.0,107.30000305175781,105.69999694824219,107.0,13110229
2025-02-11,107.0999984741211,108.9000015258789,106.5,108.5,21803247
2025-02-12,108.5999984741211,109.19999694824219,106.80000305175781,107.9000015258789,18456330
2025-02-13,108.9000015258789,109.5,106.30000305175781,107.4000015258789,21568493
2025-02-14,107.80000305175781,109.0,105.5,106.30000305175781,19303623
2025-02-17,106.19999694824219,106.19999694824219,102.30000305175781,104.0,31398461
2025-02-18,104.0,106.0,103.5999984741211,105.0,19908671
2025-02-19,105.5,106.5,104.30000305175781,104.9000015258789,19660364
2025-02-20,105.4000015258789,107.69999694824219,105.4000015258789,106.80000305175781,18828700
2025-02-21,107.30000305175781,108.19999694824219,102.0,105.5,24539235
2025-02-24,106.19999694824219,106.69999694824219,103.30000305175781,103.69999694824219,10118769
2025-02-25,103.80000305175781,104.5999984741211,102.5999984741211,104.19999694824219,17230508
2025-02-26,104.0,106.0999984741211,103.30000305175781,105.30000305175781,17262304
2025-02-27,105.30000305175781,108.0999984741211,104.4000015258789,107.69999694824219,20340765
2025-02-28,104.80000305175781,106.30000305175781,99.9000015258789,100.69999694824219,55912447
2025-03-03,101.30000305175781,102.5,99.55000305175781,100.5,35296848
2025-03-04,101.0,102.30000305175781,100.5,101.5,27090395
2025-03-05,102.5,104.5,102.4000015258789,104.4000015258789,30494400
2025-03-06,105.5,107.4000015258789,104.30000305175781,107.4000015258789,31324387
2025-03-07,107.9000015258789,109.30000305175781,105.5999984741211,106.0,43612457
2025-03-10,106.19999694824219,108.0999984741211,104.4000015258789,104.69999694824219,40324118
2025-03-11,105.30000305175781,106.5999984741211,102.80000305175781,103.4000015258789,42826920
2025-03-12,104.30000305175781,106.80000305175781,103.5999984741211,106.0,42540769
2025-03-13,107.19999694824219,107.9000015258789,106.4000015258789,107.5,25579493
2025-03-14,107.9000015258789,111.30000305175781,106.80000305175781,109.4000015258789,42759554
2025-03-17,110.0999984741211,111.4000015258789,108.5999984741211,109.4000015258789,43113382
2025-03-18,109.5999984741211,111.30000305175781,108.69999694824219,109.19999694824219,46476030
2025-03-19,101.0,104.0999984741211,98.30000305175781,98.30000305175781,53336668
2025-03-20,97.5,100.80000305175781,94.69999694824219,97.0999984741211,68715432
2025-03-21,96.5,96.5,87.4000015258789,87.4000015258789,67113226
2025-03-24,89.0,90.5,84.55000305175781,89.5999984741211,50540400
2025-03-25,91.80000305175781,96.05000305175781,90.4000015258789,94.80000305175781,38725633
2025-03-26,93.5,97.25,92.69999694824219,93.9000015258789,52218037
2025-03-27,95.25,95.5,92.3499984741211,93.19999694824219,28999635
2025-03-28,93.25,95.80000305175781,91.9000015258789,95.80000305175781,16531097
2025-04-02,95.25,95.75,93.4000015258789,94.3499984741211,21170947
2025-04-03,94.6500015258789,95.6500015258789,91.94999694824219,92.0,27107015
2025-04-04,92.30000305175781,92.69999694824219,88.0,88.30000305175781,40092365
2025-04-07,85.5,90.05000305175781,84.9000015258789,88.44999694824219,32666983
2025-04-08,90.19999694824219,91.4000015258789,88.6500015258789,90.6500015258789,23777346
2025-04-09,89.5,91.19999694824219,89.0,89.69999694824219,26832828
2025-04-10,92.30000305175781,92.69999694824219,89.80000305175781,89.80000305175781,23852342
2025-04-11,90.25,91.4000015258789,88.94999694824219,90.69999694824219,18997626
2025-04-14,91.5999984741211,91.80000305175781,89.80000305175781,89.9000015258789,13463216
2025-04-15,90.25,90.75,89.4000015258789,89.9000015258789,15897516
2025-04-16,89.80000305175781,90.0999984741211,87.80000305175781,88.55000305175781,17214828
2025-04-17,88.69999694824219,91.6500015258789,87.1500015258789,91.6500015258789,36130600
2025-04-18,92.1500015258789,93.80000305175781,91.0,93.0,18582557
2025-04-21,93.5,95.8499984741211,93.05000305175781,93.5,18681581
2025-04-22,93.8499984741211,94.6500015258789,90.8499984741211,92.0999984741211,16580237
2025-04-24,91.3499984741211,94.1500015258789,91.25,94.1500015258789,21344164
2025-04-25,94.69999694824219,95.0999984741211,91.25,91.30000305175781,19250801
2025-04-28,91.6500015258789,91.80000305175781,89.9000015258789,90.55000305175781,12443065
2025-04-29,90.25,91.80000305175781,90.0999984741211,91.30000305175781,13471617
2025-04-30,91.75,92.0999984741211,88.3499984741211,89.9000015258789,16747107
2025-05-02,90.5,90.9000015258789,88.94999694824219,89.0999984741211,11857830
2025-05-05,89.9000015258789,90.19999694824219,86.3499984741211,86.55000305175781,20109028
2025-05-06,86.55000305175781,88.25,86.4000015258789,87.3499984741211,19040030
2025-05-07,87.5999984741211,88.4000015258789,87.0999984741211,87.9000015258789,12706877
2025-05-08,89.05000305175781,90.25,88.0999984741211,90.05000305175781,9472446
2025-05-09,90.44999694824219,94.0999984741211,89.0999984741211,92.30000305175781,21096700
2025-05-12,95.0999984741211,98.25,94.94999694824219,97.44999694824219,25605711
2025-05-13,96.69999694824219,97.5999984741211,95.19999694824219,95.75,18273646
2025-05-14,96.5,97.5,96.0,97.05000305175781,22023275
2025-05-15,97.80000305175781,98.4000015258789,96.3499984741211,96.5,16785711
2025-05-16,96.8499984741211,97.5999984741211,94.9000015258789,96.69999694824219,20193486
2025-05-20,97.4000015258789,98.5999984741211,96.4000015258789,98.44999694824219,20209768
2025-05-21,98.4000015258789,99.5,97.30000305175781,97.3499984741211,24396622
2025-05-22,97.80000305175781,99.75,96.0999984741211,99.75,20790985
2025-05-23,99.5,100.30000305175781,96.8499984741211,98.0,17736832
2025-05-26,98.94999694824219,99.55000305175781,97.55000305175781,98.5,14564179
2025-05-27,98.75,99.5,97.25,98.0,15922185
2025-05-28,98.0,98.4000015258789,94.9000015258789,96.05000305175781,17620852
2025-05-29,96.94999694824219,97.3499984741211,95.0999984741211,95.5,11227882
2025-05-30,95.5,95.69999694824219,91.75,94.8499984741211,21988269
2025-06-02,94.0,94.0999984741211,91.0,91.0,19164113
2025-06-03,91.75,94.75,91.5,94.05000305175781,19533540
2025-06-04,93.80000305175781,98.4000015258789,93.75,98.1500015258789,17590216
2025-06-05,98.05000305175781,98.05000305175781,96.3499984741211,97.0999984741211,4568835
2025-06-10,98.30000305175781,99.0,96.0999984741211,97.0999984741211,19648358
2025-06-11,97.1500015258789,98.4000015258789,96.5,97.0999984741211,22115914
2025-06-12,96.0999984741211,98.05000305175781,94.9000015258789,95.69999694824219,19200887
2025-06-13,92.5,93.4000015258789,88.5999984741211,92.5,37514853
2025-06-16,92.30000305175781,93.6500015258789,90.80000305175781,92.6500015258789,22015099
2025-06-17,92.30000305175781,93.44999694824219,90.94999694824219,90.94999694824219,20840559
2025-06-18,90.6500015258789,91.5,89.8499984741211,90.9000015258789,17675694
2025-06-19,91.1500015258789,92.0,88.5999984741211,88.5999984741211,15378625
2025-06-20,88.05000305175781,90.0999984741211,87.55000305175781,89.8499984741211,18647650
2025-06-23,87.75,89.4000015258789,87.44999694824219,88.1500015258789,13814071
2025-06-24,92.0,92.1500015258789,90.1500015258789,91.69999694824219,20222393
2025-06-25,91.9000015258789,93.75,91.25,92.94999694824219,14969936
2025-06-26,93.05000305175781,93.1500015258789,89.1500015258789,89.5,21296642
2025-06-27,89.55000305175781,90.4000015258789,88.4000015258789,89.30000305175781,23781242
2025-06-30,89.9000015258789,96.1500015258789,89.9000015258789,96.1500015258789,31869770
2025-07-01,97.0,99.0,96.6500015258789,98.5,22931237
2025-07-02,98.19999694824219,99.25,97.3499984741211,98.0999984741211,30468941
2025-07-03,99.05000305175781,100.0999984741211,96.19999694824219,98.0,37991868
2025-07-04,98.25,100.19999694824219,97.55000305175781,98.94999694824219,19127895
2025-07-07,97.0,98.1500015258789,95.75,97.0,17420394
2025-07-08,97.6500015258789,98.0,93.75,94.0,27996136
2025-07-09,94.0,95.69999694824219,93.69999694824219,95.25,29528060
2025-07-10,96.8499984741211,96.9000015258789,93.69999694824219,93.69999694824219,51678802
2025-07-11,94.55000305175781,94.9000015258789,92.3499984741211,92.4000015258789,34113547
2025-07-14,92.5999984741211,93.30000305175781,91.75,92.30000305175781,20983751
2025-07-16,92.5,93.8499984741211,89.05000305175781,92.25,31904736
2025-07-17,93.0999984741211,94.25,92.6500015258789,94.0999984741211,22785369
2025-07-18,94.0999984741211,94.9000015258789,93.19999694824219,94.55000305175781,17032369
2025-07-21,94.9000015258789,95.8499984741211,94.5,95.55000305175781,22421083
2025-07-22,95.69999694824219,95.94999694824219,94.8499984741211,95.0999984741211,25319021
2025-07-23,95.30000305175781,95.5999984741211,94.19999694824219,94.3499984741211,18841404
2025-07-24,94.69999694824219,96.0,93.75,94.25,27015704
2025-07-25,94.25,94.3499984741211,92.5,92.5,16558559
2025-07-28,92.69999694824219,92.8499984741211,91.9000015258789,92.55000305175781,14959023
2025-07-29,92.5,92.94999694824219,91.0999984741211,91.0999984741211,20448237
2025-07-30,91.19999694824219,94.19999694824219,91.1500015258789,93.55000305175781,34479113
2025-07-31,93.75,94.80000305175781,92.19999694824219,93.25,30613485
2025-08-01,93.25,93.75,92.4000015258789,93.25,20833967
2025-08-04,93.5999984741211,94.0999984741211,93.1500015258789,93.4000015258789,25536834
2025-08-05,94.5,94.5,93.3499984741211,93.3499984741211,19077347
2025-08-06,93.5,93.75,92.6500015258789,93.0,24653198
2025-08-07,93.19999694824219,95.30000305175781,93.19999694824219,94.94999694824219,32458085
2025-08-08,96.05000305175781,96.5999984741211,95.0999984741211,96.30000305175781,27317047
2025-08-11,97.30000305175781,97.8499984741211,96.1500015258789,97.25,30575347
2025-08-12,97.4000015258789,98.30000305175781,96.44999694824219,97.55000305175781,24279575
2025-08-13,97.3499984741211,98.5999984741211,96.80000305175781,97.75,23354586
2025-08-14,97.75,98.05000305175781,94.30000305175781,94.5999984741211,31267542
2025-08-15,94.69999694824219,95.5999984741211,93.55000305175781,94.75,21165402
2025-08-18,95.1500015258789,96.55000305175781,93.5999984741211,94.0999984741211,29879709
2025-08-19,94.4000015258789,95.6500015258789,93.8499984741211,95.19999694824219,26196524
2025-08-20,95.4000015258789,97.80000305175781,94.30000305175781,97.6500015258789,29911774
2025-08-21,97.9000015258789,99.4000015258789,97.69999694824219,99.0,30509433
2025-08-22,99.19999694824219,99.30000305175781,97.4000015258789,97.8499984741211,20812609
2025-08-25,98.30000305175781,99.3499984741211,97.80000305175781,99.05000305175781,30268751
2025-08-26,99.3499984741211,100.0,98.0999984741211,99.80000305175781,31499249
2025-08-27,100.80000305175781,101.4000015258789,99.5999984741211,99.5999984741211,42102454
2025-08-28,99.80000305175781,99.9000015258789,96.1500015258789,96.75,38647989
2025-08-29,96.80000305175781,96.94999694824219,94.5,94.80000305175781,22822919
2025-09-01,94.9000015258789,94.94999694824219,93.25,93.25,22310273
2025-09-02,93.5,94.19999694824219,88.25,91.19999694824219,46064008
2025-09-03,91.19999694824219,91.3499984741211,89.44999694824219,90.6500015258789,28860514
2025-09-04,90.75,91.4000015258789,90.4000015258789,90.5,24306494
2025-09-05,90.8499984741211,91.4000015258789,89.80000305175781,90.05000305175781,26360963
2025-09-08,88.5,89.30000305175781,87.94999694824219,88.9000015258789,20502483
2025-09-09,88.94999694824219,89.3499984741211,87.55000305175781,89.0999984741211,28230791
2025-09-10,89.44999694824219,90.1500015258789,88.19999694824219,88.75,26044213
2025-09-11,88.75,89.69999694824219,87.80000305175781,88.6500015258789,42288008
2025-09-12,88.69999694824219,89.69999694824219,87.05000305175781,89.44999694824219,25161467
2025-09-15,89.44999694824219,94.05000305175781,88.80000305175781,93.6500015258789,41689139
2025-09-16,93.6500015258789,95.30000305175781,93.05000305175781,95.19999694824219,31021660
2025-09-17,95.0,95.94999694824219,94.44999694824219,95.75,24999951
2025-09-18,96.0,96.0999984741211,94.1500015258789,94.80000305175781,23228085
2025-09-19,95.19999694824219,97.3499984741211,94.75,97.0,27646401
2025-09-22,98.94999694824219,99.3499984741211,97.8499984741211,98.9000015258789,23424396
2025-09-23,97.75,99.94999694824219,97.05000305175781,99.05000305175781,20781955
2025-09-24,99.1500015258789,100.19999694824219,97.30000305175781,99.5999984741211,25810836
2025-09-25,99.80000305175781,100.30000305175781,98.05000305175781,98.19999694824219,18715065
2025-09-26,98.30000305175781,99.0,95.8499984741211,96.9000015258789,20479920
2025-09-29,96.75,98.0,96.30000305175781,97.30000305175781,16525433
2025-09-30,97.55000305175781,98.69999694824219,96.44999694824219,97.8499984741211,31907935
2025-10-01,97.8499984741211,100.69999694824219,97.19999694824219,99.5,26848612
2025-10-02,99.5,101.69999694824219,99.30000305175781,101.4000015258789,24795225
2025-10-03,101.69999694824219,102.0,97.3499984741211,98.0999984741211,26925304
2025-10-06,98.44999694824219,99.5999984741211,97.44999694824219,98.80000305175781,21327043
2025-10-07,98.9000015258789,100.80000305175781,98.19999694824219,100.4000015258789,25179472
2025-10-08,100.0,101.0999984741211,97.5999984741211,98.44999694824219,26277542
2025-10-09,99.5,101.0999984741211,98.80000305175781,100.4000015258789,22852402
2025-10-10,101.0,101.80000305175781,99.5999984741211,100.19999694824219,20729900
2025-10-13,99.0,100.0999984741211,97.5999984741211,97.9000015258789,24803567
2025-10-14,97.94999694824219,97.94999694824219,90.0,90.8499984741211,72471042
2025-10-15,91.05000305175781,96.05000305175781,90.44999694824219,95.75,44411364
2025-10-16,95.0,100.4000015258789,94.3499984741211,95.80000305175781,70464111
2025-10-17,95.75,95.75,91.55000305175781,94.25,22960512
2025-10-20,94.30000305175781,97.25,92.5999984741211,96.80000305175781,23410978
2025-10-21,96.80000305175781,97.3499984741211,95.5999984741211,96.94999694824219,15992665
2025-10-22,97.30000305175781,99.4000015258789,96.80000305175781,97.5999984741211,18971970
2025-10-23,98.5,98.55000305175781,97.0999984741211,98.55000305175781,14597575
2025-10-24,98.6500015258789,104.4000015258789,98.30000305175781,100.80000305175781,39698906
2025-10-27,100.69999694824219,101.9000015258789,99.44999694824219,100.0,17501419
2025-10-28,99.94999694824219,101.9000015258789,99.6500015258789,100.5999984741211,8834835
2025-10-30,100.9000015258789,103.69999694824219,98.1500015258789,98.75,29382651
2025-10-31,98.3499984741211,100.5,98.0999984741211,99.69999694824219,22076768
2025-11-03,100.19999694824219,101.5999984741211,96.69999694824219,97.44999694824219,36113347
2025-11-04,97.44999694824219,97.55000305175781,96.05000305175781,96.44999694824219,16067665
2025-11-05,97.30000305175781,100.80000305175781,97.30000305175781,97.69999694824219,72877809
2025-11-06,98.3499984741211,103.4000015258789,98.05000305175781,102.0,61035430
2025-11-07,98.5,99.0999984741211,96.3499984741211,96.9000015258789,45517118
2025-11-10,97.3499984741211,98.0,95.80000305175781,96.44999694824219,18833540
2025-11-11,96.5999984741211,96.94999694824219,91.80000305175781,94.4000015258789,32965798
2025-11-12,97.0,97.1500015258789,94.4000015258789,96.30000305175781,28256239
2025-11-13,96.5999984741211,96.80000305175781,94.69999694824219,95.5999984741211,17600808
2025-11-14,95.05000305175781,95.1500015258789,92.30000305175781,93.1500015258789,21707149
2025-11-17,93.55000305175781,94.0999984741211,92.5,93.0999984741211,21935274
2025-11-18,92.8499984741211,94.5999984741211,92.69999694824219,94.0,18456486
2025-11-19,94.25,95.5999984741211,93.75,94.6500015258789,22178304
2025-11-20,95.25,97.0,95.0,96.69999694824219,25146071
2025-11-21,96.30000305175781,96.69999694824219,94.25,94.69999694824219,16935118
2025-11-24,94.44999694824219,94.9000015258789,93.44999694824219,94.4000015258789,22028464
2025-11-25,94.94999694824219,95.25,93.25,94.0,21366816
2025-11-26,94.05000305175781,95.44999694824219,93.8499984741211,94.0999984741211,15062171
2025-11-27,94.5,95.55000305175781,94.19999694824219,94.5999984741211,13939432
2025-11-28,94.5999984741211,94.75,93.30000305175781,93.55000305175781,21386147
2025-12-01,93.3499984741211,96.0,93.3499984741211,95.8499984741211,19512779
2025-12-02,96.0,97.25,95.4000015258789,97.25,16383048
2025-12-03,97.3499984741211,98.6500015258789,97.0,97.75,27599676
2025-12-04,98.0,99.30000305175781,96.8499984741211,97.1500015258789,19492316
2025-12-05,97.1500015258789,99.4000015258789,96.80000305175781,98.0,18764753
2025-12-08,98.6500015258789,101.5,98.6500015258789,100.80000305175781,25632228
2025-12-09,100.69999694824219,102.0999984741211,100.5,101.69999694824219,20582512
2025-12-10,101.80000305175781,102.69999694824219,100.69999694824219,101.19999694824219,20712990
2025-12-11,101.30000305175781,102.4000015258789,99.5,100.5,24314726
2025-12-12,100.80000305175781,104.5,100.69999694824219,104.19999694824219,23727235
2025-12-15,105.4000015258789,106.0,104.0999984741211,105.4000015258789,19387318
2025-12-16,105.19999694824219,105.19999694824219,100.0999984741211,101.80000305175781,43471930
2025-12-17,101.69999694824219,102.9000015258789,101.30000305175781,102.0999984741211,22288011
2025-12-18,102.0999984741211,103.0,101.5999984741211,101.9000015258789,14223014
2025-12-19,101.9000015258789,102.69999694824219,100.0,101.0,26262921
2025-12-22,101.4000015258789,101.5999984741211,99.5,99.5,23523159
2025-12-23,99.5999984741211,100.0,98.0,98.69999694824219,21338002
2025-12-24,98.8499984741211,99.5,98.30000305175781,98.5999984741211,16583216
2025-12-25,99.0,99.4000015258789,98.55000305175781,98.6500015258789,7624844
2025-12-26,97.05000305175781,97.30000305175781,95.0999984741211,95.25,13507434
2025-12-29,95.25,95.5,93.94999694824219,93.94999694824219,17865290
2025-12-30,94.05000305175781,94.55000305175781,92.55000305175781,93.5,24932643
2025-12-31,93.94999694824219,94.75,92.8499984741211,93.0999984741211,21805241
2026-01-02,93.5,96.0,93.5,96.0,24992694
2026-01-05,96.4000015258789,97.30000305175781,95.55000305175781,96.80000305175781,30842626
2026-01-06,96.94999694824219,99.25,96.8499984741211,99.0999984741211,26806209
2026-01-07,99.19999694824219,99.4000015258789,97.9000015258789,98.80000305175781,28027333
2026-01-08,99.19999694824219,99.9000015258789,97.05000305175781,99.6500015258789,43777974
2026-01-09,100.0,100.0,97.8499984741211,98.30000305175781,29638733
2026-01-12,98.30000305175781,100.19999694824219,98.25,99.55000305175781,35436049
2026-01-13,99.75,102.69999694824219,99.6500015258789,101.69999694824219,35486294
2026-01-14,102.0999984741211,102.69999694824219,101.0999984741211,101.69999694824219,20590616
2026-01-15,101.19999694824219,104.0999984741211,100.69999694824219,103.69999694824219,32106493
2026-01-16,104.0,106.19999694824219,103.0999984741211,105.9000015258789,30893209
2026-01-19,107.0,108.80000305175781,105.5,105.80000305175781,40699556
2026-01-20,105.5999984741211,105.80000305175781,103.0,104.5,40453792
2026-01-21,105.0,105.80000305175781,103.80000305175781,105.5,27441607
2026-01-22,106.4000015258789,112.0999984741211,105.5,112.0999984741211,52445559
2026-01-23,113.0,115.0999984741211,111.5999984741211,112.80000305175781,48719272
2026-01-26,112.69999694824219,115.30000305175781,111.69999694824219,114.80000305175781,30247061
2026-01-27,114.80000305175781,115.9000015258789,113.0999984741211,114.4000015258789,41136402
2026-01-28,114.19999694824219,116.5,114.0,115.9000015258789,38195142
2026-01-29,116.5,118.69999694824219,115.9000015258789,117.30000305175781,51243562
2026-01-30,116.80000305175781,118.80000305175781,115.4000015258789,116.9000015258789,41874598
2026-02-02,115.0,115.4000015258789,110.9000015258789,113.5,48401453
2026-02-03,114.5,118.5,113.30000305175781,118.5,38921850
2026-02-04,119.0,119.5,117.0999984741211,118.30000305175781,32923125
2026-02-05,118.30000305175781,118.5999984741211,115.0,116.0999984741211,34864735
2026-02-06,115.5999984741211,115.5999984741211,113.0,114.30000305175781,24763989
2026-02-09,115.5,117.9000015258789,114.9000015258789,117.0,26422983
2026-02-10,117.0999984741211,118.19999694824219,116.4000015258789,118.0999984741211,37214388
2026-02-11,117.0,123.30000305175781,116.30000305175781,122.0999984741211,43221109
2026-02-12,122.30000305175781,124.5999984741211,121.0999984741211,123.9000015258789,36110224
2026-02-13,124.0999984741211,127.0,123.80000305175781,125.30000305175781,28736197
2026-02-16,126.0,129.60000610351562,125.30000305175781,127.5,35454141
2026-02-17,126.5,128.60000610351562,126.0,126.0,29187288
2026-02-18,126.19999694824219,129.10000610351562,123.80000305175781,124.5999984741211,36132241
2026-02-19,125.4000015258789,125.5999984741211,119.69999694824219,120.19999694824219,24527936
2026-02-20,120.0999984741211,123.5,119.9000015258789,122.80000305175781,21363716
2026-02-23,124.0999984741211,125.0,121.80000305175781,123.0999984741211,25051140
2026-02-24,123.0999984741211,123.5,120.69999694824219,121.5,25596391
2026-02-25,121.69999694824219,122.19999694824219,119.4000015258789,121.0,22609607
2026-02-26,121.30000305175781,121.5999984741211,118.4000015258789,120.80000305175781,19414935
2026-02-27,121.0,121.80000305175781,115.0999984741211,115.80000305175781,40369729
2026-03-02,108.0999984741211,115.0999984741211,108.0999984741211,114.0,23867243
2026-03-03,113.30000305175781,115.69999694824219,111.4000015258789,113.30000305175781,22921483
2026-03-04,112.80000305175781,113.9000015258789,109.5,111.0,23345789
2026-03-05,111.5999984741211,113.19999694824219,109.69999694824219,109.69999694824219,19201927
2026-03-06,110.5,112.19999694824219,106.0999984741211,107.5,19785973
2026-03-09,104.4000015258789,107.0,102.9000015258789,106.9000015258789,20586776
2026-03-10,112.0,112.0,108.80000305175781,111.5,20279734
2026-03-11,111.0,112.9000015258789,108.30000305175781,109.0999984741211,26861646
2026-03-12,108.4000015258789,112.19999694824219,107.5,111.30000305175781,29042706
2026-03-13,110.0,110.5999984741211,107.4000015258789,108.80000305175781,17382176
2026-03-16,112.0,112.80000305175781,108.5999984741211,109.0999984741211,17916915
2026-03-17,109.4000015258789,111.69999694824219,109.0,110.80000305175781,21618652
2026-03-18,111.5,112.0,107.9000015258789,108.5,14547188
2026-03-19,107.5,107.80000305175781,106.4000015258789,106.5999984741211,6727623
2026-03-23,104.9000015258789,108.4000015258789,102.5,108.4000015258789,40490725
2026-03-24,107.5,108.0,103.9000015258789,106.19999694824219,19199144
2026-03-25,107.69999694824219,108.5999984741211,106.69999694824219,107.4000015258789,18382699
2026-03-26,106.69999694824219,108.9000015258789,105.5,106.0,13360748
2026-03-27,106.30000305175781,106.80000305175781,104.9000015258789,106.4000015258789,12997298
2026-03-30,106.0,106.4000015258789,104.4000015258789,104.5999984741211,12217036
2026-03-31,105.0999984741211,107.69999694824219,105.0,105.9000015258789,26399921
2026-04-01,108.5,108.5999984741211,106.19999694824219,107.19999694824219,20269458
2026-04-02,106.0999984741211,107.19999694824219,105.19999694824219,106.9000015258789,11866267
2026-04-03,107.0999984741211,108.5999984741211,106.0999984741211,107.5,12451195
2026-04-06,107.9000015258789,109.19999694824219,107.0,108.5999984741211,14622485
2026-04-07,108.30000305175781,109.0,104.5,104.9000015258789,14328344
2026-04-08,109.4000015258789,113.30000305175781,108.9000015258789,111.19999694824219,30236268
2026-04-09,110.69999694824219,114.4000015258789,110.0,114.4000015258789,18285350
2026-04-10,116.0999984741211,117.80000305175781,115.4000015258789,117.30000305175781,19947292
2026-04-13,114.5999984741211,115.69999694824219,112.69999694824219,115.69999694824219,20287504
2026-04-14,116.5,118.5,115.80000305175781,116.30000305175781,21157315
2026-04-15,116.5999984741211,117.5999984741211,115.5999984741211,117.0999984741211,16778888
2026-04-16,118.0,118.5,116.69999694824219,117.30000305175781,13363899
2026-04-17,117.5,121.30000305175781,116.0,120.5,30021383
2026-04-20,118.0999984741211,119.69999694824219,117.69999694824219,117.69999694824219,21709957
2026-04-21,118.5999984741211,118.9000015258789,115.0,115.30000305175781,16028473
2026-04-22,116.0999984741211,116.30000305175781,113.69999694824219,114.0999984741211,11745637
2026-04-24,113.69999694824219,114.9000015258789,112.0,114.30000305175781,17821582
2026-04-27,114.5,117.19999694824219,114.0,116.5999984741211,17679081
2026-04-28,116.0,116.4000015258789,113.5,113.80000305175781,12060946
2026-04-29,114.19999694824219,114.9000015258789,111.4000015258789,112.0999984741211,16101303
2026-04-30,111.0,112.30000305175781,109.4000015258789,112.0999984741211,20776856
2026-05-04,112.30000305175781,113.19999694824219,109.5999984741211,111.0,18039824
2026-05-05,111.0999984741211,116.0999984741211,111.0999984741211,115.19999694824219,20711842
2026-05-06,116.80000305175781,119.30000305175781,115.19999694824219,117.69999694824219,26695676
2026-05-07,119.4000015258789,120.9000015258789,118.19999694824219,118.5999984741211,19635844
2026-05-08,118.0999984741211,120.9000015258789,116.5999984741211,120.0,23760991
2026-05-11,120.0,123.4000015258789,119.5,121.9000015258789,32692016
2026-05-12,121.0,121.0,115.0,115.0,20840911
2026-05-13,116.0,116.0,113.5999984741211,114.0,16963274
2026-05-14,114.9000015258789,115.5,113.9000015258789,114.5,12803500
2026-05-15,112.5,113.0,109.5,109.5,19903864
2026-05-18,109.30000305175781,109.4000015258789,106.80000305175781,106.80000305175781,19889483
2026-05-20,106.69999694824219,108.80000305175781,105.30000305175781,108.5999984741211,18711055
2026-05-21,108.0999984741211,108.0999984741211,102.69999694824219,106.0,18911672
2026-05-22,102.80000305175781,107.80000305175781,100.80000305175781,106.5,59204874
2026-05-25,106.5,107.5,105.19999694824219,106.0999984741211,21912157
2026-05-26,106.19999694824219,106.9000015258789,101.0,101.0,20062194
2026-05-27,101.0,101.0,101.0,101.0,0
2026-05-28,101.0,101.0,101.0,101.0,0
2026-05-29,101.0,101.0,101.0,101.0,0
2026-06-01,102.0,105.4000015258789,102.0,102.5999984741211,40334030
2026-06-02,103.5999984741211,108.9000015258789,103.5999984741211,108.5,33251902
2026-06-03,107.5,108.5,105.30000305175781,105.80000305175781,16954999
2026-06-04,106.5999984741211,108.19999694824219,104.5,107.9000015258789,21543072
2026-06-05,108.0,108.0999984741211,104.5999984741211,105.0999984741211,17803817
2026-06-08,104.0999984741211,107.5,104.0,107.4000015258789,19946451
2026-06-09,107.80000305175781,110.0,105.5,105.5,24974372
2026-06-10,105.0999984741211,105.80000305175781,103.5,104.5999984741211,15741213
2026-06-11,105.0,107.5999984741211,104.69999694824219,107.5,21271708
2026-06-12,108.5,111.4000015258789,107.69999694824219,110.69999694824219,26346795
2026-06-15,115.5,116.30000305175781,112.4000015258789,114.9000015258789,20830584
2026-06-16,114.9000015258789,115.4000015258789,113.30000305175781,115.19999694824219,16475601
2026-06-17,115.69999694824219,116.30000305175781,111.30000305175781,112.0999984741211,14796658
2026-06-18,112.5,116.0999984741211,112.4000015258789,116.0,24119790
2026-06-19,114.5,115.9000015258789,113.4000015258789,113.4000015258789,15586355
2026-06-22,113.80000305175781,114.69999694824219,112.69999694824219,113.19999694824219,14550413
2026-06-23,112.0999984741211,112.5,110.80000305175781,111.0,14773578
2026-06-24,110.9000015258789,112.30000305175781,109.4000015258789,110.4000015258789,14667029
2026-06-25,111.5,113.0999984741211,109.4000015258789,110.5,22063525
2026-06-26,110.5,111.5999984741211,109.69999694824219,110.9000015258789,13689963
2026-06-29,110.9000015258789,112.0,108.5999984741211,109.5999984741211,19269939
2026-06-30,110.0,110.30000305175781,106.5999984741211,107.4000015258789,32369286
2026-07-01,107.4000015258789,109.0999984741211,106.0999984741211,108.69999694824219,21396487
2026-07-02,108.80000305175781,110.9000015258789,107.5999984741211,108.4000015258789,24254193
2026-07-03,109.0,109.0,106.9000015258789,107.19999694824219,18320027
2026-07-06,107.5,109.0,106.30000305175781,108.5999984741211,21516917
2026-07-07,108.5,109.4000015258789,107.30000305175781,108.19999694824219,20585649
2026-07-08,107.0999984741211,107.0999984741211,103.9000015258789,105.4000015258789,23793273
2026-07-09,106.0999984741211,106.9000015258789,104.30000305175781,104.9000015258789,17348384
2026-07-10,104.80000305175781,107.69999694824219,104.5999984741211,107.0,28735489
2026-07-13,105.9000015258789,109.4000015258789,105.30000305175781,109.0,25772489
2026-07-14,109.0,111.0,108.0999984741211,110.19999694824219,26952128
2026-07-16,110.19999694824219,112.4000015258789,109.69999694824219,112.19999694824219,31920323
2026-07-17,111.69999694824219,112.30000305175781,108.30000305175781,108.5,21380344
2026-07-20,108.4000015258789,111.19999694824219,107.80000305175781,109.5999984741211,23345238
2026-07-21,110.19999694824219,111.9000015258789,109.5999984741211,111.5,26338460
2026-07-22,112.0,112.30000305175781,110.0,111.0,18168253
2026-07-23,110.4000015258789,110.5999984741211,103.80000305175781,105.0,46960951
2026-07-24,105.0,105.4000015258789,102.0999984741211,103.69999694824219,36279077
2026-07-27,104.5999984741211,105.19999694824219,101.80000305175781,102.30000305175781,24042654
2026-07-28,102.30000305175781,103.19999694824219,101.4000015258789,101.69999694824219,24750726
2026-07-29,101.80000305175781,102.4000015258789,100.69999694824219,101.4000015258789,30927124
2026-07-30,101.69999694824219,102.19999694824219,98.94999694824219,101.5,33927976
2026-07-31,102.0,102.19999694824219,99.25,99.94999694824219,29786987
2026-08-03,100.69999694824219,104.9000015258789,100.30000305175781,104.5,36086911
2026-08-04,104.0999984741211,108.4000015258789,104.0,107.5999984741211,35967044
2026-08-05,106.5,107.5,104.9000015258789,105.0999984741211,19872010
2026-08-06,105.0999984741211,106.30000305175781,103.5999984741211,105.30000305175781,19657136
2026-08-07,105.19999694824219,106.5,104.4000015258789,105.0999984741211,12992616
2026-08-10,105.19999694824219,106.5999984741211,104.9000015258789,105.30000305175781,16333999
2026-08-11,105.0,105.0,102.0,103.0999984741211,25891640
2026-08-12,102.9000015258789,104.69999694824219,101.5999984741211,104.0999984741211,30777849
2026-08-13,104.0999984741211,105.30000305175781,103.0,103.0999984741211,21261695
2026-08-14,103.9000015258789,105.4000015258789,103.19999694824219,104.0999984741211,35330035
2026-08-17,104.80000305175781,104.80000305175781,101.69999694824219,102.9000015258789,21654442
2026-08-18,102.5999984741211,104.5,102.19999694824219,103.5,20685840
2026-08-19,103.5,105.30000305175781,102.80000305175781,104.0,27080113
2026-08-20,104.4000015258789,105.0999984741211,102.19999694824219,102.80000305175781,22356652
2026-08-21,103.0,105.5,102.5999984741211,104.30000305175781,31775662
2026-08-24,105.5,105.9000015258789,102.69999694824219,103.0999984741211,33075155
2026-08-25,103.4000015258789,103.80000305175781,102.5,102.69999694824219,30223432
2026-08-26,103.19999694824219,105.0999984741211,102.80000305175781,103.5,35602536
2026-08-27,104.19999694824219,104.80000305175781,101.9000015258789,102.80000305175781,44545296
2026-08-28,103.80000305175781,103.9000015258789,102.4000015258789,103.5,23020770
2026-08-31,103.5,103.5,93.5,95.05000305175781,102844450
2026-09-01,95.5,96.75,94.9000015258789,96.55000305175781,60637136
2026-09-02,95.55000305175781,98.0,94.4000015258789,97.19999694824219,37455551
2026-09-03,97.80000305175781,98.0,96.3499984741211,96.5999984741211,16798447
2026-09-04,96.5,98.30000305175781,95.05000305175781,98.1500015258789,32262214
2026-09-08,99.05000305175781,101.5999984741211,97.8499984741211,101.5999984741211,33606041
2026-09-09,102.19999694824219,103.69999694824219,101.0,101.80000305175781,39930128
2026-09-10,102.0,102.19999694824219,100.0,101.5999984741211,18550168
2026-09-11,101.5,105.4000015258789,101.19999694824219,103.69999694824219,48843234
2026-09-14,102.9000015258789,104.19999694824219,102.30000305175781,102.4000015258789,16146248
2026-09-15,102.5999984741211,102.80000305175781,99.30000305175781,99.4000015258789,22670297
2026-09-16,99.5999984741211,102.19999694824219,92.25,95.75,46662512
