Date,Open,High,Low,Close,Volume
2021-09-17,19.530000686645508,19.579999923706055,19.459999084472656,19.530000686645508,1363152
2021-09-20,19.520000457763672,19.520000457763672,19.049999237060547,19.149999618530273,2566913
2021-09-21,19.200000762939453,19.280000686645508,19.06999969482422,19.15999984741211,1659589
2021-09-22,19.25,19.270000457763672,19.139999389648438,19.229999542236328,803167
2021-09-23,19.170000076293945,19.229999542236328,19.030000686645508,19.06999969482422,1844857
2021-09-24,19.09000015258789,19.170000076293945,18.93000030517578,19.030000686645508,2522624
2021-09-27,19.079999923706055,19.079999923706055,18.969999313354492,19.0,877224
2021-09-28,19.040000915527344,19.06999969482422,18.829999923706055,19.06999969482422,995766
2021-09-29,19.09000015258789,19.149999618530273,19.049999237060547,19.079999923706055,1747756
2021-09-30,19.100000381469727,19.200000762939453,19.040000915527344,19.1200008392334,1806252
2021-10-01,19.149999618530273,19.149999618530273,19.010000228881836,19.059999465942383,466445
2021-10-04,19.200000762939453,19.3700008392334,19.040000915527344,19.15999984741211,925486
2021-10-05,19.170000076293945,19.200000762939453,19.059999465942383,19.09000015258789,569677
2021-10-06,19.1200008392334,19.15999984741211,19.0,19.100000381469727,2475828
2021-10-07,19.190000534057617,19.329999923706055,19.170000076293945,19.170000076293945,2270289
2021-10-08,19.170000076293945,19.309999465942383,19.139999389648438,19.18000030517578,1951516
2021-10-11,19.18000030517578,19.399999618530273,19.170000076293945,19.25,992505
2021-10-12,19.270000457763672,19.469999313354492,19.170000076293945,19.469999313354492,1082016
2021-10-13,19.3700008392334,19.469999313354492,19.25,19.270000457763672,989714
2021-10-14,19.280000686645508,19.3700008392334,19.219999313354492,19.329999923706055,797928
2021-10-15,19.3700008392334,19.459999084472656,19.110000610351562,19.34000015258789,1032633
2021-10-18,19.34000015258789,19.799999237060547,19.329999923706055,19.760000228881836,1564309
2021-10-19,19.770000457763672,19.799999237060547,19.540000915527344,19.610000610351562,1403767
2021-10-20,19.65999984741211,19.81999969482422,19.540000915527344,19.600000381469727,1854497
2021-10-21,19.600000381469727,19.799999237060547,19.209999084472656,19.799999237060547,2966395
2021-10-22,19.729999542236328,19.729999542236328,19.530000686645508,19.690000534057617,1355780
2021-10-25,19.399999618530273,19.68000030517578,19.399999618530273,19.6299991607666,1396550
2021-10-26,19.639999389648438,19.780000686645508,19.639999389648438,19.709999084472656,1843406
2021-10-27,19.719999313354492,20.299999237060547,19.719999313354492,20.299999237060547,3322707
2021-10-28,20.299999237060547,20.299999237060547,20.100000381469727,20.18000030517578,350399
2021-11-01,20.239999771118164,20.479999542236328,20.020000457763672,20.479999542236328,1778046
2021-11-02,20.479999542236328,20.600000381469727,20.100000381469727,20.200000762939453,1128445
2021-11-03,20.200000762939453,20.34000015258789,19.81999969482422,20.200000762939453,1484311
2021-11-04,20.299999237060547,20.700000762939453,20.299999237060547,20.5,1288590
2021-11-05,20.100000381469727,20.100000381469727,19.610000610351562,19.989999771118164,3836160
2021-11-08,19.989999771118164,20.020000457763672,19.700000762939453,19.709999084472656,2077383
2021-11-09,19.75,19.799999237060547,19.65999984741211,19.719999313354492,1913764
2021-11-10,19.729999542236328,19.739999771118164,19.399999618530273,19.469999313354492,2435414
2021-11-11,19.469999313354492,19.549999237060547,19.329999923706055,19.329999923706055,2114735
2021-11-12,19.389999389648438,19.399999618530273,19.25,19.290000915527344,1773990
2021-11-15,19.31999969482422,19.579999923706055,19.31999969482422,19.440000534057617,4622321
2021-11-16,19.469999313354492,19.540000915527344,19.350000381469727,19.350000381469727,2580426
2021-11-17,19.360000610351562,19.5,19.31999969482422,19.3799991607666,1835632
2021-11-18,19.420000076293945,19.549999237060547,19.360000610351562,19.440000534057617,4610211
2021-11-19,19.450000762939453,19.649999618530273,19.3799991607666,19.440000534057617,3424287
2021-11-22,19.510000228881836,19.709999084472656,19.5,19.68000030517578,3621395
2021-11-23,19.700000762939453,19.899999618530273,19.459999084472656,19.6200008392334,4836933
2021-11-24,19.75,20.479999542236328,19.729999542236328,20.280000686645508,7811036
2021-11-25,20.31999969482422,20.559999465942383,20.15999984741211,20.200000762939453,2885682
2021-11-26,20.100000381469727,20.1200008392334,19.6200008392334,19.760000228881836,3025781
2021-11-29,19.780000686645508,20.079999923706055,19.6299991607666,20.040000915527344,2767686
2021-11-30,20.059999465942383,20.540000915527344,19.940000534057617,20.260000228881836,4138078
2021-12-01,20.420000076293945,21.299999237060547,20.3799991607666,21.299999237060547,4916435
2021-12-02,21.299999237060547,21.479999542236328,20.920000076293945,21.0,3262002
2021-12-03,21.1200008392334,21.5,21.059999465942383,21.280000686645508,2775507
2021-12-06,21.31999969482422,21.799999237060547,21.31999969482422,21.559999465942383,2953073
2021-12-07,21.719999313354492,21.84000015258789,21.540000915527344,21.65999984741211,2242282
2021-12-08,21.739999771118164,21.84000015258789,21.420000076293945,21.600000381469727,4025496
2021-12-09,21.540000915527344,22.0,21.5,21.639999389648438,2586317
2021-12-10,21.639999389648438,21.899999618530273,21.479999542236328,21.65999984741211,2526748
2021-12-13,21.799999237060547,22.479999542236328,21.799999237060547,22.15999984741211,4277020
2021-12-14,22.459999084472656,22.559999465942383,22.18000030517578,22.559999465942383,2640586
2021-12-15,22.719999313354492,22.780000686645508,22.059999465942383,22.15999984741211,3155593
2021-12-16,22.34000015258789,22.8799991607666,22.219999313354492,22.84000015258789,3291013
2021-12-17,23.139999389648438,23.579999923706055,20.739999771118164,21.459999084472656,6849712
2021-12-20,20.899999618530273,21.440000534057617,19.31999969482422,19.469999313354492,5378840
2021-12-21,20.600000381469727,20.799999237060547,17.899999618530273,17.989999771118164,7050261
2021-12-22,17.799999237060547,17.8799991607666,17.329999923706055,17.329999923706055,4411140
2021-12-23,17.559999465942383,17.719999313354492,17.15999984741211,17.700000762939453,4258248
2021-12-24,17.700000762939453,18.100000381469727,17.600000381469727,18.09000015258789,2119573
2021-12-27,18.25,18.309999465942383,17.8799991607666,18.010000228881836,2775942
2021-12-28,18.049999237060547,18.190000534057617,17.549999237060547,17.559999465942383,2136371
2021-12-29,17.559999465942383,17.799999237060547,17.559999465942383,17.65999984741211,1770018
2021-12-30,17.760000228881836,17.850000381469727,17.450000762939453,17.450000762939453,1466704
2021-12-31,17.530000686645508,17.610000610351562,17.34000015258789,17.43000030517578,1222255
2022-01-03,17.450000762939453,17.920000076293945,17.450000762939453,17.889999389648438,1861033
2022-01-04,17.93000030517578,18.59000015258789,17.93000030517578,18.450000762939453,3677434
2022-01-05,18.649999618530273,18.690000534057617,18.309999465942383,18.420000076293945,2388677
2022-01-06,18.31999969482422,18.350000381469727,18.139999389648438,18.280000686645508,2267245
2022-01-07,18.309999465942383,18.639999389648438,18.280000686645508,18.5,2967016
2022-01-10,18.639999389648438,18.649999618530273,18.450000762939453,18.469999313354492,2692882
2022-01-11,18.5,18.540000915527344,18.25,18.40999984741211,2107622
2022-01-12,18.479999542236328,18.530000686645508,18.3700008392334,18.489999771118164,1866261
2022-01-13,18.489999771118164,18.489999771118164,18.290000915527344,18.299999237060547,2215979
2022-01-14,18.309999465942383,18.389999389648438,18.079999923706055,18.15999984741211,2249950
2022-01-17,18.15999984741211,18.40999984741211,18.15999984741211,18.270000457763672,2471594
2022-01-18,18.299999237060547,18.299999237060547,17.540000915527344,17.540000915527344,2831445
2022-01-19,17.5,17.700000762939453,17.15999984741211,17.639999389648438,4464382
2022-01-20,17.700000762939453,17.790000915527344,17.290000915527344,17.3700008392334,3095129
2022-01-21,17.40999984741211,17.540000915527344,17.3700008392334,17.489999771118164,1582375
2022-01-24,17.5,17.709999084472656,16.969999313354492,17.020000457763672,2755664
2022-01-25,17.200000762939453,17.34000015258789,16.899999618530273,17.280000686645508,2056862
2022-01-26,17.350000381469727,17.3700008392334,17.149999618530273,17.15999984741211,1620961
2022-01-27,17.06999969482422,17.299999237060547,16.969999313354492,17.299999237060547,1861925
2022-01-28,17.350000381469727,17.3700008392334,17.100000381469727,17.110000610351562,1548938
2022-01-31,17.200000762939453,17.260000228881836,17.149999618530273,17.18000030517578,1686728
2022-02-01,17.260000228881836,17.270000457763672,17.15999984741211,17.200000762939453,1742231
2022-02-02,17.229999542236328,17.270000457763672,17.0,17.030000686645508,1577052
2022-02-03,17.030000686645508,17.09000015258789,16.510000228881836,16.709999084472656,1654628
2022-02-04,16.75,16.799999237060547,16.59000015258789,16.649999618530273,1085400
2022-02-07,16.649999618530273,16.770000457763672,16.489999771118164,16.770000457763672,1296811
2022-02-08,16.799999237060547,16.920000076293945,16.729999542236328,16.8799991607666,1255083
2022-02-09,16.950000762939453,17.139999389648438,16.93000030517578,17.06999969482422,1348359
2022-02-10,17.200000762939453,17.239999771118164,17.079999923706055,17.079999923706055,1404216
2022-02-11,17.06999969482422,17.139999389648438,16.81999969482422,17.040000915527344,1158042
2022-02-14,17.0,17.0,16.489999771118164,16.799999237060547,1273430
2022-02-15,16.81999969482422,17.020000457763672,16.81999969482422,16.969999313354492,1111805
2022-02-16,17.020000457763672,17.06999969482422,16.90999984741211,16.940000534057617,960890
2022-02-17,17.010000228881836,17.020000457763672,16.670000076293945,16.670000076293945,1123286
2022-02-18,16.68000030517578,16.790000915527344,16.610000610351562,16.700000762939453,677857
2022-02-21,16.729999542236328,16.799999237060547,16.579999923706055,16.6200008392334,763409
2022-02-22,16.459999084472656,16.459999084472656,16.200000762939453,16.360000610351562,932984
2022-02-23,16.3799991607666,16.469999313354492,16.360000610351562,16.399999618530273,762267
2022-02-24,14.789999961853027,15.550000190734863,14.760000228881836,14.760000228881836,2069880
2022-02-25,14.949999809265137,15.449999809265137,14.609999656677246,15.199999809265137,4242942
2022-02-28,14.979999542236328,15.050000190734863,14.699999809265137,14.850000381469727,1889627
2022-03-01,14.899999618530273,15.100000381469727,14.819999694824219,14.899999618530273,1546409
2022-03-02,14.899999618530273,15.350000381469727,14.739999771118164,15.300000190734863,2855686
2022-03-03,15.350000381469727,15.420000076293945,15.180000305175781,15.319999694824219,1363076
2022-03-04,15.3100004196167,15.800000190734863,15.199999809265137,15.6899995803833,2315133
2022-03-07,15.680000305175781,16.1299991607666,15.510000228881836,15.539999961853027,3210455
2022-03-08,15.5600004196167,15.649999618530273,15.460000038146973,15.550000190734863,1371792
2022-03-09,15.579999923706055,15.6899995803833,15.579999923706055,15.609999656677246,1413920
2022-03-10,15.649999618530273,15.760000228881836,15.539999961853027,15.65999984741211,1168924
2022-03-11,15.520000457763672,15.520000457763672,15.199999809265137,15.470000267028809,2220760
2022-03-14,15.5,15.6899995803833,15.300000190734863,15.460000038146973,2121924
2022-03-15,15.460000038146973,15.550000190734863,15.350000381469727,15.449999809265137,1158622
2022-03-16,15.470000267028809,15.5,15.399999618530273,15.399999618530273,730919
2022-03-17,15.460000038146973,15.520000457763672,15.460000038146973,15.489999771118164,898306
2022-03-18,15.5,15.65999984741211,15.100000381469727,15.100000381469727,2985984
2022-03-21,15.199999809265137,15.460000038146973,15.149999618530273,15.399999618530273,2747645
2022-03-22,15.449999809265137,15.520000457763672,15.390000343322754,15.449999809265137,1688037
2022-03-23,15.479999542236328,15.670000076293945,15.399999618530273,15.449999809265137,3512400
2022-03-24,15.489999771118164,15.640000343322754,15.369999885559082,15.380000114440918,3294552
2022-03-25,15.430000305175781,15.4399995803833,15.270000457763672,15.270000457763672,1979436
2022-03-28,15.3100004196167,15.390000343322754,15.180000305175781,15.180000305175781,3522797
2022-03-29,15.25,15.279999732971191,15.09000015258789,15.109999656677246,5095354
2022-03-30,15.170000076293945,15.239999771118164,15.119999885559082,15.1899995803833,2939241
2022-03-31,15.25,15.390000343322754,15.15999984741211,15.329999923706055,4173832
2022-04-01,15.369999885559082,15.649999618530273,15.369999885559082,15.5600004196167,4732175
2022-04-04,15.699999809265137,17.110000610351562,15.699999809265137,17.110000610351562,19109880
2022-04-05,17.15999984741211,17.239999771118164,16.59000015258789,16.799999237060547,10368210
2022-04-06,16.81999969482422,17.209999084472656,16.399999618530273,16.420000076293945,5589702
2022-04-07,16.520000457763672,17.049999237060547,16.360000610351562,16.719999313354492,5492593
2022-04-08,16.889999389648438,17.0,16.780000686645508,16.790000915527344,3543709
2022-04-11,16.959999084472656,17.3799991607666,16.899999618530273,17.200000762939453,6828828
2022-04-12,17.200000762939453,17.5,16.8700008392334,17.420000076293945,6229778
2022-04-13,17.670000076293945,18.059999465942383,17.139999389648438,17.280000686645508,9220131
2022-04-14,17.579999923706055,18.049999237060547,17.510000228881836,17.860000610351562,5654306
2022-04-15,17.969999313354492,17.989999771118164,17.719999313354492,17.75,2271127
2022-04-18,17.829999923706055,18.18000030517578,17.719999313354492,18.15999984741211,4758438
2022-04-19,18.229999542236328,18.3799991607666,17.649999618530273,18.100000381469727,5581661
2022-04-20,18.200000762939453,18.239999771118164,17.829999923706055,18.0,3162231
2022-04-21,18.049999237060547,18.149999618530273,17.920000076293945,18.079999923706055,3506669
2022-04-22,18.059999465942383,18.170000076293945,17.219999313354492,17.280000686645508,4450967
2022-04-25,17.239999771118164,17.350000381469727,16.850000381469727,17.170000076293945,2480339
2022-04-26,17.25,17.479999542236328,16.59000015258789,16.59000015258789,3134335
2022-04-27,16.59000015258789,16.649999618530273,16.329999923706055,16.610000610351562,1683089
2022-04-28,16.81999969482422,16.84000015258789,16.389999389648438,16.549999237060547,2614264
2022-04-29,16.610000610351562,17.020000457763672,16.549999237060547,16.709999084472656,2428594
2022-05-05,16.790000915527344,17.25,16.790000915527344,16.969999313354492,2189403
2022-05-06,16.969999313354492,16.969999313354492,16.719999313354492,16.959999084472656,1887198
2022-05-09,16.709999084472656,16.959999084472656,16.489999771118164,16.600000381469727,1721271
2022-05-10,16.690000534057617,16.799999237060547,16.65999984741211,16.68000030517578,287073
2022-05-11,16.450000762939453,16.489999771118164,15.869999885559082,15.930000305175781,5024701
2022-05-12,15.930000305175781,15.930000305175781,15.270000457763672,15.359999656677246,3640755
2022-05-13,15.449999809265137,15.880000114440918,15.449999809265137,15.800000190734863,1968344
2022-05-16,15.899999618530273,16.1200008392334,15.520000457763672,15.520000457763672,2232353
2022-05-17,15.609999656677246,15.680000305175781,15.470000267028809,15.569999694824219,1677955
2022-05-18,15.569999694824219,15.65999984741211,15.420000076293945,15.470000267028809,1378068
2022-05-20,15.470000267028809,15.619999885559082,15.350000381469727,15.350000381469727,1463396
2022-05-23,15.420000076293945,15.699999809265137,15.210000038146973,15.489999771118164,1732653
2022-05-24,15.470000267028809,15.5,15.369999885559082,15.390000343322754,1096501
2022-05-25,15.399999618530273,15.520000457763672,15.34000015258789,15.5,1442380
2022-05-26,15.5,15.789999961853027,15.479999542236328,15.670000076293945,1962745
2022-05-27,15.720000267028809,15.779999732971191,15.550000190734863,15.550000190734863,1610124
2022-05-30,15.649999618530273,15.770000457763672,15.649999618530273,15.720000267028809,1784285
2022-05-31,15.779999732971191,15.899999618530273,15.720000267028809,15.84000015258789,2424265
2022-06-01,15.84000015258789,16.1299991607666,15.84000015258789,15.949999809265137,2367451
2022-06-02,15.989999771118164,16.1299991607666,15.920000076293945,16.0,1680667
2022-06-03,16.020000457763672,16.06999969482422,15.930000305175781,15.949999809265137,1437191
2022-06-06,16.0,16.1299991607666,16.0,16.040000915527344,2079857
2022-06-07,16.06999969482422,16.229999542236328,16.010000228881836,16.09000015258789,2551467
2022-06-08,16.110000610351562,16.18000030517578,15.390000343322754,15.399999618530273,2868474
2022-06-09,15.449999809265137,15.619999885559082,15.210000038146973,15.390000343322754,1719547
2022-06-10,15.380000114440918,15.649999618530273,15.319999694824219,15.40999984741211,1478348
2022-06-13,15.40999984741211,15.449999809265137,15.329999923706055,15.34000015258789,1011313
2022-06-14,15.420000076293945,15.460000038146973,15.239999771118164,15.25,1274341
2022-06-15,15.279999732971191,15.319999694824219,15.170000076293945,15.229999542236328,1400653
2022-06-16,15.289999961853027,15.460000038146973,15.050000190734863,15.0600004196167,2593300
2022-06-17,15.0600004196167,15.25,15.0600004196167,15.130000114440918,1790663
2022-06-20,15.239999771118164,15.449999809265137,15.220000267028809,15.34000015258789,1733947
2022-06-21,15.430000305175781,15.59000015258789,15.430000305175781,15.529999732971191,2046442
2022-06-22,15.5,15.520000457763672,15.390000343322754,15.390000343322754,1659026
2022-06-23,15.430000305175781,15.510000228881836,15.199999809265137,15.199999809265137,2171103
2022-06-24,15.109999656677246,15.3100004196167,15.109999656677246,15.210000038146973,2364828
2022-06-27,15.0,15.149999618530273,14.90999984741211,15.050000190734863,1787820
2022-06-28,15.0600004196167,15.1899995803833,14.800000190734863,14.859999656677246,1894484
2022-06-29,14.899999618530273,14.979999542236328,14.5600004196167,14.5600004196167,2387120
2022-06-30,14.630000114440918,14.649999618530273,14.34000015258789,14.390000343322754,2401265
2022-07-01,14.4399995803833,14.600000381469727,13.720000267028809,14.399999618530273,1732967
2022-07-04,14.5,14.699999809265137,14.300000190734863,14.300000190734863,1376533
2022-07-05,14.350000381469727,14.489999771118164,14.0600004196167,14.0600004196167,869396
2022-07-06,14.199999809265137,14.989999771118164,14.180000305175781,14.65999984741211,3888700
2022-07-07,14.699999809265137,15.100000381469727,14.649999618530273,14.960000038146973,2682685
2022-07-08,14.989999771118164,14.989999771118164,14.920000076293945,14.979999542236328,748056
2022-07-13,14.989999771118164,15.180000305175781,14.710000038146973,14.779999732971191,2247779
2022-07-14,14.800000190734863,14.869999885559082,14.609999656677246,14.640000343322754,1226040
2022-07-18,14.760000228881836,14.869999885559082,14.75,14.75,1864245
2022-07-19,14.760000228881836,14.859999656677246,14.710000038146973,14.779999732971191,2282679
2022-07-20,14.829999923706055,14.869999885559082,14.729999542236328,14.760000228881836,2426043
2022-07-21,14.779999732971191,14.8100004196167,14.640000343322754,14.640000343322754,2531738
2022-07-22,14.65999984741211,14.75,14.609999656677246,14.640000343322754,2555865
2022-07-25,14.75,14.869999885559082,14.720000267028809,14.739999771118164,2584870
2022-07-26,14.770000457763672,14.859999656677246,14.699999809265137,14.710000038146973,3525573
2022-07-27,14.760000228881836,14.829999923706055,14.720000267028809,14.739999771118164,2917568
2022-07-28,14.789999961853027,14.979999542236328,14.699999809265137,14.720000267028809,5996089
2022-07-29,14.789999961853027,14.819999694824219,14.699999809265137,14.729999542236328,3815161
2022-08-01,14.789999961853027,14.899999618530273,14.75,14.869999885559082,4803942
2022-08-02,14.890000343322754,14.989999771118164,14.600000381469727,14.680000305175781,5518307
2022-08-03,14.670000076293945,14.800000190734863,14.670000076293945,14.770000457763672,3054476
2022-08-04,14.8100004196167,15.949999809265137,14.800000190734863,15.850000381469727,20527600
2022-08-05,15.970000267028809,16.450000762939453,15.90999984741211,16.15999984741211,12958632
2022-08-08,16.299999237060547,16.399999618530273,16.030000686645508,16.139999389648438,6292415
2022-08-09,16.139999389648438,16.149999618530273,15.789999961853027,15.869999885559082,4742173
2022-08-10,15.859999656677246,16.299999237060547,15.829999923706055,16.079999923706055,6687690
2022-08-11,16.100000381469727,16.709999084472656,16.059999465942383,16.5,10745772
2022-08-12,16.510000228881836,16.65999984741211,16.34000015258789,16.34000015258789,5626617
2022-08-15,16.440000534057617,16.479999542236328,16.09000015258789,16.170000076293945,3111088
2022-08-16,16.239999771118164,16.43000030517578,15.449999809265137,16.079999923706055,5089304
2022-08-17,16.100000381469727,16.690000534057617,16.100000381469727,16.56999969482422,6734611
2022-08-18,15.850000381469727,15.960000038146973,15.710000038146973,15.90999984741211,10142943
2022-08-19,15.9399995803833,16.06999969482422,15.720000267028809,15.760000228881836,4202489
2022-08-22,15.829999923706055,16.5,15.75,16.360000610351562,7956900
2022-08-23,16.510000228881836,17.459999084472656,16.399999618530273,16.959999084472656,12806688
2022-08-24,17.049999237060547,18.110000610351562,16.950000762939453,17.760000228881836,16891558
2022-08-25,17.81999969482422,18.06999969482422,17.43000030517578,17.790000915527344,10266148
2022-08-26,18.049999237060547,18.309999465942383,17.15999984741211,17.5,7978478
2022-08-29,17.5,17.799999237060547,17.420000076293945,17.420000076293945,4842759
2022-08-31,17.600000381469727,18.309999465942383,17.399999618530273,18.0,8973968
2022-09-01,17.950000762939453,18.020000457763672,17.709999084472656,17.770000457763672,4481961
2022-09-02,17.809999465942383,18.780000686645508,17.799999237060547,18.760000228881836,9981489
2022-09-05,18.770000457763672,19.229999542236328,18.6299991607666,18.739999771118164,8705598
2022-09-06,18.8799991607666,18.989999771118164,18.219999313354492,18.31999969482422,6497854
2022-09-07,18.299999237060547,18.850000381469727,18.149999618530273,18.649999618530273,6022749
2022-09-08,18.799999237060547,19.600000381469727,18.290000915527344,18.530000686645508,10666056
2022-09-09,18.770000457763672,18.959999084472656,18.579999923706055,18.790000915527344,6105905
2022-09-12,19.149999618530273,19.399999618530273,18.719999313354492,19.1299991607666,10001512
2022-09-13,19.219999313354492,19.600000381469727,18.450000762939453,18.450000762939453,10516236
2022-09-14,18.200000762939453,18.440000534057617,17.670000076293945,18.25,4920675
2022-09-15,18.299999237060547,18.700000762939453,17.93000030517578,18.270000457763672,6501040
2022-09-16,18.229999542236328,18.329999923706055,17.979999542236328,17.979999542236328,3344976
2022-09-19,18.149999618530273,18.809999465942383,18.049999237060547,18.219999313354492,6480391
2022-09-20,18.25,18.510000228881836,17.389999389648438,18.049999237060547,5820872
2022-09-21,18.079999923706055,19.079999923706055,18.049999237060547,19.040000915527344,7551411
2022-09-22,19.040000915527344,19.899999618530273,19.0,19.799999237060547,7916828
2022-09-23,19.8700008392334,21.780000686645508,19.8700008392334,21.780000686645508,7094719
2022-09-26,22.799999237060547,23.940000534057617,21.639999389648438,21.639999389648438,27153740
2022-09-27,21.639999389648438,22.979999542236328,21.0,21.15999984741211,12536403
2022-09-28,21.239999771118164,22.739999771118164,20.920000076293945,21.360000610351562,17254968
2022-09-29,21.600000381469727,22.239999771118164,19.65999984741211,21.0,12843158
2022-09-30,21.100000381469727,21.68000030517578,20.239999771118164,20.479999542236328,9956223
2022-10-03,20.700000762939453,21.399999618530273,20.559999465942383,21.34000015258789,6859815
2022-10-04,21.6200008392334,21.639999389648438,20.780000686645508,21.1200008392334,6154429
2022-10-05,21.200000762939453,22.299999237060547,21.18000030517578,21.600000381469727,8463964
2022-10-06,21.780000686645508,22.6200008392334,21.6200008392334,22.0,13555356
2022-10-07,22.1200008392334,22.399999618530273,21.760000228881836,22.040000915527344,7129479
2022-10-10,22.100000381469727,22.280000686645508,21.34000015258789,21.5,9877376
2022-10-11,21.520000457763672,21.979999542236328,21.100000381469727,21.6200008392334,11720005
2022-10-12,21.6200008392334,22.100000381469727,21.3799991607666,21.479999542236328,5361509
2022-10-13,21.6200008392334,22.020000457763672,21.280000686645508,21.34000015258789,4944408
2022-10-14,21.600000381469727,21.739999771118164,21.420000076293945,21.520000457763672,3747301
2022-10-17,21.719999313354492,22.399999618530273,21.719999313354492,22.280000686645508,9002031
2022-10-18,22.399999618530273,23.600000381469727,22.299999237060547,23.059999465942383,10723086
2022-10-19,23.100000381469727,25.020000457763672,22.920000076293945,24.200000762939453,13487578
2022-10-20,24.18000030517578,24.34000015258789,23.200000762939453,23.200000762939453,10749091
2022-10-21,23.399999618530273,23.6200008392334,22.959999084472656,22.959999084472656,7867713
2022-10-24,23.15999984741211,23.739999771118164,22.639999389648438,23.5,10853261
2022-10-25,23.639999389648438,25.84000015258789,23.540000915527344,25.780000686645508,23919921
2022-10-26,25.84000015258789,27.399999618530273,25.440000534057617,26.420000076293945,19082553
2022-10-27,26.5,26.65999984741211,25.760000228881836,26.0,8651279
2022-10-28,26.3799991607666,26.459999084472656,25.579999923706055,25.860000610351562,4843257
2022-10-31,26.360000610351562,26.8799991607666,26.15999984741211,26.299999237060547,8503539
2022-11-01,26.360000610351562,26.6200008392334,25.520000457763672,25.899999618530273,13680126
2022-11-02,26.040000915527344,26.100000381469727,24.860000610351562,25.059999465942383,11107374
2022-11-03,25.100000381469727,25.559999465942383,25.0,25.219999313354492,6768690
2022-11-04,25.34000015258789,25.459999084472656,25.059999465942383,25.280000686645508,6560708
2022-11-07,25.600000381469727,26.440000534057617,25.420000076293945,25.81999969482422,14016345
2022-11-08,26.0,26.31999969482422,25.700000762939453,25.899999618530273,13744178
2022-11-09,24.459999084472656,25.100000381469727,23.84000015258789,24.260000228881836,23654656
2022-11-10,24.440000534057617,24.760000228881836,24.200000762939453,24.34000015258789,7285580
2022-11-11,24.559999465942383,24.8799991607666,24.059999465942383,24.299999237060547,8694284
2022-11-14,24.299999237060547,24.520000457763672,24.1200008392334,24.399999618530273,7490531
2022-11-15,24.5,24.65999984741211,23.860000610351562,24.059999465942383,7388343
2022-11-16,24.1200008392334,25.540000915527344,23.8799991607666,24.899999618530273,14849662
2022-11-17,25.020000457763672,25.799999237060547,24.200000762939453,25.459999084472656,14719764
2022-11-18,25.719999313354492,27.360000610351562,25.700000762939453,26.8799991607666,19085470
2022-11-21,27.139999389648438,27.739999771118164,26.459999084472656,26.799999237060547,15504635
2022-11-22,26.940000534057617,28.739999771118164,26.84000015258789,28.540000915527344,26598484
2022-11-23,28.540000915527344,29.940000534057617,28.0,29.520000457763672,32042234
2022-11-24,29.540000915527344,30.31999969482422,29.299999237060547,29.979999542236328,21474471
2022-11-25,30.079999923706055,31.639999389648438,29.920000076293945,30.81999969482422,14379727
2022-11-28,30.979999542236328,33.439998626708984,30.959999084472656,33.20000076293945,17916586
2022-11-29,33.5,34.97999954223633,32.47999954223633,33.65999984741211,19401635
2022-11-30,33.70000076293945,37.119998931884766,33.439998626708984,36.220001220703125,20424997
2022-12-01,36.79999923706055,37.560001373291016,35.5,37.08000183105469,17802466
2022-12-02,37.08000183105469,37.36000061035156,35.79999923706055,35.81999969482422,11198442
2022-12-05,36.099998474121094,37.220001220703125,35.63999938964844,36.81999969482422,14371510
2022-12-06,37.29999923706055,37.47999954223633,35.040000915527344,35.2400016784668,13928715
2022-12-07,35.400001525878906,35.52000045776367,32.29999923706055,32.880001068115234,18427771
2022-12-08,32.880001068115234,34.52000045776367,32.08000183105469,34.439998626708984,16994550
2022-12-09,34.779998779296875,36.29999923706055,34.779998779296875,35.65999984741211,16226360
2022-12-12,36.0,36.81999969482422,35.779998779296875,36.36000061035156,11314703
2022-12-13,36.47999954223633,39.880001068115234,36.31999969482422,39.880001068115234,19613335
2022-12-14,40.91999816894531,42.119998931884766,39.0,40.0,27289616
2022-12-15,41.0,43.2400016784668,40.65999984741211,42.459999084472656,21342589
2022-12-16,43.220001220703125,44.599998474121094,43.20000076293945,43.41999816894531,6419390
2022-12-19,43.5,43.97999954223633,42.099998474121094,42.5,13954072
2022-12-20,42.7400016784668,43.65999984741211,42.15999984741211,42.84000015258789,12211332
2022-12-21,43.29999923706055,44.13999938964844,42.959999084472656,43.040000915527344,12990384
2022-12-22,43.47999954223633,44.220001220703125,43.18000030517578,43.70000076293945,10448293
2022-12-23,43.900001525878906,46.5,43.81999969482422,46.5,17844580
2022-12-26,46.58000183105469,48.68000030517578,46.099998474121094,46.58000183105469,12755674
2022-12-27,46.81999969482422,47.0,44.599998474121094,44.880001068115234,10441435
2022-12-28,45.20000076293945,45.220001220703125,42.79999923706055,43.20000076293945,10184824
2022-12-29,43.65999984741211,44.63999938964844,43.02000045776367,44.41999816894531,7195945
2022-12-30,44.52000045776367,45.619998931884766,43.720001220703125,43.720001220703125,7773691
2023-01-02,44.20000076293945,46.220001220703125,44.20000076293945,46.13999938964844,10002599
2023-01-03,46.15999984741211,49.279998779296875,45.060001373291016,47.18000030517578,17237848
2023-01-04,47.599998474121094,48.29999923706055,46.34000015258789,46.939998626708984,10148355
2023-01-05,47.5,48.31999969482422,45.099998474121094,46.52000045776367,12125899
2023-01-06,44.599998474121094,47.439998626708984,43.2400016784668,47.41999816894531,14217189
2023-01-09,48.29999923706055,48.5,45.900001525878906,46.279998779296875,9859146
2023-01-10,46.220001220703125,46.31999969482422,41.65999984741211,41.65999984741211,14488802
2023-01-11,41.31999969482422,42.79999923706055,39.20000076293945,39.20000076293945,15076847
2023-01-12,40.20000076293945,40.7599983215332,36.560001373291016,39.459999084472656,14481404
2023-01-13,39.47999954223633,43.0,39.18000030517578,40.13999938964844,8985921
2023-01-16,40.619998931884766,42.0,40.040000915527344,41.7599983215332,8655506
2023-01-17,41.7599983215332,42.79999923706055,41.20000076293945,41.84000015258789,10726844
2023-01-18,41.91999816894531,44.70000076293945,41.880001068115234,44.060001373291016,12733352
2023-01-19,44.02000045776367,44.900001525878906,43.0,43.119998931884766,5623139
2023-01-20,43.36000061035156,43.91999816894531,42.08000183105469,42.5,5039862
2023-01-23,42.68000030517578,44.58000183105469,42.2599983215332,42.86000061035156,9268109
2023-01-24,42.779998779296875,43.119998931884766,40.65999984741211,41.08000183105469,7663632
2023-01-25,41.459999084472656,41.79999923706055,37.91999816894531,39.599998474121094,9953213
2023-01-26,39.619998931884766,41.400001525878906,39.15999984741211,40.220001220703125,4573870
2023-01-27,40.099998474121094,40.65999984741211,37.619998931884766,38.7599983215332,5418951
2023-01-30,38.900001525878906,39.439998626708984,37.0,37.52000045776367,5477497
2023-01-31,37.560001373291016,39.099998474121094,36.2599983215332,38.2400016784668,7138919
2023-02-01,38.2599983215332,39.439998626708984,34.41999816894531,34.41999816894531,10168843
2023-02-02,33.34000015258789,33.47999954223633,30.979999542236328,30.979999542236328,47546512
2023-02-03,29.780000686645508,31.600000381469727,28.299999237060547,31.18000030517578,44491140
2023-02-06,31.020000457763672,32.47999954223633,29.280000686645508,30.780000686645508,6136404
2023-02-07,30.020000457763672,30.979999542236328,27.719999313354492,27.719999313354492,12072442
2023-02-08,25.239999771118164,25.239999771118164,25.239999771118164,25.239999771118164,750
2023-02-15,28.739999771118164,30.479999542236328,28.18000030517578,30.479999542236328,7649470
2023-02-16,31.799999237060547,32.20000076293945,27.440000534057617,27.579999923706055,12772308
2023-02-17,27.1200008392334,28.059999465942383,26.280000686645508,27.18000030517578,8357935
2023-02-20,27.3799991607666,28.719999313354492,26.479999542236328,28.479999542236328,9566652
2023-02-21,28.34000015258789,31.100000381469727,28.239999771118164,30.15999984741211,11802947
2023-02-22,30.139999389648438,30.799999237060547,28.760000228881836,28.799999237060547,7273495
2023-02-23,28.84000015258789,30.0,28.84000015258789,29.979999542236328,6747223
2023-02-24,29.920000076293945,30.15999984741211,28.739999771118164,28.780000686645508,6865520
2023-02-27,28.8799991607666,29.65999984741211,28.280000686645508,29.600000381469727,5878564
2023-02-28,29.639999389648438,30.899999618530273,29.639999389648438,30.780000686645508,10469077
2023-03-01,31.100000381469727,31.920000076293945,30.5,31.479999542236328,10373640
2023-03-02,31.459999084472656,32.47999954223633,30.739999771118164,31.0,8301166
2023-03-03,31.0,31.31999969482422,29.520000457763672,30.200000762939453,6871598
2023-03-06,30.579999923706055,31.579999923706055,30.239999771118164,31.420000076293945,8081143
2023-03-07,31.719999313354492,33.5,31.68000030517578,32.900001525878906,13903632
2023-03-08,33.279998779296875,33.29999923706055,32.31999969482422,32.81999969482422,6982219
2023-03-09,33.29999923706055,34.040000915527344,32.619998931884766,33.63999938964844,12424544
2023-03-10,33.560001373291016,34.5,33.2400016784668,33.91999816894531,13062500
2023-03-13,34.47999954223633,37.29999923706055,34.47999954223633,37.29999923706055,27774465
2023-03-14,37.29999923706055,38.29999923706055,35.81999969482422,36.040000915527344,19102088
2023-03-15,36.13999938964844,36.84000015258789,34.7400016784668,34.91999816894531,9852205
2023-03-16,35.36000061035156,36.15999984741211,35.08000183105469,35.939998626708984,8720000
2023-03-17,36.400001525878906,37.08000183105469,36.15999984741211,36.7599983215332,9777357
2023-03-20,37.0,37.20000076293945,35.52000045776367,35.52000045776367,8049001
2023-03-21,35.79999923706055,35.86000061035156,33.119998931884766,33.380001068115234,7934940
2023-03-22,33.52000045776367,34.13999938964844,32.97999954223633,33.47999954223633,5636126
2023-03-23,33.52000045776367,34.040000915527344,33.2400016784668,33.65999984741211,4707523
2023-03-24,33.79999923706055,34.400001525878906,33.18000030517578,33.279998779296875,5314211
2023-03-27,33.439998626708984,33.880001068115234,33.0,33.119998931884766,4272791
2023-03-28,33.08000183105469,33.34000015258789,31.739999771118164,31.799999237060547,4804855
2023-03-29,31.81999969482422,31.940000534057617,30.299999237060547,31.420000076293945,5595867
2023-03-30,31.5,32.63999938964844,31.479999542236328,32.0,8952112
2023-03-31,32.380001068115234,32.400001525878906,30.799999237060547,31.15999984741211,11521140
2023-04-03,31.399999618530273,31.479999542236328,30.139999389648438,30.700000762939453,4131369
2023-04-04,30.899999618530273,31.020000457763672,30.459999084472656,30.920000076293945,5352619
2023-04-05,31.0,31.780000686645508,30.559999465942383,30.559999465942383,5924066
2023-04-06,30.600000381469727,31.420000076293945,30.600000381469727,30.899999618530273,3800631
2023-04-07,31.0,31.280000686645508,30.799999237060547,31.079999923706055,6412115
2023-04-10,31.219999313354492,32.380001068115234,31.15999984741211,31.940000534057617,8344690
2023-04-11,32.02000045776367,33.70000076293945,31.8799991607666,33.20000076293945,8398550
2023-04-12,33.20000076293945,33.959999084472656,32.939998626708984,33.0,5657935
2023-04-13,33.20000076293945,33.68000030517578,32.540000915527344,33.459999084472656,6616629
2023-04-14,33.52000045776367,34.2599983215332,32.939998626708984,33.0,7203546
2023-04-17,33.119998931884766,34.13999938964844,32.81999969482422,33.31999969482422,5996978
2023-04-18,33.34000015258789,34.119998931884766,33.34000015258789,33.65999984741211,5032075
2023-04-19,33.65999984741211,33.880001068115234,32.939998626708984,33.58000183105469,4542625
2023-04-20,33.58000183105469,34.36000061035156,33.2599983215332,33.79999923706055,3908272
2023-04-24,34.279998779296875,34.86000061035156,34.040000915527344,34.63999938964844,6295504
2023-04-25,34.84000015258789,34.84000015258789,32.63999938964844,32.720001220703125,4778939
2023-04-26,32.880001068115234,33.0,31.299999237060547,31.739999771118164,4436992
2023-04-27,31.700000762939453,32.279998779296875,31.34000015258789,31.440000534057617,3896669
2023-04-28,31.440000534057617,31.579999923706055,29.799999237060547,30.0,3115579
2023-05-02,30.100000381469727,30.15999984741211,28.360000610351562,28.360000610351562,5078448
2023-05-03,28.3799991607666,28.559999465942383,26.84000015258789,28.5,4625683
2023-05-04,28.5,29.260000228881836,28.399999618530273,28.899999618530273,3530426
2023-05-05,28.899999618530273,29.0,27.920000076293945,28.260000228881836,3723266
2023-05-08,28.299999237060547,29.34000015258789,27.860000610351562,29.34000015258789,4444638
2023-05-09,29.440000534057617,30.5,29.299999237060547,29.959999084472656,7101681
2023-05-10,31.600000381469727,32.900001525878906,31.18000030517578,32.400001525878906,15301036
2023-05-11,32.599998474121094,35.63999938964844,32.20000076293945,35.63999938964844,15956088
2023-05-12,36.099998474121094,37.0,34.29999923706055,34.47999954223633,10699596
2023-05-15,31.260000228881836,32.86000061035156,31.040000915527344,31.040000915527344,8569942
2023-05-16,31.040000915527344,32.58000183105469,30.959999084472656,32.5,6623027
2023-05-17,32.459999084472656,33.5,32.18000030517578,33.08000183105469,7859478
2023-05-18,33.08000183105469,34.0,32.70000076293945,33.0,9962766
2023-05-22,33.0,33.13999938964844,31.579999923706055,32.08000183105469,4853738
2023-05-23,31.81999969482422,32.20000076293945,31.34000015258789,31.540000915527344,3253910
2023-05-24,31.600000381469727,32.060001373291016,30.399999618530273,30.959999084472656,3758527
2023-05-25,31.0,31.280000686645508,30.100000381469727,30.440000534057617,3394860
2023-05-26,30.479999542236328,30.81999969482422,29.899999618530273,30.520000457763672,4246597
2023-05-29,31.020000457763672,31.899999618530273,30.260000228881836,31.5,6104854
2023-05-30,31.84000015258789,33.47999954223633,31.459999084472656,33.41999816894531,7730974
2023-05-31,33.400001525878906,34.060001373291016,32.70000076293945,33.79999923706055,6521497
2023-06-01,34.099998474121094,34.79999923706055,33.63999938964844,34.099998474121094,5438383
2023-06-02,34.720001220703125,35.0,33.81999969482422,34.58000183105469,9651901
2023-06-05,34.7599983215332,36.099998474121094,34.34000015258789,35.939998626708984,12469245
2023-06-06,36.0,37.779998779296875,35.619998931884766,37.15999984741211,13563045
2023-06-07,37.20000076293945,37.52000045776367,35.619998931884766,35.619998931884766,14375811
2023-06-08,35.81999969482422,36.0,34.060001373291016,34.380001068115234,8493800
2023-06-09,34.560001373291016,35.15999984741211,34.060001373291016,34.459999084472656,7185206
2023-06-12,34.619998931884766,35.52000045776367,34.619998931884766,35.18000030517578,7295925
2023-06-13,35.20000076293945,35.279998779296875,33.5,33.779998779296875,5449463
2023-06-14,33.900001525878906,34.119998931884766,33.0,33.099998474121094,4713691
2023-06-15,33.400001525878906,33.65999984741211,32.540000915527344,33.29999923706055,6835243
2023-06-16,33.540000915527344,34.220001220703125,33.29999923706055,33.779998779296875,6682709
2023-06-19,34.02000045776367,34.18000030517578,32.900001525878906,32.959999084472656,7333125
2023-06-20,32.939998626708984,33.18000030517578,32.400001525878906,32.7599983215332,4081205
2023-06-21,33.02000045776367,33.31999969482422,31.940000534057617,32.2599983215332,2643500
2023-06-22,32.2599983215332,32.79999923706055,31.700000762939453,32.619998931884766,7749406
2023-06-23,32.84000015258789,33.779998779296875,32.81999969482422,33.439998626708984,5446166
2023-06-26,33.560001373291016,34.34000015258789,33.47999954223633,34.29999923706055,7214751
2023-06-27,34.29999923706055,34.7599983215332,33.79999923706055,34.52000045776367,2604738
2023-07-03,34.91999816894531,35.52000045776367,34.81999969482422,35.400001525878906,9071745
2023-07-04,35.439998626708984,36.220001220703125,35.060001373291016,35.900001525878906,10576686
2023-07-05,36.099998474121094,36.380001068115234,35.13999938964844,36.13999938964844,9367516
2023-07-06,36.220001220703125,36.540000915527344,35.70000076293945,35.7400016784668,10087796
2023-07-07,35.70000076293945,36.2599983215332,35.560001373291016,35.939998626708984,6923637
2023-07-10,36.400001525878906,37.13999938964844,35.959999084472656,36.86000061035156,14114761
2023-07-11,37.220001220703125,38.13999938964844,36.34000015258789,37.2599983215332,16512770
2023-07-12,37.36000061035156,38.060001373291016,36.959999084472656,37.439998626708984,12495683
2023-07-13,37.5,39.040000915527344,37.400001525878906,38.060001373291016,17605583
2023-07-14,38.31999969482422,38.459999084472656,37.5,37.619998931884766,7822494
2023-07-17,37.959999084472656,39.34000015258789,37.91999816894531,38.65999984741211,11334745
2023-07-18,38.900001525878906,38.939998626708984,36.08000183105469,36.13999938964844,12125993
2023-07-19,36.15999984741211,37.08000183105469,35.380001068115234,37.08000183105469,8553175
2023-07-20,37.279998779296875,37.5,36.47999954223633,36.91999816894531,10337978
2023-07-21,37.400001525878906,40.0,37.220001220703125,39.47999954223633,23351495
2023-07-24,39.70000076293945,40.58000183105469,39.0,39.0,14866159
2023-07-25,39.02000045776367,39.400001525878906,37.2599983215332,37.84000015258789,6840561
2023-07-26,37.79999923706055,38.400001525878906,37.36000061035156,38.18000030517578,5044980
2023-07-27,38.31999969482422,38.7400016784668,38.15999984741211,38.31999969482422,8062020
2023-07-28,38.560001373291016,39.040000915527344,38.41999816894531,38.70000076293945,8720062
2023-07-31,39.0,39.58000183105469,38.720001220703125,39.099998474121094,11107905
2023-08-01,39.31999969482422,39.599998474121094,38.880001068115234,39.0,11473622
2023-08-02,39.0,42.900001525878906,38.939998626708984,42.900001525878906,18348691
2023-08-03,44.880001068115234,44.900001525878906,42.099998474121094,43.15999984741211,23493119
2023-08-04,43.29999923706055,44.779998779296875,42.86000061035156,43.279998779296875,11199075
2023-08-07,43.58000183105469,44.540000915527344,42.880001068115234,43.7400016784668,11924679
2023-08-08,43.7400016784668,43.900001525878906,42.18000030517578,42.5,6711092
2023-08-09,42.5,44.15999984741211,42.0,43.84000015258789,10998813
2023-08-10,43.84000015258789,45.2400016784668,41.779998779296875,42.279998779296875,13164522
2023-08-11,42.279998779296875,43.5,41.29999923706055,43.18000030517578,6895801
2023-08-14,43.439998626708984,44.31999969482422,42.459999084472656,42.84000015258789,8269644
2023-08-15,42.91999816894531,44.79999923706055,42.91999816894531,44.29999923706055,13859029
2023-08-16,44.599998474121094,45.41999816894531,43.720001220703125,45.060001373291016,12694823
2023-08-17,45.65999984741211,47.099998474121094,45.13999938964844,46.79999923706055,11910418
2023-08-18,45.70000076293945,50.349998474121094,44.86000061035156,48.5,31448986
2023-08-21,48.58000183105469,53.349998474121094,48.58000183105469,53.349998474121094,18625950
2023-08-22,53.5,57.75,52.54999923706055,53.5,23744322
2023-08-23,54.0,55.900001525878906,52.54999923706055,52.79999923706055,13841977
2023-08-24,53.349998474121094,58.04999923706055,51.900001525878906,56.70000076293945,27175905
2023-08-25,56.5,61.400001525878906,54.20000076293945,59.849998474121094,19623919
2023-08-28,60.79999923706055,61.849998474121094,58.29999923706055,58.54999923706055,15226769
2023-08-29,58.95000076293945,64.4000015258789,58.95000076293945,61.5,25742978
2023-08-31,62.0,64.5,60.75,61.0,17910820
2023-09-01,61.599998474121094,67.0999984741211,60.849998474121094,66.80000305175781,21393209
2023-09-04,67.3499984741211,73.44999694824219,65.80000305175781,69.0,19970856
2023-09-05,72.0,75.9000015258789,69.5,75.44999694824219,28094295
2023-09-06,77.0,80.44999694824219,71.6500015258789,72.4000015258789,29592052
2023-09-07,73.0,75.80000305175781,71.05000305175781,71.94999694824219,13398355
2023-09-08,73.05000305175781,77.30000305175781,72.75,74.1500015258789,17519483
2023-09-11,75.80000305175781,81.55000305175781,75.55000305175781,81.55000305175781,20071110
2023-09-12,84.5,89.69999694824219,83.1500015258789,89.69999694824219,28956591
2023-09-13,89.69999694824219,93.0,83.19999694824219,83.19999694824219,31203675
2023-09-14,83.8499984741211,84.19999694824219,76.3499984741211,79.44999694824219,23194673
2023-09-15,80.1500015258789,83.0,76.8499984741211,77.25,19721899
2023-09-18,77.25,77.30000305175781,72.05000305175781,72.05000305175781,16431891
2023-09-19,71.9000015258789,79.25,71.75,79.25,23643492
2023-09-20,82.0,84.69999694824219,77.9000015258789,78.3499984741211,21322232
2023-09-21,78.0,82.44999694824219,76.4000015258789,81.25,19263662
2023-09-22,82.4000015258789,84.0,80.0,80.8499984741211,12031330
2023-09-25,82.19999694824219,88.9000015258789,81.5,88.9000015258789,16193224
2023-09-26,93.5,97.75,92.0,97.75,24800912
2023-09-27,96.25,98.19999694824219,92.30000305175781,93.0999984741211,23676753
2023-09-28,94.0,100.0,93.30000305175781,94.6500015258789,21984014
2023-09-29,96.44999694824219,97.0,92.8499984741211,93.9000015258789,12554386
2023-10-02,95.0,96.5,93.0,93.44999694824219,11775469
2023-10-03,94.0,95.8499984741211,91.3499984741211,93.30000305175781,12748057
2023-10-04,93.3499984741211,94.0,89.55000305175781,89.55000305175781,8574882
2023-10-05,89.69999694824219,94.94999694824219,89.0999984741211,94.19999694824219,20567603
2023-10-06,93.44999694824219,94.4000015258789,91.25,91.5,8317985
2023-10-09,89.0999984741211,93.80000305175781,85.9000015258789,86.69999694824219,14494099
2023-10-10,88.5999984741211,93.0,88.55000305175781,93.0,12860563
2023-10-11,92.8499984741211,93.44999694824219,90.25,91.0,9457772
2023-10-12,92.69999694824219,93.0999984741211,84.94999694824219,87.8499984741211,13273948
2023-10-13,86.9000015258789,87.6500015258789,82.30000305175781,84.0,11470049
2023-10-16,85.0999984741211,86.19999694824219,79.1500015258789,80.0,12356995
2023-10-17,81.0,86.44999694824219,80.05000305175781,84.5999984741211,17921378
2023-10-18,82.25,88.0999984741211,81.80000305175781,84.5999984741211,16666976
2023-10-19,85.5,87.1500015258789,82.19999694824219,82.4000015258789,12836337
2023-10-20,82.19999694824219,83.0999984741211,79.4000015258789,81.25,9184920
2023-10-23,83.30000305175781,83.75,79.5,82.80000305175781,10512878
2023-10-24,83.4000015258789,85.0999984741211,82.30000305175781,83.3499984741211,9847356
2023-10-25,83.5,84.5,75.05000305175781,75.05000305175781,9959193
2023-10-26,75.05000305175781,77.6500015258789,71.44999694824219,75.5999984741211,19855552
2023-10-27,76.05000305175781,76.3499984741211,71.9000015258789,74.55000305175781,8084487
2023-10-30,74.3499984741211,76.1500015258789,72.69999694824219,74.75,8510529
2023-10-31,75.3499984741211,75.75,72.0,72.5,6178057
2023-11-01,73.4000015258789,76.0,70.8499984741211,74.30000305175781,14098192
2023-11-02,75.1500015258789,80.75,74.69999694824219,79.44999694824219,15303932
2023-11-03,79.69999694824219,81.5,76.0999984741211,77.4000015258789,11071337
2023-11-06,78.6500015258789,83.75,77.80000305175781,82.5999984741211,11655796
2023-11-07,82.6500015258789,85.25,80.75,81.80000305175781,10768382
2023-11-08,82.5999984741211,86.6500015258789,82.25,85.8499984741211,14396121
2023-11-09,85.0999984741211,85.8499984741211,82.8499984741211,84.0,8577595
2023-11-10,84.75,87.69999694824219,83.44999694824219,83.55000305175781,17487781
2023-11-13,83.5999984741211,83.94999694824219,79.5999984741211,79.94999694824219,9234767
2023-11-14,80.0,82.3499984741211,78.5999984741211,81.55000305175781,7232719
2023-11-15,82.0999984741211,83.5,80.05000305175781,80.0999984741211,6050452
2023-11-16,80.05000305175781,82.0999984741211,79.69999694824219,80.44999694824219,3837545
2023-11-17,83.05000305175781,88.44999694824219,82.80000305175781,88.44999694824219,16264979
2023-11-20,91.0,95.0999984741211,90.69999694824219,91.8499984741211,17306450
2023-11-21,91.8499984741211,94.0999984741211,90.0999984741211,92.5,10459014
2023-11-22,92.75,93.0,89.5,89.5999984741211,5106870
2023-11-23,89.75,93.1500015258789,89.5999984741211,91.4000015258789,10957575
2023-11-24,91.5,92.05000305175781,88.69999694824219,90.19999694824219,7550615
2023-11-27,90.5999984741211,91.0,88.5999984741211,89.25,5072922
2023-11-28,89.5,91.0,88.0,88.69999694824219,5311042
2023-11-29,89.0999984741211,89.3499984741211,85.30000305175781,85.80000305175781,5445212
2023-11-30,85.80000305175781,87.44999694824219,84.8499984741211,85.6500015258789,4452873
2023-12-01,87.05000305175781,87.1500015258789,83.75,84.5,4771412
2023-12-04,84.5999984741211,84.69999694824219,82.5,84.0,4847075
2023-12-05,84.0,85.44999694824219,83.44999694824219,83.6500015258789,4971274
2023-12-06,83.69999694824219,85.19999694824219,81.0,81.25,6845559
2023-12-07,81.05000305175781,83.94999694824219,78.94999694824219,83.94999694824219,7513026
2023-12-08,84.1500015258789,85.44999694824219,83.0,84.0,5031363
2023-12-11,83.75,83.75,78.3499984741211,78.5999984741211,7028006
2023-12-12,78.6500015258789,81.44999694824219,77.4000015258789,81.44999694824219,5983540
2023-12-13,81.19999694824219,81.3499984741211,76.05000305175781,76.05000305175781,5482595
2023-12-14,77.0999984741211,79.44999694824219,75.3499984741211,79.05000305175781,5807698
2023-12-15,79.0,81.6500015258789,78.80000305175781,81.5999984741211,6184416
2023-12-18,81.0,81.0,76.0999984741211,76.3499984741211,4896890
2023-12-19,76.5,79.1500015258789,75.5999984741211,78.30000305175781,5332406
2023-12-20,78.0,78.9000015258789,76.4000015258789,76.94999694824219,3833488
2023-12-21,76.9000015258789,79.30000305175781,76.19999694824219,78.80000305175781,4062261
2023-12-22,78.9000015258789,79.9000015258789,76.0999984741211,76.0999984741211,3395775
2023-12-25,75.30000305175781,77.0999984741211,72.5,72.80000305175781,3181000
2023-12-26,73.1500015258789,77.19999694824219,72.80000305175781,74.8499984741211,3845619
2023-12-27,74.6500015258789,76.9000015258789,74.25,75.4000015258789,3459119
2023-12-28,75.69999694824219,81.0,75.5999984741211,80.05000305175781,5372431
2023-12-29,80.0,82.4000015258789,79.44999694824219,81.8499984741211,3755715
2024-01-02,82.6500015258789,83.94999694824219,81.9000015258789,83.9000015258789,3552043
2024-01-03,83.69999694824219,83.75,81.3499984741211,82.19999694824219,4389717
2024-01-04,81.69999694824219,82.75,79.75,81.30000305175781,4440066
2024-01-05,81.5999984741211,81.69999694824219,79.0,79.75,4384722
2024-01-08,79.9000015258789,81.6500015258789,79.1500015258789,80.5999984741211,4519106
2024-01-09,81.1500015258789,81.3499984741211,78.0,79.0,3607125
2024-01-10,79.4000015258789,80.55000305175781,78.44999694824219,80.0,3148551
2024-01-11,80.94999694824219,82.75,79.3499984741211,79.4000015258789,4615674
2024-01-12,79.1500015258789,80.75,77.3499984741211,79.9000015258789,4361587
2024-01-15,79.9000015258789,81.8499984741211,79.5999984741211,80.25,3983333
2024-01-16,80.25,83.55000305175781,80.19999694824219,83.1500015258789,6472523
2024-01-17,82.5999984741211,83.1500015258789,80.69999694824219,80.94999694824219,4794989
2024-01-18,81.75,82.30000305175781,79.6500015258789,79.80000305175781,4211229
2024-01-19,79.9000015258789,80.1500015258789,78.44999694824219,79.9000015258789,3416042
2024-01-22,79.80000305175781,81.55000305175781,79.05000305175781,80.5,4769110
2024-01-23,81.19999694824219,84.30000305175781,81.05000305175781,83.05000305175781,9477717
2024-01-24,83.3499984741211,90.55000305175781,82.8499984741211,89.4000015258789,15097783
2024-01-25,89.5999984741211,90.55000305175781,87.80000305175781,89.05000305175781,9297609
2024-01-26,90.19999694824219,92.44999694824219,89.4000015258789,91.05000305175781,6912075
2024-01-29,91.6500015258789,94.5999984741211,91.19999694824219,92.6500015258789,6123718
2024-01-30,92.6500015258789,93.55000305175781,91.19999694824219,91.19999694824219,4526928
2024-01-31,91.0,94.25,90.25,93.44999694824219,6161230
2024-02-01,93.44999694824219,97.4000015258789,93.4000015258789,94.05000305175781,9049753
2024-02-02,94.44999694824219,98.0,94.4000015258789,97.0,7727749
2024-02-05,96.94999694824219,98.5,95.1500015258789,97.0,8017834
2024-02-06,97.44999694824219,102.19999694824219,97.30000305175781,101.9000015258789,10230077
2024-02-07,102.19999694824219,102.69999694824219,98.75,99.30000305175781,6237466
2024-02-08,99.5,109.19999694824219,99.44999694824219,109.19999694824219,12198095
2024-02-09,110.0,111.30000305175781,107.30000305175781,108.69999694824219,9750796
2024-02-12,110.69999694824219,113.0,107.30000305175781,111.4000015258789,10025212
2024-02-13,113.0999984741211,113.30000305175781,104.30000305175781,106.9000015258789,9759398
2024-02-14,106.9000015258789,112.9000015258789,103.80000305175781,111.0,11720598
2024-02-15,111.0999984741211,112.0999984741211,108.4000015258789,108.9000015258789,6495872
2024-02-16,109.9000015258789,113.5999984741211,106.69999694824219,106.9000015258789,9243270
2024-02-19,107.5,109.5,105.0,105.0,6738934
2024-02-20,106.0,107.80000305175781,104.4000015258789,106.4000015258789,5500507
2024-02-21,107.5,109.0999984741211,103.0999984741211,103.80000305175781,7484332
2024-02-22,104.30000305175781,108.9000015258789,103.9000015258789,106.69999694824219,9321329
2024-02-23,107.0,107.80000305175781,104.0999984741211,105.5,4913087
2024-02-26,105.5999984741211,111.80000305175781,105.0999984741211,109.4000015258789,10576634
2024-02-27,109.4000015258789,114.0,107.0999984741211,110.0999984741211,12866199
2024-02-28,109.69999694824219,110.0,104.0,104.0,6640508
2024-02-29,104.69999694824219,106.69999694824219,104.30000305175781,106.19999694824219,4396647
2024-03-01,106.5,109.4000015258789,105.0999984741211,106.0,5065546
2024-03-04,106.69999694824219,111.69999694824219,104.5,104.5,11872324
2024-03-05,105.0,106.5,102.5,103.5,6475073
2024-03-06,104.9000015258789,105.19999694824219,99.80000305175781,99.80000305175781,6170879
2024-03-07,100.19999694824219,104.30000305175781,100.19999694824219,103.5999984741211,5780611
2024-03-08,104.0,110.9000015258789,103.69999694824219,110.69999694824219,9639117
2024-03-11,112.80000305175781,116.0,111.5999984741211,113.9000015258789,10589547
2024-03-12,120.0,121.9000015258789,111.0,111.30000305175781,20424625
2024-03-13,112.4000015258789,118.0999984741211,112.0,115.5999984741211,12826912
2024-03-14,115.5999984741211,116.19999694824219,108.19999694824219,110.30000305175781,9655027
2024-03-15,110.30000305175781,110.5999984741211,104.80000305175781,105.69999694824219,7012345
2024-03-18,105.69999694824219,106.0999984741211,102.5999984741211,103.19999694824219,4702066
2024-03-19,103.5,106.5,102.0999984741211,106.0,4827079
2024-03-20,106.0999984741211,107.0,104.19999694824219,105.0999984741211,3840329
2024-03-21,105.69999694824219,114.0,105.5999984741211,111.0,11434693
2024-03-22,110.5,112.80000305175781,105.80000305175781,106.19999694824219,7476651
2024-03-25,106.19999694824219,107.69999694824219,101.30000305175781,101.80000305175781,5488338
2024-03-26,102.30000305175781,103.19999694824219,97.69999694824219,99.9000015258789,5750717
2024-03-27,100.19999694824219,101.5,99.05000305175781,100.4000015258789,4298696
2024-03-28,100.5999984741211,104.5999984741211,100.5999984741211,103.19999694824219,4217685
2024-03-29,103.30000305175781,106.0,102.9000015258789,104.4000015258789,3322567
2024-04-01,104.9000015258789,106.30000305175781,100.0,102.69999694824219,4924218
2024-04-02,103.0999984741211,104.30000305175781,99.3499984741211,100.9000015258789,4598804
2024-04-03,100.5,101.19999694824219,98.5,99.69999694824219,3343281
2024-04-04,100.5,102.4000015258789,99.9000015258789,101.5,4580378
2024-04-05,103.4000015258789,106.80000305175781,102.4000015258789,106.5999984741211,6012746
2024-04-08,107.5,114.0,106.5999984741211,113.80000305175781,7022555
2024-04-15,113.0,114.5999984741211,109.5999984741211,111.0,5728187
2024-04-16,109.19999694824219,112.30000305175781,107.80000305175781,111.80000305175781,4895262
2024-04-17,112.5,114.80000305175781,110.19999694824219,112.0,4695110
2024-04-18,112.9000015258789,113.80000305175781,109.0,111.0,4262443
2024-04-19,109.5,111.9000015258789,107.5999984741211,111.5,4055271
2024-04-22,112.9000015258789,114.4000015258789,111.19999694824219,112.0,4702628
2024-04-24,113.5999984741211,113.80000305175781,108.4000015258789,109.5,7397973
2024-04-25,109.80000305175781,110.5,107.80000305175781,109.30000305175781,4158728
2024-04-26,110.0,111.30000305175781,108.30000305175781,110.19999694824219,4462328
2024-04-29,110.80000305175781,116.5,110.5,116.5,12003898
2024-04-30,116.4000015258789,116.80000305175781,113.5,114.30000305175781,5585958
2024-05-02,115.0,116.30000305175781,111.5999984741211,112.80000305175781,8197952
2024-05-03,113.4000015258789,116.30000305175781,112.5,115.30000305175781,6912174
2024-05-06,115.4000015258789,119.0,114.0,118.5,7172616
2024-05-07,118.80000305175781,118.9000015258789,113.0,117.30000305175781,8088299
2024-05-08,118.0,118.4000015258789,114.9000015258789,115.0999984741211,4159078
2024-05-09,115.80000305175781,117.0999984741211,113.5999984741211,116.5999984741211,4098550
2024-05-10,117.0,120.5,116.0999984741211,119.9000015258789,7764676
2024-05-13,120.19999694824219,121.4000015258789,116.80000305175781,119.4000015258789,7856819
2024-05-14,119.5,120.19999694824219,115.4000015258789,116.80000305175781,6470919
2024-05-15,116.5999984741211,122.69999694824219,116.19999694824219,122.19999694824219,12235841
2024-05-16,123.0,129.1999969482422,122.30000305175781,128.89999389648438,13002645
2024-05-17,128.89999389648438,137.0,128.1999969482422,135.5,12275765
2024-05-20,135.0,138.60000610351562,131.89999389648438,138.0,10295107
2024-05-21,138.6999969482422,139.5,134.60000610351562,137.0,8652525
2024-05-22,137.0,139.3000030517578,136.1999969482422,137.60000610351562,4739120
2024-05-23,137.0,138.39999389648438,135.1999969482422,137.0,4391586
2024-05-24,137.3000030517578,143.1999969482422,136.8000030517578,142.6999969482422,8080204
2024-05-27,142.6999969482422,144.0,137.6999969482422,139.0,4746871
2024-05-28,139.5,142.60000610351562,138.60000610351562,141.8000030517578,5375989
2024-05-29,143.0,147.6999969482422,141.39999389648438,143.39999389648438,7970920
2024-05-30,138.89999389648438,140.5,133.5,138.3000030517578,12591858
2024-05-31,138.3000030517578,143.3000030517578,134.8000030517578,136.5,8042676
2024-06-03,136.60000610351562,144.89999389648438,136.60000610351562,144.60000610351562,8391154
2024-06-04,145.10000610351562,150.8000030517578,144.60000610351562,149.89999389648438,9074489
2024-06-05,149.89999389648438,150.6999969482422,143.60000610351562,147.39999389648438,6070133
2024-06-06,151.10000610351562,162.10000610351562,150.10000610351562,160.89999389648438,13839747
2024-06-07,161.89999389648438,162.1999969482422,156.60000610351562,159.6999969482422,8070986
2024-06-10,159.5,161.89999389648438,154.0,155.6999969482422,7332506
2024-06-11,155.6999969482422,155.6999969482422,149.6999969482422,149.6999969482422,7363964
2024-06-12,149.6999969482422,151.89999389648438,147.3000030517578,149.0,5947203
2024-06-13,152.1999969482422,158.5,152.10000610351562,154.60000610351562,7958213
2024-06-14,158.5,158.8000030517578,153.39999389648438,155.10000610351562,4611164
2024-06-20,157.0,170.1999969482422,157.0,170.1999969482422,7930910
2024-06-21,170.1999969482422,171.89999389648438,165.89999389648438,168.39999389648438,6581536
2024-06-24,168.39999389648438,170.89999389648438,166.60000610351562,168.8000030517578,5355885
2024-06-25,168.89999389648438,174.39999389648438,167.60000610351562,169.0,6079096
2024-06-26,168.0,169.89999389648438,162.0,162.0,4322540
2024-06-27,162.0,166.0,160.60000610351562,163.3000030517578,5516672
2024-06-28,167.10000610351562,172.1999969482422,165.8000030517578,170.10000610351562,9213456
2024-07-01,171.10000610351562,173.10000610351562,164.1999969482422,166.0,6795857
2024-07-02,166.5,174.0,165.1999969482422,174.0,6367498
2024-07-03,174.39999389648438,174.89999389648438,168.60000610351562,174.8000030517578,6442654
2024-07-04,175.5,182.8000030517578,175.3000030517578,176.3000030517578,8069140
2024-07-05,176.3000030517578,176.39999389648438,170.6999969482422,173.6999969482422,5196022
2024-07-08,174.8000030517578,175.0,170.39999389648438,172.10000610351562,5088159
2024-07-09,172.5,176.1999969482422,172.0,173.10000610351562,5740576
2024-07-10,173.39999389648438,175.10000610351562,172.6999969482422,173.8000030517578,4200865
2024-07-11,175.0,179.3000030517578,174.6999969482422,178.3000030517578,5265238
2024-07-12,178.60000610351562,182.0,177.8000030517578,181.8000030517578,4188625
2024-07-16,182.0,188.6999969482422,181.8000030517578,187.3000030517578,5299520
2024-07-17,187.5,187.60000610351562,180.3000030517578,181.0,5019947
2024-07-18,181.1999969482422,182.8000030517578,176.5,176.6999969482422,4689946
2024-07-19,176.6999969482422,176.8000030517578,171.39999389648438,172.39999389648438,4947403
2024-07-22,172.39999389648438,173.6999969482422,168.10000610351562,170.5,5995831
2024-07-23,172.10000610351562,179.3000030517578,171.1999969482422,178.60000610351562,7059295
2024-07-24,178.60000610351562,180.0,172.60000610351562,173.8000030517578,5728479
2024-07-25,173.60000610351562,174.5,170.60000610351562,174.3000030517578,3441524
2024-07-26,174.1999969482422,174.3000030517578,168.89999389648438,169.3000030517578,3764317
2024-07-29,168.0,171.8000030517578,165.5,166.10000610351562,4579531
2024-07-30,166.39999389648438,169.60000610351562,166.0,168.0,3461828
2024-07-31,167.10000610351562,169.6999969482422,164.39999389648438,167.6999969482422,3839045
2024-08-01,169.60000610351562,172.6999969482422,168.39999389648438,171.5,3347469
2024-08-02,169.60000610351562,172.8000030517578,168.39999389648438,172.39999389648438,4959293
2024-08-05,158.89999389648438,172.39999389648438,158.89999389648438,166.60000610351562,5662108
2024-08-06,169.60000610351562,170.60000610351562,162.39999389648438,163.0,7552146
2024-08-07,164.0,167.39999389648438,160.8000030517578,165.5,4311020
2024-08-08,165.10000610351562,167.5,163.39999389648438,167.5,3468894
2024-08-09,168.0,174.6999969482422,167.89999389648438,169.89999389648438,5325603
2024-08-12,171.39999389648438,172.0,155.0,155.0,6699759
2024-08-13,155.0,157.6999969482422,148.8000030517578,157.1999969482422,8641240
2024-08-14,157.39999389648438,166.0,157.3000030517578,164.0,6080779
2024-08-15,165.39999389648438,167.0,161.3000030517578,166.10000610351562,3634355
2024-08-16,166.5,167.0,157.3000030517578,157.6999969482422,3659305
2024-08-19,158.5,159.10000610351562,155.10000610351562,157.39999389648438,3372629
2024-08-20,157.5,158.6999969482422,151.89999389648438,152.0,4442865
2024-08-21,152.0,154.1999969482422,150.1999969482422,150.3000030517578,2377817
2024-08-22,150.8000030517578,152.6999969482422,148.8000030517578,151.3000030517578,3129557
2024-08-23,151.0,152.5,145.3000030517578,146.0,3799242
2024-08-26,147.8000030517578,149.89999389648438,145.6999969482422,147.8000030517578,3795122
2024-08-27,148.0,149.89999389648438,145.8000030517578,149.1999969482422,3067245
2024-08-28,149.60000610351562,151.60000610351562,147.8000030517578,149.1999969482422,2637502
2024-08-29,149.60000610351562,150.60000610351562,147.89999389648438,148.0,2488431
2024-09-02,149.0,153.39999389648438,148.39999389648438,152.89999389648438,3747090
2024-09-03,153.60000610351562,155.5,151.10000610351562,151.6999969482422,2515313
2024-09-04,150.0,155.39999389648438,148.89999389648438,154.39999389648438,3547692
2024-09-05,155.10000610351562,156.0,149.5,150.3000030517578,3158923
2024-09-06,150.39999389648438,153.8000030517578,147.10000610351562,147.5,8532392
2024-09-09,146.89999389648438,152.3000030517578,145.39999389648438,150.60000610351562,3602646
2024-09-10,150.10000610351562,152.1999969482422,148.39999389648438,150.3000030517578,2883030
2024-09-11,150.3000030517578,150.3000030517578,144.60000610351562,144.60000610351562,2849572
2024-09-12,146.10000610351562,147.0,140.5,144.10000610351562,3464249
2024-09-13,144.5,148.0,143.39999389648438,147.89999389648438,2621761
2024-09-16,148.1999969482422,151.10000610351562,146.0,146.0,2302254
2024-09-17,147.3000030517578,152.6999969482422,146.60000610351562,152.1999969482422,3258162
2024-09-18,152.3000030517578,158.0,152.0,154.39999389648438,4560383
2024-09-19,155.3000030517578,158.3000030517578,153.1999969482422,157.0,3337876
2024-09-20,157.5,159.6999969482422,155.8000030517578,156.5,3588011
2024-09-23,157.1999969482422,157.1999969482422,149.5,150.8000030517578,4621718
2024-09-24,151.39999389648438,152.8000030517578,148.89999389648438,149.10000610351562,3008254
2024-09-25,149.60000610351562,150.60000610351562,144.8000030517578,144.8000030517578,2342454
2024-09-26,145.60000610351562,146.8000030517578,143.0,143.5,2335755
2024-09-27,143.6999969482422,144.89999389648438,141.6999969482422,143.8000030517578,1740358
2024-09-30,142.89999389648438,146.5,140.0,140.0,4130118
2024-10-01,140.0,140.0,130.39999389648438,131.5,6118770
2024-10-02,131.5,132.89999389648438,128.5,128.60000610351562,3428230
2024-10-03,128.8000030517578,132.39999389648438,127.30000305175781,127.80000305175781,3289511
2024-10-04,128.8000030517578,135.5,127.9000015258789,135.5,3995105
2024-10-07,135.5,136.10000610351562,129.10000610351562,129.10000610351562,3875649
2024-10-08,130.0,130.5,127.69999694824219,128.39999389648438,3233633
2024-10-09,128.3000030517578,129.0,126.19999694824219,129.0,2305800
2024-10-10,129.10000610351562,132.0,128.0,128.10000610351562,2831046
2024-10-11,128.10000610351562,129.39999389648438,125.4000015258789,126.0,2321807
2024-10-14,125.80000305175781,125.80000305175781,121.80000305175781,122.5,2558855
2024-10-15,122.5,126.19999694824219,122.4000015258789,125.4000015258789,2285370
2024-10-16,125.69999694824219,127.0999984741211,124.4000015258789,126.4000015258789,1736986
2024-10-17,126.4000015258789,131.6999969482422,126.19999694824219,131.39999389648438,3111131
2024-10-18,131.5,131.6999969482422,125.80000305175781,125.80000305175781,2636453
2024-10-21,125.80000305175781,126.5999984741211,121.80000305175781,122.5,2679311
2024-10-22,123.0,126.0,121.9000015258789,124.0999984741211,3110723
2024-10-23,124.30000305175781,124.69999694824219,120.19999694824219,120.19999694824219,5174509
2024-10-24,121.0999984741211,124.5,121.0999984741211,124.0999984741211,2812632
2024-10-25,124.0999984741211,125.4000015258789,122.19999694824219,124.9000015258789,2456619
2024-10-28,125.69999694824219,126.19999694824219,124.4000015258789,124.4000015258789,607880
2024-10-30,124.5,126.0,122.5,124.69999694824219,3015547
2024-10-31,124.69999694824219,127.5,123.5,125.5999984741211,3534557
2024-11-01,126.0,129.89999389648438,121.5,122.0999984741211,6144902
2024-11-04,122.0999984741211,122.0999984741211,115.30000305175781,116.80000305175781,4641647
2024-11-05,118.0,118.4000015258789,113.19999694824219,113.80000305175781,3747456
2024-11-06,114.69999694824219,123.19999694824219,113.5,121.4000015258789,5543542
2024-11-07,121.0,124.9000015258789,120.4000015258789,124.9000015258789,3989246
2024-11-08,116.0,119.80000305175781,115.69999694824219,116.0999984741211,23869874
2024-11-11,116.9000015258789,117.0999984741211,112.80000305175781,113.0,12547107
2024-11-12,113.19999694824219,113.4000015258789,110.4000015258789,110.5,7706158
2024-11-13,110.4000015258789,111.5999984741211,108.0,108.30000305175781,9227333
2024-11-14,109.30000305175781,110.0999984741211,107.69999694824219,107.9000015258789,6377267
2024-11-15,108.5,109.0,106.80000305175781,107.0,5704689
2024-11-18,107.80000305175781,108.0,105.0,105.30000305175781,6210149
2024-11-19,105.9000015258789,107.0,102.80000305175781,103.0999984741211,7121225
2024-11-20,103.9000015258789,104.69999694824219,99.69999694824219,99.80000305175781,6989761
2024-11-21,100.5,103.5,100.0999984741211,102.30000305175781,7207865
2024-11-22,102.80000305175781,104.0,101.30000305175781,103.30000305175781,7543018
2024-11-25,104.19999694824219,112.5999984741211,103.9000015258789,110.30000305175781,14944067
2024-11-26,110.5999984741211,111.69999694824219,107.4000015258789,108.80000305175781,7380615
2024-11-27,109.80000305175781,113.80000305175781,109.69999694824219,111.69999694824219,10475330
2024-11-28,111.80000305175781,112.30000305175781,110.19999694824219,111.0999984741211,4623900
2024-11-29,111.69999694824219,115.30000305175781,111.4000015258789,112.0999984741211,9392041
2024-12-02,112.0,112.9000015258789,110.0999984741211,111.5,4166676
2024-12-03,112.19999694824219,115.19999694824219,112.0,114.30000305175781,6880197
2024-12-04,115.4000015258789,115.4000015258789,112.4000015258789,114.69999694824219,6312491
2024-12-05,116.0,118.19999694824219,115.0999984741211,116.5,6541413
2024-12-06,117.4000015258789,117.80000305175781,115.5999984741211,116.19999694824219,6506193
2024-12-09,117.69999694824219,118.9000015258789,115.80000305175781,118.9000015258789,7373224
2024-12-10,118.9000015258789,119.9000015258789,116.80000305175781,117.9000015258789,5823304
2024-12-11,118.19999694824219,120.5,116.5,116.9000015258789,7519535
2024-12-12,117.30000305175781,118.4000015258789,114.5999984741211,115.5,5150861
2024-12-13,115.19999694824219,116.4000015258789,113.5999984741211,116.4000015258789,4950382
2024-12-16,116.5999984741211,117.30000305175781,113.69999694824219,114.5999984741211,4551249
2024-12-17,114.80000305175781,114.9000015258789,111.69999694824219,112.9000015258789,5832559
2024-12-18,113.0,113.0,108.4000015258789,109.0999984741211,6695857
2024-12-19,108.0,110.9000015258789,107.30000305175781,108.80000305175781,4967667
2024-12-20,109.0999984741211,109.69999694824219,107.80000305175781,108.0999984741211,3424802
2024-12-23,108.5999984741211,109.19999694824219,105.5999984741211,105.80000305175781,3504299
2024-12-24,105.9000015258789,112.80000305175781,105.0999984741211,109.4000015258789,7598821
2024-12-25,110.5,112.5,109.5,110.0,4905747
2024-12-26,111.0,116.4000015258789,110.69999694824219,114.9000015258789,9843682
2024-12-27,115.4000015258789,119.5,114.9000015258789,117.19999694824219,8400265
2024-12-30,117.4000015258789,121.80000305175781,117.4000015258789,119.4000015258789,9298332
2024-12-31,120.30000305175781,121.0,115.30000305175781,117.69999694824219,9339675
2025-01-02,119.0999984741211,120.30000305175781,117.0999984741211,118.4000015258789,7779420
2025-01-03,118.9000015258789,122.0,118.4000015258789,121.5,8415454
2025-01-06,122.30000305175781,122.9000015258789,118.0,118.0,9162413
2025-01-07,117.4000015258789,118.30000305175781,115.5,115.5,9310979
2025-01-08,115.19999694824219,115.4000015258789,113.0,113.19999694824219,7366520
2025-01-09,113.80000305175781,115.19999694824219,113.30000305175781,114.0999984741211,5337937
2025-01-10,114.30000305175781,117.80000305175781,113.80000305175781,114.80000305175781,8815700
2025-01-13,115.0,115.19999694824219,110.19999694824219,111.69999694824219,7809961
2025-01-14,112.30000305175781,112.69999694824219,110.0,111.30000305175781,5687684
2025-01-15,111.30000305175781,111.80000305175781,109.30000305175781,110.30000305175781,6771125
2025-01-16,111.4000015258789,112.80000305175781,109.5,112.5999984741211,7166717
2025-01-17,112.69999694824219,115.69999694824219,111.69999694824219,114.0,7762973
2025-01-20,114.5,117.5,113.80000305175781,116.5999984741211,8301645
2025-01-21,116.4000015258789,117.0999984741211,114.0999984741211,114.5999984741211,6380641
2025-01-22,114.9000015258789,116.5999984741211,113.5,115.19999694824219,8716908
2025-01-23,116.5999984741211,119.69999694824219,116.5,117.9000015258789,10525697
2025-01-24,118.5,121.19999694824219,117.9000015258789,120.69999694824219,11993813
2025-01-27,120.19999694824219,120.19999694824219,115.0,116.19999694824219,13518758
2025-01-28,116.80000305175781,118.0,114.5999984741211,117.80000305175781,10072147
2025-01-29,118.5,122.69999694824219,118.30000305175781,120.80000305175781,16481336
2025-01-30,121.19999694824219,125.0,120.30000305175781,121.5999984741211,16000682
2025-01-31,121.9000015258789,122.5,119.5999984741211,120.5999984741211,10879310
2025-02-03,118.0,121.30000305175781,117.4000015258789,119.0,12616641
2025-02-04,119.30000305175781,122.4000015258789,118.0,120.19999694824219,10846663
2025-02-05,120.19999694824219,123.80000305175781,118.19999694824219,123.0,15162016
2025-02-06,123.0999984741211,124.80000305175781,121.80000305175781,122.9000015258789,10090043
2025-02-07,123.0999984741211,125.5,122.19999694824219,124.4000015258789,9777925
2025-02-10,124.80000305175781,127.0,123.5999984741211,124.5,10093850
2025-02-11,124.5,124.69999694824219,122.19999694824219,124.0,7570943
2025-02-12,124.5,124.5,122.30000305175781,122.5,7923869
2025-02-13,123.0,125.0999984741211,122.69999694824219,123.9000015258789,9589376
2025-02-14,124.5999984741211,125.80000305175781,122.9000015258789,123.0999984741211,7940231
2025-02-17,123.30000305175781,123.5,119.0,119.19999694824219,8359413
2025-02-18,119.30000305175781,121.0999984741211,117.5999984741211,120.69999694824219,9201247
2025-02-19,121.19999694824219,121.30000305175781,117.0,117.5999984741211,7916707
2025-02-20,117.80000305175781,119.30000305175781,117.19999694824219,117.4000015258789,7394882
2025-02-21,117.69999694824219,119.0,110.69999694824219,112.80000305175781,12050014
2025-02-24,113.80000305175781,114.4000015258789,110.0,110.80000305175781,8529884
2025-02-25,110.80000305175781,111.69999694824219,110.0,111.0,6148036
2025-02-26,111.0,111.4000015258789,108.80000305175781,109.80000305175781,6693174
2025-02-27,110.0,113.0,109.30000305175781,112.5999984741211,8911981
2025-02-28,112.0999984741211,113.0999984741211,110.0,110.4000015258789,8327616
2025-03-03,111.5,114.5,111.4000015258789,113.69999694824219,8557440
2025-03-04,113.19999694824219,115.5,112.9000015258789,114.5,9543488
2025-03-05,115.4000015258789,120.0,115.4000015258789,119.9000015258789,12862247
2025-03-06,121.30000305175781,122.5999984741211,117.0,122.5,12542224
2025-03-07,122.4000015258789,123.80000305175781,120.69999694824219,122.80000305175781,9937842
2025-03-10,123.9000015258789,125.9000015258789,122.80000305175781,123.0,9462984
2025-03-11,129.89999389648438,135.3000030517578,128.60000610351562,135.3000030517578,27901928
2025-03-12,136.3000030517578,137.89999389648438,133.39999389648438,136.39999389648438,20605494
2025-03-13,136.8000030517578,140.10000610351562,136.6999969482422,139.6999969482422,13807762
2025-03-14,140.0,141.6999969482422,138.10000610351562,141.6999969482422,11572819
2025-03-17,141.8000030517578,141.8000030517578,137.6999969482422,138.5,9050921
2025-03-18,137.60000610351562,140.5,136.3000030517578,139.5,10900389
2025-03-19,129.0,133.39999389648438,125.5999984741211,125.5999984741211,14927701
2025-03-20,125.30000305175781,129.5,123.4000015258789,125.80000305175781,20305612
2025-03-21,125.0,125.0,113.30000305175781,113.30000305175781,12973474
2025-03-24,114.5,118.5999984741211,110.69999694824219,117.80000305175781,22028840
2025-03-25,116.30000305175781,123.30000305175781,113.19999694824219,119.5,41443504
2025-03-26,117.5,120.0999984741211,116.4000015258789,116.69999694824219,12637494
2025-03-27,118.19999694824219,122.0,118.19999694824219,119.0999984741211,13016690
2025-03-28,118.69999694824219,121.4000015258789,117.19999694824219,120.5999984741211,9463879
2025-04-02,120.19999694824219,120.19999694824219,115.30000305175781,115.30000305175781,12269939
2025-04-03,114.9000015258789,116.4000015258789,113.19999694824219,113.19999694824219,9914057
2025-04-04,113.5999984741211,114.69999694824219,110.0999984741211,110.5,8562990
2025-04-07,106.0,112.4000015258789,105.19999694824219,110.9000015258789,13212596
2025-04-08,112.69999694824219,115.0999984741211,111.69999694824219,113.5999984741211,8304994
2025-04-09,112.5,114.5999984741211,110.9000015258789,111.0999984741211,8573624
2025-04-10,115.80000305175781,115.80000305175781,111.0,111.0,8067835
2025-04-11,112.0999984741211,112.0999984741211,108.69999694824219,109.0,8188531
2025-04-14,110.0,112.5,109.5,112.0,7227642
2025-04-15,112.4000015258789,112.69999694824219,108.69999694824219,109.0,6484977
2025-04-16,108.4000015258789,108.69999694824219,106.30000305175781,106.9000015258789,5963850
2025-04-17,107.0999984741211,109.30000305175781,105.80000305175781,108.4000015258789,8722334
2025-04-18,108.80000305175781,109.5999984741211,106.4000015258789,108.4000015258789,7131949
2025-04-21,108.30000305175781,111.69999694824219,107.4000015258789,109.9000015258789,7650023
2025-04-22,110.9000015258789,111.5,108.5,109.0,5281095
2025-04-24,109.30000305175781,111.0999984741211,108.0999984741211,110.9000015258789,6622962
2025-04-25,111.5,113.30000305175781,110.9000015258789,113.0,6665477
2025-04-28,113.4000015258789,114.4000015258789,111.0999984741211,111.5999984741211,8778108
2025-04-29,110.9000015258789,112.5,109.0,109.0,6258551
2025-04-30,109.0,110.4000015258789,105.9000015258789,106.5,6787831
2025-05-02,107.5999984741211,108.80000305175781,107.0,108.5999984741211,4766103
2025-05-05,109.30000305175781,109.9000015258789,107.0999984741211,107.5,4236848
2025-05-06,107.30000305175781,110.9000015258789,107.30000305175781,110.30000305175781,6805781
2025-05-07,110.69999694824219,112.0999984741211,108.4000015258789,109.80000305175781,6356443
2025-05-08,110.5,111.5,109.80000305175781,111.30000305175781,2457474
2025-05-09,111.30000305175781,113.19999694824219,110.4000015258789,112.69999694824219,6436533
2025-05-12,118.5,120.5999984741211,116.9000015258789,120.0999984741211,11860642
2025-05-13,119.5999984741211,121.30000305175781,118.69999694824219,119.19999694824219,6781065
2025-05-14,119.5,119.69999694824219,117.0999984741211,117.69999694824219,6170218
2025-05-15,118.0999984741211,118.5,114.0,114.30000305175781,7977872
2025-05-16,114.69999694824219,115.69999694824219,112.5999984741211,114.4000015258789,7034993
2025-05-20,114.80000305175781,116.0999984741211,113.9000015258789,114.0999984741211,7353981
2025-05-21,114.0999984741211,114.5,112.0,112.0,5609352
2025-05-22,112.69999694824219,113.5,110.80000305175781,112.69999694824219,5021048
2025-05-23,112.19999694824219,113.0999984741211,109.80000305175781,110.19999694824219,5283935
2025-05-26,111.4000015258789,111.9000015258789,109.9000015258789,111.0,3946516
2025-05-27,111.0,112.0999984741211,108.5999984741211,108.5999984741211,4149273
2025-05-28,108.5999984741211,109.69999694824219,107.5,109.69999694824219,4034768
2025-05-29,110.0,111.19999694824219,107.9000015258789,108.19999694824219,5375175
2025-05-30,108.0999984741211,108.0999984741211,105.0999984741211,105.5999984741211,5550098
2025-06-02,105.5,106.4000015258789,104.4000015258789,105.5,4488249
2025-06-03,106.30000305175781,109.30000305175781,106.30000305175781,109.0,5770666
2025-06-04,109.9000015258789,112.80000305175781,108.5999984741211,112.5,5401361
2025-06-05,112.5,113.0999984741211,111.30000305175781,112.5999984741211,2152388
2025-06-10,113.5,115.4000015258789,113.5,115.0,5753395
2025-06-11,115.0,115.0999984741211,113.19999694824219,113.5999984741211,5227352
2025-06-12,112.9000015258789,112.9000015258789,109.69999694824219,110.19999694824219,6844692
2025-06-13,106.0,108.5,104.5999984741211,108.4000015258789,6962341
2025-06-16,108.4000015258789,110.69999694824219,106.9000015258789,109.9000015258789,6728516
2025-06-17,110.9000015258789,110.9000015258789,107.80000305175781,108.0999984741211,5847726
2025-06-18,107.0999984741211,108.5,106.19999694824219,108.30000305175781,5056706
2025-06-19,101.0,102.4000015258789,99.75,99.75,6287225
2025-06-20,100.80000305175781,101.4000015258789,99.5999984741211,101.4000015258789,4401972
2025-06-23,99.9000015258789,102.0,98.69999694824219,99.5,4509660
2025-06-24,103.0,103.69999694824219,101.4000015258789,103.0,6585125
2025-06-25,103.19999694824219,103.4000015258789,101.0,101.30000305175781,4992146
2025-06-26,101.30000305175781,101.80000305175781,99.69999694824219,99.69999694824219,4401444
2025-06-27,99.75,101.19999694824219,98.44999694824219,100.9000015258789,5750465
2025-06-30,101.0999984741211,106.5,100.5999984741211,105.5999984741211,11461068
2025-07-01,105.5999984741211,107.69999694824219,104.80000305175781,107.19999694824219,7176984
2025-07-02,107.69999694824219,112.19999694824219,107.30000305175781,109.5,9718418
2025-07-03,111.19999694824219,112.80000305175781,109.5999984741211,111.0,6534891
2025-07-04,111.0,114.4000015258789,109.5999984741211,113.5,6840401
2025-07-07,112.0999984741211,112.0999984741211,108.19999694824219,108.69999694824219,9341617
2025-07-08,109.9000015258789,110.30000305175781,105.80000305175781,106.9000015258789,8129090
2025-07-09,107.0,109.80000305175781,106.30000305175781,109.80000305175781,5083340
2025-07-10,110.5999984741211,112.19999694824219,110.5,111.0999984741211,4609281
2025-07-11,112.0,113.0999984741211,109.19999694824219,110.9000015258789,5775389
2025-07-14,110.69999694824219,111.30000305175781,108.4000015258789,108.5999984741211,4785851
2025-07-16,108.5999984741211,111.0999984741211,106.0,109.0,8822373
2025-07-17,109.5999984741211,111.69999694824219,108.30000305175781,111.69999694824219,7383683
2025-07-18,111.4000015258789,111.5,110.19999694824219,110.30000305175781,5623779
2025-07-21,110.80000305175781,113.0999984741211,110.69999694824219,112.5,8088644
2025-07-22,112.5999984741211,113.5,111.5999984741211,112.19999694824219,6359136
2025-07-23,111.9000015258789,111.9000015258789,108.69999694824219,108.9000015258789,10847553
2025-07-24,109.19999694824219,109.80000305175781,107.5,108.5,10531139
2025-07-25,108.69999694824219,109.0,106.5999984741211,106.80000305175781,5487311
2025-07-28,107.0,107.5999984741211,106.19999694824219,106.30000305175781,3789666
2025-07-29,106.30000305175781,110.4000015258789,106.0999984741211,109.30000305175781,16595395
2025-07-30,110.0,111.9000015258789,109.5,111.0999984741211,9481098
2025-07-31,111.4000015258789,111.69999694824219,108.69999694824219,109.5999984741211,7794820
2025-08-01,109.5999984741211,111.0999984741211,109.19999694824219,110.9000015258789,7127403
2025-08-04,111.19999694824219,112.0,110.80000305175781,111.30000305175781,5624064
2025-08-05,111.5,114.0,111.0,113.4000015258789,11719138
2025-08-06,114.0,116.0,112.5999984741211,114.9000015258789,11603073
2025-08-07,115.5,116.9000015258789,115.19999694824219,116.0,8455570
2025-08-08,116.0,117.5999984741211,114.69999694824219,117.5,6716405
2025-08-11,118.0,118.5999984741211,116.5999984741211,116.80000305175781,8076258
2025-08-12,116.69999694824219,117.30000305175781,115.4000015258789,116.0999984741211,4459914
2025-08-13,115.5999984741211,116.4000015258789,114.4000015258789,114.5,4437977
2025-08-14,114.4000015258789,116.80000305175781,113.5999984741211,115.9000015258789,8188904
2025-08-15,115.30000305175781,116.19999694824219,114.0,116.19999694824219,6085263
2025-08-18,116.4000015258789,117.30000305175781,114.9000015258789,116.4000015258789,8106566
2025-08-19,116.0,116.0,113.0999984741211,114.19999694824219,8294705
2025-08-20,114.19999694824219,115.5999984741211,113.4000015258789,115.19999694824219,7060105
2025-08-21,116.0,120.5999984741211,115.5999984741211,120.19999694824219,13260580
2025-08-22,120.19999694824219,121.9000015258789,119.69999694824219,121.0,7965708
2025-08-25,122.5,123.4000015258789,120.4000015258789,120.5,6063733
2025-08-26,120.30000305175781,121.30000305175781,118.4000015258789,118.5999984741211,7543373
2025-08-27,118.80000305175781,120.0,116.30000305175781,117.0,4698986
2025-08-28,116.9000015258789,118.4000015258789,116.0999984741211,117.0,3794410
2025-08-29,117.0,117.0999984741211,113.4000015258789,113.4000015258789,6834370
2025-09-01,113.9000015258789,114.69999694824219,112.69999694824219,114.5999984741211,5770723
2025-09-02,114.69999694824219,114.80000305175781,103.5999984741211,107.80000305175781,11977543
2025-09-03,107.80000305175781,108.0,104.5999984741211,105.5999984741211,7801213
2025-09-04,106.0999984741211,107.0,105.5999984741211,106.0999984741211,6741081
2025-09-05,106.80000305175781,107.0999984741211,104.5,105.0,6689613
2025-09-08,104.0,104.0,101.5,101.9000015258789,5397006
2025-09-09,102.5999984741211,103.9000015258789,101.19999694824219,102.19999694824219,6700740
2025-09-10,103.19999694824219,104.5999984741211,102.9000015258789,104.5,6208327
2025-09-11,105.0,105.4000015258789,101.69999694824219,102.0999984741211,6716965
2025-09-12,102.30000305175781,103.30000305175781,100.80000305175781,103.0,4078183
2025-09-15,103.0,109.0,101.5,109.0,8944928
2025-09-16,109.19999694824219,109.4000015258789,107.0,109.0,6295427
2025-09-17,109.0,109.4000015258789,107.80000305175781,108.5999984741211,5468002
2025-09-18,109.0999984741211,110.30000305175781,107.4000015258789,107.69999694824219,5769547
2025-09-19,107.80000305175781,110.30000305175781,107.19999694824219,110.30000305175781,8363196
2025-09-22,112.69999694824219,112.80000305175781,111.0,111.19999694824219,6084534
2025-09-23,110.5,110.5999984741211,109.19999694824219,109.69999694824219,5465131
2025-09-24,109.69999694824219,110.0999984741211,107.0999984741211,109.30000305175781,6137875
2025-09-25,109.80000305175781,110.5,107.69999694824219,109.0,4091093
2025-09-26,108.5999984741211,108.9000015258789,106.5,106.5,4281531
2025-09-29,105.30000305175781,107.19999694824219,105.0,105.4000015258789,4262581
2025-09-30,105.5,106.0,104.0999984741211,104.5,5845640
2025-10-01,104.69999694824219,109.0999984741211,104.5999984741211,108.69999694824219,7670478
2025-10-02,108.30000305175781,109.0,106.69999694824219,107.19999694824219,4423566
2025-10-03,107.80000305175781,108.4000015258789,105.69999694824219,106.0,4701556
2025-10-06,106.5999984741211,107.4000015258789,104.0999984741211,105.19999694824219,3666457
2025-10-07,105.4000015258789,106.69999694824219,104.5999984741211,105.80000305175781,4013900
2025-10-08,105.80000305175781,107.5,104.5,105.0,5040856
2025-10-09,105.30000305175781,106.4000015258789,102.80000305175781,103.9000015258789,5853286
2025-10-10,103.80000305175781,104.69999694824219,102.69999694824219,104.69999694824219,3768475
2025-10-13,103.4000015258789,103.4000015258789,101.80000305175781,102.5,4628672
2025-10-14,102.5,102.69999694824219,98.19999694824219,99.0,8835518
2025-10-15,99.5,100.80000305175781,97.9000015258789,100.80000305175781,8184208
2025-10-16,100.5999984741211,102.19999694824219,98.9000015258789,99.19999694824219,7381908
2025-10-17,99.0,100.9000015258789,96.5,99.4000015258789,7363358
2025-10-20,99.55000305175781,102.69999694824219,97.80000305175781,102.0999984741211,7997882
2025-10-21,102.19999694824219,103.80000305175781,101.19999694824219,103.0,6336700
2025-10-22,104.19999694824219,106.69999694824219,102.80000305175781,104.0,5690716
2025-10-23,104.19999694824219,105.5999984741211,103.5999984741211,104.30000305175781,4396837
2025-10-24,104.80000305175781,109.9000015258789,104.30000305175781,109.0,8969721
2025-10-27,108.30000305175781,108.9000015258789,106.5,106.80000305175781,3857753
2025-10-28,105.9000015258789,108.0,105.5999984741211,106.5999984741211,1650135
2025-10-30,107.0,107.30000305175781,106.0,106.5999984741211,3428980
2025-10-31,106.4000015258789,108.4000015258789,105.69999694824219,108.0999984741211,5830011
2025-11-03,108.4000015258789,110.9000015258789,108.4000015258789,109.80000305175781,5553008
2025-11-04,109.80000305175781,109.80000305175781,107.5,108.5999984741211,3822397
2025-11-05,108.5999984741211,111.19999694824219,108.0999984741211,110.5,6227938
2025-11-06,111.30000305175781,115.5999984741211,110.9000015258789,114.5999984741211,9480453
2025-11-07,114.9000015258789,115.30000305175781,112.5999984741211,114.5999984741211,5512781
2025-11-10,113.0,113.5999984741211,109.0999984741211,111.0999984741211,11076459
2025-11-11,111.19999694824219,113.5,106.30000305175781,108.5999984741211,8543703
2025-11-12,111.0,113.69999694824219,108.5,112.30000305175781,7330893
2025-11-13,112.80000305175781,114.4000015258789,112.19999694824219,113.9000015258789,5085049
2025-11-14,113.19999694824219,113.5,110.5,112.5,3981709
2025-11-17,113.0,115.19999694824219,111.80000305175781,114.0,5363014
2025-11-18,114.0,115.80000305175781,113.0999984741211,115.0,4523183
2025-11-19,115.4000015258789,116.5,114.19999694824219,115.0,5445105
2025-11-20,115.5,116.0,113.0,113.69999694824219,4620265
2025-11-21,113.0999984741211,113.5999984741211,110.5999984741211,112.4000015258789,4307231
2025-11-24,111.5,112.19999694824219,110.0999984741211,111.19999694824219,3855700
2025-11-25,111.4000015258789,113.0,110.5,110.9000015258789,4583756
2025-11-26,111.4000015258789,112.19999694824219,110.0,111.5,4318820
2025-11-27,111.69999694824219,112.5,111.19999694824219,111.80000305175781,2921910
2025-11-28,111.5,111.69999694824219,110.5,110.80000305175781,3616003
2025-12-01,110.0999984741211,112.30000305175781,109.30000305175781,112.30000305175781,4212516
2025-12-02,112.30000305175781,114.9000015258789,111.80000305175781,113.19999694824219,5886097
2025-12-03,113.4000015258789,114.0999984741211,111.5999984741211,112.69999694824219,4991546
2025-12-04,112.69999694824219,113.19999694824219,111.19999694824219,111.19999694824219,3361078
2025-12-05,111.19999694824219,112.5999984741211,110.80000305175781,112.5999984741211,3315446
2025-12-08,112.80000305175781,115.0,112.80000305175781,113.5,4366462
2025-12-09,113.80000305175781,117.9000015258789,112.0,117.9000015258789,13650891
2025-12-10,118.0999984741211,118.5,114.80000305175781,115.0,9058534
2025-12-11,115.30000305175781,115.5999984741211,113.4000015258789,113.80000305175781,5292773
2025-12-12,114.0999984741211,116.4000015258789,114.0999984741211,115.80000305175781,3592436
2025-12-15,115.5999984741211,116.80000305175781,115.0999984741211,115.0999984741211,4405959
2025-12-16,115.19999694824219,115.19999694824219,111.9000015258789,112.69999694824219,6268545
2025-12-17,112.0999984741211,112.69999694824219,110.5,111.30000305175781,4647017
2025-12-18,111.4000015258789,112.5999984741211,111.4000015258789,112.0,3400498
2025-12-19,112.19999694824219,112.5,110.5,111.30000305175781,3784045
2025-12-22,111.80000305175781,112.5999984741211,110.0999984741211,110.4000015258789,3404289
2025-12-23,110.5999984741211,110.5999984741211,107.5999984741211,108.0,5642225
2025-12-24,108.0,109.5999984741211,107.5999984741211,109.30000305175781,3681917
2025-12-25,110.4000015258789,111.4000015258789,109.69999694824219,110.30000305175781,2602815
2025-12-26,109.69999694824219,110.5,108.80000305175781,109.69999694824219,3370438
2025-12-29,109.80000305175781,110.5,107.4000015258789,107.5,3138517
2025-12-30,107.5,108.69999694824219,106.30000305175781,108.69999694824219,3540051
2025-12-31,109.0999984741211,110.5999984741211,108.0,108.0,3823776
2026-01-02,108.30000305175781,112.0,108.30000305175781,112.0,4315369
2026-01-05,112.19999694824219,114.19999694824219,111.5999984741211,113.69999694824219,5071190
2026-01-06,114.0,116.19999694824219,113.5,115.9000015258789,5422319
2026-01-07,116.0999984741211,119.0999984741211,115.69999694824219,115.80000305175781,9480020
2026-01-08,116.0999984741211,116.80000305175781,113.5,116.69999694824219,5296457
2026-01-09,117.0,117.0999984741211,113.5,114.5999984741211,5863596
2026-01-12,115.19999694824219,118.5999984741211,115.0,118.19999694824219,6484609
2026-01-13,118.19999694824219,123.80000305175781,117.19999694824219,122.19999694824219,13166676
2026-01-14,122.30000305175781,127.4000015258789,121.9000015258789,125.5,9641594
2026-01-15,126.0,132.39999389648438,124.9000015258789,131.10000610351562,12756663
2026-01-16,131.1999969482422,136.10000610351562,130.0,135.6999969482422,9847768
2026-01-19,137.0,137.0,132.0,134.60000610351562,7447265
2026-01-20,134.1999969482422,135.8000030517578,128.89999389648438,130.39999389648438,6834202
2026-01-21,130.5,130.5,123.4000015258789,125.5,10413809
2026-01-22,126.5999984741211,129.3000030517578,126.0,129.0,7435549
2026-01-23,129.39999389648438,131.39999389648438,128.0,128.89999389648438,7114960
2026-01-26,128.0,131.60000610351562,126.80000305175781,130.89999389648438,6733080
2026-01-27,131.3000030517578,131.3000030517578,128.5,129.5,5101145
2026-01-28,129.8000030517578,131.10000610351562,128.6999969482422,130.39999389648438,9804375
2026-01-29,131.0,134.39999389648438,130.89999389648438,133.5,8654499
2026-01-30,134.0,135.89999389648438,132.5,135.39999389648438,7911042
2026-02-02,131.0,135.6999969482422,128.60000610351562,134.10000610351562,7799151
2026-02-03,134.10000610351562,138.1999969482422,133.60000610351562,138.0,7573389
2026-02-04,139.0,139.5,134.89999389648438,135.60000610351562,5090121
2026-02-05,134.3000030517578,137.0,133.0,133.8000030517578,5488754
2026-02-06,134.0,134.0,129.8000030517578,131.1999969482422,6347938
2026-02-09,132.5,136.1999969482422,132.5,135.8000030517578,5735261
2026-02-10,138.0,138.0,132.1999969482422,132.60000610351562,6290691
2026-02-11,131.39999389648438,135.5,130.8000030517578,134.8000030517578,6649179
2026-02-12,135.60000610351562,140.10000610351562,135.39999389648438,139.10000610351562,10314507
2026-02-13,139.39999389648438,141.6999969482422,136.10000610351562,137.5,7248230
2026-02-16,138.5,141.3000030517578,137.6999969482422,138.6999969482422,8135246
2026-02-17,138.60000610351562,140.0,137.60000610351562,138.0,5288082
2026-02-18,137.60000610351562,139.6999969482422,133.89999389648438,135.10000610351562,8813983
2026-02-19,135.10000610351562,135.5,126.4000015258789,126.5999984741211,7342532
2026-02-20,127.0,130.39999389648438,126.69999694824219,130.10000610351562,5953958
2026-02-23,130.89999389648438,132.6999969482422,130.0,130.8000030517578,5109159
2026-02-24,130.0,130.6999969482422,128.3000030517578,129.60000610351562,3582268
2026-02-25,129.8000030517578,130.8000030517578,125.30000305175781,126.69999694824219,5173935
2026-02-26,126.30000305175781,127.0999984741211,123.69999694824219,126.69999694824219,4615078
2026-02-27,128.39999389648438,129.0,122.80000305175781,123.5,7812748
2026-03-02,119.9000015258789,122.5999984741211,117.4000015258789,121.9000015258789,4283150
2026-03-03,121.80000305175781,122.5,117.0999984741211,117.0999984741211,4782439
2026-03-04,117.0999984741211,119.80000305175781,116.0999984741211,118.80000305175781,4236174
2026-03-05,120.0,121.0,118.69999694824219,119.9000015258789,3707753
2026-03-06,119.0,119.9000015258789,115.80000305175781,115.80000305175781,3544124
2026-03-09,114.0,115.30000305175781,110.5,114.5999984741211,6592154
2026-03-10,117.80000305175781,120.4000015258789,116.80000305175781,119.9000015258789,4082949
2026-03-11,115.0999984741211,115.30000305175781,111.80000305175781,112.4000015258789,15017521
2026-03-12,113.30000305175781,113.5,110.4000015258789,110.5999984741211,8573738
2026-03-13,110.30000305175781,110.69999694824219,108.0999984741211,109.0,5561979
2026-03-16,110.0,111.0999984741211,107.5,109.19999694824219,5968220
2026-03-17,109.5,112.0999984741211,109.19999694824219,111.69999694824219,7864593
2026-03-18,112.4000015258789,112.69999694824219,109.80000305175781,112.19999694824219,4863176
2026-03-19,111.0,112.5,110.0999984741211,112.5,2577306
2026-03-23,110.5999984741211,112.5999984741211,106.5999984741211,112.5999984741211,10475294
2026-03-24,111.9000015258789,111.9000015258789,108.80000305175781,110.80000305175781,7329282
2026-03-25,110.9000015258789,112.0999984741211,110.0,111.30000305175781,6937567
2026-03-26,110.5,111.0,109.19999694824219,110.5999984741211,3533095
2026-03-27,110.69999694824219,111.5,109.5999984741211,111.5,4282435
2026-03-30,111.5,112.5,110.19999694824219,112.5,5289091
2026-03-31,112.5,117.80000305175781,111.9000015258789,117.80000305175781,11419850
2026-04-01,117.80000305175781,119.0,115.4000015258789,116.9000015258789,8219491
2026-04-02,115.0,119.5999984741211,114.4000015258789,119.5999984741211,5021987
2026-04-03,118.5,118.5,115.9000015258789,117.19999694824219,4774831
2026-04-06,117.19999694824219,117.9000015258789,116.0999984741211,117.9000015258789,5220536
2026-04-07,117.30000305175781,118.30000305175781,113.0999984741211,114.9000015258789,6758191
2026-04-08,119.0,119.0999984741211,116.5999984741211,117.0,13287396
2026-04-09,116.5999984741211,117.9000015258789,116.19999694824219,117.9000015258789,5619268
2026-04-10,118.30000305175781,120.0999984741211,117.69999694824219,120.0999984741211,8159247
2026-04-13,117.9000015258789,119.30000305175781,116.9000015258789,119.30000305175781,4821221
2026-04-14,120.80000305175781,120.80000305175781,118.19999694824219,120.30000305175781,6567526
2026-04-15,120.5999984741211,120.9000015258789,119.19999694824219,120.80000305175781,5064271
2026-04-16,121.5,121.9000015258789,118.5,121.9000015258789,7010786
2026-04-17,120.80000305175781,124.80000305175781,119.9000015258789,124.80000305175781,10385732
2026-04-20,123.0,123.9000015258789,122.0,123.9000015258789,9544285
2026-04-21,124.19999694824219,124.4000015258789,121.4000015258789,123.69999694824219,8811951
2026-04-22,123.19999694824219,123.9000015258789,121.5,122.0,5768087
2026-04-24,121.5,123.9000015258789,118.69999694824219,123.9000015258789,7945903
2026-04-27,122.9000015258789,124.30000305175781,122.4000015258789,124.0,6361339
2026-04-28,124.19999694824219,124.30000305175781,121.0,121.0,5127758
2026-04-29,121.4000015258789,122.80000305175781,120.0,122.80000305175781,5710264
2026-04-30,122.5999984741211,123.9000015258789,121.19999694824219,123.9000015258789,5831466
2026-05-04,124.4000015258789,125.9000015258789,122.5,125.9000015258789,6069819
2026-05-05,125.5,127.4000015258789,124.69999694824219,127.0,7532825
2026-05-06,128.10000610351562,129.8000030517578,126.5,129.10000610351562,10962446
2026-05-07,130.0,130.89999389648438,128.5,130.3000030517578,9045935
2026-05-08,129.89999389648438,130.8000030517578,129.0,130.39999389648438,6913112
2026-05-11,130.39999389648438,130.39999389648438,128.8000030517578,130.0,6696937
2026-05-12,129.3000030517578,130.5,128.0,128.10000610351562,9166432
2026-05-13,128.3000030517578,128.8000030517578,124.5,125.80000305175781,6969245
2026-05-14,126.0,127.19999694824219,125.4000015258789,127.0999984741211,4960619
2026-05-15,126.0999984741211,126.5999984741211,123.0,123.0,4932044
2026-05-18,122.5,122.5,119.5999984741211,119.9000015258789,4096434
2026-05-20,119.5999984741211,119.9000015258789,117.5,119.19999694824219,4320889
2026-05-21,119.19999694824219,119.4000015258789,111.80000305175781,111.80000305175781,3531009
2026-05-22,107.0,117.69999694824219,107.0,117.69999694824219,11722723
2026-05-25,117.5999984741211,117.5999984741211,115.30000305175781,117.4000015258789,6953740
2026-05-26,117.30000305175781,117.5,115.69999694824219,115.80000305175781,2532968
2026-05-27,115.80000305175781,115.80000305175781,115.80000305175781,115.80000305175781,0
2026-05-28,115.80000305175781,115.80000305175781,115.80000305175781,115.80000305175781,0
2026-05-29,115.80000305175781,115.80000305175781,115.80000305175781,115.80000305175781,0
2026-06-01,117.0,117.4000015258789,114.19999694824219,115.9000015258789,5958636
2026-06-02,115.80000305175781,118.0,115.80000305175781,118.0,8714185
2026-06-03,117.80000305175781,118.0,115.4000015258789,115.4000015258789,5607958
2026-06-04,116.0,116.69999694824219,113.9000015258789,115.19999694824219,6175485
2026-06-05,115.19999694824219,115.80000305175781,114.19999694824219,115.80000305175781,3567927
2026-06-08,114.5999984741211,116.0,113.80000305175781,116.0,4981468
2026-06-09,116.0,116.5,115.19999694824219,115.5,5056140
2026-06-10,115.4000015258789,115.69999694824219,114.4000015258789,114.5,4020592
2026-06-11,114.9000015258789,115.0999984741211,110.4000015258789,111.0999984741211,7086919
2026-06-12,112.0,115.0,111.5,113.19999694824219,9336491
2026-06-15,115.9000015258789,116.80000305175781,115.30000305175781,116.69999694824219,7588304
2026-06-16,116.69999694824219,116.9000015258789,114.5,115.9000015258789,5418530
2026-06-17,116.0,116.0999984741211,114.0,114.69999694824219,4098138
2026-06-18,115.0999984741211,117.19999694824219,114.69999694824219,117.0,8287634
2026-06-19,110.80000305175781,110.9000015258789,108.9000015258789,109.80000305175781,6660437
2026-06-22,110.0999984741211,110.30000305175781,108.69999694824219,109.19999694824219,4060604
2026-06-23,108.5999984741211,108.69999694824219,106.9000015258789,107.0999984741211,3838098
2026-06-24,107.0999984741211,107.5999984741211,103.9000015258789,103.9000015258789,5015894
2026-06-25,104.5999984741211,105.0,102.19999694824219,102.19999694824219,5164290
2026-06-26,102.19999694824219,103.0999984741211,101.9000015258789,102.4000015258789,4823792
2026-06-29,103.0,103.19999694824219,101.0999984741211,102.0,4189250
2026-06-30,102.30000305175781,102.30000305175781,99.0,99.30000305175781,7494613
2026-07-01,99.30000305175781,100.4000015258789,98.5,99.5,8575470
2026-07-02,99.69999694824219,100.69999694824219,97.9000015258789,98.44999694824219,8429318
2026-07-03,98.5999984741211,100.30000305175781,98.25,100.0999984741211,8169497
2026-07-06,100.5,100.69999694824219,98.94999694824219,99.30000305175781,5279806
2026-07-07,99.30000305175781,100.30000305175781,98.8499984741211,99.5999984741211,4680426
2026-07-08,99.5,99.5,96.9000015258789,97.25,4688782
2026-07-09,97.44999694824219,97.75,96.5999984741211,97.30000305175781,4513608
2026-07-10,97.30000305175781,98.0,96.94999694824219,97.0,8035854
2026-07-13,96.5,96.80000305175781,95.5999984741211,96.0,4503713
2026-07-14,96.0,96.4000015258789,95.05000305175781,96.1500015258789,3751434
2026-07-16,96.25,99.25,96.19999694824219,99.05000305175781,6140004
2026-07-17,98.94999694824219,99.3499984741211,97.44999694824219,97.94999694824219,3841381
2026-07-20,97.94999694824219,98.1500015258789,96.5999984741211,97.55000305175781,5657345
2026-07-21,97.6500015258789,97.75,95.8499984741211,96.0,4024365
2026-07-22,96.0999984741211,96.8499984741211,95.44999694824219,95.44999694824219,6064588
2026-07-23,95.80000305175781,96.19999694824219,94.1500015258789,94.3499984741211,5618110
2026-07-24,94.3499984741211,94.75,91.94999694824219,92.05000305175781,6063741
2026-07-27,93.30000305175781,93.44999694824219,90.30000305175781,90.6500015258789,6036787
2026-07-28,90.6500015258789,91.1500015258789,89.4000015258789,89.75,4540926
2026-07-29,90.1500015258789,90.55000305175781,87.8499984741211,88.44999694824219,5406946
2026-07-30,88.44999694824219,89.19999694824219,87.5,87.9000015258789,4157265
2026-07-31,88.19999694824219,88.4000015258789,84.9000015258789,86.30000305175781,8021901
2026-08-03,87.25,88.19999694824219,86.69999694824219,87.69999694824219,5040890
2026-08-04,87.5,88.44999694824219,86.9000015258789,88.3499984741211,5016945
2026-08-05,88.4000015258789,88.55000305175781,86.9000015258789,87.30000305175781,3949252
2026-08-06,87.5999984741211,88.1500015258789,86.80000305175781,87.05000305175781,4027600
2026-08-07,87.1500015258789,89.9000015258789,86.8499984741211,89.19999694824219,6192589
2026-08-10,89.9000015258789,91.30000305175781,88.8499984741211,89.19999694824219,6553370
2026-08-11,89.25,89.25,87.19999694824219,87.80000305175781,3714249
2026-08-12,88.0999984741211,88.0999984741211,86.19999694824219,87.44999694824219,7508746
2026-08-13,87.75,88.44999694824219,87.0,88.0,5344433
2026-08-14,88.25,90.8499984741211,87.94999694824219,90.69999694824219,7190090
2026-08-17,91.0,92.55000305175781,90.30000305175781,91.0999984741211,7229148
2026-08-18,91.0999984741211,93.05000305175781,90.9000015258789,91.5,6549020
2026-08-19,96.4000015258789,100.5999984741211,94.55000305175781,97.75,28664521
2026-08-20,97.75,97.80000305175781,92.05000305175781,92.80000305175781,11505477
2026-08-21,93.0999984741211,93.8499984741211,92.19999694824219,93.44999694824219,9081640
2026-08-24,94.0,95.19999694824219,91.44999694824219,91.75,8364287
2026-08-25,91.75,91.8499984741211,89.75,90.75,7698062
2026-08-26,90.94999694824219,93.0999984741211,90.44999694824219,92.19999694824219,10067577
2026-08-27,92.3499984741211,93.80000305175781,91.69999694824219,92.6500015258789,8966777
2026-08-28,92.94999694824219,93.30000305175781,91.25,91.9000015258789,5791732
2026-08-31,92.0,92.0,89.75,89.94999694824219,6222939
2026-09-01,89.94999694824219,92.1500015258789,89.94999694824219,90.30000305175781,5556438
2026-09-02,90.0,90.5999984741211,88.8499984741211,89.94999694824219,3848333
2026-09-03,89.9000015258789,90.44999694824219,88.4000015258789,88.6500015258789,3971617
2026-09-04,88.80000305175781,91.0,88.5999984741211,90.44999694824219,6929963
2026-09-08,92.6500015258789,94.8499984741211,92.5999984741211,94.8499984741211,5856334
2026-09-09,94.9000015258789,97.6500015258789,94.8499984741211,96.1500015258789,7759235
2026-09-10,96.1500015258789,96.4000015258789,93.75,94.19999694824219,4174595
2026-09-11,94.25,94.6500015258789,93.25,94.25,3426801
2026-09-14,94.0,94.6500015258789,92.8499984741211,93.19999694824219,3569135
2026-09-15,93.1500015258789,93.4000015258789,89.0,89.1500015258789,5679205
2026-09-16,89.4000015258789,89.5999984741211,82.3499984741211,85.25,8508362
