Date,Open,High,Low,Close,Volume
2021-09-17,2.490000009536743,2.490000009536743,2.440000057220459,2.450000047683716,197165360
2021-09-20,2.4200000762939453,2.430000066757202,2.3499999046325684,2.380000114440918,226634882
2021-09-21,2.4000000953674316,2.4100000858306885,2.369999885559082,2.380000114440918,198319813
2021-09-22,2.4000000953674316,2.440000057220459,2.380000114440918,2.440000057220459,168462254
2021-09-23,2.440000057220459,2.4700000286102295,2.380000114440918,2.390000104904175,369501062
2021-09-24,2.380000114440918,2.390000104904175,2.2899999618530273,2.319999933242798,237067757
2021-09-27,2.3499999046325684,2.359999895095825,2.309999942779541,2.359999895095825,238750294
2021-09-28,2.359999895095825,2.359999895095825,2.319999933242798,2.3399999141693115,307279314
2021-09-29,2.359999895095825,2.390000104904175,2.359999895095825,2.369999885559082,240320702
2021-09-30,2.380000114440918,2.4200000762939453,2.3499999046325684,2.4100000858306885,277560531
2021-10-01,2.390000104904175,2.4000000953674316,2.359999895095825,2.390000104904175,268085015
2021-10-04,2.390000104904175,2.4100000858306885,2.369999885559082,2.380000114440918,211864501
2021-10-05,2.380000114440918,2.390000104904175,2.3499999046325684,2.369999885559082,134268498
2021-10-06,2.369999885559082,2.380000114440918,2.3399999141693115,2.359999895095825,230951480
2021-10-07,2.390000104904175,2.4000000953674316,2.369999885559082,2.390000104904175,108638291
2021-10-08,2.390000104904175,2.4100000858306885,2.369999885559082,2.369999885559082,193094439
2021-10-11,2.380000114440918,2.4200000762939453,2.369999885559082,2.4200000762939453,160647732
2021-10-12,2.4000000953674316,2.450000047683716,2.390000104904175,2.430000066757202,279921550
2021-10-13,2.430000066757202,2.440000057220459,2.380000114440918,2.390000104904175,214151953
2021-10-14,2.390000104904175,2.4100000858306885,2.380000114440918,2.390000104904175,169554512
2021-10-15,2.4000000953674316,2.4100000858306885,2.319999933242798,2.3499999046325684,241762008
2021-10-18,2.3399999141693115,2.3499999046325684,2.309999942779541,2.3499999046325684,217918665
2021-10-19,2.369999885559082,2.430000066757202,2.359999895095825,2.4100000858306885,228668576
2021-10-20,2.4100000858306885,2.4600000381469727,2.4000000953674316,2.4600000381469727,277805664
2021-10-21,2.4600000381469727,2.509999990463257,2.4000000953674316,2.490000009536743,544580367
2021-10-22,2.490000009536743,2.609999895095825,2.4600000381469727,2.5799999237060547,405033930
2021-10-25,2.559999942779541,2.630000114440918,2.5399999618530273,2.5899999141693115,427482057
2021-10-26,2.609999895095825,2.630000114440918,2.5799999237060547,2.5999999046325684,160638924
2021-10-27,2.609999895095825,2.6700000762939453,2.5999999046325684,2.6600000858306885,353854542
2021-10-28,2.6600000858306885,2.7300000190734863,2.6500000953674316,2.7300000190734863,131048455
2021-11-01,2.7699999809265137,2.819999933242798,2.75,2.799999952316284,251051127
2021-11-02,2.8299999237060547,2.869999885559082,2.809999942779541,2.8299999237060547,300215495
2021-11-03,2.8299999237060547,2.890000104904175,2.75,2.880000114440918,465215416
2021-11-04,2.930000066757202,2.990000009536743,2.9100000858306885,2.9800000190734863,311402176
2021-11-05,2.9800000190734863,3.0299999713897705,2.930000066757202,3.009999990463257,312154078
2021-11-08,3.009999990463257,3.0399999618530273,2.990000009536743,3.0399999618530273,216937578
2021-11-09,3.0799999237060547,3.1600000858306885,3.059999942779541,3.0899999141693115,456974576
2021-11-10,3.0999999046325684,3.1500000953674316,3.0799999237060547,3.130000114440918,272503034
2021-11-11,3.109999895095825,3.130000114440918,3.0399999618530273,3.0799999237060547,300944023
2021-11-12,3.0899999141693115,3.109999895095825,3.049999952316284,3.0899999141693115,208460523
2021-11-15,3.299999952316284,3.390000104904175,3.2799999713897705,3.390000104904175,282525165
2021-11-16,3.7200000286102295,3.7200000286102295,3.2799999713897705,3.369999885559082,907829208
2021-11-17,3.3399999141693115,3.4000000953674316,3.2799999713897705,3.369999885559082,401892714
2021-11-18,3.369999885559082,3.700000047683716,3.3499999046325684,3.5999999046325684,1022390211
2021-11-19,3.640000104904175,3.640000104904175,3.490000009536743,3.549999952316284,458222117
2021-11-22,3.5999999046325684,3.609999895095825,3.5199999809265137,3.5399999618530273,264063452
2021-11-23,3.5199999809265137,3.549999952316284,3.3499999046325684,3.440000057220459,562768463
2021-11-24,3.4600000381469727,3.5799999237060547,3.440000057220459,3.4700000286102295,752593584
2021-11-25,3.4800000190734863,3.4800000190734863,3.3299999237060547,3.3299999237060547,325352825
2021-11-26,3.2699999809265137,3.3399999141693115,3.1700000762939453,3.190000057220459,420030678
2021-11-29,3.2100000381469727,3.240000009536743,3.130000114440918,3.1700000762939453,375690103
2021-11-30,3.1500000953674316,3.2200000286102295,3.140000104904175,3.1700000762939453,371351911
2021-12-01,3.2200000286102295,3.319999933242798,3.2100000381469727,3.299999952316284,357472654
2021-12-02,3.309999942779541,3.4200000762939453,3.2799999713897705,3.4000000953674316,398078248
2021-12-03,3.4100000858306885,3.4600000381469727,3.380000114440918,3.440000057220459,283791365
2021-12-06,3.450000047683716,3.549999952316284,3.4200000762939453,3.549999952316284,327707723
2021-12-07,3.569999933242798,3.5799999237060547,3.509999990463257,3.569999933242798,341856114
2021-12-08,3.5999999046325684,3.6600000858306885,3.5799999237060547,3.630000114440918,439635874
2021-12-09,3.640000104904175,3.690000057220459,3.5799999237060547,3.609999895095825,494125028
2021-12-10,3.5799999237060547,3.609999895095825,3.4700000286102295,3.549999952316284,277812958
2021-12-13,3.569999933242798,3.7899999618530273,3.509999990463257,3.7300000190734863,552116725
2021-12-14,3.75,4.0,3.7300000190734863,3.9000000953674316,636609842
2021-12-15,3.9800000190734863,4.03000020980835,3.7899999618530273,3.8299999237060547,572267389
2021-12-16,3.890000104904175,4.019999980926514,3.880000114440918,4.0,551499133
2021-12-17,4.059999942779541,4.28000020980835,3.5999999046325684,3.5999999046325684,737157684
2021-12-20,3.4000000953674316,3.690000057220459,3.25,3.490000009536743,491851933
2021-12-21,3.809999942779541,3.809999942779541,3.319999933242798,3.359999895095825,546820746
2021-12-22,3.309999942779541,3.5899999141693115,3.299999952316284,3.4800000190734863,648908206
2021-12-23,3.559999942779541,3.619999885559082,3.4200000762939453,3.5799999237060547,492363788
2021-12-24,3.5899999141693115,3.5899999141693115,3.509999990463257,3.5299999713897705,211390026
2021-12-27,3.5399999618530273,3.690000057220459,3.5399999618530273,3.6600000858306885,387781103
2021-12-28,3.640000104904175,3.640000104904175,3.4100000858306885,3.440000057220459,247985052
2021-12-29,3.430000066757202,3.4800000190734863,3.369999885559082,3.4600000381469727,261953279
2021-12-30,3.490000009536743,3.569999933242798,3.4700000286102295,3.4800000190734863,237395834
2021-12-31,3.4600000381469727,3.4800000190734863,3.359999895095825,3.380000114440918,140424537
2022-01-03,3.380000114440918,3.4700000286102295,3.369999885559082,3.4600000381469727,274077473
2022-01-04,3.4700000286102295,3.5299999713897705,3.380000114440918,3.430000066757202,319225871
2022-01-05,3.430000066757202,3.5199999809265137,3.4000000953674316,3.509999990463257,181430411
2022-01-06,3.4700000286102295,3.569999933242798,3.4600000381469727,3.490000009536743,336966331
2022-01-07,3.509999990463257,3.7100000381469727,3.509999990463257,3.7100000381469727,543181309
2022-01-10,3.759999990463257,3.8399999141693115,3.680000066757202,3.700000047683716,391739534
2022-01-11,3.740000009536743,3.799999952316284,3.6600000858306885,3.75,502391242
2022-01-12,3.799999952316284,3.9100000858306885,3.7799999713897705,3.880000114440918,442679289
2022-01-13,3.869999885559082,3.9100000858306885,3.809999942779541,3.809999942779541,343948319
2022-01-14,3.809999942779541,3.890000104904175,3.7300000190734863,3.880000114440918,365271273
2022-01-17,3.990000009536743,4.039999961853027,3.940000057220459,4.03000020980835,382978948
2022-01-18,4.010000228881836,4.139999866485596,3.809999942779541,3.809999942779541,672057512
2022-01-19,3.8499999046325684,4.119999885559082,3.8499999046325684,4.110000133514404,674338614
2022-01-20,4.130000114440918,4.179999828338623,3.940000057220459,4.019999980926514,890477555
2022-01-21,3.990000009536743,4.110000133514404,3.950000047683716,4.079999923706055,391842066
2022-01-24,4.070000171661377,4.119999885559082,3.8299999237060547,3.8299999237060547,607134288
2022-01-25,3.890000104904175,4.010000228881836,3.8399999141693115,3.9600000381469727,373682393
2022-01-26,3.9600000381469727,4.0,3.9200000762939453,3.930000066757202,259485233
2022-01-27,3.859999895095825,4.050000190734863,3.8499999046325684,4.03000020980835,435633721
2022-01-28,4.050000190734863,4.079999923706055,3.9800000190734863,3.9800000190734863,403467123
2022-01-31,4.03000020980835,4.090000152587891,4.0,4.079999923706055,289717183
2022-02-01,4.099999904632568,4.190000057220459,4.079999923706055,4.110000133514404,332014157
2022-02-02,4.179999828338623,4.380000114440918,4.170000076293945,4.329999923706055,582276715
2022-02-03,4.309999942779541,4.340000152587891,4.079999923706055,4.079999923706055,467117621
2022-02-04,4.110000133514404,4.119999885559082,4.03000020980835,4.039999961853027,471505734
2022-02-07,4.019999980926514,4.090000152587891,3.9000000953674316,4.059999942779541,515748679
2022-02-08,4.050000190734863,4.130000114440918,4.03000020980835,4.070000171661377,364884223
2022-02-09,4.110000133514404,4.150000095367432,4.070000171661377,4.110000133514404,348424970
2022-02-10,4.119999885559082,4.170000076293945,4.070000171661377,4.099999904632568,355017184
2022-02-11,4.059999942779541,4.110000133514404,4.010000228881836,4.099999904632568,258110613
2022-02-14,3.9800000190734863,4.130000114440918,3.9600000381469727,4.079999923706055,533027193
2022-02-15,4.110000133514404,4.150000095367432,4.059999942779541,4.090000152587891,411056199
2022-02-16,4.110000133514404,4.110000133514404,4.010000228881836,4.010000228881836,205278139
2022-02-17,4.03000020980835,4.090000152587891,3.9600000381469727,3.990000009536743,253108603
2022-02-18,4.03000020980835,4.039999961853027,3.990000009536743,4.03000020980835,180174044
2022-02-21,4.079999923706055,4.119999885559082,4.010000228881836,4.050000190734863,283487000
2022-02-22,3.990000009536743,4.039999961853027,3.9600000381469727,3.990000009536743,323361647
2022-02-23,4.010000228881836,4.019999980926514,3.9200000762939453,3.9200000762939453,155478872
2022-02-24,3.5799999237060547,3.75,3.5299999713897705,3.5299999713897705,273886247
2022-02-25,3.609999895095825,3.7200000286102295,3.5299999713897705,3.6700000762939453,335351109
2022-02-28,3.569999933242798,3.6500000953674316,3.5199999809265137,3.5799999237060547,254737124
2022-03-01,3.630000114440918,3.799999952316284,3.5999999046325684,3.630000114440918,517501107
2022-03-02,3.640000104904175,3.7300000190734863,3.609999895095825,3.6500000953674316,273776905
2022-03-03,3.690000057220459,3.7100000381469727,3.640000104904175,3.6600000858306885,218748781
2022-03-04,3.630000114440918,3.680000066757202,3.619999885559082,3.6500000953674316,200073947
2022-03-07,3.619999885559082,3.6700000762939453,3.5799999237060547,3.640000104904175,185541774
2022-03-08,3.619999885559082,3.700000047683716,3.609999895095825,3.619999885559082,271569934
2022-03-09,3.6600000858306885,3.75,3.6500000953674316,3.740000009536743,277509393
2022-03-10,3.759999990463257,3.7799999713897705,3.6600000858306885,3.680000066757202,166504412
2022-03-11,3.700000047683716,3.740000009536743,3.6700000762939453,3.690000057220459,192168802
2022-03-14,3.700000047683716,3.7899999618530273,3.690000057220459,3.75,227059987
2022-03-15,3.740000009536743,3.869999885559082,3.740000009536743,3.819999933242798,265901302
2022-03-16,3.8399999141693115,3.859999895095825,3.7799999713897705,3.799999952316284,225122038
2022-03-17,3.819999933242798,3.9200000762939453,3.819999933242798,3.890000104904175,239789592
2022-03-18,3.880000114440918,3.9100000858306885,3.8499999046325684,3.9100000858306885,183864579
2022-03-21,3.930000066757202,4.039999961853027,3.930000066757202,4.0,223051465
2022-03-22,4.0,4.110000133514404,3.9800000190734863,4.099999904632568,179874640
2022-03-23,4.110000133514404,4.119999885559082,4.0,4.019999980926514,201828538
2022-03-24,4.03000020980835,4.050000190734863,3.9100000858306885,3.930000066757202,220980953
2022-03-25,3.930000066757202,3.9800000190734863,3.9000000953674316,3.9000000953674316,138384048
2022-03-28,3.9100000858306885,3.930000066757202,3.869999885559082,3.869999885559082,131757881
2022-03-29,3.890000104904175,4.010000228881836,3.890000104904175,4.0,236031836
2022-03-30,4.010000228881836,4.139999866485596,4.0,4.119999885559082,391223181
2022-03-31,4.130000114440918,4.150000095367432,4.03000020980835,4.079999923706055,222830091
2022-04-01,4.119999885559082,4.170000076293945,4.070000171661377,4.110000133514404,284275233
2022-04-04,4.139999866485596,4.210000038146973,4.110000133514404,4.210000038146973,349237976
2022-04-05,4.230000019073486,4.300000190734863,4.170000076293945,4.210000038146973,338437183
2022-04-06,4.199999809265137,4.230000019073486,4.130000114440918,4.170000076293945,245478558
2022-04-07,4.179999828338623,4.400000095367432,4.179999828338623,4.389999866485596,435508648
2022-04-08,4.46999979019165,4.670000076293945,4.449999809265137,4.670000076293945,435419425
2022-04-11,4.769999980926514,5.03000020980835,4.71999979019165,5.019999980926514,629749626
2022-04-12,4.989999771118164,5.25,4.880000114440918,5.179999828338623,671581675
2022-04-13,5.190000057220459,5.190000057220459,4.980000019073486,5.03000020980835,610707857
2022-04-14,5.099999904632568,5.159999847412109,5.039999961853027,5.139999866485596,335922481
2022-04-15,5.139999866485596,5.239999771118164,5.099999904632568,5.190000057220459,266572942
2022-04-18,5.199999809265137,5.289999961853027,5.110000133514404,5.239999771118164,446350611
2022-04-19,5.289999961853027,5.380000114440918,5.130000114440918,5.21999979019165,489958869
2022-04-20,5.239999771118164,5.340000152587891,5.179999828338623,5.309999942779541,371925138
2022-04-21,5.320000171661377,5.369999885559082,5.309999942779541,5.349999904632568,273821108
2022-04-22,5.320000171661377,5.380000114440918,5.070000171661377,5.099999904632568,319167465
2022-04-25,5.199999809265137,5.239999771118164,5.050000190734863,5.130000114440918,365705614
2022-04-26,5.170000076293945,5.199999809265137,4.929999828338623,4.940000057220459,405387064
2022-04-27,4.980000019073486,4.989999771118164,4.820000171661377,4.949999809265137,338789270
2022-04-28,5.03000020980835,5.079999923706055,4.900000095367432,4.909999847412109,278744609
2022-04-29,4.929999828338623,4.940000057220459,4.800000190734863,4.869999885559082,226865129
2022-05-05,4.96999979019165,5.03000020980835,4.829999923706055,4.840000152587891,241998093
2022-05-06,4.809999942779541,4.900000095367432,4.78000020980835,4.840000152587891,251367112
2022-05-09,4.829999923706055,4.889999866485596,4.730000019073486,4.860000133514404,266068638
2022-05-10,4.900000095367432,4.909999847412109,4.849999904632568,4.889999866485596,42738658
2022-05-11,4.860000133514404,4.860000133514404,4.619999885559082,4.699999809265137,303953555
2022-05-12,4.639999866485596,4.659999847412109,4.489999771118164,4.579999923706055,319792573
2022-05-13,4.610000133514404,4.630000114440918,4.53000020980835,4.550000190734863,135254026
2022-05-16,4.53000020980835,4.539999961853027,4.329999923706055,4.340000152587891,230133165
2022-05-17,4.340000152587891,4.369999885559082,4.25,4.260000228881836,339059637
2022-05-18,4.21999979019165,4.449999809265137,4.210000038146973,4.389999866485596,431468811
2022-05-20,4.369999885559082,4.480000019073486,4.329999923706055,4.329999923706055,355940188
2022-05-23,4.349999904632568,4.440000057220459,4.309999942779541,4.400000095367432,303854600
2022-05-24,4.420000076293945,4.429999828338623,4.340000152587891,4.380000114440918,167585762
2022-05-25,4.389999866485596,4.550000190734863,4.340000152587891,4.519999980926514,293910859
2022-05-26,4.5,4.599999904632568,4.46999979019165,4.550000190734863,191135686
2022-05-27,4.550000190734863,4.579999923706055,4.440000057220459,4.440000057220459,193895823
2022-05-30,4.480000019073486,4.599999904632568,4.46999979019165,4.550000190734863,229719244
2022-05-31,4.550000190734863,4.710000038146973,4.550000190734863,4.610000133514404,428850875
2022-06-01,4.630000114440918,4.789999961853027,4.630000114440918,4.739999771118164,304429504
2022-06-02,4.75,4.869999885559082,4.75,4.849999904632568,249865556
2022-06-03,4.880000114440918,4.880000114440918,4.78000020980835,4.840000152587891,170177692
2022-06-06,4.880000114440918,4.989999771118164,4.869999885559082,4.980000019073486,350456915
2022-06-07,4.96999979019165,4.980000019073486,4.849999904632568,4.880000114440918,253072088
2022-06-08,4.909999847412109,4.929999828338623,4.5,4.579999923706055,246857532
2022-06-09,4.619999885559082,4.659999847412109,4.539999961853027,4.650000095367432,214496329
2022-06-10,4.550000190734863,4.860000133514404,4.550000190734863,4.75,346866468
2022-06-13,4.679999828338623,4.809999942779541,4.679999828338623,4.730000019073486,212807265
2022-06-14,4.769999980926514,4.789999961853027,4.579999923706055,4.619999885559082,172379117
2022-06-15,4.630000114440918,4.760000228881836,4.559999942779541,4.760000228881836,205060228
2022-06-16,4.760000228881836,4.769999980926514,4.590000152587891,4.650000095367432,218122788
2022-06-17,4.659999847412109,4.880000114440918,4.639999866485596,4.880000114440918,237229812
2022-06-20,4.909999847412109,4.940000057220459,4.840000152587891,4.869999885559082,202380995
2022-06-21,4.920000076293945,5.03000020980835,4.909999847412109,4.980000019073486,224042831
2022-06-22,4.940000057220459,4.96999979019165,4.889999866485596,4.920000076293945,232874394
2022-06-23,4.920000076293945,4.949999809265137,4.75,4.840000152587891,245332837
2022-06-24,4.849999904632568,4.869999885559082,4.690000057220459,4.760000228881836,202445267
2022-06-27,4.599999904632568,4.71999979019165,4.579999923706055,4.670000076293945,162476103
2022-06-28,4.659999847412109,4.699999809265137,4.46999979019165,4.46999979019165,249748366
2022-06-29,4.460000038146973,4.480000019073486,4.289999961853027,4.289999961853027,208884755
2022-06-30,4.260000228881836,4.380000114440918,4.260000228881836,4.329999923706055,195873423
2022-07-01,4.309999942779541,4.46999979019165,4.28000020980835,4.409999847412109,145748222
2022-07-04,4.440000057220459,4.46999979019165,4.25,4.28000020980835,123286663
2022-07-05,4.289999961853027,4.329999923706055,4.159999847412109,4.170000076293945,231841633
2022-07-06,4.210000038146973,4.239999771118164,4.150000095367432,4.190000057220459,158044043
2022-07-07,4.199999809265137,4.360000133514404,4.199999809265137,4.320000171661377,168134306
2022-07-08,4.300000190734863,4.309999942779541,4.25,4.260000228881836,61848174
2022-07-13,4.289999961853027,4.289999961853027,4.130000114440918,4.179999828338623,162389198
2022-07-14,4.170000076293945,4.21999979019165,4.150000095367432,4.179999828338623,132838891
2022-07-18,4.25,4.400000095367432,4.239999771118164,4.389999866485596,176143386
2022-07-19,4.380000114440918,4.570000171661377,4.300000190734863,4.53000020980835,276384992
2022-07-20,4.550000190734863,4.599999904632568,4.489999771118164,4.599999904632568,166594085
2022-07-21,4.579999923706055,4.679999828338623,4.559999942779541,4.590000152587891,176010061
2022-07-22,4.610000133514404,4.710000038146973,4.610000133514404,4.670000076293945,109489921
2022-07-25,4.690000057220459,4.829999923706055,4.679999828338623,4.809999942779541,209001078
2022-07-26,4.849999904632568,4.880000114440918,4.670000076293945,4.75,271028407
2022-07-27,4.809999942779541,4.820000171661377,4.71999979019165,4.809999942779541,294741430
2022-07-28,4.829999923706055,4.849999904632568,4.639999866485596,4.639999866485596,317663239
2022-07-29,4.659999847412109,4.760000228881836,4.650000095367432,4.75,198076047
2022-08-01,4.739999771118164,4.880000114440918,4.730000019073486,4.849999904632568,252066424
2022-08-02,4.849999904632568,4.880000114440918,4.809999942779541,4.809999942779541,262960495
2022-08-03,4.840000152587891,4.940000057220459,4.78000020980835,4.920000076293945,254306832
2022-08-04,4.980000019073486,5.090000152587891,4.960000038146973,5.059999942779541,273698012
2022-08-05,5.090000152587891,5.349999904632568,5.019999980926514,5.239999771118164,462118170
2022-08-08,5.289999961853027,5.320000171661377,5.150000095367432,5.199999809265137,289754918
2022-08-09,5.170000076293945,5.300000190734863,5.119999885559082,5.239999771118164,361588277
2022-08-10,5.230000019073486,5.429999828338623,5.21999979019165,5.409999847412109,504613618
2022-08-11,5.46999979019165,5.670000076293945,5.420000076293945,5.619999885559082,479777181
2022-08-12,5.619999885559082,5.760000228881836,5.389999866485596,5.440000057220459,436061961
2022-08-15,5.480000019073486,5.550000190734863,5.409999847412109,5.480000019073486,287591969
2022-08-16,5.5,5.599999904632568,5.239999771118164,5.599999904632568,600273137
2022-08-17,5.650000095367432,6.039999961853027,5.590000152587891,6.010000228881836,832577486
2022-08-18,5.989999771118164,6.139999866485596,5.710000038146973,5.909999847412109,824181825
2022-08-19,5.880000114440918,5.880000114440918,5.639999866485596,5.670000076293945,451422253
2022-08-22,5.610000133514404,5.849999904632568,5.559999942779541,5.789999961853027,505178287
2022-08-23,5.809999942779541,6.329999923706055,5.800000190734863,6.28000020980835,908880238
2022-08-24,6.320000171661377,6.360000133514404,6.039999961853027,6.039999961853027,685784463
2022-08-25,6.079999923706055,6.630000114440918,6.03000020980835,6.559999942779541,842081131
2022-08-26,6.579999923706055,7.210000038146973,6.570000171661377,7.0,73574146
2022-08-29,7.050000190734863,7.130000114440918,6.730000019073486,6.860000133514404,565121495
2022-08-31,6.880000114440918,7.199999809265137,6.769999980926514,7.039999961853027,623452538
2022-09-01,7.019999980926514,7.699999809265137,6.869999885559082,7.570000171661377,770171811
2022-09-02,7.71999979019165,8.020000457763672,7.320000171661377,7.809999942779541,145761272
2022-09-05,7.889999866485596,8.289999961853027,7.789999961853027,8.109999656677246,361780060
2022-09-06,8.25,8.600000381469727,7.840000152587891,8.279999732971191,0
2022-09-07,8.300000190734863,8.34000015258789,7.840000152587891,7.840000152587891,1047279060
2022-09-08,7.929999828338623,8.569999694824219,7.679999828338623,8.510000228881836,409185322
2022-09-09,8.5,9.279999732971191,8.390000343322754,9.130000114440918,1060882289
2022-09-12,9.579999923706055,9.819999694824219,9.130000114440918,9.6899995803833,831338459
2022-09-13,9.800000190734863,10.260000228881836,8.729999542236328,8.729999542236328,279884843
2022-09-14,8.399999618530273,8.5,7.860000133514404,7.860000133514404,315422909
2022-09-15,7.699999809265137,8.0600004196167,7.079999923706055,7.079999923706055,554834670
2022-09-16,6.769999980926514,7.420000076293945,6.579999923706055,7.329999923706055,851464612
2022-09-19,7.360000133514404,7.539999961853027,6.739999771118164,6.739999771118164,440819019
2022-09-20,7.0,7.210000038146973,6.710000038146973,7.159999847412109,504831174
2022-09-21,7.090000152587891,7.28000020980835,6.980000019073486,6.989999771118164,350289237
2022-09-22,6.980000019073486,7.320000171661377,6.96999979019165,7.139999866485596,372477850
2022-09-23,7.130000114440918,7.239999771118164,6.929999828338623,6.940000057220459,175463106
2022-09-26,6.820000171661377,6.96999979019165,6.559999942779541,6.929999828338623,346552948
2022-09-27,6.989999771118164,7.519999980926514,6.940000057220459,7.239999771118164,443426629
2022-09-28,7.190000057220459,7.53000020980835,7.039999961853027,7.059999942779541,374122280
2022-09-29,7.139999866485596,7.289999961853027,6.789999961853027,7.03000020980835,325132969
2022-09-30,7.050000190734863,7.199999809265137,7.010000228881836,7.070000171661377,222659849
2022-10-03,7.119999885559082,7.769999980926514,7.110000133514404,7.769999980926514,309905602
2022-10-04,8.079999923706055,8.25,7.730000019073486,7.739999771118164,459741128
2022-10-05,7.860000133514404,7.980000019073486,7.590000152587891,7.809999942779541,336416873
2022-10-06,7.989999771118164,8.210000038146973,7.940000057220459,8.140000343322754,317928781
2022-10-07,8.119999885559082,8.220000267028809,8.020000457763672,8.140000343322754,226083495
2022-10-10,8.15999984741211,8.229999542236328,8.010000228881836,8.050000190734863,182013295
2022-10-11,8.069999694824219,8.369999885559082,8.039999961853027,8.3100004196167,357876182
2022-10-12,8.300000190734863,8.430000305175781,8.149999618530273,8.199999809265137,274160194
2022-10-13,8.260000228881836,8.399999618530273,8.1899995803833,8.369999885559082,242779153
2022-10-14,8.680000305175781,8.829999923706055,8.640000343322754,8.829999923706055,346365580
2022-10-17,8.90999984741211,9.710000038146973,8.90999984741211,9.710000038146973,310337940
2022-10-18,10.300000190734863,10.420000076293945,9.239999771118164,9.390000343322754,636517726
2022-10-19,9.420000076293945,9.859999656677246,9.25,9.729999542236328,623713015
2022-10-20,9.699999809265137,10.020000457763672,9.569999694824219,9.6899995803833,572205277
2022-10-21,9.670000076293945,9.760000228881836,9.470000267028809,9.479999542236328,286469064
2022-10-24,9.579999923706055,9.6899995803833,9.279999732971191,9.369999885559082,248183536
2022-10-25,9.430000305175781,9.720000267028809,9.40999984741211,9.520000457763672,301319549
2022-10-26,9.600000381469727,9.729999542236328,9.470000267028809,9.539999961853027,198096879
2022-10-27,9.550000190734863,9.619999885559082,9.25,9.270000457763672,208292824
2022-10-28,9.260000228881836,9.329999923706055,8.880000114440918,8.880000114440918,165127008
2022-10-31,8.970000267028809,9.239999771118164,8.65999984741211,9.210000038146973,287160064
2022-11-01,9.300000190734863,9.579999923706055,9.229999542236328,9.25,288549581
2022-11-02,9.260000228881836,9.319999694824219,8.890000343322754,8.920000076293945,223297390
2022-11-03,8.890000343322754,8.989999771118164,8.6899995803833,8.760000228881836,272218962
2022-11-04,8.880000114440918,9.359999656677246,8.699999809265137,9.270000457763672,295381436
2022-11-07,9.420000076293945,9.600000381469727,9.329999923706055,9.40999984741211,256110148
2022-11-08,9.420000076293945,9.699999809265137,9.279999732971191,9.380000114440918,284241820
2022-11-09,9.40999984741211,9.619999885559082,9.239999771118164,9.25,243185344
2022-11-10,9.329999923706055,9.819999694824219,9.3100004196167,9.770000457763672,325065305
2022-11-11,10.149999618530273,10.210000038146973,9.539999961853027,9.670000076293945,315317338
2022-11-14,9.670000076293945,9.869999885559082,9.5600004196167,9.8100004196167,176385640
2022-11-15,9.899999618530273,10.789999961853027,9.630000114440918,10.789999961853027,531821870
2022-11-16,10.800000190734863,11.6899995803833,10.5600004196167,10.970000267028809,780771919
2022-11-17,11.0,11.09000015258789,10.25,10.34000015258789,327939721
2022-11-18,10.329999923706055,11.050000190734863,10.329999923706055,10.949999809265137,394552926
2022-11-21,11.010000228881836,11.40999984741211,10.850000381469727,11.40999984741211,323655239
2022-11-22,11.489999771118164,11.680000305175781,11.1899995803833,11.529999732971191,459848324
2022-11-23,11.539999961853027,12.140000343322754,11.430000305175781,12.020000457763672,509598425
2022-11-24,12.050000190734863,12.210000038146973,11.649999618530273,11.729999542236328,439893327
2022-11-25,11.619999885559082,11.699999809265137,11.399999618530273,11.449999809265137,278123417
2022-11-28,11.550000190734863,12.079999923706055,11.479999542236328,11.899999618530273,360540393
2022-11-29,11.949999809265137,12.15999984741211,11.600000381469727,11.90999984741211,343592926
2022-11-30,11.890000343322754,12.140000343322754,11.760000228881836,12.050000190734863,723370013
2022-12-01,12.149999618530273,12.210000038146973,11.699999809265137,11.84000015258789,354877524
2022-12-02,11.84000015258789,11.930000305175781,11.279999732971191,11.350000381469727,214241719
2022-12-05,11.399999618530273,11.5,10.9399995803833,10.960000038146973,229415070
2022-12-06,10.960000038146973,11.25,10.9399995803833,11.029999732971191,242925228
2022-12-07,11.050000190734863,11.260000228881836,10.550000190734863,10.680000305175781,238408084
2022-12-08,10.710000038146973,10.970000267028809,10.4399995803833,10.890000343322754,230760788
2022-12-09,10.949999809265137,11.399999618530273,10.890000343322754,11.350000381469727,214706459
2022-12-12,11.359999656677246,11.930000305175781,11.119999885559082,11.829999923706055,447471862
2022-12-13,11.630000114440918,11.829999923706055,11.4399995803833,11.550000190734863,330096517
2022-12-14,11.569999694824219,12.020000457763672,11.0,11.119999885559082,470289261
2022-12-15,11.5600004196167,11.899999618530273,11.460000038146973,11.84000015258789,349298803
2022-12-16,11.949999809265137,12.100000381469727,11.869999885559082,11.920000076293945,144043571
2022-12-19,11.949999809265137,12.899999618530273,11.949999809265137,12.869999885559082,88614855
2022-12-20,12.779999732971191,12.779999732971191,12.039999961853027,12.25,548171499
2022-12-21,12.34000015258789,12.699999809265137,11.989999771118164,12.0,373766062
2022-12-22,12.109999656677246,12.3100004196167,11.890000343322754,12.069999694824219,274461481
2022-12-23,12.069999694824219,12.289999961853027,11.949999809265137,12.109999656677246,231709356
2022-12-26,12.260000228881836,12.449999809265137,12.0600004196167,12.100000381469727,227590115
2022-12-27,12.100000381469727,12.140000343322754,11.779999732971191,11.8100004196167,280527979
2022-12-28,11.800000190734863,11.869999885559082,11.399999618530273,11.59000015258789,239861696
2022-12-29,11.600000381469727,12.079999923706055,11.600000381469727,12.0,242896791
2022-12-30,12.100000381469727,12.1899995803833,11.800000190734863,11.8100004196167,278101771
2023-01-02,12.010000228881836,12.109999656677246,11.880000114440918,11.979999542236328,277418336
2023-01-03,12.010000228881836,12.0600004196167,11.720000267028809,11.729999542236328,298201600
2023-01-04,11.8100004196167,11.920000076293945,11.479999542236328,11.640000343322754,309679958
2023-01-05,11.710000038146973,11.829999923706055,11.079999923706055,11.140000343322754,230260222
2023-01-06,10.5600004196167,11.050000190734863,10.050000190734863,10.75,359224293
2023-01-09,10.930000305175781,10.979999542236328,9.9399995803833,10.119999885559082,352434549
2023-01-10,10.140000343322754,10.300000190734863,9.479999542236328,9.529999732971191,380655929
2023-01-11,9.59000015258789,9.739999771118164,8.59000015258789,8.59000015258789,393972445
2023-01-12,8.899999618530273,9.069999694824219,8.270000457763672,9.039999961853027,381156394
2023-01-13,8.899999618530273,9.380000114440918,8.859999656677246,9.210000038146973,318239178
2023-01-16,9.359999656677246,9.729999542236328,9.359999656677246,9.729999542236328,268840084
2023-01-17,9.739999771118164,10.010000228881836,9.539999961853027,9.789999961853027,360933400
2023-01-18,9.800000190734863,10.100000381469727,9.510000228881836,9.65999984741211,360015687
2023-01-19,9.600000381469727,9.880000114440918,9.569999694824219,9.699999809265137,315661506
2023-01-20,9.729999542236328,10.239999771118164,9.699999809265137,10.170000076293945,501670443
2023-01-23,10.380000114440918,10.8100004196167,10.050000190734863,10.239999771118164,369949995
2023-01-24,10.25,10.380000114440918,9.920000076293945,10.020000457763672,307489134
2023-01-25,10.109999656677246,10.170000076293945,9.390000343322754,9.720000267028809,297903012
2023-01-26,9.729999542236328,9.800000190734863,9.390000343322754,9.399999618530273,226936124
2023-01-27,9.300000190734863,9.319999694824219,8.84000015258789,9.09000015258789,317656169
2023-01-30,9.079999923706055,9.380000114440918,9.069999694824219,9.069999694824219,228026229
2023-01-31,9.079999923706055,9.3100004196167,8.930000305175781,9.079999923706055,295064951
2023-02-01,9.130000114440918,9.279999732971191,8.399999618530273,8.399999618530273,250536475
2023-02-02,8.460000038146973,8.670000076293945,7.840000152587891,8.239999771118164,342552210
2023-02-03,8.319999694824219,9.039999961853027,8.279999732971191,9.020000457763672,285162881
2023-02-06,8.710000038146973,9.050000190734863,8.5,8.880000114440918,53121029
2023-02-07,8.880000114440918,8.880000114440918,8.010000228881836,8.130000114440918,134884821
2023-02-08,7.75,7.75,7.75,7.75,33260
2023-02-15,8.5600004196167,8.9399995803833,8.539999961853027,8.9399995803833,88228075
2023-02-16,9.65999984741211,9.729999542236328,9.0,9.119999885559082,221042032
2023-02-17,9.0,9.260000228881836,8.930000305175781,9.039999961853027,113105859
2023-02-20,9.079999923706055,9.260000228881836,8.949999809265137,9.039999961853027,106216427
2023-02-21,9.0,9.180000305175781,8.9399995803833,8.970000267028809,114340154
2023-02-22,8.970000267028809,9.25,8.9399995803833,9.15999984741211,176950159
2023-02-23,9.170000076293945,9.470000267028809,9.020000457763672,9.270000457763672,196059722
2023-02-24,9.25,9.359999656677246,9.079999923706055,9.100000381469727,91474814
2023-02-27,9.199999809265137,9.899999618530273,9.0600004196167,9.859999656677246,261374108
2023-02-28,9.880000114440918,10.09000015258789,9.630000114440918,10.010000228881836,210010109
2023-03-01,9.970000267028809,10.329999923706055,9.899999618530273,10.109999656677246,203207124
2023-03-02,10.100000381469727,10.369999885559082,10.039999961853027,10.119999885559082,210634718
2023-03-03,10.09000015258789,10.09000015258789,9.609999656677246,9.859999656677246,277159488
2023-03-06,9.9399995803833,10.779999732971191,9.920000076293945,10.739999771118164,466351791
2023-03-07,10.84000015258789,11.170000076293945,10.630000114440918,10.710000038146973,421687007
2023-03-08,10.699999809265137,11.75,10.630000114440918,11.59000015258789,493199237
2023-03-09,11.680000305175781,12.010000228881836,11.119999885559082,11.729999542236328,562766461
2023-03-10,11.619999885559082,12.140000343322754,11.5600004196167,11.859999656677246,384609765
2023-03-13,11.869999885559082,11.890000343322754,11.029999732971191,11.140000343322754,302772600
2023-03-14,11.149999618530273,11.510000228881836,11.100000381469727,11.130000114440918,319709146
2023-03-15,11.15999984741211,11.25,10.880000114440918,11.119999885559082,340834485
2023-03-16,11.239999771118164,11.460000038146973,11.140000343322754,11.359999656677246,186472960
2023-03-17,11.529999732971191,11.640000343322754,11.239999771118164,11.25,222247509
2023-03-20,10.300000190734863,10.40999984741211,10.130000114440918,10.279999732971191,185334423
2023-03-21,10.279999732971191,10.569999694824219,10.100000381469727,10.289999961853027,175189029
2023-03-22,10.350000381469727,10.5,10.140000343322754,10.470000267028809,148356476
2023-03-23,10.4399995803833,10.600000381469727,10.300000190734863,10.59000015258789,122634167
2023-03-24,10.619999885559082,10.720000267028809,10.289999961853027,10.289999961853027,151063272
2023-03-27,10.40999984741211,10.420000076293945,10.149999618530273,10.149999618530273,109137938
2023-03-28,10.140000343322754,10.1899995803833,9.760000228881836,9.800000190734863,149585017
2023-03-29,9.760000228881836,10.069999694824219,9.729999542236328,10.069999694824219,150961766
2023-03-30,10.010000228881836,10.239999771118164,9.890000343322754,9.90999984741211,197715660
2023-03-31,9.779999732971191,9.8100004196167,9.569999694824219,9.569999694824219,140175655
2023-04-03,9.470000267028809,9.720000267028809,9.34000015258789,9.670000076293945,140509521
2023-04-04,9.65999984741211,9.84000015258789,9.609999656677246,9.819999694824219,122199157
2023-04-05,9.84000015258789,9.890000343322754,9.619999885559082,9.619999885559082,121754432
2023-04-06,9.630000114440918,9.770000457763672,9.609999656677246,9.710000038146973,99009811
2023-04-07,9.680000305175781,9.789999961853027,9.65999984741211,9.6899995803833,77225086
2023-04-10,9.720000267028809,10.020000457763672,9.720000267028809,9.970000267028809,114952726
2023-04-11,10.0,10.149999618530273,9.9399995803833,10.140000343322754,170664656
2023-04-12,10.180000305175781,10.550000190734863,10.119999885559082,10.40999984741211,190047827
2023-04-13,10.460000038146973,10.520000457763672,10.25,10.319999694824219,107209363
2023-04-14,10.359999656677246,10.5600004196167,10.199999809265137,10.260000228881836,106874859
2023-04-17,10.270000457763672,10.369999885559082,10.130000114440918,10.149999618530273,99923245
2023-04-18,10.15999984741211,10.390000343322754,10.15999984741211,10.25,94822932
2023-04-19,10.270000457763672,10.84000015258789,10.109999656677246,10.5,171600763
2023-04-20,10.270000457763672,10.489999771118164,10.15999984741211,10.170000076293945,68200741
2023-04-24,10.239999771118164,10.319999694824219,10.119999885559082,10.15999984741211,91131048
2023-04-25,10.149999618530273,10.220000267028809,9.859999656677246,9.899999618530273,107575382
2023-04-26,9.859999656677246,9.989999771118164,9.75,9.800000190734863,110501809
2023-04-27,9.75,10.069999694824219,9.75,9.9399995803833,114363156
2023-04-28,9.960000038146973,9.979999542236328,9.350000381469727,9.470000267028809,112359961
2023-05-02,9.5,9.619999885559082,9.279999732971191,9.350000381469727,121805600
2023-05-03,9.380000114440918,9.460000038146973,9.069999694824219,9.399999618530273,118384499
2023-05-04,9.300000190734863,9.539999961853027,9.199999809265137,9.34000015258789,91344576
2023-05-05,9.350000381469727,9.430000305175781,9.140000343322754,9.199999809265137,81540798
2023-05-08,9.270000457763672,10.020000457763672,9.170000076293945,9.90999984741211,180745304
2023-05-09,9.850000381469727,10.619999885559082,9.819999694824219,10.390000343322754,259479953
2023-05-10,10.390000343322754,10.84000015258789,10.34000015258789,10.489999771118164,203426325
2023-05-11,10.539999961853027,11.529999732971191,10.539999961853027,11.529999732971191,288579381
2023-05-12,11.899999618530273,12.319999694824219,11.460000038146973,11.630000114440918,353020652
2023-05-15,10.470000267028809,10.470000267028809,10.470000267028809,10.470000267028809,14908451
2023-05-16,9.430000305175781,9.770000457763672,9.430000305175781,9.479999542236328,767629559
2023-05-17,9.569999694824219,9.699999809265137,9.239999771118164,9.359999656677246,309305417
2023-05-18,9.369999885559082,9.510000228881836,9.039999961853027,9.100000381469727,227788076
2023-05-22,9.15999984741211,9.199999809265137,8.710000038146973,8.710000038146973,181295413
2023-05-23,8.75,8.970000267028809,8.75,8.8100004196167,118694128
2023-05-24,8.829999923706055,8.979999542236328,8.6899995803833,8.710000038146973,108794512
2023-05-25,8.739999771118164,9.039999961853027,8.699999809265137,9.020000457763672,150975626
2023-05-26,9.050000190734863,9.260000228881836,8.9399995803833,9.15999984741211,135447245
2023-05-29,9.270000457763672,9.579999923706055,9.0,9.34000015258789,171622007
2023-05-30,9.699999809265137,10.270000457763672,9.699999809265137,10.270000457763672,388861573
2023-05-31,10.220000267028809,10.630000114440918,9.930000305175781,10.199999809265137,506676082
2023-06-01,10.350000381469727,10.680000305175781,10.329999923706055,10.529999732971191,226077901
2023-06-02,11.239999771118164,11.579999923706055,11.079999923706055,11.550000190734863,336068001
2023-06-05,11.880000114440918,12.15999984741211,11.460000038146973,12.069999694824219,419244036
2023-06-06,11.9399995803833,12.09000015258789,11.770000457763672,11.949999809265137,242686549
2023-06-07,12.09000015258789,12.460000038146973,11.800000190734863,12.109999656677246,549827434
2023-06-08,12.09000015258789,12.510000228881836,12.050000190734863,12.399999618530273,331193657
2023-06-09,12.489999771118164,12.520000457763672,12.170000076293945,12.380000114440918,232812582
2023-06-12,12.399999618530273,12.5600004196167,11.84000015258789,11.84000015258789,252182225
2023-06-13,11.850000381469727,12.050000190734863,11.59000015258789,11.75,276183693
2023-06-14,11.800000190734863,12.59000015258789,11.720000267028809,12.09000015258789,420989159
2023-06-15,12.359999656677246,12.989999771118164,12.260000228881836,12.989999771118164,325006947
2023-06-16,12.920000076293945,13.1899995803833,12.640000343322754,12.800000190734863,347123615
2023-06-19,12.8100004196167,12.8100004196167,12.170000076293945,12.1899995803833,283944040
2023-06-20,12.180000305175781,12.640000343322754,12.119999885559082,12.4399995803833,383830882
2023-06-21,12.59000015258789,12.75,12.329999923706055,12.449999809265137,268750609
2023-06-22,12.489999771118164,12.640000343322754,12.100000381469727,12.40999984741211,476030587
2023-06-23,12.579999923706055,13.170000076293945,12.579999923706055,12.84000015258789,371568671
2023-06-26,13.359999656677246,13.399999618530273,13.109999656677246,13.130000114440918,273646383
2023-06-27,13.09000015258789,13.09000015258789,12.960000038146973,12.979999542236328,69546282
2023-07-03,13.109999656677246,13.329999923706055,13.050000190734863,13.210000038146973,308217450
2023-07-04,13.270000457763672,13.630000114440918,13.270000457763672,13.40999984741211,454345531
2023-07-05,13.430000305175781,13.460000038146973,12.899999618530273,13.260000228881836,284965914
2023-07-06,13.319999694824219,13.489999771118164,13.010000228881836,13.020000457763672,283043913
2023-07-07,13.020000457763672,13.270000457763672,12.880000114440918,12.960000038146973,154097588
2023-07-10,13.109999656677246,13.180000305175781,12.960000038146973,12.989999771118164,186409866
2023-07-11,13.220000267028809,13.8100004196167,13.010000228881836,13.619999885559082,532304932
2023-07-12,13.569999694824219,14.130000114440918,13.520000457763672,13.789999961853027,571345407
2023-07-13,13.859999656677246,14.430000305175781,13.789999961853027,14.270000457763672,515210029
2023-07-14,14.470000267028809,14.470000267028809,13.8100004196167,13.90999984741211,227413044
2023-07-17,13.949999809265137,14.069999694824219,13.569999694824219,13.819999694824219,349960153
2023-07-18,13.84000015258789,13.979999542236328,12.890000343322754,12.899999618530273,264023527
2023-07-19,12.859999656677246,13.229999542236328,12.75,13.220000267028809,222759549
2023-07-20,13.289999961853027,13.40999984741211,12.84000015258789,13.1899995803833,399503158
2023-07-21,13.149999618530273,13.260000228881836,12.880000114440918,12.899999618530273,143520847
2023-07-24,12.930000305175781,13.0600004196167,12.600000381469727,12.779999732971191,132094989
2023-07-25,12.850000381469727,13.5,12.850000381469727,13.369999885559082,332869072
2023-07-26,12.569999694824219,12.90999984741211,12.359999656677246,12.729999542236328,740858837
2023-07-27,12.850000381469727,13.1899995803833,12.720000267028809,13.1899995803833,604009896
2023-07-28,13.550000190734863,14.180000305175781,13.520000457763672,13.949999809265137,766802256
2023-07-31,14.050000190734863,14.289999961853027,13.880000114440918,14.229999542236328,551012365
2023-08-01,14.119999885559082,14.4399995803833,13.970000267028809,14.329999923706055,517452217
2023-08-02,14.319999694824219,14.760000228881836,14.100000381469727,14.399999618530273,539226605
2023-08-03,14.449999809265137,14.59000015258789,14.050000190734863,14.0600004196167,327538112
2023-08-04,14.130000114440918,14.520000457763672,14.069999694824219,14.460000038146973,331446968
2023-08-07,14.670000076293945,14.960000038146973,14.380000114440918,14.84000015258789,346476749
2023-08-08,14.829999923706055,15.130000114440918,14.630000114440918,14.930000305175781,344858054
2023-08-09,14.899999618530273,16.270000457763672,14.789999961853027,16.040000915527344,704396742
2023-08-10,16.1200008392334,16.989999771118164,15.520000457763672,15.720000267028809,785000584
2023-08-11,15.720000267028809,15.9399995803833,15.25,15.760000228881836,408338024
2023-08-14,15.949999809265137,16.31999969482422,15.699999809265137,15.84000015258789,304058080
2023-08-15,15.869999885559082,16.81999969482422,15.630000114440918,16.489999771118164,455010593
2023-08-16,16.420000076293945,16.729999542236328,16.1299991607666,16.260000228881836,301327437
2023-08-17,16.260000228881836,16.790000915527344,16.260000228881836,16.709999084472656,284120470
2023-08-18,16.729999542236328,16.90999984741211,15.369999885559082,15.899999618530273,316566879
2023-08-21,15.199999809265137,16.190000534057617,15.020000457763672,16.010000228881836,396137394
2023-08-22,16.06999969482422,16.219999313354492,15.210000038146973,15.460000038146973,354436261
2023-08-23,15.460000038146973,15.8100004196167,15.3100004196167,15.399999618530273,364083419
2023-08-24,15.449999809265137,16.940000534057617,15.4399995803833,16.850000381469727,941784846
2023-08-25,16.959999084472656,17.100000381469727,16.329999923706055,16.6200008392334,407324638
2023-08-28,16.959999084472656,17.229999542236328,16.65999984741211,16.670000076293945,324416272
2023-08-29,16.719999313354492,17.139999389648438,16.280000686645508,16.34000015258789,286151804
2023-08-31,16.420000076293945,16.600000381469727,15.670000076293945,15.899999618530273,245096592
2023-09-01,16.0,16.200000762939453,15.779999732971191,16.100000381469727,226160376
2023-09-04,16.25,16.979999542236328,16.170000076293945,16.709999084472656,320770442
2023-09-05,16.700000762939453,17.200000762939453,16.450000762939453,17.139999389648438,454684165
2023-09-06,17.200000762939453,17.389999389648438,16.799999237060547,16.889999389648438,367797225
2023-09-07,16.989999771118164,17.3700008392334,16.93000030517578,17.239999771118164,297713587
2023-09-08,17.31999969482422,17.600000381469727,17.209999084472656,17.260000228881836,218919449
2023-09-11,17.350000381469727,17.399999618530273,16.219999313354492,16.270000457763672,268386785
2023-09-12,16.270000457763672,16.459999084472656,16.010000228881836,16.190000534057617,266964198
2023-09-13,16.209999084472656,16.790000915527344,16.149999618530273,16.34000015258789,352503415
2023-09-14,16.209999084472656,16.309999465942383,15.779999732971191,16.139999389648438,292734845
2023-09-15,16.200000762939453,16.469999313354492,16.040000915527344,16.06999969482422,296907036
2023-09-18,16.030000686645508,16.329999923706055,15.899999618530273,15.9399995803833,215451851
2023-09-19,16.0,16.200000762939453,15.789999961853027,16.110000610351562,187466171
2023-09-20,16.149999618530273,16.969999313354492,16.059999465942383,16.510000228881836,373941660
2023-09-21,16.510000228881836,17.0,16.270000457763672,17.0,433382281
2023-09-22,17.0,17.15999984741211,16.799999237060547,16.799999237060547,249953651
2023-09-25,16.889999389648438,17.190000534057617,16.850000381469727,17.100000381469727,215559532
2023-09-26,17.139999389648438,17.43000030517578,16.989999771118164,17.079999923706055,310780825
2023-09-27,17.100000381469727,17.260000228881836,16.969999313354492,16.969999313354492,217777878
2023-09-28,17.030000686645508,17.81999969482422,16.959999084472656,17.540000915527344,383525569
2023-09-29,17.700000762939453,18.68000030517578,17.700000762939453,18.459999084472656,356462091
2023-10-02,18.479999542236328,19.059999465942383,18.31999969482422,18.729999542236328,294417491
2023-10-03,18.829999923706055,18.950000762939453,18.260000228881836,18.40999984741211,148633158
2023-10-04,18.40999984741211,18.56999969482422,17.989999771118164,18.049999237060547,181119603
2023-10-05,18.1200008392334,19.100000381469727,17.889999389648438,19.0,395188877
2023-10-06,18.790000915527344,19.479999542236328,18.780000686645508,19.030000686645508,281042750
2023-10-09,18.639999389648438,19.059999465942383,18.5,18.520000457763672,163883061
2023-10-10,18.969999313354492,19.450000762939453,18.670000076293945,19.219999313354492,236496010
2023-10-11,19.31999969482422,19.979999542236328,19.15999984741211,19.299999237060547,199395775
2023-10-12,19.56999969482422,20.1200008392334,18.799999237060547,19.360000610351562,306290153
2023-10-13,19.299999237060547,19.450000762939453,18.6299991607666,18.700000762939453,209053014
2023-10-16,19.100000381469727,19.139999389648438,18.600000381469727,18.690000534057617,171137925
2023-10-17,18.790000915527344,19.280000686645508,18.690000534057617,19.280000686645508,174551050
2023-10-18,18.899999618530273,19.1299991607666,18.40999984741211,18.459999084472656,179428308
2023-10-19,18.469999313354492,19.020000457763672,18.3700008392334,18.610000610351562,196113140
2023-10-20,18.399999618530273,18.690000534057617,17.780000686645508,17.860000610351562,165892214
2023-10-23,18.200000762939453,18.43000030517578,17.899999618530273,18.329999923706055,157132193
2023-10-24,18.700000762939453,19.239999771118164,18.469999313354492,18.719999313354492,337634476
2023-10-25,18.81999969482422,18.8799991607666,17.600000381469727,17.6299991607666,224118005
2023-10-26,17.84000015258789,18.110000610351562,17.239999771118164,17.690000534057617,362619346
2023-10-27,17.84000015258789,17.959999084472656,17.479999542236328,17.81999969482422,179289356
2023-10-30,17.729999542236328,17.899999618530273,17.479999542236328,17.540000915527344,123085465
2023-10-31,17.600000381469727,17.75,17.190000534057617,17.239999771118164,143361901
2023-11-01,17.3799991607666,17.43000030517578,16.350000381469727,17.059999465942383,144059701
2023-11-02,17.059999465942383,17.440000534057617,16.93000030517578,17.200000762939453,157895011
2023-11-03,17.200000762939453,17.290000915527344,16.93000030517578,17.239999771118164,173151634
2023-11-06,17.5,17.75,17.5,17.670000076293945,109492960
2023-11-07,17.600000381469727,17.670000076293945,17.309999465942383,17.3700008392334,115286186
2023-11-08,17.540000915527344,17.549999237060547,16.860000610351562,17.030000686645508,161565967
2023-11-09,16.889999389648438,17.170000076293945,16.8700008392334,16.969999313354492,155682335
2023-11-10,16.940000534057617,17.139999389648438,16.84000015258789,16.940000534057617,119714364
2023-11-13,16.84000015258789,16.84000015258789,16.1200008392334,16.1200008392334,152769091
2023-11-14,16.1200008392334,16.309999465942383,15.829999923706055,16.290000915527344,166072510
2023-11-15,16.31999969482422,16.65999984741211,16.25,16.489999771118164,140694696
2023-11-16,16.5,16.920000076293945,16.5,16.84000015258789,124539250
2023-11-17,16.809999465942383,16.969999313354492,16.68000030517578,16.889999389648438,107715113
2023-11-20,17.049999237060547,17.15999984741211,16.920000076293945,17.06999969482422,99448073
2023-11-21,17.15999984741211,17.25,16.969999313354492,17.239999771118164,143474331
2023-11-22,17.200000762939453,17.290000915527344,17.06999969482422,17.170000076293945,136243083
2023-11-23,17.200000762939453,17.920000076293945,17.190000534057617,17.59000015258789,306211804
2023-11-24,17.59000015258789,17.90999984741211,17.290000915527344,17.81999969482422,179260560
2023-11-27,18.309999465942383,19.170000076293945,18.15999984741211,19.010000228881836,245708398
2023-11-28,18.950000762939453,19.329999923706055,18.729999542236328,19.219999313354492,194660668
2023-11-29,19.219999313354492,19.459999084472656,19.049999237060547,19.34000015258789,161218072
2023-11-30,19.25,19.440000534057617,18.989999771118164,19.200000762939453,133908711
2023-12-01,19.799999237060547,20.280000686645508,19.520000457763672,19.81999969482422,204979466
2023-12-04,19.829999923706055,20.520000457763672,19.68000030517578,20.520000457763672,167794265
2023-12-05,20.420000076293945,20.600000381469727,20.15999984741211,20.280000686645508,107060144
2023-12-06,20.280000686645508,20.940000534057617,20.239999771118164,20.420000076293945,232663983
2023-12-07,20.260000228881836,20.280000686645508,19.350000381469727,19.889999389648438,209096642
2023-12-08,19.950000762939453,20.079999923706055,19.549999237060547,19.670000076293945,138141166
2023-12-11,19.700000762939453,20.020000457763672,19.540000915527344,19.59000015258789,160572027
2023-12-12,19.56999969482422,20.5,19.530000686645508,20.239999771118164,206687475
2023-12-13,20.18000030517578,21.200000762939453,20.139999389648438,20.299999237060547,272841845
2023-12-14,20.860000610351562,21.799999237060547,20.559999465942383,21.5,237128126
2023-12-15,21.639999389648438,22.1200008392334,21.420000076293945,21.639999389648438,207151964
2023-12-18,21.399999618530273,22.020000457763672,21.139999389648438,21.299999237060547,183426665
2023-12-19,21.34000015258789,21.479999542236328,20.100000381469727,20.639999389648438,219991714
2023-12-20,20.6200008392334,20.979999542236328,20.299999237060547,20.920000076293945,167787821
2023-12-21,20.979999542236328,21.600000381469727,20.639999389648438,20.799999237060547,213659386
2023-12-22,20.899999618530273,20.920000076293945,20.219999313354492,20.459999084472656,142199896
2023-12-25,20.360000610351562,20.360000610351562,19.5,20.059999465942383,85694274
2023-12-26,20.15999984741211,20.280000686645508,19.530000686645508,19.959999084472656,122818430
2023-12-27,19.8799991607666,19.940000534057617,19.059999465942383,19.15999984741211,190022703
2023-12-28,19.25,19.489999771118164,19.15999984741211,19.229999542236328,138752217
2023-12-29,19.299999237060547,19.709999084472656,19.280000686645508,19.540000915527344,132638201
2024-01-02,19.75,19.940000534057617,19.549999237060547,19.760000228881836,164641359
2024-01-03,19.739999771118164,19.860000610351562,19.389999389648438,19.389999389648438,153558031
2024-01-04,19.40999984741211,20.059999465942383,19.270000457763672,19.90999984741211,211488897
2024-01-05,19.93000030517578,20.079999923706055,19.579999923706055,20.0,153443326
2024-01-08,20.399999618530273,22.0,20.360000610351562,22.0,276603708
2024-01-09,22.219999313354492,23.040000915527344,21.760000228881836,22.420000076293945,339799419
2024-01-10,22.399999618530273,23.719999313354492,22.239999771118164,23.559999465942383,246652788
2024-01-11,23.68000030517578,23.84000015258789,23.139999389648438,23.299999237060547,189203331
2024-01-12,22.899999618530273,23.520000457763672,22.219999313354492,22.940000534057617,557271982
2024-01-15,23.0,23.0,22.219999313354492,22.420000076293945,191494510
2024-01-16,22.459999084472656,22.739999771118164,21.8799991607666,22.260000228881836,152206811
2024-01-17,22.079999923706055,22.5,21.959999084472656,22.18000030517578,136367090
2024-01-18,22.68000030517578,22.739999771118164,21.979999542236328,21.979999542236328,184585854
2024-01-19,22.100000381469727,22.459999084472656,21.8799991607666,22.15999984741211,175639637
2024-01-22,22.040000915527344,22.399999618530273,21.6200008392334,22.219999313354492,141445251
2024-01-23,22.540000915527344,22.579999923706055,20.84000015258789,20.84000015258789,267214063
2024-01-24,20.940000534057617,22.059999465942383,20.860000610351562,21.899999618530273,250519354
2024-01-25,21.979999542236328,22.31999969482422,21.5,21.700000762939453,221377895
2024-01-26,21.799999237060547,21.959999084472656,21.600000381469727,21.760000228881836,176887374
2024-01-29,21.8799991607666,21.8799991607666,21.18000030517578,21.34000015258789,159458668
2024-01-30,21.540000915527344,21.81999969482422,21.459999084472656,21.579999923706055,177318249
2024-01-31,21.579999923706055,21.959999084472656,21.459999084472656,21.84000015258789,161514154
2024-02-01,21.81999969482422,22.459999084472656,21.780000686645508,22.360000610351562,230910445
2024-02-02,22.399999618530273,22.780000686645508,22.1200008392334,22.280000686645508,167681269
2024-02-05,22.8799991607666,23.15999984741211,22.559999465942383,22.68000030517578,205887688
2024-02-06,22.799999237060547,22.979999542236328,22.639999389648438,22.81999969482422,169033742
2024-02-07,22.860000610351562,22.959999084472656,22.399999618530273,22.600000381469727,130262470
2024-02-08,22.6200008392334,22.959999084472656,22.559999465942383,22.6200008392334,104587684
2024-02-09,22.700000762939453,23.0,22.299999237060547,22.760000228881836,172270138
2024-02-12,22.940000534057617,23.239999771118164,22.719999313354492,23.200000762939453,187832452
2024-02-13,23.299999237060547,23.81999969482422,23.040000915527344,23.139999389648438,235419143
2024-02-14,23.1200008392334,23.68000030517578,22.940000534057617,23.520000457763672,176345397
2024-02-15,23.600000381469727,24.1200008392334,23.479999542236328,23.959999084472656,185333554
2024-02-16,24.040000915527344,24.280000686645508,23.760000228881836,23.860000610351562,115354357
2024-02-19,24.0,24.719999313354492,23.780000686645508,23.799999237060547,244140439
2024-02-20,23.899999618530273,24.520000457763672,23.860000610351562,24.479999542236328,186711798
2024-02-21,24.520000457763672,24.700000762939453,24.139999389648438,24.3799991607666,173699282
2024-02-22,24.540000915527344,24.760000228881836,23.68000030517578,23.860000610351562,188230572
2024-02-23,23.860000610351562,24.280000686645508,23.559999465942383,24.200000762939453,173593317
2024-02-26,24.200000762939453,24.219999313354492,23.399999618530273,23.440000534057617,125881740
2024-02-27,23.5,23.639999389648438,23.219999313354492,23.239999771118164,147760782
2024-02-28,23.260000228881836,23.3799991607666,23.0,23.0,96067321
2024-02-29,23.059999465942383,23.420000076293945,22.979999542236328,23.100000381469727,180850439
2024-03-01,23.15999984741211,23.299999237060547,22.5,22.5,109847705
2024-03-04,22.6200008392334,22.739999771118164,21.579999923706055,21.65999984741211,111030707
2024-03-05,21.65999984741211,22.15999984741211,21.299999237060547,21.299999237060547,130302915
2024-03-06,21.15999984741211,21.600000381469727,20.84000015258789,20.920000076293945,107055747
2024-03-07,21.020000457763672,22.100000381469727,21.020000457763672,22.100000381469727,123560866
2024-03-08,22.15999984741211,23.020000457763672,21.920000076293945,22.979999542236328,195380496
2024-03-11,24.100000381469727,24.100000381469727,23.079999923706055,23.100000381469727,144625625
2024-03-12,23.100000381469727,23.81999969482422,22.979999542236328,23.299999237060547,149739172
2024-03-13,23.299999237060547,23.360000610351562,22.020000457763672,22.260000228881836,225431905
2024-03-14,22.31999969482422,22.420000076293945,21.639999389648438,21.799999237060547,107353568
2024-03-15,21.799999237060547,22.040000915527344,21.559999465942383,22.040000915527344,90498482
2024-03-18,21.899999618530273,22.420000076293945,21.8799991607666,22.040000915527344,98978517
2024-03-19,22.040000915527344,23.639999389648438,21.899999618530273,23.6200008392334,179699713
2024-03-20,23.540000915527344,24.760000228881836,23.280000686645508,24.399999618530273,287308918
2024-03-21,24.559999465942383,26.459999084472656,24.540000915527344,25.979999542236328,407179859
2024-03-22,25.920000076293945,26.68000030517578,25.739999771118164,26.639999389648438,202550669
2024-03-25,26.479999542236328,28.5,26.059999465942383,27.1200008392334,237692694
2024-03-26,27.219999313354492,27.780000686645508,25.860000610351562,26.639999389648438,164733384
2024-03-27,26.700000762939453,27.299999237060547,26.1200008392334,26.420000076293945,138012284
2024-03-28,26.559999465942383,27.760000228881836,26.440000534057617,27.5,144148222
2024-03-29,27.600000381469727,27.860000610351562,27.079999923706055,27.34000015258789,110852125
2024-04-01,27.899999618530273,28.780000686645508,27.420000076293945,28.420000076293945,179885096
2024-04-02,28.479999542236328,30.100000381469727,28.34000015258789,29.020000457763672,213507053
2024-04-03,27.799999237060547,28.18000030517578,27.200000762939453,27.559999465942383,118797549
2024-04-04,27.799999237060547,29.139999389648438,27.399999618530273,28.600000381469727,222427541
2024-04-05,31.0,31.299999237060547,29.100000381469727,30.200000762939453,269559494
2024-04-08,30.280000686645508,31.040000915527344,30.020000457763672,30.739999771118164,118063448
2024-04-15,31.5,32.880001068115234,31.399999618530273,31.600000381469727,160602044
2024-04-16,31.520000457763672,31.579999923706055,29.8799991607666,30.0,172158966
2024-04-17,30.399999618530273,31.1200008392334,30.299999237060547,30.579999923706055,185929193
2024-04-18,30.799999237060547,31.559999465942383,30.639999389648438,31.1200008392334,138226698
2024-04-19,30.979999542236328,32.439998626708984,30.639999389648438,32.040000915527344,217266439
2024-04-22,32.29999923706055,32.439998626708984,30.5,30.579999923706055,134859695
2024-04-24,30.799999237060547,31.420000076293945,30.780000686645508,31.18000030517578,120942359
2024-04-25,31.239999771118164,31.3799991607666,29.81999969482422,29.940000534057617,105404240
2024-04-26,30.079999923706055,31.420000076293945,30.059999465942383,31.239999771118164,134129973
2024-04-29,31.540000915527344,32.15999984741211,31.399999618530273,31.920000076293945,138200463
2024-04-30,31.899999618530273,32.7599983215332,31.719999313354492,32.279998779296875,146533100
2024-05-02,31.920000076293945,32.18000030517578,30.940000534057617,31.219999313354492,178878761
2024-05-03,31.420000076293945,31.559999465942383,30.81999969482422,30.959999084472656,137187409
2024-05-06,31.0,31.399999618530273,30.81999969482422,30.81999969482422,121137066
2024-05-07,30.920000076293945,31.920000076293945,30.65999984741211,31.719999313354492,187486434
2024-05-08,31.81999969482422,32.08000183105469,31.3799991607666,31.540000915527344,117683796
2024-05-09,31.780000686645508,32.279998779296875,31.559999465942383,31.860000610351562,139834385
2024-05-10,31.860000610351562,32.400001525878906,30.959999084472656,31.020000457763672,146289169
2024-05-13,31.15999984741211,31.399999618530273,30.440000534057617,30.68000030517578,101838604
2024-05-14,31.299999237060547,31.860000610351562,30.899999618530273,31.860000610351562,144364312
2024-05-15,31.719999313354492,32.18000030517578,31.280000686645508,31.979999542236328,118057962
2024-05-16,32.0,32.7400016784668,31.860000610351562,32.52000045776367,152206916
2024-05-17,32.70000076293945,34.13999938964844,32.5,33.900001525878906,172195989
2024-05-20,33.86000061035156,34.779998779296875,33.779998779296875,34.52000045776367,140009832
2024-05-21,34.540000915527344,37.959999084472656,34.459999084472656,37.959999084472656,313485965
2024-05-22,38.5,39.459999084472656,36.86000061035156,37.779998779296875,344266980
2024-05-23,37.81999969482422,38.279998779296875,36.02000045776367,36.02000045776367,239113602
2024-05-24,36.099998474121094,36.58000183105469,35.15999984741211,35.29999923706055,216088043
2024-05-27,35.400001525878906,35.720001220703125,34.2400016784668,34.5,159796359
2024-05-28,34.619998931884766,35.459999084472656,34.599998474121094,35.08000183105469,148370477
2024-05-29,35.18000030517578,35.400001525878906,34.31999969482422,34.41999816894531,118816306
2024-05-30,34.52000045776367,34.91999816894531,33.939998626708984,34.220001220703125,124288726
2024-05-31,34.279998779296875,35.220001220703125,32.31999969482422,32.31999969482422,323107325
2024-06-03,32.41999816894531,33.119998931884766,31.68000030517578,32.880001068115234,153238592
2024-06-04,32.880001068115234,33.15999984741211,31.34000015258789,31.399999618530273,137606373
2024-06-05,31.6200008392334,32.29999923706055,31.219999313354492,31.979999542236328,144523195
2024-06-06,32.08000183105469,32.560001373291016,31.760000228881836,32.060001373291016,72313728
2024-06-07,32.2599983215332,32.400001525878906,31.079999923706055,31.440000534057617,79570691
2024-06-10,31.420000076293945,31.860000610351562,30.940000534057617,31.739999771118164,75018044
2024-06-11,31.600000381469727,33.459999084472656,31.540000915527344,33.18000030517578,136427504
2024-06-12,33.099998474121094,33.68000030517578,32.79999923706055,32.880001068115234,113976424
2024-06-13,33.34000015258789,33.81999969482422,32.86000061035156,32.959999084472656,94451482
2024-06-14,33.5,33.70000076293945,32.47999954223633,32.58000183105469,96075882
2024-06-20,33.02000045776367,33.47999954223633,32.70000076293945,33.439998626708984,90445564
2024-06-21,33.439998626708984,34.400001525878906,33.34000015258789,34.060001373291016,145648531
2024-06-24,34.099998474121094,34.439998626708984,33.86000061035156,34.220001220703125,98482785
2024-06-25,34.31999969482422,34.540000915527344,33.439998626708984,33.58000183105469,122847720
2024-06-26,33.58000183105469,34.29999923706055,33.18000030517578,33.18000030517578,118577036
2024-06-27,33.41999816894531,34.599998474121094,33.2599983215332,34.560001373291016,132955412
2024-06-28,34.720001220703125,34.97999954223633,33.439998626708984,33.79999923706055,129651425
2024-07-01,34.0,34.060001373291016,32.0,32.619998931884766,92116535
2024-07-02,32.58000183105469,32.880001068115234,32.279998779296875,32.7400016784668,89232111
2024-07-03,32.880001068115234,33.880001068115234,32.7400016784668,33.79999923706055,129520281
2024-07-04,33.880001068115234,34.560001373291016,33.15999984741211,34.36000061035156,137218138
2024-07-05,34.36000061035156,34.540000915527344,32.65999984741211,33.220001220703125,149601815
2024-07-08,33.34000015258789,33.619998931884766,32.779998779296875,33.060001373291016,105516188
2024-07-09,33.099998474121094,33.18000030517578,31.260000228881836,31.260000228881836,184336443
2024-07-10,31.299999237060547,31.440000534057617,30.299999237060547,30.399999618530273,170802870
2024-07-11,30.719999313354492,31.780000686645508,30.719999313354492,31.780000686645508,171685535
2024-07-12,31.639999389648438,32.220001220703125,31.459999084472656,31.780000686645508,134169466
2024-07-16,31.920000076293945,32.779998779296875,31.8799991607666,32.560001373291016,156003707
2024-07-17,32.5,32.540000915527344,31.84000015258789,32.13999938964844,99863294
2024-07-18,32.41999816894531,32.7599983215332,32.040000915527344,32.20000076293945,112149241
2024-07-19,32.02000045776367,32.63999938964844,31.979999542236328,32.2599983215332,107776658
2024-07-22,32.400001525878906,32.58000183105469,31.899999618530273,31.899999618530273,95280216
2024-07-23,31.8799991607666,32.0,30.639999389648438,31.079999923706055,142665093
2024-07-24,31.040000915527344,31.040000915527344,30.399999618530273,30.399999618530273,92067105
2024-07-25,30.299999237060547,30.5,29.81999969482422,29.81999969482422,80837808
2024-07-26,29.860000610351562,30.6200008392334,29.84000015258789,30.34000015258789,78522869
2024-07-29,30.020000457763672,30.68000030517578,29.940000534057617,30.18000030517578,66786970
2024-07-30,30.280000686645508,30.579999923706055,29.6200008392334,29.860000610351562,83207140
2024-07-31,29.579999923706055,30.3799991607666,29.479999542236328,30.200000762939453,90897389
2024-08-01,30.639999389648438,32.31999969482422,30.5,32.0,142753913
2024-08-02,31.600000381469727,32.040000915527344,30.979999542236328,31.200000762939453,70263683
2024-08-05,29.0,29.920000076293945,28.5,29.399999618530273,107036960
2024-08-06,30.15999984741211,30.31999969482422,29.18000030517578,29.200000762939453,98172186
2024-08-07,29.459999084472656,29.84000015258789,28.700000762939453,29.020000457763672,106350792
2024-08-08,28.979999542236328,29.18000030517578,28.5,28.600000381469727,105053743
2024-08-09,28.780000686645508,29.040000915527344,27.239999771118164,27.239999771118164,123253852
2024-08-12,27.479999542236328,27.799999237060547,27.200000762939453,27.200000762939453,95340543
2024-08-13,27.280000686645508,28.299999237060547,27.020000457763672,28.260000228881836,109505556
2024-08-14,28.479999542236328,28.68000030517578,27.899999618530273,27.959999084472656,76926026
2024-08-15,28.139999389648438,28.940000534057617,27.899999618530273,28.899999618530273,74700725
2024-08-16,29.280000686645508,29.559999465942383,28.540000915527344,28.540000915527344,95604308
2024-08-19,28.639999389648438,29.68000030517578,28.399999618530273,29.579999923706055,83540492
2024-08-20,29.420000076293945,30.520000457763672,29.399999618530273,29.920000076293945,112228713
2024-08-21,29.81999969482422,31.31999969482422,29.700000762939453,30.260000228881836,122654936
2024-08-22,30.600000381469727,31.280000686645508,30.280000686645508,31.139999389648438,114986897
2024-08-23,31.059999465942383,31.219999313354492,29.899999618530273,30.100000381469727,85223295
2024-08-26,30.399999618530273,31.68000030517578,29.860000610351562,30.84000015258789,124342085
2024-08-27,30.700000762939453,31.31999969482422,30.420000076293945,31.299999237060547,105887667
2024-08-28,31.299999237060547,31.479999542236328,30.739999771118164,30.940000534057617,78905213
2024-08-29,30.860000610351562,31.739999771118164,30.200000762939453,31.200000762939453,108805930
2024-09-02,31.459999084472656,33.08000183105469,31.3799991607666,33.060001373291016,124389919
2024-09-03,33.02000045776367,33.560001373291016,32.2599983215332,32.540000915527344,168448065
2024-09-04,32.279998779296875,33.0,32.15999984741211,32.91999816894531,102651878
2024-09-05,33.18000030517578,33.29999923706055,31.920000076293945,31.940000534057617,120457000
2024-09-06,31.979999542236328,32.08000183105469,31.15999984741211,31.260000228881836,92641651
2024-09-09,30.799999237060547,30.84000015258789,29.799999237060547,29.860000610351562,83571131
2024-09-10,29.979999542236328,30.1200008392334,29.200000762939453,29.700000762939453,92689419
2024-09-11,29.559999465942383,30.399999618530273,29.18000030517578,29.31999969482422,113341220
2024-09-12,29.899999618530273,30.079999923706055,28.420000076293945,29.520000457763672,165318790
2024-09-13,29.600000381469727,29.65999984741211,28.739999771118164,29.139999389648438,149050463
2024-09-16,29.139999389648438,29.31999969482422,28.399999618530273,28.440000534057617,100073469
2024-09-17,28.559999465942383,28.959999084472656,28.520000457763672,28.860000610351562,116484506
2024-09-18,28.860000610351562,29.3799991607666,28.799999237060547,29.139999389648438,134200081
2024-09-19,29.540000915527344,30.040000915527344,29.420000076293945,29.81999969482422,163714934
2024-09-20,29.81999969482422,29.959999084472656,29.420000076293945,29.459999084472656,115588785
2024-09-23,29.739999771118164,29.940000534057617,29.459999084472656,29.579999923706055,118331466
2024-09-24,29.68000030517578,31.219999313354492,29.540000915527344,30.860000610351562,227604213
2024-09-25,30.84000015258789,31.719999313354492,30.579999923706055,31.079999923706055,152167140
2024-09-26,31.459999084472656,32.119998931884766,30.799999237060547,31.1200008392334,161037461
2024-09-27,31.239999771118164,31.239999771118164,30.520000457763672,30.799999237060547,96462340
2024-09-30,30.559999465942383,30.959999084472656,30.200000762939453,30.920000076293945,85919678
2024-10-01,31.100000381469727,31.34000015258789,28.940000534057617,29.139999389648438,214653721
2024-10-02,29.100000381469727,29.239999771118164,27.15999984741211,27.15999984741211,254999528
2024-10-03,27.280000686645508,27.68000030517578,25.920000076293945,26.31999969482422,200413250
2024-10-04,26.540000915527344,27.420000076293945,25.559999465942383,27.34000015258789,219886655
2024-10-07,27.31999969482422,27.6200008392334,26.700000762939453,26.780000686645508,159510704
2024-10-08,26.760000228881836,27.280000686645508,26.3799991607666,26.739999771118164,207483090
2024-10-09,26.700000762939453,26.760000228881836,25.579999923706055,26.360000610351562,268737230
2024-10-10,26.459999084472656,26.579999923706055,25.8799991607666,25.899999618530273,212789225
2024-10-11,25.959999084472656,26.299999237060547,25.600000381469727,25.68000030517578,194258032
2024-10-14,25.65999984741211,26.0,25.3799991607666,25.440000534057617,138818541
2024-10-15,25.540000915527344,26.899999618530273,25.280000686645508,26.760000228881836,295624585
2024-10-16,26.559999465942383,27.100000381469727,26.079999923706055,27.100000381469727,147935779
2024-10-17,26.899999618530273,27.040000915527344,26.360000610351562,26.540000915527344,161386709
2024-10-18,26.459999084472656,26.65999984741211,25.100000381469727,25.100000381469727,139302058
2024-10-21,25.079999923706055,25.18000030517578,24.079999923706055,24.1200008392334,142908826
2024-10-22,24.18000030517578,24.979999542236328,24.040000915527344,24.540000915527344,178730755
2024-10-23,24.479999542236328,24.780000686645508,23.84000015258789,24.18000030517578,214228767
2024-10-24,24.520000457763672,24.8799991607666,24.420000076293945,24.65999984741211,92663082
2024-10-25,24.5,24.920000076293945,24.420000076293945,24.799999237060547,100988917
2024-10-28,24.81999969482422,25.0,24.719999313354492,24.760000228881836,26245220
2024-10-30,24.780000686645508,25.18000030517578,24.65999984741211,25.020000457763672,123872939
2024-10-31,24.84000015258789,25.18000030517578,24.420000076293945,24.479999542236328,98563002
2024-11-01,24.540000915527344,24.979999542236328,23.899999618530273,24.059999465942383,165520204
2024-11-04,24.0,24.34000015258789,22.940000534057617,23.100000381469727,153883576
2024-11-05,23.299999237060547,23.360000610351562,22.65999984741211,23.040000915527344,115402186
2024-11-06,23.1200008392334,23.799999237060547,22.979999542236328,23.399999618530273,153603096
2024-11-07,23.440000534057617,23.700000762939453,23.200000762939453,23.639999389648438,137923857
2024-11-08,23.639999389648438,25.440000534057617,23.600000381469727,25.34000015258789,264150494
2024-11-11,25.5,26.520000457763672,25.31999969482422,26.34000015258789,277700712
2024-11-12,26.219999313354492,26.6200008392334,25.899999618530273,26.239999771118164,214687936
2024-11-13,26.0,28.299999237060547,25.700000762939453,27.459999084472656,415507455
2024-11-14,27.719999313354492,27.84000015258789,27.15999984741211,27.540000915527344,294966318
2024-11-15,27.579999923706055,28.280000686645508,27.299999237060547,27.420000076293945,263809988
2024-11-18,27.579999923706055,27.739999771118164,27.260000228881836,27.420000076293945,217889532
2024-11-19,27.559999465942383,27.6200008392334,26.420000076293945,26.65999984741211,218084220
2024-11-20,26.799999237060547,27.299999237060547,26.15999984741211,26.260000228881836,250034746
2024-11-21,26.459999084472656,28.219999313354492,26.3799991607666,28.079999923706055,407614823
2024-11-22,27.979999542236328,29.3799991607666,27.719999313354492,29.200000762939453,344597494
2024-11-25,29.540000915527344,29.8799991607666,28.959999084472656,29.31999969482422,244855195
2024-11-26,29.280000686645508,29.760000228881836,28.940000534057617,29.579999923706055,228036705
2024-11-27,30.059999465942383,30.860000610351562,29.65999984741211,30.360000610351562,350575779
2024-11-28,30.360000610351562,30.920000076293945,30.079999923706055,30.920000076293945,246300455
2024-11-29,31.020000457763672,31.440000534057617,29.479999542236328,29.639999389648438,460407775
2024-12-02,28.979999542236328,29.280000686645508,28.639999389648438,29.0,170038170
2024-12-03,29.200000762939453,30.420000076293945,28.920000076293945,30.18000030517578,306907451
2024-12-04,30.239999771118164,30.920000076293945,30.15999984741211,30.3799991607666,230598845
2024-12-05,30.5,30.68000030517578,30.299999237060547,30.5,133016321
2024-12-06,31.5,32.02000045776367,31.239999771118164,31.700000762939453,288486322
2024-12-09,31.959999084472656,32.41999816894531,31.5,32.41999816894531,148458777
2024-12-10,32.31999969482422,32.540000915527344,31.200000762939453,31.239999771118164,161790920
2024-12-11,31.239999771118164,31.3799991607666,30.15999984741211,30.860000610351562,199372992
2024-12-12,31.0,31.1200008392334,30.399999618530273,30.479999542236328,204077621
2024-12-13,30.280000686645508,30.6200008392334,30.020000457763672,30.600000381469727,117405597
2024-12-16,30.700000762939453,30.719999313354492,29.65999984741211,29.65999984741211,99929721
2024-12-17,29.719999313354492,30.0,29.299999237060547,29.540000915527344,145419988
2024-12-18,29.579999923706055,30.079999923706055,29.399999618530273,29.399999618530273,139489523
2024-12-19,29.100000381469727,29.479999542236328,28.920000076293945,29.0,104734417
2024-12-20,29.5,29.5,28.559999465942383,28.600000381469727,123204385
2024-12-23,28.780000686645508,29.040000915527344,28.15999984741211,28.239999771118164,96675269
2024-12-24,28.239999771118164,28.5,27.959999084472656,28.420000076293945,116518592
2024-12-25,29.420000076293945,30.8799991607666,29.360000610351562,30.799999237060547,142589389
2024-12-26,30.959999084472656,31.739999771118164,30.399999618530273,30.65999984741211,208277590
2024-12-27,30.65999984741211,31.200000762939453,30.520000457763672,31.1200008392334,112989771
2024-12-30,31.15999984741211,31.31999969482422,30.760000228881836,30.760000228881836,64381435
2024-12-31,30.780000686645508,31.34000015258789,30.6200008392334,30.6200008392334,110968099
2025-01-02,30.860000610351562,31.979999542236328,30.700000762939453,31.799999237060547,170303817
2025-01-03,31.940000534057617,32.29999923706055,31.540000915527344,32.18000030517578,191332803
2025-01-06,32.279998779296875,32.36000061035156,31.700000762939453,31.920000076293945,150643334
2025-01-07,31.700000762939453,31.920000076293945,31.18000030517578,31.18000030517578,121601133
2025-01-08,31.0,31.260000228881836,30.5,30.579999923706055,146993609
2025-01-09,30.799999237060547,31.280000686645508,30.540000915527344,31.280000686645508,180340411
2025-01-10,31.299999237060547,31.540000915527344,30.5,30.700000762939453,207172797
2025-01-13,30.579999923706055,31.1200008392334,29.799999237060547,29.860000610351562,186367189
2025-01-14,30.100000381469727,30.31999969482422,29.739999771118164,30.079999923706055,149079733
2025-01-15,30.079999923706055,30.239999771118164,29.479999542236328,29.780000686645508,218646548
2025-01-16,30.31999969482422,30.979999542236328,29.81999969482422,30.899999618530273,274345540
2025-01-17,30.940000534057617,31.700000762939453,30.920000076293945,31.700000762939453,212881147
2025-01-20,32.0,32.18000030517578,31.15999984741211,31.979999542236328,223400719
2025-01-21,31.899999618530273,32.880001068115234,31.860000610351562,32.58000183105469,315832844
2025-01-22,32.720001220703125,33.400001525878906,32.52000045776367,33.31999969482422,258464821
2025-01-23,33.41999816894531,33.58000183105469,32.459999084472656,33.0,309662046
2025-01-24,33.040000915527344,33.220001220703125,32.380001068115234,32.459999084472656,132101107
2025-01-27,31.940000534057617,32.540000915527344,31.84000015258789,32.400001525878906,139282302
2025-01-28,32.65999984741211,33.0,32.31999969482422,32.84000015258789,189835574
2025-01-29,32.900001525878906,32.91999816894531,32.29999923706055,32.400001525878906,124564235
2025-01-30,32.459999084472656,32.65999984741211,31.940000534057617,31.979999542236328,130750634
2025-01-31,31.940000534057617,32.20000076293945,30.719999313354492,30.719999313354492,252534592
2025-02-03,30.280000686645508,30.3799991607666,28.959999084472656,29.1200008392334,360806402
2025-02-04,29.360000610351562,30.18000030517578,29.139999389648438,29.700000762939453,250283163
2025-02-05,29.700000762939453,29.920000076293945,28.760000228881836,29.100000381469727,202623534
2025-02-06,29.31999969482422,29.540000915527344,29.059999465942383,29.5,149199635
2025-02-07,29.479999542236328,29.520000457763672,28.920000076293945,29.059999465942383,188203151
2025-02-10,29.100000381469727,29.139999389648438,28.719999313354492,28.799999237060547,143348909
2025-02-11,28.799999237060547,29.059999465942383,28.6200008392334,28.700000762939453,185304849
2025-02-12,28.780000686645508,29.100000381469727,28.059999465942383,28.280000686645508,254266811
2025-02-13,28.6200008392334,29.020000457763672,28.399999618530273,28.65999984741211,265321873
2025-02-14,28.760000228881836,28.940000534057617,28.420000076293945,28.700000762939453,281996108
2025-02-17,28.760000228881836,28.920000076293945,28.3799991607666,28.719999313354492,200329403
2025-02-18,28.739999771118164,28.959999084472656,28.239999771118164,28.559999465942383,195263313
2025-02-19,28.600000381469727,28.8799991607666,28.139999389648438,28.219999313354492,257029462
2025-02-20,28.31999969482422,28.81999969482422,28.299999237060547,28.420000076293945,279132015
2025-02-21,28.479999542236328,28.81999969482422,27.719999313354492,28.100000381469727,300258581
2025-02-24,28.479999542236328,28.700000762939453,28.040000915527344,28.31999969482422,211982771
2025-02-25,28.31999969482422,28.719999313354492,28.260000228881836,28.399999618530273,223692568
2025-02-26,28.459999084472656,29.3799991607666,28.18000030517578,29.280000686645508,293401039
2025-02-27,29.200000762939453,29.81999969482422,29.079999923706055,29.540000915527344,235241293
2025-02-28,29.399999618530273,29.940000534057617,29.200000762939453,29.399999618530273,179126289
2025-03-03,29.920000076293945,31.959999084472656,29.899999618530273,31.15999984741211,441305255
2025-03-04,31.239999771118164,31.719999313354492,31.0,31.219999313354492,207627916
2025-03-05,31.600000381469727,31.81999969482422,30.940000534057617,31.479999542236328,294536090
2025-03-06,31.700000762939453,31.780000686645508,30.899999618530273,31.579999923706055,310405189
2025-03-07,31.600000381469727,31.799999237060547,31.34000015258789,31.719999313354492,284078942
2025-03-10,31.739999771118164,32.2400016784668,31.579999923706055,31.899999618530273,254747924
2025-03-11,31.979999542236328,32.08000183105469,31.520000457763672,31.559999465942383,222352562
2025-03-12,31.700000762939453,33.36000061035156,31.700000762939453,33.060001373291016,326454619
2025-03-13,33.040000915527344,33.70000076293945,32.939998626708984,33.2599983215332,201540322
2025-03-14,33.31999969482422,34.400001525878906,33.13999938964844,33.959999084472656,199859330
2025-03-17,34.0,34.68000030517578,33.2400016784668,33.58000183105469,254439957
2025-03-18,33.380001068115234,33.560001373291016,32.939998626708984,33.0,113403039
2025-03-19,30.600000381469727,31.040000915527344,29.700000762939453,29.700000762939453,337558898
2025-03-20,28.84000015258789,29.440000534057617,26.739999771118164,26.739999771118164,1023118425
2025-03-21,26.559999465942383,26.780000686645508,24.079999923706055,24.079999923706055,470599898
2025-03-24,24.600000381469727,25.040000915527344,22.479999542236328,24.200000762939453,600815444
2025-03-25,24.8799991607666,25.860000610351562,24.299999237060547,25.520000457763672,521320169
2025-03-26,25.139999389648438,25.5,24.399999618530273,24.799999237060547,297254794
2025-03-27,25.100000381469727,25.200000762939453,24.139999389648438,24.299999237060547,302423595
2025-03-28,24.260000228881836,24.399999618530273,23.65999984741211,24.040000915527344,248507137
2025-04-02,24.0,24.479999542236328,23.719999313354492,24.15999984741211,229252566
2025-04-03,24.31999969482422,24.799999237060547,23.959999084472656,23.959999084472656,168374518
2025-04-04,23.979999542236328,24.6200008392334,23.760000228881836,24.020000457763672,318138340
2025-04-07,23.420000076293945,24.5,23.280000686645508,24.5,330593137
2025-04-08,25.0,25.040000915527344,24.15999984741211,24.219999313354492,257188311
2025-04-09,23.959999084472656,24.15999984741211,23.299999237060547,23.31999969482422,223913417
2025-04-10,24.200000762939453,24.299999237060547,23.079999923706055,23.079999923706055,203238383
2025-04-11,23.139999389648438,23.520000457763672,22.579999923706055,23.520000457763672,213516644
2025-04-14,23.84000015258789,23.979999542236328,23.600000381469727,23.68000030517578,105618950
2025-04-15,23.700000762939453,24.059999465942383,23.559999465942383,23.559999465942383,138373232
2025-04-16,23.459999084472656,23.700000762939453,23.0,23.139999389648438,202818471
2025-04-17,23.219999313354492,23.6200008392334,22.799999237060547,22.979999542236328,330729226
2025-04-18,23.079999923706055,23.1200008392334,22.040000915527344,22.15999984741211,182736429
2025-04-21,22.260000228881836,24.139999389648438,21.920000076293945,23.6200008392334,409328688
2025-04-22,23.979999542236328,24.040000915527344,23.34000015258789,23.399999618530273,170665104
2025-04-24,23.360000610351562,24.34000015258789,23.260000228881836,24.299999237060547,242486263
2025-04-25,24.280000686645508,24.3799991607666,23.459999084472656,23.520000457763672,182558151
2025-04-28,23.700000762939453,24.0,22.559999465942383,22.559999465942383,292411915
2025-04-29,22.600000381469727,22.920000076293945,22.5,22.739999771118164,190253104
2025-04-30,22.780000686645508,22.920000076293945,22.3799991607666,22.760000228881836,165911569
2025-05-02,22.920000076293945,23.31999969482422,22.739999771118164,23.079999923706055,182278289
2025-05-05,23.260000228881836,23.459999084472656,22.520000457763672,22.520000457763672,130355323
2025-05-06,22.559999465942383,23.719999313354492,22.520000457763672,23.219999313354492,285104719
2025-05-07,23.260000228881836,23.8799991607666,23.1200008392334,23.6200008392334,242463868
2025-05-08,23.780000686645508,23.899999618530273,23.479999542236328,23.65999984741211,90327081
2025-05-09,23.81999969482422,24.31999969482422,23.34000015258789,24.18000030517578,364359068
2025-05-12,24.739999771118164,25.15999984741211,24.520000457763672,25.0,434989920
2025-05-13,24.860000610351562,25.739999771118164,24.639999389648438,25.540000915527344,471315306
2025-05-14,25.479999542236328,25.959999084472656,25.31999969482422,25.6200008392334,338508509
2025-05-15,25.739999771118164,25.8799991607666,25.139999389648438,25.239999771118164,245440302
2025-05-16,25.299999237060547,26.860000610351562,25.239999771118164,26.68000030517578,436596115
2025-05-20,26.559999465942383,27.34000015258789,26.479999542236328,27.0,357655553
2025-05-21,26.84000015258789,27.299999237060547,26.559999465942383,26.600000381469727,250955081
2025-05-22,26.799999237060547,27.459999084472656,26.600000381469727,26.81999969482422,354408031
2025-05-23,26.780000686645508,27.200000762939453,26.3799991607666,26.420000076293945,233782193
2025-05-26,26.700000762939453,26.799999237060547,25.479999542236328,25.940000534057617,274304505
2025-05-27,25.959999084472656,26.31999969482422,25.3799991607666,25.459999084472656,203943438
2025-05-28,25.479999542236328,25.700000762939453,25.31999969482422,25.600000381469727,180531586
2025-05-29,25.860000610351562,26.139999389648438,25.700000762939453,25.959999084472656,198929561
2025-05-30,25.920000076293945,26.100000381469727,25.399999618530273,25.459999084472656,190542244
2025-06-02,25.479999542236328,25.940000534057617,25.3799991607666,25.8799991607666,249271410
2025-06-03,26.31999969482422,27.600000381469727,26.200000762939453,27.360000610351562,326675414
2025-06-04,27.219999313354492,27.579999923706055,27.200000762939453,27.579999923706055,166142571
2025-06-05,27.440000534057617,27.520000457763672,27.260000228881836,27.3799991607666,53330877
2025-06-10,27.700000762939453,28.739999771118164,27.559999465942383,28.479999542236328,310741826
2025-06-11,28.399999618530273,28.68000030517578,28.18000030517578,28.3799991607666,210283168
2025-06-12,27.959999084472656,28.440000534057617,27.559999465942383,27.65999984741211,196682136
2025-06-13,26.0,27.5,25.899999618530273,27.5,245641643
2025-06-16,27.600000381469727,28.280000686645508,27.1200008392334,27.8799991607666,257450767
2025-06-17,27.8799991607666,28.079999923706055,27.139999389648438,27.139999389648438,186600017
2025-06-18,27.100000381469727,27.559999465942383,26.940000534057617,27.059999465942383,167643555
2025-06-19,27.34000015258789,27.559999465942383,26.399999618530273,26.420000076293945,230537874
2025-06-20,26.799999237060547,27.280000686645508,26.65999984741211,26.84000015258789,142029294
2025-06-23,26.5,27.34000015258789,26.399999618530273,26.959999084472656,150263290
2025-06-24,28.399999618530273,28.479999542236328,27.579999923706055,28.059999465942383,226995169
2025-06-25,28.1200008392334,28.1200008392334,27.760000228881836,28.0,137973190
2025-06-26,27.860000610351562,28.299999237060547,27.719999313354492,27.739999771118164,209991643
2025-06-27,27.84000015258789,28.959999084472656,27.559999465942383,28.81999969482422,280039530
2025-06-30,29.139999389648438,31.700000762939453,28.979999542236328,31.700000762939453,351890889
2025-07-01,32.02000045776367,32.2400016784668,31.479999542236328,32.0,284641088
2025-07-02,32.02000045776367,32.84000015258789,31.719999313354492,32.29999923706055,256051845
2025-07-03,32.939998626708984,33.2599983215332,31.700000762939453,31.8799991607666,233134122
2025-07-04,31.84000015258789,32.20000076293945,31.520000457763672,32.08000183105469,151536514
2025-07-07,31.639999389648438,32.2599983215332,31.559999465942383,31.920000076293945,156520074
2025-07-08,32.220001220703125,32.5,31.719999313354492,32.34000015258789,207380061
2025-07-09,32.18000030517578,33.70000076293945,31.860000610351562,33.70000076293945,237884004
2025-07-10,34.0,34.65999984741211,33.97999954223633,34.2599983215332,196443073
2025-07-11,34.720001220703125,34.86000061035156,33.68000030517578,34.220001220703125,180057928
2025-07-14,34.20000076293945,34.20000076293945,32.7599983215332,32.81999969482422,181650550
2025-07-16,32.65999984741211,33.02000045776367,31.360000610351562,31.860000610351562,236172844
2025-07-17,32.20000076293945,33.400001525878906,31.959999084472656,33.29999923706055,246313477
2025-07-18,33.279998779296875,33.36000061035156,32.79999923706055,32.880001068115234,129218675
2025-07-21,33.060001373291016,33.70000076293945,33.060001373291016,33.31999969482422,194853366
2025-07-22,33.34000015258789,33.720001220703125,32.900001525878906,33.18000030517578,193234403
2025-07-23,33.220001220703125,33.2599983215332,32.63999938964844,32.880001068115234,166701526
2025-07-24,33.060001373291016,33.900001525878906,32.619998931884766,33.380001068115234,297957912
2025-07-25,33.400001525878906,33.47999954223633,33.119998931884766,33.29999923706055,109867411
2025-07-28,33.439998626708984,33.47999954223633,32.599998474121094,32.63999938964844,111373329
2025-07-29,32.65999984741211,33.099998474121094,32.63999938964844,32.86000061035156,117599709
2025-07-30,32.86000061035156,33.63999938964844,32.779998779296875,33.560001373291016,163149068
2025-07-31,33.79999923706055,34.040000915527344,33.34000015258789,33.65999984741211,157033648
2025-08-01,33.599998474121094,33.65999984741211,33.08000183105469,33.2599983215332,122452647
2025-08-04,33.5,34.68000030517578,33.5,34.02000045776367,229739745
2025-08-05,34.060001373291016,34.119998931884766,33.31999969482422,33.560001373291016,140770442
2025-08-06,33.599998474121094,33.599998474121094,32.900001525878906,33.08000183105469,156993867
2025-08-07,33.20000076293945,34.31999969482422,33.20000076293945,33.70000076293945,201170746
2025-08-08,33.720001220703125,33.79999923706055,33.2599983215332,33.5,94224745
2025-08-11,33.79999923706055,33.84000015258789,33.439998626708984,33.439998626708984,93705612
2025-08-12,33.439998626708984,33.720001220703125,33.119998931884766,33.119998931884766,108877844
2025-08-13,33.20000076293945,33.70000076293945,33.13999938964844,33.2599983215332,106798287
2025-08-14,33.20000076293945,33.41999816894531,32.720001220703125,32.7599983215332,107221502
2025-08-15,32.7400016784668,33.0,32.58000183105469,32.63999938964844,115872525
2025-08-18,32.70000076293945,32.7599983215332,32.15999984741211,32.36000061035156,93023933
2025-08-19,32.5,32.84000015258789,32.15999984741211,32.380001068115234,101985992
2025-08-20,32.380001068115234,33.31999969482422,32.31999969482422,33.08000183105469,143677729
2025-08-21,33.400001525878906,33.79999923706055,33.18000030517578,33.79999923706055,167489611
2025-08-22,33.81999969482422,34.36000061035156,33.400001525878906,34.2599983215332,170147194
2025-08-25,34.58000183105469,34.779998779296875,33.900001525878906,33.91999816894531,150467196
2025-08-26,33.79999923706055,34.439998626708984,33.619998931884766,34.08000183105469,166109673
2025-08-27,34.15999984741211,34.18000030517578,33.29999923706055,33.31999969482422,111534991
2025-08-28,33.34000015258789,33.720001220703125,33.2400016784668,33.29999923706055,100251344
2025-08-29,33.36000061035156,33.599998474121094,32.68000030517578,32.880001068115234,126982544
2025-09-01,32.91999816894531,33.68000030517578,32.880001068115234,33.41999816894531,166675920
2025-09-02,33.58000183105469,34.099998474121094,30.280000686645508,31.579999923706055,382529287
2025-09-03,31.540000915527344,31.600000381469727,29.239999771118164,29.239999771118164,430939253
2025-09-04,29.459999084472656,30.479999542236328,29.200000762939453,30.219999313354492,329532413
2025-09-05,30.459999084472656,31.420000076293945,29.860000610351562,30.299999237060547,311255647
2025-09-08,29.600000381469727,30.31999969482422,29.520000457763672,30.020000457763672,119805488
2025-09-09,30.219999313354492,30.979999542236328,29.81999969482422,30.84000015258789,210024989
2025-09-10,31.020000457763672,31.639999389648438,30.68000030517578,31.540000915527344,228635491
2025-09-11,31.579999923706055,32.68000030517578,30.8799991607666,31.0,426619277
2025-09-12,31.059999465942383,31.280000686645508,30.31999969482422,31.100000381469727,185326663
2025-09-15,31.059999465942383,33.279998779296875,30.459999084472656,33.02000045776367,392061400
2025-09-16,33.099998474121094,34.099998474121094,32.7400016784668,34.040000915527344,263035946
2025-09-17,34.02000045776367,34.459999084472656,33.880001068115234,34.34000015258789,157022659
2025-09-18,34.47999954223633,34.779998779296875,33.2400016784668,33.52000045776367,198714207
2025-09-19,33.70000076293945,34.84000015258789,33.31999969482422,34.68000030517578,267600963
2025-09-22,35.79999923706055,36.20000076293945,35.5,35.58000183105469,156633383
2025-09-23,35.08000183105469,35.619998931884766,34.619998931884766,34.97999954223633,146951209
2025-09-24,35.0,35.31999969482422,33.400001525878906,34.560001373291016,261017410
2025-09-25,34.7599983215332,34.91999816894531,34.08000183105469,34.540000915527344,146794213
2025-09-26,34.459999084472656,34.68000030517578,33.84000015258789,34.15999984741211,179790596
2025-09-29,33.7599983215332,34.939998626708984,33.7599983215332,34.099998474121094,163457649
2025-09-30,34.279998779296875,34.540000915527344,33.459999084472656,33.939998626708984,200168913
2025-10-01,33.86000061035156,35.79999923706055,33.720001220703125,35.34000015258789,264075646
2025-10-02,35.2400016784668,35.400001525878906,33.81999969482422,34.18000030517578,182310934
2025-10-03,34.400001525878906,34.459999084472656,32.439998626708984,32.439998626708984,270879886
2025-10-06,32.63999938964844,32.63999938964844,31.219999313354492,31.399999618530273,165040278
2025-10-07,31.520000457763672,31.739999771118164,30.940000534057617,31.459999084472656,161300172
2025-10-08,31.459999084472656,32.119998931884766,31.219999313354492,31.399999618530273,156727962
2025-10-09,31.81999969482422,32.099998474121094,30.8799991607666,31.200000762939453,156055473
2025-10-10,31.219999313354492,31.579999923706055,30.719999313354492,30.959999084472656,121580954
2025-10-13,30.15999984741211,30.8799991607666,30.1200008392334,30.280000686645508,107504475
2025-10-14,30.299999237060547,30.440000534057617,28.639999389648438,28.760000228881836,186734504
2025-10-15,28.84000015258789,29.15999984741211,28.059999465942383,28.34000015258789,254012465
2025-10-16,28.18000030517578,29.059999465942383,28.079999923706055,28.420000076293945,196704101
2025-10-17,28.280000686645508,28.559999465942383,27.139999389648438,28.1200008392334,190818947
2025-10-20,28.34000015258789,29.6200008392334,27.579999923706055,29.3799991607666,236288857
2025-10-21,29.3799991607666,30.139999389648438,29.260000228881836,29.739999771118164,154529622
2025-10-22,29.860000610351562,30.559999465942383,29.65999984741211,30.239999771118164,145459880
2025-10-23,30.280000686645508,31.0,29.8799991607666,30.360000610351562,258302504
2025-10-24,31.219999313354492,33.380001068115234,30.8799991607666,32.7599983215332,461229015
2025-10-27,32.58000183105469,32.900001525878906,31.68000030517578,32.040000915527344,166180369
2025-10-28,31.899999618530273,32.380001068115234,31.860000610351562,32.36000061035156,65036598
2025-10-30,32.720001220703125,32.79999923706055,31.8799991607666,32.099998474121094,165516900
2025-10-31,32.18000030517578,33.720001220703125,32.08000183105469,33.599998474121094,235192128
2025-11-03,33.79999923706055,34.599998474121094,33.41999816894531,33.439998626708984,222134201
2025-11-04,33.41999816894531,34.400001525878906,33.119998931884766,33.279998779296875,201107005
2025-11-05,33.29999923706055,34.20000076293945,33.2599983215332,33.97999954223633,184765469
2025-11-06,34.2599983215332,34.560001373291016,33.939998626708984,34.400001525878906,150415405
2025-11-07,34.29999923706055,34.34000015258789,33.02000045776367,33.540000915527344,169002302
2025-11-10,33.70000076293945,33.91999816894531,32.7400016784668,32.939998626708984,145012452
2025-11-11,32.880001068115234,33.119998931884766,31.239999771118164,32.0,209095352
2025-11-12,32.2400016784668,32.400001525878906,31.799999237060547,32.220001220703125,125592135
2025-11-13,32.400001525878906,32.5,31.84000015258789,32.02000045776367,119176817
2025-11-14,31.899999618530273,32.540000915527344,31.559999465942383,31.959999084472656,116433717
2025-11-17,32.20000076293945,32.70000076293945,31.799999237060547,32.099998474121094,156297544
2025-11-18,32.0,32.900001525878906,31.760000228881836,32.439998626708984,178500786
2025-11-19,32.560001373291016,33.97999954223633,32.380001068115234,33.70000076293945,225689276
2025-11-20,33.84000015258789,34.31999969482422,33.58000183105469,34.29999923706055,142328603
2025-11-21,34.02000045776367,34.040000915527344,33.279998779296875,33.70000076293945,192899032
2025-11-24,33.58000183105469,34.619998931884766,33.540000915527344,34.279998779296875,203966628
2025-11-25,34.400001525878906,35.060001373291016,34.18000030517578,34.540000915527344,219000846
2025-11-26,34.58000183105469,34.900001525878906,34.15999984741211,34.70000076293945,180743823
2025-11-27,35.060001373291016,35.439998626708984,34.81999969482422,35.040000915527344,160270810
2025-11-28,34.97999954223633,35.439998626708984,34.86000061035156,35.29999923706055,161387999
2025-12-01,35.2400016784668,37.34000015258789,35.040000915527344,36.900001525878906,229515327
2025-12-02,36.91999816894531,37.040000915527344,36.13999938964844,36.220001220703125,193112574
2025-12-03,36.34000015258789,37.63999938964844,36.0,36.959999084472656,424749028
2025-12-04,36.91999816894531,37.13999938964844,35.08000183105469,35.099998474121094,233054965
2025-12-05,34.97999954223633,35.880001068115234,34.880001068115234,35.86000061035156,321533078
2025-12-08,36.279998779296875,37.31999969482422,36.15999984741211,36.619998931884766,223148632
2025-12-09,36.65999984741211,36.65999984741211,35.900001525878906,36.540000915527344,195907096
2025-12-10,36.619998931884766,36.79999923706055,35.380001068115234,35.959999084472656,241127775
2025-12-11,36.099998474121094,36.560001373291016,35.52000045776367,35.7599983215332,290462583
2025-12-12,35.959999084472656,36.47999954223633,35.63999938964844,36.400001525878906,161170355
2025-12-15,36.47999954223633,37.060001373291016,36.31999969482422,37.0,137285448
2025-12-16,36.97999954223633,36.97999954223633,36.20000076293945,36.68000030517578,131993102
2025-12-17,36.52000045776367,36.7400016784668,36.040000915527344,36.41999816894531,176121542
2025-12-18,36.5,37.119998931884766,36.34000015258789,37.119998931884766,167353609
2025-12-19,37.08000183105469,37.220001220703125,36.58000183105469,36.84000015258789,140551610
2025-12-22,36.900001525878906,37.599998474121094,36.70000076293945,37.2400016784668,154823860
2025-12-23,37.099998474121094,37.560001373291016,36.68000030517578,36.7400016784668,133432430
2025-12-24,36.79999923706055,36.959999084472656,35.939998626708984,35.939998626708984,149373329
2025-12-25,36.099998474121094,36.29999923706055,35.7400016784668,35.7400016784668,60879616
2025-12-26,35.7400016784668,35.959999084472656,34.79999923706055,35.18000030517578,156718682
2025-12-29,35.15999984741211,35.81999969482422,34.91999816894531,35.7400016784668,134644530
2025-12-30,35.7400016784668,35.880001068115234,35.20000076293945,35.779998779296875,100714332
2025-12-31,35.86000061035156,36.560001373291016,35.779998779296875,36.220001220703125,111894838
2026-01-02,36.380001068115234,38.279998779296875,36.380001068115234,38.119998931884766,170314158
2026-01-05,38.5,38.599998474121094,37.720001220703125,38.2400016784668,186325305
2026-01-06,38.279998779296875,38.91999816894531,37.91999816894531,38.68000030517578,205264335
2026-01-07,38.79999923706055,38.81999969482422,37.540000915527344,37.63999938964844,179799169
2026-01-08,37.560001373291016,38.13999938964844,37.439998626708984,37.619998931884766,168081069
2026-01-09,37.779998779296875,38.380001068115234,37.47999954223633,37.63999938964844,183437049
2026-01-12,37.7599983215332,38.18000030517578,37.15999984741211,37.2599983215332,169064817
2026-01-13,37.279998779296875,37.79999923706055,37.099998474121094,37.540000915527344,204624485
2026-01-14,37.65999984741211,37.68000030517578,37.040000915527344,37.2400016784668,228053902
2026-01-15,37.02000045776367,37.040000915527344,35.959999084472656,36.18000030517578,321172704
2026-01-16,36.2400016784668,36.41999816894531,35.900001525878906,36.20000076293945,279881151
2026-01-19,36.36000061035156,37.81999969482422,36.36000061035156,37.5,276402245
2026-01-20,37.540000915527344,38.13999938964844,36.939998626708984,37.63999938964844,222665342
2026-01-21,37.70000076293945,38.58000183105469,37.619998931884766,38.58000183105469,229883422
2026-01-22,38.7599983215332,38.900001525878906,37.220001220703125,37.900001525878906,338552641
2026-01-23,38.02000045776367,38.86000061035156,37.959999084472656,38.65999984741211,181584757
2026-01-26,38.13999938964844,38.5,37.58000183105469,38.220001220703125,265071554
2026-01-27,38.36000061035156,38.380001068115234,36.84000015258789,36.97999954223633,266767558
2026-01-28,36.959999084472656,38.2599983215332,36.7400016784668,37.79999923706055,315116977
2026-01-29,38.040000915527344,41.439998626708984,37.91999816894531,40.400001525878906,450961518
2026-01-30,40.31999969482422,41.41999816894531,39.65999984741211,41.08000183105469,273721785
2026-02-02,39.939998626708984,41.060001373291016,38.91999816894531,40.31999969482422,318746313
2026-02-03,40.70000076293945,41.08000183105469,39.380001068115234,40.959999084472656,328374540
2026-02-04,41.08000183105469,41.2599983215332,39.34000015258789,39.5,225026838
2026-02-05,39.459999084472656,39.58000183105469,38.20000076293945,38.2599983215332,226573885
2026-02-06,38.279998779296875,38.52000045776367,37.880001068115234,38.2599983215332,186959527
2026-02-09,38.779998779296875,39.84000015258789,38.599998474121094,39.70000076293945,187949673
2026-02-10,39.63999938964844,39.91999816894531,39.2400016784668,39.7599983215332,150732543
2026-02-11,39.5,40.20000076293945,39.08000183105469,39.779998779296875,198042508
2026-02-12,39.97999954223633,42.65999984741211,39.86000061035156,42.619998931884766,318638757
2026-02-13,42.560001373291016,42.79999923706055,41.540000915527344,41.81999969482422,146248147
2026-02-16,42.0,42.63999938964844,41.31999969482422,42.15999984741211,138576756
2026-02-17,42.0,43.15999984741211,41.68000030517578,41.68000030517578,158725953
2026-02-18,41.7400016784668,43.939998626708984,41.720001220703125,43.18000030517578,205607711
2026-02-19,43.31999969482422,43.36000061035156,40.65999984741211,41.15999984741211,227421183
2026-02-20,41.18000030517578,42.0,40.84000015258789,42.0,165291655
2026-02-23,42.5,43.65999984741211,42.439998626708984,43.18000030517578,160162512
2026-02-24,42.900001525878906,43.70000076293945,42.560001373291016,43.02000045776367,174209495
2026-02-25,43.060001373291016,43.5,42.65999984741211,43.20000076293945,163800428
2026-02-26,43.29999923706055,44.29999923706055,42.58000183105469,44.02000045776367,174544651
2026-02-27,44.20000076293945,44.5,42.880001068115234,43.29999923706055,197069782
2026-03-02,40.36000061035156,41.7400016784668,39.52000045776367,39.52000045776367,190972253
2026-03-03,39.279998779296875,39.97999954223633,37.02000045776367,37.08000183105469,243310018
2026-03-04,37.220001220703125,37.58000183105469,36.459999084472656,36.81999969482422,184993729
2026-03-05,37.2400016784668,38.15999984741211,37.099998474121094,37.380001068115234,117683000
2026-03-06,36.900001525878906,37.439998626708984,35.119998931884766,35.36000061035156,145961159
2026-03-09,34.02000045776367,35.2400016784668,33.2599983215332,34.900001525878906,212159667
2026-03-10,36.380001068115234,37.2400016784668,35.63999938964844,37.0,186691324
2026-03-11,36.900001525878906,37.13999938964844,36.02000045776367,36.63999938964844,166908961
2026-03-12,36.29999923706055,36.959999084472656,35.86000061035156,35.86000061035156,229621125
2026-03-13,35.65999984741211,35.779998779296875,34.2599983215332,34.79999923706055,141415199
2026-03-16,35.20000076293945,35.29999923706055,34.52000045776367,34.97999954223633,109037793
2026-03-17,35.220001220703125,36.2599983215332,35.099998474121094,35.97999954223633,154212347
2026-03-18,36.20000076293945,36.459999084472656,35.31999969482422,35.439998626708984,148117136
2026-03-19,34.91999816894531,35.34000015258789,34.779998779296875,34.779998779296875,52223647
2026-03-23,33.599998474121094,34.86000061035156,32.2599983215332,34.79999923706055,307884431
2026-03-24,34.29999923706055,34.84000015258789,33.2599983215332,33.34000015258789,163485999
2026-03-25,34.0,34.65999984741211,33.779998779296875,34.040000915527344,133407932
2026-03-26,33.880001068115234,34.36000061035156,33.119998931884766,33.18000030517578,89374690
2026-03-27,33.34000015258789,33.58000183105469,32.81999969482422,33.18000030517578,96006629
2026-03-30,33.08000183105469,33.400001525878906,32.540000915527344,32.720001220703125,100696788
2026-03-31,32.84000015258789,33.65999984741211,32.84000015258789,33.02000045776367,120740713
2026-04-01,34.400001525878906,34.560001373291016,33.880001068115234,34.2599983215332,137307732
2026-04-02,33.5,34.68000030517578,33.439998626708984,34.619998931884766,130128615
2026-04-03,34.58000183105469,34.97999954223633,34.099998474121094,34.41999816894531,114340454
2026-04-06,34.560001373291016,35.560001373291016,34.52000045776367,35.13999938964844,137588936
2026-04-07,35.02000045776367,35.34000015258789,34.18000030517578,34.34000015258789,133865568
2026-04-08,36.7599983215332,37.7599983215332,36.540000915527344,37.540000915527344,232495949
2026-04-09,37.400001525878906,37.779998779296875,36.959999084472656,37.63999938964844,126504072
2026-04-10,38.0,38.81999969482422,38.0,38.65999984741211,140239623
2026-04-13,37.779998779296875,38.2400016784668,37.15999984741211,38.060001373291016,186876184
2026-04-14,38.68000030517578,39.2599983215332,37.119998931884766,37.68000030517578,369019421
2026-04-15,37.81999969482422,37.97999954223633,37.31999969482422,37.58000183105469,133657024
2026-04-16,37.97999954223633,38.08000183105469,37.2599983215332,37.47999954223633,118009776
2026-04-17,37.5,39.36000061035156,37.13999938964844,39.29999923706055,396574274
2026-04-20,38.400001525878906,39.18000030517578,38.099998474121094,38.720001220703125,208125006
2026-04-21,38.939998626708984,39.220001220703125,38.31999969482422,38.540000915527344,137726376
2026-04-22,38.7400016784668,39.13999938964844,37.81999969482422,37.939998626708984,154038696
2026-04-24,37.7599983215332,37.880001068115234,37.13999938964844,37.63999938964844,140129355
2026-04-27,37.63999938964844,38.13999938964844,37.400001525878906,37.599998474121094,118994240
2026-04-28,37.5,37.70000076293945,36.880001068115234,37.060001373291016,112520252
2026-04-29,37.540000915527344,37.7599983215332,36.52000045776367,36.560001373291016,156123097
2026-04-30,36.279998779296875,37.08000183105469,36.08000183105469,37.040000915527344,151045353
2026-05-04,37.18000030517578,37.29999923706055,35.79999923706055,35.84000015258789,160923325
2026-05-05,35.84000015258789,36.279998779296875,35.720001220703125,36.08000183105469,123304581
2026-05-06,36.79999923706055,38.81999969482422,36.31999969482422,37.7599983215332,363584241
2026-05-07,37.91999816894531,39.0,37.70000076293945,38.65999984741211,175405110
2026-05-08,38.29999923706055,39.63999938964844,38.119998931884766,39.29999923706055,144004040
2026-05-11,38.939998626708984,39.900001525878906,38.70000076293945,39.720001220703125,157392053
2026-05-12,39.599998474121094,39.91999816894531,37.880001068115234,37.880001068115234,130001510
2026-05-13,38.13999938964844,38.29999923706055,37.18000030517578,37.439998626708984,114452933
2026-05-14,37.79999923706055,38.2599983215332,37.279998779296875,37.81999969482422,156665568
2026-05-15,37.31999969482422,37.36000061035156,36.459999084472656,36.81999969482422,139717176
2026-05-18,36.5,37.08000183105469,36.040000915527344,36.34000015258789,183174843
2026-05-20,36.2400016784668,36.36000061035156,35.279998779296875,35.68000030517578,188649338
2026-05-21,35.58000183105469,35.779998779296875,32.119998931884766,32.119998931884766,148761385
2026-05-22,31.979999542236328,33.34000015258789,30.420000076293945,32.86000061035156,454860921
2026-05-25,33.20000076293945,33.58000183105469,32.63999938964844,33.34000015258789,155250706
2026-05-26,33.2400016784668,33.560001373291016,33.0,33.15999984741211,79016540
2026-05-27,33.15999984741211,33.15999984741211,33.15999984741211,33.15999984741211,0
2026-05-28,33.15999984741211,33.15999984741211,33.15999984741211,33.15999984741211,0
2026-05-29,33.15999984741211,33.15999984741211,33.15999984741211,33.15999984741211,0
2026-06-01,33.34000015258789,34.2400016784668,33.20000076293945,33.41999816894531,202246675
2026-06-02,33.939998626708984,35.380001068115234,33.880001068115234,34.97999954223633,214127283
2026-06-03,34.79999923706055,35.560001373291016,34.29999923706055,34.380001068115234,190615910
2026-06-04,34.70000076293945,35.31999969482422,34.279998779296875,35.20000076293945,188412673
2026-06-05,35.380001068115234,35.5,33.599998474121094,33.599998474121094,163122643
2026-06-08,33.099998474121094,35.220001220703125,32.959999084472656,34.939998626708984,211209141
2026-06-09,34.97999954223633,35.65999984741211,34.880001068115234,35.540000915527344,126270321
2026-06-10,35.41999816894531,35.70000076293945,34.58000183105469,34.79999923706055,120223637
2026-06-11,34.900001525878906,35.7400016784668,34.29999923706055,35.02000045776367,171725150
2026-06-12,36.0,38.29999923706055,35.939998626708984,38.099998474121094,261822310
2026-06-15,40.880001068115234,40.91999816894531,39.81999969482422,40.459999084472656,191796943
2026-06-16,40.2400016784668,40.7400016784668,39.91999816894531,40.5,114675627
2026-06-17,40.619998931884766,41.18000030517578,40.279998779296875,40.900001525878906,128840916
2026-06-18,40.91999816894531,42.81999969482422,40.91999816894531,42.70000076293945,159108415
2026-06-19,42.20000076293945,43.7599983215332,42.15999984741211,43.380001068115234,161190035
2026-06-22,43.58000183105469,44.20000076293945,43.47999954223633,43.84000015258789,87100896
2026-06-23,43.47999954223633,43.959999084472656,42.5,42.880001068115234,142444167
2026-06-24,42.880001068115234,43.0,41.7599983215332,42.720001220703125,120872356
2026-06-25,43.459999084472656,43.65999984741211,40.119998931884766,40.5,229428658
2026-06-26,40.5,41.13999938964844,40.2599983215332,40.65999984741211,121592255
2026-06-29,40.7400016784668,40.939998626708984,39.880001068115234,40.08000183105469,128557315
2026-06-30,40.08000183105469,40.540000915527344,39.779998779296875,40.13999938964844,153876471
2026-07-01,40.02000045776367,40.7599983215332,39.560001373291016,40.599998474121094,198637773
2026-07-02,40.70000076293945,41.099998474121094,40.099998474121094,40.5,177435196
2026-07-03,40.900001525878906,40.97999954223633,38.0,38.02000045776367,275143601
2026-07-06,38.119998931884766,38.400001525878906,37.34000015258789,37.459999084472656,189540500
2026-07-07,37.29999923706055,38.18000030517578,37.279998779296875,37.599998474121094,186417614
2026-07-08,37.31999969482422,37.65999984741211,36.20000076293945,36.220001220703125,243657258
2026-07-09,36.5,36.599998474121094,35.63999938964844,35.86000061035156,150059188
2026-07-10,35.86000061035156,36.400001525878906,34.939998626708984,35.13999938964844,296883351
2026-07-13,34.720001220703125,34.779998779296875,33.81999969482422,34.099998474121094,288059515
2026-07-14,34.0,34.380001068115234,33.779998779296875,33.959999084472656,337066313
2026-07-16,34.02000045776367,34.13999938964844,32.959999084472656,33.52000045776367,555856569
2026-07-17,33.380001068115234,33.560001373291016,32.68000030517578,33.220001220703125,279785376
2026-07-20,33.220001220703125,33.63999938964844,32.880001068115234,32.900001525878906,217440166
2026-07-21,33.13999938964844,33.720001220703125,32.79999923706055,32.86000061035156,222413410
2026-07-22,32.959999084472656,33.29999923706055,32.70000076293945,33.13999938964844,227707617
2026-07-23,33.20000076293945,33.459999084472656,32.86000061035156,33.2599983215332,277903303
2026-07-24,33.15999984741211,33.86000061035156,33.060001373291016,33.36000061035156,281126686
2026-07-27,34.0,34.560001373291016,32.86000061035156,32.900001525878906,304490720
2026-07-28,32.939998626708984,33.08000183105469,32.439998626708984,32.7400016784668,255915106
2026-07-29,33.0,33.36000061035156,31.700000762939453,31.84000015258789,309105233
2026-07-30,31.8799991607666,32.060001373291016,30.799999237060547,31.0,272016620
2026-07-31,31.219999313354492,32.79999923706055,31.18000030517578,32.7599983215332,279386134
2026-08-03,33.29999923706055,34.279998779296875,33.08000183105469,34.0,269348588
2026-08-04,33.900001525878906,35.31999969482422,33.5,34.86000061035156,301695236
2026-08-05,34.599998474121094,34.84000015258789,33.86000061035156,34.279998779296875,205267098
2026-08-06,34.36000061035156,34.779998779296875,33.959999084472656,34.040000915527344,175918586
2026-08-07,34.08000183105469,34.5,33.79999923706055,34.02000045776367,159856270
2026-08-10,34.099998474121094,34.41999816894531,33.720001220703125,34.0,161230154
2026-08-11,33.81999969482422,34.540000915527344,33.0,34.060001373291016,187686319
2026-08-12,34.060001373291016,35.779998779296875,34.0,35.70000076293945,273007160
2026-08-13,35.70000076293945,36.060001373291016,34.58000183105469,35.540000915527344,242039476
2026-08-14,35.459999084472656,35.81999969482422,35.119998931884766,35.41999816894531,130193364
2026-08-17,35.41999816894531,35.619998931884766,34.900001525878906,34.91999816894531,156960288
2026-08-18,34.68000030517578,35.400001525878906,34.400001525878906,34.86000061035156,162779521
2026-08-19,34.84000015258789,35.720001220703125,34.70000076293945,35.619998931884766,185316710
2026-08-20,35.7599983215332,35.959999084472656,34.63999938964844,34.79999923706055,179018668
2026-08-21,34.880001068115234,35.58000183105469,34.84000015258789,35.099998474121094,227903244
2026-08-24,36.52000045776367,36.7599983215332,36.099998474121094,36.52000045776367,251344562
2026-08-25,36.380001068115234,36.880001068115234,36.34000015258789,36.65999984741211,170533767
2026-08-26,36.84000015258789,38.02000045776367,36.84000015258789,37.08000183105469,280854549
2026-08-27,37.279998779296875,37.5,36.65999984741211,36.86000061035156,224443328
2026-08-28,36.900001525878906,37.459999084472656,36.63999938964844,37.220001220703125,185014963
2026-08-31,37.36000061035156,37.400001525878906,36.29999923706055,36.52000045776367,237373163
2026-09-01,36.599998474121094,37.36000061035156,36.060001373291016,36.81999969482422,248952295
2026-09-02,36.400001525878906,36.58000183105469,34.84000015258789,36.08000183105469,332754630
2026-09-03,36.2599983215332,36.65999984741211,35.779998779296875,35.900001525878906,263620843
2026-09-04,36.0,36.36000061035156,35.47999954223633,35.900001525878906,214419481
2026-09-08,36.36000061035156,37.619998931884766,36.02000045776367,37.619998931884766,381765420
2026-09-09,37.380001068115234,37.880001068115234,36.47999954223633,36.599998474121094,346032270
2026-09-10,36.79999923706055,36.900001525878906,35.720001220703125,36.20000076293945,219766767
2026-09-11,36.2599983215332,36.91999816894531,36.08000183105469,36.70000076293945,193109298
2026-09-14,36.41999816894531,36.900001525878906,36.29999923706055,36.63999938964844,133804769
2026-09-15,36.7400016784668,36.7599983215332,34.68000030517578,34.68000030517578,230525709
2026-09-16,34.70000076293945,34.7599983215332,31.219999313354492,32.119998931884766,478797152
